Week_Start,Week_End,Week_Number,Year,point_id,latitude,longitude,district,sampling_priority,region_type,Temperature_C,Temperature_Valid,ERA5_Days,temperature_source,study_area,dataset
2017-01-01,2017-01-08,1.0,2017,P147,17.927231643141155,73.94769852026607,Satara,case_study,case_study,20.543596703665628,1,7,ERA5-Land Daily Aggregated,Maharashtra,ERA5-Land Temperature
2017-01-01,2017-01-08,1.0,2017,P061,18.507855650411397,76.91766048140843,Latur,high,priority,21.109642555600203,1,7,ERA5-Land Daily Aggregated,Maharashtra,ERA5-Land Temperature
2017-01-01,2017-01-08,1.0,2017,P062,18.422405896924207,76.3487594508077,Latur,high,priority,20.921154367356053,1,7,ERA5-Land Daily Aggregated,Maharashtra,ERA5-Land Temperature
2017-01-01,2017-01-08,1.0,2017,P063,18.235391198742693,77.05646783810116,Latur,high,priority,20.59479648045135,1,7,ERA5-Land Daily Aggregated,Maharashtra,ERA5-Land Temperature
2017-01-01,2017-01-08,1.0,2017,P064,18.193056493341274,76.77240080549139,Latur,high,priority,20.670875349498885,1,7,ERA5-Land Daily Aggregated,Maharashtra,ERA5-Land Temperature
2017-01-01,2017-01-08,1.0,2017,P065,18.331355512513895,76.44266811899327,Latur,high,priority,20.74339674086798,1,7,ERA5-Land Daily Aggregated,Maharashtra,ERA5-Land Temperature
2017-01-01,2017-01-08,1.0,2017,P066,18.104739537876725,76.5352970251765,Latur,high,priority,20.467296945481053,1,7,ERA5-Land Daily Aggregated,Maharashtra,ERA5-Land Temperature
2017-01-01,2017-01-08,1.0,2017,P067,18.280552974211986,77.0569984711265,Latur,high,priority,20.59479648045135,1,7,ERA5-Land Daily Aggregated,Maharashtra,ERA5-Land Temperature
2017-01-01,2017-01-08,1.0,2017,P068,18.101823285787773,76.86595720469373,Latur,high,priority,20.705078288487073,1,7,ERA5-Land Daily Aggregated,Maharashtra,ERA5-Land Temperature
2017-01-01,2017-01-08,1.0,2017,P069,18.595075667016793,77.20284228928156,Latur,high,priority,21.519531413487073,1,7,ERA5-Land Daily Aggregated,Maharashtra,ERA5-Land Temperature
2017-01-01,2017-01-08,1.0,2017,P070,18.41499041187233,77.15322587185987,Latur,high,priority,21.260370327177498,1,7,ERA5-Land Daily Aggregated,Maharashtra,ERA5-Land Temperature
2017-01-01,2017-01-08,1.0,2017,P071,18.149138807065885,76.63019561379593,Latur,high,priority,20.577113723754906,1,7,ERA5-Land Daily Aggregated,Maharashtra,ERA5-Land Temperature
2017-01-01,2017-01-08,1.0,2017,P072,18.283393421583035,76.77331492120734,Latur,high,priority,20.761346889677498,1,7,ERA5-Land Daily Aggregated,Maharashtra,ERA5-Land Temperature
2017-01-01,2017-01-08,1.0,2017,P073,17.966315663874607,76.86453029235662,Latur,high,priority,21.022472726731053,1,7,ERA5-Land Daily Aggregated,Maharashtra,ERA5-Land Temperature
2017-01-01,2017-01-08,1.0,2017,P074,18.50832831512306,76.870318205524,Latur,high,priority,21.04814236958822,1,7,ERA5-Land Daily Aggregated,Maharashtra,ERA5-Land Temperature
2017-01-01,2017-01-08,1.0,2017,P075,18.41444640154381,77.20053247493588,Latur,high,priority,21.426234817504906,1,7,ERA5-Land Daily Aggregated,Maharashtra,ERA5-Land Temperature
2017-01-01,2017-01-08,1.0,2017,P076,18.377877313804504,76.25376722106614,Latur,high,priority,20.700381487891832,1,7,ERA5-Land Daily Aggregated,Maharashtra,ERA5-Land Temperature
2017-01-01,2017-01-08,1.0,2017,P077,18.059564385104267,76.5349046242838,Latur,high,priority,20.584205427624,1,7,ERA5-Land Daily Aggregated,Maharashtra,ERA5-Land Temperature
2017-01-01,2017-01-08,1.0,2017,P078,18.1008824154655,76.96042326051098,Latur,high,priority,20.739990397862073,1,7,ERA5-Land Daily Aggregated,Maharashtra,ERA5-Land Temperature
2017-01-01,2017-01-08,1.0,2017,P079,18.73508698099394,76.77797468180819,Latur,high,priority,21.032494118100146,1,7,ERA5-Land Daily Aggregated,Maharashtra,ERA5-Land Temperature
2017-01-01,2017-01-08,1.0,2017,P080,18.46791548227568,76.3017694439065,Latur,high,priority,20.921154367356053,1,7,ERA5-Land Daily Aggregated,Maharashtra,ERA5-Land Temperature
2017-01-01,2017-01-08,1.0,2017,P081,18.10355787609756,76.67701617485712,Latur,high,priority,20.577113723754906,1,7,ERA5-Land Daily Aggregated,Maharashtra,ERA5-Land Temperature
2017-01-01,2017-01-08,1.0,2017,P082,18.23907887531389,76.67830931416262,Latur,high,priority,20.70005596705846,1,7,ERA5-Land Daily Aggregated,Maharashtra,ERA5-Land Temperature
2017-01-01,2017-01-08,1.0,2017,P083,18.369289085175563,77.19996171000103,Latur,high,priority,20.952625256493036,1,7,ERA5-Land Daily Aggregated,Maharashtra,ERA5-Land Temperature
2017-01-01,2017-01-08,1.0,2017,P084,18.46362582706226,76.82249880582684,Latur,high,priority,20.74268757048111,1,7,ERA5-Land Daily Aggregated,Maharashtra,ERA5-Land Temperature
2017-01-01,2017-01-08,1.0,2017,P085,18.14788579966987,76.77194597718393,Latur,high,priority,20.670875349498885,1,7,ERA5-Land Daily Aggregated,Maharashtra,ERA5-Land Temperature
2017-01-01,2017-01-08,1.0,2017,P122,17.88145897082753,73.8441448165019,Satara,high,priority,20.983363723754906,1,7,ERA5-Land Daily Aggregated,Maharashtra,ERA5-Land Temperature
2017-01-01,2017-01-08,1.0,2017,P123,17.386414030975025,74.27088970551878,Satara,high,priority,20.234712310064424,1,7,ERA5-Land Daily Aggregated,Maharashtra,ERA5-Land Temperature
2017-01-01,2017-01-08,1.0,2017,P124,17.43262815429294,74.647353771057,Satara,high,priority,21.98380550202876,1,7,ERA5-Land Daily Aggregated,Maharashtra,ERA5-Land Temperature
2017-01-01,2017-01-08,1.0,2017,P125,17.56734651531964,74.31728219287884,Satara,high,priority,21.11918729146322,1,7,ERA5-Land Daily Aggregated,Maharashtra,ERA5-Land Temperature
2017-01-01,2017-01-08,1.0,2017,P126,17.205080227535593,74.13053949986157,Satara,high,priority,20.452125349499,1,7,ERA5-Land Daily Aggregated,Maharashtra,ERA5-Land Temperature
2017-01-01,2017-01-08,1.0,2017,P127,17.65773249367299,74.31694330119876,Satara,high,priority,21.06120970589774,1,7,ERA5-Land Daily Aggregated,Maharashtra,ERA5-Land Temperature
2017-01-01,2017-01-08,1.0,2017,P128,18.019949731345452,74.5517328080669,Satara,high,priority,21.929245885213277,1,7,ERA5-Land Daily Aggregated,Maharashtra,ERA5-Land Temperature
2017-01-01,2017-01-08,1.0,2017,P129,18.063234225271252,74.03192648006461,Satara,high,priority,21.447509929112073,1,7,ERA5-Land Daily Aggregated,Maharashtra,ERA5-Land Temperature
2017-01-01,2017-01-08,1.0,2017,P130,17.61135784271715,74.03436560834085,Satara,high,priority,21.297909854707257,1,7,ERA5-Land Daily Aggregated,Maharashtra,ERA5-Land Temperature
2017-01-01,2017-01-08,1.0,2017,P131,17.612539504496315,74.3171127470388,Satara,high,priority,21.06120970589774,1,7,ERA5-Land Daily Aggregated,Maharashtra,ERA5-Land Temperature
2017-01-01,2017-01-08,1.0,2017,P132,17.702176353872684,74.12817617630324,Satara,high,priority,20.635974865868036,1,7,ERA5-Land Daily Aggregated,Maharashtra,ERA5-Land Temperature
2017-01-01,2017-01-08,1.0,2017,P133,17.25006363896275,74.08329532420031,Satara,high,priority,20.97154034205846,1,7,ERA5-Land Daily Aggregated,Maharashtra,ERA5-Land Temperature
2017-01-01,2017-01-08,1.0,2017,P134,17.476429903940936,74.17634784498362,Satara,high,priority,20.047130929856053,1,7,ERA5-Land Daily Aggregated,Maharashtra,ERA5-Land Temperature
2017-01-01,2017-01-08,1.0,2017,P135,17.882716437324603,74.0801070669471,Satara,high,priority,20.315615862891775,1,7,ERA5-Land Daily Aggregated,Maharashtra,ERA5-Land Temperature
2017-01-01,2017-01-08,1.0,2017,P136,17.928520323345598,74.22149178404871,Satara,high,priority,21.953357678368036,1,7,ERA5-Land Daily Aggregated,Maharashtra,ERA5-Land Temperature
2017-01-01,2017-01-08,1.0,2017,P137,17.746687100588183,73.98648378122894,Satara,high,priority,21.18376829964774,1,7,ERA5-Land Daily Aggregated,Maharashtra,ERA5-Land Temperature
2017-01-01,2017-01-08,1.0,2017,P138,17.61269557303319,74.36423652697161,Satara,high,priority,21.06120970589774,1,7,ERA5-Land Daily Aggregated,Maharashtra,ERA5-Land Temperature
2017-01-01,2017-01-08,1.0,2017,P139,17.656773786946495,74.08126197411994,Satara,high,priority,21.297909854707257,1,7,ERA5-Land Daily Aggregated,Maharashtra,ERA5-Land Temperature
2017-01-01,2017-01-08,1.0,2017,P140,17.97464080554139,74.50462240543725,Satara,high,priority,22.208042853219183,1,7,ERA5-Land Daily Aggregated,Maharashtra,ERA5-Land Temperature
2017-01-01,2017-01-08,1.0,2017,P141,17.430826677467348,74.08239904488856,Satara,high,priority,20.458031227475146,1,7,ERA5-Land Daily Aggregated,Maharashtra,ERA5-Land Temperature
2017-01-01,2017-01-08,1.0,2017,P142,18.064447100757786,74.31538707493111,Satara,high,priority,22.06699932643346,1,7,ERA5-Land Daily Aggregated,Maharashtra,ERA5-Land Temperature
2017-01-01,2017-01-08,1.0,2017,P143,17.70379500755509,74.6468275971327,Satara,high,priority,22.22893431527274,1,7,ERA5-Land Daily Aggregated,Maharashtra,ERA5-Land Temperature
2017-01-01,2017-01-08,1.0,2017,P144,17.929452275465767,74.50474726026674,Satara,high,priority,22.208042853219183,1,7,ERA5-Land Daily Aggregated,Maharashtra,ERA5-Land Temperature
2017-01-01,2017-01-08,1.0,2017,P145,17.47773196144854,74.60017202281048,Satara,high,priority,21.937976818993036,1,7,ERA5-Land Daily Aggregated,Maharashtra,ERA5-Land Temperature
2017-01-01,2017-01-08,1.0,2017,P146,17.839182233739812,74.55218763637436,Satara,high,priority,22.068603679112073,1,7,ERA5-Land Daily Aggregated,Maharashtra,ERA5-Land Temperature
2017-01-01,2017-01-08,1.0,2017,P001,19.940457800458272,74.57045211428928,Ahmednagar,normal,statewide,19.68054796854659,1,7,ERA5-Land Daily Aggregated,Maharashtra,ERA5-Land Temperature
2017-01-01,2017-01-08,1.0,2017,P002,18.946729294293643,74.76302285238339,Ahmednagar,normal,statewide,21.50301123119533,1,7,ERA5-Land Daily Aggregated,Maharashtra,ERA5-Land Temperature
2017-01-01,2017-01-08,1.0,2017,P003,18.49469238410162,74.66892244285252,Ahmednagar,normal,statewide,21.817813128516775,1,7,ERA5-Land Daily Aggregated,Maharashtra,ERA5-Land Temperature
2017-01-01,2017-01-08,1.0,2017,P004,19.03720445466806,75.1420731965326,Ahmednagar,normal,statewide,20.238467425391832,1,7,ERA5-Land Daily Aggregated,Maharashtra,ERA5-Land Temperature
2017-01-01,2017-01-08,1.0,2017,P005,20.832153156317954,77.06560453615967,Akola,normal,statewide,19.90623853774298,1,7,ERA5-Land Daily Aggregated,Maharashtra,ERA5-Land Temperature
2017-01-01,2017-01-08,1.0,2017,P006,20.834360411339407,76.87349308547405,Akola,normal,statewide,19.73863018580846,1,7,ERA5-Land Daily Aggregated,Maharashtra,ERA5-Land Temperature
2017-01-01,2017-01-08,1.0,2017,P007,21.014976299509232,76.87574047240498,Akola,normal,statewide,20.126092983427554,1,7,ERA5-Land Daily Aggregated,Maharashtra,ERA5-Land Temperature
2017-01-01,2017-01-08,1.0,2017,P008,20.828434266039377,77.35372489162701,Akola,normal,statewide,20.109154274350146,1,7,ERA5-Land Daily Aggregated,Maharashtra,ERA5-Land Temperature
2017-01-01,2017-01-08,1.0,2017,P009,21.360971327549258,77.94039543992572,Amravati,normal,statewide,20.05608275277274,1,7,ERA5-Land Daily Aggregated,Maharashtra,ERA5-Land Temperature
2017-01-01,2017-01-08,1.0,2017,P010,21.178803672212837,78.03301542790685,Amravati,normal,statewide,20.174549084618036,1,7,ERA5-Land Daily Aggregated,Maharashtra,ERA5-Land Temperature
2017-01-01,2017-01-08,1.0,2017,P011,20.814388097721018,78.21764450702477,Amravati,normal,statewide,20.71680866423111,1,7,ERA5-Land Daily Aggregated,Maharashtra,ERA5-Land Temperature
2017-01-01,2017-01-08,1.0,2017,P012,21.180502589714195,77.93681032267875,Amravati,normal,statewide,20.24207140604659,1,7,ERA5-Land Daily Aggregated,Maharashtra,ERA5-Land Temperature
2017-01-01,2017-01-08,1.0,2017,P013,20.031289688916964,74.8570519162974,Aurangabad,normal,statewide,20.017717797415628,1,7,ERA5-Land Daily Aggregated,Maharashtra,ERA5-Land Temperature
2017-01-01,2017-01-08,1.0,2017,P014,19.760185263069562,75.14270192978114,Aurangabad,normal,statewide,20.501825405302554,1,7,ERA5-Land Daily Aggregated,Maharashtra,ERA5-Land Temperature
2017-01-01,2017-01-08,1.0,2017,P015,19.9408189876436,74.76157364454102,Aurangabad,normal,statewide,19.91212116423111,1,7,ERA5-Land Daily Aggregated,Maharashtra,ERA5-Land Temperature
2017-01-01,2017-01-08,1.0,2017,P016,19.66981712112043,75.14262166596218,Aurangabad,normal,statewide,20.561046945481053,1,7,ERA5-Land Daily Aggregated,Maharashtra,ERA5-Land Temperature
2017-01-01,2017-01-08,1.0,2017,P017,21.04613203856966,79.85576216552393,Bhandara,normal,statewide,20.510498210362073,1,7,ERA5-Land Daily Aggregated,Maharashtra,ERA5-Land Temperature
2017-01-01,2017-01-08,1.0,2017,P018,21.31897105472685,79.76852877161537,Bhandara,normal,statewide,20.610537737891832,1,7,ERA5-Land Daily Aggregated,Maharashtra,ERA5-Land Temperature
2017-01-01,2017-01-08,1.0,2017,P019,21.40900922319803,79.77144948280537,Bhandara,normal,statewide,20.39005550202876,1,7,ERA5-Land Daily Aggregated,Maharashtra,ERA5-Land Temperature
2017-01-01,2017-01-08,1.0,2017,P020,21.144196588937042,79.57074980349083,Bhandara,normal,statewide,20.560268020629906,1,7,ERA5-Land Daily Aggregated,Maharashtra,ERA5-Land Temperature
2017-01-01,2017-01-08,1.0,2017,P021,18.67502288980403,75.52108340877234,Bid,normal,statewide,20.783040528070387,1,7,ERA5-Land Daily Aggregated,Maharashtra,ERA5-Land Temperature
2017-01-01,2017-01-08,1.0,2017,P022,18.856499384477168,75.04699178476999,Bid,normal,statewide,21.132952172415628,1,7,ERA5-Land Daily Aggregated,Maharashtra,ERA5-Land Temperature
2017-01-01,2017-01-08,1.0,2017,P023,19.126596053486494,75.6175605191647,Bid,normal,statewide,20.710472633725146,1,7,ERA5-Land Daily Aggregated,Maharashtra,ERA5-Land Temperature
2017-01-01,2017-01-08,1.0,2017,P024,18.763955201213946,75.90084720909012,Bid,normal,statewide,20.18059447152274,1,7,ERA5-Land Daily Aggregated,Maharashtra,ERA5-Land Temperature
2017-01-01,2017-01-08,1.0,2017,P025,20.93073496240753,76.20164478885242,Buldana,normal,statewide,19.539399810064424,1,7,ERA5-Land Daily Aggregated,Maharashtra,ERA5-Land Temperature
2017-01-01,2017-01-08,1.0,2017,P026,20.838939908121294,76.39311412898633,Buldana,normal,statewide,19.98485181899298,1,7,ERA5-Land Daily Aggregated,Maharashtra,ERA5-Land Temperature
2017-01-01,2017-01-08,1.0,2017,P027,20.657476790751314,76.48742857536776,Buldana,normal,statewide,20.44383619399298,1,7,ERA5-Land Daily Aggregated,Maharashtra,ERA5-Land Temperature
2017-01-01,2017-01-08,1.0,2017,P028,20.47967013624516,76.10222021266374,Buldana,normal,statewide,20.165097354707257,1,7,ERA5-Land Daily Aggregated,Maharashtra,ERA5-Land Temperature
2017-01-01,2017-01-08,1.0,2017,P029,20.32317798477448,79.92829390325927,Chandrapur,normal,statewide,20.998430688040628,1,7,ERA5-Land Daily Aggregated,Maharashtra,ERA5-Land Temperature
2017-01-01,2017-01-08,1.0,2017,P030,20.60872097983294,79.36304041732026,Chandrapur,normal,statewide,21.21036800202876,1,7,ERA5-Land Daily Aggregated,Maharashtra,ERA5-Land Temperature
2017-01-01,2017-01-08,1.0,2017,P031,20.511160307884595,79.64732594588165,Chandrapur,normal,statewide,21.18168729146322,1,7,ERA5-Land Daily Aggregated,Maharashtra,ERA5-Land Temperature
2017-01-01,2017-01-08,1.0,2017,P032,20.598621115946884,79.74569817422172,Chandrapur,normal,statewide,21.123535319737073,1,7,ERA5-Land Daily Aggregated,Maharashtra,ERA5-Land Temperature
2017-01-01,2017-01-08,1.0,2017,P033,21.38667804512237,75.14422248324037,Dhule,normal,statewide,19.79908405485611,1,7,ERA5-Land Daily Aggregated,Maharashtra,ERA5-Land Temperature
2017-01-01,2017-01-08,1.0,2017,P034,21.025151968113196,74.75989256344387,Dhule,normal,statewide,20.92953652881448,1,7,ERA5-Land Daily Aggregated,Maharashtra,ERA5-Land Temperature
2017-01-01,2017-01-08,1.0,2017,P035,21.477028350667293,74.85568743137505,Dhule,normal,statewide,20.391008813040628,1,7,ERA5-Land Daily Aggregated,Maharashtra,ERA5-Land Temperature
2017-01-01,2017-01-08,1.0,2017,P036,20.933820660336515,74.37533522949364,Dhule,normal,statewide,21.41193515232635,1,7,ERA5-Land Daily Aggregated,Maharashtra,ERA5-Land Temperature
2017-01-01,2017-01-08,1.0,2017,P037,19.963056524597132,79.91698116388667,Garhchiroli,normal,statewide,21.583519508725146,1,7,ERA5-Land Daily Aggregated,Maharashtra,ERA5-Land Temperature
2017-01-01,2017-01-08,1.0,2017,P038,19.062661462582188,79.88977172925856,Garhchiroli,normal,statewide,22.596086938040628,1,7,ERA5-Land Daily Aggregated,Maharashtra,ERA5-Land Temperature
2017-01-01,2017-01-08,1.0,2017,P039,19.510270485428137,79.9981368030594,Garhchiroli,normal,statewide,22.85271361214774,1,7,ERA5-Land Daily Aggregated,Maharashtra,ERA5-Land Temperature
2017-01-01,2017-01-08,1.0,2017,P040,19.870365190999156,80.00935144220881,Garhchiroli,normal,statewide,22.170317313784665,1,7,ERA5-Land Daily Aggregated,Maharashtra,ERA5-Land Temperature
2017-01-01,2017-01-08,1.0,2017,P041,21.127639946725598,80.1465044724107,Gondiya,normal,statewide,20.576695196969183,1,7,ERA5-Land Daily Aggregated,Maharashtra,ERA5-Land Temperature
2017-01-01,2017-01-08,1.0,2017,P042,21.397598383602258,80.15591763473452,Gondiya,normal,statewide,20.31938260396322,1,7,ERA5-Land Daily Aggregated,Maharashtra,ERA5-Land Temperature
2017-01-01,2017-01-08,1.0,2017,P043,21.574548890706154,80.25847249986273,Gondiya,normal,statewide,19.992129534766832,1,7,ERA5-Land Daily Aggregated,Maharashtra,ERA5-Land Temperature
2017-01-01,2017-01-08,1.0,2017,P044,21.211649410572516,80.34153217518526,Gondiya,normal,statewide,20.466878418695387,1,7,ERA5-Land Daily Aggregated,Maharashtra,ERA5-Land Temperature
2017-01-01,2017-01-08,1.0,2017,P045,19.655900266732623,77.2407892392464,Hingoli,normal,statewide,21.301223191760812,1,7,ERA5-Land Daily Aggregated,Maharashtra,ERA5-Land Temperature
2017-01-01,2017-01-08,1.0,2017,P046,19.566758377573187,77.1442675378435,Hingoli,normal,statewide,21.043887347266832,1,7,ERA5-Land Daily Aggregated,Maharashtra,ERA5-Land Temperature
2017-01-01,2017-01-08,1.0,2017,P047,19.47860194974656,76.9526242927685,Hingoli,normal,statewide,21.226539411998885,1,7,ERA5-Land Daily Aggregated,Maharashtra,ERA5-Land Temperature
2017-01-01,2017-01-08,1.0,2017,P048,19.927981235710728,77.14910120338544,Hingoli,normal,statewide,21.14927471705846,1,7,ERA5-Land Daily Aggregated,Maharashtra,ERA5-Land Temperature
2017-01-01,2017-01-08,1.0,2017,P049,21.292738163229433,76.10816865346904,Jalgaon,normal,statewide,20.05672216869533,1,7,ERA5-Land Daily Aggregated,Maharashtra,ERA5-Land Temperature
2017-01-01,2017-01-08,1.0,2017,P050,21.386178625804387,75.43363151891216,Jalgaon,normal,statewide,18.682454590570387,1,7,ERA5-Land Daily Aggregated,Maharashtra,ERA5-Land Temperature
2017-01-01,2017-01-08,1.0,2017,P051,21.112064306745907,76.10682200495089,Jalgaon,normal,statewide,19.562465286254906,1,7,ERA5-Land Daily Aggregated,Maharashtra,ERA5-Land Temperature
2017-01-01,2017-01-08,1.0,2017,P052,20.844437979720194,75.23982115072519,Jalgaon,normal,statewide,19.97837627955846,1,7,ERA5-Land Daily Aggregated,Maharashtra,ERA5-Land Temperature
2017-01-01,2017-01-08,1.0,2017,P053,19.486369703781666,76.00005328932718,Jalna,normal,statewide,20.065301967802554,1,7,ERA5-Land Daily Aggregated,Maharashtra,ERA5-Land Temperature
2017-01-01,2017-01-08,1.0,2017,P054,20.028502750758555,76.00343774702675,Jalna,normal,statewide,20.48267780485611,1,7,ERA5-Land Daily Aggregated,Maharashtra,ERA5-Land Temperature
2017-01-01,2017-01-08,1.0,2017,P055,19.75743845682064,76.00172991132328,Jalna,normal,statewide,20.348330706641832,1,7,ERA5-Land Daily Aggregated,Maharashtra,ERA5-Land Temperature
2017-01-01,2017-01-08,1.0,2017,P056,19.57768317515413,75.80993951591351,Jalna,normal,statewide,20.1483562832787,1,7,ERA5-Land Daily Aggregated,Maharashtra,ERA5-Land Temperature
2017-01-01,2017-01-08,1.0,2017,P057,16.776377793156257,74.29671235971928,Kolhapur,normal,statewide,21.784703009469183,1,7,ERA5-Land Daily Aggregated,Maharashtra,ERA5-Land Temperature
2017-01-01,2017-01-08,1.0,2017,P058,16.324416687682138,74.29834884980589,Kolhapur,normal,statewide,22.172130929856053,1,7,ERA5-Land Daily Aggregated,Maharashtra,ERA5-Land Temperature
2017-01-01,2017-01-08,1.0,2017,P059,16.595891218916975,74.39111598812178,Kolhapur,normal,statewide,22.09009967985611,1,7,ERA5-Land Daily Aggregated,Maharashtra,ERA5-Land Temperature
2017-01-01,2017-01-08,1.0,2017,P060,16.414811584237594,74.29802779453004,Kolhapur,normal,statewide,22.28907428923111,1,7,ERA5-Land Daily Aggregated,Maharashtra,ERA5-Land Temperature
2017-01-01,2017-01-08,1.0,2017,P086,21.054127206758487,79.56798961993874,Nagpur,normal,statewide,20.523251651582314,1,7,ERA5-Land Daily Aggregated,Maharashtra,ERA5-Land Temperature
2017-01-01,2017-01-08,1.0,2017,P087,21.146765031143822,79.47473643960802,Nagpur,normal,statewide,20.554827172415628,1,7,ERA5-Land Daily Aggregated,Maharashtra,ERA5-Land Temperature
2017-01-01,2017-01-08,1.0,2017,P088,21.347803602138427,78.61442869606356,Nagpur,normal,statewide,19.535179664975146,1,7,ERA5-Land Daily Aggregated,Maharashtra,ERA5-Land Temperature
2017-01-01,2017-01-08,1.0,2017,P089,21.165377318940912,78.70615240473293,Nagpur,normal,statewide,19.881789598010926,1,7,ERA5-Land Daily Aggregated,Maharashtra,ERA5-Land Temperature
2017-01-01,2017-01-08,1.0,2017,P090,19.201968238592887,77.42470040309472,Nanded,normal,statewide,20.85198119027274,1,7,ERA5-Land Daily Aggregated,Maharashtra,ERA5-Land Temperature
2017-01-01,2017-01-08,1.0,2017,P091,18.566038000956755,77.69963965584807,Nanded,normal,statewide,21.800688407534665,1,7,ERA5-Land Daily Aggregated,Maharashtra,ERA5-Land Temperature
2017-01-01,2017-01-08,1.0,2017,P092,19.736596618496833,77.90946265591798,Nanded,normal,statewide,21.158900833129906,1,7,ERA5-Land Daily Aggregated,Maharashtra,ERA5-Land Temperature
2017-01-01,2017-01-08,1.0,2017,P093,18.93564842817583,77.04115528508362,Nanded,normal,statewide,21.085926037743036,1,7,ERA5-Land Daily Aggregated,Maharashtra,ERA5-Land Temperature
2017-01-01,2017-01-08,1.0,2017,P094,21.564917232430716,74.08292967791392,Nandurbar,normal,statewide,20.737746629260812,1,7,ERA5-Land Daily Aggregated,Maharashtra,ERA5-Land Temperature
2017-01-01,2017-01-08,1.0,2017,P095,21.5662594218478,74.37266422796263,Nandurbar,normal,statewide,21.280994397118036,1,7,ERA5-Land Daily Aggregated,Maharashtra,ERA5-Land Temperature
2017-01-01,2017-01-08,1.0,2017,P096,21.385179787168415,74.27697637845674,Nandurbar,normal,statewide,20.944057083129906,1,7,ERA5-Land Daily Aggregated,Maharashtra,ERA5-Land Temperature
2017-01-01,2017-01-08,1.0,2017,P097,21.565421110849755,74.17950488852946,Nandurbar,normal,statewide,20.995803269885812,1,7,ERA5-Land Daily Aggregated,Maharashtra,ERA5-Land Temperature
2017-01-01,2017-01-08,1.0,2017,P098,20.299553667393326,73.99482675929994,Nashik,normal,statewide,19.1190594082787,1,7,ERA5-Land Daily Aggregated,Maharashtra,ERA5-Land Temperature
2017-01-01,2017-01-08,1.0,2017,P099,20.120253214034264,74.28296495117151,Nashik,normal,statewide,19.863955706641775,1,7,ERA5-Land Daily Aggregated,Maharashtra,ERA5-Land Temperature
2017-01-01,2017-01-08,1.0,2017,P100,20.389903972938242,73.99424261706194,Nashik,normal,statewide,19.01514850798111,1,7,ERA5-Land Daily Aggregated,Maharashtra,ERA5-Land Temperature
2017-01-01,2017-01-08,1.0,2017,P101,20.029015547379707,74.09216447619562,Nashik,normal,statewide,19.793027042207257,1,7,ERA5-Land Daily Aggregated,Maharashtra,ERA5-Land Temperature
2017-01-01,2017-01-08,1.0,2017,P102,17.85749130266526,76.36802722645965,Osmanabad,normal,statewide,21.467517834618036,1,7,ERA5-Land Daily Aggregated,Maharashtra,ERA5-Land Temperature
2017-01-01,2017-01-08,1.0,2017,P103,17.76644983645705,76.46164605307673,Osmanabad,normal,statewide,21.791318057832257,1,7,ERA5-Land Daily Aggregated,Maharashtra,ERA5-Land Temperature
2017-01-01,2017-01-08,1.0,2017,P104,17.949094615606196,76.17989775301476,Osmanabad,normal,statewide,21.452997280302554,1,7,ERA5-Land Daily Aggregated,Maharashtra,ERA5-Land Temperature
2017-01-01,2017-01-08,1.0,2017,P105,18.584360447185368,75.61558067829696,Osmanabad,normal,statewide,21.05111856006448,1,7,ERA5-Land Daily Aggregated,Maharashtra,ERA5-Land Temperature
2017-01-01,2017-01-08,1.0,2017,P106,19.031389786894366,76.47235681380711,Parbhani,normal,statewide,20.63331257048111,1,7,ERA5-Land Daily Aggregated,Maharashtra,ERA5-Land Temperature
2017-01-01,2017-01-08,1.0,2017,P107,19.120950831552832,76.56820519095093,Parbhani,normal,statewide,20.38316143580846,1,7,ERA5-Land Daily Aggregated,Maharashtra,ERA5-Land Temperature
2017-01-01,2017-01-08,1.0,2017,P108,19.208625676465683,76.85432786914635,Parbhani,normal,statewide,20.855689802624,1,7,ERA5-Land Daily Aggregated,Maharashtra,ERA5-Land Temperature
2017-01-01,2017-01-08,1.0,2017,P109,19.212081479782103,76.47396209018636,Parbhani,normal,statewide,20.299862979707257,1,7,ERA5-Land Daily Aggregated,Maharashtra,ERA5-Land Temperature
2017-01-01,2017-01-08,1.0,2017,P110,18.133442771357757,75.04679558432363,Pune,normal,statewide,22.438511603219183,1,7,ERA5-Land Daily Aggregated,Maharashtra,ERA5-Land Temperature
2017-01-01,2017-01-08,1.0,2017,P111,18.584645829652782,74.47919215212944,Pune,normal,statewide,21.004417946225203,1,7,ERA5-Land Daily Aggregated,Maharashtra,ERA5-Land Temperature
2017-01-01,2017-01-08,1.0,2017,P112,18.132979024848197,74.57507620208169,Pune,normal,statewide,21.320394043695387,1,7,ERA5-Land Daily Aggregated,Maharashtra,ERA5-Land Temperature
2017-01-01,2017-01-08,1.0,2017,P113,18.314072036830744,74.76389683618987,Pune,normal,statewide,22.184930874052554,1,7,ERA5-Land Daily Aggregated,Maharashtra,ERA5-Land Temperature
2017-01-01,2017-01-08,1.0,2017,P114,18.48503397121986,73.0589238755964,Raigarh,normal,statewide,22.89093905857635,1,7,ERA5-Land Daily Aggregated,Maharashtra,ERA5-Land Temperature
2017-01-01,2017-01-08,1.0,2017,P115,18.665689991299164,73.05687714821288,Raigarh,normal,statewide,22.807838240124,1,7,ERA5-Land Daily Aggregated,Maharashtra,ERA5-Land Temperature
2017-01-01,2017-01-08,1.0,2017,P116,18.306197264370358,73.25009891506079,Raigarh,normal,statewide,22.80744296482635,1,7,ERA5-Land Daily Aggregated,Maharashtra,ERA5-Land Temperature
2017-01-01,2017-01-08,1.0,2017,P117,18.21404102289879,73.06194714611064,Raigarh,normal,statewide,22.935047131493036,1,7,ERA5-Land Daily Aggregated,Maharashtra,ERA5-Land Temperature
2017-01-01,2017-01-08,1.0,2017,P118,17.138719885658215,75.42259970290594,Sangli,normal,statewide,23.269159389677498,1,7,ERA5-Land Daily Aggregated,Maharashtra,ERA5-Land Temperature
2017-01-01,2017-01-08,1.0,2017,P119,17.048761981005992,74.95348443567921,Sangli,normal,statewide,22.7279461270287,1,7,ERA5-Land Daily Aggregated,Maharashtra,ERA5-Land Temperature
2017-01-01,2017-01-08,1.0,2017,P120,16.86707144948229,74.39025538161847,Sangli,normal,statewide,21.65731973193948,1,7,ERA5-Land Daily Aggregated,Maharashtra,ERA5-Land Temperature
2017-01-01,2017-01-08,1.0,2017,P121,17.048503353144895,74.67157114887826,Sangli,normal,statewide,22.377836845034665,1,7,ERA5-Land Daily Aggregated,Maharashtra,ERA5-Land Temperature
2017-01-01,2017-01-08,1.0,2017,P148,17.67852974098626,76.08383979812143,Solapur,normal,statewide,22.82770663670135,1,7,ERA5-Land Daily Aggregated,Maharashtra,ERA5-Land Temperature
2017-01-01,2017-01-08,1.0,2017,P149,18.223365003201543,75.4251413905064,Solapur,normal,statewide,22.66065632048111,1,7,ERA5-Land Daily Aggregated,Maharashtra,ERA5-Land Temperature
2017-01-01,2017-01-08,1.0,2017,P150,17.952532582518405,75.23562067753285,Solapur,normal,statewide,22.693754813784608,1,7,ERA5-Land Daily Aggregated,Maharashtra,ERA5-Land Temperature
2017-01-01,2017-01-08,1.0,2017,P151,18.223690517578447,75.23598186471818,Solapur,normal,statewide,22.508905483427498,1,7,ERA5-Land Daily Aggregated,Maharashtra,ERA5-Land Temperature
2017-01-01,2017-01-08,1.0,2017,P152,19.658178867370932,72.94986318203122,Thane,normal,statewide,22.81902220589774,1,7,ERA5-Land Daily Aggregated,Maharashtra,ERA5-Land Temperature
2017-01-01,2017-01-08,1.0,2017,P153,19.65706409210757,72.8545320606096,Thane,normal,statewide,22.654483050391775,1,7,ERA5-Land Daily Aggregated,Maharashtra,ERA5-Land Temperature
2017-01-01,2017-01-08,1.0,2017,P154,19.477549601897948,72.95214624177059,Thane,normal,statewide,22.51838046482635,1,7,ERA5-Land Daily Aggregated,Maharashtra,ERA5-Land Temperature
2017-01-01,2017-01-08,1.0,2017,P155,19.83987385799569,73.0429959666335,Thane,normal,statewide,22.59330838521322,1,7,ERA5-Land Daily Aggregated,Maharashtra,ERA5-Land Temperature
2017-01-01,2017-01-08,1.0,2017,P156,20.806749657616468,78.60135461177485,Wardha,normal,statewide,20.772588984171534,1,7,ERA5-Land Daily Aggregated,Maharashtra,ERA5-Land Temperature
2017-01-01,2017-01-08,1.0,2017,P157,20.71031267913359,78.88671032458906,Wardha,normal,statewide,21.067766625540628,1,7,ERA5-Land Daily Aggregated,Maharashtra,ERA5-Land Temperature
2017-01-01,2017-01-08,1.0,2017,P158,21.081265295769754,78.41565980750515,Wardha,normal,statewide,20.152157901582314,1,7,ERA5-Land Daily Aggregated,Maharashtra,ERA5-Land Temperature
2017-01-01,2017-01-08,1.0,2017,P159,20.439854822938944,78.87986114537097,Wardha,normal,statewide,21.495512626284665,1,7,ERA5-Land Daily Aggregated,Maharashtra,ERA5-Land Temperature
2017-01-01,2017-01-08,1.0,2017,P160,20.289186257444058,77.15404188735265,Washim,normal,statewide,20.93223370143346,1,7,ERA5-Land Daily Aggregated,Maharashtra,ERA5-Land Temperature
2017-01-01,2017-01-08,1.0,2017,P161,20.464607292886615,77.53975858757677,Washim,normal,statewide,20.859340286254906,1,7,ERA5-Land Daily Aggregated,Maharashtra,ERA5-Land Temperature
2017-01-01,2017-01-08,1.0,2017,P162,20.107393166596125,77.2471479173486,Washim,normal,statewide,21.150774438040628,1,7,ERA5-Land Daily Aggregated,Maharashtra,ERA5-Land Temperature
2017-01-01,2017-01-08,1.0,2017,P163,20.198885002010726,77.1527933390577,Washim,normal,statewide,21.013090751284665,1,7,ERA5-Land Daily Aggregated,Maharashtra,ERA5-Land Temperature
2017-01-01,2017-01-08,1.0,2017,P164,20.182854533723592,78.20447678161395,Yavatmal,normal,statewide,21.2608004797072,1,7,ERA5-Land Daily Aggregated,Maharashtra,ERA5-Land Temperature
2017-01-01,2017-01-08,1.0,2017,P165,19.894658373538324,79.05709703494229,Yavatmal,normal,statewide,21.9152019864037,1,7,ERA5-Land Daily Aggregated,Maharashtra,ERA5-Land Temperature
2017-01-01,2017-01-08,1.0,2017,P166,19.468787468327925,77.71426550730338,Yavatmal,normal,statewide,21.406087403070387,1,7,ERA5-Land Daily Aggregated,Maharashtra,ERA5-Land Temperature
2017-01-01,2017-01-08,1.0,2017,P167,19.559057510053886,77.71577268345945,Yavatmal,normal,statewide,21.0975750332787,1,7,ERA5-Land Daily Aggregated,Maharashtra,ERA5-Land Temperature
2017-01-08,2017-01-15,2.0,2017,P147,17.927231643141155,73.94769852026607,Satara,case_study,case_study,19.588972255161877,1,7,ERA5-Land Daily Aggregated,Maharashtra,ERA5-Land Temperature
2017-01-08,2017-01-15,2.0,2017,P061,18.507855650411397,76.91766048140843,Latur,high,priority,20.87812776111423,1,7,ERA5-Land Daily Aggregated,Maharashtra,ERA5-Land Temperature
2017-01-08,2017-01-15,2.0,2017,P062,18.422405896924207,76.3487594508077,Latur,high,priority,20.53642389206658,1,7,ERA5-Land Daily Aggregated,Maharashtra,ERA5-Land Temperature
2017-01-08,2017-01-15,2.0,2017,P063,18.235391198742693,77.05646783810116,Latur,high,priority,20.542527407691637,1,7,ERA5-Land Daily Aggregated,Maharashtra,ERA5-Land Temperature
2017-01-08,2017-01-15,2.0,2017,P064,18.193056493341274,76.77240080549139,Latur,high,priority,20.505522664388025,1,7,ERA5-Land Daily Aggregated,Maharashtra,ERA5-Land Temperature
2017-01-08,2017-01-15,2.0,2017,P065,18.331355512513895,76.44266811899327,Latur,high,priority,20.445371064685617,1,7,ERA5-Land Daily Aggregated,Maharashtra,ERA5-Land Temperature
2017-01-08,2017-01-15,2.0,2017,P066,18.104739537876725,76.5352970251765,Latur,high,priority,20.27993672688808,1,7,ERA5-Land Daily Aggregated,Maharashtra,ERA5-Land Temperature
2017-01-08,2017-01-15,2.0,2017,P067,18.280552974211986,77.0569984711265,Latur,high,priority,20.542527407691637,1,7,ERA5-Land Daily Aggregated,Maharashtra,ERA5-Land Temperature
2017-01-08,2017-01-15,2.0,2017,P068,18.101823285787773,76.86595720469373,Latur,high,priority,20.64567100888206,1,7,ERA5-Land Daily Aggregated,Maharashtra,ERA5-Land Temperature
2017-01-08,2017-01-15,2.0,2017,P069,18.595075667016793,77.20284228928156,Latur,high,priority,21.22205214727495,1,7,ERA5-Land Daily Aggregated,Maharashtra,ERA5-Land Temperature
2017-01-08,2017-01-15,2.0,2017,P070,18.41499041187233,77.15322587185987,Latur,high,priority,21.052269781203506,1,7,ERA5-Land Daily Aggregated,Maharashtra,ERA5-Land Temperature
2017-01-08,2017-01-15,2.0,2017,P071,18.149138807065885,76.63019561379593,Latur,high,priority,20.368059866768988,1,7,ERA5-Land Daily Aggregated,Maharashtra,ERA5-Land Temperature
2017-01-08,2017-01-15,2.0,2017,P072,18.283393421583035,76.77331492120734,Latur,high,priority,20.60507391066784,1,7,ERA5-Land Daily Aggregated,Maharashtra,ERA5-Land Temperature
2017-01-08,2017-01-15,2.0,2017,P073,17.966315663874607,76.86453029235662,Latur,high,priority,21.028902035667784,1,7,ERA5-Land Daily Aggregated,Maharashtra,ERA5-Land Temperature
2017-01-08,2017-01-15,2.0,2017,P074,18.50832831512306,76.870318205524,Latur,high,priority,20.798061261858265,1,7,ERA5-Land Daily Aggregated,Maharashtra,ERA5-Land Temperature
2017-01-08,2017-01-15,2.0,2017,P075,18.41444640154381,77.20053247493588,Latur,high,priority,21.188209606352302,1,7,ERA5-Land Daily Aggregated,Maharashtra,ERA5-Land Temperature
2017-01-08,2017-01-15,2.0,2017,P076,18.377877313804504,76.25376722106614,Latur,high,priority,20.34091375441784,1,7,ERA5-Land Daily Aggregated,Maharashtra,ERA5-Land Temperature
2017-01-08,2017-01-15,2.0,2017,P077,18.059564385104267,76.5349046242838,Latur,high,priority,20.46540222167971,1,7,ERA5-Land Daily Aggregated,Maharashtra,ERA5-Land Temperature
2017-01-08,2017-01-15,2.0,2017,P078,18.1008824154655,76.96042326051098,Latur,high,priority,20.768287731352302,1,7,ERA5-Land Daily Aggregated,Maharashtra,ERA5-Land Temperature
2017-01-08,2017-01-15,2.0,2017,P079,18.73508698099394,76.77797468180819,Latur,high,priority,20.61667640322736,1,7,ERA5-Land Daily Aggregated,Maharashtra,ERA5-Land Temperature
2017-01-08,2017-01-15,2.0,2017,P080,18.46791548227568,76.3017694439065,Latur,high,priority,20.53642389206658,1,7,ERA5-Land Daily Aggregated,Maharashtra,ERA5-Land Temperature
2017-01-08,2017-01-15,2.0,2017,P081,18.10355787609756,76.67701617485712,Latur,high,priority,20.368059866768988,1,7,ERA5-Land Daily Aggregated,Maharashtra,ERA5-Land Temperature
2017-01-08,2017-01-15,2.0,2017,P082,18.23907887531389,76.67830931416262,Latur,high,priority,20.49511762346549,1,7,ERA5-Land Daily Aggregated,Maharashtra,ERA5-Land Temperature
2017-01-08,2017-01-15,2.0,2017,P083,18.369289085175563,77.19996171000103,Latur,high,priority,20.803397478376155,1,7,ERA5-Land Daily Aggregated,Maharashtra,ERA5-Land Temperature
2017-01-08,2017-01-15,2.0,2017,P084,18.46362582706226,76.82249880582684,Latur,high,priority,20.526809401739285,1,7,ERA5-Land Daily Aggregated,Maharashtra,ERA5-Land Temperature
2017-01-08,2017-01-15,2.0,2017,P085,18.14788579966987,76.77194597718393,Latur,high,priority,20.505522664388025,1,7,ERA5-Land Daily Aggregated,Maharashtra,ERA5-Land Temperature
2017-01-08,2017-01-15,2.0,2017,P122,17.88145897082753,73.8441448165019,Satara,high,priority,20.014544241768988,1,7,ERA5-Land Daily Aggregated,Maharashtra,ERA5-Land Temperature
2017-01-08,2017-01-15,2.0,2017,P123,17.386414030975025,74.27088970551878,Satara,high,priority,19.78434288388206,1,7,ERA5-Land Daily Aggregated,Maharashtra,ERA5-Land Temperature
2017-01-08,2017-01-15,2.0,2017,P124,17.43262815429294,74.647353771057,Satara,high,priority,21.510196213495192,1,7,ERA5-Land Daily Aggregated,Maharashtra,ERA5-Land Temperature
2017-01-08,2017-01-15,2.0,2017,P125,17.56734651531964,74.31728219287884,Satara,high,priority,20.465262712751155,1,7,ERA5-Land Daily Aggregated,Maharashtra,ERA5-Land Temperature
2017-01-08,2017-01-15,2.0,2017,P126,17.205080227535593,74.13053949986157,Satara,high,priority,20.135614740280857,1,7,ERA5-Land Daily Aggregated,Maharashtra,ERA5-Land Temperature
2017-01-08,2017-01-15,2.0,2017,P127,17.65773249367299,74.31694330119876,Satara,high,priority,20.273682076590433,1,7,ERA5-Land Daily Aggregated,Maharashtra,ERA5-Land Temperature
2017-01-08,2017-01-15,2.0,2017,P128,18.019949731345452,74.5517328080669,Satara,high,priority,21.60041198730471,1,7,ERA5-Land Daily Aggregated,Maharashtra,ERA5-Land Temperature
2017-01-08,2017-01-15,2.0,2017,P129,18.063234225271252,74.03192648006461,Satara,high,priority,20.535435703822543,1,7,ERA5-Land Daily Aggregated,Maharashtra,ERA5-Land Temperature
2017-01-08,2017-01-15,2.0,2017,P130,17.61135784271715,74.03436560834085,Satara,high,priority,20.42506088983447,1,7,ERA5-Land Daily Aggregated,Maharashtra,ERA5-Land Temperature
2017-01-08,2017-01-15,2.0,2017,P131,17.612539504496315,74.3171127470388,Satara,high,priority,20.273682076590433,1,7,ERA5-Land Daily Aggregated,Maharashtra,ERA5-Land Temperature
2017-01-08,2017-01-15,2.0,2017,P132,17.702176353872684,74.12817617630324,Satara,high,priority,19.688163103376155,1,7,ERA5-Land Daily Aggregated,Maharashtra,ERA5-Land Temperature
2017-01-08,2017-01-15,2.0,2017,P133,17.25006363896275,74.08329532420031,Satara,high,priority,20.584845116025008,1,7,ERA5-Land Daily Aggregated,Maharashtra,ERA5-Land Temperature
2017-01-08,2017-01-15,2.0,2017,P134,17.476429903940936,74.17634784498362,Satara,high,priority,19.514021083286877,1,7,ERA5-Land Daily Aggregated,Maharashtra,ERA5-Land Temperature
2017-01-08,2017-01-15,2.0,2017,P135,17.882716437324603,74.0801070669471,Satara,high,priority,19.453183564685617,1,7,ERA5-Land Daily Aggregated,Maharashtra,ERA5-Land Temperature
2017-01-08,2017-01-15,2.0,2017,P136,17.928520323345598,74.22149178404871,Satara,high,priority,21.188581630161877,1,7,ERA5-Land Daily Aggregated,Maharashtra,ERA5-Land Temperature
2017-01-08,2017-01-15,2.0,2017,P137,17.746687100588183,73.98648378122894,Satara,high,priority,20.179327537900008,1,7,ERA5-Land Daily Aggregated,Maharashtra,ERA5-Land Temperature
2017-01-08,2017-01-15,2.0,2017,P138,17.61269557303319,74.36423652697161,Satara,high,priority,20.273682076590433,1,7,ERA5-Land Daily Aggregated,Maharashtra,ERA5-Land Temperature
2017-01-08,2017-01-15,2.0,2017,P139,17.656773786946495,74.08126197411994,Satara,high,priority,20.42506088983447,1,7,ERA5-Land Daily Aggregated,Maharashtra,ERA5-Land Temperature
2017-01-08,2017-01-15,2.0,2017,P140,17.97464080554139,74.50462240543725,Satara,high,priority,21.759394037155857,1,7,ERA5-Land Daily Aggregated,Maharashtra,ERA5-Land Temperature
2017-01-08,2017-01-15,2.0,2017,P141,17.430826677467348,74.08239904488856,Satara,high,priority,19.87969723656073,1,7,ERA5-Land Daily Aggregated,Maharashtra,ERA5-Land Temperature
2017-01-08,2017-01-15,2.0,2017,P142,18.064447100757786,74.31538707493111,Satara,high,priority,21.440848650251155,1,7,ERA5-Land Daily Aggregated,Maharashtra,ERA5-Land Temperature
2017-01-08,2017-01-15,2.0,2017,P143,17.70379500755509,74.6468275971327,Satara,high,priority,21.62638389950706,1,7,ERA5-Land Daily Aggregated,Maharashtra,ERA5-Land Temperature
2017-01-08,2017-01-15,2.0,2017,P144,17.929452275465767,74.50474726026674,Satara,high,priority,21.759394037155857,1,7,ERA5-Land Daily Aggregated,Maharashtra,ERA5-Land Temperature
2017-01-08,2017-01-15,2.0,2017,P145,17.47773196144854,74.60017202281048,Satara,high,priority,21.341785685221396,1,7,ERA5-Land Daily Aggregated,Maharashtra,ERA5-Land Temperature
2017-01-08,2017-01-15,2.0,2017,P146,17.839182233739812,74.55218763637436,Satara,high,priority,21.385544985816637,1,7,ERA5-Land Daily Aggregated,Maharashtra,ERA5-Land Temperature
2017-01-08,2017-01-15,2.0,2017,P001,19.940457800458272,74.57045211428928,Ahmednagar,normal,statewide,19.028576514834413,1,7,ERA5-Land Daily Aggregated,Maharashtra,ERA5-Land Temperature
2017-01-08,2017-01-15,2.0,2017,P002,18.946729294293643,74.76302285238339,Ahmednagar,normal,statewide,20.521728951590433,1,7,ERA5-Land Daily Aggregated,Maharashtra,ERA5-Land Temperature
2017-01-08,2017-01-15,2.0,2017,P003,18.49469238410162,74.66892244285252,Ahmednagar,normal,statewide,21.350714256650008,1,7,ERA5-Land Daily Aggregated,Maharashtra,ERA5-Land Temperature
2017-01-08,2017-01-15,2.0,2017,P004,19.03720445466806,75.1420731965326,Ahmednagar,normal,statewide,19.68846537272134,1,7,ERA5-Land Daily Aggregated,Maharashtra,ERA5-Land Temperature
2017-01-08,2017-01-15,2.0,2017,P005,20.832153156317954,77.06560453615967,Akola,normal,statewide,18.709554472423747,1,7,ERA5-Land Daily Aggregated,Maharashtra,ERA5-Land Temperature
2017-01-08,2017-01-15,2.0,2017,P006,20.834360411339407,76.87349308547405,Akola,normal,statewide,18.734410313197543,1,7,ERA5-Land Daily Aggregated,Maharashtra,ERA5-Land Temperature
2017-01-08,2017-01-15,2.0,2017,P007,21.014976299509232,76.87574047240498,Akola,normal,statewide,18.854469371977302,1,7,ERA5-Land Daily Aggregated,Maharashtra,ERA5-Land Temperature
2017-01-08,2017-01-15,2.0,2017,P008,20.828434266039377,77.35372489162701,Akola,normal,statewide,18.85531805129284,1,7,ERA5-Land Daily Aggregated,Maharashtra,ERA5-Land Temperature
2017-01-08,2017-01-15,2.0,2017,P009,21.360971327549258,77.94039543992572,Amravati,normal,statewide,18.20742696126308,1,7,ERA5-Land Daily Aggregated,Maharashtra,ERA5-Land Temperature
2017-01-08,2017-01-15,2.0,2017,P010,21.178803672212837,78.03301542790685,Amravati,normal,statewide,18.664446585518988,1,7,ERA5-Land Daily Aggregated,Maharashtra,ERA5-Land Temperature
2017-01-08,2017-01-15,2.0,2017,P011,20.814388097721018,78.21764450702477,Amravati,normal,statewide,19.47107558477495,1,7,ERA5-Land Daily Aggregated,Maharashtra,ERA5-Land Temperature
2017-01-08,2017-01-15,2.0,2017,P012,21.180502589714195,77.93681032267875,Amravati,normal,statewide,18.905029732840433,1,7,ERA5-Land Daily Aggregated,Maharashtra,ERA5-Land Temperature
2017-01-08,2017-01-15,2.0,2017,P013,20.031289688916964,74.8570519162974,Aurangabad,normal,statewide,19.144159662155914,1,7,ERA5-Land Daily Aggregated,Maharashtra,ERA5-Land Temperature
2017-01-08,2017-01-15,2.0,2017,P014,19.760185263069562,75.14270192978114,Aurangabad,normal,statewide,19.698521641322543,1,7,ERA5-Land Daily Aggregated,Maharashtra,ERA5-Land Temperature
2017-01-08,2017-01-15,2.0,2017,P015,19.9408189876436,74.76157364454102,Aurangabad,normal,statewide,19.132615298316637,1,7,ERA5-Land Daily Aggregated,Maharashtra,ERA5-Land Temperature
2017-01-08,2017-01-15,2.0,2017,P016,19.66981712112043,75.14262166596218,Aurangabad,normal,statewide,19.81126810709634,1,7,ERA5-Land Daily Aggregated,Maharashtra,ERA5-Land Temperature
2017-01-08,2017-01-15,2.0,2017,P017,21.04613203856966,79.85576216552393,Bhandara,normal,statewide,19.167783174060617,1,7,ERA5-Land Daily Aggregated,Maharashtra,ERA5-Land Temperature
2017-01-08,2017-01-15,2.0,2017,P018,21.31897105472685,79.76852877161537,Bhandara,normal,statewide,19.096052333286877,1,7,ERA5-Land Daily Aggregated,Maharashtra,ERA5-Land Temperature
2017-01-08,2017-01-15,2.0,2017,P019,21.40900922319803,79.77144948280537,Bhandara,normal,statewide,18.82673034667971,1,7,ERA5-Land Daily Aggregated,Maharashtra,ERA5-Land Temperature
2017-01-08,2017-01-15,2.0,2017,P020,21.144196588937042,79.57074980349083,Bhandara,normal,statewide,19.262056332542784,1,7,ERA5-Land Daily Aggregated,Maharashtra,ERA5-Land Temperature
2017-01-08,2017-01-15,2.0,2017,P021,18.67502288980403,75.52108340877234,Bid,normal,statewide,20.14493858700706,1,7,ERA5-Land Daily Aggregated,Maharashtra,ERA5-Land Temperature
2017-01-08,2017-01-15,2.0,2017,P022,18.856499384477168,75.04699178476999,Bid,normal,statewide,20.56476745605471,1,7,ERA5-Land Daily Aggregated,Maharashtra,ERA5-Land Temperature
2017-01-08,2017-01-15,2.0,2017,P023,19.126596053486494,75.6175605191647,Bid,normal,statewide,20.071138363792784,1,7,ERA5-Land Daily Aggregated,Maharashtra,ERA5-Land Temperature
2017-01-08,2017-01-15,2.0,2017,P024,18.763955201213946,75.90084720909012,Bid,normal,statewide,19.787435331798804,1,7,ERA5-Land Daily Aggregated,Maharashtra,ERA5-Land Temperature
2017-01-08,2017-01-15,2.0,2017,P025,20.93073496240753,76.20164478885242,Buldana,normal,statewide,18.605585443405914,1,7,ERA5-Land Daily Aggregated,Maharashtra,ERA5-Land Temperature
2017-01-08,2017-01-15,2.0,2017,P026,20.838939908121294,76.39311412898633,Buldana,normal,statewide,19.029901849655914,1,7,ERA5-Land Daily Aggregated,Maharashtra,ERA5-Land Temperature
2017-01-08,2017-01-15,2.0,2017,P027,20.657476790751314,76.48742857536776,Buldana,normal,statewide,19.45757809593573,1,7,ERA5-Land Daily Aggregated,Maharashtra,ERA5-Land Temperature
2017-01-08,2017-01-15,2.0,2017,P028,20.47967013624516,76.10222021266374,Buldana,normal,statewide,18.973772757393988,1,7,ERA5-Land Daily Aggregated,Maharashtra,ERA5-Land Temperature
2017-01-08,2017-01-15,2.0,2017,P029,20.32317798477448,79.92829390325927,Chandrapur,normal,statewide,20.137346976143988,1,7,ERA5-Land Daily Aggregated,Maharashtra,ERA5-Land Temperature
2017-01-08,2017-01-15,2.0,2017,P030,20.60872097983294,79.36304041732026,Chandrapur,normal,statewide,19.986851719447543,1,7,ERA5-Land Daily Aggregated,Maharashtra,ERA5-Land Temperature
2017-01-08,2017-01-15,2.0,2017,P031,20.511160307884595,79.64732594588165,Chandrapur,normal,statewide,20.19718468075706,1,7,ERA5-Land Daily Aggregated,Maharashtra,ERA5-Land Temperature
2017-01-08,2017-01-15,2.0,2017,P032,20.598621115946884,79.74569817422172,Chandrapur,normal,statewide,20.211449468703563,1,7,ERA5-Land Daily Aggregated,Maharashtra,ERA5-Land Temperature
2017-01-08,2017-01-15,2.0,2017,P033,21.38667804512237,75.14422248324037,Dhule,normal,statewide,18.897763642810673,1,7,ERA5-Land Daily Aggregated,Maharashtra,ERA5-Land Temperature
2017-01-08,2017-01-15,2.0,2017,P034,21.025151968113196,74.75989256344387,Dhule,normal,statewide,19.757917567661877,1,7,ERA5-Land Daily Aggregated,Maharashtra,ERA5-Land Temperature
2017-01-08,2017-01-15,2.0,2017,P035,21.477028350667293,74.85568743137505,Dhule,normal,statewide,19.22424941289995,1,7,ERA5-Land Daily Aggregated,Maharashtra,ERA5-Land Temperature
2017-01-08,2017-01-15,2.0,2017,P036,20.933820660336515,74.37533522949364,Dhule,normal,statewide,19.78263389950706,1,7,ERA5-Land Daily Aggregated,Maharashtra,ERA5-Land Temperature
2017-01-08,2017-01-15,2.0,2017,P037,19.963056524597132,79.91698116388667,Garhchiroli,normal,statewide,20.926223464239285,1,7,ERA5-Land Daily Aggregated,Maharashtra,ERA5-Land Temperature
2017-01-08,2017-01-15,2.0,2017,P038,19.062661462582188,79.88977172925856,Garhchiroli,normal,statewide,22.39584539504284,1,7,ERA5-Land Daily Aggregated,Maharashtra,ERA5-Land Temperature
2017-01-08,2017-01-15,2.0,2017,P039,19.510270485428137,79.9981368030594,Garhchiroli,normal,statewide,22.20890343075712,1,7,ERA5-Land Daily Aggregated,Maharashtra,ERA5-Land Temperature
2017-01-08,2017-01-15,2.0,2017,P040,19.870365190999156,80.00935144220881,Garhchiroli,normal,statewide,21.330741228376155,1,7,ERA5-Land Daily Aggregated,Maharashtra,ERA5-Land Temperature
2017-01-08,2017-01-15,2.0,2017,P041,21.127639946725598,80.1465044724107,Gondiya,normal,statewide,19.068220302036877,1,7,ERA5-Land Daily Aggregated,Maharashtra,ERA5-Land Temperature
2017-01-08,2017-01-15,2.0,2017,P042,21.397598383602258,80.15591763473452,Gondiya,normal,statewide,18.75112813313808,1,7,ERA5-Land Daily Aggregated,Maharashtra,ERA5-Land Temperature
2017-01-08,2017-01-15,2.0,2017,P043,21.574548890706154,80.25847249986273,Gondiya,normal,statewide,18.36313055129284,1,7,ERA5-Land Daily Aggregated,Maharashtra,ERA5-Land Temperature
2017-01-08,2017-01-15,2.0,2017,P044,21.211649410572516,80.34153217518526,Gondiya,normal,statewide,18.718366786411877,1,7,ERA5-Land Daily Aggregated,Maharashtra,ERA5-Land Temperature
2017-01-08,2017-01-15,2.0,2017,P045,19.655900266732623,77.2407892392464,Hingoli,normal,statewide,20.697626459030914,1,7,ERA5-Land Daily Aggregated,Maharashtra,ERA5-Land Temperature
2017-01-08,2017-01-15,2.0,2017,P046,19.566758377573187,77.1442675378435,Hingoli,normal,statewide,20.622047496977302,1,7,ERA5-Land Daily Aggregated,Maharashtra,ERA5-Land Temperature
2017-01-08,2017-01-15,2.0,2017,P047,19.47860194974656,76.9526242927685,Hingoli,normal,statewide,20.90852908179869,1,7,ERA5-Land Daily Aggregated,Maharashtra,ERA5-Land Temperature
2017-01-08,2017-01-15,2.0,2017,P048,19.927981235710728,77.14910120338544,Hingoli,normal,statewide,20.31370951334634,1,7,ERA5-Land Daily Aggregated,Maharashtra,ERA5-Land Temperature
2017-01-08,2017-01-15,2.0,2017,P049,21.292738163229433,76.10816865346904,Jalgaon,normal,statewide,18.99043244861423,1,7,ERA5-Land Daily Aggregated,Maharashtra,ERA5-Land Temperature
2017-01-08,2017-01-15,2.0,2017,P050,21.386178625804387,75.43363151891216,Jalgaon,normal,statewide,17.475807262602302,1,7,ERA5-Land Daily Aggregated,Maharashtra,ERA5-Land Temperature
2017-01-08,2017-01-15,2.0,2017,P051,21.112064306745907,76.10682200495089,Jalgaon,normal,statewide,18.74648946126308,1,7,ERA5-Land Daily Aggregated,Maharashtra,ERA5-Land Temperature
2017-01-08,2017-01-15,2.0,2017,P052,20.844437979720194,75.23982115072519,Jalgaon,normal,statewide,19.104306611560617,1,7,ERA5-Land Daily Aggregated,Maharashtra,ERA5-Land Temperature
2017-01-08,2017-01-15,2.0,2017,P053,19.486369703781666,76.00005328932718,Jalna,normal,statewide,19.769647943405857,1,7,ERA5-Land Daily Aggregated,Maharashtra,ERA5-Land Temperature
2017-01-08,2017-01-15,2.0,2017,P054,20.028502750758555,76.00343774702675,Jalna,normal,statewide,19.81069844563808,1,7,ERA5-Land Daily Aggregated,Maharashtra,ERA5-Land Temperature
2017-01-08,2017-01-15,2.0,2017,P055,19.75743845682064,76.00172991132328,Jalna,normal,statewide,19.83291524251308,1,7,ERA5-Land Daily Aggregated,Maharashtra,ERA5-Land Temperature
2017-01-08,2017-01-15,2.0,2017,P056,19.57768317515413,75.80993951591351,Jalna,normal,statewide,19.76396295456658,1,7,ERA5-Land Daily Aggregated,Maharashtra,ERA5-Land Temperature
2017-01-08,2017-01-15,2.0,2017,P057,16.776377793156257,74.29671235971928,Kolhapur,normal,statewide,21.335554286411877,1,7,ERA5-Land Daily Aggregated,Maharashtra,ERA5-Land Temperature
2017-01-08,2017-01-15,2.0,2017,P058,16.324416687682138,74.29834884980589,Kolhapur,normal,statewide,21.845610555013025,1,7,ERA5-Land Daily Aggregated,Maharashtra,ERA5-Land Temperature
2017-01-08,2017-01-15,2.0,2017,P059,16.595891218916975,74.39111598812178,Kolhapur,normal,statewide,21.74247857956658,1,7,ERA5-Land Daily Aggregated,Maharashtra,ERA5-Land Temperature
2017-01-08,2017-01-15,2.0,2017,P060,16.414811584237594,74.29802779453004,Kolhapur,normal,statewide,21.95897318522134,1,7,ERA5-Land Daily Aggregated,Maharashtra,ERA5-Land Temperature
2017-01-08,2017-01-15,2.0,2017,P086,21.054127206758487,79.56798961993874,Nagpur,normal,statewide,19.22969026111423,1,7,ERA5-Land Daily Aggregated,Maharashtra,ERA5-Land Temperature
2017-01-08,2017-01-15,2.0,2017,P087,21.146765031143822,79.47473643960802,Nagpur,normal,statewide,19.228109159923747,1,7,ERA5-Land Daily Aggregated,Maharashtra,ERA5-Land Temperature
2017-01-08,2017-01-15,2.0,2017,P088,21.347803602138427,78.61442869606356,Nagpur,normal,statewide,17.750232950846396,1,7,ERA5-Land Daily Aggregated,Maharashtra,ERA5-Land Temperature
2017-01-08,2017-01-15,2.0,2017,P089,21.165377318940912,78.70615240473293,Nagpur,normal,statewide,18.53974885486423,1,7,ERA5-Land Daily Aggregated,Maharashtra,ERA5-Land Temperature
2017-01-08,2017-01-15,2.0,2017,P090,19.201968238592887,77.42470040309472,Nanded,normal,statewide,20.807605997721396,1,7,ERA5-Land Daily Aggregated,Maharashtra,ERA5-Land Temperature
2017-01-08,2017-01-15,2.0,2017,P091,18.566038000956755,77.69963965584807,Nanded,normal,statewide,21.739839535667784,1,7,ERA5-Land Daily Aggregated,Maharashtra,ERA5-Land Temperature
2017-01-08,2017-01-15,2.0,2017,P092,19.736596618496833,77.90946265591798,Nanded,normal,statewide,20.47128484816784,1,7,ERA5-Land Daily Aggregated,Maharashtra,ERA5-Land Temperature
2017-01-08,2017-01-15,2.0,2017,P093,18.93564842817583,77.04115528508362,Nanded,normal,statewide,20.810442679268988,1,7,ERA5-Land Daily Aggregated,Maharashtra,ERA5-Land Temperature
2017-01-08,2017-01-15,2.0,2017,P094,21.564917232430716,74.08292967791392,Nandurbar,normal,statewide,18.78757484072736,1,7,ERA5-Land Daily Aggregated,Maharashtra,ERA5-Land Temperature
2017-01-08,2017-01-15,2.0,2017,P095,21.5662594218478,74.37266422796263,Nandurbar,normal,statewide,19.538749040876155,1,7,ERA5-Land Daily Aggregated,Maharashtra,ERA5-Land Temperature
2017-01-08,2017-01-15,2.0,2017,P096,21.385179787168415,74.27697637845674,Nandurbar,normal,statewide,19.280506388346396,1,7,ERA5-Land Daily Aggregated,Maharashtra,ERA5-Land Temperature
2017-01-08,2017-01-15,2.0,2017,P097,21.565421110849755,74.17950488852946,Nandurbar,normal,statewide,19.10324866885236,1,7,ERA5-Land Daily Aggregated,Maharashtra,ERA5-Land Temperature
2017-01-08,2017-01-15,2.0,2017,P098,20.299553667393326,73.99482675929994,Nashik,normal,statewide,17.898217046828506,1,7,ERA5-Land Daily Aggregated,Maharashtra,ERA5-Land Temperature
2017-01-08,2017-01-15,2.0,2017,P099,20.120253214034264,74.28296495117151,Nashik,normal,statewide,18.90284409295947,1,7,ERA5-Land Daily Aggregated,Maharashtra,ERA5-Land Temperature
2017-01-08,2017-01-15,2.0,2017,P100,20.389903972938242,73.99424261706194,Nashik,normal,statewide,17.577997552780914,1,7,ERA5-Land Daily Aggregated,Maharashtra,ERA5-Land Temperature
2017-01-08,2017-01-15,2.0,2017,P101,20.029015547379707,74.09216447619562,Nashik,normal,statewide,18.86271202450712,1,7,ERA5-Land Daily Aggregated,Maharashtra,ERA5-Land Temperature
2017-01-08,2017-01-15,2.0,2017,P102,17.85749130266526,76.36802722645965,Osmanabad,normal,statewide,21.25934753417971,1,7,ERA5-Land Daily Aggregated,Maharashtra,ERA5-Land Temperature
2017-01-08,2017-01-15,2.0,2017,P103,17.76644983645705,76.46164605307673,Osmanabad,normal,statewide,21.648705328078506,1,7,ERA5-Land Daily Aggregated,Maharashtra,ERA5-Land Temperature
2017-01-08,2017-01-15,2.0,2017,P104,17.949094615606196,76.17989775301476,Osmanabad,normal,statewide,21.204764665876155,1,7,ERA5-Land Daily Aggregated,Maharashtra,ERA5-Land Temperature
2017-01-08,2017-01-15,2.0,2017,P105,18.584360447185368,75.61558067829696,Osmanabad,normal,statewide,20.37641877673923,1,7,ERA5-Land Daily Aggregated,Maharashtra,ERA5-Land Temperature
2017-01-08,2017-01-15,2.0,2017,P106,19.031389786894366,76.47235681380711,Parbhani,normal,statewide,20.37223350888212,1,7,ERA5-Land Daily Aggregated,Maharashtra,ERA5-Land Temperature
2017-01-08,2017-01-15,2.0,2017,P107,19.120950831552832,76.56820519095093,Parbhani,normal,statewide,20.159424264090433,1,7,ERA5-Land Daily Aggregated,Maharashtra,ERA5-Land Temperature
2017-01-08,2017-01-15,2.0,2017,P108,19.208625676465683,76.85432786914635,Parbhani,normal,statewide,20.750360834030914,1,7,ERA5-Land Daily Aggregated,Maharashtra,ERA5-Land Temperature
2017-01-08,2017-01-15,2.0,2017,P109,19.212081479782103,76.47396209018636,Parbhani,normal,statewide,20.06784827822736,1,7,ERA5-Land Daily Aggregated,Maharashtra,ERA5-Land Temperature
2017-01-08,2017-01-15,2.0,2017,P110,18.133442771357757,75.04679558432363,Pune,normal,statewide,22.04165547688808,1,7,ERA5-Land Daily Aggregated,Maharashtra,ERA5-Land Temperature
2017-01-08,2017-01-15,2.0,2017,P111,18.584645829652782,74.47919215212944,Pune,normal,statewide,20.56809241885236,1,7,ERA5-Land Daily Aggregated,Maharashtra,ERA5-Land Temperature
2017-01-08,2017-01-15,2.0,2017,P112,18.132979024848197,74.57507620208169,Pune,normal,statewide,20.99575703938808,1,7,ERA5-Land Daily Aggregated,Maharashtra,ERA5-Land Temperature
2017-01-08,2017-01-15,2.0,2017,P113,18.314072036830744,74.76389683618987,Pune,normal,statewide,21.755662173316637,1,7,ERA5-Land Daily Aggregated,Maharashtra,ERA5-Land Temperature
2017-01-08,2017-01-15,2.0,2017,P114,18.48503397121986,73.0589238755964,Raigarh,normal,statewide,21.716867065429653,1,7,ERA5-Land Daily Aggregated,Maharashtra,ERA5-Land Temperature
2017-01-08,2017-01-15,2.0,2017,P115,18.665689991299164,73.05687714821288,Raigarh,normal,statewide,21.61953633626308,1,7,ERA5-Land Daily Aggregated,Maharashtra,ERA5-Land Temperature
2017-01-08,2017-01-15,2.0,2017,P116,18.306197264370358,73.25009891506079,Raigarh,normal,statewide,21.59156479608447,1,7,ERA5-Land Daily Aggregated,Maharashtra,ERA5-Land Temperature
2017-01-08,2017-01-15,2.0,2017,P117,18.21404102289879,73.06194714611064,Raigarh,normal,statewide,21.80289757138212,1,7,ERA5-Land Daily Aggregated,Maharashtra,ERA5-Land Temperature
2017-01-08,2017-01-15,2.0,2017,P118,17.138719885658215,75.42259970290594,Sangli,normal,statewide,23.514672124953506,1,7,ERA5-Land Daily Aggregated,Maharashtra,ERA5-Land Temperature
2017-01-08,2017-01-15,2.0,2017,P119,17.048761981005992,74.95348443567921,Sangli,normal,statewide,22.67258460635236,1,7,ERA5-Land Daily Aggregated,Maharashtra,ERA5-Land Temperature
2017-01-08,2017-01-15,2.0,2017,P120,16.86707144948229,74.39025538161847,Sangli,normal,statewide,21.289388456798804,1,7,ERA5-Land Daily Aggregated,Maharashtra,ERA5-Land Temperature
2017-01-08,2017-01-15,2.0,2017,P121,17.048503353144895,74.67157114887826,Sangli,normal,statewide,21.810140409923804,1,7,ERA5-Land Daily Aggregated,Maharashtra,ERA5-Land Temperature
2017-01-08,2017-01-15,2.0,2017,P148,17.67852974098626,76.08383979812143,Solapur,normal,statewide,22.78864440917971,1,7,ERA5-Land Daily Aggregated,Maharashtra,ERA5-Land Temperature
2017-01-08,2017-01-15,2.0,2017,P149,18.223365003201543,75.4251413905064,Solapur,normal,statewide,22.24347839355471,1,7,ERA5-Land Daily Aggregated,Maharashtra,ERA5-Land Temperature
2017-01-08,2017-01-15,2.0,2017,P150,17.952532582518405,75.23562067753285,Solapur,normal,statewide,22.441615949358265,1,7,ERA5-Land Daily Aggregated,Maharashtra,ERA5-Land Temperature
2017-01-08,2017-01-15,2.0,2017,P151,18.223690517578447,75.23598186471818,Solapur,normal,statewide,22.09642435709634,1,7,ERA5-Land Daily Aggregated,Maharashtra,ERA5-Land Temperature
2017-01-08,2017-01-15,2.0,2017,P152,19.658178867370932,72.94986318203122,Thane,normal,statewide,21.866211373465433,1,7,ERA5-Land Daily Aggregated,Maharashtra,ERA5-Land Temperature
2017-01-08,2017-01-15,2.0,2017,P153,19.65706409210757,72.8545320606096,Thane,normal,statewide,21.777309308733265,1,7,ERA5-Land Daily Aggregated,Maharashtra,ERA5-Land Temperature
2017-01-08,2017-01-15,2.0,2017,P154,19.477549601897948,72.95214624177059,Thane,normal,statewide,21.57438194638206,1,7,ERA5-Land Daily Aggregated,Maharashtra,ERA5-Land Temperature
2017-01-08,2017-01-15,2.0,2017,P155,19.83987385799569,73.0429959666335,Thane,normal,statewide,21.43665175664995,1,7,ERA5-Land Daily Aggregated,Maharashtra,ERA5-Land Temperature
2017-01-08,2017-01-15,2.0,2017,P156,20.806749657616468,78.60135461177485,Wardha,normal,statewide,19.49095560709634,1,7,ERA5-Land Daily Aggregated,Maharashtra,ERA5-Land Temperature
2017-01-08,2017-01-15,2.0,2017,P157,20.71031267913359,78.88671032458906,Wardha,normal,statewide,19.853504435221396,1,7,ERA5-Land Daily Aggregated,Maharashtra,ERA5-Land Temperature
2017-01-08,2017-01-15,2.0,2017,P158,21.081265295769754,78.41565980750515,Wardha,normal,statewide,18.59440147763212,1,7,ERA5-Land Daily Aggregated,Maharashtra,ERA5-Land Temperature
2017-01-08,2017-01-15,2.0,2017,P159,20.439854822938944,78.87986114537097,Wardha,normal,statewide,20.370117623465433,1,7,ERA5-Land Daily Aggregated,Maharashtra,ERA5-Land Temperature
2017-01-08,2017-01-15,2.0,2017,P160,20.289186257444058,77.15404188735265,Washim,normal,statewide,19.68274550664995,1,7,ERA5-Land Daily Aggregated,Maharashtra,ERA5-Land Temperature
2017-01-08,2017-01-15,2.0,2017,P161,20.464607292886615,77.53975858757677,Washim,normal,statewide,19.657971046084413,1,7,ERA5-Land Daily Aggregated,Maharashtra,ERA5-Land Temperature
2017-01-08,2017-01-15,2.0,2017,P162,20.107393166596125,77.2471479173486,Washim,normal,statewide,19.926235089983265,1,7,ERA5-Land Daily Aggregated,Maharashtra,ERA5-Land Temperature
2017-01-08,2017-01-15,2.0,2017,P163,20.198885002010726,77.1527933390577,Washim,normal,statewide,19.810326421828563,1,7,ERA5-Land Daily Aggregated,Maharashtra,ERA5-Land Temperature
2017-01-08,2017-01-15,2.0,2017,P164,20.182854533723592,78.20447678161395,Yavatmal,normal,statewide,20.394438680013025,1,7,ERA5-Land Daily Aggregated,Maharashtra,ERA5-Land Temperature
2017-01-08,2017-01-15,2.0,2017,P165,19.894658373538324,79.05709703494229,Yavatmal,normal,statewide,20.81867370605471,1,7,ERA5-Land Daily Aggregated,Maharashtra,ERA5-Land Temperature
2017-01-08,2017-01-15,2.0,2017,P166,19.468787468327925,77.71426550730338,Yavatmal,normal,statewide,20.97238929385236,1,7,ERA5-Land Daily Aggregated,Maharashtra,ERA5-Land Temperature
2017-01-08,2017-01-15,2.0,2017,P167,19.559057510053886,77.71577268345945,Yavatmal,normal,statewide,20.594413103376155,1,7,ERA5-Land Daily Aggregated,Maharashtra,ERA5-Land Temperature
2017-01-15,2017-01-22,3.0,2017,P147,17.927231643141155,73.94769852026607,Satara,case_study,case_study,21.503577895391572,1,7,ERA5-Land Daily Aggregated,Maharashtra,ERA5-Land Temperature
2017-01-15,2017-01-22,3.0,2017,P061,18.507855650411397,76.91766048140843,Latur,high,priority,22.94816959926061,1,7,ERA5-Land Daily Aggregated,Maharashtra,ERA5-Land Temperature
2017-01-15,2017-01-22,3.0,2017,P062,18.422405896924207,76.3487594508077,Latur,high,priority,22.41225767589748,1,7,ERA5-Land Daily Aggregated,Maharashtra,ERA5-Land Temperature
2017-01-15,2017-01-22,3.0,2017,P063,18.235391198742693,77.05646783810116,Latur,high,priority,22.11945168631422,1,7,ERA5-Land Daily Aggregated,Maharashtra,ERA5-Land Temperature
2017-01-15,2017-01-22,3.0,2017,P064,18.193056493341274,76.77240080549139,Latur,high,priority,22.22429264613561,1,7,ERA5-Land Daily Aggregated,Maharashtra,ERA5-Land Temperature
2017-01-15,2017-01-22,3.0,2017,P065,18.331355512513895,76.44266811899327,Latur,high,priority,22.24604441324874,1,7,ERA5-Land Daily Aggregated,Maharashtra,ERA5-Land Temperature
2017-01-15,2017-01-22,3.0,2017,P066,18.104739537876725,76.5352970251765,Latur,high,priority,21.906305294945184,1,7,ERA5-Land Daily Aggregated,Maharashtra,ERA5-Land Temperature
2017-01-15,2017-01-22,3.0,2017,P067,18.280552974211986,77.0569984711265,Latur,high,priority,22.11945168631422,1,7,ERA5-Land Daily Aggregated,Maharashtra,ERA5-Land Temperature
2017-01-15,2017-01-22,3.0,2017,P068,18.101823285787773,76.86595720469373,Latur,high,priority,22.2977440970285,1,7,ERA5-Land Daily Aggregated,Maharashtra,ERA5-Land Temperature
2017-01-15,2017-01-22,3.0,2017,P069,18.595075667016793,77.20284228928156,Latur,high,priority,23.086225309826148,1,7,ERA5-Land Daily Aggregated,Maharashtra,ERA5-Land Temperature
2017-01-15,2017-01-22,3.0,2017,P070,18.41499041187233,77.15322587185987,Latur,high,priority,22.8911918276832,1,7,ERA5-Land Daily Aggregated,Maharashtra,ERA5-Land Temperature
2017-01-15,2017-01-22,3.0,2017,P071,18.149138807065885,76.63019561379593,Latur,high,priority,22.066461544945128,1,7,ERA5-Land Daily Aggregated,Maharashtra,ERA5-Land Temperature
2017-01-15,2017-01-22,3.0,2017,P072,18.283393421583035,76.77331492120734,Latur,high,priority,22.36993996756422,1,7,ERA5-Land Daily Aggregated,Maharashtra,ERA5-Land Temperature
2017-01-15,2017-01-22,3.0,2017,P073,17.966315663874607,76.86453029235662,Latur,high,priority,22.408595566522536,1,7,ERA5-Land Daily Aggregated,Maharashtra,ERA5-Land Temperature
2017-01-15,2017-01-22,3.0,2017,P074,18.50832831512306,76.870318205524,Latur,high,priority,22.859000142415425,1,7,ERA5-Land Daily Aggregated,Maharashtra,ERA5-Land Temperature
2017-01-15,2017-01-22,3.0,2017,P075,18.41444640154381,77.20053247493588,Latur,high,priority,22.979210335867776,1,7,ERA5-Land Daily Aggregated,Maharashtra,ERA5-Land Temperature
2017-01-15,2017-01-22,3.0,2017,P076,18.377877313804504,76.25376722106614,Latur,high,priority,22.07949400402248,1,7,ERA5-Land Daily Aggregated,Maharashtra,ERA5-Land Temperature
2017-01-15,2017-01-22,3.0,2017,P077,18.059564385104267,76.5349046242838,Latur,high,priority,22.008995492117776,1,7,ERA5-Land Daily Aggregated,Maharashtra,ERA5-Land Temperature
2017-01-15,2017-01-22,3.0,2017,P078,18.1008824154655,76.96042326051098,Latur,high,priority,22.327017720540425,1,7,ERA5-Land Daily Aggregated,Maharashtra,ERA5-Land Temperature
2017-01-15,2017-01-22,3.0,2017,P079,18.73508698099394,76.77797468180819,Latur,high,priority,22.80345233735585,1,7,ERA5-Land Daily Aggregated,Maharashtra,ERA5-Land Temperature
2017-01-15,2017-01-22,3.0,2017,P080,18.46791548227568,76.3017694439065,Latur,high,priority,22.41225767589748,1,7,ERA5-Land Daily Aggregated,Maharashtra,ERA5-Land Temperature
2017-01-15,2017-01-22,3.0,2017,P081,18.10355787609756,76.67701617485712,Latur,high,priority,22.066461544945128,1,7,ERA5-Land Daily Aggregated,Maharashtra,ERA5-Land Temperature
2017-01-15,2017-01-22,3.0,2017,P082,18.23907887531389,76.67830931416262,Latur,high,priority,22.265831429617776,1,7,ERA5-Land Daily Aggregated,Maharashtra,ERA5-Land Temperature
2017-01-15,2017-01-22,3.0,2017,P083,18.369289085175563,77.19996171000103,Latur,high,priority,22.487976146879646,1,7,ERA5-Land Daily Aggregated,Maharashtra,ERA5-Land Temperature
2017-01-15,2017-01-22,3.0,2017,P084,18.46362582706226,76.82249880582684,Latur,high,priority,22.4310448782785,1,7,ERA5-Land Daily Aggregated,Maharashtra,ERA5-Land Temperature
2017-01-15,2017-01-22,3.0,2017,P085,18.14788579966987,76.77194597718393,Latur,high,priority,22.22429264613561,1,7,ERA5-Land Daily Aggregated,Maharashtra,ERA5-Land Temperature
2017-01-15,2017-01-22,3.0,2017,P122,17.88145897082753,73.8441448165019,Satara,high,priority,21.57707584926061,1,7,ERA5-Land Daily Aggregated,Maharashtra,ERA5-Land Temperature
2017-01-15,2017-01-22,3.0,2017,P123,17.386414030975025,74.27088970551878,Satara,high,priority,21.969956243605907,1,7,ERA5-Land Daily Aggregated,Maharashtra,ERA5-Land Temperature
2017-01-15,2017-01-22,3.0,2017,P124,17.43262815429294,74.647353771057,Satara,high,priority,23.39850442068922,1,7,ERA5-Land Daily Aggregated,Maharashtra,ERA5-Land Temperature
2017-01-15,2017-01-22,3.0,2017,P125,17.56734651531964,74.31728219287884,Satara,high,priority,22.65422428676061,1,7,ERA5-Land Daily Aggregated,Maharashtra,ERA5-Land Temperature
2017-01-15,2017-01-22,3.0,2017,P126,17.205080227535593,74.13053949986157,Satara,high,priority,22.192182341076148,1,7,ERA5-Land Daily Aggregated,Maharashtra,ERA5-Land Temperature
2017-01-15,2017-01-22,3.0,2017,P127,17.65773249367299,74.31694330119876,Satara,high,priority,22.387971496582054,1,7,ERA5-Land Daily Aggregated,Maharashtra,ERA5-Land Temperature
2017-01-15,2017-01-22,3.0,2017,P128,18.019949731345452,74.5517328080669,Satara,high,priority,23.9930565970285,1,7,ERA5-Land Daily Aggregated,Maharashtra,ERA5-Land Temperature
2017-01-15,2017-01-22,3.0,2017,P129,18.063234225271252,74.03192648006461,Satara,high,priority,22.693798319498683,1,7,ERA5-Land Daily Aggregated,Maharashtra,ERA5-Land Temperature
2017-01-15,2017-01-22,3.0,2017,P130,17.61135784271715,74.03436560834085,Satara,high,priority,22.509844171433258,1,7,ERA5-Land Daily Aggregated,Maharashtra,ERA5-Land Temperature
2017-01-15,2017-01-22,3.0,2017,P131,17.612539504496315,74.3171127470388,Satara,high,priority,22.387971496582054,1,7,ERA5-Land Daily Aggregated,Maharashtra,ERA5-Land Temperature
2017-01-15,2017-01-22,3.0,2017,P132,17.702176353872684,74.12817617630324,Satara,high,priority,21.618614632742776,1,7,ERA5-Land Daily Aggregated,Maharashtra,ERA5-Land Temperature
2017-01-15,2017-01-22,3.0,2017,P133,17.25006363896275,74.08329532420031,Satara,high,priority,22.544640023367776,1,7,ERA5-Land Daily Aggregated,Maharashtra,ERA5-Land Temperature
2017-01-15,2017-01-22,3.0,2017,P134,17.476429903940936,74.17634784498362,Satara,high,priority,21.72313007173085,1,7,ERA5-Land Daily Aggregated,Maharashtra,ERA5-Land Temperature
2017-01-15,2017-01-22,3.0,2017,P135,17.882716437324603,74.0801070669471,Satara,high,priority,21.326575942266572,1,7,ERA5-Land Daily Aggregated,Maharashtra,ERA5-Land Temperature
2017-01-15,2017-01-22,3.0,2017,P136,17.928520323345598,74.22149178404871,Satara,high,priority,23.330935596284405,1,7,ERA5-Land Daily Aggregated,Maharashtra,ERA5-Land Temperature
2017-01-15,2017-01-22,3.0,2017,P137,17.746687100588183,73.98648378122894,Satara,high,priority,21.8831933157785,1,7,ERA5-Land Daily Aggregated,Maharashtra,ERA5-Land Temperature
2017-01-15,2017-01-22,3.0,2017,P138,17.61269557303319,74.36423652697161,Satara,high,priority,22.387971496582054,1,7,ERA5-Land Daily Aggregated,Maharashtra,ERA5-Land Temperature
2017-01-15,2017-01-22,3.0,2017,P139,17.656773786946495,74.08126197411994,Satara,high,priority,22.509844171433258,1,7,ERA5-Land Daily Aggregated,Maharashtra,ERA5-Land Temperature
2017-01-15,2017-01-22,3.0,2017,P140,17.97464080554139,74.50462240543725,Satara,high,priority,24.14731859479633,1,7,ERA5-Land Daily Aggregated,Maharashtra,ERA5-Land Temperature
2017-01-15,2017-01-22,3.0,2017,P141,17.430826677467348,74.08239904488856,Satara,high,priority,21.951506187802295,1,7,ERA5-Land Daily Aggregated,Maharashtra,ERA5-Land Temperature
2017-01-15,2017-01-22,3.0,2017,P142,18.064447100757786,74.31538707493111,Satara,high,priority,23.783200291224887,1,7,ERA5-Land Daily Aggregated,Maharashtra,ERA5-Land Temperature
2017-01-15,2017-01-22,3.0,2017,P143,17.70379500755509,74.6468275971327,Satara,high,priority,23.59473535446898,1,7,ERA5-Land Daily Aggregated,Maharashtra,ERA5-Land Temperature
2017-01-15,2017-01-22,3.0,2017,P144,17.929452275465767,74.50474726026674,Satara,high,priority,24.14731859479633,1,7,ERA5-Land Daily Aggregated,Maharashtra,ERA5-Land Temperature
2017-01-15,2017-01-22,3.0,2017,P145,17.47773196144854,74.60017202281048,Satara,high,priority,23.358360726492776,1,7,ERA5-Land Daily Aggregated,Maharashtra,ERA5-Land Temperature
2017-01-15,2017-01-22,3.0,2017,P146,17.839182233739812,74.55218763637436,Satara,high,priority,23.559974379766572,1,7,ERA5-Land Daily Aggregated,Maharashtra,ERA5-Land Temperature
2017-01-15,2017-01-22,3.0,2017,P001,19.940457800458272,74.57045211428928,Ahmednagar,normal,statewide,21.741998654320184,1,7,ERA5-Land Daily Aggregated,Maharashtra,ERA5-Land Temperature
2017-01-15,2017-01-22,3.0,2017,P002,18.946729294293643,74.76302285238339,Ahmednagar,normal,statewide,23.336016046433258,1,7,ERA5-Land Daily Aggregated,Maharashtra,ERA5-Land Temperature
2017-01-15,2017-01-22,3.0,2017,P003,18.49469238410162,74.66892244285252,Ahmednagar,normal,statewide,23.74724186488561,1,7,ERA5-Land Daily Aggregated,Maharashtra,ERA5-Land Temperature
2017-01-15,2017-01-22,3.0,2017,P004,19.03720445466806,75.1420731965326,Ahmednagar,normal,statewide,22.552940804617776,1,7,ERA5-Land Daily Aggregated,Maharashtra,ERA5-Land Temperature
2017-01-15,2017-01-22,3.0,2017,P005,20.832153156317954,77.06560453615967,Akola,normal,statewide,22.462190246582054,1,7,ERA5-Land Daily Aggregated,Maharashtra,ERA5-Land Temperature
2017-01-15,2017-01-22,3.0,2017,P006,20.834360411339407,76.87349308547405,Akola,normal,statewide,22.41042080833796,1,7,ERA5-Land Daily Aggregated,Maharashtra,ERA5-Land Temperature
2017-01-15,2017-01-22,3.0,2017,P007,21.014976299509232,76.87574047240498,Akola,normal,statewide,22.62443913051061,1,7,ERA5-Land Daily Aggregated,Maharashtra,ERA5-Land Temperature
2017-01-15,2017-01-22,3.0,2017,P008,20.828434266039377,77.35372489162701,Akola,normal,statewide,22.33644619896296,1,7,ERA5-Land Daily Aggregated,Maharashtra,ERA5-Land Temperature
2017-01-15,2017-01-22,3.0,2017,P009,21.360971327549258,77.94039543992572,Amravati,normal,statewide,21.374753025599887,1,7,ERA5-Land Daily Aggregated,Maharashtra,ERA5-Land Temperature
2017-01-15,2017-01-22,3.0,2017,P010,21.178803672212837,78.03301542790685,Amravati,normal,statewide,21.611627560570128,1,7,ERA5-Land Daily Aggregated,Maharashtra,ERA5-Land Temperature
2017-01-15,2017-01-22,3.0,2017,P011,20.814388097721018,78.21764450702477,Amravati,normal,statewide,22.297325570242776,1,7,ERA5-Land Daily Aggregated,Maharashtra,ERA5-Land Temperature
2017-01-15,2017-01-22,3.0,2017,P012,21.180502589714195,77.93681032267875,Amravati,normal,statewide,21.841456894647536,1,7,ERA5-Land Daily Aggregated,Maharashtra,ERA5-Land Temperature
2017-01-15,2017-01-22,3.0,2017,P013,20.031289688916964,74.8570519162974,Aurangabad,normal,statewide,21.878275626046275,1,7,ERA5-Land Daily Aggregated,Maharashtra,ERA5-Land Temperature
2017-01-15,2017-01-22,3.0,2017,P014,19.760185263069562,75.14270192978114,Aurangabad,normal,statewide,22.34880436488561,1,7,ERA5-Land Daily Aggregated,Maharashtra,ERA5-Land Temperature
2017-01-15,2017-01-22,3.0,2017,P015,19.9408189876436,74.76157364454102,Aurangabad,normal,statewide,21.929405648367776,1,7,ERA5-Land Daily Aggregated,Maharashtra,ERA5-Land Temperature
2017-01-15,2017-01-22,3.0,2017,P016,19.66981712112043,75.14262166596218,Aurangabad,normal,statewide,22.496288553873683,1,7,ERA5-Land Daily Aggregated,Maharashtra,ERA5-Land Temperature
2017-01-15,2017-01-22,3.0,2017,P017,21.04613203856966,79.85576216552393,Bhandara,normal,statewide,21.744928341820128,1,7,ERA5-Land Daily Aggregated,Maharashtra,ERA5-Land Temperature
2017-01-15,2017-01-22,3.0,2017,P018,21.31897105472685,79.76852877161537,Bhandara,normal,statewide,21.773922947474887,1,7,ERA5-Land Daily Aggregated,Maharashtra,ERA5-Land Temperature
2017-01-15,2017-01-22,3.0,2017,P019,21.40900922319803,79.77144948280537,Bhandara,normal,statewide,21.611755443754703,1,7,ERA5-Land Daily Aggregated,Maharashtra,ERA5-Land Temperature
2017-01-15,2017-01-22,3.0,2017,P020,21.144196588937042,79.57074980349083,Bhandara,normal,statewide,21.89565611339748,1,7,ERA5-Land Daily Aggregated,Maharashtra,ERA5-Land Temperature
2017-01-15,2017-01-22,3.0,2017,P021,18.67502288980403,75.52108340877234,Bid,normal,statewide,22.31309007917133,1,7,ERA5-Land Daily Aggregated,Maharashtra,ERA5-Land Temperature
2017-01-15,2017-01-22,3.0,2017,P022,18.856499384477168,75.04699178476999,Bid,normal,statewide,23.364824640183258,1,7,ERA5-Land Daily Aggregated,Maharashtra,ERA5-Land Temperature
2017-01-15,2017-01-22,3.0,2017,P023,19.126596053486494,75.6175605191647,Bid,normal,statewide,22.80917220342735,1,7,ERA5-Land Daily Aggregated,Maharashtra,ERA5-Land Temperature
2017-01-15,2017-01-22,3.0,2017,P024,18.763955201213946,75.90084720909012,Bid,normal,statewide,22.01694750104633,1,7,ERA5-Land Daily Aggregated,Maharashtra,ERA5-Land Temperature
2017-01-15,2017-01-22,3.0,2017,P025,20.93073496240753,76.20164478885242,Buldana,normal,statewide,21.957144673665425,1,7,ERA5-Land Daily Aggregated,Maharashtra,ERA5-Land Temperature
2017-01-15,2017-01-22,3.0,2017,P026,20.838939908121294,76.39311412898633,Buldana,normal,statewide,22.425371515183258,1,7,ERA5-Land Daily Aggregated,Maharashtra,ERA5-Land Temperature
2017-01-15,2017-01-22,3.0,2017,P027,20.657476790751314,76.48742857536776,Buldana,normal,statewide,22.692996143159405,1,7,ERA5-Land Daily Aggregated,Maharashtra,ERA5-Land Temperature
2017-01-15,2017-01-22,3.0,2017,P028,20.47967013624516,76.10222021266374,Buldana,normal,statewide,22.031223914736813,1,7,ERA5-Land Daily Aggregated,Maharashtra,ERA5-Land Temperature
2017-01-15,2017-01-22,3.0,2017,P029,20.32317798477448,79.92829390325927,Chandrapur,normal,statewide,22.649318222772536,1,7,ERA5-Land Daily Aggregated,Maharashtra,ERA5-Land Temperature
2017-01-15,2017-01-22,3.0,2017,P030,20.60872097983294,79.36304041732026,Chandrapur,normal,statewide,22.43027757917133,1,7,ERA5-Land Daily Aggregated,Maharashtra,ERA5-Land Temperature
2017-01-15,2017-01-22,3.0,2017,P031,20.511160307884595,79.64732594588165,Chandrapur,normal,statewide,22.61426660446898,1,7,ERA5-Land Daily Aggregated,Maharashtra,ERA5-Land Temperature
2017-01-15,2017-01-22,3.0,2017,P032,20.598621115946884,79.74569817422172,Chandrapur,normal,statewide,22.631135559082054,1,7,ERA5-Land Daily Aggregated,Maharashtra,ERA5-Land Temperature
2017-01-15,2017-01-22,3.0,2017,P033,21.38667804512237,75.14422248324037,Dhule,normal,statewide,22.309904625302295,1,7,ERA5-Land Daily Aggregated,Maharashtra,ERA5-Land Temperature
2017-01-15,2017-01-22,3.0,2017,P034,21.025151968113196,74.75989256344387,Dhule,normal,statewide,22.887320454915425,1,7,ERA5-Land Daily Aggregated,Maharashtra,ERA5-Land Temperature
2017-01-15,2017-01-22,3.0,2017,P035,21.477028350667293,74.85568743137505,Dhule,normal,statewide,22.562380908784405,1,7,ERA5-Land Daily Aggregated,Maharashtra,ERA5-Land Temperature
2017-01-15,2017-01-22,3.0,2017,P036,20.933820660336515,74.37533522949364,Dhule,normal,statewide,22.92272084554037,1,7,ERA5-Land Daily Aggregated,Maharashtra,ERA5-Land Temperature
2017-01-15,2017-01-22,3.0,2017,P037,19.963056524597132,79.91698116388667,Garhchiroli,normal,statewide,23.24957863943922,1,7,ERA5-Land Daily Aggregated,Maharashtra,ERA5-Land Temperature
2017-01-15,2017-01-22,3.0,2017,P038,19.062661462582188,79.88977172925856,Garhchiroli,normal,statewide,23.41515248616537,1,7,ERA5-Land Daily Aggregated,Maharashtra,ERA5-Land Temperature
2017-01-15,2017-01-22,3.0,2017,P039,19.510270485428137,79.9981368030594,Garhchiroli,normal,statewide,23.8914940970285,1,7,ERA5-Land Daily Aggregated,Maharashtra,ERA5-Land Temperature
2017-01-15,2017-01-22,3.0,2017,P040,19.870365190999156,80.00935144220881,Garhchiroli,normal,statewide,23.572553434826148,1,7,ERA5-Land Daily Aggregated,Maharashtra,ERA5-Land Temperature
2017-01-15,2017-01-22,3.0,2017,P041,21.127639946725598,80.1465044724107,Gondiya,normal,statewide,21.87150944301061,1,7,ERA5-Land Daily Aggregated,Maharashtra,ERA5-Land Temperature
2017-01-15,2017-01-22,3.0,2017,P042,21.397598383602258,80.15591763473452,Gondiya,normal,statewide,21.500485447474887,1,7,ERA5-Land Daily Aggregated,Maharashtra,ERA5-Land Temperature
2017-01-15,2017-01-22,3.0,2017,P043,21.574548890706154,80.25847249986273,Gondiya,normal,statewide,21.077482750302295,1,7,ERA5-Land Daily Aggregated,Maharashtra,ERA5-Land Temperature
2017-01-15,2017-01-22,3.0,2017,P044,21.211649410572516,80.34153217518526,Gondiya,normal,statewide,21.47589699881422,1,7,ERA5-Land Daily Aggregated,Maharashtra,ERA5-Land Temperature
2017-01-15,2017-01-22,3.0,2017,P045,19.655900266732623,77.2407892392464,Hingoli,normal,statewide,22.91657082693922,1,7,ERA5-Land Daily Aggregated,Maharashtra,ERA5-Land Temperature
2017-01-15,2017-01-22,3.0,2017,P046,19.566758377573187,77.1442675378435,Hingoli,normal,statewide,22.726083010718924,1,7,ERA5-Land Daily Aggregated,Maharashtra,ERA5-Land Temperature
2017-01-15,2017-01-22,3.0,2017,P047,19.47860194974656,76.9526242927685,Hingoli,normal,statewide,22.89405176071898,1,7,ERA5-Land Daily Aggregated,Maharashtra,ERA5-Land Temperature
2017-01-15,2017-01-22,3.0,2017,P048,19.927981235710728,77.14910120338544,Hingoli,normal,statewide,22.969642348516572,1,7,ERA5-Land Daily Aggregated,Maharashtra,ERA5-Land Temperature
2017-01-15,2017-01-22,3.0,2017,P049,21.292738163229433,76.10816865346904,Jalgaon,normal,statewide,22.428963870093924,1,7,ERA5-Land Daily Aggregated,Maharashtra,ERA5-Land Temperature
2017-01-15,2017-01-22,3.0,2017,P050,21.386178625804387,75.43363151891216,Jalgaon,normal,statewide,20.903538367861756,1,7,ERA5-Land Daily Aggregated,Maharashtra,ERA5-Land Temperature
2017-01-15,2017-01-22,3.0,2017,P051,21.112064306745907,76.10682200495089,Jalgaon,normal,statewide,22.126496887207054,1,7,ERA5-Land Daily Aggregated,Maharashtra,ERA5-Land Temperature
2017-01-15,2017-01-22,3.0,2017,P052,20.844437979720194,75.23982115072519,Jalgaon,normal,statewide,22.44586770193922,1,7,ERA5-Land Daily Aggregated,Maharashtra,ERA5-Land Temperature
2017-01-15,2017-01-22,3.0,2017,P053,19.486369703781666,76.00005328932718,Jalna,normal,statewide,22.334353565034405,1,7,ERA5-Land Daily Aggregated,Maharashtra,ERA5-Land Temperature
2017-01-15,2017-01-22,3.0,2017,P054,20.028502750758555,76.00343774702675,Jalna,normal,statewide,22.358488609677295,1,7,ERA5-Land Daily Aggregated,Maharashtra,ERA5-Land Temperature
2017-01-15,2017-01-22,3.0,2017,P055,19.75743845682064,76.00172991132328,Jalna,normal,statewide,22.16608254568922,1,7,ERA5-Land Daily Aggregated,Maharashtra,ERA5-Land Temperature
2017-01-15,2017-01-22,3.0,2017,P056,19.57768317515413,75.80993951591351,Jalna,normal,statewide,22.267528788248683,1,7,ERA5-Land Daily Aggregated,Maharashtra,ERA5-Land Temperature
2017-01-15,2017-01-22,3.0,2017,P057,16.776377793156257,74.29671235971928,Kolhapur,normal,statewide,22.943600681849887,1,7,ERA5-Land Daily Aggregated,Maharashtra,ERA5-Land Temperature
2017-01-15,2017-01-22,3.0,2017,P058,16.324416687682138,74.29834884980589,Kolhapur,normal,statewide,23.164943222772536,1,7,ERA5-Land Daily Aggregated,Maharashtra,ERA5-Land Temperature
2017-01-15,2017-01-22,3.0,2017,P059,16.595891218916975,74.39111598812178,Kolhapur,normal,statewide,23.295139930361813,1,7,ERA5-Land Daily Aggregated,Maharashtra,ERA5-Land Temperature
2017-01-15,2017-01-22,3.0,2017,P060,16.414811584237594,74.29802779453004,Kolhapur,normal,statewide,23.375950477236756,1,7,ERA5-Land Daily Aggregated,Maharashtra,ERA5-Land Temperature
2017-01-15,2017-01-22,3.0,2017,P086,21.054127206758487,79.56798961993874,Nagpur,normal,statewide,21.736767069498683,1,7,ERA5-Land Daily Aggregated,Maharashtra,ERA5-Land Temperature
2017-01-15,2017-01-22,3.0,2017,P087,21.146765031143822,79.47473643960802,Nagpur,normal,statewide,21.887483215332054,1,7,ERA5-Land Daily Aggregated,Maharashtra,ERA5-Land Temperature
2017-01-15,2017-01-22,3.0,2017,P088,21.347803602138427,78.61442869606356,Nagpur,normal,statewide,20.83820168631422,1,7,ERA5-Land Daily Aggregated,Maharashtra,ERA5-Land Temperature
2017-01-15,2017-01-22,3.0,2017,P089,21.165377318940912,78.70615240473293,Nagpur,normal,statewide,21.453482564290425,1,7,ERA5-Land Daily Aggregated,Maharashtra,ERA5-Land Temperature
2017-01-15,2017-01-22,3.0,2017,P090,19.201968238592887,77.42470040309472,Nanded,normal,statewide,22.76215769449874,1,7,ERA5-Land Daily Aggregated,Maharashtra,ERA5-Land Temperature
2017-01-15,2017-01-22,3.0,2017,P091,18.566038000956755,77.69963965584807,Nanded,normal,statewide,23.320983959379703,1,7,ERA5-Land Daily Aggregated,Maharashtra,ERA5-Land Temperature
2017-01-15,2017-01-22,3.0,2017,P092,19.736596618496833,77.90946265591798,Nanded,normal,statewide,22.877217683338074,1,7,ERA5-Land Daily Aggregated,Maharashtra,ERA5-Land Temperature
2017-01-15,2017-01-22,3.0,2017,P093,18.93564842817583,77.04115528508362,Nanded,normal,statewide,22.95127367292133,1,7,ERA5-Land Daily Aggregated,Maharashtra,ERA5-Land Temperature
2017-01-15,2017-01-22,3.0,2017,P094,21.564917232430716,74.08292967791392,Nandurbar,normal,statewide,21.95842350551061,1,7,ERA5-Land Daily Aggregated,Maharashtra,ERA5-Land Temperature
2017-01-15,2017-01-22,3.0,2017,P095,21.5662594218478,74.37266422796263,Nandurbar,normal,statewide,22.922813851492776,1,7,ERA5-Land Daily Aggregated,Maharashtra,ERA5-Land Temperature
2017-01-15,2017-01-22,3.0,2017,P096,21.385179787168415,74.27697637845674,Nandurbar,normal,statewide,22.324181038992776,1,7,ERA5-Land Daily Aggregated,Maharashtra,ERA5-Land Temperature
2017-01-15,2017-01-22,3.0,2017,P097,21.565421110849755,74.17950488852946,Nandurbar,normal,statewide,22.35476837158211,1,7,ERA5-Land Daily Aggregated,Maharashtra,ERA5-Land Temperature
2017-01-15,2017-01-22,3.0,2017,P098,20.299553667393326,73.99482675929994,Nashik,normal,statewide,20.539489818754703,1,7,ERA5-Land Daily Aggregated,Maharashtra,ERA5-Land Temperature
2017-01-15,2017-01-22,3.0,2017,P099,20.120253214034264,74.28296495117151,Nashik,normal,statewide,21.52842211042133,1,7,ERA5-Land Daily Aggregated,Maharashtra,ERA5-Land Temperature
2017-01-15,2017-01-22,3.0,2017,P100,20.389903972938242,73.99424261706194,Nashik,normal,statewide,20.3535941714332,1,7,ERA5-Land Daily Aggregated,Maharashtra,ERA5-Land Temperature
2017-01-15,2017-01-22,3.0,2017,P101,20.029015547379707,74.09216447619562,Nashik,normal,statewide,21.471793111165425,1,7,ERA5-Land Daily Aggregated,Maharashtra,ERA5-Land Temperature
2017-01-15,2017-01-22,3.0,2017,P102,17.85749130266526,76.36802722645965,Osmanabad,normal,statewide,22.693902951195128,1,7,ERA5-Land Daily Aggregated,Maharashtra,ERA5-Land Temperature
2017-01-15,2017-01-22,3.0,2017,P103,17.76644983645705,76.46164605307673,Osmanabad,normal,statewide,22.87116067068922,1,7,ERA5-Land Daily Aggregated,Maharashtra,ERA5-Land Temperature
2017-01-15,2017-01-22,3.0,2017,P104,17.949094615606196,76.17989775301476,Osmanabad,normal,statewide,22.67008180164163,1,7,ERA5-Land Daily Aggregated,Maharashtra,ERA5-Land Temperature
2017-01-15,2017-01-22,3.0,2017,P105,18.584360447185368,75.61558067829696,Osmanabad,normal,statewide,22.405677504766572,1,7,ERA5-Land Daily Aggregated,Maharashtra,ERA5-Land Temperature
2017-01-15,2017-01-22,3.0,2017,P106,19.031389786894366,76.47235681380711,Parbhani,normal,statewide,22.738278416224887,1,7,ERA5-Land Daily Aggregated,Maharashtra,ERA5-Land Temperature
2017-01-15,2017-01-22,3.0,2017,P107,19.120950831552832,76.56820519095093,Parbhani,normal,statewide,22.384309387207054,1,7,ERA5-Land Daily Aggregated,Maharashtra,ERA5-Land Temperature
2017-01-15,2017-01-22,3.0,2017,P108,19.208625676465683,76.85432786914635,Parbhani,normal,statewide,22.692077709379646,1,7,ERA5-Land Daily Aggregated,Maharashtra,ERA5-Land Temperature
2017-01-15,2017-01-22,3.0,2017,P109,19.212081479782103,76.47396209018636,Parbhani,normal,statewide,22.384762791224887,1,7,ERA5-Land Daily Aggregated,Maharashtra,ERA5-Land Temperature
2017-01-15,2017-01-22,3.0,2017,P110,18.133442771357757,75.04679558432363,Pune,normal,statewide,23.709992980957054,1,7,ERA5-Land Daily Aggregated,Maharashtra,ERA5-Land Temperature
2017-01-15,2017-01-22,3.0,2017,P111,18.584645829652782,74.47919215212944,Pune,normal,statewide,23.24367276146296,1,7,ERA5-Land Daily Aggregated,Maharashtra,ERA5-Land Temperature
2017-01-15,2017-01-22,3.0,2017,P112,18.132979024848197,74.57507620208169,Pune,normal,statewide,23.34221256801061,1,7,ERA5-Land Daily Aggregated,Maharashtra,ERA5-Land Temperature
2017-01-15,2017-01-22,3.0,2017,P113,18.314072036830744,74.76389683618987,Pune,normal,statewide,24.025050644647536,1,7,ERA5-Land Daily Aggregated,Maharashtra,ERA5-Land Temperature
2017-01-15,2017-01-22,3.0,2017,P114,18.48503397121986,73.0589238755964,Raigarh,normal,statewide,24.255891418457054,1,7,ERA5-Land Daily Aggregated,Maharashtra,ERA5-Land Temperature
2017-01-15,2017-01-22,3.0,2017,P115,18.665689991299164,73.05687714821288,Raigarh,normal,statewide,24.0008690970285,1,7,ERA5-Land Daily Aggregated,Maharashtra,ERA5-Land Temperature
2017-01-15,2017-01-22,3.0,2017,P116,18.306197264370358,73.25009891506079,Raigarh,normal,statewide,24.505403137207054,1,7,ERA5-Land Daily Aggregated,Maharashtra,ERA5-Land Temperature
2017-01-15,2017-01-22,3.0,2017,P117,18.21404102289879,73.06194714611064,Raigarh,normal,statewide,24.240940711611813,1,7,ERA5-Land Daily Aggregated,Maharashtra,ERA5-Land Temperature
2017-01-15,2017-01-22,3.0,2017,P118,17.138719885658215,75.42259970290594,Sangli,normal,statewide,24.673430015927295,1,7,ERA5-Land Daily Aggregated,Maharashtra,ERA5-Land Temperature
2017-01-15,2017-01-22,3.0,2017,P119,17.048761981005992,74.95348443567921,Sangli,normal,statewide,24.161920529320184,1,7,ERA5-Land Daily Aggregated,Maharashtra,ERA5-Land Temperature
2017-01-15,2017-01-22,3.0,2017,P120,16.86707144948229,74.39025538161847,Sangli,normal,statewide,23.1021874564035,1,7,ERA5-Land Daily Aggregated,Maharashtra,ERA5-Land Temperature
2017-01-15,2017-01-22,3.0,2017,P121,17.048503353144895,74.67157114887826,Sangli,normal,statewide,23.858883884974887,1,7,ERA5-Land Daily Aggregated,Maharashtra,ERA5-Land Temperature
2017-01-15,2017-01-22,3.0,2017,P148,17.67852974098626,76.08383979812143,Solapur,normal,statewide,23.86530129568922,1,7,ERA5-Land Daily Aggregated,Maharashtra,ERA5-Land Temperature
2017-01-15,2017-01-22,3.0,2017,P149,18.223365003201543,75.4251413905064,Solapur,normal,statewide,24.086388070242776,1,7,ERA5-Land Daily Aggregated,Maharashtra,ERA5-Land Temperature
2017-01-15,2017-01-22,3.0,2017,P150,17.952532582518405,75.23562067753285,Solapur,normal,statewide,24.188903881254703,1,7,ERA5-Land Daily Aggregated,Maharashtra,ERA5-Land Temperature
2017-01-15,2017-01-22,3.0,2017,P151,18.223690517578447,75.23598186471818,Solapur,normal,statewide,24.021702430361756,1,7,ERA5-Land Daily Aggregated,Maharashtra,ERA5-Land Temperature
2017-01-15,2017-01-22,3.0,2017,P152,19.658178867370932,72.94986318203122,Thane,normal,statewide,24.36945168631422,1,7,ERA5-Land Daily Aggregated,Maharashtra,ERA5-Land Temperature
2017-01-15,2017-01-22,3.0,2017,P153,19.65706409210757,72.8545320606096,Thane,normal,statewide,24.06578725179037,1,7,ERA5-Land Daily Aggregated,Maharashtra,ERA5-Land Temperature
2017-01-15,2017-01-22,3.0,2017,P154,19.477549601897948,72.95214624177059,Thane,normal,statewide,24.071495492117776,1,7,ERA5-Land Daily Aggregated,Maharashtra,ERA5-Land Temperature
2017-01-15,2017-01-22,3.0,2017,P155,19.83987385799569,73.0429959666335,Thane,normal,statewide,23.96445726667133,1,7,ERA5-Land Daily Aggregated,Maharashtra,ERA5-Land Temperature
2017-01-15,2017-01-22,3.0,2017,P156,20.806749657616468,78.60135461177485,Wardha,normal,statewide,22.29014086042133,1,7,ERA5-Land Daily Aggregated,Maharashtra,ERA5-Land Temperature
2017-01-15,2017-01-22,3.0,2017,P157,20.71031267913359,78.88671032458906,Wardha,normal,statewide,22.47226976667133,1,7,ERA5-Land Daily Aggregated,Maharashtra,ERA5-Land Temperature
2017-01-15,2017-01-22,3.0,2017,P158,21.081265295769754,78.41565980750515,Wardha,normal,statewide,21.520830499558258,1,7,ERA5-Land Daily Aggregated,Maharashtra,ERA5-Land Temperature
2017-01-15,2017-01-22,3.0,2017,P159,20.439854822938944,78.87986114537097,Wardha,normal,statewide,22.733686247326148,1,7,ERA5-Land Daily Aggregated,Maharashtra,ERA5-Land Temperature
2017-01-15,2017-01-22,3.0,2017,P160,20.289186257444058,77.15404188735265,Washim,normal,statewide,23.005658903576148,1,7,ERA5-Land Daily Aggregated,Maharashtra,ERA5-Land Temperature
2017-01-15,2017-01-22,3.0,2017,P161,20.464607292886615,77.53975858757677,Washim,normal,statewide,22.728838312058258,1,7,ERA5-Land Daily Aggregated,Maharashtra,ERA5-Land Temperature
2017-01-15,2017-01-22,3.0,2017,P162,20.107393166596125,77.2471479173486,Washim,normal,statewide,22.928510466076148,1,7,ERA5-Land Daily Aggregated,Maharashtra,ERA5-Land Temperature
2017-01-15,2017-01-22,3.0,2017,P163,20.198885002010726,77.1527933390577,Washim,normal,statewide,22.912885466076148,1,7,ERA5-Land Daily Aggregated,Maharashtra,ERA5-Land Temperature
2017-01-15,2017-01-22,3.0,2017,P164,20.182854533723592,78.20447678161395,Yavatmal,normal,statewide,22.89199400402248,1,7,ERA5-Land Daily Aggregated,Maharashtra,ERA5-Land Temperature
2017-01-15,2017-01-22,3.0,2017,P165,19.894658373538324,79.05709703494229,Yavatmal,normal,statewide,22.719235447474887,1,7,ERA5-Land Daily Aggregated,Maharashtra,ERA5-Land Temperature
2017-01-15,2017-01-22,3.0,2017,P166,19.468787468327925,77.71426550730338,Yavatmal,normal,statewide,23.336202058338074,1,7,ERA5-Land Daily Aggregated,Maharashtra,ERA5-Land Temperature
2017-01-15,2017-01-22,3.0,2017,P167,19.559057510053886,77.71577268345945,Yavatmal,normal,statewide,22.980663553873683,1,7,ERA5-Land Daily Aggregated,Maharashtra,ERA5-Land Temperature
2017-01-22,2017-01-29,4.0,2017,P147,17.927231643141155,73.94769852026607,Satara,case_study,case_study,22.6912516457694,1,7,ERA5-Land Daily Aggregated,Maharashtra,ERA5-Land Temperature
2017-01-22,2017-01-29,4.0,2017,P061,18.507855650411397,76.91766048140843,Latur,high,priority,24.1499918801444,1,7,ERA5-Land Daily Aggregated,Maharashtra,ERA5-Land Temperature
2017-01-22,2017-01-29,4.0,2017,P062,18.422405896924207,76.3487594508077,Latur,high,priority,23.720955421811084,1,7,ERA5-Land Daily Aggregated,Maharashtra,ERA5-Land Temperature
2017-01-22,2017-01-29,4.0,2017,P063,18.235391198742693,77.05646783810116,Latur,high,priority,23.301893851870545,1,7,ERA5-Land Daily Aggregated,Maharashtra,ERA5-Land Temperature
2017-01-22,2017-01-29,4.0,2017,P064,18.193056493341274,76.77240080549139,Latur,high,priority,23.47868654160277,1,7,ERA5-Land Daily Aggregated,Maharashtra,ERA5-Land Temperature
2017-01-22,2017-01-29,4.0,2017,P065,18.331355512513895,76.44266811899327,Latur,high,priority,23.5559977395194,1,7,ERA5-Land Daily Aggregated,Maharashtra,ERA5-Land Temperature
2017-01-22,2017-01-29,4.0,2017,P066,18.104739537876725,76.5352970251765,Latur,high,priority,23.149817493983676,1,7,ERA5-Land Daily Aggregated,Maharashtra,ERA5-Land Temperature
2017-01-22,2017-01-29,4.0,2017,P067,18.280552974211986,77.0569984711265,Latur,high,priority,23.301893851870545,1,7,ERA5-Land Daily Aggregated,Maharashtra,ERA5-Land Temperature
2017-01-22,2017-01-29,4.0,2017,P068,18.101823285787773,76.86595720469373,Latur,high,priority,23.530188587733676,1,7,ERA5-Land Daily Aggregated,Maharashtra,ERA5-Land Temperature
2017-01-22,2017-01-29,4.0,2017,P069,18.595075667016793,77.20284228928156,Latur,high,priority,24.253321493239696,1,7,ERA5-Land Daily Aggregated,Maharashtra,ERA5-Land Temperature
2017-01-22,2017-01-29,4.0,2017,P070,18.41499041187233,77.15322587185987,Latur,high,priority,24.032467233567047,1,7,ERA5-Land Daily Aggregated,Maharashtra,ERA5-Land Temperature
2017-01-22,2017-01-29,4.0,2017,P071,18.149138807065885,76.63019561379593,Latur,high,priority,23.31664692106699,1,7,ERA5-Land Daily Aggregated,Maharashtra,ERA5-Land Temperature
2017-01-22,2017-01-29,4.0,2017,P072,18.283393421583035,76.77331492120734,Latur,high,priority,23.63966821943012,1,7,ERA5-Land Daily Aggregated,Maharashtra,ERA5-Land Temperature
2017-01-22,2017-01-29,4.0,2017,P073,17.966315663874607,76.86453029235662,Latur,high,priority,23.631867345174157,1,7,ERA5-Land Daily Aggregated,Maharashtra,ERA5-Land Temperature
2017-01-22,2017-01-29,4.0,2017,P074,18.50832831512306,76.870318205524,Latur,high,priority,24.082667196364696,1,7,ERA5-Land Daily Aggregated,Maharashtra,ERA5-Land Temperature
2017-01-22,2017-01-29,4.0,2017,P075,18.41444640154381,77.20053247493588,Latur,high,priority,24.071053078061084,1,7,ERA5-Land Daily Aggregated,Maharashtra,ERA5-Land Temperature
2017-01-22,2017-01-29,4.0,2017,P076,18.377877313804504,76.25376722106614,Latur,high,priority,23.392016619727713,1,7,ERA5-Land Daily Aggregated,Maharashtra,ERA5-Land Temperature
2017-01-22,2017-01-29,4.0,2017,P077,18.059564385104267,76.5349046242838,Latur,high,priority,23.22901206243614,1,7,ERA5-Land Daily Aggregated,Maharashtra,ERA5-Land Temperature
2017-01-22,2017-01-29,4.0,2017,P078,18.1008824154655,76.96042326051098,Latur,high,priority,23.534734253656268,1,7,ERA5-Land Daily Aggregated,Maharashtra,ERA5-Land Temperature
2017-01-22,2017-01-29,4.0,2017,P079,18.73508698099394,76.77797468180819,Latur,high,priority,24.077668126424214,1,7,ERA5-Land Daily Aggregated,Maharashtra,ERA5-Land Temperature
2017-01-22,2017-01-29,4.0,2017,P080,18.46791548227568,76.3017694439065,Latur,high,priority,23.720955421811084,1,7,ERA5-Land Daily Aggregated,Maharashtra,ERA5-Land Temperature
2017-01-22,2017-01-29,4.0,2017,P081,18.10355787609756,76.67701617485712,Latur,high,priority,23.31664692106699,1,7,ERA5-Land Daily Aggregated,Maharashtra,ERA5-Land Temperature
2017-01-22,2017-01-29,4.0,2017,P082,18.23907887531389,76.67830931416262,Latur,high,priority,23.53868700663253,1,7,ERA5-Land Daily Aggregated,Maharashtra,ERA5-Land Temperature
2017-01-22,2017-01-29,4.0,2017,P083,18.369289085175563,77.19996171000103,Latur,high,priority,23.61687013535277,1,7,ERA5-Land Daily Aggregated,Maharashtra,ERA5-Land Temperature
2017-01-22,2017-01-29,4.0,2017,P084,18.46362582706226,76.82249880582684,Latur,high,priority,23.670267177763435,1,7,ERA5-Land Daily Aggregated,Maharashtra,ERA5-Land Temperature
2017-01-22,2017-01-29,4.0,2017,P085,18.14788579966987,76.77194597718393,Latur,high,priority,23.47868654160277,1,7,ERA5-Land Daily Aggregated,Maharashtra,ERA5-Land Temperature
2017-01-22,2017-01-29,4.0,2017,P122,17.88145897082753,73.8441448165019,Satara,high,priority,22.838201050531268,1,7,ERA5-Land Daily Aggregated,Maharashtra,ERA5-Land Temperature
2017-01-22,2017-01-29,4.0,2017,P123,17.386414030975025,74.27088970551878,Satara,high,priority,23.66408228193012,1,7,ERA5-Land Daily Aggregated,Maharashtra,ERA5-Land Temperature
2017-01-22,2017-01-29,4.0,2017,P124,17.43262815429294,74.647353771057,Satara,high,priority,24.823645618983676,1,7,ERA5-Land Daily Aggregated,Maharashtra,ERA5-Land Temperature
2017-01-22,2017-01-29,4.0,2017,P125,17.56734651531964,74.31728219287884,Satara,high,priority,24.16112934294199,1,7,ERA5-Land Daily Aggregated,Maharashtra,ERA5-Land Temperature
2017-01-22,2017-01-29,4.0,2017,P126,17.205080227535593,74.13053949986157,Satara,high,priority,23.842316563924214,1,7,ERA5-Land Daily Aggregated,Maharashtra,ERA5-Land Temperature
2017-01-22,2017-01-29,4.0,2017,P127,17.65773249367299,74.31694330119876,Satara,high,priority,23.823099209013492,1,7,ERA5-Land Daily Aggregated,Maharashtra,ERA5-Land Temperature
2017-01-22,2017-01-29,4.0,2017,P128,18.019949731345452,74.5517328080669,Satara,high,priority,24.987103580293194,1,7,ERA5-Land Daily Aggregated,Maharashtra,ERA5-Land Temperature
2017-01-22,2017-01-29,4.0,2017,P129,18.063234225271252,74.03192648006461,Satara,high,priority,23.73631302969801,1,7,ERA5-Land Daily Aggregated,Maharashtra,ERA5-Land Temperature
2017-01-22,2017-01-29,4.0,2017,P130,17.61135784271715,74.03436560834085,Satara,high,priority,23.87298527672175,1,7,ERA5-Land Daily Aggregated,Maharashtra,ERA5-Land Temperature
2017-01-22,2017-01-29,4.0,2017,P131,17.612539504496315,74.3171127470388,Satara,high,priority,23.823099209013492,1,7,ERA5-Land Daily Aggregated,Maharashtra,ERA5-Land Temperature
2017-01-22,2017-01-29,4.0,2017,P132,17.702176353872684,74.12817617630324,Satara,high,priority,22.970257877168194,1,7,ERA5-Land Daily Aggregated,Maharashtra,ERA5-Land Temperature
2017-01-22,2017-01-29,4.0,2017,P133,17.25006363896275,74.08329532420031,Satara,high,priority,24.23640603565036,1,7,ERA5-Land Daily Aggregated,Maharashtra,ERA5-Land Temperature
2017-01-22,2017-01-29,4.0,2017,P134,17.476429903940936,74.17634784498362,Satara,high,priority,23.320762434459823,1,7,ERA5-Land Daily Aggregated,Maharashtra,ERA5-Land Temperature
2017-01-22,2017-01-29,4.0,2017,P135,17.882716437324603,74.0801070669471,Satara,high,priority,22.546906407674157,1,7,ERA5-Land Daily Aggregated,Maharashtra,ERA5-Land Temperature
2017-01-22,2017-01-29,4.0,2017,P136,17.928520323345598,74.22149178404871,Satara,high,priority,24.498601441156325,1,7,ERA5-Land Daily Aggregated,Maharashtra,ERA5-Land Temperature
2017-01-22,2017-01-29,4.0,2017,P137,17.746687100588183,73.98648378122894,Satara,high,priority,23.158013643537288,1,7,ERA5-Land Daily Aggregated,Maharashtra,ERA5-Land Temperature
2017-01-22,2017-01-29,4.0,2017,P138,17.61269557303319,74.36423652697161,Satara,high,priority,23.823099209013492,1,7,ERA5-Land Daily Aggregated,Maharashtra,ERA5-Land Temperature
2017-01-22,2017-01-29,4.0,2017,P139,17.656773786946495,74.08126197411994,Satara,high,priority,23.87298527672175,1,7,ERA5-Land Daily Aggregated,Maharashtra,ERA5-Land Temperature
2017-01-22,2017-01-29,4.0,2017,P140,17.97464080554139,74.50462240543725,Satara,high,priority,25.141958491007472,1,7,ERA5-Land Daily Aggregated,Maharashtra,ERA5-Land Temperature
2017-01-22,2017-01-29,4.0,2017,P141,17.430826677467348,74.08239904488856,Satara,high,priority,23.54191896347777,1,7,ERA5-Land Daily Aggregated,Maharashtra,ERA5-Land Temperature
2017-01-22,2017-01-29,4.0,2017,P142,18.064447100757786,74.31538707493111,Satara,high,priority,24.868311727614696,1,7,ERA5-Land Daily Aggregated,Maharashtra,ERA5-Land Temperature
2017-01-22,2017-01-29,4.0,2017,P143,17.70379500755509,74.6468275971327,Satara,high,priority,24.81178736005512,1,7,ERA5-Land Daily Aggregated,Maharashtra,ERA5-Land Temperature
2017-01-22,2017-01-29,4.0,2017,P144,17.929452275465767,74.50474726026674,Satara,high,priority,25.141958491007472,1,7,ERA5-Land Daily Aggregated,Maharashtra,ERA5-Land Temperature
2017-01-22,2017-01-29,4.0,2017,P145,17.47773196144854,74.60017202281048,Satara,high,priority,24.82412227448964,1,7,ERA5-Land Daily Aggregated,Maharashtra,ERA5-Land Temperature
2017-01-22,2017-01-29,4.0,2017,P146,17.839182233739812,74.55218763637436,Satara,high,priority,24.680637341453973,1,7,ERA5-Land Daily Aggregated,Maharashtra,ERA5-Land Temperature
2017-01-22,2017-01-29,4.0,2017,P001,19.940457800458272,74.57045211428928,Ahmednagar,normal,statewide,22.440089071364696,1,7,ERA5-Land Daily Aggregated,Maharashtra,ERA5-Land Temperature
2017-01-22,2017-01-29,4.0,2017,P002,18.946729294293643,74.76302285238339,Ahmednagar,normal,statewide,24.163291731334937,1,7,ERA5-Land Daily Aggregated,Maharashtra,ERA5-Land Temperature
2017-01-22,2017-01-29,4.0,2017,P003,18.49469238410162,74.66892244285252,Ahmednagar,normal,statewide,24.89695756094801,1,7,ERA5-Land Daily Aggregated,Maharashtra,ERA5-Land Temperature
2017-01-22,2017-01-29,4.0,2017,P004,19.03720445466806,75.1420731965326,Ahmednagar,normal,statewide,23.576133528209937,1,7,ERA5-Land Daily Aggregated,Maharashtra,ERA5-Land Temperature
2017-01-22,2017-01-29,4.0,2017,P005,20.832153156317954,77.06560453615967,Akola,normal,statewide,23.176161429995545,1,7,ERA5-Land Daily Aggregated,Maharashtra,ERA5-Land Temperature
2017-01-22,2017-01-29,4.0,2017,P006,20.834360411339407,76.87349308547405,Akola,normal,statewide,23.130088606334937,1,7,ERA5-Land Daily Aggregated,Maharashtra,ERA5-Land Temperature
2017-01-22,2017-01-29,4.0,2017,P007,21.014976299509232,76.87574047240498,Akola,normal,statewide,23.000612694876565,1,7,ERA5-Land Daily Aggregated,Maharashtra,ERA5-Land Temperature
2017-01-22,2017-01-29,4.0,2017,P008,20.828434266039377,77.35372489162701,Akola,normal,statewide,23.109011132376565,1,7,ERA5-Land Daily Aggregated,Maharashtra,ERA5-Land Temperature
2017-01-22,2017-01-29,4.0,2017,P009,21.360971327549258,77.94039543992572,Amravati,normal,statewide,22.402107765561084,1,7,ERA5-Land Daily Aggregated,Maharashtra,ERA5-Land Temperature
2017-01-22,2017-01-29,4.0,2017,P010,21.178803672212837,78.03301542790685,Amravati,normal,statewide,22.712282616751565,1,7,ERA5-Land Daily Aggregated,Maharashtra,ERA5-Land Temperature
2017-01-22,2017-01-29,4.0,2017,P011,20.814388097721018,78.21764450702477,Amravati,normal,statewide,23.320367159162288,1,7,ERA5-Land Daily Aggregated,Maharashtra,ERA5-Land Temperature
2017-01-22,2017-01-29,4.0,2017,P012,21.180502589714195,77.93681032267875,Amravati,normal,statewide,22.978430775233676,1,7,ERA5-Land Daily Aggregated,Maharashtra,ERA5-Land Temperature
2017-01-22,2017-01-29,4.0,2017,P013,20.031289688916964,74.8570519162974,Aurangabad,normal,statewide,22.89932921273379,1,7,ERA5-Land Daily Aggregated,Maharashtra,ERA5-Land Temperature
2017-01-22,2017-01-29,4.0,2017,P014,19.760185263069562,75.14270192978114,Aurangabad,normal,statewide,23.503333118983676,1,7,ERA5-Land Daily Aggregated,Maharashtra,ERA5-Land Temperature
2017-01-22,2017-01-29,4.0,2017,P015,19.9408189876436,74.76157364454102,Aurangabad,normal,statewide,22.827458863031325,1,7,ERA5-Land Daily Aggregated,Maharashtra,ERA5-Land Temperature
2017-01-22,2017-01-29,4.0,2017,P016,19.66981712112043,75.14262166596218,Aurangabad,normal,statewide,23.5679606301444,1,7,ERA5-Land Daily Aggregated,Maharashtra,ERA5-Land Temperature
2017-01-22,2017-01-29,4.0,2017,P017,21.04613203856966,79.85576216552393,Bhandara,normal,statewide,22.603430775233676,1,7,ERA5-Land Daily Aggregated,Maharashtra,ERA5-Land Temperature
2017-01-22,2017-01-29,4.0,2017,P018,21.31897105472685,79.76852877161537,Bhandara,normal,statewide,22.659176217942047,1,7,ERA5-Land Daily Aggregated,Maharashtra,ERA5-Land Temperature
2017-01-22,2017-01-29,4.0,2017,P019,21.40900922319803,79.77144948280537,Bhandara,normal,statewide,22.514714722406325,1,7,ERA5-Land Daily Aggregated,Maharashtra,ERA5-Land Temperature
2017-01-22,2017-01-29,4.0,2017,P020,21.144196588937042,79.57074980349083,Bhandara,normal,statewide,22.74529972984675,1,7,ERA5-Land Daily Aggregated,Maharashtra,ERA5-Land Temperature
2017-01-22,2017-01-29,4.0,2017,P021,18.67502288980403,75.52108340877234,Bid,normal,statewide,23.71059688386464,1,7,ERA5-Land Daily Aggregated,Maharashtra,ERA5-Land Temperature
2017-01-22,2017-01-29,4.0,2017,P022,18.856499384477168,75.04699178476999,Bid,normal,statewide,24.460096976870602,1,7,ERA5-Land Daily Aggregated,Maharashtra,ERA5-Land Temperature
2017-01-22,2017-01-29,4.0,2017,P023,19.126596053486494,75.6175605191647,Bid,normal,statewide,24.01951615469801,1,7,ERA5-Land Daily Aggregated,Maharashtra,ERA5-Land Temperature
2017-01-22,2017-01-29,4.0,2017,P024,18.763955201213946,75.90084720909012,Bid,normal,statewide,23.310299264817047,1,7,ERA5-Land Daily Aggregated,Maharashtra,ERA5-Land Temperature
2017-01-22,2017-01-29,4.0,2017,P025,20.93073496240753,76.20164478885242,Buldana,normal,statewide,22.865033267793194,1,7,ERA5-Land Daily Aggregated,Maharashtra,ERA5-Land Temperature
2017-01-22,2017-01-29,4.0,2017,P026,20.838939908121294,76.39311412898633,Buldana,normal,statewide,23.328005273001565,1,7,ERA5-Land Daily Aggregated,Maharashtra,ERA5-Land Temperature
2017-01-22,2017-01-29,4.0,2017,P027,20.657476790751314,76.48742857536776,Buldana,normal,statewide,23.302451887584937,1,7,ERA5-Land Daily Aggregated,Maharashtra,ERA5-Land Temperature
2017-01-22,2017-01-29,4.0,2017,P028,20.47967013624516,76.10222021266374,Buldana,normal,statewide,23.015772665114696,1,7,ERA5-Land Daily Aggregated,Maharashtra,ERA5-Land Temperature
2017-01-22,2017-01-29,4.0,2017,P029,20.32317798477448,79.92829390325927,Chandrapur,normal,statewide,23.507623018537345,1,7,ERA5-Land Daily Aggregated,Maharashtra,ERA5-Land Temperature
2017-01-22,2017-01-29,4.0,2017,P030,20.60872097983294,79.36304041732026,Chandrapur,normal,statewide,23.34944314502542,1,7,ERA5-Land Daily Aggregated,Maharashtra,ERA5-Land Temperature
2017-01-22,2017-01-29,4.0,2017,P031,20.511160307884595,79.64732594588165,Chandrapur,normal,statewide,23.393190819876565,1,7,ERA5-Land Daily Aggregated,Maharashtra,ERA5-Land Temperature
2017-01-22,2017-01-29,4.0,2017,P032,20.598621115946884,79.74569817422172,Chandrapur,normal,statewide,23.41546574547175,1,7,ERA5-Land Daily Aggregated,Maharashtra,ERA5-Land Temperature
2017-01-22,2017-01-29,4.0,2017,P033,21.38667804512237,75.14422248324037,Dhule,normal,statewide,23.49359074547175,1,7,ERA5-Land Daily Aggregated,Maharashtra,ERA5-Land Temperature
2017-01-22,2017-01-29,4.0,2017,P034,21.025151968113196,74.75989256344387,Dhule,normal,statewide,23.873252668834937,1,7,ERA5-Land Daily Aggregated,Maharashtra,ERA5-Land Temperature
2017-01-22,2017-01-29,4.0,2017,P035,21.477028350667293,74.85568743137505,Dhule,normal,statewide,23.550022107078973,1,7,ERA5-Land Daily Aggregated,Maharashtra,ERA5-Land Temperature
2017-01-22,2017-01-29,4.0,2017,P036,20.933820660336515,74.37533522949364,Dhule,normal,statewide,23.815716861543194,1,7,ERA5-Land Daily Aggregated,Maharashtra,ERA5-Land Temperature
2017-01-22,2017-01-29,4.0,2017,P037,19.963056524597132,79.91698116388667,Garhchiroli,normal,statewide,24.297534197852713,1,7,ERA5-Land Daily Aggregated,Maharashtra,ERA5-Land Temperature
2017-01-22,2017-01-29,4.0,2017,P038,19.062661462582188,79.88977172925856,Garhchiroli,normal,statewide,24.950168591453973,1,7,ERA5-Land Daily Aggregated,Maharashtra,ERA5-Land Temperature
2017-01-22,2017-01-29,4.0,2017,P039,19.510270485428137,79.9981368030594,Garhchiroli,normal,statewide,25.328028524489696,1,7,ERA5-Land Daily Aggregated,Maharashtra,ERA5-Land Temperature
2017-01-22,2017-01-29,4.0,2017,P040,19.870365190999156,80.00935144220881,Garhchiroli,normal,statewide,24.6949137551444,1,7,ERA5-Land Daily Aggregated,Maharashtra,ERA5-Land Temperature
2017-01-22,2017-01-29,4.0,2017,P041,21.127639946725598,80.1465044724107,Gondiya,normal,statewide,22.757483509608676,1,7,ERA5-Land Daily Aggregated,Maharashtra,ERA5-Land Temperature
2017-01-22,2017-01-29,4.0,2017,P042,21.397598383602258,80.15591763473452,Gondiya,normal,statewide,22.372555124192047,1,7,ERA5-Land Daily Aggregated,Maharashtra,ERA5-Land Temperature
2017-01-22,2017-01-29,4.0,2017,P043,21.574548890706154,80.25847249986273,Gondiya,normal,statewide,21.874182728358676,1,7,ERA5-Land Daily Aggregated,Maharashtra,ERA5-Land Temperature
2017-01-22,2017-01-29,4.0,2017,P044,21.211649410572516,80.34153217518526,Gondiya,normal,statewide,22.246613438924214,1,7,ERA5-Land Daily Aggregated,Maharashtra,ERA5-Land Temperature
2017-01-22,2017-01-29,4.0,2017,P045,19.655900266732623,77.2407892392464,Hingoli,normal,statewide,24.22297830127542,1,7,ERA5-Land Daily Aggregated,Maharashtra,ERA5-Land Temperature
2017-01-22,2017-01-29,4.0,2017,P046,19.566758377573187,77.1442675378435,Hingoli,normal,statewide,24.19459986005512,1,7,ERA5-Land Daily Aggregated,Maharashtra,ERA5-Land Temperature
2017-01-22,2017-01-29,4.0,2017,P047,19.47860194974656,76.9526242927685,Hingoli,normal,statewide,24.458713513328917,1,7,ERA5-Land Daily Aggregated,Maharashtra,ERA5-Land Temperature
2017-01-22,2017-01-29,4.0,2017,P048,19.927981235710728,77.14910120338544,Hingoli,normal,statewide,24.091060983567047,1,7,ERA5-Land Daily Aggregated,Maharashtra,ERA5-Land Temperature
2017-01-22,2017-01-29,4.0,2017,P049,21.292738163229433,76.10816865346904,Jalgaon,normal,statewide,23.08556200663253,1,7,ERA5-Land Daily Aggregated,Maharashtra,ERA5-Land Temperature
2017-01-22,2017-01-29,4.0,2017,P050,21.386178625804387,75.43363151891216,Jalgaon,normal,statewide,22.047766712733676,1,7,ERA5-Land Daily Aggregated,Maharashtra,ERA5-Land Temperature
2017-01-22,2017-01-29,4.0,2017,P051,21.112064306745907,76.10682200495089,Jalgaon,normal,statewide,22.787326794578917,1,7,ERA5-Land Daily Aggregated,Maharashtra,ERA5-Land Temperature
2017-01-22,2017-01-29,4.0,2017,P052,20.844437979720194,75.23982115072519,Jalgaon,normal,statewide,23.64698081243614,1,7,ERA5-Land Daily Aggregated,Maharashtra,ERA5-Land Temperature
2017-01-22,2017-01-29,4.0,2017,P053,19.486369703781666,76.00005328932718,Jalna,normal,statewide,23.700621995471863,1,7,ERA5-Land Daily Aggregated,Maharashtra,ERA5-Land Temperature
2017-01-22,2017-01-29,4.0,2017,P054,20.028502750758555,76.00343774702675,Jalna,normal,statewide,23.579260853358676,1,7,ERA5-Land Daily Aggregated,Maharashtra,ERA5-Land Temperature
2017-01-22,2017-01-29,4.0,2017,P055,19.75743845682064,76.00172991132328,Jalna,normal,statewide,23.580865206037288,1,7,ERA5-Land Daily Aggregated,Maharashtra,ERA5-Land Temperature
2017-01-22,2017-01-29,4.0,2017,P056,19.57768317515413,75.80993951591351,Jalna,normal,statewide,23.65349122910277,1,7,ERA5-Land Daily Aggregated,Maharashtra,ERA5-Land Temperature
2017-01-22,2017-01-29,4.0,2017,P057,16.776377793156257,74.29671235971928,Kolhapur,normal,statewide,24.737673241751565,1,7,ERA5-Land Daily Aggregated,Maharashtra,ERA5-Land Temperature
2017-01-22,2017-01-29,4.0,2017,P058,16.324416687682138,74.29834884980589,Kolhapur,normal,statewide,24.810903803507472,1,7,ERA5-Land Daily Aggregated,Maharashtra,ERA5-Land Temperature
2017-01-22,2017-01-29,4.0,2017,P059,16.595891218916975,74.39111598812178,Kolhapur,normal,statewide,25.05532344636464,1,7,ERA5-Land Daily Aggregated,Maharashtra,ERA5-Land Temperature
2017-01-22,2017-01-29,4.0,2017,P060,16.414811584237594,74.29802779453004,Kolhapur,normal,statewide,24.985557356334937,1,7,ERA5-Land Daily Aggregated,Maharashtra,ERA5-Land Temperature
2017-01-22,2017-01-29,4.0,2017,P086,21.054127206758487,79.56798961993874,Nagpur,normal,statewide,22.60695337568012,1,7,ERA5-Land Daily Aggregated,Maharashtra,ERA5-Land Temperature
2017-01-22,2017-01-29,4.0,2017,P087,21.146765031143822,79.47473643960802,Nagpur,normal,statewide,22.75487934294199,1,7,ERA5-Land Daily Aggregated,Maharashtra,ERA5-Land Temperature
2017-01-22,2017-01-29,4.0,2017,P088,21.347803602138427,78.61442869606356,Nagpur,normal,statewide,21.826575306483676,1,7,ERA5-Land Daily Aggregated,Maharashtra,ERA5-Land Temperature
2017-01-22,2017-01-29,4.0,2017,P089,21.165377318940912,78.70615240473293,Nagpur,normal,statewide,22.439333398001565,1,7,ERA5-Land Daily Aggregated,Maharashtra,ERA5-Land Temperature
2017-01-22,2017-01-29,4.0,2017,P090,19.201968238592887,77.42470040309472,Nanded,normal,statewide,24.19548341660277,1,7,ERA5-Land Daily Aggregated,Maharashtra,ERA5-Land Temperature
2017-01-22,2017-01-29,4.0,2017,P091,18.566038000956755,77.69963965584807,Nanded,normal,statewide,24.527979696364696,1,7,ERA5-Land Daily Aggregated,Maharashtra,ERA5-Land Temperature
2017-01-22,2017-01-29,4.0,2017,P092,19.736596618496833,77.90946265591798,Nanded,normal,statewide,24.070448539370602,1,7,ERA5-Land Daily Aggregated,Maharashtra,ERA5-Land Temperature
2017-01-22,2017-01-29,4.0,2017,P093,18.93564842817583,77.04115528508362,Nanded,normal,statewide,24.365196028209994,1,7,ERA5-Land Daily Aggregated,Maharashtra,ERA5-Land Temperature
2017-01-22,2017-01-29,4.0,2017,P094,21.564917232430716,74.08292967791392,Nandurbar,normal,statewide,23.139354324340843,1,7,ERA5-Land Daily Aggregated,Maharashtra,ERA5-Land Temperature
2017-01-22,2017-01-29,4.0,2017,P095,21.5662594218478,74.37266422796263,Nandurbar,normal,statewide,24.155734997703973,1,7,ERA5-Land Daily Aggregated,Maharashtra,ERA5-Land Temperature
2017-01-22,2017-01-29,4.0,2017,P096,21.385179787168415,74.27697637845674,Nandurbar,normal,statewide,23.399282709757472,1,7,ERA5-Land Daily Aggregated,Maharashtra,ERA5-Land Temperature
2017-01-22,2017-01-29,4.0,2017,P097,21.565421110849755,74.17950488852946,Nandurbar,normal,statewide,23.541779454549214,1,7,ERA5-Land Daily Aggregated,Maharashtra,ERA5-Land Temperature
2017-01-22,2017-01-29,4.0,2017,P098,20.299553667393326,73.99482675929994,Nashik,normal,statewide,21.327493740263435,1,7,ERA5-Land Daily Aggregated,Maharashtra,ERA5-Land Temperature
2017-01-22,2017-01-29,4.0,2017,P099,20.120253214034264,74.28296495117151,Nashik,normal,statewide,22.246253040858676,1,7,ERA5-Land Daily Aggregated,Maharashtra,ERA5-Land Temperature
2017-01-22,2017-01-29,4.0,2017,P100,20.389903972938242,73.99424261706194,Nashik,normal,statewide,21.221792475382472,1,7,ERA5-Land Daily Aggregated,Maharashtra,ERA5-Land Temperature
2017-01-22,2017-01-29,4.0,2017,P101,20.029015547379707,74.09216447619562,Nashik,normal,statewide,22.196157709757472,1,7,ERA5-Land Daily Aggregated,Maharashtra,ERA5-Land Temperature
2017-01-22,2017-01-29,4.0,2017,P102,17.85749130266526,76.36802722645965,Osmanabad,normal,statewide,23.982313773745545,1,7,ERA5-Land Daily Aggregated,Maharashtra,ERA5-Land Temperature
2017-01-22,2017-01-29,4.0,2017,P103,17.76644983645705,76.46164605307673,Osmanabad,normal,statewide,24.17097634815036,1,7,ERA5-Land Daily Aggregated,Maharashtra,ERA5-Land Temperature
2017-01-22,2017-01-29,4.0,2017,P104,17.949094615606196,76.17989775301476,Osmanabad,normal,statewide,24.010296939668194,1,7,ERA5-Land Daily Aggregated,Maharashtra,ERA5-Land Temperature
2017-01-22,2017-01-29,4.0,2017,P105,18.584360447185368,75.61558067829696,Osmanabad,normal,statewide,23.792337490263492,1,7,ERA5-Land Daily Aggregated,Maharashtra,ERA5-Land Temperature
2017-01-22,2017-01-29,4.0,2017,P106,19.031389786894366,76.47235681380711,Parbhani,normal,statewide,24.07130884443012,1,7,ERA5-Land Daily Aggregated,Maharashtra,ERA5-Land Temperature
2017-01-22,2017-01-29,4.0,2017,P107,19.120950831552832,76.56820519095093,Parbhani,normal,statewide,23.848629342942047,1,7,ERA5-Land Daily Aggregated,Maharashtra,ERA5-Land Temperature
2017-01-22,2017-01-29,4.0,2017,P108,19.208625676465683,76.85432786914635,Parbhani,normal,statewide,24.269341768537288,1,7,ERA5-Land Daily Aggregated,Maharashtra,ERA5-Land Temperature
2017-01-22,2017-01-29,4.0,2017,P109,19.212081479782103,76.47396209018636,Parbhani,normal,statewide,23.82202964056114,1,7,ERA5-Land Daily Aggregated,Maharashtra,ERA5-Land Temperature
2017-01-22,2017-01-29,4.0,2017,P110,18.133442771357757,75.04679558432363,Pune,normal,statewide,24.764772851126565,1,7,ERA5-Land Daily Aggregated,Maharashtra,ERA5-Land Temperature
2017-01-22,2017-01-29,4.0,2017,P111,18.584645829652782,74.47919215212944,Pune,normal,statewide,24.209259923299214,1,7,ERA5-Land Daily Aggregated,Maharashtra,ERA5-Land Temperature
2017-01-22,2017-01-29,4.0,2017,P112,18.132979024848197,74.57507620208169,Pune,normal,statewide,24.362033825828917,1,7,ERA5-Land Daily Aggregated,Maharashtra,ERA5-Land Temperature
2017-01-22,2017-01-29,4.0,2017,P113,18.314072036830744,74.76389683618987,Pune,normal,statewide,25.282013829549214,1,7,ERA5-Land Daily Aggregated,Maharashtra,ERA5-Land Temperature
2017-01-22,2017-01-29,4.0,2017,P114,18.48503397121986,73.0589238755964,Raigarh,normal,statewide,25.623089908418194,1,7,ERA5-Land Daily Aggregated,Maharashtra,ERA5-Land Temperature
2017-01-22,2017-01-29,4.0,2017,P115,18.665689991299164,73.05687714821288,Raigarh,normal,statewide,25.322215652465843,1,7,ERA5-Land Daily Aggregated,Maharashtra,ERA5-Land Temperature
2017-01-22,2017-01-29,4.0,2017,P116,18.306197264370358,73.25009891506079,Raigarh,normal,statewide,25.83357400440036,1,7,ERA5-Land Daily Aggregated,Maharashtra,ERA5-Land Temperature
2017-01-22,2017-01-29,4.0,2017,P117,18.21404102289879,73.06194714611064,Raigarh,normal,statewide,25.63060013907301,1,7,ERA5-Land Daily Aggregated,Maharashtra,ERA5-Land Temperature
2017-01-22,2017-01-29,4.0,2017,P118,17.138719885658215,75.42259970290594,Sangli,normal,statewide,26.178753970918194,1,7,ERA5-Land Daily Aggregated,Maharashtra,ERA5-Land Temperature
2017-01-22,2017-01-29,4.0,2017,P119,17.048761981005992,74.95348443567921,Sangli,normal,statewide,25.597083118983676,1,7,ERA5-Land Daily Aggregated,Maharashtra,ERA5-Land Temperature
2017-01-22,2017-01-29,4.0,2017,P120,16.86707144948229,74.39025538161847,Sangli,normal,statewide,24.892063122703917,1,7,ERA5-Land Daily Aggregated,Maharashtra,ERA5-Land Temperature
2017-01-22,2017-01-29,4.0,2017,P121,17.048503353144895,74.67157114887826,Sangli,normal,statewide,25.434869112287288,1,7,ERA5-Land Daily Aggregated,Maharashtra,ERA5-Land Temperature
2017-01-22,2017-01-29,4.0,2017,P148,17.67852974098626,76.08383979812143,Solapur,normal,statewide,25.40968775068012,1,7,ERA5-Land Daily Aggregated,Maharashtra,ERA5-Land Temperature
2017-01-22,2017-01-29,4.0,2017,P149,18.223365003201543,75.4251413905064,Solapur,normal,statewide,25.570564796811084,1,7,ERA5-Land Daily Aggregated,Maharashtra,ERA5-Land Temperature
2017-01-22,2017-01-29,4.0,2017,P150,17.952532582518405,75.23562067753285,Solapur,normal,statewide,25.737638364519455,1,7,ERA5-Land Daily Aggregated,Maharashtra,ERA5-Land Temperature
2017-01-22,2017-01-29,4.0,2017,P151,18.223690517578447,75.23598186471818,Solapur,normal,statewide,25.501752017793194,1,7,ERA5-Land Daily Aggregated,Maharashtra,ERA5-Land Temperature
2017-01-22,2017-01-29,4.0,2017,P152,19.658178867370932,72.94986318203122,Thane,normal,statewide,25.92653345380512,1,7,ERA5-Land Daily Aggregated,Maharashtra,ERA5-Land Temperature
2017-01-22,2017-01-29,4.0,2017,P153,19.65706409210757,72.8545320606096,Thane,normal,statewide,25.555579212733676,1,7,ERA5-Land Daily Aggregated,Maharashtra,ERA5-Land Temperature
2017-01-22,2017-01-29,4.0,2017,P154,19.477549601897948,72.95214624177059,Thane,normal,statewide,25.467258435203973,1,7,ERA5-Land Daily Aggregated,Maharashtra,ERA5-Land Temperature
2017-01-22,2017-01-29,4.0,2017,P155,19.83987385799569,73.0429959666335,Thane,normal,statewide,25.7122477395194,1,7,ERA5-Land Daily Aggregated,Maharashtra,ERA5-Land Temperature
2017-01-22,2017-01-29,4.0,2017,P156,20.806749657616468,78.60135461177485,Wardha,normal,statewide,23.42366189502536,1,7,ERA5-Land Daily Aggregated,Maharashtra,ERA5-Land Temperature
2017-01-22,2017-01-29,4.0,2017,P157,20.71031267913359,78.88671032458906,Wardha,normal,statewide,23.577842512584937,1,7,ERA5-Land Daily Aggregated,Maharashtra,ERA5-Land Temperature
2017-01-22,2017-01-29,4.0,2017,P158,21.081265295769754,78.41565980750515,Wardha,normal,statewide,22.573122460501565,1,7,ERA5-Land Daily Aggregated,Maharashtra,ERA5-Land Temperature
2017-01-22,2017-01-29,4.0,2017,P159,20.439854822938944,78.87986114537097,Wardha,normal,statewide,23.781409290858676,1,7,ERA5-Land Daily Aggregated,Maharashtra,ERA5-Land Temperature
2017-01-22,2017-01-29,4.0,2017,P160,20.289186257444058,77.15404188735265,Washim,normal,statewide,23.832469558715843,1,7,ERA5-Land Daily Aggregated,Maharashtra,ERA5-Land Temperature
2017-01-22,2017-01-29,4.0,2017,P161,20.464607292886615,77.53975858757677,Washim,normal,statewide,23.60136139279325,1,7,ERA5-Land Daily Aggregated,Maharashtra,ERA5-Land Temperature
2017-01-22,2017-01-29,4.0,2017,P162,20.107393166596125,77.2471479173486,Washim,normal,statewide,23.82830754234675,1,7,ERA5-Land Daily Aggregated,Maharashtra,ERA5-Land Temperature
2017-01-22,2017-01-29,4.0,2017,P163,20.198885002010726,77.1527933390577,Washim,normal,statewide,23.80696267627542,1,7,ERA5-Land Daily Aggregated,Maharashtra,ERA5-Land Temperature
2017-01-22,2017-01-29,4.0,2017,P164,20.182854533723592,78.20447678161395,Yavatmal,normal,statewide,24.016365578061084,1,7,ERA5-Land Daily Aggregated,Maharashtra,ERA5-Land Temperature
2017-01-22,2017-01-29,4.0,2017,P165,19.894658373538324,79.05709703494229,Yavatmal,normal,statewide,23.848757226126565,1,7,ERA5-Land Daily Aggregated,Maharashtra,ERA5-Land Temperature
2017-01-22,2017-01-29,4.0,2017,P166,19.468787468327925,77.71426550730338,Yavatmal,normal,statewide,24.497810890561084,1,7,ERA5-Land Daily Aggregated,Maharashtra,ERA5-Land Temperature
2017-01-22,2017-01-29,4.0,2017,P167,19.559057510053886,77.71577268345945,Yavatmal,normal,statewide,24.15828103565036,1,7,ERA5-Land Daily Aggregated,Maharashtra,ERA5-Land Temperature
2017-01-29,2017-02-05,5.0,2017,P147,17.927231643141155,73.94769852026607,Satara,case_study,case_study,23.370456314086937,1,7,ERA5-Land Daily Aggregated,Maharashtra,ERA5-Land Temperature
2017-01-29,2017-02-05,5.0,2017,P061,18.507855650411397,76.91766048140843,Latur,high,priority,24.300306574503566,1,7,ERA5-Land Daily Aggregated,Maharashtra,ERA5-Land Temperature
2017-01-29,2017-02-05,5.0,2017,P062,18.422405896924207,76.3487594508077,Latur,high,priority,23.96276472182501,1,7,ERA5-Land Daily Aggregated,Maharashtra,ERA5-Land Temperature
2017-01-29,2017-02-05,5.0,2017,P063,18.235391198742693,77.05646783810116,Latur,high,priority,23.621014349801214,1,7,ERA5-Land Daily Aggregated,Maharashtra,ERA5-Land Temperature
2017-01-29,2017-02-05,5.0,2017,P064,18.193056493341274,76.77240080549139,Latur,high,priority,23.58296328953338,1,7,ERA5-Land Daily Aggregated,Maharashtra,ERA5-Land Temperature
2017-01-29,2017-02-05,5.0,2017,P065,18.331355512513895,76.44266811899327,Latur,high,priority,23.635500026884586,1,7,ERA5-Land Daily Aggregated,Maharashtra,ERA5-Land Temperature
2017-01-29,2017-02-05,5.0,2017,P066,18.104739537876725,76.5352970251765,Latur,high,priority,23.17578323000953,1,7,ERA5-Land Daily Aggregated,Maharashtra,ERA5-Land Temperature
2017-01-29,2017-02-05,5.0,2017,P067,18.280552974211986,77.0569984711265,Latur,high,priority,23.621014349801214,1,7,ERA5-Land Daily Aggregated,Maharashtra,ERA5-Land Temperature
2017-01-29,2017-02-05,5.0,2017,P068,18.101823285787773,76.86595720469373,Latur,high,priority,23.68583949861079,1,7,ERA5-Land Daily Aggregated,Maharashtra,ERA5-Land Temperature
2017-01-29,2017-02-05,5.0,2017,P069,18.595075667016793,77.20284228928156,Latur,high,priority,24.458963103521512,1,7,ERA5-Land Daily Aggregated,Maharashtra,ERA5-Land Temperature
2017-01-29,2017-02-05,5.0,2017,P070,18.41499041187233,77.15322587185987,Latur,high,priority,24.269184457688084,1,7,ERA5-Land Daily Aggregated,Maharashtra,ERA5-Land Temperature
2017-01-29,2017-02-05,5.0,2017,P071,18.149138807065885,76.63019561379593,Latur,high,priority,23.37237456185477,1,7,ERA5-Land Daily Aggregated,Maharashtra,ERA5-Land Temperature
2017-01-29,2017-02-05,5.0,2017,P072,18.283393421583035,76.77331492120734,Latur,high,priority,23.743747329711937,1,7,ERA5-Land Daily Aggregated,Maharashtra,ERA5-Land Temperature
2017-01-29,2017-02-05,5.0,2017,P073,17.966315663874607,76.86453029235662,Latur,high,priority,23.899078895932234,1,7,ERA5-Land Daily Aggregated,Maharashtra,ERA5-Land Temperature
2017-01-29,2017-02-05,5.0,2017,P074,18.50832831512306,76.870318205524,Latur,high,priority,24.24184070768814,1,7,ERA5-Land Daily Aggregated,Maharashtra,ERA5-Land Temperature
2017-01-29,2017-02-05,5.0,2017,P075,18.41444640154381,77.20053247493588,Latur,high,priority,24.285286113194104,1,7,ERA5-Land Daily Aggregated,Maharashtra,ERA5-Land Temperature
2017-01-29,2017-02-05,5.0,2017,P076,18.377877313804504,76.25376722106614,Latur,high,priority,23.592019744146512,1,7,ERA5-Land Daily Aggregated,Maharashtra,ERA5-Land Temperature
2017-01-29,2017-02-05,5.0,2017,P077,18.059564385104267,76.5349046242838,Latur,high,priority,23.27870594206314,1,7,ERA5-Land Daily Aggregated,Maharashtra,ERA5-Land Temperature
2017-01-29,2017-02-05,5.0,2017,P078,18.1008824154655,76.96042326051098,Latur,high,priority,23.797307132539288,1,7,ERA5-Land Daily Aggregated,Maharashtra,ERA5-Land Temperature
2017-01-29,2017-02-05,5.0,2017,P079,18.73508698099394,76.77797468180819,Latur,high,priority,24.355273092360733,1,7,ERA5-Land Daily Aggregated,Maharashtra,ERA5-Land Temperature
2017-01-29,2017-02-05,5.0,2017,P080,18.46791548227568,76.3017694439065,Latur,high,priority,23.96276472182501,1,7,ERA5-Land Daily Aggregated,Maharashtra,ERA5-Land Temperature
2017-01-29,2017-02-05,5.0,2017,P081,18.10355787609756,76.67701617485712,Latur,high,priority,23.37237456185477,1,7,ERA5-Land Daily Aggregated,Maharashtra,ERA5-Land Temperature
2017-01-29,2017-02-05,5.0,2017,P082,18.23907887531389,76.67830931416262,Latur,high,priority,23.59371710277736,1,7,ERA5-Land Daily Aggregated,Maharashtra,ERA5-Land Temperature
2017-01-29,2017-02-05,5.0,2017,P083,18.369289085175563,77.19996171000103,Latur,high,priority,23.913029788789345,1,7,ERA5-Land Daily Aggregated,Maharashtra,ERA5-Land Temperature
2017-01-29,2017-02-05,5.0,2017,P084,18.46362582706226,76.82249880582684,Latur,high,priority,23.85615664890838,1,7,ERA5-Land Daily Aggregated,Maharashtra,ERA5-Land Temperature
2017-01-29,2017-02-05,5.0,2017,P085,18.14788579966987,76.77194597718393,Latur,high,priority,23.58296328953338,1,7,ERA5-Land Daily Aggregated,Maharashtra,ERA5-Land Temperature
2017-01-29,2017-02-05,5.0,2017,P122,17.88145897082753,73.8441448165019,Satara,high,priority,23.830580012003622,1,7,ERA5-Land Daily Aggregated,Maharashtra,ERA5-Land Temperature
2017-01-29,2017-02-05,5.0,2017,P123,17.386414030975025,74.27088970551878,Satara,high,priority,23.628152556646455,1,7,ERA5-Land Daily Aggregated,Maharashtra,ERA5-Land Temperature
2017-01-29,2017-02-05,5.0,2017,P124,17.43262815429294,74.647353771057,Satara,high,priority,25.355575361705917,1,7,ERA5-Land Daily Aggregated,Maharashtra,ERA5-Land Temperature
2017-01-29,2017-02-05,5.0,2017,P125,17.56734651531964,74.31728219287884,Satara,high,priority,24.50038562956314,1,7,ERA5-Land Daily Aggregated,Maharashtra,ERA5-Land Temperature
2017-01-29,2017-02-05,5.0,2017,P126,17.205080227535593,74.13053949986157,Satara,high,priority,23.77779913402736,1,7,ERA5-Land Daily Aggregated,Maharashtra,ERA5-Land Temperature
2017-01-29,2017-02-05,5.0,2017,P127,17.65773249367299,74.31694330119876,Satara,high,priority,24.285472125098863,1,7,ERA5-Land Daily Aggregated,Maharashtra,ERA5-Land Temperature
2017-01-29,2017-02-05,5.0,2017,P128,18.019949731345452,74.5517328080669,Satara,high,priority,25.314048203967957,1,7,ERA5-Land Daily Aggregated,Maharashtra,ERA5-Land Temperature
2017-01-29,2017-02-05,5.0,2017,P129,18.063234225271252,74.03192648006461,Satara,high,priority,24.380117307390435,1,7,ERA5-Land Daily Aggregated,Maharashtra,ERA5-Land Temperature
2017-01-29,2017-02-05,5.0,2017,P130,17.61135784271715,74.03436560834085,Satara,high,priority,24.54635382152742,1,7,ERA5-Land Daily Aggregated,Maharashtra,ERA5-Land Temperature
2017-01-29,2017-02-05,5.0,2017,P131,17.612539504496315,74.3171127470388,Satara,high,priority,24.285472125098863,1,7,ERA5-Land Daily Aggregated,Maharashtra,ERA5-Land Temperature
2017-01-29,2017-02-05,5.0,2017,P132,17.702176353872684,74.12817617630324,Satara,high,priority,23.658030718848806,1,7,ERA5-Land Daily Aggregated,Maharashtra,ERA5-Land Temperature
2017-01-29,2017-02-05,5.0,2017,P133,17.25006363896275,74.08329532420031,Satara,high,priority,24.264569037301214,1,7,ERA5-Land Daily Aggregated,Maharashtra,ERA5-Land Temperature
2017-01-29,2017-02-05,5.0,2017,P134,17.476429903940936,74.17634784498362,Satara,high,priority,23.545598148164345,1,7,ERA5-Land Daily Aggregated,Maharashtra,ERA5-Land Temperature
2017-01-29,2017-02-05,5.0,2017,P135,17.882716437324603,74.0801070669471,Satara,high,priority,23.263092567807178,1,7,ERA5-Land Daily Aggregated,Maharashtra,ERA5-Land Temperature
2017-01-29,2017-02-05,5.0,2017,P136,17.928520323345598,74.22149178404871,Satara,high,priority,25.155380049205917,1,7,ERA5-Land Daily Aggregated,Maharashtra,ERA5-Land Temperature
2017-01-29,2017-02-05,5.0,2017,P137,17.746687100588183,73.98648378122894,Satara,high,priority,24.12022379920603,1,7,ERA5-Land Daily Aggregated,Maharashtra,ERA5-Land Temperature
2017-01-29,2017-02-05,5.0,2017,P138,17.61269557303319,74.36423652697161,Satara,high,priority,24.285472125098863,1,7,ERA5-Land Daily Aggregated,Maharashtra,ERA5-Land Temperature
2017-01-29,2017-02-05,5.0,2017,P139,17.656773786946495,74.08126197411994,Satara,high,priority,24.54635382152742,1,7,ERA5-Land Daily Aggregated,Maharashtra,ERA5-Land Temperature
2017-01-29,2017-02-05,5.0,2017,P140,17.97464080554139,74.50462240543725,Satara,high,priority,25.572244353521455,1,7,ERA5-Land Daily Aggregated,Maharashtra,ERA5-Land Temperature
2017-01-29,2017-02-05,5.0,2017,P141,17.430826677467348,74.08239904488856,Satara,high,priority,23.914215614682178,1,7,ERA5-Land Daily Aggregated,Maharashtra,ERA5-Land Temperature
2017-01-29,2017-02-05,5.0,2017,P142,18.064447100757786,74.31538707493111,Satara,high,priority,25.312734494890492,1,7,ERA5-Land Daily Aggregated,Maharashtra,ERA5-Land Temperature
2017-01-29,2017-02-05,5.0,2017,P143,17.70379500755509,74.6468275971327,Satara,high,priority,25.388441340128622,1,7,ERA5-Land Daily Aggregated,Maharashtra,ERA5-Land Temperature
2017-01-29,2017-02-05,5.0,2017,P144,17.929452275465767,74.50474726026674,Satara,high,priority,25.572244353521455,1,7,ERA5-Land Daily Aggregated,Maharashtra,ERA5-Land Temperature
2017-01-29,2017-02-05,5.0,2017,P145,17.47773196144854,74.60017202281048,Satara,high,priority,25.23587670099164,1,7,ERA5-Land Daily Aggregated,Maharashtra,ERA5-Land Temperature
2017-01-29,2017-02-05,5.0,2017,P146,17.839182233739812,74.55218763637436,Satara,high,priority,25.250187991914288,1,7,ERA5-Land Daily Aggregated,Maharashtra,ERA5-Land Temperature
2017-01-29,2017-02-05,5.0,2017,P001,19.940457800458272,74.57045211428928,Ahmednagar,normal,statewide,23.124211429414345,1,7,ERA5-Land Daily Aggregated,Maharashtra,ERA5-Land Temperature
2017-01-29,2017-02-05,5.0,2017,P002,18.946729294293643,74.76302285238339,Ahmednagar,normal,statewide,25.045691154116696,1,7,ERA5-Land Daily Aggregated,Maharashtra,ERA5-Land Temperature
2017-01-29,2017-02-05,5.0,2017,P003,18.49469238410162,74.66892244285252,Ahmednagar,normal,statewide,25.202894465128622,1,7,ERA5-Land Daily Aggregated,Maharashtra,ERA5-Land Temperature
2017-01-29,2017-02-05,5.0,2017,P004,19.03720445466806,75.1420731965326,Ahmednagar,normal,statewide,23.92190023149766,1,7,ERA5-Land Daily Aggregated,Maharashtra,ERA5-Land Temperature
2017-01-29,2017-02-05,5.0,2017,P005,20.832153156317954,77.06560453615967,Akola,normal,statewide,22.949743888491696,1,7,ERA5-Land Daily Aggregated,Maharashtra,ERA5-Land Temperature
2017-01-29,2017-02-05,5.0,2017,P006,20.834360411339407,76.87349308547405,Akola,normal,statewide,22.839194688342843,1,7,ERA5-Land Daily Aggregated,Maharashtra,ERA5-Land Temperature
2017-01-29,2017-02-05,5.0,2017,P007,21.014976299509232,76.87574047240498,Akola,normal,statewide,23.299248631795308,1,7,ERA5-Land Daily Aggregated,Maharashtra,ERA5-Land Temperature
2017-01-29,2017-02-05,5.0,2017,P008,20.828434266039377,77.35372489162701,Akola,normal,statewide,23.221321269444104,1,7,ERA5-Land Daily Aggregated,Maharashtra,ERA5-Land Temperature
2017-01-29,2017-02-05,5.0,2017,P009,21.360971327549258,77.94039543992572,Amravati,normal,statewide,22.472541972569104,1,7,ERA5-Land Daily Aggregated,Maharashtra,ERA5-Land Temperature
2017-01-29,2017-02-05,5.0,2017,P010,21.178803672212837,78.03301542790685,Amravati,normal,statewide,22.707870283580917,1,7,ERA5-Land Daily Aggregated,Maharashtra,ERA5-Land Temperature
2017-01-29,2017-02-05,5.0,2017,P011,20.814388097721018,78.21764450702477,Amravati,normal,statewide,23.343356704711937,1,7,ERA5-Land Daily Aggregated,Maharashtra,ERA5-Land Temperature
2017-01-29,2017-02-05,5.0,2017,P012,21.180502589714195,77.93681032267875,Amravati,normal,statewide,22.994433248610733,1,7,ERA5-Land Daily Aggregated,Maharashtra,ERA5-Land Temperature
2017-01-29,2017-02-05,5.0,2017,P013,20.031289688916964,74.8570519162974,Aurangabad,normal,statewide,23.347727984473863,1,7,ERA5-Land Daily Aggregated,Maharashtra,ERA5-Land Temperature
2017-01-29,2017-02-05,5.0,2017,P014,19.760185263069562,75.14270192978114,Aurangabad,normal,statewide,23.524997329711937,1,7,ERA5-Land Daily Aggregated,Maharashtra,ERA5-Land Temperature
2017-01-29,2017-02-05,5.0,2017,P015,19.9408189876436,74.76157364454102,Aurangabad,normal,statewide,23.25215274265838,1,7,ERA5-Land Daily Aggregated,Maharashtra,ERA5-Land Temperature
2017-01-29,2017-02-05,5.0,2017,P016,19.66981712112043,75.14262166596218,Aurangabad,normal,statewide,23.44781401497977,1,7,ERA5-Land Daily Aggregated,Maharashtra,ERA5-Land Temperature
2017-01-29,2017-02-05,5.0,2017,P017,21.04613203856966,79.85576216552393,Bhandara,normal,statewide,22.936781183878622,1,7,ERA5-Land Daily Aggregated,Maharashtra,ERA5-Land Temperature
2017-01-29,2017-02-05,5.0,2017,P018,21.31897105472685,79.76852877161537,Bhandara,normal,statewide,22.695163345336937,1,7,ERA5-Land Daily Aggregated,Maharashtra,ERA5-Land Temperature
2017-01-29,2017-02-05,5.0,2017,P019,21.40900922319803,79.77144948280537,Bhandara,normal,statewide,22.570233099801214,1,7,ERA5-Land Daily Aggregated,Maharashtra,ERA5-Land Temperature
2017-01-29,2017-02-05,5.0,2017,P020,21.144196588937042,79.57074980349083,Bhandara,normal,statewide,22.825859959920308,1,7,ERA5-Land Daily Aggregated,Maharashtra,ERA5-Land Temperature
2017-01-29,2017-02-05,5.0,2017,P021,18.67502288980403,75.52108340877234,Bid,normal,statewide,24.13820882524766,1,7,ERA5-Land Daily Aggregated,Maharashtra,ERA5-Land Temperature
2017-01-29,2017-02-05,5.0,2017,P022,18.856499384477168,75.04699178476999,Bid,normal,statewide,24.972483843848806,1,7,ERA5-Land Daily Aggregated,Maharashtra,ERA5-Land Temperature
2017-01-29,2017-02-05,5.0,2017,P023,19.126596053486494,75.6175605191647,Bid,normal,statewide,24.37544375828338,1,7,ERA5-Land Daily Aggregated,Maharashtra,ERA5-Land Temperature
2017-01-29,2017-02-05,5.0,2017,P024,18.763955201213946,75.90084720909012,Bid,normal,statewide,23.68657192048579,1,7,ERA5-Land Daily Aggregated,Maharashtra,ERA5-Land Temperature
2017-01-29,2017-02-05,5.0,2017,P025,20.93073496240753,76.20164478885242,Buldana,normal,statewide,22.873025603521512,1,7,ERA5-Land Daily Aggregated,Maharashtra,ERA5-Land Temperature
2017-01-29,2017-02-05,5.0,2017,P026,20.838939908121294,76.39311412898633,Buldana,normal,statewide,23.25933745247977,1,7,ERA5-Land Daily Aggregated,Maharashtra,ERA5-Land Temperature
2017-01-29,2017-02-05,5.0,2017,P027,20.657476790751314,76.48742857536776,Buldana,normal,statewide,23.672028114682178,1,7,ERA5-Land Daily Aggregated,Maharashtra,ERA5-Land Temperature
2017-01-29,2017-02-05,5.0,2017,P028,20.47967013624516,76.10222021266374,Buldana,normal,statewide,23.694616935366696,1,7,ERA5-Land Daily Aggregated,Maharashtra,ERA5-Land Temperature
2017-01-29,2017-02-05,5.0,2017,P029,20.32317798477448,79.92829390325927,Chandrapur,normal,statewide,23.232830756051214,1,7,ERA5-Land Daily Aggregated,Maharashtra,ERA5-Land Temperature
2017-01-29,2017-02-05,5.0,2017,P030,20.60872097983294,79.36304041732026,Chandrapur,normal,statewide,23.68254941304525,1,7,ERA5-Land Daily Aggregated,Maharashtra,ERA5-Land Temperature
2017-01-29,2017-02-05,5.0,2017,P031,20.511160307884595,79.64732594588165,Chandrapur,normal,statewide,23.583823594592957,1,7,ERA5-Land Daily Aggregated,Maharashtra,ERA5-Land Temperature
2017-01-29,2017-02-05,5.0,2017,P032,20.598621115946884,79.74569817422172,Chandrapur,normal,statewide,23.389255142211937,1,7,ERA5-Land Daily Aggregated,Maharashtra,ERA5-Land Temperature
2017-01-29,2017-02-05,5.0,2017,P033,21.38667804512237,75.14422248324037,Dhule,normal,statewide,23.18672305515838,1,7,ERA5-Land Daily Aggregated,Maharashtra,ERA5-Land Temperature
2017-01-29,2017-02-05,5.0,2017,P034,21.025151968113196,74.75989256344387,Dhule,normal,statewide,24.04864409310477,1,7,ERA5-Land Daily Aggregated,Maharashtra,ERA5-Land Temperature
2017-01-29,2017-02-05,5.0,2017,P035,21.477028350667293,74.85568743137505,Dhule,normal,statewide,23.562687991914345,1,7,ERA5-Land Daily Aggregated,Maharashtra,ERA5-Land Temperature
2017-01-29,2017-02-05,5.0,2017,P036,20.933820660336515,74.37533522949364,Dhule,normal,statewide,24.538076291765492,1,7,ERA5-Land Daily Aggregated,Maharashtra,ERA5-Land Temperature
2017-01-29,2017-02-05,5.0,2017,P037,19.963056524597132,79.91698116388667,Garhchiroli,normal,statewide,23.915273557390492,1,7,ERA5-Land Daily Aggregated,Maharashtra,ERA5-Land Temperature
2017-01-29,2017-02-05,5.0,2017,P038,19.062661462582188,79.88977172925856,Garhchiroli,normal,statewide,24.754791786557178,1,7,ERA5-Land Daily Aggregated,Maharashtra,ERA5-Land Temperature
2017-01-29,2017-02-05,5.0,2017,P039,19.510270485428137,79.9981368030594,Garhchiroli,normal,statewide,25.073406927926214,1,7,ERA5-Land Daily Aggregated,Maharashtra,ERA5-Land Temperature
2017-01-29,2017-02-05,5.0,2017,P040,19.870365190999156,80.00935144220881,Garhchiroli,normal,statewide,24.53852969578338,1,7,ERA5-Land Daily Aggregated,Maharashtra,ERA5-Land Temperature
2017-01-29,2017-02-05,5.0,2017,P041,21.127639946725598,80.1465044724107,Gondiya,normal,statewide,22.73286563328338,1,7,ERA5-Land Daily Aggregated,Maharashtra,ERA5-Land Temperature
2017-01-29,2017-02-05,5.0,2017,P042,21.397598383602258,80.15591763473452,Gondiya,normal,statewide,22.320814387003622,1,7,ERA5-Land Daily Aggregated,Maharashtra,ERA5-Land Temperature
2017-01-29,2017-02-05,5.0,2017,P043,21.574548890706154,80.25847249986273,Gondiya,normal,statewide,21.66891241527736,1,7,ERA5-Land Daily Aggregated,Maharashtra,ERA5-Land Temperature
2017-01-29,2017-02-05,5.0,2017,P044,21.211649410572516,80.34153217518526,Gondiya,normal,statewide,22.535658137003566,1,7,ERA5-Land Daily Aggregated,Maharashtra,ERA5-Land Temperature
2017-01-29,2017-02-05,5.0,2017,P045,19.655900266732623,77.2407892392464,Hingoli,normal,statewide,24.512767046973863,1,7,ERA5-Land Daily Aggregated,Maharashtra,ERA5-Land Temperature
2017-01-29,2017-02-05,5.0,2017,P046,19.566758377573187,77.1442675378435,Hingoli,normal,statewide,24.118142791021455,1,7,ERA5-Land Daily Aggregated,Maharashtra,ERA5-Land Temperature
2017-01-29,2017-02-05,5.0,2017,P047,19.47860194974656,76.9526242927685,Hingoli,normal,statewide,24.301759792509586,1,7,ERA5-Land Daily Aggregated,Maharashtra,ERA5-Land Temperature
2017-01-29,2017-02-05,5.0,2017,P048,19.927981235710728,77.14910120338544,Hingoli,normal,statewide,24.542633583432178,1,7,ERA5-Land Daily Aggregated,Maharashtra,ERA5-Land Temperature
2017-01-29,2017-02-05,5.0,2017,P049,21.292738163229433,76.10816865346904,Jalgaon,normal,statewide,23.29509824117025,1,7,ERA5-Land Daily Aggregated,Maharashtra,ERA5-Land Temperature
2017-01-29,2017-02-05,5.0,2017,P050,21.386178625804387,75.43363151891216,Jalgaon,normal,statewide,22.002024859473806,1,7,ERA5-Land Daily Aggregated,Maharashtra,ERA5-Land Temperature
2017-01-29,2017-02-05,5.0,2017,P051,21.112064306745907,76.10682200495089,Jalgaon,normal,statewide,22.92013311840242,1,7,ERA5-Land Daily Aggregated,Maharashtra,ERA5-Land Temperature
2017-01-29,2017-02-05,5.0,2017,P052,20.844437979720194,75.23982115072519,Jalgaon,normal,statewide,23.695163345336937,1,7,ERA5-Land Daily Aggregated,Maharashtra,ERA5-Land Temperature
2017-01-29,2017-02-05,5.0,2017,P053,19.486369703781666,76.00005328932718,Jalna,normal,statewide,23.56109526497977,1,7,ERA5-Land Daily Aggregated,Maharashtra,ERA5-Land Temperature
2017-01-29,2017-02-05,5.0,2017,P054,20.028502750758555,76.00343774702675,Jalna,normal,statewide,24.11641055515838,1,7,ERA5-Land Daily Aggregated,Maharashtra,ERA5-Land Temperature
2017-01-29,2017-02-05,5.0,2017,P055,19.75743845682064,76.00172991132328,Jalna,normal,statewide,23.81299026125953,1,7,ERA5-Land Daily Aggregated,Maharashtra,ERA5-Land Temperature
2017-01-29,2017-02-05,5.0,2017,P056,19.57768317515413,75.80993951591351,Jalna,normal,statewide,23.62944301423579,1,7,ERA5-Land Daily Aggregated,Maharashtra,ERA5-Land Temperature
2017-01-29,2017-02-05,5.0,2017,P057,16.776377793156257,74.29671235971928,Kolhapur,normal,statewide,24.49615385872977,1,7,ERA5-Land Daily Aggregated,Maharashtra,ERA5-Land Temperature
2017-01-29,2017-02-05,5.0,2017,P058,16.324416687682138,74.29834884980589,Kolhapur,normal,statewide,24.769056574503566,1,7,ERA5-Land Daily Aggregated,Maharashtra,ERA5-Land Temperature
2017-01-29,2017-02-05,5.0,2017,P059,16.595891218916975,74.39111598812178,Kolhapur,normal,statewide,24.772579174950067,1,7,ERA5-Land Daily Aggregated,Maharashtra,ERA5-Land Temperature
2017-01-29,2017-02-05,5.0,2017,P060,16.414811584237594,74.29802779453004,Kolhapur,normal,statewide,24.887790298461937,1,7,ERA5-Land Daily Aggregated,Maharashtra,ERA5-Land Temperature
2017-01-29,2017-02-05,5.0,2017,P086,21.054127206758487,79.56798961993874,Nagpur,normal,statewide,22.81221133640838,1,7,ERA5-Land Daily Aggregated,Maharashtra,ERA5-Land Temperature
2017-01-29,2017-02-05,5.0,2017,P087,21.146765031143822,79.47473643960802,Nagpur,normal,statewide,22.855866005307234,1,7,ERA5-Land Daily Aggregated,Maharashtra,ERA5-Land Temperature
2017-01-29,2017-02-05,5.0,2017,P088,21.347803602138427,78.61442869606356,Nagpur,normal,statewide,21.93843203953338,1,7,ERA5-Land Daily Aggregated,Maharashtra,ERA5-Land Temperature
2017-01-29,2017-02-05,5.0,2017,P089,21.165377318940912,78.70615240473293,Nagpur,normal,statewide,22.562199710664345,1,7,ERA5-Land Daily Aggregated,Maharashtra,ERA5-Land Temperature
2017-01-29,2017-02-05,5.0,2017,P090,19.201968238592887,77.42470040309472,Nanded,normal,statewide,24.12855945768814,1,7,ERA5-Land Daily Aggregated,Maharashtra,ERA5-Land Temperature
2017-01-29,2017-02-05,5.0,2017,P091,18.566038000956755,77.69963965584807,Nanded,normal,statewide,24.750315875098806,1,7,ERA5-Land Daily Aggregated,Maharashtra,ERA5-Land Temperature
2017-01-29,2017-02-05,5.0,2017,P092,19.736596618496833,77.90946265591798,Nanded,normal,statewide,24.535530253819104,1,7,ERA5-Land Daily Aggregated,Maharashtra,ERA5-Land Temperature
2017-01-29,2017-02-05,5.0,2017,P093,18.93564842817583,77.04115528508362,Nanded,normal,statewide,24.413576198759586,1,7,ERA5-Land Daily Aggregated,Maharashtra,ERA5-Land Temperature
2017-01-29,2017-02-05,5.0,2017,P094,21.564917232430716,74.08292967791392,Nandurbar,normal,statewide,23.40171793983103,1,7,ERA5-Land Daily Aggregated,Maharashtra,ERA5-Land Temperature
2017-01-29,2017-02-05,5.0,2017,P095,21.5662594218478,74.37266422796263,Nandurbar,normal,statewide,24.266336150396512,1,7,ERA5-Land Daily Aggregated,Maharashtra,ERA5-Land Temperature
2017-01-29,2017-02-05,5.0,2017,P096,21.385179787168415,74.27697637845674,Nandurbar,normal,statewide,23.93804838997977,1,7,ERA5-Land Daily Aggregated,Maharashtra,ERA5-Land Temperature
2017-01-29,2017-02-05,5.0,2017,P097,21.565421110849755,74.17950488852946,Nandurbar,normal,statewide,23.77657843090242,1,7,ERA5-Land Daily Aggregated,Maharashtra,ERA5-Land Temperature
2017-01-29,2017-02-05,5.0,2017,P098,20.299553667393326,73.99482675929994,Nashik,normal,statewide,22.18745547703338,1,7,ERA5-Land Daily Aggregated,Maharashtra,ERA5-Land Temperature
2017-01-29,2017-02-05,5.0,2017,P099,20.120253214034264,74.28296495117151,Nashik,normal,statewide,23.107679621378566,1,7,ERA5-Land Daily Aggregated,Maharashtra,ERA5-Land Temperature
2017-01-29,2017-02-05,5.0,2017,P100,20.389903972938242,73.99424261706194,Nashik,normal,statewide,22.15285726274766,1,7,ERA5-Land Daily Aggregated,Maharashtra,ERA5-Land Temperature
2017-01-29,2017-02-05,5.0,2017,P101,20.029015547379707,74.09216447619562,Nashik,normal,statewide,23.044842474801214,1,7,ERA5-Land Daily Aggregated,Maharashtra,ERA5-Land Temperature
2017-01-29,2017-02-05,5.0,2017,P102,17.85749130266526,76.36802722645965,Osmanabad,normal,statewide,24.195802761259586,1,7,ERA5-Land Daily Aggregated,Maharashtra,ERA5-Land Temperature
2017-01-29,2017-02-05,5.0,2017,P103,17.76644983645705,76.46164605307673,Osmanabad,normal,statewide,24.448651068551214,1,7,ERA5-Land Daily Aggregated,Maharashtra,ERA5-Land Temperature
2017-01-29,2017-02-05,5.0,2017,P104,17.949094615606196,76.17989775301476,Osmanabad,normal,statewide,24.197279230753566,1,7,ERA5-Land Daily Aggregated,Maharashtra,ERA5-Land Temperature
2017-01-29,2017-02-05,5.0,2017,P105,18.584360447185368,75.61558067829696,Osmanabad,normal,statewide,24.252606146676214,1,7,ERA5-Land Daily Aggregated,Maharashtra,ERA5-Land Temperature
2017-01-29,2017-02-05,5.0,2017,P106,19.031389786894366,76.47235681380711,Parbhani,normal,statewide,24.37807117643814,1,7,ERA5-Land Daily Aggregated,Maharashtra,ERA5-Land Temperature
2017-01-29,2017-02-05,5.0,2017,P107,19.120950831552832,76.56820519095093,Parbhani,normal,statewide,23.99864176795603,1,7,ERA5-Land Daily Aggregated,Maharashtra,ERA5-Land Temperature
2017-01-29,2017-02-05,5.0,2017,P108,19.208625676465683,76.85432786914635,Parbhani,normal,statewide,24.211671901884586,1,7,ERA5-Land Daily Aggregated,Maharashtra,ERA5-Land Temperature
2017-01-29,2017-02-05,5.0,2017,P109,19.212081479782103,76.47396209018636,Parbhani,normal,statewide,23.812839126586937,1,7,ERA5-Land Daily Aggregated,Maharashtra,ERA5-Land Temperature
2017-01-29,2017-02-05,5.0,2017,P110,18.133442771357757,75.04679558432363,Pune,normal,statewide,25.394114703223806,1,7,ERA5-Land Daily Aggregated,Maharashtra,ERA5-Land Temperature
2017-01-29,2017-02-05,5.0,2017,P111,18.584645829652782,74.47919215212944,Pune,normal,statewide,24.359353728521455,1,7,ERA5-Land Daily Aggregated,Maharashtra,ERA5-Land Temperature
2017-01-29,2017-02-05,5.0,2017,P112,18.132979024848197,74.57507620208169,Pune,normal,statewide,24.650753003075067,1,7,ERA5-Land Daily Aggregated,Maharashtra,ERA5-Land Temperature
2017-01-29,2017-02-05,5.0,2017,P113,18.314072036830744,74.76389683618987,Pune,normal,statewide,25.559502538045308,1,7,ERA5-Land Daily Aggregated,Maharashtra,ERA5-Land Temperature
2017-01-29,2017-02-05,5.0,2017,P114,18.48503397121986,73.0589238755964,Raigarh,normal,statewide,25.03177513849164,1,7,ERA5-Land Daily Aggregated,Maharashtra,ERA5-Land Temperature
2017-01-29,2017-02-05,5.0,2017,P115,18.665689991299164,73.05687714821288,Raigarh,normal,statewide,24.94884870620001,1,7,ERA5-Land Daily Aggregated,Maharashtra,ERA5-Land Temperature
2017-01-29,2017-02-05,5.0,2017,P116,18.306197264370358,73.25009891506079,Raigarh,normal,statewide,25.69999965486079,1,7,ERA5-Land Daily Aggregated,Maharashtra,ERA5-Land Temperature
2017-01-29,2017-02-05,5.0,2017,P117,18.21404102289879,73.06194714611064,Raigarh,normal,statewide,25.06288562956314,1,7,ERA5-Land Daily Aggregated,Maharashtra,ERA5-Land Temperature
2017-01-29,2017-02-05,5.0,2017,P118,17.138719885658215,75.42259970290594,Sangli,normal,statewide,26.72749453953338,1,7,ERA5-Land Daily Aggregated,Maharashtra,ERA5-Land Temperature
2017-01-29,2017-02-05,5.0,2017,P119,17.048761981005992,74.95348443567921,Sangli,normal,statewide,25.95508010500953,1,7,ERA5-Land Daily Aggregated,Maharashtra,ERA5-Land Temperature
2017-01-29,2017-02-05,5.0,2017,P120,16.86707144948229,74.39025538161847,Sangli,normal,statewide,24.716868609473863,1,7,ERA5-Land Daily Aggregated,Maharashtra,ERA5-Land Temperature
2017-01-29,2017-02-05,5.0,2017,P121,17.048503353144895,74.67157114887826,Sangli,normal,statewide,25.32646449861079,1,7,ERA5-Land Daily Aggregated,Maharashtra,ERA5-Land Temperature
2017-01-29,2017-02-05,5.0,2017,P148,17.67852974098626,76.08383979812143,Solapur,normal,statewide,25.66938907078338,1,7,ERA5-Land Daily Aggregated,Maharashtra,ERA5-Land Temperature
2017-01-29,2017-02-05,5.0,2017,P149,18.223365003201543,75.4251413905064,Solapur,normal,statewide,26.103738494146512,1,7,ERA5-Land Daily Aggregated,Maharashtra,ERA5-Land Temperature
2017-01-29,2017-02-05,5.0,2017,P150,17.952532582518405,75.23562067753285,Solapur,normal,statewide,26.09356596810477,1,7,ERA5-Land Daily Aggregated,Maharashtra,ERA5-Land Temperature
2017-01-29,2017-02-05,5.0,2017,P151,18.223690517578447,75.23598186471818,Solapur,normal,statewide,26.026648185366696,1,7,ERA5-Land Daily Aggregated,Maharashtra,ERA5-Land Temperature
2017-01-29,2017-02-05,5.0,2017,P152,19.658178867370932,72.94986318203122,Thane,normal,statewide,25.462392698015492,1,7,ERA5-Land Daily Aggregated,Maharashtra,ERA5-Land Temperature
2017-01-29,2017-02-05,5.0,2017,P153,19.65706409210757,72.8545320606096,Thane,normal,statewide,25.01875430515838,1,7,ERA5-Land Daily Aggregated,Maharashtra,ERA5-Land Temperature
2017-01-29,2017-02-05,5.0,2017,P154,19.477549601897948,72.95214624177059,Thane,normal,statewide,25.012243888491696,1,7,ERA5-Land Daily Aggregated,Maharashtra,ERA5-Land Temperature
2017-01-29,2017-02-05,5.0,2017,P155,19.83987385799569,73.0429959666335,Thane,normal,statewide,25.241631444295308,1,7,ERA5-Land Daily Aggregated,Maharashtra,ERA5-Land Temperature
2017-01-29,2017-02-05,5.0,2017,P156,20.806749657616468,78.60135461177485,Wardha,normal,statewide,23.669761094592843,1,7,ERA5-Land Daily Aggregated,Maharashtra,ERA5-Land Temperature
2017-01-29,2017-02-05,5.0,2017,P157,20.71031267913359,78.88671032458906,Wardha,normal,statewide,23.920958546229883,1,7,ERA5-Land Daily Aggregated,Maharashtra,ERA5-Land Temperature
2017-01-29,2017-02-05,5.0,2017,P158,21.081265295769754,78.41565980750515,Wardha,normal,statewide,22.77200951349164,1,7,ERA5-Land Daily Aggregated,Maharashtra,ERA5-Land Temperature
2017-01-29,2017-02-05,5.0,2017,P159,20.439854822938944,78.87986114537097,Wardha,normal,statewide,24.074453244890492,1,7,ERA5-Land Daily Aggregated,Maharashtra,ERA5-Land Temperature
2017-01-29,2017-02-05,5.0,2017,P160,20.289186257444058,77.15404188735265,Washim,normal,statewide,24.51345296587266,1,7,ERA5-Land Daily Aggregated,Maharashtra,ERA5-Land Temperature
2017-01-29,2017-02-05,5.0,2017,P161,20.464607292886615,77.53975858757677,Washim,normal,statewide,24.21074184236079,1,7,ERA5-Land Daily Aggregated,Maharashtra,ERA5-Land Temperature
2017-01-29,2017-02-05,5.0,2017,P162,20.107393166596125,77.2471479173486,Washim,normal,statewide,24.48988758268814,1,7,ERA5-Land Daily Aggregated,Maharashtra,ERA5-Land Temperature
2017-01-29,2017-02-05,5.0,2017,P163,20.198885002010726,77.1527933390577,Washim,normal,statewide,24.38618594578338,1,7,ERA5-Land Daily Aggregated,Maharashtra,ERA5-Land Temperature
2017-01-29,2017-02-05,5.0,2017,P164,20.182854533723592,78.20447678161395,Yavatmal,normal,statewide,24.50509405590236,1,7,ERA5-Land Daily Aggregated,Maharashtra,ERA5-Land Temperature
2017-01-29,2017-02-05,5.0,2017,P165,19.894658373538324,79.05709703494229,Yavatmal,normal,statewide,24.576778393700067,1,7,ERA5-Land Daily Aggregated,Maharashtra,ERA5-Land Temperature
2017-01-29,2017-02-05,5.0,2017,P166,19.468787468327925,77.71426550730338,Yavatmal,normal,statewide,24.770242400396512,1,7,ERA5-Land Daily Aggregated,Maharashtra,ERA5-Land Temperature
2017-01-29,2017-02-05,5.0,2017,P167,19.559057510053886,77.71577268345945,Yavatmal,normal,statewide,24.55546840486079,1,7,ERA5-Land Daily Aggregated,Maharashtra,ERA5-Land Temperature
2017-02-05,2017-02-12,6.0,2017,P147,17.927231643141155,73.94769852026607,Satara,case_study,case_study,23.394786907377693,1,7,ERA5-Land Daily Aggregated,Maharashtra,ERA5-Land Temperature
2017-02-05,2017-02-12,6.0,2017,P061,18.507855650411397,76.91766048140843,Latur,high,priority,25.314011237734803,1,7,ERA5-Land Daily Aggregated,Maharashtra,ERA5-Land Temperature
2017-02-05,2017-02-12,6.0,2017,P062,18.422405896924207,76.3487594508077,Latur,high,priority,24.74050165812173,1,7,ERA5-Land Daily Aggregated,Maharashtra,ERA5-Land Temperature
2017-02-05,2017-02-12,6.0,2017,P063,18.235391198742693,77.05646783810116,Latur,high,priority,24.380347733270526,1,7,ERA5-Land Daily Aggregated,Maharashtra,ERA5-Land Temperature
2017-02-05,2017-02-12,6.0,2017,P064,18.193056493341274,76.77240080549139,Latur,high,priority,24.278378332228954,1,7,ERA5-Land Daily Aggregated,Maharashtra,ERA5-Land Temperature
2017-02-05,2017-02-12,6.0,2017,P065,18.331355512513895,76.44266811899327,Latur,high,priority,24.427071598597934,1,7,ERA5-Land Daily Aggregated,Maharashtra,ERA5-Land Temperature
2017-02-05,2017-02-12,6.0,2017,P066,18.104739537876725,76.5352970251765,Latur,high,priority,23.974423254103954,1,7,ERA5-Land Daily Aggregated,Maharashtra,ERA5-Land Temperature
2017-02-05,2017-02-12,6.0,2017,P067,18.280552974211986,77.0569984711265,Latur,high,priority,24.380347733270526,1,7,ERA5-Land Daily Aggregated,Maharashtra,ERA5-Land Temperature
2017-02-05,2017-02-12,6.0,2017,P068,18.101823285787773,76.86595720469373,Latur,high,priority,24.379464176722934,1,7,ERA5-Land Daily Aggregated,Maharashtra,ERA5-Land Temperature
2017-02-05,2017-02-12,6.0,2017,P069,18.595075667016793,77.20284228928156,Latur,high,priority,25.66899170648486,1,7,ERA5-Land Daily Aggregated,Maharashtra,ERA5-Land Temperature
2017-02-05,2017-02-12,6.0,2017,P070,18.41499041187233,77.15322587185987,Latur,high,priority,25.358375077020582,1,7,ERA5-Land Daily Aggregated,Maharashtra,ERA5-Land Temperature
2017-02-05,2017-02-12,6.0,2017,P071,18.149138807065885,76.63019561379593,Latur,high,priority,24.10582903907408,1,7,ERA5-Land Daily Aggregated,Maharashtra,ERA5-Land Temperature
2017-02-05,2017-02-12,6.0,2017,P072,18.283393421583035,76.77331492120734,Latur,high,priority,24.437895166306305,1,7,ERA5-Land Daily Aggregated,Maharashtra,ERA5-Land Temperature
2017-02-05,2017-02-12,6.0,2017,P073,17.966315663874607,76.86453029235662,Latur,high,priority,24.439394887288472,1,7,ERA5-Land Daily Aggregated,Maharashtra,ERA5-Land Temperature
2017-02-05,2017-02-12,6.0,2017,P074,18.50832831512306,76.870318205524,Latur,high,priority,25.216343361990823,1,7,ERA5-Land Daily Aggregated,Maharashtra,ERA5-Land Temperature
2017-02-05,2017-02-12,6.0,2017,P075,18.41444640154381,77.20053247493588,Latur,high,priority,25.426153164818174,1,7,ERA5-Land Daily Aggregated,Maharashtra,ERA5-Land Temperature
2017-02-05,2017-02-12,6.0,2017,P076,18.377877313804504,76.25376722106614,Latur,high,priority,24.360142190115823,1,7,ERA5-Land Daily Aggregated,Maharashtra,ERA5-Land Temperature
2017-02-05,2017-02-12,6.0,2017,P077,18.059564385104267,76.5349046242838,Latur,high,priority,24.070103127615766,1,7,ERA5-Land Daily Aggregated,Maharashtra,ERA5-Land Temperature
2017-02-05,2017-02-12,6.0,2017,P078,18.1008824154655,76.96042326051098,Latur,high,priority,24.418282536097934,1,7,ERA5-Land Daily Aggregated,Maharashtra,ERA5-Land Temperature
2017-02-05,2017-02-12,6.0,2017,P079,18.73508698099394,76.77797468180819,Latur,high,priority,25.4352212451754,1,7,ERA5-Land Daily Aggregated,Maharashtra,ERA5-Land Temperature
2017-02-05,2017-02-12,6.0,2017,P080,18.46791548227568,76.3017694439065,Latur,high,priority,24.74050165812173,1,7,ERA5-Land Daily Aggregated,Maharashtra,ERA5-Land Temperature
2017-02-05,2017-02-12,6.0,2017,P081,18.10355787609756,76.67701617485712,Latur,high,priority,24.10582903907408,1,7,ERA5-Land Daily Aggregated,Maharashtra,ERA5-Land Temperature
2017-02-05,2017-02-12,6.0,2017,P082,18.23907887531389,76.67830931416262,Latur,high,priority,24.306873030889676,1,7,ERA5-Land Daily Aggregated,Maharashtra,ERA5-Land Temperature
2017-02-05,2017-02-12,6.0,2017,P083,18.369289085175563,77.19996171000103,Latur,high,priority,24.89942557925275,1,7,ERA5-Land Daily Aggregated,Maharashtra,ERA5-Land Temperature
2017-02-05,2017-02-12,6.0,2017,P084,18.46362582706226,76.82249880582684,Latur,high,priority,24.728341129847934,1,7,ERA5-Land Daily Aggregated,Maharashtra,ERA5-Land Temperature
2017-02-05,2017-02-12,6.0,2017,P085,18.14788579966987,76.77194597718393,Latur,high,priority,24.278378332228954,1,7,ERA5-Land Daily Aggregated,Maharashtra,ERA5-Land Temperature
2017-02-05,2017-02-12,6.0,2017,P122,17.88145897082753,73.8441448165019,Satara,high,priority,23.399169812883656,1,7,ERA5-Land Daily Aggregated,Maharashtra,ERA5-Land Temperature
2017-02-05,2017-02-12,6.0,2017,P123,17.386414030975025,74.27088970551878,Satara,high,priority,24.10148101080034,1,7,ERA5-Land Daily Aggregated,Maharashtra,ERA5-Land Temperature
2017-02-05,2017-02-12,6.0,2017,P124,17.43262815429294,74.647353771057,Satara,high,priority,25.650820668538472,1,7,ERA5-Land Daily Aggregated,Maharashtra,ERA5-Land Temperature
2017-02-05,2017-02-12,6.0,2017,P125,17.56734651531964,74.31728219287884,Satara,high,priority,24.7237373352051,1,7,ERA5-Land Daily Aggregated,Maharashtra,ERA5-Land Temperature
2017-02-05,2017-02-12,6.0,2017,P126,17.205080227535593,74.13053949986157,Satara,high,priority,24.375034768240823,1,7,ERA5-Land Daily Aggregated,Maharashtra,ERA5-Land Temperature
2017-02-05,2017-02-12,6.0,2017,P127,17.65773249367299,74.31694330119876,Satara,high,priority,24.473841966901546,1,7,ERA5-Land Daily Aggregated,Maharashtra,ERA5-Land Temperature
2017-02-05,2017-02-12,6.0,2017,P128,18.019949731345452,74.5517328080669,Satara,high,priority,25.8106513977051,1,7,ERA5-Land Daily Aggregated,Maharashtra,ERA5-Land Temperature
2017-02-05,2017-02-12,6.0,2017,P129,18.063234225271252,74.03192648006461,Satara,high,priority,24.566231754847934,1,7,ERA5-Land Daily Aggregated,Maharashtra,ERA5-Land Temperature
2017-02-05,2017-02-12,6.0,2017,P130,17.61135784271715,74.03436560834085,Satara,high,priority,24.50989339919323,1,7,ERA5-Land Daily Aggregated,Maharashtra,ERA5-Land Temperature
2017-02-05,2017-02-12,6.0,2017,P131,17.612539504496315,74.3171127470388,Satara,high,priority,24.473841966901546,1,7,ERA5-Land Daily Aggregated,Maharashtra,ERA5-Land Temperature
2017-02-05,2017-02-12,6.0,2017,P132,17.702176353872684,74.12817617630324,Satara,high,priority,23.8416572570801,1,7,ERA5-Land Daily Aggregated,Maharashtra,ERA5-Land Temperature
2017-02-05,2017-02-12,6.0,2017,P133,17.25006363896275,74.08329532420031,Satara,high,priority,24.57483480544323,1,7,ERA5-Land Daily Aggregated,Maharashtra,ERA5-Land Temperature
2017-02-05,2017-02-12,6.0,2017,P134,17.476429903940936,74.17634784498362,Satara,high,priority,23.949776676722934,1,7,ERA5-Land Daily Aggregated,Maharashtra,ERA5-Land Temperature
2017-02-05,2017-02-12,6.0,2017,P135,17.882716437324603,74.0801070669471,Satara,high,priority,23.375244031633656,1,7,ERA5-Land Daily Aggregated,Maharashtra,ERA5-Land Temperature
2017-02-05,2017-02-12,6.0,2017,P136,17.928520323345598,74.22149178404871,Satara,high,priority,25.39348482404438,1,7,ERA5-Land Daily Aggregated,Maharashtra,ERA5-Land Temperature
2017-02-05,2017-02-12,6.0,2017,P137,17.746687100588183,73.98648378122894,Satara,high,priority,23.82768311273486,1,7,ERA5-Land Daily Aggregated,Maharashtra,ERA5-Land Temperature
2017-02-05,2017-02-12,6.0,2017,P138,17.61269557303319,74.36423652697161,Satara,high,priority,24.473841966901546,1,7,ERA5-Land Daily Aggregated,Maharashtra,ERA5-Land Temperature
2017-02-05,2017-02-12,6.0,2017,P139,17.656773786946495,74.08126197411994,Satara,high,priority,24.50989339919323,1,7,ERA5-Land Daily Aggregated,Maharashtra,ERA5-Land Temperature
2017-02-05,2017-02-12,6.0,2017,P140,17.97464080554139,74.50462240543725,Satara,high,priority,26.0027900695801,1,7,ERA5-Land Daily Aggregated,Maharashtra,ERA5-Land Temperature
2017-02-05,2017-02-12,6.0,2017,P141,17.430826677467348,74.08239904488856,Satara,high,priority,24.024158187139676,1,7,ERA5-Land Daily Aggregated,Maharashtra,ERA5-Land Temperature
2017-02-05,2017-02-12,6.0,2017,P142,18.064447100757786,74.31538707493111,Satara,high,priority,25.63740455990751,1,7,ERA5-Land Daily Aggregated,Maharashtra,ERA5-Land Temperature
2017-02-05,2017-02-12,6.0,2017,P143,17.70379500755509,74.6468275971327,Satara,high,priority,25.82600900559197,1,7,ERA5-Land Daily Aggregated,Maharashtra,ERA5-Land Temperature
2017-02-05,2017-02-12,6.0,2017,P144,17.929452275465767,74.50474726026674,Satara,high,priority,26.0027900695801,1,7,ERA5-Land Daily Aggregated,Maharashtra,ERA5-Land Temperature
2017-02-05,2017-02-12,6.0,2017,P145,17.47773196144854,74.60017202281048,Satara,high,priority,25.49010638282408,1,7,ERA5-Land Daily Aggregated,Maharashtra,ERA5-Land Temperature
2017-02-05,2017-02-12,6.0,2017,P146,17.839182233739812,74.55218763637436,Satara,high,priority,25.610072435651546,1,7,ERA5-Land Daily Aggregated,Maharashtra,ERA5-Land Temperature
2017-02-05,2017-02-12,6.0,2017,P001,19.940457800458272,74.57045211428928,Ahmednagar,normal,statewide,23.32145171392534,1,7,ERA5-Land Daily Aggregated,Maharashtra,ERA5-Land Temperature
2017-02-05,2017-02-12,6.0,2017,P002,18.946729294293643,74.76302285238339,Ahmednagar,normal,statewide,25.17009615216938,1,7,ERA5-Land Daily Aggregated,Maharashtra,ERA5-Land Temperature
2017-02-05,2017-02-12,6.0,2017,P003,18.49469238410162,74.66892244285252,Ahmednagar,normal,statewide,25.688057926722934,1,7,ERA5-Land Daily Aggregated,Maharashtra,ERA5-Land Temperature
2017-02-05,2017-02-12,6.0,2017,P004,19.03720445466806,75.1420731965326,Ahmednagar,normal,statewide,24.360467710949194,1,7,ERA5-Land Daily Aggregated,Maharashtra,ERA5-Land Temperature
2017-02-05,2017-02-12,6.0,2017,P005,20.832153156317954,77.06560453615967,Akola,normal,statewide,24.188197435651546,1,7,ERA5-Land Daily Aggregated,Maharashtra,ERA5-Land Temperature
2017-02-05,2017-02-12,6.0,2017,P006,20.834360411339407,76.87349308547405,Akola,normal,statewide,24.24040865216938,1,7,ERA5-Land Daily Aggregated,Maharashtra,ERA5-Land Temperature
2017-02-05,2017-02-12,6.0,2017,P007,21.014976299509232,76.87574047240498,Akola,normal,statewide,24.390822528657452,1,7,ERA5-Land Daily Aggregated,Maharashtra,ERA5-Land Temperature
2017-02-05,2017-02-12,6.0,2017,P008,20.828434266039377,77.35372489162701,Akola,normal,statewide,24.221679578508656,1,7,ERA5-Land Daily Aggregated,Maharashtra,ERA5-Land Temperature
2017-02-05,2017-02-12,6.0,2017,P009,21.360971327549258,77.94039543992572,Amravati,normal,statewide,23.6866279602051,1,7,ERA5-Land Daily Aggregated,Maharashtra,ERA5-Land Temperature
2017-02-05,2017-02-12,6.0,2017,P010,21.178803672212837,78.03301542790685,Amravati,normal,statewide,24.24718646094908,1,7,ERA5-Land Daily Aggregated,Maharashtra,ERA5-Land Temperature
2017-02-05,2017-02-12,6.0,2017,P011,20.814388097721018,78.21764450702477,Amravati,normal,statewide,24.732014864967027,1,7,ERA5-Land Daily Aggregated,Maharashtra,ERA5-Land Temperature
2017-02-05,2017-02-12,6.0,2017,P012,21.180502589714195,77.93681032267875,Amravati,normal,statewide,24.441255006336007,1,7,ERA5-Land Daily Aggregated,Maharashtra,ERA5-Land Temperature
2017-02-05,2017-02-12,6.0,2017,P013,20.031289688916964,74.8570519162974,Aurangabad,normal,statewide,23.55839600335986,1,7,ERA5-Land Daily Aggregated,Maharashtra,ERA5-Land Temperature
2017-02-05,2017-02-12,6.0,2017,P014,19.760185263069562,75.14270192978114,Aurangabad,normal,statewide,24.217982591901546,1,7,ERA5-Land Daily Aggregated,Maharashtra,ERA5-Land Temperature
2017-02-05,2017-02-12,6.0,2017,P015,19.9408189876436,74.76157364454102,Aurangabad,normal,statewide,23.54689814249673,1,7,ERA5-Land Daily Aggregated,Maharashtra,ERA5-Land Temperature
2017-02-05,2017-02-12,6.0,2017,P016,19.66981712112043,75.14262166596218,Aurangabad,normal,statewide,24.31519706362775,1,7,ERA5-Land Daily Aggregated,Maharashtra,ERA5-Land Temperature
2017-02-05,2017-02-12,6.0,2017,P017,21.04613203856966,79.85576216552393,Bhandara,normal,statewide,24.505650002615823,1,7,ERA5-Land Daily Aggregated,Maharashtra,ERA5-Land Temperature
2017-02-05,2017-02-12,6.0,2017,P018,21.31897105472685,79.76852877161537,Bhandara,normal,statewide,24.262206922258713,1,7,ERA5-Land Daily Aggregated,Maharashtra,ERA5-Land Temperature
2017-02-05,2017-02-12,6.0,2017,P019,21.40900922319803,79.77144948280537,Bhandara,normal,statewide,24.005010586693174,1,7,ERA5-Land Daily Aggregated,Maharashtra,ERA5-Land Temperature
2017-02-05,2017-02-12,6.0,2017,P020,21.144196588937042,79.57074980349083,Bhandara,normal,statewide,24.169189344133656,1,7,ERA5-Land Daily Aggregated,Maharashtra,ERA5-Land Temperature
2017-02-05,2017-02-12,6.0,2017,P021,18.67502288980403,75.52108340877234,Bid,normal,statewide,24.55623361496697,1,7,ERA5-Land Daily Aggregated,Maharashtra,ERA5-Land Temperature
2017-02-05,2017-02-12,6.0,2017,P022,18.856499384477168,75.04699178476999,Bid,normal,statewide,25.330949946812268,1,7,ERA5-Land Daily Aggregated,Maharashtra,ERA5-Land Temperature
2017-02-05,2017-02-12,6.0,2017,P023,19.126596053486494,75.6175605191647,Bid,normal,statewide,25.210402606782452,1,7,ERA5-Land Daily Aggregated,Maharashtra,ERA5-Land Temperature
2017-02-05,2017-02-12,6.0,2017,P024,18.763955201213946,75.90084720909012,Bid,normal,statewide,24.209205155145526,1,7,ERA5-Land Daily Aggregated,Maharashtra,ERA5-Land Temperature
2017-02-05,2017-02-12,6.0,2017,P025,20.93073496240753,76.20164478885242,Buldana,normal,statewide,23.641903722853897,1,7,ERA5-Land Daily Aggregated,Maharashtra,ERA5-Land Temperature
2017-02-05,2017-02-12,6.0,2017,P026,20.838939908121294,76.39311412898633,Buldana,normal,statewide,24.24998826526462,1,7,ERA5-Land Daily Aggregated,Maharashtra,ERA5-Land Temperature
2017-02-05,2017-02-12,6.0,2017,P027,20.657476790751314,76.48742857536776,Buldana,normal,statewide,24.504475802467027,1,7,ERA5-Land Daily Aggregated,Maharashtra,ERA5-Land Temperature
2017-02-05,2017-02-12,6.0,2017,P028,20.47967013624516,76.10222021266374,Buldana,normal,statewide,23.86487386794323,1,7,ERA5-Land Daily Aggregated,Maharashtra,ERA5-Land Temperature
2017-02-05,2017-02-12,6.0,2017,P029,20.32317798477448,79.92829390325927,Chandrapur,normal,statewide,24.981677718389676,1,7,ERA5-Land Daily Aggregated,Maharashtra,ERA5-Land Temperature
2017-02-05,2017-02-12,6.0,2017,P030,20.60872097983294,79.36304041732026,Chandrapur,normal,statewide,25.035132889520526,1,7,ERA5-Land Daily Aggregated,Maharashtra,ERA5-Land Temperature
2017-02-05,2017-02-12,6.0,2017,P031,20.511160307884595,79.64732594588165,Chandrapur,normal,statewide,25.07018450782408,1,7,ERA5-Land Daily Aggregated,Maharashtra,ERA5-Land Temperature
2017-02-05,2017-02-12,6.0,2017,P032,20.598621115946884,79.74569817422172,Chandrapur,normal,statewide,25.070265888032452,1,7,ERA5-Land Daily Aggregated,Maharashtra,ERA5-Land Temperature
2017-02-05,2017-02-12,6.0,2017,P033,21.38667804512237,75.14422248324037,Dhule,normal,statewide,23.247314344133656,1,7,ERA5-Land Daily Aggregated,Maharashtra,ERA5-Land Temperature
2017-02-05,2017-02-12,6.0,2017,P034,21.025151968113196,74.75989256344387,Dhule,normal,statewide,24.04679351080034,1,7,ERA5-Land Daily Aggregated,Maharashtra,ERA5-Land Temperature
2017-02-05,2017-02-12,6.0,2017,P035,21.477028350667293,74.85568743137505,Dhule,normal,statewide,23.22655076526462,1,7,ERA5-Land Daily Aggregated,Maharashtra,ERA5-Land Temperature
2017-02-05,2017-02-12,6.0,2017,P036,20.933820660336515,74.37533522949364,Dhule,normal,statewide,23.769612521217027,1,7,ERA5-Land Daily Aggregated,Maharashtra,ERA5-Land Temperature
2017-02-05,2017-02-12,6.0,2017,P037,19.963056524597132,79.91698116388667,Garhchiroli,normal,statewide,25.4593330383301,1,7,ERA5-Land Daily Aggregated,Maharashtra,ERA5-Land Temperature
2017-02-05,2017-02-12,6.0,2017,P038,19.062661462582188,79.88977172925856,Garhchiroli,normal,statewide,26.020019422258656,1,7,ERA5-Land Daily Aggregated,Maharashtra,ERA5-Land Temperature
2017-02-05,2017-02-12,6.0,2017,P039,19.510270485428137,79.9981368030594,Garhchiroli,normal,statewide,26.612606847853897,1,7,ERA5-Land Daily Aggregated,Maharashtra,ERA5-Land Temperature
2017-02-05,2017-02-12,6.0,2017,P040,19.870365190999156,80.00935144220881,Garhchiroli,normal,statewide,25.962355731782452,1,7,ERA5-Land Daily Aggregated,Maharashtra,ERA5-Land Temperature
2017-02-05,2017-02-12,6.0,2017,P041,21.127639946725598,80.1465044724107,Gondiya,normal,statewide,24.608375077020526,1,7,ERA5-Land Daily Aggregated,Maharashtra,ERA5-Land Temperature
2017-02-05,2017-02-12,6.0,2017,P042,21.397598383602258,80.15591763473452,Gondiya,normal,statewide,24.091099221365823,1,7,ERA5-Land Daily Aggregated,Maharashtra,ERA5-Land Temperature
2017-02-05,2017-02-12,6.0,2017,P043,21.574548890706154,80.25847249986273,Gondiya,normal,statewide,23.64360108148486,1,7,ERA5-Land Daily Aggregated,Maharashtra,ERA5-Land Temperature
2017-02-05,2017-02-12,6.0,2017,P044,21.211649410572516,80.34153217518526,Gondiya,normal,statewide,24.266229429699194,1,7,ERA5-Land Daily Aggregated,Maharashtra,ERA5-Land Temperature
2017-02-05,2017-02-12,6.0,2017,P045,19.655900266732623,77.2407892392464,Hingoli,normal,statewide,25.510195668538472,1,7,ERA5-Land Daily Aggregated,Maharashtra,ERA5-Land Temperature
2017-02-05,2017-02-12,6.0,2017,P046,19.566758377573187,77.1442675378435,Hingoli,normal,statewide,25.324439530145526,1,7,ERA5-Land Daily Aggregated,Maharashtra,ERA5-Land Temperature
2017-02-05,2017-02-12,6.0,2017,P047,19.47860194974656,76.9526242927685,Hingoli,normal,statewide,25.60881685529438,1,7,ERA5-Land Daily Aggregated,Maharashtra,ERA5-Land Temperature
2017-02-05,2017-02-12,6.0,2017,P048,19.927981235710728,77.14910120338544,Hingoli,normal,statewide,25.363071877615823,1,7,ERA5-Land Daily Aggregated,Maharashtra,ERA5-Land Temperature
2017-02-05,2017-02-12,6.0,2017,P049,21.292738163229433,76.10816865346904,Jalgaon,normal,statewide,23.63225435529438,1,7,ERA5-Land Daily Aggregated,Maharashtra,ERA5-Land Temperature
2017-02-05,2017-02-12,6.0,2017,P050,21.386178625804387,75.43363151891216,Jalgaon,normal,statewide,21.769845036097934,1,7,ERA5-Land Daily Aggregated,Maharashtra,ERA5-Land Temperature
2017-02-05,2017-02-12,6.0,2017,P051,21.112064306745907,76.10682200495089,Jalgaon,normal,statewide,23.414492543538415,1,7,ERA5-Land Daily Aggregated,Maharashtra,ERA5-Land Temperature
2017-02-05,2017-02-12,6.0,2017,P052,20.844437979720194,75.23982115072519,Jalgaon,normal,statewide,23.910144515264676,1,7,ERA5-Land Daily Aggregated,Maharashtra,ERA5-Land Temperature
2017-02-05,2017-02-12,6.0,2017,P053,19.486369703781666,76.00005328932718,Jalna,normal,statewide,24.803896840413472,1,7,ERA5-Land Daily Aggregated,Maharashtra,ERA5-Land Temperature
2017-02-05,2017-02-12,6.0,2017,P054,20.028502750758555,76.00343774702675,Jalna,normal,statewide,24.766334061395582,1,7,ERA5-Land Daily Aggregated,Maharashtra,ERA5-Land Temperature
2017-02-05,2017-02-12,6.0,2017,P055,19.75743845682064,76.00172991132328,Jalna,normal,statewide,24.657075318836007,1,7,ERA5-Land Daily Aggregated,Maharashtra,ERA5-Land Temperature
2017-02-05,2017-02-12,6.0,2017,P056,19.57768317515413,75.80993951591351,Jalna,normal,statewide,24.747209712437268,1,7,ERA5-Land Daily Aggregated,Maharashtra,ERA5-Land Temperature
2017-02-05,2017-02-12,6.0,2017,P057,16.776377793156257,74.29671235971928,Kolhapur,normal,statewide,24.85502686273486,1,7,ERA5-Land Daily Aggregated,Maharashtra,ERA5-Land Temperature
2017-02-05,2017-02-12,6.0,2017,P058,16.324416687682138,74.29834884980589,Kolhapur,normal,statewide,24.927048347109803,1,7,ERA5-Land Daily Aggregated,Maharashtra,ERA5-Land Temperature
2017-02-05,2017-02-12,6.0,2017,P059,16.595891218916975,74.39111598812178,Kolhapur,normal,statewide,24.958019329252693,1,7,ERA5-Land Daily Aggregated,Maharashtra,ERA5-Land Temperature
2017-02-05,2017-02-12,6.0,2017,P060,16.414811584237594,74.29802779453004,Kolhapur,normal,statewide,25.142578016008656,1,7,ERA5-Land Daily Aggregated,Maharashtra,ERA5-Land Temperature
2017-02-05,2017-02-12,6.0,2017,P086,21.054127206758487,79.56798961993874,Nagpur,normal,statewide,24.187034861246786,1,7,ERA5-Land Daily Aggregated,Maharashtra,ERA5-Land Temperature
2017-02-05,2017-02-12,6.0,2017,P087,21.146765031143822,79.47473643960802,Nagpur,normal,statewide,24.109828295026546,1,7,ERA5-Land Daily Aggregated,Maharashtra,ERA5-Land Temperature
2017-02-05,2017-02-12,6.0,2017,P088,21.347803602138427,78.61442869606356,Nagpur,normal,statewide,23.12016358148486,1,7,ERA5-Land Daily Aggregated,Maharashtra,ERA5-Land Temperature
2017-02-05,2017-02-12,6.0,2017,P089,21.165377318940912,78.70615240473293,Nagpur,normal,statewide,23.74773287091938,1,7,ERA5-Land Daily Aggregated,Maharashtra,ERA5-Land Temperature
2017-02-05,2017-02-12,6.0,2017,P090,19.201968238592887,77.42470040309472,Nanded,normal,statewide,25.286562856038472,1,7,ERA5-Land Daily Aggregated,Maharashtra,ERA5-Land Temperature
2017-02-05,2017-02-12,6.0,2017,P091,18.566038000956755,77.69963965584807,Nanded,normal,statewide,25.893856847853897,1,7,ERA5-Land Daily Aggregated,Maharashtra,ERA5-Land Temperature
2017-02-05,2017-02-12,6.0,2017,P092,19.736596618496833,77.90946265591798,Nanded,normal,statewide,25.795049649193174,1,7,ERA5-Land Daily Aggregated,Maharashtra,ERA5-Land Temperature
2017-02-05,2017-02-12,6.0,2017,P093,18.93564842817583,77.04115528508362,Nanded,normal,statewide,25.64677490960986,1,7,ERA5-Land Daily Aggregated,Maharashtra,ERA5-Land Temperature
2017-02-05,2017-02-12,6.0,2017,P094,21.564917232430716,74.08292967791392,Nandurbar,normal,statewide,22.030587223597934,1,7,ERA5-Land Daily Aggregated,Maharashtra,ERA5-Land Temperature
2017-02-05,2017-02-12,6.0,2017,P095,21.5662594218478,74.37266422796263,Nandurbar,normal,statewide,23.197137632824194,1,7,ERA5-Land Daily Aggregated,Maharashtra,ERA5-Land Temperature
2017-02-05,2017-02-12,6.0,2017,P096,21.385179787168415,74.27697637845674,Nandurbar,normal,statewide,22.837716129847934,1,7,ERA5-Land Daily Aggregated,Maharashtra,ERA5-Land Temperature
2017-02-05,2017-02-12,6.0,2017,P097,21.565421110849755,74.17950488852946,Nandurbar,normal,statewide,22.458100709461007,1,7,ERA5-Land Daily Aggregated,Maharashtra,ERA5-Land Temperature
2017-02-05,2017-02-12,6.0,2017,P098,20.299553667393326,73.99482675929994,Nashik,normal,statewide,21.579322342645582,1,7,ERA5-Land Daily Aggregated,Maharashtra,ERA5-Land Temperature
2017-02-05,2017-02-12,6.0,2017,P099,20.120253214034264,74.28296495117151,Nashik,normal,statewide,22.89737944830034,1,7,ERA5-Land Daily Aggregated,Maharashtra,ERA5-Land Temperature
2017-02-05,2017-02-12,6.0,2017,P100,20.389903972938242,73.99424261706194,Nashik,normal,statewide,21.33887870425275,1,7,ERA5-Land Daily Aggregated,Maharashtra,ERA5-Land Temperature
2017-02-05,2017-02-12,6.0,2017,P101,20.029015547379707,74.09216447619562,Nashik,normal,statewide,22.706147584461007,1,7,ERA5-Land Daily Aggregated,Maharashtra,ERA5-Land Temperature
2017-02-05,2017-02-12,6.0,2017,P102,17.85749130266526,76.36802722645965,Osmanabad,normal,statewide,24.73072440737775,1,7,ERA5-Land Daily Aggregated,Maharashtra,ERA5-Land Temperature
2017-02-05,2017-02-12,6.0,2017,P103,17.76644983645705,76.46164605307673,Osmanabad,normal,statewide,24.926664697556248,1,7,ERA5-Land Daily Aggregated,Maharashtra,ERA5-Land Temperature
2017-02-05,2017-02-12,6.0,2017,P104,17.949094615606196,76.17989775301476,Osmanabad,normal,statewide,24.853968920026546,1,7,ERA5-Land Daily Aggregated,Maharashtra,ERA5-Land Temperature
2017-02-05,2017-02-12,6.0,2017,P105,18.584360447185368,75.61558067829696,Osmanabad,normal,statewide,24.650460270472934,1,7,ERA5-Land Daily Aggregated,Maharashtra,ERA5-Land Temperature
2017-02-05,2017-02-12,6.0,2017,P106,19.031389786894366,76.47235681380711,Parbhani,normal,statewide,25.494454411097934,1,7,ERA5-Land Daily Aggregated,Maharashtra,ERA5-Land Temperature
2017-02-05,2017-02-12,6.0,2017,P107,19.120950831552832,76.56820519095093,Parbhani,normal,statewide,25.101108986990823,1,7,ERA5-Land Daily Aggregated,Maharashtra,ERA5-Land Temperature
2017-02-05,2017-02-12,6.0,2017,P108,19.208625676465683,76.85432786914635,Parbhani,normal,statewide,25.378452736990823,1,7,ERA5-Land Daily Aggregated,Maharashtra,ERA5-Land Temperature
2017-02-05,2017-02-12,6.0,2017,P109,19.212081479782103,76.47396209018636,Parbhani,normal,statewide,24.99311745053251,1,7,ERA5-Land Daily Aggregated,Maharashtra,ERA5-Land Temperature
2017-02-05,2017-02-12,6.0,2017,P110,18.133442771357757,75.04679558432363,Pune,normal,statewide,25.89152007330034,1,7,ERA5-Land Daily Aggregated,Maharashtra,ERA5-Land Temperature
2017-02-05,2017-02-12,6.0,2017,P111,18.584645829652782,74.47919215212944,Pune,normal,statewide,24.800420742943174,1,7,ERA5-Land Daily Aggregated,Maharashtra,ERA5-Land Temperature
2017-02-05,2017-02-12,6.0,2017,P112,18.132979024848197,74.57507620208169,Pune,normal,statewide,25.180477941603897,1,7,ERA5-Land Daily Aggregated,Maharashtra,ERA5-Land Temperature
2017-02-05,2017-02-12,6.0,2017,P113,18.314072036830744,74.76389683618987,Pune,normal,statewide,26.16320208594908,1,7,ERA5-Land Daily Aggregated,Maharashtra,ERA5-Land Temperature
2017-02-05,2017-02-12,6.0,2017,P114,18.48503397121986,73.0589238755964,Raigarh,normal,statewide,23.5716377258301,1,7,ERA5-Land Daily Aggregated,Maharashtra,ERA5-Land Temperature
2017-02-05,2017-02-12,6.0,2017,P115,18.665689991299164,73.05687714821288,Raigarh,normal,statewide,23.625220780145526,1,7,ERA5-Land Daily Aggregated,Maharashtra,ERA5-Land Temperature
2017-02-05,2017-02-12,6.0,2017,P116,18.306197264370358,73.25009891506079,Raigarh,normal,statewide,24.3671060108004,1,7,ERA5-Land Daily Aggregated,Maharashtra,ERA5-Land Temperature
2017-02-05,2017-02-12,6.0,2017,P117,18.21404102289879,73.06194714611064,Raigarh,normal,statewide,23.687755657377693,1,7,ERA5-Land Daily Aggregated,Maharashtra,ERA5-Land Temperature
2017-02-05,2017-02-12,6.0,2017,P118,17.138719885658215,75.42259970290594,Sangli,normal,statewide,27.47978272210986,1,7,ERA5-Land Daily Aggregated,Maharashtra,ERA5-Land Temperature
2017-02-05,2017-02-12,6.0,2017,P119,17.048761981005992,74.95348443567921,Sangli,normal,statewide,26.2596260070801,1,7,ERA5-Land Daily Aggregated,Maharashtra,ERA5-Land Temperature
2017-02-05,2017-02-12,6.0,2017,P120,16.86707144948229,74.39025538161847,Sangli,normal,statewide,24.899785977318174,1,7,ERA5-Land Daily Aggregated,Maharashtra,ERA5-Land Temperature
2017-02-05,2017-02-12,6.0,2017,P121,17.048503353144895,74.67157114887826,Sangli,normal,statewide,25.563546207972934,1,7,ERA5-Land Daily Aggregated,Maharashtra,ERA5-Land Temperature
2017-02-05,2017-02-12,6.0,2017,P148,17.67852974098626,76.08383979812143,Solapur,normal,statewide,26.2591377258301,1,7,ERA5-Land Daily Aggregated,Maharashtra,ERA5-Land Temperature
2017-02-05,2017-02-12,6.0,2017,P149,18.223365003201543,75.4251413905064,Solapur,normal,statewide,26.730259377615823,1,7,ERA5-Land Daily Aggregated,Maharashtra,ERA5-Land Temperature
2017-02-05,2017-02-12,6.0,2017,P150,17.952532582518405,75.23562067753285,Solapur,normal,statewide,26.775402141752693,1,7,ERA5-Land Daily Aggregated,Maharashtra,ERA5-Land Temperature
2017-02-05,2017-02-12,6.0,2017,P151,18.223690517578447,75.23598186471818,Solapur,normal,statewide,26.640857405889676,1,7,ERA5-Land Daily Aggregated,Maharashtra,ERA5-Land Temperature
2017-02-05,2017-02-12,6.0,2017,P152,19.658178867370932,72.94986318203122,Thane,normal,statewide,23.62718553088962,1,7,ERA5-Land Daily Aggregated,Maharashtra,ERA5-Land Temperature
2017-02-05,2017-02-12,6.0,2017,P153,19.65706409210757,72.8545320606096,Thane,normal,statewide,23.28394706362775,1,7,ERA5-Land Daily Aggregated,Maharashtra,ERA5-Land Temperature
2017-02-05,2017-02-12,6.0,2017,P154,19.477549601897948,72.95214624177059,Thane,normal,statewide,23.46757569085986,1,7,ERA5-Land Daily Aggregated,Maharashtra,ERA5-Land Temperature
2017-02-05,2017-02-12,6.0,2017,P155,19.83987385799569,73.0429959666335,Thane,normal,statewide,23.341343361990823,1,7,ERA5-Land Daily Aggregated,Maharashtra,ERA5-Land Temperature
2017-02-05,2017-02-12,6.0,2017,P156,20.806749657616468,78.60135461177485,Wardha,normal,statewide,24.7574287414551,1,7,ERA5-Land Daily Aggregated,Maharashtra,ERA5-Land Temperature
2017-02-05,2017-02-12,6.0,2017,P157,20.71031267913359,78.88671032458906,Wardha,normal,statewide,24.975318436395582,1,7,ERA5-Land Daily Aggregated,Maharashtra,ERA5-Land Temperature
2017-02-05,2017-02-12,6.0,2017,P158,21.081265295769754,78.41565980750515,Wardha,normal,statewide,23.927211107526546,1,7,ERA5-Land Daily Aggregated,Maharashtra,ERA5-Land Temperature
2017-02-05,2017-02-12,6.0,2017,P159,20.439854822938944,78.87986114537097,Wardha,normal,statewide,25.406482405889676,1,7,ERA5-Land Daily Aggregated,Maharashtra,ERA5-Land Temperature
2017-02-05,2017-02-12,6.0,2017,P160,20.289186257444058,77.15404188735265,Washim,normal,statewide,25.19182466779438,1,7,ERA5-Land Daily Aggregated,Maharashtra,ERA5-Land Temperature
2017-02-05,2017-02-12,6.0,2017,P161,20.464607292886615,77.53975858757677,Washim,normal,statewide,25.221412186395526,1,7,ERA5-Land Daily Aggregated,Maharashtra,ERA5-Land Temperature
2017-02-05,2017-02-12,6.0,2017,P162,20.107393166596125,77.2471479173486,Washim,normal,statewide,25.17420003981823,1,7,ERA5-Land Daily Aggregated,Maharashtra,ERA5-Land Temperature
2017-02-05,2017-02-12,6.0,2017,P163,20.198885002010726,77.1527933390577,Washim,normal,statewide,25.02254220871697,1,7,ERA5-Land Daily Aggregated,Maharashtra,ERA5-Land Temperature
2017-02-05,2017-02-12,6.0,2017,P164,20.182854533723592,78.20447678161395,Yavatmal,normal,statewide,25.832066018240823,1,7,ERA5-Land Daily Aggregated,Maharashtra,ERA5-Land Temperature
2017-02-05,2017-02-12,6.0,2017,P165,19.894658373538324,79.05709703494229,Yavatmal,normal,statewide,25.691243380592027,1,7,ERA5-Land Daily Aggregated,Maharashtra,ERA5-Land Temperature
2017-02-05,2017-02-12,6.0,2017,P166,19.468787468327925,77.71426550730338,Yavatmal,normal,statewide,25.870849500383656,1,7,ERA5-Land Daily Aggregated,Maharashtra,ERA5-Land Temperature
2017-02-05,2017-02-12,6.0,2017,P167,19.559057510053886,77.71577268345945,Yavatmal,normal,statewide,25.599551137288415,1,7,ERA5-Land Daily Aggregated,Maharashtra,ERA5-Land Temperature
2017-02-12,2017-02-19,7.0,2017,P147,17.927231643141155,73.94769852026607,Satara,case_study,case_study,24.06477499462312,1,7,ERA5-Land Daily Aggregated,Maharashtra,ERA5-Land Temperature
2017-02-12,2017-02-19,7.0,2017,P061,18.507855650411397,76.91766048140843,Latur,high,priority,25.299649901617215,1,7,ERA5-Land Daily Aggregated,Maharashtra,ERA5-Land Temperature
2017-02-12,2017-02-19,7.0,2017,P062,18.422405896924207,76.3487594508077,Latur,high,priority,24.61836967468264,1,7,ERA5-Land Daily Aggregated,Maharashtra,ERA5-Land Temperature
2017-02-12,2017-02-19,7.0,2017,P063,18.235391198742693,77.05646783810116,Latur,high,priority,24.323703566051734,1,7,ERA5-Land Daily Aggregated,Maharashtra,ERA5-Land Temperature
2017-02-12,2017-02-19,7.0,2017,P064,18.193056493341274,76.77240080549139,Latur,high,priority,24.309996813819566,1,7,ERA5-Land Daily Aggregated,Maharashtra,ERA5-Land Temperature
2017-02-12,2017-02-19,7.0,2017,P065,18.331355512513895,76.44266811899327,Latur,high,priority,24.366277040754085,1,7,ERA5-Land Daily Aggregated,Maharashtra,ERA5-Land Temperature
2017-02-12,2017-02-19,7.0,2017,P066,18.104739537876725,76.5352970251765,Latur,high,priority,23.94185600280764,1,7,ERA5-Land Daily Aggregated,Maharashtra,ERA5-Land Temperature
2017-02-12,2017-02-19,7.0,2017,P067,18.280552974211986,77.0569984711265,Latur,high,priority,24.323703566051734,1,7,ERA5-Land Daily Aggregated,Maharashtra,ERA5-Land Temperature
2017-02-12,2017-02-19,7.0,2017,P068,18.101823285787773,76.86595720469373,Latur,high,priority,24.39252797081366,1,7,ERA5-Land Daily Aggregated,Maharashtra,ERA5-Land Temperature
2017-02-12,2017-02-19,7.0,2017,P069,18.595075667016793,77.20284228928156,Latur,high,priority,25.552637717837342,1,7,ERA5-Land Daily Aggregated,Maharashtra,ERA5-Land Temperature
2017-02-12,2017-02-19,7.0,2017,P070,18.41499041187233,77.15322587185987,Latur,high,priority,25.311066382271918,1,7,ERA5-Land Daily Aggregated,Maharashtra,ERA5-Land Temperature
2017-02-12,2017-02-19,7.0,2017,P071,18.149138807065885,76.63019561379593,Latur,high,priority,24.128797967093362,1,7,ERA5-Land Daily Aggregated,Maharashtra,ERA5-Land Temperature
2017-02-12,2017-02-19,7.0,2017,P072,18.283393421583035,76.77331492120734,Latur,high,priority,24.469560150873065,1,7,ERA5-Land Daily Aggregated,Maharashtra,ERA5-Land Temperature
2017-02-12,2017-02-19,7.0,2017,P073,17.966315663874607,76.86453029235662,Latur,high,priority,24.447680500575473,1,7,ERA5-Land Daily Aggregated,Maharashtra,ERA5-Land Temperature
2017-02-12,2017-02-19,7.0,2017,P074,18.50832831512306,76.870318205524,Latur,high,priority,25.197331728254085,1,7,ERA5-Land Daily Aggregated,Maharashtra,ERA5-Land Temperature
2017-02-12,2017-02-19,7.0,2017,P075,18.41444640154381,77.20053247493588,Latur,high,priority,25.36935786292662,1,7,ERA5-Land Daily Aggregated,Maharashtra,ERA5-Land Temperature
2017-02-12,2017-02-19,7.0,2017,P076,18.377877313804504,76.25376722106614,Latur,high,priority,24.233859816051734,1,7,ERA5-Land Daily Aggregated,Maharashtra,ERA5-Land Temperature
2017-02-12,2017-02-19,7.0,2017,P077,18.059564385104267,76.5349046242838,Latur,high,priority,24.00043812706366,1,7,ERA5-Land Daily Aggregated,Maharashtra,ERA5-Land Temperature
2017-02-12,2017-02-19,7.0,2017,P078,18.1008824154655,76.96042326051098,Latur,high,priority,24.430102375575473,1,7,ERA5-Land Daily Aggregated,Maharashtra,ERA5-Land Temperature
2017-02-12,2017-02-19,7.0,2017,P079,18.73508698099394,76.77797468180819,Latur,high,priority,25.418360374087342,1,7,ERA5-Land Daily Aggregated,Maharashtra,ERA5-Land Temperature
2017-02-12,2017-02-19,7.0,2017,P080,18.46791548227568,76.3017694439065,Latur,high,priority,24.61836967468264,1,7,ERA5-Land Daily Aggregated,Maharashtra,ERA5-Land Temperature
2017-02-12,2017-02-19,7.0,2017,P081,18.10355787609756,76.67701617485712,Latur,high,priority,24.128797967093362,1,7,ERA5-Land Daily Aggregated,Maharashtra,ERA5-Land Temperature
2017-02-12,2017-02-19,7.0,2017,P082,18.23907887531389,76.67830931416262,Latur,high,priority,24.35202387855162,1,7,ERA5-Land Daily Aggregated,Maharashtra,ERA5-Land Temperature
2017-02-12,2017-02-19,7.0,2017,P083,18.369289085175563,77.19996171000103,Latur,high,priority,24.834306244623065,1,7,ERA5-Land Daily Aggregated,Maharashtra,ERA5-Land Temperature
2017-02-12,2017-02-19,7.0,2017,P084,18.46362582706226,76.82249880582684,Latur,high,priority,24.690263275873065,1,7,ERA5-Land Daily Aggregated,Maharashtra,ERA5-Land Temperature
2017-02-12,2017-02-19,7.0,2017,P085,18.14788579966987,76.77194597718393,Latur,high,priority,24.309996813819566,1,7,ERA5-Land Daily Aggregated,Maharashtra,ERA5-Land Temperature
2017-02-12,2017-02-19,7.0,2017,P122,17.88145897082753,73.8441448165019,Satara,high,priority,24.09557159060529,1,7,ERA5-Land Daily Aggregated,Maharashtra,ERA5-Land Temperature
2017-02-12,2017-02-19,7.0,2017,P123,17.386414030975025,74.27088970551878,Satara,high,priority,24.273910504295714,1,7,ERA5-Land Daily Aggregated,Maharashtra,ERA5-Land Temperature
2017-02-12,2017-02-19,7.0,2017,P124,17.43262815429294,74.647353771057,Satara,high,priority,25.784431802658844,1,7,ERA5-Land Daily Aggregated,Maharashtra,ERA5-Land Temperature
2017-02-12,2017-02-19,7.0,2017,P125,17.56734651531964,74.31728219287884,Satara,high,priority,25.18085804893866,1,7,ERA5-Land Daily Aggregated,Maharashtra,ERA5-Land Temperature
2017-02-12,2017-02-19,7.0,2017,P126,17.205080227535593,74.13053949986157,Satara,high,priority,24.52356173197427,1,7,ERA5-Land Daily Aggregated,Maharashtra,ERA5-Land Temperature
2017-02-12,2017-02-19,7.0,2017,P127,17.65773249367299,74.31694330119876,Satara,high,priority,24.959096981230232,1,7,ERA5-Land Daily Aggregated,Maharashtra,ERA5-Land Temperature
2017-02-12,2017-02-19,7.0,2017,P128,18.019949731345452,74.5517328080669,Satara,high,priority,26.52185274759927,1,7,ERA5-Land Daily Aggregated,Maharashtra,ERA5-Land Temperature
2017-02-12,2017-02-19,7.0,2017,P129,18.063234225271252,74.03192648006461,Satara,high,priority,25.252577263968362,1,7,ERA5-Land Daily Aggregated,Maharashtra,ERA5-Land Temperature
2017-02-12,2017-02-19,7.0,2017,P130,17.61135784271715,74.03436560834085,Satara,high,priority,25.071494674682697,1,7,ERA5-Land Daily Aggregated,Maharashtra,ERA5-Land Temperature
2017-02-12,2017-02-19,7.0,2017,P131,17.612539504496315,74.3171127470388,Satara,high,priority,24.959096981230232,1,7,ERA5-Land Daily Aggregated,Maharashtra,ERA5-Land Temperature
2017-02-12,2017-02-19,7.0,2017,P132,17.702176353872684,74.12817617630324,Satara,high,priority,24.19379750206366,1,7,ERA5-Land Daily Aggregated,Maharashtra,ERA5-Land Temperature
2017-02-12,2017-02-19,7.0,2017,P133,17.25006363896275,74.08329532420031,Satara,high,priority,25.07528466724216,1,7,ERA5-Land Daily Aggregated,Maharashtra,ERA5-Land Temperature
2017-02-12,2017-02-19,7.0,2017,P134,17.476429903940936,74.17634784498362,Satara,high,priority,24.162035969325473,1,7,ERA5-Land Daily Aggregated,Maharashtra,ERA5-Land Temperature
2017-02-12,2017-02-19,7.0,2017,P135,17.882716437324603,74.0801070669471,Satara,high,priority,23.86664906456366,1,7,ERA5-Land Daily Aggregated,Maharashtra,ERA5-Land Temperature
2017-02-12,2017-02-19,7.0,2017,P136,17.928520323345598,74.22149178404871,Satara,high,priority,26.054439708164807,1,7,ERA5-Land Daily Aggregated,Maharashtra,ERA5-Land Temperature
2017-02-12,2017-02-19,7.0,2017,P137,17.746687100588183,73.98648378122894,Satara,high,priority,24.43231126694451,1,7,ERA5-Land Daily Aggregated,Maharashtra,ERA5-Land Temperature
2017-02-12,2017-02-19,7.0,2017,P138,17.61269557303319,74.36423652697161,Satara,high,priority,24.959096981230232,1,7,ERA5-Land Daily Aggregated,Maharashtra,ERA5-Land Temperature
2017-02-12,2017-02-19,7.0,2017,P139,17.656773786946495,74.08126197411994,Satara,high,priority,25.071494674682697,1,7,ERA5-Land Daily Aggregated,Maharashtra,ERA5-Land Temperature
2017-02-12,2017-02-19,7.0,2017,P140,17.97464080554139,74.50462240543725,Satara,high,priority,26.668383625575473,1,7,ERA5-Land Daily Aggregated,Maharashtra,ERA5-Land Temperature
2017-02-12,2017-02-19,7.0,2017,P141,17.430826677467348,74.08239904488856,Satara,high,priority,24.475593912033787,1,7,ERA5-Land Daily Aggregated,Maharashtra,ERA5-Land Temperature
2017-02-12,2017-02-19,7.0,2017,P142,18.064447100757786,74.31538707493111,Satara,high,priority,26.395074008760048,1,7,ERA5-Land Daily Aggregated,Maharashtra,ERA5-Land Temperature
2017-02-12,2017-02-19,7.0,2017,P143,17.70379500755509,74.6468275971327,Satara,high,priority,26.05148676917662,1,7,ERA5-Land Daily Aggregated,Maharashtra,ERA5-Land Temperature
2017-02-12,2017-02-19,7.0,2017,P144,17.929452275465767,74.50474726026674,Satara,high,priority,26.668383625575473,1,7,ERA5-Land Daily Aggregated,Maharashtra,ERA5-Land Temperature
2017-02-12,2017-02-19,7.0,2017,P145,17.47773196144854,74.60017202281048,Satara,high,priority,25.78779164268866,1,7,ERA5-Land Daily Aggregated,Maharashtra,ERA5-Land Temperature
2017-02-12,2017-02-19,7.0,2017,P146,17.839182233739812,74.55218763637436,Satara,high,priority,26.046789968581436,1,7,ERA5-Land Daily Aggregated,Maharashtra,ERA5-Land Temperature
2017-02-12,2017-02-19,7.0,2017,P001,19.940457800458272,74.57045211428928,Ahmednagar,normal,statewide,24.6725107647124,1,7,ERA5-Land Daily Aggregated,Maharashtra,ERA5-Land Temperature
2017-02-12,2017-02-19,7.0,2017,P002,18.946729294293643,74.76302285238339,Ahmednagar,normal,statewide,25.86650955563499,1,7,ERA5-Land Daily Aggregated,Maharashtra,ERA5-Land Temperature
2017-02-12,2017-02-19,7.0,2017,P003,18.49469238410162,74.66892244285252,Ahmednagar,normal,statewide,26.72165278480162,1,7,ERA5-Land Daily Aggregated,Maharashtra,ERA5-Land Temperature
2017-02-12,2017-02-19,7.0,2017,P004,19.03720445466806,75.1420731965326,Ahmednagar,normal,statewide,24.9608408428374,1,7,ERA5-Land Daily Aggregated,Maharashtra,ERA5-Land Temperature
2017-02-12,2017-02-19,7.0,2017,P005,20.832153156317954,77.06560453615967,Akola,normal,statewide,25.526770437331436,1,7,ERA5-Land Daily Aggregated,Maharashtra,ERA5-Land Temperature
2017-02-12,2017-02-19,7.0,2017,P006,20.834360411339407,76.87349308547405,Akola,normal,statewide,25.638075310843362,1,7,ERA5-Land Daily Aggregated,Maharashtra,ERA5-Land Temperature
2017-02-12,2017-02-19,7.0,2017,P007,21.014976299509232,76.87574047240498,Akola,normal,statewide,25.95127285548614,1,7,ERA5-Land Daily Aggregated,Maharashtra,ERA5-Land Temperature
2017-02-12,2017-02-19,7.0,2017,P008,20.828434266039377,77.35372489162701,Akola,normal,statewide,25.394097446260048,1,7,ERA5-Land Daily Aggregated,Maharashtra,ERA5-Land Temperature
2017-02-12,2017-02-19,7.0,2017,P009,21.360971327549258,77.94039543992572,Amravati,normal,statewide,24.870857583908787,1,7,ERA5-Land Daily Aggregated,Maharashtra,ERA5-Land Temperature
2017-02-12,2017-02-19,7.0,2017,P010,21.178803672212837,78.03301542790685,Amravati,normal,statewide,25.28322272527788,1,7,ERA5-Land Daily Aggregated,Maharashtra,ERA5-Land Temperature
2017-02-12,2017-02-19,7.0,2017,P011,20.814388097721018,78.21764450702477,Amravati,normal,statewide,25.758285504295714,1,7,ERA5-Land Daily Aggregated,Maharashtra,ERA5-Land Temperature
2017-02-12,2017-02-19,7.0,2017,P012,21.180502589714195,77.93681032267875,Amravati,normal,statewide,25.633890042986195,1,7,ERA5-Land Daily Aggregated,Maharashtra,ERA5-Land Temperature
2017-02-12,2017-02-19,7.0,2017,P013,20.031289688916964,74.8570519162974,Aurangabad,normal,statewide,25.125391624087342,1,7,ERA5-Land Daily Aggregated,Maharashtra,ERA5-Land Temperature
2017-02-12,2017-02-19,7.0,2017,P014,19.760185263069562,75.14270192978114,Aurangabad,normal,statewide,25.12181089492077,1,7,ERA5-Land Daily Aggregated,Maharashtra,ERA5-Land Temperature
2017-02-12,2017-02-19,7.0,2017,P015,19.9408189876436,74.76157364454102,Aurangabad,normal,statewide,24.923719842093362,1,7,ERA5-Land Daily Aggregated,Maharashtra,ERA5-Land Temperature
2017-02-12,2017-02-19,7.0,2017,P016,19.66981712112043,75.14262166596218,Aurangabad,normal,statewide,24.996578380039807,1,7,ERA5-Land Daily Aggregated,Maharashtra,ERA5-Land Temperature
2017-02-12,2017-02-19,7.0,2017,P017,21.04613203856966,79.85576216552393,Bhandara,normal,statewide,25.619718260992215,1,7,ERA5-Land Daily Aggregated,Maharashtra,ERA5-Land Temperature
2017-02-12,2017-02-19,7.0,2017,P018,21.31897105472685,79.76852877161537,Bhandara,normal,statewide,25.36664906456366,1,7,ERA5-Land Daily Aggregated,Maharashtra,ERA5-Land Temperature
2017-02-12,2017-02-19,7.0,2017,P019,21.40900922319803,79.77144948280537,Bhandara,normal,statewide,25.081527691795714,1,7,ERA5-Land Daily Aggregated,Maharashtra,ERA5-Land Temperature
2017-02-12,2017-02-19,7.0,2017,P020,21.144196588937042,79.57074980349083,Bhandara,normal,statewide,25.2464853740874,1,7,ERA5-Land Daily Aggregated,Maharashtra,ERA5-Land Temperature
2017-02-12,2017-02-19,7.0,2017,P021,18.67502288980403,75.52108340877234,Bid,normal,statewide,24.74028885250999,1,7,ERA5-Land Daily Aggregated,Maharashtra,ERA5-Land Temperature
2017-02-12,2017-02-19,7.0,2017,P022,18.856499384477168,75.04699178476999,Bid,normal,statewide,25.863417107718362,1,7,ERA5-Land Daily Aggregated,Maharashtra,ERA5-Land Temperature
2017-02-12,2017-02-19,7.0,2017,P023,19.126596053486494,75.6175605191647,Bid,normal,statewide,25.46775816054577,1,7,ERA5-Land Daily Aggregated,Maharashtra,ERA5-Land Temperature
2017-02-12,2017-02-19,7.0,2017,P024,18.763955201213946,75.90084720909012,Bid,normal,statewide,24.37434530712312,1,7,ERA5-Land Daily Aggregated,Maharashtra,ERA5-Land Temperature
2017-02-12,2017-02-19,7.0,2017,P025,20.93073496240753,76.20164478885242,Buldana,normal,statewide,25.283292479742215,1,7,ERA5-Land Daily Aggregated,Maharashtra,ERA5-Land Temperature
2017-02-12,2017-02-19,7.0,2017,P026,20.838939908121294,76.39311412898633,Buldana,normal,statewide,25.763110188075473,1,7,ERA5-Land Daily Aggregated,Maharashtra,ERA5-Land Temperature
2017-02-12,2017-02-19,7.0,2017,P027,20.657476790751314,76.48742857536776,Buldana,normal,statewide,25.7525888897124,1,7,ERA5-Land Daily Aggregated,Maharashtra,ERA5-Land Temperature
2017-02-12,2017-02-19,7.0,2017,P028,20.47967013624516,76.10222021266374,Buldana,normal,statewide,25.0106455303374,1,7,ERA5-Land Daily Aggregated,Maharashtra,ERA5-Land Temperature
2017-02-12,2017-02-19,7.0,2017,P029,20.32317798477448,79.92829390325927,Chandrapur,normal,statewide,26.009761973789807,1,7,ERA5-Land Daily Aggregated,Maharashtra,ERA5-Land Temperature
2017-02-12,2017-02-19,7.0,2017,P030,20.60872097983294,79.36304041732026,Chandrapur,normal,statewide,25.94194900875999,1,7,ERA5-Land Daily Aggregated,Maharashtra,ERA5-Land Temperature
2017-02-12,2017-02-19,7.0,2017,P031,20.511160307884595,79.64732594588165,Chandrapur,normal,statewide,26.102082007271918,1,7,ERA5-Land Daily Aggregated,Maharashtra,ERA5-Land Temperature
2017-02-12,2017-02-19,7.0,2017,P032,20.598621115946884,79.74569817422172,Chandrapur,normal,statewide,26.153014391944566,1,7,ERA5-Land Daily Aggregated,Maharashtra,ERA5-Land Temperature
2017-02-12,2017-02-19,7.0,2017,P033,21.38667804512237,75.14422248324037,Dhule,normal,statewide,25.653107397896918,1,7,ERA5-Land Daily Aggregated,Maharashtra,ERA5-Land Temperature
2017-02-12,2017-02-19,7.0,2017,P034,21.025151968113196,74.75989256344387,Dhule,normal,statewide,26.060950124831493,1,7,ERA5-Land Daily Aggregated,Maharashtra,ERA5-Land Temperature
2017-02-12,2017-02-19,7.0,2017,P035,21.477028350667293,74.85568743137505,Dhule,normal,statewide,26.001809964861195,1,7,ERA5-Land Daily Aggregated,Maharashtra,ERA5-Land Temperature
2017-02-12,2017-02-19,7.0,2017,P036,20.933820660336515,74.37533522949364,Dhule,normal,statewide,26.227547037033844,1,7,ERA5-Land Daily Aggregated,Maharashtra,ERA5-Land Temperature
2017-02-12,2017-02-19,7.0,2017,P037,19.963056524597132,79.91698116388667,Garhchiroli,normal,statewide,26.369299734206493,1,7,ERA5-Land Daily Aggregated,Maharashtra,ERA5-Land Temperature
2017-02-12,2017-02-19,7.0,2017,P038,19.062661462582188,79.88977172925856,Garhchiroli,normal,statewide,26.445215842837342,1,7,ERA5-Land Daily Aggregated,Maharashtra,ERA5-Land Temperature
2017-02-12,2017-02-19,7.0,2017,P039,19.510270485428137,79.9981368030594,Garhchiroli,normal,statewide,27.22494287036716,1,7,ERA5-Land Daily Aggregated,Maharashtra,ERA5-Land Temperature
2017-02-12,2017-02-19,7.0,2017,P040,19.870365190999156,80.00935144220881,Garhchiroli,normal,statewide,26.609382974533844,1,7,ERA5-Land Daily Aggregated,Maharashtra,ERA5-Land Temperature
2017-02-12,2017-02-19,7.0,2017,P041,21.127639946725598,80.1465044724107,Gondiya,normal,statewide,25.517981374831436,1,7,ERA5-Land Daily Aggregated,Maharashtra,ERA5-Land Temperature
2017-02-12,2017-02-19,7.0,2017,P042,21.397598383602258,80.15591763473452,Gondiya,normal,statewide,25.075354421706436,1,7,ERA5-Land Daily Aggregated,Maharashtra,ERA5-Land Temperature
2017-02-12,2017-02-19,7.0,2017,P043,21.574548890706154,80.25847249986273,Gondiya,normal,statewide,24.762633532569566,1,7,ERA5-Land Daily Aggregated,Maharashtra,ERA5-Land Temperature
2017-02-12,2017-02-19,7.0,2017,P044,21.211649410572516,80.34153217518526,Gondiya,normal,statewide,24.90278187706366,1,7,ERA5-Land Daily Aggregated,Maharashtra,ERA5-Land Temperature
2017-02-12,2017-02-19,7.0,2017,P045,19.655900266732623,77.2407892392464,Hingoli,normal,statewide,25.744974027361195,1,7,ERA5-Land Daily Aggregated,Maharashtra,ERA5-Land Temperature
2017-02-12,2017-02-19,7.0,2017,P046,19.566758377573187,77.1442675378435,Hingoli,normal,statewide,25.633366884504085,1,7,ERA5-Land Daily Aggregated,Maharashtra,ERA5-Land Temperature
2017-02-12,2017-02-19,7.0,2017,P047,19.47860194974656,76.9526242927685,Hingoli,normal,statewide,25.922754905337342,1,7,ERA5-Land Daily Aggregated,Maharashtra,ERA5-Land Temperature
2017-02-12,2017-02-19,7.0,2017,P048,19.927981235710728,77.14910120338544,Hingoli,normal,statewide,25.584015601021918,1,7,ERA5-Land Daily Aggregated,Maharashtra,ERA5-Land Temperature
2017-02-12,2017-02-19,7.0,2017,P049,21.292738163229433,76.10816865346904,Jalgaon,normal,statewide,25.663012531825473,1,7,ERA5-Land Daily Aggregated,Maharashtra,ERA5-Land Temperature
2017-02-12,2017-02-19,7.0,2017,P050,21.386178625804387,75.43363151891216,Jalgaon,normal,statewide,24.085306058611195,1,7,ERA5-Land Daily Aggregated,Maharashtra,ERA5-Land Temperature
2017-02-12,2017-02-19,7.0,2017,P051,21.112064306745907,76.10682200495089,Jalgaon,normal,statewide,25.40114264715288,1,7,ERA5-Land Daily Aggregated,Maharashtra,ERA5-Land Temperature
2017-02-12,2017-02-19,7.0,2017,P052,20.844437979720194,75.23982115072519,Jalgaon,normal,statewide,25.63642445518866,1,7,ERA5-Land Daily Aggregated,Maharashtra,ERA5-Land Temperature
2017-02-12,2017-02-19,7.0,2017,P053,19.486369703781666,76.00005328932718,Jalna,normal,statewide,24.993904458908787,1,7,ERA5-Land Daily Aggregated,Maharashtra,ERA5-Land Temperature
2017-02-12,2017-02-19,7.0,2017,P054,20.028502750758555,76.00343774702675,Jalna,normal,statewide,25.538384555635048,1,7,ERA5-Land Daily Aggregated,Maharashtra,ERA5-Land Temperature
2017-02-12,2017-02-19,7.0,2017,P055,19.75743845682064,76.00172991132328,Jalna,normal,statewide,25.071424920218362,1,7,ERA5-Land Daily Aggregated,Maharashtra,ERA5-Land Temperature
2017-02-12,2017-02-19,7.0,2017,P056,19.57768317515413,75.80993951591351,Jalna,normal,statewide,25.014947055635048,1,7,ERA5-Land Daily Aggregated,Maharashtra,ERA5-Land Temperature
2017-02-12,2017-02-19,7.0,2017,P057,16.776377793156257,74.29671235971928,Kolhapur,normal,statewide,24.952946962629085,1,7,ERA5-Land Daily Aggregated,Maharashtra,ERA5-Land Temperature
2017-02-12,2017-02-19,7.0,2017,P058,16.324416687682138,74.29834884980589,Kolhapur,normal,statewide,24.96224755786716,1,7,ERA5-Land Daily Aggregated,Maharashtra,ERA5-Land Temperature
2017-02-12,2017-02-19,7.0,2017,P059,16.595891218916975,74.39111598812178,Kolhapur,normal,statewide,25.17534744625999,1,7,ERA5-Land Daily Aggregated,Maharashtra,ERA5-Land Temperature
2017-02-12,2017-02-19,7.0,2017,P060,16.414811584237594,74.29802779453004,Kolhapur,normal,statewide,25.210585076468362,1,7,ERA5-Land Daily Aggregated,Maharashtra,ERA5-Land Temperature
2017-02-12,2017-02-19,7.0,2017,P086,21.054127206758487,79.56798961993874,Nagpur,normal,statewide,25.242265228998065,1,7,ERA5-Land Daily Aggregated,Maharashtra,ERA5-Land Temperature
2017-02-12,2017-02-19,7.0,2017,P087,21.146765031143822,79.47473643960802,Nagpur,normal,statewide,25.112963703700473,1,7,ERA5-Land Daily Aggregated,Maharashtra,ERA5-Land Temperature
2017-02-12,2017-02-19,7.0,2017,P088,21.347803602138427,78.61442869606356,Nagpur,normal,statewide,23.997252673194566,1,7,ERA5-Land Daily Aggregated,Maharashtra,ERA5-Land Temperature
2017-02-12,2017-02-19,7.0,2017,P089,21.165377318940912,78.70615240473293,Nagpur,normal,statewide,24.586863908313546,1,7,ERA5-Land Daily Aggregated,Maharashtra,ERA5-Land Temperature
2017-02-12,2017-02-19,7.0,2017,P090,19.201968238592887,77.42470040309472,Nanded,normal,statewide,25.57430810474216,1,7,ERA5-Land Daily Aggregated,Maharashtra,ERA5-Land Temperature
2017-02-12,2017-02-19,7.0,2017,P091,18.566038000956755,77.69963965584807,Nanded,normal,statewide,25.619602003551734,1,7,ERA5-Land Daily Aggregated,Maharashtra,ERA5-Land Temperature
2017-02-12,2017-02-19,7.0,2017,P092,19.736596618496833,77.90946265591798,Nanded,normal,statewide,25.93019538152788,1,7,ERA5-Land Daily Aggregated,Maharashtra,ERA5-Land Temperature
2017-02-12,2017-02-19,7.0,2017,P093,18.93564842817583,77.04115528508362,Nanded,normal,statewide,25.704353677658787,1,7,ERA5-Land Daily Aggregated,Maharashtra,ERA5-Land Temperature
2017-02-12,2017-02-19,7.0,2017,P094,21.564917232430716,74.08292967791392,Nandurbar,normal,statewide,25.322820009504085,1,7,ERA5-Land Daily Aggregated,Maharashtra,ERA5-Land Temperature
2017-02-12,2017-02-19,7.0,2017,P095,21.5662594218478,74.37266422796263,Nandurbar,normal,statewide,26.304265322004085,1,7,ERA5-Land Daily Aggregated,Maharashtra,ERA5-Land Temperature
2017-02-12,2017-02-19,7.0,2017,P096,21.385179787168415,74.27697637845674,Nandurbar,normal,statewide,25.692100143432697,1,7,ERA5-Land Daily Aggregated,Maharashtra,ERA5-Land Temperature
2017-02-12,2017-02-19,7.0,2017,P097,21.565421110849755,74.17950488852946,Nandurbar,normal,statewide,25.736673246111195,1,7,ERA5-Land Daily Aggregated,Maharashtra,ERA5-Land Temperature
2017-02-12,2017-02-19,7.0,2017,P098,20.299553667393326,73.99482675929994,Nashik,normal,statewide,23.632018298194566,1,7,ERA5-Land Daily Aggregated,Maharashtra,ERA5-Land Temperature
2017-02-12,2017-02-19,7.0,2017,P099,20.120253214034264,74.28296495117151,Nashik,normal,statewide,24.509285318283787,1,7,ERA5-Land Daily Aggregated,Maharashtra,ERA5-Land Temperature
2017-02-12,2017-02-19,7.0,2017,P100,20.389903972938242,73.99424261706194,Nashik,normal,statewide,23.37764701843264,1,7,ERA5-Land Daily Aggregated,Maharashtra,ERA5-Land Temperature
2017-02-12,2017-02-19,7.0,2017,P101,20.029015547379707,74.09216447619562,Nashik,normal,statewide,24.532246162777938,1,7,ERA5-Land Daily Aggregated,Maharashtra,ERA5-Land Temperature
2017-02-12,2017-02-19,7.0,2017,P102,17.85749130266526,76.36802722645965,Osmanabad,normal,statewide,24.70403978256951,1,7,ERA5-Land Daily Aggregated,Maharashtra,ERA5-Land Temperature
2017-02-12,2017-02-19,7.0,2017,P103,17.76644983645705,76.46164605307673,Osmanabad,normal,statewide,24.842304756527938,1,7,ERA5-Land Daily Aggregated,Maharashtra,ERA5-Land Temperature
2017-02-12,2017-02-19,7.0,2017,P104,17.949094615606196,76.17989775301476,Osmanabad,normal,statewide,24.839642461140954,1,7,ERA5-Land Daily Aggregated,Maharashtra,ERA5-Land Temperature
2017-02-12,2017-02-19,7.0,2017,P105,18.584360447185368,75.61558067829696,Osmanabad,normal,statewide,24.75423974536716,1,7,ERA5-Land Daily Aggregated,Maharashtra,ERA5-Land Temperature
2017-02-12,2017-02-19,7.0,2017,P106,19.031389786894366,76.47235681380711,Parbhani,normal,statewide,25.430090749831436,1,7,ERA5-Land Daily Aggregated,Maharashtra,ERA5-Land Temperature
2017-02-12,2017-02-19,7.0,2017,P107,19.120950831552832,76.56820519095093,Parbhani,normal,statewide,25.101372836885048,1,7,ERA5-Land Daily Aggregated,Maharashtra,ERA5-Land Temperature
2017-02-12,2017-02-19,7.0,2017,P108,19.208625676465683,76.85432786914635,Parbhani,normal,statewide,25.54439506530764,1,7,ERA5-Land Daily Aggregated,Maharashtra,ERA5-Land Temperature
2017-02-12,2017-02-19,7.0,2017,P109,19.212081479782103,76.47396209018636,Parbhani,normal,statewide,25.064228584652938,1,7,ERA5-Land Daily Aggregated,Maharashtra,ERA5-Land Temperature
2017-02-12,2017-02-19,7.0,2017,P110,18.133442771357757,75.04679558432363,Pune,normal,statewide,26.191193335396918,1,7,ERA5-Land Daily Aggregated,Maharashtra,ERA5-Land Temperature
2017-02-12,2017-02-19,7.0,2017,P111,18.584645829652782,74.47919215212944,Pune,normal,statewide,26.13659884134927,1,7,ERA5-Land Daily Aggregated,Maharashtra,ERA5-Land Temperature
2017-02-12,2017-02-19,7.0,2017,P112,18.132979024848197,74.57507620208169,Pune,normal,statewide,25.94641329447427,1,7,ERA5-Land Daily Aggregated,Maharashtra,ERA5-Land Temperature
2017-02-12,2017-02-19,7.0,2017,P113,18.314072036830744,74.76389683618987,Pune,normal,statewide,27.05962479000999,1,7,ERA5-Land Daily Aggregated,Maharashtra,ERA5-Land Temperature
2017-02-12,2017-02-19,7.0,2017,P114,18.48503397121986,73.0589238755964,Raigarh,normal,statewide,26.710038666498065,1,7,ERA5-Land Daily Aggregated,Maharashtra,ERA5-Land Temperature
2017-02-12,2017-02-19,7.0,2017,P115,18.665689991299164,73.05687714821288,Raigarh,normal,statewide,26.55836920965288,1,7,ERA5-Land Daily Aggregated,Maharashtra,ERA5-Land Temperature
2017-02-12,2017-02-19,7.0,2017,P116,18.306197264370358,73.25009891506079,Raigarh,normal,statewide,27.035885020664807,1,7,ERA5-Land Daily Aggregated,Maharashtra,ERA5-Land Temperature
2017-02-12,2017-02-19,7.0,2017,P117,18.21404102289879,73.06194714611064,Raigarh,normal,statewide,26.63665697006951,1,7,ERA5-Land Daily Aggregated,Maharashtra,ERA5-Land Temperature
2017-02-12,2017-02-19,7.0,2017,P118,17.138719885658215,75.42259970290594,Sangli,normal,statewide,27.006820660545714,1,7,ERA5-Land Daily Aggregated,Maharashtra,ERA5-Land Temperature
2017-02-12,2017-02-19,7.0,2017,P119,17.048761981005992,74.95348443567921,Sangli,normal,statewide,26.310287457420714,1,7,ERA5-Land Daily Aggregated,Maharashtra,ERA5-Land Temperature
2017-02-12,2017-02-19,7.0,2017,P120,16.86707144948229,74.39025538161847,Sangli,normal,statewide,25.011947613670714,1,7,ERA5-Land Daily Aggregated,Maharashtra,ERA5-Land Temperature
2017-02-12,2017-02-19,7.0,2017,P121,17.048503353144895,74.67157114887826,Sangli,normal,statewide,25.885843167986195,1,7,ERA5-Land Daily Aggregated,Maharashtra,ERA5-Land Temperature
2017-02-12,2017-02-19,7.0,2017,P148,17.67852974098626,76.08383979812143,Solapur,normal,statewide,26.207108978998065,1,7,ERA5-Land Daily Aggregated,Maharashtra,ERA5-Land Temperature
2017-02-12,2017-02-19,7.0,2017,P149,18.223365003201543,75.4251413905064,Solapur,normal,statewide,26.66082689194451,1,7,ERA5-Land Daily Aggregated,Maharashtra,ERA5-Land Temperature
2017-02-12,2017-02-19,7.0,2017,P150,17.952532582518405,75.23562067753285,Solapur,normal,statewide,26.93761260623029,1,7,ERA5-Land Daily Aggregated,Maharashtra,ERA5-Land Temperature
2017-02-12,2017-02-19,7.0,2017,P151,18.223690517578447,75.23598186471818,Solapur,normal,statewide,26.749542944771918,1,7,ERA5-Land Daily Aggregated,Maharashtra,ERA5-Land Temperature
2017-02-12,2017-02-19,7.0,2017,P152,19.658178867370932,72.94986318203122,Thane,normal,statewide,27.829783830188546,1,7,ERA5-Land Daily Aggregated,Maharashtra,ERA5-Land Temperature
2017-02-12,2017-02-19,7.0,2017,P153,19.65706409210757,72.8545320606096,Thane,normal,statewide,27.47416394551601,1,7,ERA5-Land Daily Aggregated,Maharashtra,ERA5-Land Temperature
2017-02-12,2017-02-19,7.0,2017,P154,19.477549601897948,72.95214624177059,Thane,normal,statewide,27.210189801170714,1,7,ERA5-Land Daily Aggregated,Maharashtra,ERA5-Land Temperature
2017-02-12,2017-02-19,7.0,2017,P155,19.83987385799569,73.0429959666335,Thane,normal,statewide,27.75434437706366,1,7,ERA5-Land Daily Aggregated,Maharashtra,ERA5-Land Temperature
2017-02-12,2017-02-19,7.0,2017,P156,20.806749657616468,78.60135461177485,Wardha,normal,statewide,25.665384183611195,1,7,ERA5-Land Daily Aggregated,Maharashtra,ERA5-Land Temperature
2017-02-12,2017-02-19,7.0,2017,P157,20.71031267913359,78.88671032458906,Wardha,normal,statewide,25.76859753926601,1,7,ERA5-Land Daily Aggregated,Maharashtra,ERA5-Land Temperature
2017-02-12,2017-02-19,7.0,2017,P158,21.081265295769754,78.41565980750515,Wardha,normal,statewide,24.880251185099326,1,7,ERA5-Land Daily Aggregated,Maharashtra,ERA5-Land Temperature
2017-02-12,2017-02-19,7.0,2017,P159,20.439854822938944,78.87986114537097,Wardha,normal,statewide,26.049556895664807,1,7,ERA5-Land Daily Aggregated,Maharashtra,ERA5-Land Temperature
2017-02-12,2017-02-19,7.0,2017,P160,20.289186257444058,77.15404188735265,Washim,normal,statewide,25.752077356974326,1,7,ERA5-Land Daily Aggregated,Maharashtra,ERA5-Land Temperature
2017-02-12,2017-02-19,7.0,2017,P161,20.464607292886615,77.53975858757677,Washim,normal,statewide,25.670057732718362,1,7,ERA5-Land Daily Aggregated,Maharashtra,ERA5-Land Temperature
2017-02-12,2017-02-19,7.0,2017,P162,20.107393166596125,77.2471479173486,Washim,normal,statewide,25.511540712629085,1,7,ERA5-Land Daily Aggregated,Maharashtra,ERA5-Land Temperature
2017-02-12,2017-02-19,7.0,2017,P163,20.198885002010726,77.1527933390577,Washim,normal,statewide,25.452295920962342,1,7,ERA5-Land Daily Aggregated,Maharashtra,ERA5-Land Temperature
2017-02-12,2017-02-19,7.0,2017,P164,20.182854533723592,78.20447678161395,Yavatmal,normal,statewide,25.942379161289807,1,7,ERA5-Land Daily Aggregated,Maharashtra,ERA5-Land Temperature
2017-02-12,2017-02-19,7.0,2017,P165,19.894658373538324,79.05709703494229,Yavatmal,normal,statewide,25.928207379295714,1,7,ERA5-Land Daily Aggregated,Maharashtra,ERA5-Land Temperature
2017-02-12,2017-02-19,7.0,2017,P166,19.468787468327925,77.71426550730338,Yavatmal,normal,statewide,26.101314708164807,1,7,ERA5-Land Daily Aggregated,Maharashtra,ERA5-Land Temperature
2017-02-12,2017-02-19,7.0,2017,P167,19.559057510053886,77.71577268345945,Yavatmal,normal,statewide,25.85565111069451,1,7,ERA5-Land Daily Aggregated,Maharashtra,ERA5-Land Temperature
2017-02-19,2017-02-26,8.0,2017,P147,17.927231643141155,73.94769852026607,Satara,case_study,case_study,25.439262371971495,1,7,ERA5-Land Daily Aggregated,Maharashtra,ERA5-Land Temperature
2017-02-19,2017-02-26,8.0,2017,P061,18.507855650411397,76.91766048140843,Latur,high,priority,26.69265708923342,1,7,ERA5-Land Daily Aggregated,Maharashtra,ERA5-Land Temperature
2017-02-19,2017-02-26,8.0,2017,P062,18.422405896924207,76.3487594508077,Latur,high,priority,26.290615608578662,1,7,ERA5-Land Daily Aggregated,Maharashtra,ERA5-Land Temperature
2017-02-19,2017-02-26,8.0,2017,P063,18.235391198742693,77.05646783810116,Latur,high,priority,25.908686665126254,1,7,ERA5-Land Daily Aggregated,Maharashtra,ERA5-Land Temperature
2017-02-19,2017-02-26,8.0,2017,P064,18.193056493341274,76.77240080549139,Latur,high,priority,25.89263151259655,1,7,ERA5-Land Daily Aggregated,Maharashtra,ERA5-Land Temperature
2017-02-19,2017-02-26,8.0,2017,P065,18.331355512513895,76.44266811899327,Latur,high,priority,26.1477468399774,1,7,ERA5-Land Daily Aggregated,Maharashtra,ERA5-Land Temperature
2017-02-19,2017-02-26,8.0,2017,P066,18.104739537876725,76.5352970251765,Latur,high,priority,25.60676609220957,1,7,ERA5-Land Daily Aggregated,Maharashtra,ERA5-Land Temperature
2017-02-19,2017-02-26,8.0,2017,P067,18.280552974211986,77.0569984711265,Latur,high,priority,25.908686665126254,1,7,ERA5-Land Daily Aggregated,Maharashtra,ERA5-Land Temperature
2017-02-19,2017-02-26,8.0,2017,P068,18.101823285787773,76.86595720469373,Latur,high,priority,25.97747619265607,1,7,ERA5-Land Daily Aggregated,Maharashtra,ERA5-Land Temperature
2017-02-19,2017-02-26,8.0,2017,P069,18.595075667016793,77.20284228928156,Latur,high,priority,26.86111412048342,1,7,ERA5-Land Daily Aggregated,Maharashtra,ERA5-Land Temperature
2017-02-19,2017-02-26,8.0,2017,P070,18.41499041187233,77.15322587185987,Latur,high,priority,26.598058409917996,1,7,ERA5-Land Daily Aggregated,Maharashtra,ERA5-Land Temperature
2017-02-19,2017-02-26,8.0,2017,P071,18.149138807065885,76.63019561379593,Latur,high,priority,25.73660240173342,1,7,ERA5-Land Daily Aggregated,Maharashtra,ERA5-Land Temperature
2017-02-19,2017-02-26,8.0,2017,P072,18.283393421583035,76.77331492120734,Latur,high,priority,26.11933352152505,1,7,ERA5-Land Daily Aggregated,Maharashtra,ERA5-Land Temperature
2017-02-19,2017-02-26,8.0,2017,P073,17.966315663874607,76.86453029235662,Latur,high,priority,26.24603088015607,1,7,ERA5-Land Daily Aggregated,Maharashtra,ERA5-Land Temperature
2017-02-19,2017-02-26,8.0,2017,P074,18.50832831512306,76.870318205524,Latur,high,priority,26.62079836527505,1,7,ERA5-Land Daily Aggregated,Maharashtra,ERA5-Land Temperature
2017-02-19,2017-02-26,8.0,2017,P075,18.41444640154381,77.20053247493588,Latur,high,priority,26.55441536676318,1,7,ERA5-Land Daily Aggregated,Maharashtra,ERA5-Land Temperature
2017-02-19,2017-02-26,8.0,2017,P076,18.377877313804504,76.25376722106614,Latur,high,priority,26.09724460783457,1,7,ERA5-Land Daily Aggregated,Maharashtra,ERA5-Land Temperature
2017-02-19,2017-02-26,8.0,2017,P077,18.059564385104267,76.5349046242838,Latur,high,priority,25.648444384620348,1,7,ERA5-Land Daily Aggregated,Maharashtra,ERA5-Land Temperature
2017-02-19,2017-02-26,8.0,2017,P078,18.1008824154655,76.96042326051098,Latur,high,priority,26.002936572120348,1,7,ERA5-Land Daily Aggregated,Maharashtra,ERA5-Land Temperature
2017-02-19,2017-02-26,8.0,2017,P079,18.73508698099394,76.77797468180819,Latur,high,priority,26.607161367507217,1,7,ERA5-Land Daily Aggregated,Maharashtra,ERA5-Land Temperature
2017-02-19,2017-02-26,8.0,2017,P080,18.46791548227568,76.3017694439065,Latur,high,priority,26.290615608578662,1,7,ERA5-Land Daily Aggregated,Maharashtra,ERA5-Land Temperature
2017-02-19,2017-02-26,8.0,2017,P081,18.10355787609756,76.67701617485712,Latur,high,priority,25.73660240173342,1,7,ERA5-Land Daily Aggregated,Maharashtra,ERA5-Land Temperature
2017-02-19,2017-02-26,8.0,2017,P082,18.23907887531389,76.67830931416262,Latur,high,priority,26.009156345185772,1,7,ERA5-Land Daily Aggregated,Maharashtra,ERA5-Land Temperature
2017-02-19,2017-02-26,8.0,2017,P083,18.369289085175563,77.19996171000103,Latur,high,priority,26.197714287894144,1,7,ERA5-Land Daily Aggregated,Maharashtra,ERA5-Land Temperature
2017-02-19,2017-02-26,8.0,2017,P084,18.46362582706226,76.82249880582684,Latur,high,priority,26.254261906941792,1,7,ERA5-Land Daily Aggregated,Maharashtra,ERA5-Land Temperature
2017-02-19,2017-02-26,8.0,2017,P085,18.14788579966987,76.77194597718393,Latur,high,priority,25.89263151259655,1,7,ERA5-Land Daily Aggregated,Maharashtra,ERA5-Land Temperature
2017-02-19,2017-02-26,8.0,2017,P122,17.88145897082753,73.8441448165019,Satara,high,priority,25.359730656941736,1,7,ERA5-Land Daily Aggregated,Maharashtra,ERA5-Land Temperature
2017-02-19,2017-02-26,8.0,2017,P123,17.386414030975025,74.27088970551878,Satara,high,priority,25.931031345185772,1,7,ERA5-Land Daily Aggregated,Maharashtra,ERA5-Land Temperature
2017-02-19,2017-02-26,8.0,2017,P124,17.43262815429294,74.647353771057,Satara,high,priority,27.479882721673903,1,7,ERA5-Land Daily Aggregated,Maharashtra,ERA5-Land Temperature
2017-02-19,2017-02-26,8.0,2017,P125,17.56734651531964,74.31728219287884,Satara,high,priority,26.57307468595957,1,7,ERA5-Land Daily Aggregated,Maharashtra,ERA5-Land Temperature
2017-02-19,2017-02-26,8.0,2017,P126,17.205080227535593,74.13053949986157,Satara,high,priority,25.94109923953107,1,7,ERA5-Land Daily Aggregated,Maharashtra,ERA5-Land Temperature
2017-02-19,2017-02-26,8.0,2017,P127,17.65773249367299,74.31694330119876,Satara,high,priority,26.304310735066792,1,7,ERA5-Land Daily Aggregated,Maharashtra,ERA5-Land Temperature
2017-02-19,2017-02-26,8.0,2017,P128,18.019949731345452,74.5517328080669,Satara,high,priority,27.565959730602515,1,7,ERA5-Land Daily Aggregated,Maharashtra,ERA5-Land Temperature
2017-02-19,2017-02-26,8.0,2017,P129,18.063234225271252,74.03192648006461,Satara,high,priority,26.51245805649529,1,7,ERA5-Land Daily Aggregated,Maharashtra,ERA5-Land Temperature
2017-02-19,2017-02-26,8.0,2017,P130,17.61135784271715,74.03436560834085,Satara,high,priority,26.34881408328107,1,7,ERA5-Land Daily Aggregated,Maharashtra,ERA5-Land Temperature
2017-02-19,2017-02-26,8.0,2017,P131,17.612539504496315,74.3171127470388,Satara,high,priority,26.304310735066792,1,7,ERA5-Land Daily Aggregated,Maharashtra,ERA5-Land Temperature
2017-02-19,2017-02-26,8.0,2017,P132,17.702176353872684,74.12817617630324,Satara,high,priority,25.84890708923342,1,7,ERA5-Land Daily Aggregated,Maharashtra,ERA5-Land Temperature
2017-02-19,2017-02-26,8.0,2017,P133,17.25006363896275,74.08329532420031,Satara,high,priority,26.10163913908457,1,7,ERA5-Land Daily Aggregated,Maharashtra,ERA5-Land Temperature
2017-02-19,2017-02-26,8.0,2017,P134,17.476429903940936,74.17634784498362,Satara,high,priority,25.666731680007217,1,7,ERA5-Land Daily Aggregated,Maharashtra,ERA5-Land Temperature
2017-02-19,2017-02-26,8.0,2017,P135,17.882716437324603,74.0801070669471,Satara,high,priority,25.386551248459625,1,7,ERA5-Land Daily Aggregated,Maharashtra,ERA5-Land Temperature
2017-02-19,2017-02-26,8.0,2017,P136,17.928520323345598,74.22149178404871,Satara,high,priority,27.32043564206083,1,7,ERA5-Land Daily Aggregated,Maharashtra,ERA5-Land Temperature
2017-02-19,2017-02-26,8.0,2017,P137,17.746687100588183,73.98648378122894,Satara,high,priority,25.697109749203662,1,7,ERA5-Land Daily Aggregated,Maharashtra,ERA5-Land Temperature
2017-02-19,2017-02-26,8.0,2017,P138,17.61269557303319,74.36423652697161,Satara,high,priority,26.304310735066792,1,7,ERA5-Land Daily Aggregated,Maharashtra,ERA5-Land Temperature
2017-02-19,2017-02-26,8.0,2017,P139,17.656773786946495,74.08126197411994,Satara,high,priority,26.34881408328107,1,7,ERA5-Land Daily Aggregated,Maharashtra,ERA5-Land Temperature
2017-02-19,2017-02-26,8.0,2017,P140,17.97464080554139,74.50462240543725,Satara,high,priority,27.75955162048342,1,7,ERA5-Land Daily Aggregated,Maharashtra,ERA5-Land Temperature
2017-02-19,2017-02-26,8.0,2017,P141,17.430826677467348,74.08239904488856,Satara,high,priority,25.5549734024774,1,7,ERA5-Land Daily Aggregated,Maharashtra,ERA5-Land Temperature
2017-02-19,2017-02-26,8.0,2017,P142,18.064447100757786,74.31538707493111,Satara,high,priority,27.473267673310772,1,7,ERA5-Land Daily Aggregated,Maharashtra,ERA5-Land Temperature
2017-02-19,2017-02-26,8.0,2017,P143,17.70379500755509,74.6468275971327,Satara,high,priority,27.52472321646559,1,7,ERA5-Land Daily Aggregated,Maharashtra,ERA5-Land Temperature
2017-02-19,2017-02-26,8.0,2017,P144,17.929452275465767,74.50474726026674,Satara,high,priority,27.75955162048342,1,7,ERA5-Land Daily Aggregated,Maharashtra,ERA5-Land Temperature
2017-02-19,2017-02-26,8.0,2017,P145,17.47773196144854,74.60017202281048,Satara,high,priority,27.381482424054866,1,7,ERA5-Land Daily Aggregated,Maharashtra,ERA5-Land Temperature
2017-02-19,2017-02-26,8.0,2017,P146,17.839182233739812,74.55218763637436,Satara,high,priority,27.3602073124477,1,7,ERA5-Land Daily Aggregated,Maharashtra,ERA5-Land Temperature
2017-02-19,2017-02-26,8.0,2017,P001,19.940457800458272,74.57045211428928,Ahmednagar,normal,statewide,25.1307151249477,1,7,ERA5-Land Daily Aggregated,Maharashtra,ERA5-Land Temperature
2017-02-19,2017-02-26,8.0,2017,P002,18.946729294293643,74.76302285238339,Ahmednagar,normal,statewide,26.698353703816736,1,7,ERA5-Land Daily Aggregated,Maharashtra,ERA5-Land Temperature
2017-02-19,2017-02-26,8.0,2017,P003,18.49469238410162,74.66892244285252,Ahmednagar,normal,statewide,27.474720891316792,1,7,ERA5-Land Daily Aggregated,Maharashtra,ERA5-Land Temperature
2017-02-19,2017-02-26,8.0,2017,P004,19.03720445466806,75.1420731965326,Ahmednagar,normal,statewide,25.79498688834059,1,7,ERA5-Land Daily Aggregated,Maharashtra,ERA5-Land Temperature
2017-02-19,2017-02-26,8.0,2017,P005,20.832153156317954,77.06560453615967,Akola,normal,statewide,25.33868806021559,1,7,ERA5-Land Daily Aggregated,Maharashtra,ERA5-Land Temperature
2017-02-19,2017-02-26,8.0,2017,P006,20.834360411339407,76.87349308547405,Akola,normal,statewide,25.45624758402505,1,7,ERA5-Land Daily Aggregated,Maharashtra,ERA5-Land Temperature
2017-02-19,2017-02-26,8.0,2017,P007,21.014976299509232,76.87574047240498,Akola,normal,statewide,25.513818268548903,1,7,ERA5-Land Daily Aggregated,Maharashtra,ERA5-Land Temperature
2017-02-19,2017-02-26,8.0,2017,P008,20.828434266039377,77.35372489162701,Akola,normal,statewide,25.2911155155727,1,7,ERA5-Land Daily Aggregated,Maharashtra,ERA5-Land Temperature
2017-02-19,2017-02-26,8.0,2017,P009,21.360971327549258,77.94039543992572,Amravati,normal,statewide,25.274990608578662,1,7,ERA5-Land Daily Aggregated,Maharashtra,ERA5-Land Temperature
2017-02-19,2017-02-26,8.0,2017,P010,21.178803672212837,78.03301542790685,Amravati,normal,statewide,25.625530043102515,1,7,ERA5-Land Daily Aggregated,Maharashtra,ERA5-Land Temperature
2017-02-19,2017-02-26,8.0,2017,P011,20.814388097721018,78.21764450702477,Amravati,normal,statewide,26.29913727896559,1,7,ERA5-Land Daily Aggregated,Maharashtra,ERA5-Land Temperature
2017-02-19,2017-02-26,8.0,2017,P012,21.180502589714195,77.93681032267875,Amravati,normal,statewide,25.892329243251254,1,7,ERA5-Land Daily Aggregated,Maharashtra,ERA5-Land Temperature
2017-02-19,2017-02-26,8.0,2017,P013,20.031289688916964,74.8570519162974,Aurangabad,normal,statewide,25.397630582536976,1,7,ERA5-Land Daily Aggregated,Maharashtra,ERA5-Land Temperature
2017-02-19,2017-02-26,8.0,2017,P014,19.760185263069562,75.14270192978114,Aurangabad,normal,statewide,25.669661367507217,1,7,ERA5-Land Daily Aggregated,Maharashtra,ERA5-Land Temperature
2017-02-19,2017-02-26,8.0,2017,P015,19.9408189876436,74.76157364454102,Aurangabad,normal,statewide,25.40605924697155,1,7,ERA5-Land Daily Aggregated,Maharashtra,ERA5-Land Temperature
2017-02-19,2017-02-26,8.0,2017,P016,19.66981712112043,75.14262166596218,Aurangabad,normal,statewide,25.56143731616794,1,7,ERA5-Land Daily Aggregated,Maharashtra,ERA5-Land Temperature
2017-02-19,2017-02-26,8.0,2017,P017,21.04613203856966,79.85576216552393,Bhandara,normal,statewide,26.034593473161976,1,7,ERA5-Land Daily Aggregated,Maharashtra,ERA5-Land Temperature
2017-02-19,2017-02-26,8.0,2017,P018,21.31897105472685,79.76852877161537,Bhandara,normal,statewide,25.942378071376254,1,7,ERA5-Land Daily Aggregated,Maharashtra,ERA5-Land Temperature
2017-02-19,2017-02-26,8.0,2017,P019,21.40900922319803,79.77144948280537,Bhandara,normal,statewide,25.739880861554866,1,7,ERA5-Land Daily Aggregated,Maharashtra,ERA5-Land Temperature
2017-02-19,2017-02-26,8.0,2017,P020,21.144196588937042,79.57074980349083,Bhandara,normal,statewide,25.737206940423903,1,7,ERA5-Land Daily Aggregated,Maharashtra,ERA5-Land Temperature
2017-02-19,2017-02-26,8.0,2017,P021,18.67502288980403,75.52108340877234,Bid,normal,statewide,26.224011720929866,1,7,ERA5-Land Daily Aggregated,Maharashtra,ERA5-Land Temperature
2017-02-19,2017-02-26,8.0,2017,P022,18.856499384477168,75.04699178476999,Bid,normal,statewide,26.725220798310772,1,7,ERA5-Land Daily Aggregated,Maharashtra,ERA5-Land Temperature
2017-02-19,2017-02-26,8.0,2017,P023,19.126596053486494,75.6175605191647,Bid,normal,statewide,26.401850727626254,1,7,ERA5-Land Daily Aggregated,Maharashtra,ERA5-Land Temperature
2017-02-19,2017-02-26,8.0,2017,P024,18.763955201213946,75.90084720909012,Bid,normal,statewide,25.813797342209625,1,7,ERA5-Land Daily Aggregated,Maharashtra,ERA5-Land Temperature
2017-02-19,2017-02-26,8.0,2017,P025,20.93073496240753,76.20164478885242,Buldana,normal,statewide,24.82721345084059,1,7,ERA5-Land Daily Aggregated,Maharashtra,ERA5-Land Temperature
2017-02-19,2017-02-26,8.0,2017,P026,20.838939908121294,76.39311412898633,Buldana,normal,statewide,25.44648195902505,1,7,ERA5-Land Daily Aggregated,Maharashtra,ERA5-Land Temperature
2017-02-19,2017-02-26,8.0,2017,P027,20.657476790751314,76.48742857536776,Buldana,normal,statewide,25.94769103640607,1,7,ERA5-Land Daily Aggregated,Maharashtra,ERA5-Land Temperature
2017-02-19,2017-02-26,8.0,2017,P028,20.47967013624516,76.10222021266374,Buldana,normal,statewide,25.508191408429866,1,7,ERA5-Land Daily Aggregated,Maharashtra,ERA5-Land Temperature
2017-02-19,2017-02-26,8.0,2017,P029,20.32317798477448,79.92829390325927,Chandrapur,normal,statewide,26.703655043102515,1,7,ERA5-Land Daily Aggregated,Maharashtra,ERA5-Land Temperature
2017-02-19,2017-02-26,8.0,2017,P030,20.60872097983294,79.36304041732026,Chandrapur,normal,statewide,26.732254373459625,1,7,ERA5-Land Daily Aggregated,Maharashtra,ERA5-Land Temperature
2017-02-19,2017-02-26,8.0,2017,P031,20.511160307884595,79.64732594588165,Chandrapur,normal,statewide,26.88073837643583,1,7,ERA5-Land Daily Aggregated,Maharashtra,ERA5-Land Temperature
2017-02-19,2017-02-26,8.0,2017,P032,20.598621115946884,79.74569817422172,Chandrapur,normal,statewide,26.832259023757217,1,7,ERA5-Land Daily Aggregated,Maharashtra,ERA5-Land Temperature
2017-02-19,2017-02-26,8.0,2017,P033,21.38667804512237,75.14422248324037,Dhule,normal,statewide,25.188983354114328,1,7,ERA5-Land Daily Aggregated,Maharashtra,ERA5-Land Temperature
2017-02-19,2017-02-26,8.0,2017,P034,21.025151968113196,74.75989256344387,Dhule,normal,statewide,26.0552756718227,1,7,ERA5-Land Daily Aggregated,Maharashtra,ERA5-Land Temperature
2017-02-19,2017-02-26,8.0,2017,P035,21.477028350667293,74.85568743137505,Dhule,normal,statewide,25.375599797566736,1,7,ERA5-Land Daily Aggregated,Maharashtra,ERA5-Land Temperature
2017-02-19,2017-02-26,8.0,2017,P036,20.933820660336515,74.37533522949364,Dhule,normal,statewide,26.085921133132274,1,7,ERA5-Land Daily Aggregated,Maharashtra,ERA5-Land Temperature
2017-02-19,2017-02-26,8.0,2017,P037,19.963056524597132,79.91698116388667,Garhchiroli,normal,statewide,27.39021335783457,1,7,ERA5-Land Daily Aggregated,Maharashtra,ERA5-Land Temperature
2017-02-19,2017-02-26,8.0,2017,P038,19.062661462582188,79.88977172925856,Garhchiroli,normal,statewide,28.382319477626254,1,7,ERA5-Land Daily Aggregated,Maharashtra,ERA5-Land Temperature
2017-02-19,2017-02-26,8.0,2017,P039,19.510270485428137,79.9981368030594,Garhchiroli,normal,statewide,28.728499258132217,1,7,ERA5-Land Daily Aggregated,Maharashtra,ERA5-Land Temperature
2017-02-19,2017-02-26,8.0,2017,P040,19.870365190999156,80.00935144220881,Garhchiroli,normal,statewide,27.983242561703662,1,7,ERA5-Land Daily Aggregated,Maharashtra,ERA5-Land Temperature
2017-02-19,2017-02-26,8.0,2017,P041,21.127639946725598,80.1465044724107,Gondiya,normal,statewide,26.310425876435772,1,7,ERA5-Land Daily Aggregated,Maharashtra,ERA5-Land Temperature
2017-02-19,2017-02-26,8.0,2017,P042,21.397598383602258,80.15591763473452,Gondiya,normal,statewide,25.8181569962274,1,7,ERA5-Land Daily Aggregated,Maharashtra,ERA5-Land Temperature
2017-02-19,2017-02-26,8.0,2017,P043,21.574548890706154,80.25847249986273,Gondiya,normal,statewide,25.348558316911976,1,7,ERA5-Land Daily Aggregated,Maharashtra,ERA5-Land Temperature
2017-02-19,2017-02-26,8.0,2017,P044,21.211649410572516,80.34153217518526,Gondiya,normal,statewide,25.966734005156013,1,7,ERA5-Land Daily Aggregated,Maharashtra,ERA5-Land Temperature
2017-02-19,2017-02-26,8.0,2017,P045,19.655900266732623,77.2407892392464,Hingoli,normal,statewide,27.136283856346495,1,7,ERA5-Land Daily Aggregated,Maharashtra,ERA5-Land Temperature
2017-02-19,2017-02-26,8.0,2017,P046,19.566758377573187,77.1442675378435,Hingoli,normal,statewide,26.95917727152505,1,7,ERA5-Land Daily Aggregated,Maharashtra,ERA5-Land Temperature
2017-02-19,2017-02-26,8.0,2017,P047,19.47860194974656,76.9526242927685,Hingoli,normal,statewide,27.075248700096495,1,7,ERA5-Land Daily Aggregated,Maharashtra,ERA5-Land Temperature
2017-02-19,2017-02-26,8.0,2017,P048,19.927981235710728,77.14910120338544,Hingoli,normal,statewide,26.93463532584059,1,7,ERA5-Land Daily Aggregated,Maharashtra,ERA5-Land Temperature
2017-02-19,2017-02-26,8.0,2017,P049,21.292738163229433,76.10816865346904,Jalgaon,normal,statewide,25.09773288908457,1,7,ERA5-Land Daily Aggregated,Maharashtra,ERA5-Land Temperature
2017-02-19,2017-02-26,8.0,2017,P050,21.386178625804387,75.43363151891216,Jalgaon,normal,statewide,23.785023625691792,1,7,ERA5-Land Daily Aggregated,Maharashtra,ERA5-Land Temperature
2017-02-19,2017-02-26,8.0,2017,P051,21.112064306745907,76.10682200495089,Jalgaon,normal,statewide,24.760214287894144,1,7,ERA5-Land Daily Aggregated,Maharashtra,ERA5-Land Temperature
2017-02-19,2017-02-26,8.0,2017,P052,20.844437979720194,75.23982115072519,Jalgaon,normal,statewide,25.297474797566792,1,7,ERA5-Land Daily Aggregated,Maharashtra,ERA5-Land Temperature
2017-02-19,2017-02-26,8.0,2017,P053,19.486369703781666,76.00005328932718,Jalna,normal,statewide,25.994426527477515,1,7,ERA5-Land Daily Aggregated,Maharashtra,ERA5-Land Temperature
2017-02-19,2017-02-26,8.0,2017,P054,20.028502750758555,76.00343774702675,Jalna,normal,statewide,26.506587055751254,1,7,ERA5-Land Daily Aggregated,Maharashtra,ERA5-Land Temperature
2017-02-19,2017-02-26,8.0,2017,P055,19.75743845682064,76.00172991132328,Jalna,normal,statewide,26.07129594712029,1,7,ERA5-Land Daily Aggregated,Maharashtra,ERA5-Land Temperature
2017-02-19,2017-02-26,8.0,2017,P056,19.57768317515413,75.80993951591351,Jalna,normal,statewide,26.00629641215005,1,7,ERA5-Land Daily Aggregated,Maharashtra,ERA5-Land Temperature
2017-02-19,2017-02-26,8.0,2017,P057,16.776377793156257,74.29671235971928,Kolhapur,normal,statewide,26.45212044488818,1,7,ERA5-Land Daily Aggregated,Maharashtra,ERA5-Land Temperature
2017-02-19,2017-02-26,8.0,2017,P058,16.324416687682138,74.29834884980589,Kolhapur,normal,statewide,26.449667412894144,1,7,ERA5-Land Daily Aggregated,Maharashtra,ERA5-Land Temperature
2017-02-19,2017-02-26,8.0,2017,P059,16.595891218916975,74.39111598812178,Kolhapur,normal,statewide,26.676311293102515,1,7,ERA5-Land Daily Aggregated,Maharashtra,ERA5-Land Temperature
2017-02-19,2017-02-26,8.0,2017,P060,16.414811584237594,74.29802779453004,Kolhapur,normal,statewide,26.707014883132217,1,7,ERA5-Land Daily Aggregated,Maharashtra,ERA5-Land Temperature
2017-02-19,2017-02-26,8.0,2017,P086,21.054127206758487,79.56798961993874,Nagpur,normal,statewide,25.71908240545372,1,7,ERA5-Land Daily Aggregated,Maharashtra,ERA5-Land Temperature
2017-02-19,2017-02-26,8.0,2017,P087,21.146765031143822,79.47473643960802,Nagpur,normal,statewide,25.585583986554866,1,7,ERA5-Land Daily Aggregated,Maharashtra,ERA5-Land Temperature
2017-02-19,2017-02-26,8.0,2017,P088,21.347803602138427,78.61442869606356,Nagpur,normal,statewide,25.10041843595957,1,7,ERA5-Land Daily Aggregated,Maharashtra,ERA5-Land Temperature
2017-02-19,2017-02-26,8.0,2017,P089,21.165377318940912,78.70615240473293,Nagpur,normal,statewide,25.704096821376254,1,7,ERA5-Land Daily Aggregated,Maharashtra,ERA5-Land Temperature
2017-02-19,2017-02-26,8.0,2017,P090,19.201968238592887,77.42470040309472,Nanded,normal,statewide,26.686704708281013,1,7,ERA5-Land Daily Aggregated,Maharashtra,ERA5-Land Temperature
2017-02-19,2017-02-26,8.0,2017,P091,18.566038000956755,77.69963965584807,Nanded,normal,statewide,26.80083463759655,1,7,ERA5-Land Daily Aggregated,Maharashtra,ERA5-Land Temperature
2017-02-19,2017-02-26,8.0,2017,P092,19.736596618496833,77.90946265591798,Nanded,normal,statewide,26.782338078816736,1,7,ERA5-Land Daily Aggregated,Maharashtra,ERA5-Land Temperature
2017-02-19,2017-02-26,8.0,2017,P093,18.93564842817583,77.04115528508362,Nanded,normal,statewide,26.443261627923903,1,7,ERA5-Land Daily Aggregated,Maharashtra,ERA5-Land Temperature
2017-02-19,2017-02-26,8.0,2017,P094,21.564917232430716,74.08292967791392,Nandurbar,normal,statewide,24.59616341363818,1,7,ERA5-Land Daily Aggregated,Maharashtra,ERA5-Land Temperature
2017-02-19,2017-02-26,8.0,2017,P095,21.5662594218478,74.37266422796263,Nandurbar,normal,statewide,25.609300504411976,1,7,ERA5-Land Daily Aggregated,Maharashtra,ERA5-Land Temperature
2017-02-19,2017-02-26,8.0,2017,P096,21.385179787168415,74.27697637845674,Nandurbar,normal,statewide,25.357835660661976,1,7,ERA5-Land Daily Aggregated,Maharashtra,ERA5-Land Temperature
2017-02-19,2017-02-26,8.0,2017,P097,21.565421110849755,74.17950488852946,Nandurbar,normal,statewide,24.995507721673846,1,7,ERA5-Land Daily Aggregated,Maharashtra,ERA5-Land Temperature
2017-02-19,2017-02-26,8.0,2017,P098,20.299553667393326,73.99482675929994,Nashik,normal,statewide,23.48420749845957,1,7,ERA5-Land Daily Aggregated,Maharashtra,ERA5-Land Temperature
2017-02-19,2017-02-26,8.0,2017,P099,20.120253214034264,74.28296495117151,Nashik,normal,statewide,24.633935456048846,1,7,ERA5-Land Daily Aggregated,Maharashtra,ERA5-Land Temperature
2017-02-19,2017-02-26,8.0,2017,P100,20.389903972938242,73.99424261706194,Nashik,normal,statewide,23.22954557509655,1,7,ERA5-Land Daily Aggregated,Maharashtra,ERA5-Land Temperature
2017-02-19,2017-02-26,8.0,2017,P101,20.029015547379707,74.09216447619562,Nashik,normal,statewide,24.457410158429866,1,7,ERA5-Land Daily Aggregated,Maharashtra,ERA5-Land Temperature
2017-02-19,2017-02-26,8.0,2017,P102,17.85749130266526,76.36802722645965,Osmanabad,normal,statewide,26.42984551929294,1,7,ERA5-Land Daily Aggregated,Maharashtra,ERA5-Land Temperature
2017-02-19,2017-02-26,8.0,2017,P103,17.76644983645705,76.46164605307673,Osmanabad,normal,statewide,26.692261813935772,1,7,ERA5-Land Daily Aggregated,Maharashtra,ERA5-Land Temperature
2017-02-19,2017-02-26,8.0,2017,P104,17.949094615606196,76.17989775301476,Osmanabad,normal,statewide,26.695063618251254,1,7,ERA5-Land Daily Aggregated,Maharashtra,ERA5-Land Temperature
2017-02-19,2017-02-26,8.0,2017,P105,18.584360447185368,75.61558067829696,Osmanabad,normal,statewide,26.372658484322756,1,7,ERA5-Land Daily Aggregated,Maharashtra,ERA5-Land Temperature
2017-02-19,2017-02-26,8.0,2017,P106,19.031389786894366,76.47235681380711,Parbhani,normal,statewide,26.12780868893583,1,7,ERA5-Land Daily Aggregated,Maharashtra,ERA5-Land Temperature
2017-02-19,2017-02-26,8.0,2017,P107,19.120950831552832,76.56820519095093,Parbhani,normal,statewide,25.8663108280727,1,7,ERA5-Land Daily Aggregated,Maharashtra,ERA5-Land Temperature
2017-02-19,2017-02-26,8.0,2017,P108,19.208625676465683,76.85432786914635,Parbhani,normal,statewide,26.431542877923846,1,7,ERA5-Land Daily Aggregated,Maharashtra,ERA5-Land Temperature
2017-02-19,2017-02-26,8.0,2017,P109,19.212081479782103,76.47396209018636,Parbhani,normal,statewide,25.91875455947155,1,7,ERA5-Land Daily Aggregated,Maharashtra,ERA5-Land Temperature
2017-02-19,2017-02-26,8.0,2017,P110,18.133442771357757,75.04679558432363,Pune,normal,statewide,27.184170296078662,1,7,ERA5-Land Daily Aggregated,Maharashtra,ERA5-Land Temperature
2017-02-19,2017-02-26,8.0,2017,P111,18.584645829652782,74.47919215212944,Pune,normal,statewide,26.668998700096495,1,7,ERA5-Land Daily Aggregated,Maharashtra,ERA5-Land Temperature
2017-02-19,2017-02-26,8.0,2017,P112,18.132979024848197,74.57507620208169,Pune,normal,statewide,26.9768484024774,1,7,ERA5-Land Daily Aggregated,Maharashtra,ERA5-Land Temperature
2017-02-19,2017-02-26,8.0,2017,P113,18.314072036830744,74.76389683618987,Pune,normal,statewide,27.94806306021559,1,7,ERA5-Land Daily Aggregated,Maharashtra,ERA5-Land Temperature
2017-02-19,2017-02-26,8.0,2017,P114,18.48503397121986,73.0589238755964,Raigarh,normal,statewide,26.031338264828662,1,7,ERA5-Land Daily Aggregated,Maharashtra,ERA5-Land Temperature
2017-02-19,2017-02-26,8.0,2017,P115,18.665689991299164,73.05687714821288,Raigarh,normal,statewide,25.978476006644144,1,7,ERA5-Land Daily Aggregated,Maharashtra,ERA5-Land Temperature
2017-02-19,2017-02-26,8.0,2017,P116,18.306197264370358,73.25009891506079,Raigarh,normal,statewide,26.628889883132217,1,7,ERA5-Land Daily Aggregated,Maharashtra,ERA5-Land Temperature
2017-02-19,2017-02-26,8.0,2017,P117,18.21404102289879,73.06194714611064,Raigarh,normal,statewide,26.054113097417996,1,7,ERA5-Land Daily Aggregated,Maharashtra,ERA5-Land Temperature
2017-02-19,2017-02-26,8.0,2017,P118,17.138719885658215,75.42259970290594,Sangli,normal,statewide,29.01922423953107,1,7,ERA5-Land Daily Aggregated,Maharashtra,ERA5-Land Temperature
2017-02-19,2017-02-26,8.0,2017,P119,17.048761981005992,74.95348443567921,Sangli,normal,statewide,28.207968194144144,1,7,ERA5-Land Daily Aggregated,Maharashtra,ERA5-Land Temperature
2017-02-19,2017-02-26,8.0,2017,P120,16.86707144948229,74.39025538161847,Sangli,normal,statewide,26.61468322390607,1,7,ERA5-Land Daily Aggregated,Maharashtra,ERA5-Land Temperature
2017-02-19,2017-02-26,8.0,2017,P121,17.048503353144895,74.67157114887826,Sangli,normal,statewide,27.76482970828107,1,7,ERA5-Land Daily Aggregated,Maharashtra,ERA5-Land Temperature
2017-02-19,2017-02-26,8.0,2017,P148,17.67852974098626,76.08383979812143,Solapur,normal,statewide,28.230371002923903,1,7,ERA5-Land Daily Aggregated,Maharashtra,ERA5-Land Temperature
2017-02-19,2017-02-26,8.0,2017,P149,18.223365003201543,75.4251413905064,Solapur,normal,statewide,28.27595554533457,1,7,ERA5-Land Daily Aggregated,Maharashtra,ERA5-Land Temperature
2017-02-19,2017-02-26,8.0,2017,P150,17.952532582518405,75.23562067753285,Solapur,normal,statewide,28.374867375691736,1,7,ERA5-Land Daily Aggregated,Maharashtra,ERA5-Land Temperature
2017-02-19,2017-02-26,8.0,2017,P151,18.223690517578447,75.23598186471818,Solapur,normal,statewide,28.20624758402505,1,7,ERA5-Land Daily Aggregated,Maharashtra,ERA5-Land Temperature
2017-02-19,2017-02-26,8.0,2017,P152,19.658178867370932,72.94986318203122,Thane,normal,statewide,26.854452569144144,1,7,ERA5-Land Daily Aggregated,Maharashtra,ERA5-Land Temperature
2017-02-19,2017-02-26,8.0,2017,P153,19.65706409210757,72.8545320606096,Thane,normal,statewide,26.49942559741794,1,7,ERA5-Land Daily Aggregated,Maharashtra,ERA5-Land Temperature
2017-02-19,2017-02-26,8.0,2017,P154,19.477549601897948,72.95214624177059,Thane,normal,statewide,26.603720147269144,1,7,ERA5-Land Daily Aggregated,Maharashtra,ERA5-Land Temperature
2017-02-19,2017-02-26,8.0,2017,P155,19.83987385799569,73.0429959666335,Thane,normal,statewide,26.536069942656013,1,7,ERA5-Land Daily Aggregated,Maharashtra,ERA5-Land Temperature
2017-02-19,2017-02-26,8.0,2017,P156,20.806749657616468,78.60135461177485,Wardha,normal,statewide,26.49381036304294,1,7,ERA5-Land Daily Aggregated,Maharashtra,ERA5-Land Temperature
2017-02-19,2017-02-26,8.0,2017,P157,20.71031267913359,78.88671032458906,Wardha,normal,statewide,26.686483819144144,1,7,ERA5-Land Daily Aggregated,Maharashtra,ERA5-Land Temperature
2017-02-19,2017-02-26,8.0,2017,P158,21.081265295769754,78.41565980750515,Wardha,normal,statewide,25.81743620009655,1,7,ERA5-Land Daily Aggregated,Maharashtra,ERA5-Land Temperature
2017-02-19,2017-02-26,8.0,2017,P159,20.439854822938944,78.87986114537097,Wardha,normal,statewide,26.9617116837274,1,7,ERA5-Land Daily Aggregated,Maharashtra,ERA5-Land Temperature
2017-02-19,2017-02-26,8.0,2017,P160,20.289186257444058,77.15404188735265,Washim,normal,statewide,26.17282356988818,1,7,ERA5-Land Daily Aggregated,Maharashtra,ERA5-Land Temperature
2017-02-19,2017-02-26,8.0,2017,P161,20.464607292886615,77.53975858757677,Washim,normal,statewide,26.520456568400107,1,7,ERA5-Land Daily Aggregated,Maharashtra,ERA5-Land Temperature
2017-02-19,2017-02-26,8.0,2017,P162,20.107393166596125,77.2471479173486,Washim,normal,statewide,26.54031333923342,1,7,ERA5-Land Daily Aggregated,Maharashtra,ERA5-Land Temperature
2017-02-19,2017-02-26,8.0,2017,P163,20.198885002010726,77.1527933390577,Washim,normal,statewide,26.341931642804866,1,7,ERA5-Land Daily Aggregated,Maharashtra,ERA5-Land Temperature
2017-02-19,2017-02-26,8.0,2017,P164,20.182854533723592,78.20447678161395,Yavatmal,normal,statewide,26.956549853370348,1,7,ERA5-Land Daily Aggregated,Maharashtra,ERA5-Land Temperature
2017-02-19,2017-02-26,8.0,2017,P165,19.894658373538324,79.05709703494229,Yavatmal,normal,statewide,26.74098530723944,1,7,ERA5-Land Daily Aggregated,Maharashtra,ERA5-Land Temperature
2017-02-19,2017-02-26,8.0,2017,P166,19.468787468327925,77.71426550730338,Yavatmal,normal,statewide,27.14859551929294,1,7,ERA5-Land Daily Aggregated,Maharashtra,ERA5-Land Temperature
2017-02-19,2017-02-26,8.0,2017,P167,19.559057510053886,77.71577268345945,Yavatmal,normal,statewide,26.789441408429866,1,7,ERA5-Land Daily Aggregated,Maharashtra,ERA5-Land Temperature
2017-02-26,2017-03-05,9.0,2017,P147,17.927231643141155,73.94769852026607,Satara,case_study,case_study,25.785305277506495,1,7,ERA5-Land Daily Aggregated,Maharashtra,ERA5-Land Temperature
2017-02-26,2017-03-05,9.0,2017,P061,18.507855650411397,76.91766048140843,Latur,high,priority,27.187776910691014,1,7,ERA5-Land Daily Aggregated,Maharashtra,ERA5-Land Temperature
2017-02-26,2017-03-05,9.0,2017,P062,18.422405896924207,76.3487594508077,Latur,high,priority,26.364313834054144,1,7,ERA5-Land Daily Aggregated,Maharashtra,ERA5-Land Temperature
2017-02-26,2017-03-05,9.0,2017,P063,18.235391198742693,77.05646783810116,Latur,high,priority,26.171128845214866,1,7,ERA5-Land Daily Aggregated,Maharashtra,ERA5-Land Temperature
2017-02-26,2017-03-05,9.0,2017,P064,18.193056493341274,76.77240080549139,Latur,high,priority,26.139634704589866,1,7,ERA5-Land Daily Aggregated,Maharashtra,ERA5-Land Temperature
2017-02-26,2017-03-05,9.0,2017,P065,18.331355512513895,76.44266811899327,Latur,high,priority,26.2289552961077,1,7,ERA5-Land Daily Aggregated,Maharashtra,ERA5-Land Temperature
2017-02-26,2017-03-05,9.0,2017,P066,18.104739537876725,76.5352970251765,Latur,high,priority,25.776167442685107,1,7,ERA5-Land Daily Aggregated,Maharashtra,ERA5-Land Temperature
2017-02-26,2017-03-05,9.0,2017,P067,18.280552974211986,77.0569984711265,Latur,high,priority,26.171128845214866,1,7,ERA5-Land Daily Aggregated,Maharashtra,ERA5-Land Temperature
2017-02-26,2017-03-05,9.0,2017,P068,18.101823285787773,76.86595720469373,Latur,high,priority,26.2194338117327,1,7,ERA5-Land Daily Aggregated,Maharashtra,ERA5-Land Temperature
2017-02-26,2017-03-05,9.0,2017,P069,18.595075667016793,77.20284228928156,Latur,high,priority,27.26041455950059,1,7,ERA5-Land Daily Aggregated,Maharashtra,ERA5-Land Temperature
2017-02-26,2017-03-05,9.0,2017,P070,18.41499041187233,77.15322587185987,Latur,high,priority,27.04110652378631,1,7,ERA5-Land Daily Aggregated,Maharashtra,ERA5-Land Temperature
2017-02-26,2017-03-05,9.0,2017,P071,18.149138807065885,76.63019561379593,Latur,high,priority,25.9745607648577,1,7,ERA5-Land Daily Aggregated,Maharashtra,ERA5-Land Temperature
2017-02-26,2017-03-05,9.0,2017,P072,18.283393421583035,76.77331492120734,Latur,high,priority,26.337423488072034,1,7,ERA5-Land Daily Aggregated,Maharashtra,ERA5-Land Temperature
2017-02-26,2017-03-05,9.0,2017,P073,17.966315663874607,76.86453029235662,Latur,high,priority,26.300186229887515,1,7,ERA5-Land Daily Aggregated,Maharashtra,ERA5-Land Temperature
2017-02-26,2017-03-05,9.0,2017,P074,18.50832831512306,76.870318205524,Latur,high,priority,27.023621404738662,1,7,ERA5-Land Daily Aggregated,Maharashtra,ERA5-Land Temperature
2017-02-26,2017-03-05,9.0,2017,P075,18.41444640154381,77.20053247493588,Latur,high,priority,27.02857397170294,1,7,ERA5-Land Daily Aggregated,Maharashtra,ERA5-Land Temperature
2017-02-26,2017-03-05,9.0,2017,P076,18.377877313804504,76.25376722106614,Latur,high,priority,26.14391297839944,1,7,ERA5-Land Daily Aggregated,Maharashtra,ERA5-Land Temperature
2017-02-26,2017-03-05,9.0,2017,P077,18.059564385104267,76.5349046242838,Latur,high,priority,25.849723525274385,1,7,ERA5-Land Daily Aggregated,Maharashtra,ERA5-Land Temperature
2017-02-26,2017-03-05,9.0,2017,P078,18.1008824154655,76.96042326051098,Latur,high,priority,26.31964772542318,1,7,ERA5-Land Daily Aggregated,Maharashtra,ERA5-Land Temperature
2017-02-26,2017-03-05,9.0,2017,P079,18.73508698099394,76.77797468180819,Latur,high,priority,26.992987569173238,1,7,ERA5-Land Daily Aggregated,Maharashtra,ERA5-Land Temperature
2017-02-26,2017-03-05,9.0,2017,P080,18.46791548227568,76.3017694439065,Latur,high,priority,26.364313834054144,1,7,ERA5-Land Daily Aggregated,Maharashtra,ERA5-Land Temperature
2017-02-26,2017-03-05,9.0,2017,P081,18.10355787609756,76.67701617485712,Latur,high,priority,25.9745607648577,1,7,ERA5-Land Daily Aggregated,Maharashtra,ERA5-Land Temperature
2017-02-26,2017-03-05,9.0,2017,P082,18.23907887531389,76.67830931416262,Latur,high,priority,26.21183057512559,1,7,ERA5-Land Daily Aggregated,Maharashtra,ERA5-Land Temperature
2017-02-26,2017-03-05,9.0,2017,P083,18.369289085175563,77.19996171000103,Latur,high,priority,26.5670900617327,1,7,ERA5-Land Daily Aggregated,Maharashtra,ERA5-Land Temperature
2017-02-26,2017-03-05,9.0,2017,P084,18.46362582706226,76.82249880582684,Latur,high,priority,26.527388145810164,1,7,ERA5-Land Daily Aggregated,Maharashtra,ERA5-Land Temperature
2017-02-26,2017-03-05,9.0,2017,P085,18.14788579966987,76.77194597718393,Latur,high,priority,26.139634704589866,1,7,ERA5-Land Daily Aggregated,Maharashtra,ERA5-Land Temperature
2017-02-26,2017-03-05,9.0,2017,P122,17.88145897082753,73.8441448165019,Satara,high,priority,25.863744172595773,1,7,ERA5-Land Daily Aggregated,Maharashtra,ERA5-Land Temperature
2017-02-26,2017-03-05,9.0,2017,P123,17.386414030975025,74.27088970551878,Satara,high,priority,25.563416326613662,1,7,ERA5-Land Daily Aggregated,Maharashtra,ERA5-Land Temperature
2017-02-26,2017-03-05,9.0,2017,P124,17.43262815429294,74.647353771057,Satara,high,priority,27.268168930780348,1,7,ERA5-Land Daily Aggregated,Maharashtra,ERA5-Land Temperature
2017-02-26,2017-03-05,9.0,2017,P125,17.56734651531964,74.31728219287884,Satara,high,priority,26.35753602527444,1,7,ERA5-Land Daily Aggregated,Maharashtra,ERA5-Land Temperature
2017-02-26,2017-03-05,9.0,2017,P126,17.205080227535593,74.13053949986157,Satara,high,priority,25.769331505185164,1,7,ERA5-Land Daily Aggregated,Maharashtra,ERA5-Land Temperature
2017-02-26,2017-03-05,9.0,2017,P127,17.65773249367299,74.31694330119876,Satara,high,priority,26.295873078845887,1,7,ERA5-Land Daily Aggregated,Maharashtra,ERA5-Land Temperature
2017-02-26,2017-03-05,9.0,2017,P128,18.019949731345452,74.5517328080669,Satara,high,priority,27.546454366048238,1,7,ERA5-Land Daily Aggregated,Maharashtra,ERA5-Land Temperature
2017-02-26,2017-03-05,9.0,2017,P129,18.063234225271252,74.03192648006461,Satara,high,priority,26.852478826613662,1,7,ERA5-Land Daily Aggregated,Maharashtra,ERA5-Land Temperature
2017-02-26,2017-03-05,9.0,2017,P130,17.61135784271715,74.03436560834085,Satara,high,priority,26.469282677060107,1,7,ERA5-Land Daily Aggregated,Maharashtra,ERA5-Land Temperature
2017-02-26,2017-03-05,9.0,2017,P131,17.612539504496315,74.3171127470388,Satara,high,priority,26.295873078845887,1,7,ERA5-Land Daily Aggregated,Maharashtra,ERA5-Land Temperature
2017-02-26,2017-03-05,9.0,2017,P132,17.702176353872684,74.12817617630324,Satara,high,priority,25.867464410691014,1,7,ERA5-Land Daily Aggregated,Maharashtra,ERA5-Land Temperature
2017-02-26,2017-03-05,9.0,2017,P133,17.25006363896275,74.08329532420031,Satara,high,priority,26.115557788667218,1,7,ERA5-Land Daily Aggregated,Maharashtra,ERA5-Land Temperature
2017-02-26,2017-03-05,9.0,2017,P134,17.476429903940936,74.17634784498362,Satara,high,priority,25.34338749476842,1,7,ERA5-Land Daily Aggregated,Maharashtra,ERA5-Land Temperature
2017-02-26,2017-03-05,9.0,2017,P135,17.882716437324603,74.0801070669471,Satara,high,priority,25.54314102899457,1,7,ERA5-Land Daily Aggregated,Maharashtra,ERA5-Land Temperature
2017-02-26,2017-03-05,9.0,2017,P136,17.928520323345598,74.22149178404871,Satara,high,priority,27.48497743152444,1,7,ERA5-Land Daily Aggregated,Maharashtra,ERA5-Land Temperature
2017-02-26,2017-03-05,9.0,2017,P137,17.746687100588183,73.98648378122894,Satara,high,priority,26.186056300572034,1,7,ERA5-Land Daily Aggregated,Maharashtra,ERA5-Land Temperature
2017-02-26,2017-03-05,9.0,2017,P138,17.61269557303319,74.36423652697161,Satara,high,priority,26.295873078845887,1,7,ERA5-Land Daily Aggregated,Maharashtra,ERA5-Land Temperature
2017-02-26,2017-03-05,9.0,2017,P139,17.656773786946495,74.08126197411994,Satara,high,priority,26.469282677060107,1,7,ERA5-Land Daily Aggregated,Maharashtra,ERA5-Land Temperature
2017-02-26,2017-03-05,9.0,2017,P140,17.97464080554139,74.50462240543725,Satara,high,priority,27.744487290155348,1,7,ERA5-Land Daily Aggregated,Maharashtra,ERA5-Land Temperature
2017-02-26,2017-03-05,9.0,2017,P141,17.430826677467348,74.08239904488856,Satara,high,priority,25.602374194917218,1,7,ERA5-Land Daily Aggregated,Maharashtra,ERA5-Land Temperature
2017-02-26,2017-03-05,9.0,2017,P142,18.064447100757786,74.31538707493111,Satara,high,priority,27.663746497744626,1,7,ERA5-Land Daily Aggregated,Maharashtra,ERA5-Land Temperature
2017-02-26,2017-03-05,9.0,2017,P143,17.70379500755509,74.6468275971327,Satara,high,priority,27.629334295363662,1,7,ERA5-Land Daily Aggregated,Maharashtra,ERA5-Land Temperature
2017-02-26,2017-03-05,9.0,2017,P144,17.929452275465767,74.50474726026674,Satara,high,priority,27.744487290155348,1,7,ERA5-Land Daily Aggregated,Maharashtra,ERA5-Land Temperature
2017-02-26,2017-03-05,9.0,2017,P145,17.47773196144854,74.60017202281048,Satara,high,priority,27.053115917387515,1,7,ERA5-Land Daily Aggregated,Maharashtra,ERA5-Land Temperature
2017-02-26,2017-03-05,9.0,2017,P146,17.839182233739812,74.55218763637436,Satara,high,priority,27.448170325869626,1,7,ERA5-Land Daily Aggregated,Maharashtra,ERA5-Land Temperature
2017-02-26,2017-03-05,9.0,2017,P001,19.940457800458272,74.57045211428928,Ahmednagar,normal,statewide,25.467585318429144,1,7,ERA5-Land Daily Aggregated,Maharashtra,ERA5-Land Temperature
2017-02-26,2017-03-05,9.0,2017,P002,18.946729294293643,74.76302285238339,Ahmednagar,normal,statewide,27.063869730631495,1,7,ERA5-Land Daily Aggregated,Maharashtra,ERA5-Land Temperature
2017-02-26,2017-03-05,9.0,2017,P003,18.49469238410162,74.66892244285252,Ahmednagar,normal,statewide,27.469201296851793,1,7,ERA5-Land Daily Aggregated,Maharashtra,ERA5-Land Temperature
2017-02-26,2017-03-05,9.0,2017,P004,19.03720445466806,75.1420731965326,Ahmednagar,normal,statewide,26.14758671351842,1,7,ERA5-Land Daily Aggregated,Maharashtra,ERA5-Land Temperature
2017-02-26,2017-03-05,9.0,2017,P005,20.832153156317954,77.06560453615967,Akola,normal,statewide,26.469282677060164,1,7,ERA5-Land Daily Aggregated,Maharashtra,ERA5-Land Temperature
2017-02-26,2017-03-05,9.0,2017,P006,20.834360411339407,76.87349308547405,Akola,normal,statewide,26.410142517089866,1,7,ERA5-Land Daily Aggregated,Maharashtra,ERA5-Land Temperature
2017-02-26,2017-03-05,9.0,2017,P007,21.014976299509232,76.87574047240498,Akola,normal,statewide,27.046849641345887,1,7,ERA5-Land Daily Aggregated,Maharashtra,ERA5-Land Temperature
2017-02-26,2017-03-05,9.0,2017,P008,20.828434266039377,77.35372489162701,Akola,normal,statewide,26.606698971702997,1,7,ERA5-Land Daily Aggregated,Maharashtra,ERA5-Land Temperature
2017-02-26,2017-03-05,9.0,2017,P009,21.360971327549258,77.94039543992572,Amravati,normal,statewide,26.73373347691131,1,7,ERA5-Land Daily Aggregated,Maharashtra,ERA5-Land Temperature
2017-02-26,2017-03-05,9.0,2017,P010,21.178803672212837,78.03301542790685,Amravati,normal,statewide,27.092143540155348,1,7,ERA5-Land Daily Aggregated,Maharashtra,ERA5-Land Temperature
2017-02-26,2017-03-05,9.0,2017,P011,20.814388097721018,78.21764450702477,Amravati,normal,statewide,27.49230165027444,1,7,ERA5-Land Daily Aggregated,Maharashtra,ERA5-Land Temperature
2017-02-26,2017-03-05,9.0,2017,P012,21.180502589714195,77.93681032267875,Amravati,normal,statewide,27.307266308012515,1,7,ERA5-Land Daily Aggregated,Maharashtra,ERA5-Land Temperature
2017-02-26,2017-03-05,9.0,2017,P013,20.031289688916964,74.8570519162974,Aurangabad,normal,statewide,25.921675255185164,1,7,ERA5-Land Daily Aggregated,Maharashtra,ERA5-Land Temperature
2017-02-26,2017-03-05,9.0,2017,P014,19.760185263069562,75.14270192978114,Aurangabad,normal,statewide,26.19620557512559,1,7,ERA5-Land Daily Aggregated,Maharashtra,ERA5-Land Temperature
2017-02-26,2017-03-05,9.0,2017,P015,19.9408189876436,74.76157364454102,Aurangabad,normal,statewide,25.76139112200059,1,7,ERA5-Land Daily Aggregated,Maharashtra,ERA5-Land Temperature
2017-02-26,2017-03-05,9.0,2017,P016,19.66981712112043,75.14262166596218,Aurangabad,normal,statewide,26.06827588762559,1,7,ERA5-Land Daily Aggregated,Maharashtra,ERA5-Land Temperature
2017-02-26,2017-03-05,9.0,2017,P017,21.04613203856966,79.85576216552393,Bhandara,normal,statewide,27.11579030354818,1,7,ERA5-Land Daily Aggregated,Maharashtra,ERA5-Land Temperature
2017-02-26,2017-03-05,9.0,2017,P018,21.31897105472685,79.76852877161537,Bhandara,normal,statewide,27.228234499976793,1,7,ERA5-Land Daily Aggregated,Maharashtra,ERA5-Land Temperature
2017-02-26,2017-03-05,9.0,2017,P019,21.40900922319803,79.77144948280537,Bhandara,normal,statewide,27.143006170363662,1,7,ERA5-Land Daily Aggregated,Maharashtra,ERA5-Land Temperature
2017-02-26,2017-03-05,9.0,2017,P020,21.144196588937042,79.57074980349083,Bhandara,normal,statewide,27.02319125220896,1,7,ERA5-Land Daily Aggregated,Maharashtra,ERA5-Land Temperature
2017-02-26,2017-03-05,9.0,2017,P021,18.67502288980403,75.52108340877234,Bid,normal,statewide,26.27573729015529,1,7,ERA5-Land Daily Aggregated,Maharashtra,ERA5-Land Temperature
2017-02-26,2017-03-05,9.0,2017,P022,18.856499384477168,75.04699178476999,Bid,normal,statewide,27.01234443301246,1,7,ERA5-Land Daily Aggregated,Maharashtra,ERA5-Land Temperature
2017-02-26,2017-03-05,9.0,2017,P023,19.126596053486494,75.6175605191647,Bid,normal,statewide,26.916315787179144,1,7,ERA5-Land Daily Aggregated,Maharashtra,ERA5-Land Temperature
2017-02-26,2017-03-05,9.0,2017,P024,18.763955201213946,75.90084720909012,Bid,normal,statewide,25.795129031226736,1,7,ERA5-Land Daily Aggregated,Maharashtra,ERA5-Land Temperature
2017-02-26,2017-03-05,9.0,2017,P025,20.93073496240753,76.20164478885242,Buldana,normal,statewide,25.69498487200059,1,7,ERA5-Land Daily Aggregated,Maharashtra,ERA5-Land Temperature
2017-02-26,2017-03-05,9.0,2017,P026,20.838939908121294,76.39311412898633,Buldana,normal,statewide,26.32536759149457,1,7,ERA5-Land Daily Aggregated,Maharashtra,ERA5-Land Temperature
2017-02-26,2017-03-05,9.0,2017,P027,20.657476790751314,76.48742857536776,Buldana,normal,statewide,26.990778677804144,1,7,ERA5-Land Daily Aggregated,Maharashtra,ERA5-Land Temperature
2017-02-26,2017-03-05,9.0,2017,P028,20.47967013624516,76.10222021266374,Buldana,normal,statewide,26.304452877952997,1,7,ERA5-Land Daily Aggregated,Maharashtra,ERA5-Land Temperature
2017-02-26,2017-03-05,9.0,2017,P029,20.32317798477448,79.92829390325927,Chandrapur,normal,statewide,27.387716456822034,1,7,ERA5-Land Daily Aggregated,Maharashtra,ERA5-Land Temperature
2017-02-26,2017-03-05,9.0,2017,P030,20.60872097983294,79.36304041732026,Chandrapur,normal,statewide,27.78329402378631,1,7,ERA5-Land Daily Aggregated,Maharashtra,ERA5-Land Temperature
2017-02-26,2017-03-05,9.0,2017,P031,20.511160307884595,79.64732594588165,Chandrapur,normal,statewide,27.787339782714866,1,7,ERA5-Land Daily Aggregated,Maharashtra,ERA5-Land Temperature
2017-02-26,2017-03-05,9.0,2017,P032,20.598621115946884,79.74569817422172,Chandrapur,normal,statewide,27.66043316069107,1,7,ERA5-Land Daily Aggregated,Maharashtra,ERA5-Land Temperature
2017-02-26,2017-03-05,9.0,2017,P033,21.38667804512237,75.14422248324037,Dhule,normal,statewide,26.162816438220773,1,7,ERA5-Land Daily Aggregated,Maharashtra,ERA5-Land Temperature
2017-02-26,2017-03-05,9.0,2017,P034,21.025151968113196,74.75989256344387,Dhule,normal,statewide,27.197251892089866,1,7,ERA5-Land Daily Aggregated,Maharashtra,ERA5-Land Temperature
2017-02-26,2017-03-05,9.0,2017,P035,21.477028350667293,74.85568743137505,Dhule,normal,statewide,26.328878566197034,1,7,ERA5-Land Daily Aggregated,Maharashtra,ERA5-Land Temperature
2017-02-26,2017-03-05,9.0,2017,P036,20.933820660336515,74.37533522949364,Dhule,normal,statewide,27.572310020810107,1,7,ERA5-Land Daily Aggregated,Maharashtra,ERA5-Land Temperature
2017-02-26,2017-03-05,9.0,2017,P037,19.963056524597132,79.91698116388667,Garhchiroli,normal,statewide,28.04886089506607,1,7,ERA5-Land Daily Aggregated,Maharashtra,ERA5-Land Temperature
2017-02-26,2017-03-05,9.0,2017,P038,19.062661462582188,79.88977172925856,Garhchiroli,normal,statewide,28.186498078845887,1,7,ERA5-Land Daily Aggregated,Maharashtra,ERA5-Land Temperature
2017-02-26,2017-03-05,9.0,2017,P039,19.510270485428137,79.9981368030594,Garhchiroli,normal,statewide,28.892483011881552,1,7,ERA5-Land Daily Aggregated,Maharashtra,ERA5-Land Temperature
2017-02-26,2017-03-05,9.0,2017,P040,19.870365190999156,80.00935144220881,Garhchiroli,normal,statewide,28.36996394566131,1,7,ERA5-Land Daily Aggregated,Maharashtra,ERA5-Land Temperature
2017-02-26,2017-03-05,9.0,2017,P041,21.127639946725598,80.1465044724107,Gondiya,normal,statewide,27.169698878697034,1,7,ERA5-Land Daily Aggregated,Maharashtra,ERA5-Land Temperature
2017-02-26,2017-03-05,9.0,2017,P042,21.397598383602258,80.15591763473452,Gondiya,normal,statewide,26.864511471702997,1,7,ERA5-Land Daily Aggregated,Maharashtra,ERA5-Land Temperature
2017-02-26,2017-03-05,9.0,2017,P043,21.574548890706154,80.25847249986273,Gondiya,normal,statewide,26.457319786435164,1,7,ERA5-Land Daily Aggregated,Maharashtra,ERA5-Land Temperature
2017-02-26,2017-03-05,9.0,2017,P044,21.211649410572516,80.34153217518526,Gondiya,normal,statewide,26.901992870512515,1,7,ERA5-Land Daily Aggregated,Maharashtra,ERA5-Land Temperature
2017-02-26,2017-03-05,9.0,2017,P045,19.655900266732623,77.2407892392464,Hingoli,normal,statewide,27.557266308012515,1,7,ERA5-Land Daily Aggregated,Maharashtra,ERA5-Land Temperature
2017-02-26,2017-03-05,9.0,2017,P046,19.566758377573187,77.1442675378435,Hingoli,normal,statewide,27.280178324381552,1,7,ERA5-Land Daily Aggregated,Maharashtra,ERA5-Land Temperature
2017-02-26,2017-03-05,9.0,2017,P047,19.47860194974656,76.9526242927685,Hingoli,normal,statewide,27.24577774774457,1,7,ERA5-Land Daily Aggregated,Maharashtra,ERA5-Land Temperature
2017-02-26,2017-03-05,9.0,2017,P048,19.927981235710728,77.14910120338544,Hingoli,normal,statewide,27.41715284075059,1,7,ERA5-Land Daily Aggregated,Maharashtra,ERA5-Land Temperature
2017-02-26,2017-03-05,9.0,2017,P049,21.292738163229433,76.10816865346904,Jalgaon,normal,statewide,26.453773934500646,1,7,ERA5-Land Daily Aggregated,Maharashtra,ERA5-Land Temperature
2017-02-26,2017-03-05,9.0,2017,P050,21.386178625804387,75.43363151891216,Jalgaon,normal,statewide,24.77123812720896,1,7,ERA5-Land Daily Aggregated,Maharashtra,ERA5-Land Temperature
2017-02-26,2017-03-05,9.0,2017,P051,21.112064306745907,76.10682200495089,Jalgaon,normal,statewide,25.707273283458846,1,7,ERA5-Land Daily Aggregated,Maharashtra,ERA5-Land Temperature
2017-02-26,2017-03-05,9.0,2017,P052,20.844437979720194,75.23982115072519,Jalgaon,normal,statewide,26.43188265845896,1,7,ERA5-Land Daily Aggregated,Maharashtra,ERA5-Land Temperature
2017-02-26,2017-03-05,9.0,2017,P053,19.486369703781666,76.00005328932718,Jalna,normal,statewide,26.37244022914342,1,7,ERA5-Land Daily Aggregated,Maharashtra,ERA5-Land Temperature
2017-02-26,2017-03-05,9.0,2017,P054,20.028502750758555,76.00343774702675,Jalna,normal,statewide,26.782980128697034,1,7,ERA5-Land Daily Aggregated,Maharashtra,ERA5-Land Temperature
2017-02-26,2017-03-05,9.0,2017,P055,19.75743845682064,76.00172991132328,Jalna,normal,statewide,26.274807230631495,1,7,ERA5-Land Daily Aggregated,Maharashtra,ERA5-Land Temperature
2017-02-26,2017-03-05,9.0,2017,P056,19.57768317515413,75.80993951591351,Jalna,normal,statewide,26.391506449381495,1,7,ERA5-Land Daily Aggregated,Maharashtra,ERA5-Land Temperature
2017-02-26,2017-03-05,9.0,2017,P057,16.776377793156257,74.29671235971928,Kolhapur,normal,statewide,26.602130054292275,1,7,ERA5-Land Daily Aggregated,Maharashtra,ERA5-Land Temperature
2017-02-26,2017-03-05,9.0,2017,P058,16.324416687682138,74.29834884980589,Kolhapur,normal,statewide,26.657817368280348,1,7,ERA5-Land Daily Aggregated,Maharashtra,ERA5-Land Temperature
2017-02-26,2017-03-05,9.0,2017,P059,16.595891218916975,74.39111598812178,Kolhapur,normal,statewide,26.745149957566014,1,7,ERA5-Land Daily Aggregated,Maharashtra,ERA5-Land Temperature
2017-02-26,2017-03-05,9.0,2017,P060,16.414811584237594,74.29802779453004,Kolhapur,normal,statewide,26.919826761881552,1,7,ERA5-Land Daily Aggregated,Maharashtra,ERA5-Land Temperature
2017-02-26,2017-03-05,9.0,2017,P086,21.054127206758487,79.56798961993874,Nagpur,normal,statewide,26.97767646426246,1,7,ERA5-Land Daily Aggregated,Maharashtra,ERA5-Land Temperature
2017-02-26,2017-03-05,9.0,2017,P087,21.146765031143822,79.47473643960802,Nagpur,normal,statewide,26.922756449381495,1,7,ERA5-Land Daily Aggregated,Maharashtra,ERA5-Land Temperature
2017-02-26,2017-03-05,9.0,2017,P088,21.347803602138427,78.61442869606356,Nagpur,normal,statewide,26.147203063964866,1,7,ERA5-Land Daily Aggregated,Maharashtra,ERA5-Land Temperature
2017-02-26,2017-03-05,9.0,2017,P089,21.165377318940912,78.70615240473293,Nagpur,normal,statewide,26.74539409819107,1,7,ERA5-Land Daily Aggregated,Maharashtra,ERA5-Land Temperature
2017-02-26,2017-03-05,9.0,2017,P090,19.201968238592887,77.42470040309472,Nanded,normal,statewide,27.153341456822034,1,7,ERA5-Land Daily Aggregated,Maharashtra,ERA5-Land Temperature
2017-02-26,2017-03-05,9.0,2017,P091,18.566038000956755,77.69963965584807,Nanded,normal,statewide,27.069171069917218,1,7,ERA5-Land Daily Aggregated,Maharashtra,ERA5-Land Temperature
2017-02-26,2017-03-05,9.0,2017,P092,19.736596618496833,77.90946265591798,Nanded,normal,statewide,27.525004868280348,1,7,ERA5-Land Daily Aggregated,Maharashtra,ERA5-Land Temperature
2017-02-26,2017-03-05,9.0,2017,P093,18.93564842817583,77.04115528508362,Nanded,normal,statewide,27.159258960542218,1,7,ERA5-Land Daily Aggregated,Maharashtra,ERA5-Land Temperature
2017-02-26,2017-03-05,9.0,2017,P094,21.564917232430716,74.08292967791392,Nandurbar,normal,statewide,26.174465433756495,1,7,ERA5-Land Daily Aggregated,Maharashtra,ERA5-Land Temperature
2017-02-26,2017-03-05,9.0,2017,P095,21.5662594218478,74.37266422796263,Nandurbar,normal,statewide,27.12609071277444,1,7,ERA5-Land Daily Aggregated,Maharashtra,ERA5-Land Temperature
2017-02-26,2017-03-05,9.0,2017,P096,21.385179787168415,74.27697637845674,Nandurbar,normal,statewide,26.714213852655348,1,7,ERA5-Land Daily Aggregated,Maharashtra,ERA5-Land Temperature
2017-02-26,2017-03-05,9.0,2017,P097,21.565421110849755,74.17950488852946,Nandurbar,normal,statewide,26.5824709211077,1,7,ERA5-Land Daily Aggregated,Maharashtra,ERA5-Land Temperature
2017-02-26,2017-03-05,9.0,2017,P098,20.299553667393326,73.99482675929994,Nashik,normal,statewide,24.27713237944107,1,7,ERA5-Land Daily Aggregated,Maharashtra,ERA5-Land Temperature
2017-02-26,2017-03-05,9.0,2017,P099,20.120253214034264,74.28296495117151,Nashik,normal,statewide,25.344898841494626,1,7,ERA5-Land Daily Aggregated,Maharashtra,ERA5-Land Temperature
2017-02-26,2017-03-05,9.0,2017,P100,20.389903972938242,73.99424261706194,Nashik,normal,statewide,24.245835876464866,1,7,ERA5-Land Daily Aggregated,Maharashtra,ERA5-Land Temperature
2017-02-26,2017-03-05,9.0,2017,P101,20.029015547379707,74.09216447619562,Nashik,normal,statewide,25.1393556867327,1,7,ERA5-Land Daily Aggregated,Maharashtra,ERA5-Land Temperature
2017-02-26,2017-03-05,9.0,2017,P102,17.85749130266526,76.36802722645965,Osmanabad,normal,statewide,26.669652375720773,1,7,ERA5-Land Daily Aggregated,Maharashtra,ERA5-Land Temperature
2017-02-26,2017-03-05,9.0,2017,P103,17.76644983645705,76.46164605307673,Osmanabad,normal,statewide,26.81019599551246,1,7,ERA5-Land Daily Aggregated,Maharashtra,ERA5-Land Temperature
2017-02-26,2017-03-05,9.0,2017,P104,17.949094615606196,76.17989775301476,Osmanabad,normal,statewide,26.798140098935164,1,7,ERA5-Land Daily Aggregated,Maharashtra,ERA5-Land Temperature
2017-02-26,2017-03-05,9.0,2017,P105,18.584360447185368,75.61558067829696,Osmanabad,normal,statewide,26.397691345214866,1,7,ERA5-Land Daily Aggregated,Maharashtra,ERA5-Land Temperature
2017-02-26,2017-03-05,9.0,2017,P106,19.031389786894366,76.47235681380711,Parbhani,normal,statewide,26.81104467482794,1,7,ERA5-Land Daily Aggregated,Maharashtra,ERA5-Land Temperature
2017-02-26,2017-03-05,9.0,2017,P107,19.120950831552832,76.56820519095093,Parbhani,normal,statewide,26.42717423211957,1,7,ERA5-Land Daily Aggregated,Maharashtra,ERA5-Land Temperature
2017-02-26,2017-03-05,9.0,2017,P108,19.208625676465683,76.85432786914635,Parbhani,normal,statewide,26.804534258161254,1,7,ERA5-Land Daily Aggregated,Maharashtra,ERA5-Land Temperature
2017-02-26,2017-03-05,9.0,2017,P109,19.212081479782103,76.47396209018636,Parbhani,normal,statewide,26.36215144566131,1,7,ERA5-Land Daily Aggregated,Maharashtra,ERA5-Land Temperature
2017-02-26,2017-03-05,9.0,2017,P110,18.133442771357757,75.04679558432363,Pune,normal,statewide,27.336539931524385,1,7,ERA5-Land Daily Aggregated,Maharashtra,ERA5-Land Temperature
2017-02-26,2017-03-05,9.0,2017,P111,18.584645829652782,74.47919215212944,Pune,normal,statewide,26.719712829589866,1,7,ERA5-Land Daily Aggregated,Maharashtra,ERA5-Land Temperature
2017-02-26,2017-03-05,9.0,2017,P112,18.132979024848197,74.57507620208169,Pune,normal,statewide,26.95377393450059,1,7,ERA5-Land Daily Aggregated,Maharashtra,ERA5-Land Temperature
2017-02-26,2017-03-05,9.0,2017,P113,18.314072036830744,74.76389683618987,Pune,normal,statewide,27.81063777378631,1,7,ERA5-Land Daily Aggregated,Maharashtra,ERA5-Land Temperature
2017-02-26,2017-03-05,9.0,2017,P114,18.48503397121986,73.0589238755964,Raigarh,normal,statewide,26.50550849551246,1,7,ERA5-Land Daily Aggregated,Maharashtra,ERA5-Land Temperature
2017-02-26,2017-03-05,9.0,2017,P115,18.665689991299164,73.05687714821288,Raigarh,normal,statewide,26.558161490304144,1,7,ERA5-Land Daily Aggregated,Maharashtra,ERA5-Land Temperature
2017-02-26,2017-03-05,9.0,2017,P116,18.306197264370358,73.25009891506079,Raigarh,normal,statewide,27.46581820533396,1,7,ERA5-Land Daily Aggregated,Maharashtra,ERA5-Land Temperature
2017-02-26,2017-03-05,9.0,2017,P117,18.21404102289879,73.06194714611064,Raigarh,normal,statewide,26.49133671351842,1,7,ERA5-Land Daily Aggregated,Maharashtra,ERA5-Land Temperature
2017-02-26,2017-03-05,9.0,2017,P118,17.138719885658215,75.42259970290594,Sangli,normal,statewide,28.97962958926246,1,7,ERA5-Land Daily Aggregated,Maharashtra,ERA5-Land Temperature
2017-02-26,2017-03-05,9.0,2017,P119,17.048761981005992,74.95348443567921,Sangli,normal,statewide,27.928546069917218,1,7,ERA5-Land Daily Aggregated,Maharashtra,ERA5-Land Temperature
2017-02-26,2017-03-05,9.0,2017,P120,16.86707144948229,74.39025538161847,Sangli,normal,statewide,26.610430835542275,1,7,ERA5-Land Daily Aggregated,Maharashtra,ERA5-Land Temperature
2017-02-26,2017-03-05,9.0,2017,P121,17.048503353144895,74.67157114887826,Sangli,normal,statewide,27.289374287923238,1,7,ERA5-Land Daily Aggregated,Maharashtra,ERA5-Land Temperature
2017-02-26,2017-03-05,9.0,2017,P148,17.67852974098626,76.08383979812143,Solapur,normal,statewide,28.19591493152444,1,7,ERA5-Land Daily Aggregated,Maharashtra,ERA5-Land Temperature
2017-02-26,2017-03-05,9.0,2017,P149,18.223365003201543,75.4251413905064,Solapur,normal,statewide,28.348177301316014,1,7,ERA5-Land Daily Aggregated,Maharashtra,ERA5-Land Temperature
2017-02-26,2017-03-05,9.0,2017,P150,17.952532582518405,75.23562067753285,Solapur,normal,statewide,28.396993800572034,1,7,ERA5-Land Daily Aggregated,Maharashtra,ERA5-Land Temperature
2017-02-26,2017-03-05,9.0,2017,P151,18.223690517578447,75.23598186471818,Solapur,normal,statewide,28.259670511881495,1,7,ERA5-Land Daily Aggregated,Maharashtra,ERA5-Land Temperature
2017-02-26,2017-03-05,9.0,2017,P152,19.658178867370932,72.94986318203122,Thane,normal,statewide,27.65356234595896,1,7,ERA5-Land Daily Aggregated,Maharashtra,ERA5-Land Temperature
2017-02-26,2017-03-05,9.0,2017,P153,19.65706409210757,72.8545320606096,Thane,normal,statewide,27.17224491664342,1,7,ERA5-Land Daily Aggregated,Maharashtra,ERA5-Land Temperature
2017-02-26,2017-03-05,9.0,2017,P154,19.477549601897948,72.95214624177059,Thane,normal,statewide,27.116313462030348,1,7,ERA5-Land Daily Aggregated,Maharashtra,ERA5-Land Temperature
2017-02-26,2017-03-05,9.0,2017,P155,19.83987385799569,73.0429959666335,Thane,normal,statewide,27.5041017804827,1,7,ERA5-Land Daily Aggregated,Maharashtra,ERA5-Land Temperature
2017-02-26,2017-03-05,9.0,2017,P156,20.806749657616468,78.60135461177485,Wardha,normal,statewide,27.67759275890529,1,7,ERA5-Land Daily Aggregated,Maharashtra,ERA5-Land Temperature
2017-02-26,2017-03-05,9.0,2017,P157,20.71031267913359,78.88671032458906,Wardha,normal,statewide,27.763018726167218,1,7,ERA5-Land Daily Aggregated,Maharashtra,ERA5-Land Temperature
2017-02-26,2017-03-05,9.0,2017,P158,21.081265295769754,78.41565980750515,Wardha,normal,statewide,26.913502357119626,1,7,ERA5-Land Daily Aggregated,Maharashtra,ERA5-Land Temperature
2017-02-26,2017-03-05,9.0,2017,P159,20.439854822938944,78.87986114537097,Wardha,normal,statewide,27.905120195661254,1,7,ERA5-Land Daily Aggregated,Maharashtra,ERA5-Land Temperature
2017-02-26,2017-03-05,9.0,2017,P160,20.289186257444058,77.15404188735265,Washim,normal,statewide,27.12142878941131,1,7,ERA5-Land Daily Aggregated,Maharashtra,ERA5-Land Temperature
2017-02-26,2017-03-05,9.0,2017,P161,20.464607292886615,77.53975858757677,Washim,normal,statewide,27.58142460414342,1,7,ERA5-Land Daily Aggregated,Maharashtra,ERA5-Land Temperature
2017-02-26,2017-03-05,9.0,2017,P162,20.107393166596125,77.2471479173486,Washim,normal,statewide,27.289525422595887,1,7,ERA5-Land Daily Aggregated,Maharashtra,ERA5-Land Temperature
2017-02-26,2017-03-05,9.0,2017,P163,20.198885002010726,77.1527933390577,Washim,normal,statewide,27.083214968726793,1,7,ERA5-Land Daily Aggregated,Maharashtra,ERA5-Land Temperature
2017-02-26,2017-03-05,9.0,2017,P164,20.182854533723592,78.20447678161395,Yavatmal,normal,statewide,27.756880333310107,1,7,ERA5-Land Daily Aggregated,Maharashtra,ERA5-Land Temperature
2017-02-26,2017-03-05,9.0,2017,P165,19.894658373538324,79.05709703494229,Yavatmal,normal,statewide,27.778585597447034,1,7,ERA5-Land Daily Aggregated,Maharashtra,ERA5-Land Temperature
2017-02-26,2017-03-05,9.0,2017,P166,19.468787468327925,77.71426550730338,Yavatmal,normal,statewide,27.878404235839866,1,7,ERA5-Land Daily Aggregated,Maharashtra,ERA5-Land Temperature
2017-02-26,2017-03-05,9.0,2017,P167,19.559057510053886,77.71577268345945,Yavatmal,normal,statewide,27.52688823881607,1,7,ERA5-Land Daily Aggregated,Maharashtra,ERA5-Land Temperature
2017-03-05,2017-03-12,10.0,2017,P147,17.927231643141155,73.94769852026607,Satara,case_study,case_study,22.59230194091799,1,7,ERA5-Land Daily Aggregated,Maharashtra,ERA5-Land Temperature
2017-03-05,2017-03-12,10.0,2017,P061,18.507855650411397,76.91766048140843,Latur,high,priority,27.17951827276329,1,7,ERA5-Land Daily Aggregated,Maharashtra,ERA5-Land Temperature
2017-03-05,2017-03-12,10.0,2017,P062,18.422405896924207,76.3487594508077,Latur,high,priority,26.271605791364436,1,7,ERA5-Land Daily Aggregated,Maharashtra,ERA5-Land Temperature
2017-03-05,2017-03-12,10.0,2017,P063,18.235391198742693,77.05646783810116,Latur,high,priority,26.430111185709677,1,7,ERA5-Land Daily Aggregated,Maharashtra,ERA5-Land Temperature
2017-03-05,2017-03-12,10.0,2017,P064,18.193056493341274,76.77240080549139,Latur,high,priority,26.028546360560824,1,7,ERA5-Land Daily Aggregated,Maharashtra,ERA5-Land Temperature
2017-03-05,2017-03-12,10.0,2017,P065,18.331355512513895,76.44266811899327,Latur,high,priority,26.20674576532275,1,7,ERA5-Land Daily Aggregated,Maharashtra,ERA5-Land Temperature
2017-03-05,2017-03-12,10.0,2017,P066,18.104739537876725,76.5352970251765,Latur,high,priority,25.67122911725727,1,7,ERA5-Land Daily Aggregated,Maharashtra,ERA5-Land Temperature
2017-03-05,2017-03-12,10.0,2017,P067,18.280552974211986,77.0569984711265,Latur,high,priority,26.430111185709677,1,7,ERA5-Land Daily Aggregated,Maharashtra,ERA5-Land Temperature
2017-03-05,2017-03-12,10.0,2017,P068,18.101823285787773,76.86595720469373,Latur,high,priority,26.21502329508462,1,7,ERA5-Land Daily Aggregated,Maharashtra,ERA5-Land Temperature
2017-03-05,2017-03-12,10.0,2017,P069,18.595075667016793,77.20284228928156,Latur,high,priority,27.669217863537085,1,7,ERA5-Land Daily Aggregated,Maharashtra,ERA5-Land Temperature
2017-03-05,2017-03-12,10.0,2017,P070,18.41499041187233,77.15322587185987,Latur,high,priority,27.371796453566787,1,7,ERA5-Land Daily Aggregated,Maharashtra,ERA5-Land Temperature
2017-03-05,2017-03-12,10.0,2017,P071,18.149138807065885,76.63019561379593,Latur,high,priority,25.817422848656065,1,7,ERA5-Land Daily Aggregated,Maharashtra,ERA5-Land Temperature
2017-03-05,2017-03-12,10.0,2017,P072,18.283393421583035,76.77331492120734,Latur,high,priority,26.29084639776329,1,7,ERA5-Land Daily Aggregated,Maharashtra,ERA5-Land Temperature
2017-03-05,2017-03-12,10.0,2017,P073,17.966315663874607,76.86453029235662,Latur,high,priority,26.27031533377516,1,7,ERA5-Land Daily Aggregated,Maharashtra,ERA5-Land Temperature
2017-03-05,2017-03-12,10.0,2017,P074,18.50832831512306,76.870318205524,Latur,high,priority,26.995552498953714,1,7,ERA5-Land Daily Aggregated,Maharashtra,ERA5-Land Temperature
2017-03-05,2017-03-12,10.0,2017,P075,18.41444640154381,77.20053247493588,Latur,high,priority,27.435993812197694,1,7,ERA5-Land Daily Aggregated,Maharashtra,ERA5-Land Temperature
2017-03-05,2017-03-12,10.0,2017,P076,18.377877313804504,76.25376722106614,Latur,high,priority,25.993076215471547,1,7,ERA5-Land Daily Aggregated,Maharashtra,ERA5-Land Temperature
2017-03-05,2017-03-12,10.0,2017,P077,18.059564385104267,76.5349046242838,Latur,high,priority,25.739076959519195,1,7,ERA5-Land Daily Aggregated,Maharashtra,ERA5-Land Temperature
2017-03-05,2017-03-12,10.0,2017,P078,18.1008824154655,76.96042326051098,Latur,high,priority,26.358775620233473,1,7,ERA5-Land Daily Aggregated,Maharashtra,ERA5-Land Temperature
2017-03-05,2017-03-12,10.0,2017,P079,18.73508698099394,76.77797468180819,Latur,high,priority,26.89061853317986,1,7,ERA5-Land Daily Aggregated,Maharashtra,ERA5-Land Temperature
2017-03-05,2017-03-12,10.0,2017,P080,18.46791548227568,76.3017694439065,Latur,high,priority,26.271605791364436,1,7,ERA5-Land Daily Aggregated,Maharashtra,ERA5-Land Temperature
2017-03-05,2017-03-12,10.0,2017,P081,18.10355787609756,76.67701617485712,Latur,high,priority,25.817422848656065,1,7,ERA5-Land Daily Aggregated,Maharashtra,ERA5-Land Temperature
2017-03-05,2017-03-12,10.0,2017,P082,18.23907887531389,76.67830931416262,Latur,high,priority,26.11932017008462,1,7,ERA5-Land Daily Aggregated,Maharashtra,ERA5-Land Temperature
2017-03-05,2017-03-12,10.0,2017,P083,18.369289085175563,77.19996171000103,Latur,high,priority,26.956431870233473,1,7,ERA5-Land Daily Aggregated,Maharashtra,ERA5-Land Temperature
2017-03-05,2017-03-12,10.0,2017,P084,18.46362582706226,76.82249880582684,Latur,high,priority,26.638781665620343,1,7,ERA5-Land Daily Aggregated,Maharashtra,ERA5-Land Temperature
2017-03-05,2017-03-12,10.0,2017,P085,18.14788579966987,76.77194597718393,Latur,high,priority,26.028546360560824,1,7,ERA5-Land Daily Aggregated,Maharashtra,ERA5-Land Temperature
2017-03-05,2017-03-12,10.0,2017,P122,17.88145897082753,73.8441448165019,Satara,high,priority,22.622284734816844,1,7,ERA5-Land Daily Aggregated,Maharashtra,ERA5-Land Temperature
2017-03-05,2017-03-12,10.0,2017,P123,17.386414030975025,74.27088970551878,Satara,high,priority,23.118750508626306,1,7,ERA5-Land Daily Aggregated,Maharashtra,ERA5-Land Temperature
2017-03-05,2017-03-12,10.0,2017,P124,17.43262815429294,74.647353771057,Satara,high,priority,25.304239254906122,1,7,ERA5-Land Daily Aggregated,Maharashtra,ERA5-Land Temperature
2017-03-05,2017-03-12,10.0,2017,P125,17.56734651531964,74.31728219287884,Satara,high,priority,23.957257298060824,1,7,ERA5-Land Daily Aggregated,Maharashtra,ERA5-Land Temperature
2017-03-05,2017-03-12,10.0,2017,P126,17.205080227535593,74.13053949986157,Satara,high,priority,23.27547716413227,1,7,ERA5-Land Daily Aggregated,Maharashtra,ERA5-Land Temperature
2017-03-05,2017-03-12,10.0,2017,P127,17.65773249367299,74.31694330119876,Satara,high,priority,23.7838011968704,1,7,ERA5-Land Daily Aggregated,Maharashtra,ERA5-Land Temperature
2017-03-05,2017-03-12,10.0,2017,P128,18.019949731345452,74.5517328080669,Satara,high,priority,25.94287625267401,1,7,ERA5-Land Daily Aggregated,Maharashtra,ERA5-Land Temperature
2017-03-05,2017-03-12,10.0,2017,P129,18.063234225271252,74.03192648006461,Satara,high,priority,23.954257856096547,1,7,ERA5-Land Daily Aggregated,Maharashtra,ERA5-Land Temperature
2017-03-05,2017-03-12,10.0,2017,P130,17.61135784271715,74.03436560834085,Satara,high,priority,23.427983674548898,1,7,ERA5-Land Daily Aggregated,Maharashtra,ERA5-Land Temperature
2017-03-05,2017-03-12,10.0,2017,P131,17.612539504496315,74.3171127470388,Satara,high,priority,23.7838011968704,1,7,ERA5-Land Daily Aggregated,Maharashtra,ERA5-Land Temperature
2017-03-05,2017-03-12,10.0,2017,P132,17.702176353872684,74.12817617630324,Satara,high,priority,22.944434102376363,1,7,ERA5-Land Daily Aggregated,Maharashtra,ERA5-Land Temperature
2017-03-05,2017-03-12,10.0,2017,P133,17.25006363896275,74.08329532420031,Satara,high,priority,23.546240743001306,1,7,ERA5-Land Daily Aggregated,Maharashtra,ERA5-Land Temperature
2017-03-05,2017-03-12,10.0,2017,P134,17.476429903940936,74.17634784498362,Satara,high,priority,22.731624857584677,1,7,ERA5-Land Daily Aggregated,Maharashtra,ERA5-Land Temperature
2017-03-05,2017-03-12,10.0,2017,P135,17.882716437324603,74.0801070669471,Satara,high,priority,22.581676010858416,1,7,ERA5-Land Daily Aggregated,Maharashtra,ERA5-Land Temperature
2017-03-05,2017-03-12,10.0,2017,P136,17.928520323345598,74.22149178404871,Satara,high,priority,24.816539292108473,1,7,ERA5-Land Daily Aggregated,Maharashtra,ERA5-Land Temperature
2017-03-05,2017-03-12,10.0,2017,P137,17.746687100588183,73.98648378122894,Satara,high,priority,22.754434567406065,1,7,ERA5-Land Daily Aggregated,Maharashtra,ERA5-Land Temperature
2017-03-05,2017-03-12,10.0,2017,P138,17.61269557303319,74.36423652697161,Satara,high,priority,23.7838011968704,1,7,ERA5-Land Daily Aggregated,Maharashtra,ERA5-Land Temperature
2017-03-05,2017-03-12,10.0,2017,P139,17.656773786946495,74.08126197411994,Satara,high,priority,23.427983674548898,1,7,ERA5-Land Daily Aggregated,Maharashtra,ERA5-Land Temperature
2017-03-05,2017-03-12,10.0,2017,P140,17.97464080554139,74.50462240543725,Satara,high,priority,26.091557893298898,1,7,ERA5-Land Daily Aggregated,Maharashtra,ERA5-Land Temperature
2017-03-05,2017-03-12,10.0,2017,P141,17.430826677467348,74.08239904488856,Satara,high,priority,22.937481907435824,1,7,ERA5-Land Daily Aggregated,Maharashtra,ERA5-Land Temperature
2017-03-05,2017-03-12,10.0,2017,P142,18.064447100757786,74.31538707493111,Satara,high,priority,25.36160067603697,1,7,ERA5-Land Daily Aggregated,Maharashtra,ERA5-Land Temperature
2017-03-05,2017-03-12,10.0,2017,P143,17.70379500755509,74.6468275971327,Satara,high,priority,25.811668105352567,1,7,ERA5-Land Daily Aggregated,Maharashtra,ERA5-Land Temperature
2017-03-05,2017-03-12,10.0,2017,P144,17.929452275465767,74.50474726026674,Satara,high,priority,26.091557893298898,1,7,ERA5-Land Daily Aggregated,Maharashtra,ERA5-Land Temperature
2017-03-05,2017-03-12,10.0,2017,P145,17.47773196144854,74.60017202281048,Satara,high,priority,24.962442379906065,1,7,ERA5-Land Daily Aggregated,Maharashtra,ERA5-Land Temperature
2017-03-05,2017-03-12,10.0,2017,P146,17.839182233739812,74.55218763637436,Satara,high,priority,25.478265017554918,1,7,ERA5-Land Daily Aggregated,Maharashtra,ERA5-Land Temperature
2017-03-05,2017-03-12,10.0,2017,P001,19.940457800458272,74.57045211428928,Ahmednagar,normal,statewide,24.250249299548898,1,7,ERA5-Land Daily Aggregated,Maharashtra,ERA5-Land Temperature
2017-03-05,2017-03-12,10.0,2017,P002,18.946729294293643,74.76302285238339,Ahmednagar,normal,statewide,25.260410199846547,1,7,ERA5-Land Daily Aggregated,Maharashtra,ERA5-Land Temperature
2017-03-05,2017-03-12,10.0,2017,P003,18.49469238410162,74.66892244285252,Ahmednagar,normal,statewide,25.74199502127516,1,7,ERA5-Land Daily Aggregated,Maharashtra,ERA5-Land Temperature
2017-03-05,2017-03-12,10.0,2017,P004,19.03720445466806,75.1420731965326,Ahmednagar,normal,statewide,24.952734883626363,1,7,ERA5-Land Daily Aggregated,Maharashtra,ERA5-Land Temperature
2017-03-05,2017-03-12,10.0,2017,P005,20.832153156317954,77.06560453615967,Akola,normal,statewide,26.429808916364436,1,7,ERA5-Land Daily Aggregated,Maharashtra,ERA5-Land Temperature
2017-03-05,2017-03-12,10.0,2017,P006,20.834360411339407,76.87349308547405,Akola,normal,statewide,26.312295895531065,1,7,ERA5-Land Daily Aggregated,Maharashtra,ERA5-Land Temperature
2017-03-05,2017-03-12,10.0,2017,P007,21.014976299509232,76.87574047240498,Akola,normal,statewide,26.489937264578714,1,7,ERA5-Land Daily Aggregated,Maharashtra,ERA5-Land Temperature
2017-03-05,2017-03-12,10.0,2017,P008,20.828434266039377,77.35372489162701,Akola,normal,statewide,26.495029340471547,1,7,ERA5-Land Daily Aggregated,Maharashtra,ERA5-Land Temperature
2017-03-05,2017-03-12,10.0,2017,P009,21.360971327549258,77.94039543992572,Amravati,normal,statewide,25.910510181245343,1,7,ERA5-Land Daily Aggregated,Maharashtra,ERA5-Land Temperature
2017-03-05,2017-03-12,10.0,2017,P010,21.178803672212837,78.03301542790685,Amravati,normal,statewide,26.43254096621564,1,7,ERA5-Land Daily Aggregated,Maharashtra,ERA5-Land Temperature
2017-03-05,2017-03-12,10.0,2017,P011,20.814388097721018,78.21764450702477,Amravati,normal,statewide,26.772896248953714,1,7,ERA5-Land Daily Aggregated,Maharashtra,ERA5-Land Temperature
2017-03-05,2017-03-12,10.0,2017,P012,21.180502589714195,77.93681032267875,Amravati,normal,statewide,26.669834027971547,1,7,ERA5-Land Daily Aggregated,Maharashtra,ERA5-Land Temperature
2017-03-05,2017-03-12,10.0,2017,P013,20.031289688916964,74.8570519162974,Aurangabad,normal,statewide,24.562016877673898,1,7,ERA5-Land Daily Aggregated,Maharashtra,ERA5-Land Temperature
2017-03-05,2017-03-12,10.0,2017,P014,19.760185263069562,75.14270192978114,Aurangabad,normal,statewide,25.065399969191787,1,7,ERA5-Land Daily Aggregated,Maharashtra,ERA5-Land Temperature
2017-03-05,2017-03-12,10.0,2017,P015,19.9408189876436,74.76157364454102,Aurangabad,normal,statewide,24.485810125441844,1,7,ERA5-Land Daily Aggregated,Maharashtra,ERA5-Land Temperature
2017-03-05,2017-03-12,10.0,2017,P016,19.66981712112043,75.14262166596218,Aurangabad,normal,statewide,25.08931412469775,1,7,ERA5-Land Daily Aggregated,Maharashtra,ERA5-Land Temperature
2017-03-05,2017-03-12,10.0,2017,P017,21.04613203856966,79.85576216552393,Bhandara,normal,statewide,26.29763583228697,1,7,ERA5-Land Daily Aggregated,Maharashtra,ERA5-Land Temperature
2017-03-05,2017-03-12,10.0,2017,P018,21.31897105472685,79.76852877161537,Bhandara,normal,statewide,26.599486650739436,1,7,ERA5-Land Daily Aggregated,Maharashtra,ERA5-Land Temperature
2017-03-05,2017-03-12,10.0,2017,P019,21.40900922319803,79.77144948280537,Bhandara,normal,statewide,26.536230977376363,1,7,ERA5-Land Daily Aggregated,Maharashtra,ERA5-Land Temperature
2017-03-05,2017-03-12,10.0,2017,P020,21.144196588937042,79.57074980349083,Bhandara,normal,statewide,26.07323572067986,1,7,ERA5-Land Daily Aggregated,Maharashtra,ERA5-Land Temperature
2017-03-05,2017-03-12,10.0,2017,P021,18.67502288980403,75.52108340877234,Bid,normal,statewide,25.424914478120343,1,7,ERA5-Land Daily Aggregated,Maharashtra,ERA5-Land Temperature
2017-03-05,2017-03-12,10.0,2017,P022,18.856499384477168,75.04699178476999,Bid,normal,statewide,25.66326548258462,1,7,ERA5-Land Daily Aggregated,Maharashtra,ERA5-Land Temperature
2017-03-05,2017-03-12,10.0,2017,P023,19.126596053486494,75.6175605191647,Bid,normal,statewide,26.081827145531065,1,7,ERA5-Land Daily Aggregated,Maharashtra,ERA5-Land Temperature
2017-03-05,2017-03-12,10.0,2017,P024,18.763955201213946,75.90084720909012,Bid,normal,statewide,25.277209399995343,1,7,ERA5-Land Daily Aggregated,Maharashtra,ERA5-Land Temperature
2017-03-05,2017-03-12,10.0,2017,P025,20.93073496240753,76.20164478885242,Buldana,normal,statewide,25.485519481840583,1,7,ERA5-Land Daily Aggregated,Maharashtra,ERA5-Land Temperature
2017-03-05,2017-03-12,10.0,2017,P026,20.838939908121294,76.39311412898633,Buldana,normal,statewide,26.172333562941844,1,7,ERA5-Land Daily Aggregated,Maharashtra,ERA5-Land Temperature
2017-03-05,2017-03-12,10.0,2017,P027,20.657476790751314,76.48742857536776,Buldana,normal,statewide,26.299926103864436,1,7,ERA5-Land Daily Aggregated,Maharashtra,ERA5-Land Temperature
2017-03-05,2017-03-12,10.0,2017,P028,20.47967013624516,76.10222021266374,Buldana,normal,statewide,25.238867696126306,1,7,ERA5-Land Daily Aggregated,Maharashtra,ERA5-Land Temperature
2017-03-05,2017-03-12,10.0,2017,P029,20.32317798477448,79.92829390325927,Chandrapur,normal,statewide,27.023803056989436,1,7,ERA5-Land Daily Aggregated,Maharashtra,ERA5-Land Temperature
2017-03-05,2017-03-12,10.0,2017,P030,20.60872097983294,79.36304041732026,Chandrapur,normal,statewide,26.45354868570962,1,7,ERA5-Land Daily Aggregated,Maharashtra,ERA5-Land Temperature
2017-03-05,2017-03-12,10.0,2017,P031,20.511160307884595,79.64732594588165,Chandrapur,normal,statewide,26.662788827078714,1,7,ERA5-Land Daily Aggregated,Maharashtra,ERA5-Land Temperature
2017-03-05,2017-03-12,10.0,2017,P032,20.598621115946884,79.74569817422172,Chandrapur,normal,statewide,26.78573107038227,1,7,ERA5-Land Daily Aggregated,Maharashtra,ERA5-Land Temperature
2017-03-05,2017-03-12,10.0,2017,P033,21.38667804512237,75.14422248324037,Dhule,normal,statewide,25.462186613537085,1,7,ERA5-Land Daily Aggregated,Maharashtra,ERA5-Land Temperature
2017-03-05,2017-03-12,10.0,2017,P034,21.025151968113196,74.75989256344387,Dhule,normal,statewide,26.242564682733473,1,7,ERA5-Land Daily Aggregated,Maharashtra,ERA5-Land Temperature
2017-03-05,2017-03-12,10.0,2017,P035,21.477028350667293,74.85568743137505,Dhule,normal,statewide,25.430320449102567,1,7,ERA5-Land Daily Aggregated,Maharashtra,ERA5-Land Temperature
2017-03-05,2017-03-12,10.0,2017,P036,20.933820660336515,74.37533522949364,Dhule,normal,statewide,25.620308358328714,1,7,ERA5-Land Daily Aggregated,Maharashtra,ERA5-Land Temperature
2017-03-05,2017-03-12,10.0,2017,P037,19.963056524597132,79.91698116388667,Garhchiroli,normal,statewide,27.65828966413227,1,7,ERA5-Land Daily Aggregated,Maharashtra,ERA5-Land Temperature
2017-03-05,2017-03-12,10.0,2017,P038,19.062661462582188,79.88977172925856,Garhchiroli,normal,statewide,28.496889459519195,1,7,ERA5-Land Daily Aggregated,Maharashtra,ERA5-Land Temperature
2017-03-05,2017-03-12,10.0,2017,P039,19.510270485428137,79.9981368030594,Garhchiroli,normal,statewide,28.330490184965583,1,7,ERA5-Land Daily Aggregated,Maharashtra,ERA5-Land Temperature
2017-03-05,2017-03-12,10.0,2017,P040,19.870365190999156,80.00935144220881,Garhchiroli,normal,statewide,27.595185125441787,1,7,ERA5-Land Daily Aggregated,Maharashtra,ERA5-Land Temperature
2017-03-05,2017-03-12,10.0,2017,P041,21.127639946725598,80.1465044724107,Gondiya,normal,statewide,26.36190294538227,1,7,ERA5-Land Daily Aggregated,Maharashtra,ERA5-Land Temperature
2017-03-05,2017-03-12,10.0,2017,P042,21.397598383602258,80.15591763473452,Gondiya,normal,statewide,25.998749578566844,1,7,ERA5-Land Daily Aggregated,Maharashtra,ERA5-Land Temperature
2017-03-05,2017-03-12,10.0,2017,P043,21.574548890706154,80.25847249986273,Gondiya,normal,statewide,26.119366673060824,1,7,ERA5-Land Daily Aggregated,Maharashtra,ERA5-Land Temperature
2017-03-05,2017-03-12,10.0,2017,P044,21.211649410572516,80.34153217518526,Gondiya,normal,statewide,26.22266140892401,1,7,ERA5-Land Daily Aggregated,Maharashtra,ERA5-Land Temperature
2017-03-05,2017-03-12,10.0,2017,P045,19.655900266732623,77.2407892392464,Hingoli,normal,statewide,27.393769109816844,1,7,ERA5-Land Daily Aggregated,Maharashtra,ERA5-Land Temperature
2017-03-05,2017-03-12,10.0,2017,P046,19.566758377573187,77.1442675378435,Hingoli,normal,statewide,27.255864533923898,1,7,ERA5-Land Daily Aggregated,Maharashtra,ERA5-Land Temperature
2017-03-05,2017-03-12,10.0,2017,P047,19.47860194974656,76.9526242927685,Hingoli,normal,statewide,27.435366022019252,1,7,ERA5-Land Daily Aggregated,Maharashtra,ERA5-Land Temperature
2017-03-05,2017-03-12,10.0,2017,P048,19.927981235710728,77.14910120338544,Hingoli,normal,statewide,27.065748741513232,1,7,ERA5-Land Daily Aggregated,Maharashtra,ERA5-Land Temperature
2017-03-05,2017-03-12,10.0,2017,P049,21.292738163229433,76.10816865346904,Jalgaon,normal,statewide,25.860031200590583,1,7,ERA5-Land Daily Aggregated,Maharashtra,ERA5-Land Temperature
2017-03-05,2017-03-12,10.0,2017,P050,21.386178625804387,75.43363151891216,Jalgaon,normal,statewide,23.88796786353697,1,7,ERA5-Land Daily Aggregated,Maharashtra,ERA5-Land Temperature
2017-03-05,2017-03-12,10.0,2017,P051,21.112064306745907,76.10682200495089,Jalgaon,normal,statewide,25.369262041364436,1,7,ERA5-Land Daily Aggregated,Maharashtra,ERA5-Land Temperature
2017-03-05,2017-03-12,10.0,2017,P052,20.844437979720194,75.23982115072519,Jalgaon,normal,statewide,25.752202424548898,1,7,ERA5-Land Daily Aggregated,Maharashtra,ERA5-Land Temperature
2017-03-05,2017-03-12,10.0,2017,P053,19.486369703781666,76.00005328932718,Jalna,normal,statewide,26.194329470679918,1,7,ERA5-Land Daily Aggregated,Maharashtra,ERA5-Land Temperature
2017-03-05,2017-03-12,10.0,2017,P054,20.028502750758555,76.00343774702675,Jalna,normal,statewide,26.282138715471547,1,7,ERA5-Land Daily Aggregated,Maharashtra,ERA5-Land Temperature
2017-03-05,2017-03-12,10.0,2017,P055,19.75743845682064,76.00172991132328,Jalna,normal,statewide,26.168183172316787,1,7,ERA5-Land Daily Aggregated,Maharashtra,ERA5-Land Temperature
2017-03-05,2017-03-12,10.0,2017,P056,19.57768317515413,75.80993951591351,Jalna,normal,statewide,26.117006647019195,1,7,ERA5-Land Daily Aggregated,Maharashtra,ERA5-Land Temperature
2017-03-05,2017-03-12,10.0,2017,P057,16.776377793156257,74.29671235971928,Kolhapur,normal,statewide,24.5450316656204,1,7,ERA5-Land Daily Aggregated,Maharashtra,ERA5-Land Temperature
2017-03-05,2017-03-12,10.0,2017,P058,16.324416687682138,74.29834884980589,Kolhapur,normal,statewide,24.6270629156204,1,7,ERA5-Land Daily Aggregated,Maharashtra,ERA5-Land Temperature
2017-03-05,2017-03-12,10.0,2017,P059,16.595891218916975,74.39111598812178,Kolhapur,normal,statewide,24.872226606096547,1,7,ERA5-Land Daily Aggregated,Maharashtra,ERA5-Land Temperature
2017-03-05,2017-03-12,10.0,2017,P060,16.414811584237594,74.29802779453004,Kolhapur,normal,statewide,24.84503399076914,1,7,ERA5-Land Daily Aggregated,Maharashtra,ERA5-Land Temperature
2017-03-05,2017-03-12,10.0,2017,P086,21.054127206758487,79.56798961993874,Nagpur,normal,statewide,26.013804917108416,1,7,ERA5-Land Daily Aggregated,Maharashtra,ERA5-Land Temperature
2017-03-05,2017-03-12,10.0,2017,P087,21.146765031143822,79.47473643960802,Nagpur,normal,statewide,26.00553901309064,1,7,ERA5-Land Daily Aggregated,Maharashtra,ERA5-Land Temperature
2017-03-05,2017-03-12,10.0,2017,P088,21.347803602138427,78.61442869606356,Nagpur,normal,statewide,25.61879701160251,1,7,ERA5-Land Daily Aggregated,Maharashtra,ERA5-Land Temperature
2017-03-05,2017-03-12,10.0,2017,P089,21.165377318940912,78.70615240473293,Nagpur,normal,statewide,26.08745400565016,1,7,ERA5-Land Daily Aggregated,Maharashtra,ERA5-Land Temperature
2017-03-05,2017-03-12,10.0,2017,P090,19.201968238592887,77.42470040309472,Nanded,normal,statewide,27.21023348853697,1,7,ERA5-Land Daily Aggregated,Maharashtra,ERA5-Land Temperature
2017-03-05,2017-03-12,10.0,2017,P091,18.566038000956755,77.69963965584807,Nanded,normal,statewide,27.669985162644195,1,7,ERA5-Land Daily Aggregated,Maharashtra,ERA5-Land Temperature
2017-03-05,2017-03-12,10.0,2017,P092,19.736596618496833,77.90946265591798,Nanded,normal,statewide,27.488414292108473,1,7,ERA5-Land Daily Aggregated,Maharashtra,ERA5-Land Temperature
2017-03-05,2017-03-12,10.0,2017,P093,18.93564842817583,77.04115528508362,Nanded,normal,statewide,27.377051289876306,1,7,ERA5-Land Daily Aggregated,Maharashtra,ERA5-Land Temperature
2017-03-05,2017-03-12,10.0,2017,P094,21.564917232430716,74.08292967791392,Nandurbar,normal,statewide,24.53102264404299,1,7,ERA5-Land Daily Aggregated,Maharashtra,ERA5-Land Temperature
2017-03-05,2017-03-12,10.0,2017,P095,21.5662594218478,74.37266422796263,Nandurbar,normal,statewide,25.863925824846547,1,7,ERA5-Land Daily Aggregated,Maharashtra,ERA5-Land Temperature
2017-03-05,2017-03-12,10.0,2017,P096,21.385179787168415,74.27697637845674,Nandurbar,normal,statewide,25.147989254906065,1,7,ERA5-Land Daily Aggregated,Maharashtra,ERA5-Land Temperature
2017-03-05,2017-03-12,10.0,2017,P097,21.565421110849755,74.17950488852946,Nandurbar,normal,statewide,25.065411594935824,1,7,ERA5-Land Daily Aggregated,Maharashtra,ERA5-Land Temperature
2017-03-05,2017-03-12,10.0,2017,P098,20.299553667393326,73.99482675929994,Nashik,normal,statewide,22.368169221423898,1,7,ERA5-Land Daily Aggregated,Maharashtra,ERA5-Land Temperature
2017-03-05,2017-03-12,10.0,2017,P099,20.120253214034264,74.28296495117151,Nashik,normal,statewide,23.628248741513232,1,7,ERA5-Land Daily Aggregated,Maharashtra,ERA5-Land Temperature
2017-03-05,2017-03-12,10.0,2017,P100,20.389903972938242,73.99424261706194,Nashik,normal,statewide,22.16555575416197,1,7,ERA5-Land Daily Aggregated,Maharashtra,ERA5-Land Temperature
2017-03-05,2017-03-12,10.0,2017,P101,20.029015547379707,74.09216447619562,Nashik,normal,statewide,23.475137692406122,1,7,ERA5-Land Daily Aggregated,Maharashtra,ERA5-Land Temperature
2017-03-05,2017-03-12,10.0,2017,P102,17.85749130266526,76.36802722645965,Osmanabad,normal,statewide,26.58196665445962,1,7,ERA5-Land Daily Aggregated,Maharashtra,ERA5-Land Temperature
2017-03-05,2017-03-12,10.0,2017,P103,17.76644983645705,76.46164605307673,Osmanabad,normal,statewide,26.78199920654299,1,7,ERA5-Land Daily Aggregated,Maharashtra,ERA5-Land Temperature
2017-03-05,2017-03-12,10.0,2017,P104,17.949094615606196,76.17989775301476,Osmanabad,normal,statewide,26.667055475144195,1,7,ERA5-Land Daily Aggregated,Maharashtra,ERA5-Land Temperature
2017-03-05,2017-03-12,10.0,2017,P105,18.584360447185368,75.61558067829696,Osmanabad,normal,statewide,25.623086911156065,1,7,ERA5-Land Daily Aggregated,Maharashtra,ERA5-Land Temperature
2017-03-05,2017-03-12,10.0,2017,P106,19.031389786894366,76.47235681380711,Parbhani,normal,statewide,26.696422104608473,1,7,ERA5-Land Daily Aggregated,Maharashtra,ERA5-Land Temperature
2017-03-05,2017-03-12,10.0,2017,P107,19.120950831552832,76.56820519095093,Parbhani,normal,statewide,26.447503298804918,1,7,ERA5-Land Daily Aggregated,Maharashtra,ERA5-Land Temperature
2017-03-05,2017-03-12,10.0,2017,P108,19.208625676465683,76.85432786914635,Parbhani,normal,statewide,27.075177219935824,1,7,ERA5-Land Daily Aggregated,Maharashtra,ERA5-Land Temperature
2017-03-05,2017-03-12,10.0,2017,P109,19.212081479782103,76.47396209018636,Parbhani,normal,statewide,26.35860123407275,1,7,ERA5-Land Daily Aggregated,Maharashtra,ERA5-Land Temperature
2017-03-05,2017-03-12,10.0,2017,P110,18.133442771357757,75.04679558432363,Pune,normal,statewide,26.055704098656065,1,7,ERA5-Land Daily Aggregated,Maharashtra,ERA5-Land Temperature
2017-03-05,2017-03-12,10.0,2017,P111,18.584645829652782,74.47919215212944,Pune,normal,statewide,24.88216661725727,1,7,ERA5-Land Daily Aggregated,Maharashtra,ERA5-Land Temperature
2017-03-05,2017-03-12,10.0,2017,P112,18.132979024848197,74.57507620208169,Pune,normal,statewide,25.339790780203714,1,7,ERA5-Land Daily Aggregated,Maharashtra,ERA5-Land Temperature
2017-03-05,2017-03-12,10.0,2017,P113,18.314072036830744,74.76389683618987,Pune,normal,statewide,26.214965166364436,1,7,ERA5-Land Daily Aggregated,Maharashtra,ERA5-Land Temperature
2017-03-05,2017-03-12,10.0,2017,P114,18.48503397121986,73.0589238755964,Raigarh,normal,statewide,24.410010274251306,1,7,ERA5-Land Daily Aggregated,Maharashtra,ERA5-Land Temperature
2017-03-05,2017-03-12,10.0,2017,P115,18.665689991299164,73.05687714821288,Raigarh,normal,statewide,24.68376166934064,1,7,ERA5-Land Daily Aggregated,Maharashtra,ERA5-Land Temperature
2017-03-05,2017-03-12,10.0,2017,P116,18.306197264370358,73.25009891506079,Raigarh,normal,statewide,24.836605326334677,1,7,ERA5-Land Daily Aggregated,Maharashtra,ERA5-Land Temperature
2017-03-05,2017-03-12,10.0,2017,P117,18.21404102289879,73.06194714611064,Raigarh,normal,statewide,24.52093149820962,1,7,ERA5-Land Daily Aggregated,Maharashtra,ERA5-Land Temperature
2017-03-05,2017-03-12,10.0,2017,P118,17.138719885658215,75.42259970290594,Sangli,normal,statewide,28.040683637346547,1,7,ERA5-Land Daily Aggregated,Maharashtra,ERA5-Land Temperature
2017-03-05,2017-03-12,10.0,2017,P119,17.048761981005992,74.95348443567921,Sangli,normal,statewide,26.39765210832877,1,7,ERA5-Land Daily Aggregated,Maharashtra,ERA5-Land Temperature
2017-03-05,2017-03-12,10.0,2017,P120,16.86707144948229,74.39025538161847,Sangli,normal,statewide,24.525767807733473,1,7,ERA5-Land Daily Aggregated,Maharashtra,ERA5-Land Temperature
2017-03-05,2017-03-12,10.0,2017,P121,17.048503353144895,74.67157114887826,Sangli,normal,statewide,25.419043477376306,1,7,ERA5-Land Daily Aggregated,Maharashtra,ERA5-Land Temperature
2017-03-05,2017-03-12,10.0,2017,P148,17.67852974098626,76.08383979812143,Solapur,normal,statewide,28.07821153913227,1,7,ERA5-Land Daily Aggregated,Maharashtra,ERA5-Land Temperature
2017-03-05,2017-03-12,10.0,2017,P149,18.223365003201543,75.4251413905064,Solapur,normal,statewide,27.31185411725727,1,7,ERA5-Land Daily Aggregated,Maharashtra,ERA5-Land Temperature
2017-03-05,2017-03-12,10.0,2017,P150,17.952532582518405,75.23562067753285,Solapur,normal,statewide,27.172112673804918,1,7,ERA5-Land Daily Aggregated,Maharashtra,ERA5-Land Temperature
2017-03-05,2017-03-12,10.0,2017,P151,18.223690517578447,75.23598186471818,Solapur,normal,statewide,27.022198704310824,1,7,ERA5-Land Daily Aggregated,Maharashtra,ERA5-Land Temperature
2017-03-05,2017-03-12,10.0,2017,P152,19.658178867370932,72.94986318203122,Thane,normal,statewide,25.436133321126363,1,7,ERA5-Land Daily Aggregated,Maharashtra,ERA5-Land Temperature
2017-03-05,2017-03-12,10.0,2017,P153,19.65706409210757,72.8545320606096,Thane,normal,statewide,25.067120579310824,1,7,ERA5-Land Daily Aggregated,Maharashtra,ERA5-Land Temperature
2017-03-05,2017-03-12,10.0,2017,P154,19.477549601897948,72.95214624177059,Thane,normal,statewide,25.08723311651329,1,7,ERA5-Land Daily Aggregated,Maharashtra,ERA5-Land Temperature
2017-03-05,2017-03-12,10.0,2017,P155,19.83987385799569,73.0429959666335,Thane,normal,statewide,24.834721955798898,1,7,ERA5-Land Daily Aggregated,Maharashtra,ERA5-Land Temperature
2017-03-05,2017-03-12,10.0,2017,P156,20.806749657616468,78.60135461177485,Wardha,normal,statewide,26.455141412644195,1,7,ERA5-Land Daily Aggregated,Maharashtra,ERA5-Land Temperature
2017-03-05,2017-03-12,10.0,2017,P157,20.71031267913359,78.88671032458906,Wardha,normal,statewide,26.519687543596547,1,7,ERA5-Land Daily Aggregated,Maharashtra,ERA5-Land Temperature
2017-03-05,2017-03-12,10.0,2017,P158,21.081265295769754,78.41565980750515,Wardha,normal,statewide,25.94514327276329,1,7,ERA5-Land Daily Aggregated,Maharashtra,ERA5-Land Temperature
2017-03-05,2017-03-12,10.0,2017,P159,20.439854822938944,78.87986114537097,Wardha,normal,statewide,26.76296786353697,1,7,ERA5-Land Daily Aggregated,Maharashtra,ERA5-Land Temperature
2017-03-05,2017-03-12,10.0,2017,P160,20.289186257444058,77.15404188735265,Washim,normal,statewide,26.666416059221547,1,7,ERA5-Land Daily Aggregated,Maharashtra,ERA5-Land Temperature
2017-03-05,2017-03-12,10.0,2017,P161,20.464607292886615,77.53975858757677,Washim,normal,statewide,27.029732186453714,1,7,ERA5-Land Daily Aggregated,Maharashtra,ERA5-Land Temperature
2017-03-05,2017-03-12,10.0,2017,P162,20.107393166596125,77.2471479173486,Washim,normal,statewide,26.786347234816844,1,7,ERA5-Land Daily Aggregated,Maharashtra,ERA5-Land Temperature
2017-03-05,2017-03-12,10.0,2017,P163,20.198885002010726,77.1527933390577,Washim,normal,statewide,26.629783339727567,1,7,ERA5-Land Daily Aggregated,Maharashtra,ERA5-Land Temperature
2017-03-05,2017-03-12,10.0,2017,P164,20.182854533723592,78.20447678161395,Yavatmal,normal,statewide,27.499726141066844,1,7,ERA5-Land Daily Aggregated,Maharashtra,ERA5-Land Temperature
2017-03-05,2017-03-12,10.0,2017,P165,19.894658373538324,79.05709703494229,Yavatmal,normal,statewide,27.683226885114436,1,7,ERA5-Land Daily Aggregated,Maharashtra,ERA5-Land Temperature
2017-03-05,2017-03-12,10.0,2017,P166,19.468787468327925,77.71426550730338,Yavatmal,normal,statewide,27.642827424548898,1,7,ERA5-Land Daily Aggregated,Maharashtra,ERA5-Land Temperature
2017-03-05,2017-03-12,10.0,2017,P167,19.559057510053886,77.71577268345945,Yavatmal,normal,statewide,27.34072083972751,1,7,ERA5-Land Daily Aggregated,Maharashtra,ERA5-Land Temperature
2017-03-12,2017-03-19,11.0,2017,P147,17.927231643141155,73.94769852026607,Satara,case_study,case_study,24.711757641746885,1,7,ERA5-Land Daily Aggregated,Maharashtra,ERA5-Land Temperature
2017-03-12,2017-03-19,11.0,2017,P061,18.507855650411397,76.91766048140843,Latur,high,priority,26.143235506330257,1,7,ERA5-Land Daily Aggregated,Maharashtra,ERA5-Land Temperature
2017-03-12,2017-03-19,11.0,2017,P062,18.422405896924207,76.3487594508077,Latur,high,priority,25.708676819574293,1,7,ERA5-Land Daily Aggregated,Maharashtra,ERA5-Land Temperature
2017-03-12,2017-03-19,11.0,2017,P063,18.235391198742693,77.05646783810116,Latur,high,priority,25.70081781659809,1,7,ERA5-Land Daily Aggregated,Maharashtra,ERA5-Land Temperature
2017-03-12,2017-03-19,11.0,2017,P064,18.193056493341274,76.77240080549139,Latur,high,priority,25.868960952758812,1,7,ERA5-Land Daily Aggregated,Maharashtra,ERA5-Land Temperature
2017-03-12,2017-03-19,11.0,2017,P065,18.331355512513895,76.44266811899327,Latur,high,priority,25.777454721360016,1,7,ERA5-Land Daily Aggregated,Maharashtra,ERA5-Land Temperature
2017-03-12,2017-03-19,11.0,2017,P066,18.104739537876725,76.5352970251765,Latur,high,priority,25.574004200526645,1,7,ERA5-Land Daily Aggregated,Maharashtra,ERA5-Land Temperature
2017-03-12,2017-03-19,11.0,2017,P067,18.280552974211986,77.0569984711265,Latur,high,priority,25.70081781659809,1,7,ERA5-Land Daily Aggregated,Maharashtra,ERA5-Land Temperature
2017-03-12,2017-03-19,11.0,2017,P068,18.101823285787773,76.86595720469373,Latur,high,priority,25.91624285380044,1,7,ERA5-Land Daily Aggregated,Maharashtra,ERA5-Land Temperature
2017-03-12,2017-03-19,11.0,2017,P069,18.595075667016793,77.20284228928156,Latur,high,priority,26.277582604544534,1,7,ERA5-Land Daily Aggregated,Maharashtra,ERA5-Land Temperature
2017-03-12,2017-03-19,11.0,2017,P070,18.41499041187233,77.15322587185987,Latur,high,priority,26.22448783147911,1,7,ERA5-Land Daily Aggregated,Maharashtra,ERA5-Land Temperature
2017-03-12,2017-03-19,11.0,2017,P071,18.149138807065885,76.63019561379593,Latur,high,priority,25.718349438621885,1,7,ERA5-Land Daily Aggregated,Maharashtra,ERA5-Land Temperature
2017-03-12,2017-03-19,11.0,2017,P072,18.283393421583035,76.77331492120734,Latur,high,priority,25.99119402567544,1,7,ERA5-Land Daily Aggregated,Maharashtra,ERA5-Land Temperature
2017-03-12,2017-03-19,11.0,2017,P073,17.966315663874607,76.86453029235662,Latur,high,priority,26.237415658860016,1,7,ERA5-Land Daily Aggregated,Maharashtra,ERA5-Land Temperature
2017-03-12,2017-03-19,11.0,2017,P074,18.50832831512306,76.870318205524,Latur,high,priority,26.104928679693387,1,7,ERA5-Land Daily Aggregated,Maharashtra,ERA5-Land Temperature
2017-03-12,2017-03-19,11.0,2017,P075,18.41444640154381,77.20053247493588,Latur,high,priority,26.26884004502068,1,7,ERA5-Land Daily Aggregated,Maharashtra,ERA5-Land Temperature
2017-03-12,2017-03-19,11.0,2017,P076,18.377877313804504,76.25376722106614,Latur,high,priority,25.46567551749098,1,7,ERA5-Land Daily Aggregated,Maharashtra,ERA5-Land Temperature
2017-03-12,2017-03-19,11.0,2017,P077,18.059564385104267,76.5349046242838,Latur,high,priority,25.71235055469333,1,7,ERA5-Land Daily Aggregated,Maharashtra,ERA5-Land Temperature
2017-03-12,2017-03-19,11.0,2017,P078,18.1008824154655,76.96042326051098,Latur,high,priority,25.915010524931404,1,7,ERA5-Land Daily Aggregated,Maharashtra,ERA5-Land Temperature
2017-03-12,2017-03-19,11.0,2017,P079,18.73508698099394,76.77797468180819,Latur,high,priority,26.04759051005044,1,7,ERA5-Land Daily Aggregated,Maharashtra,ERA5-Land Temperature
2017-03-12,2017-03-19,11.0,2017,P080,18.46791548227568,76.3017694439065,Latur,high,priority,25.708676819574293,1,7,ERA5-Land Daily Aggregated,Maharashtra,ERA5-Land Temperature
2017-03-12,2017-03-19,11.0,2017,P081,18.10355787609756,76.67701617485712,Latur,high,priority,25.718349438621885,1,7,ERA5-Land Daily Aggregated,Maharashtra,ERA5-Land Temperature
2017-03-12,2017-03-19,11.0,2017,P082,18.23907887531389,76.67830931416262,Latur,high,priority,25.86694969903857,1,7,ERA5-Land Daily Aggregated,Maharashtra,ERA5-Land Temperature
2017-03-12,2017-03-19,11.0,2017,P083,18.369289085175563,77.19996171000103,Latur,high,priority,25.983172262282608,1,7,ERA5-Land Daily Aggregated,Maharashtra,ERA5-Land Temperature
2017-03-12,2017-03-19,11.0,2017,P084,18.46362582706226,76.82249880582684,Latur,high,priority,25.88510911124098,1,7,ERA5-Land Daily Aggregated,Maharashtra,ERA5-Land Temperature
2017-03-12,2017-03-19,11.0,2017,P085,18.14788579966987,76.77194597718393,Latur,high,priority,25.868960952758812,1,7,ERA5-Land Daily Aggregated,Maharashtra,ERA5-Land Temperature
2017-03-12,2017-03-19,11.0,2017,P122,17.88145897082753,73.8441448165019,Satara,high,priority,24.73274210975279,1,7,ERA5-Land Daily Aggregated,Maharashtra,ERA5-Land Temperature
2017-03-12,2017-03-19,11.0,2017,P123,17.386414030975025,74.27088970551878,Satara,high,priority,25.363938631330257,1,7,ERA5-Land Daily Aggregated,Maharashtra,ERA5-Land Temperature
2017-03-12,2017-03-19,11.0,2017,P124,17.43262815429294,74.647353771057,Satara,high,priority,27.037999271211163,1,7,ERA5-Land Daily Aggregated,Maharashtra,ERA5-Land Temperature
2017-03-12,2017-03-19,11.0,2017,P125,17.56734651531964,74.31728219287884,Satara,high,priority,26.023804237729053,1,7,ERA5-Land Daily Aggregated,Maharashtra,ERA5-Land Temperature
2017-03-12,2017-03-19,11.0,2017,P126,17.205080227535593,74.13053949986157,Satara,high,priority,25.41800996689568,1,7,ERA5-Land Daily Aggregated,Maharashtra,ERA5-Land Temperature
2017-03-12,2017-03-19,11.0,2017,P127,17.65773249367299,74.31694330119876,Satara,high,priority,25.760306748889718,1,7,ERA5-Land Daily Aggregated,Maharashtra,ERA5-Land Temperature
2017-03-12,2017-03-19,11.0,2017,P128,18.019949731345452,74.5517328080669,Satara,high,priority,27.497332418532608,1,7,ERA5-Land Daily Aggregated,Maharashtra,ERA5-Land Temperature
2017-03-12,2017-03-19,11.0,2017,P129,18.063234225271252,74.03192648006461,Satara,high,priority,25.990101205735016,1,7,ERA5-Land Daily Aggregated,Maharashtra,ERA5-Land Temperature
2017-03-12,2017-03-19,11.0,2017,P130,17.61135784271715,74.03436560834085,Satara,high,priority,25.613566607520738,1,7,ERA5-Land Daily Aggregated,Maharashtra,ERA5-Land Temperature
2017-03-12,2017-03-19,11.0,2017,P131,17.612539504496315,74.3171127470388,Satara,high,priority,25.760306748889718,1,7,ERA5-Land Daily Aggregated,Maharashtra,ERA5-Land Temperature
2017-03-12,2017-03-19,11.0,2017,P132,17.702176353872684,74.12817617630324,Satara,high,priority,25.10627726600279,1,7,ERA5-Land Daily Aggregated,Maharashtra,ERA5-Land Temperature
2017-03-12,2017-03-19,11.0,2017,P133,17.25006363896275,74.08329532420031,Satara,high,priority,25.560390454246885,1,7,ERA5-Land Daily Aggregated,Maharashtra,ERA5-Land Temperature
2017-03-12,2017-03-19,11.0,2017,P134,17.476429903940936,74.17634784498362,Satara,high,priority,25.051589766002905,1,7,ERA5-Land Daily Aggregated,Maharashtra,ERA5-Land Temperature
2017-03-12,2017-03-19,11.0,2017,P135,17.882716437324603,74.0801070669471,Satara,high,priority,24.64234032403857,1,7,ERA5-Land Daily Aggregated,Maharashtra,ERA5-Land Temperature
2017-03-12,2017-03-19,11.0,2017,P136,17.928520323345598,74.22149178404871,Satara,high,priority,26.85966035752068,1,7,ERA5-Land Daily Aggregated,Maharashtra,ERA5-Land Temperature
2017-03-12,2017-03-19,11.0,2017,P137,17.746687100588183,73.98648378122894,Satara,high,priority,24.97730126153857,1,7,ERA5-Land Daily Aggregated,Maharashtra,ERA5-Land Temperature
2017-03-12,2017-03-19,11.0,2017,P138,17.61269557303319,74.36423652697161,Satara,high,priority,25.760306748889718,1,7,ERA5-Land Daily Aggregated,Maharashtra,ERA5-Land Temperature
2017-03-12,2017-03-19,11.0,2017,P139,17.656773786946495,74.08126197411994,Satara,high,priority,25.613566607520738,1,7,ERA5-Land Daily Aggregated,Maharashtra,ERA5-Land Temperature
2017-03-12,2017-03-19,11.0,2017,P140,17.97464080554139,74.50462240543725,Satara,high,priority,27.589884966895738,1,7,ERA5-Land Daily Aggregated,Maharashtra,ERA5-Land Temperature
2017-03-12,2017-03-19,11.0,2017,P141,17.430826677467348,74.08239904488856,Satara,high,priority,25.088199234008812,1,7,ERA5-Land Daily Aggregated,Maharashtra,ERA5-Land Temperature
2017-03-12,2017-03-19,11.0,2017,P142,18.064447100757786,74.31538707493111,Satara,high,priority,27.20996727716357,1,7,ERA5-Land Daily Aggregated,Maharashtra,ERA5-Land Temperature
2017-03-12,2017-03-19,11.0,2017,P143,17.70379500755509,74.6468275971327,Satara,high,priority,27.201457232520738,1,7,ERA5-Land Daily Aggregated,Maharashtra,ERA5-Land Temperature
2017-03-12,2017-03-19,11.0,2017,P144,17.929452275465767,74.50474726026674,Satara,high,priority,27.589884966895738,1,7,ERA5-Land Daily Aggregated,Maharashtra,ERA5-Land Temperature
2017-03-12,2017-03-19,11.0,2017,P145,17.47773196144854,74.60017202281048,Satara,high,priority,26.83982683817544,1,7,ERA5-Land Daily Aggregated,Maharashtra,ERA5-Land Temperature
2017-03-12,2017-03-19,11.0,2017,P146,17.839182233739812,74.55218763637436,Satara,high,priority,27.003226670764718,1,7,ERA5-Land Daily Aggregated,Maharashtra,ERA5-Land Temperature
2017-03-12,2017-03-19,11.0,2017,P001,19.940457800458272,74.57045211428928,Ahmednagar,normal,statewide,25.604800796508812,1,7,ERA5-Land Daily Aggregated,Maharashtra,ERA5-Land Temperature
2017-03-12,2017-03-19,11.0,2017,P002,18.946729294293643,74.76302285238339,Ahmednagar,normal,statewide,26.493158776419534,1,7,ERA5-Land Daily Aggregated,Maharashtra,ERA5-Land Temperature
2017-03-12,2017-03-19,11.0,2017,P003,18.49469238410162,74.66892244285252,Ahmednagar,normal,statewide,27.399594788324237,1,7,ERA5-Land Daily Aggregated,Maharashtra,ERA5-Land Temperature
2017-03-12,2017-03-19,11.0,2017,P004,19.03720445466806,75.1420731965326,Ahmednagar,normal,statewide,25.654593858264718,1,7,ERA5-Land Daily Aggregated,Maharashtra,ERA5-Land Temperature
2017-03-12,2017-03-19,11.0,2017,P005,20.832153156317954,77.06560453615967,Akola,normal,statewide,26.241473043532665,1,7,ERA5-Land Daily Aggregated,Maharashtra,ERA5-Land Temperature
2017-03-12,2017-03-19,11.0,2017,P006,20.834360411339407,76.87349308547405,Akola,normal,statewide,26.274699420020738,1,7,ERA5-Land Daily Aggregated,Maharashtra,ERA5-Land Temperature
2017-03-12,2017-03-19,11.0,2017,P007,21.014976299509232,76.87574047240498,Akola,normal,statewide,26.36690319606231,1,7,ERA5-Land Daily Aggregated,Maharashtra,ERA5-Land Temperature
2017-03-12,2017-03-19,11.0,2017,P008,20.828434266039377,77.35372489162701,Akola,normal,statewide,26.325945699782608,1,7,ERA5-Land Daily Aggregated,Maharashtra,ERA5-Land Temperature
2017-03-12,2017-03-19,11.0,2017,P009,21.360971327549258,77.94039543992572,Amravati,normal,statewide,25.770700164068387,1,7,ERA5-Land Daily Aggregated,Maharashtra,ERA5-Land Temperature
2017-03-12,2017-03-19,11.0,2017,P010,21.178803672212837,78.03301542790685,Amravati,normal,statewide,26.291917146955257,1,7,ERA5-Land Daily Aggregated,Maharashtra,ERA5-Land Temperature
2017-03-12,2017-03-19,11.0,2017,P011,20.814388097721018,78.21764450702477,Amravati,normal,statewide,26.544602693830257,1,7,ERA5-Land Daily Aggregated,Maharashtra,ERA5-Land Temperature
2017-03-12,2017-03-19,11.0,2017,P012,21.180502589714195,77.93681032267875,Amravati,normal,statewide,26.555961045764718,1,7,ERA5-Land Daily Aggregated,Maharashtra,ERA5-Land Temperature
2017-03-12,2017-03-19,11.0,2017,P013,20.031289688916964,74.8570519162974,Aurangabad,normal,statewide,25.700655056181404,1,7,ERA5-Land Daily Aggregated,Maharashtra,ERA5-Land Temperature
2017-03-12,2017-03-19,11.0,2017,P014,19.760185263069562,75.14270192978114,Aurangabad,normal,statewide,26.159941700526645,1,7,ERA5-Land Daily Aggregated,Maharashtra,ERA5-Land Temperature
2017-03-12,2017-03-19,11.0,2017,P015,19.9408189876436,74.76157364454102,Aurangabad,normal,statewide,25.781488854544534,1,7,ERA5-Land Daily Aggregated,Maharashtra,ERA5-Land Temperature
2017-03-12,2017-03-19,11.0,2017,P016,19.66981712112043,75.14262166596218,Aurangabad,normal,statewide,26.131958534604053,1,7,ERA5-Land Daily Aggregated,Maharashtra,ERA5-Land Temperature
2017-03-12,2017-03-19,11.0,2017,P017,21.04613203856966,79.85576216552393,Bhandara,normal,statewide,26.053973043532665,1,7,ERA5-Land Daily Aggregated,Maharashtra,ERA5-Land Temperature
2017-03-12,2017-03-19,11.0,2017,P018,21.31897105472685,79.76852877161537,Bhandara,normal,statewide,26.515561585199293,1,7,ERA5-Land Daily Aggregated,Maharashtra,ERA5-Land Temperature
2017-03-12,2017-03-19,11.0,2017,P019,21.40900922319803,79.77144948280537,Bhandara,normal,statewide,26.506900405883812,1,7,ERA5-Land Daily Aggregated,Maharashtra,ERA5-Land Temperature
2017-03-12,2017-03-19,11.0,2017,P020,21.144196588937042,79.57074980349083,Bhandara,normal,statewide,26.20493332999098,1,7,ERA5-Land Daily Aggregated,Maharashtra,ERA5-Land Temperature
2017-03-12,2017-03-19,11.0,2017,P021,18.67502288980403,75.52108340877234,Bid,normal,statewide,25.526664170764832,1,7,ERA5-Land Daily Aggregated,Maharashtra,ERA5-Land Temperature
2017-03-12,2017-03-19,11.0,2017,P022,18.856499384477168,75.04699178476999,Bid,normal,statewide,26.608544286092183,1,7,ERA5-Land Daily Aggregated,Maharashtra,ERA5-Land Temperature
2017-03-12,2017-03-19,11.0,2017,P023,19.126596053486494,75.6175605191647,Bid,normal,statewide,26.077956953502905,1,7,ERA5-Land Daily Aggregated,Maharashtra,ERA5-Land Temperature
2017-03-12,2017-03-19,11.0,2017,P024,18.763955201213946,75.90084720909012,Bid,normal,statewide,24.910836882818387,1,7,ERA5-Land Daily Aggregated,Maharashtra,ERA5-Land Temperature
2017-03-12,2017-03-19,11.0,2017,P025,20.93073496240753,76.20164478885242,Buldana,normal,statewide,25.693470346360016,1,7,ERA5-Land Daily Aggregated,Maharashtra,ERA5-Land Temperature
2017-03-12,2017-03-19,11.0,2017,P026,20.838939908121294,76.39311412898633,Buldana,normal,statewide,26.354045123145738,1,7,ERA5-Land Daily Aggregated,Maharashtra,ERA5-Land Temperature
2017-03-12,2017-03-19,11.0,2017,P027,20.657476790751314,76.48742857536776,Buldana,normal,statewide,26.509272057669534,1,7,ERA5-Land Daily Aggregated,Maharashtra,ERA5-Land Temperature
2017-03-12,2017-03-19,11.0,2017,P028,20.47967013624516,76.10222021266374,Buldana,normal,statewide,25.55403117225279,1,7,ERA5-Land Daily Aggregated,Maharashtra,ERA5-Land Temperature
2017-03-12,2017-03-19,11.0,2017,P029,20.32317798477448,79.92829390325927,Chandrapur,normal,statewide,26.617496109008812,1,7,ERA5-Land Daily Aggregated,Maharashtra,ERA5-Land Temperature
2017-03-12,2017-03-19,11.0,2017,P030,20.60872097983294,79.36304041732026,Chandrapur,normal,statewide,26.22263933817544,1,7,ERA5-Land Daily Aggregated,Maharashtra,ERA5-Land Temperature
2017-03-12,2017-03-19,11.0,2017,P031,20.511160307884595,79.64732594588165,Chandrapur,normal,statewide,26.351010803949237,1,7,ERA5-Land Daily Aggregated,Maharashtra,ERA5-Land Temperature
2017-03-12,2017-03-19,11.0,2017,P032,20.598621115946884,79.74569817422172,Chandrapur,normal,statewide,26.36167161124098,1,7,ERA5-Land Daily Aggregated,Maharashtra,ERA5-Land Temperature
2017-03-12,2017-03-19,11.0,2017,P033,21.38667804512237,75.14422248324037,Dhule,normal,statewide,25.83363031659809,1,7,ERA5-Land Daily Aggregated,Maharashtra,ERA5-Land Temperature
2017-03-12,2017-03-19,11.0,2017,P034,21.025151968113196,74.75989256344387,Dhule,normal,statewide,26.849673843383812,1,7,ERA5-Land Daily Aggregated,Maharashtra,ERA5-Land Temperature
2017-03-12,2017-03-19,11.0,2017,P035,21.477028350667293,74.85568743137505,Dhule,normal,statewide,25.963989784604053,1,7,ERA5-Land Daily Aggregated,Maharashtra,ERA5-Land Temperature
2017-03-12,2017-03-19,11.0,2017,P036,20.933820660336515,74.37533522949364,Dhule,normal,statewide,26.696434911092126,1,7,ERA5-Land Daily Aggregated,Maharashtra,ERA5-Land Temperature
2017-03-12,2017-03-19,11.0,2017,P037,19.963056524597132,79.91698116388667,Garhchiroli,normal,statewide,27.711746016002905,1,7,ERA5-Land Daily Aggregated,Maharashtra,ERA5-Land Temperature
2017-03-12,2017-03-19,11.0,2017,P038,19.062661462582188,79.88977172925856,Garhchiroli,normal,statewide,28.31254121689568,1,7,ERA5-Land Daily Aggregated,Maharashtra,ERA5-Land Temperature
2017-03-12,2017-03-19,11.0,2017,P039,19.510270485428137,79.9981368030594,Garhchiroli,normal,statewide,27.69980637686598,1,7,ERA5-Land Daily Aggregated,Maharashtra,ERA5-Land Temperature
2017-03-12,2017-03-19,11.0,2017,P040,19.870365190999156,80.00935144220881,Garhchiroli,normal,statewide,27.503261547996942,1,7,ERA5-Land Daily Aggregated,Maharashtra,ERA5-Land Temperature
2017-03-12,2017-03-19,11.0,2017,P041,21.127639946725598,80.1465044724107,Gondiya,normal,statewide,25.776524661836163,1,7,ERA5-Land Daily Aggregated,Maharashtra,ERA5-Land Temperature
2017-03-12,2017-03-19,11.0,2017,P042,21.397598383602258,80.15591763473452,Gondiya,normal,statewide,25.828398731776645,1,7,ERA5-Land Daily Aggregated,Maharashtra,ERA5-Land Temperature
2017-03-12,2017-03-19,11.0,2017,P043,21.574548890706154,80.25847249986273,Gondiya,normal,statewide,25.765561585199237,1,7,ERA5-Land Daily Aggregated,Maharashtra,ERA5-Land Temperature
2017-03-12,2017-03-19,11.0,2017,P044,21.211649410572516,80.34153217518526,Gondiya,normal,statewide,25.61191575186598,1,7,ERA5-Land Daily Aggregated,Maharashtra,ERA5-Land Temperature
2017-03-12,2017-03-19,11.0,2017,P045,19.655900266732623,77.2407892392464,Hingoli,normal,statewide,26.783255967639832,1,7,ERA5-Land Daily Aggregated,Maharashtra,ERA5-Land Temperature
2017-03-12,2017-03-19,11.0,2017,P046,19.566758377573187,77.1442675378435,Hingoli,normal,statewide,26.616914821806404,1,7,ERA5-Land Daily Aggregated,Maharashtra,ERA5-Land Temperature
2017-03-12,2017-03-19,11.0,2017,P047,19.47860194974656,76.9526242927685,Hingoli,normal,statewide,26.692807678949293,1,7,ERA5-Land Daily Aggregated,Maharashtra,ERA5-Land Temperature
2017-03-12,2017-03-19,11.0,2017,P048,19.927981235710728,77.14910120338544,Hingoli,normal,statewide,26.62622704278857,1,7,ERA5-Land Daily Aggregated,Maharashtra,ERA5-Land Temperature
2017-03-12,2017-03-19,11.0,2017,P049,21.292738163229433,76.10816865346904,Jalgaon,normal,statewide,26.136074047996885,1,7,ERA5-Land Daily Aggregated,Maharashtra,ERA5-Land Temperature
2017-03-12,2017-03-19,11.0,2017,P050,21.386178625804387,75.43363151891216,Jalgaon,normal,statewide,24.269444583711163,1,7,ERA5-Land Daily Aggregated,Maharashtra,ERA5-Land Temperature
2017-03-12,2017-03-19,11.0,2017,P051,21.112064306745907,76.10682200495089,Jalgaon,normal,statewide,25.763817723592126,1,7,ERA5-Land Daily Aggregated,Maharashtra,ERA5-Land Temperature
2017-03-12,2017-03-19,11.0,2017,P052,20.844437979720194,75.23982115072519,Jalgaon,normal,statewide,26.33945481436598,1,7,ERA5-Land Daily Aggregated,Maharashtra,ERA5-Land Temperature
2017-03-12,2017-03-19,11.0,2017,P053,19.486369703781666,76.00005328932718,Jalna,normal,statewide,26.23988031659809,1,7,ERA5-Land Daily Aggregated,Maharashtra,ERA5-Land Temperature
2017-03-12,2017-03-19,11.0,2017,P054,20.028502750758555,76.00343774702675,Jalna,normal,statewide,26.478324327014832,1,7,ERA5-Land Daily Aggregated,Maharashtra,ERA5-Land Temperature
2017-03-12,2017-03-19,11.0,2017,P055,19.75743845682064,76.00172991132328,Jalna,normal,statewide,26.45346848624098,1,7,ERA5-Land Daily Aggregated,Maharashtra,ERA5-Land Temperature
2017-03-12,2017-03-19,11.0,2017,P056,19.57768317515413,75.80993951591351,Jalna,normal,statewide,26.36454317002068,1,7,ERA5-Land Daily Aggregated,Maharashtra,ERA5-Land Temperature
2017-03-12,2017-03-19,11.0,2017,P057,16.776377793156257,74.29671235971928,Kolhapur,normal,statewide,26.084048843383812,1,7,ERA5-Land Daily Aggregated,Maharashtra,ERA5-Land Temperature
2017-03-12,2017-03-19,11.0,2017,P058,16.324416687682138,74.29834884980589,Kolhapur,normal,statewide,25.99694876897911,1,7,ERA5-Land Daily Aggregated,Maharashtra,ERA5-Land Temperature
2017-03-12,2017-03-19,11.0,2017,P059,16.595891218916975,74.39111598812178,Kolhapur,normal,statewide,26.248018337431404,1,7,ERA5-Land Daily Aggregated,Maharashtra,ERA5-Land Temperature
2017-03-12,2017-03-19,11.0,2017,P060,16.414811584237594,74.29802779453004,Kolhapur,normal,statewide,26.22215105692544,1,7,ERA5-Land Daily Aggregated,Maharashtra,ERA5-Land Temperature
2017-03-12,2017-03-19,11.0,2017,P086,21.054127206758487,79.56798961993874,Nagpur,normal,statewide,26.025966626121885,1,7,ERA5-Land Daily Aggregated,Maharashtra,ERA5-Land Temperature
2017-03-12,2017-03-19,11.0,2017,P087,21.146765031143822,79.47473643960802,Nagpur,normal,statewide,26.172241737729053,1,7,ERA5-Land Daily Aggregated,Maharashtra,ERA5-Land Temperature
2017-03-12,2017-03-19,11.0,2017,P088,21.347803602138427,78.61442869606356,Nagpur,normal,statewide,25.60603312537779,1,7,ERA5-Land Daily Aggregated,Maharashtra,ERA5-Land Temperature
2017-03-12,2017-03-19,11.0,2017,P089,21.165377318940912,78.70615240473293,Nagpur,normal,statewide,26.258202489217183,1,7,ERA5-Land Daily Aggregated,Maharashtra,ERA5-Land Temperature
2017-03-12,2017-03-19,11.0,2017,P090,19.201968238592887,77.42470040309472,Nanded,normal,statewide,26.458060655139718,1,7,ERA5-Land Daily Aggregated,Maharashtra,ERA5-Land Temperature
2017-03-12,2017-03-19,11.0,2017,P091,18.566038000956755,77.69963965584807,Nanded,normal,statewide,26.602591905139832,1,7,ERA5-Land Daily Aggregated,Maharashtra,ERA5-Land Temperature
2017-03-12,2017-03-19,11.0,2017,P092,19.736596618496833,77.90946265591798,Nanded,normal,statewide,26.58581595647911,1,7,ERA5-Land Daily Aggregated,Maharashtra,ERA5-Land Temperature
2017-03-12,2017-03-19,11.0,2017,P093,18.93564842817583,77.04115528508362,Nanded,normal,statewide,26.254761268979053,1,7,ERA5-Land Daily Aggregated,Maharashtra,ERA5-Land Temperature
2017-03-12,2017-03-19,11.0,2017,P094,21.564917232430716,74.08292967791392,Nandurbar,normal,statewide,24.969139989217183,1,7,ERA5-Land Daily Aggregated,Maharashtra,ERA5-Land Temperature
2017-03-12,2017-03-19,11.0,2017,P095,21.5662594218478,74.37266422796263,Nandurbar,normal,statewide,26.325666681925497,1,7,ERA5-Land Daily Aggregated,Maharashtra,ERA5-Land Temperature
2017-03-12,2017-03-19,11.0,2017,P096,21.385179787168415,74.27697637845674,Nandurbar,normal,statewide,25.790638315110016,1,7,ERA5-Land Daily Aggregated,Maharashtra,ERA5-Land Temperature
2017-03-12,2017-03-19,11.0,2017,P097,21.565421110849755,74.17950488852946,Nandurbar,normal,statewide,25.503447559901645,1,7,ERA5-Land Daily Aggregated,Maharashtra,ERA5-Land Temperature
2017-03-12,2017-03-19,11.0,2017,P098,20.299553667393326,73.99482675929994,Nashik,normal,statewide,23.66126703534809,1,7,ERA5-Land Daily Aggregated,Maharashtra,ERA5-Land Temperature
2017-03-12,2017-03-19,11.0,2017,P099,20.120253214034264,74.28296495117151,Nashik,normal,statewide,25.034697559901645,1,7,ERA5-Land Daily Aggregated,Maharashtra,ERA5-Land Temperature
2017-03-12,2017-03-19,11.0,2017,P100,20.389903972938242,73.99424261706194,Nashik,normal,statewide,23.347604460943387,1,7,ERA5-Land Daily Aggregated,Maharashtra,ERA5-Land Temperature
2017-03-12,2017-03-19,11.0,2017,P101,20.029015547379707,74.09216447619562,Nashik,normal,statewide,24.879389245169534,1,7,ERA5-Land Daily Aggregated,Maharashtra,ERA5-Land Temperature
2017-03-12,2017-03-19,11.0,2017,P102,17.85749130266526,76.36802722645965,Osmanabad,normal,statewide,26.221639524187367,1,7,ERA5-Land Daily Aggregated,Maharashtra,ERA5-Land Temperature
2017-03-12,2017-03-19,11.0,2017,P103,17.76644983645705,76.46164605307673,Osmanabad,normal,statewide,26.58320016406833,1,7,ERA5-Land Daily Aggregated,Maharashtra,ERA5-Land Temperature
2017-03-12,2017-03-19,11.0,2017,P104,17.949094615606196,76.17989775301476,Osmanabad,normal,statewide,25.97904512314568,1,7,ERA5-Land Daily Aggregated,Maharashtra,ERA5-Land Temperature
2017-03-12,2017-03-19,11.0,2017,P105,18.584360447185368,75.61558067829696,Osmanabad,normal,statewide,25.60242914472309,1,7,ERA5-Land Daily Aggregated,Maharashtra,ERA5-Land Temperature
2017-03-12,2017-03-19,11.0,2017,P106,19.031389786894366,76.47235681380711,Parbhani,normal,statewide,25.878900963919534,1,7,ERA5-Land Daily Aggregated,Maharashtra,ERA5-Land Temperature
2017-03-12,2017-03-19,11.0,2017,P107,19.120950831552832,76.56820519095093,Parbhani,normal,statewide,25.614845439366036,1,7,ERA5-Land Daily Aggregated,Maharashtra,ERA5-Land Temperature
2017-03-12,2017-03-19,11.0,2017,P108,19.208625676465683,76.85432786914635,Parbhani,normal,statewide,26.162383106776645,1,7,ERA5-Land Daily Aggregated,Maharashtra,ERA5-Land Temperature
2017-03-12,2017-03-19,11.0,2017,P109,19.212081479782103,76.47396209018636,Parbhani,normal,statewide,25.667277545020795,1,7,ERA5-Land Daily Aggregated,Maharashtra,ERA5-Land Temperature
2017-03-12,2017-03-19,11.0,2017,P110,18.133442771357757,75.04679558432363,Pune,normal,statewide,26.86317133222309,1,7,ERA5-Land Daily Aggregated,Maharashtra,ERA5-Land Temperature
2017-03-12,2017-03-19,11.0,2017,P111,18.584645829652782,74.47919215212944,Pune,normal,statewide,26.741484669276645,1,7,ERA5-Land Daily Aggregated,Maharashtra,ERA5-Land Temperature
2017-03-12,2017-03-19,11.0,2017,P112,18.132979024848197,74.57507620208169,Pune,normal,statewide,26.92527605692544,1,7,ERA5-Land Daily Aggregated,Maharashtra,ERA5-Land Temperature
2017-03-12,2017-03-19,11.0,2017,P113,18.314072036830744,74.76389683618987,Pune,normal,statewide,27.79965989249098,1,7,ERA5-Land Daily Aggregated,Maharashtra,ERA5-Land Temperature
2017-03-12,2017-03-19,11.0,2017,P114,18.48503397121986,73.0589238755964,Raigarh,normal,statewide,25.242251968383812,1,7,ERA5-Land Daily Aggregated,Maharashtra,ERA5-Land Temperature
2017-03-12,2017-03-19,11.0,2017,P115,18.665689991299164,73.05687714821288,Raigarh,normal,statewide,25.411429795764832,1,7,ERA5-Land Daily Aggregated,Maharashtra,ERA5-Land Temperature
2017-03-12,2017-03-19,11.0,2017,P116,18.306197264370358,73.25009891506079,Raigarh,normal,statewide,26.06042533147911,1,7,ERA5-Land Daily Aggregated,Maharashtra,ERA5-Land Temperature
2017-03-12,2017-03-19,11.0,2017,P117,18.21404102289879,73.06194714611064,Raigarh,normal,statewide,25.430123992193387,1,7,ERA5-Land Daily Aggregated,Maharashtra,ERA5-Land Temperature
2017-03-12,2017-03-19,11.0,2017,P118,17.138719885658215,75.42259970290594,Sangli,normal,statewide,28.877133850824237,1,7,ERA5-Land Daily Aggregated,Maharashtra,ERA5-Land Temperature
2017-03-12,2017-03-19,11.0,2017,P119,17.048761981005992,74.95348443567921,Sangli,normal,statewide,28.02860567002068,1,7,ERA5-Land Daily Aggregated,Maharashtra,ERA5-Land Temperature
2017-03-12,2017-03-19,11.0,2017,P120,16.86707144948229,74.39025538161847,Sangli,normal,statewide,26.27586199442544,1,7,ERA5-Land Daily Aggregated,Maharashtra,ERA5-Land Temperature
2017-03-12,2017-03-19,11.0,2017,P121,17.048503353144895,74.67157114887826,Sangli,normal,statewide,27.280175145467126,1,7,ERA5-Land Daily Aggregated,Maharashtra,ERA5-Land Temperature
2017-03-12,2017-03-19,11.0,2017,P148,17.67852974098626,76.08383979812143,Solapur,normal,statewide,27.285767128354053,1,7,ERA5-Land Daily Aggregated,Maharashtra,ERA5-Land Temperature
2017-03-12,2017-03-19,11.0,2017,P149,18.223365003201543,75.4251413905064,Solapur,normal,statewide,27.140991737729053,1,7,ERA5-Land Daily Aggregated,Maharashtra,ERA5-Land Temperature
2017-03-12,2017-03-19,11.0,2017,P150,17.952532582518405,75.23562067753285,Solapur,normal,statewide,27.26968872433622,1,7,ERA5-Land Daily Aggregated,Maharashtra,ERA5-Land Temperature
2017-03-12,2017-03-19,11.0,2017,P151,18.223690517578447,75.23598186471818,Solapur,normal,statewide,27.33117728460411,1,7,ERA5-Land Daily Aggregated,Maharashtra,ERA5-Land Temperature
2017-03-12,2017-03-19,11.0,2017,P152,19.658178867370932,72.94986318203122,Thane,normal,statewide,26.626668821062367,1,7,ERA5-Land Daily Aggregated,Maharashtra,ERA5-Land Temperature
2017-03-12,2017-03-19,11.0,2017,P153,19.65706409210757,72.8545320606096,Thane,normal,statewide,26.176171239217183,1,7,ERA5-Land Daily Aggregated,Maharashtra,ERA5-Land Temperature
2017-03-12,2017-03-19,11.0,2017,P154,19.477549601897948,72.95214624177059,Thane,normal,statewide,26.19546997433622,1,7,ERA5-Land Daily Aggregated,Maharashtra,ERA5-Land Temperature
2017-03-12,2017-03-19,11.0,2017,P155,19.83987385799569,73.0429959666335,Thane,normal,statewide,26.369112087431404,1,7,ERA5-Land Daily Aggregated,Maharashtra,ERA5-Land Temperature
2017-03-12,2017-03-19,11.0,2017,P156,20.806749657616468,78.60135461177485,Wardha,normal,statewide,26.411825071062367,1,7,ERA5-Land Daily Aggregated,Maharashtra,ERA5-Land Temperature
2017-03-12,2017-03-19,11.0,2017,P157,20.71031267913359,78.88671032458906,Wardha,normal,statewide,26.518944676717126,1,7,ERA5-Land Daily Aggregated,Maharashtra,ERA5-Land Temperature
2017-03-12,2017-03-19,11.0,2017,P158,21.081265295769754,78.41565980750515,Wardha,normal,statewide,25.937703977312367,1,7,ERA5-Land Daily Aggregated,Maharashtra,ERA5-Land Temperature
2017-03-12,2017-03-19,11.0,2017,P159,20.439854822938944,78.87986114537097,Wardha,normal,statewide,26.56881911868146,1,7,ERA5-Land Daily Aggregated,Maharashtra,ERA5-Land Temperature
2017-03-12,2017-03-19,11.0,2017,P160,20.289186257444058,77.15404188735265,Washim,normal,statewide,26.26939808073496,1,7,ERA5-Land Daily Aggregated,Maharashtra,ERA5-Land Temperature
2017-03-12,2017-03-19,11.0,2017,P161,20.464607292886615,77.53975858757677,Washim,normal,statewide,26.709641756330257,1,7,ERA5-Land Daily Aggregated,Maharashtra,ERA5-Land Temperature
2017-03-12,2017-03-19,11.0,2017,P162,20.107393166596125,77.2471479173486,Washim,normal,statewide,26.40820946466357,1,7,ERA5-Land Daily Aggregated,Maharashtra,ERA5-Land Temperature
2017-03-12,2017-03-19,11.0,2017,P163,20.198885002010726,77.1527933390577,Washim,normal,statewide,26.293277359008812,1,7,ERA5-Land Daily Aggregated,Maharashtra,ERA5-Land Temperature
2017-03-12,2017-03-19,11.0,2017,P164,20.182854533723592,78.20447678161395,Yavatmal,normal,statewide,26.94087780543731,1,7,ERA5-Land Daily Aggregated,Maharashtra,ERA5-Land Temperature
2017-03-12,2017-03-19,11.0,2017,P165,19.894658373538324,79.05709703494229,Yavatmal,normal,statewide,27.108393151419534,1,7,ERA5-Land Daily Aggregated,Maharashtra,ERA5-Land Temperature
2017-03-12,2017-03-19,11.0,2017,P166,19.468787468327925,77.71426550730338,Yavatmal,normal,statewide,26.73288161868146,1,7,ERA5-Land Daily Aggregated,Maharashtra,ERA5-Land Temperature
2017-03-12,2017-03-19,11.0,2017,P167,19.559057510053886,77.71577268345945,Yavatmal,normal,statewide,26.411627433413514,1,7,ERA5-Land Daily Aggregated,Maharashtra,ERA5-Land Temperature
2017-03-19,2017-03-26,12.0,2017,P147,17.927231643141155,73.94769852026607,Satara,case_study,case_study,27.516066215151852,1,7,ERA5-Land Daily Aggregated,Maharashtra,ERA5-Land Temperature
2017-03-19,2017-03-26,12.0,2017,P061,18.507855650411397,76.91766048140843,Latur,high,priority,29.052768689110167,1,7,ERA5-Land Daily Aggregated,Maharashtra,ERA5-Land Temperature
2017-03-19,2017-03-26,12.0,2017,P062,18.422405896924207,76.3487594508077,Latur,high,priority,28.68974320547926,1,7,ERA5-Land Daily Aggregated,Maharashtra,ERA5-Land Temperature
2017-03-19,2017-03-26,12.0,2017,P063,18.235391198742693,77.05646783810116,Latur,high,priority,28.379812494913722,1,7,ERA5-Land Daily Aggregated,Maharashtra,ERA5-Land Temperature
2017-03-19,2017-03-26,12.0,2017,P064,18.193056493341274,76.77240080549139,Latur,high,priority,28.474178659348297,1,7,ERA5-Land Daily Aggregated,Maharashtra,ERA5-Land Temperature
2017-03-19,2017-03-26,12.0,2017,P065,18.331355512513895,76.44266811899327,Latur,high,priority,28.511171776907815,1,7,ERA5-Land Daily Aggregated,Maharashtra,ERA5-Land Temperature
2017-03-19,2017-03-26,12.0,2017,P066,18.104739537876725,76.5352970251765,Latur,high,priority,28.000685355776795,1,7,ERA5-Land Daily Aggregated,Maharashtra,ERA5-Land Temperature
2017-03-19,2017-03-26,12.0,2017,P067,18.280552974211986,77.0569984711265,Latur,high,priority,28.379812494913722,1,7,ERA5-Land Daily Aggregated,Maharashtra,ERA5-Land Temperature
2017-03-19,2017-03-26,12.0,2017,P068,18.101823285787773,76.86595720469373,Latur,high,priority,28.540829049973297,1,7,ERA5-Land Daily Aggregated,Maharashtra,ERA5-Land Temperature
2017-03-19,2017-03-26,12.0,2017,P069,18.595075667016793,77.20284228928156,Latur,high,priority,29.060976464407815,1,7,ERA5-Land Daily Aggregated,Maharashtra,ERA5-Land Temperature
2017-03-19,2017-03-26,12.0,2017,P070,18.41499041187233,77.15322587185987,Latur,high,priority,29.06881221589589,1,7,ERA5-Land Daily Aggregated,Maharashtra,ERA5-Land Temperature
2017-03-19,2017-03-26,12.0,2017,P071,18.149138807065885,76.63019561379593,Latur,high,priority,28.244070307413722,1,7,ERA5-Land Daily Aggregated,Maharashtra,ERA5-Land Temperature
2017-03-19,2017-03-26,12.0,2017,P072,18.283393421583035,76.77331492120734,Latur,high,priority,28.695137550717334,1,7,ERA5-Land Daily Aggregated,Maharashtra,ERA5-Land Temperature
2017-03-19,2017-03-26,12.0,2017,P073,17.966315663874607,76.86453029235662,Latur,high,priority,28.749918056669685,1,7,ERA5-Land Daily Aggregated,Maharashtra,ERA5-Land Temperature
2017-03-19,2017-03-26,12.0,2017,P074,18.50832831512306,76.870318205524,Latur,high,priority,29.11894242422926,1,7,ERA5-Land Daily Aggregated,Maharashtra,ERA5-Land Temperature
2017-03-19,2017-03-26,12.0,2017,P075,18.41444640154381,77.20053247493588,Latur,high,priority,28.930430984497093,1,7,ERA5-Land Daily Aggregated,Maharashtra,ERA5-Land Temperature
2017-03-19,2017-03-26,12.0,2017,P076,18.377877313804504,76.25376722106614,Latur,high,priority,28.19194047110426,1,7,ERA5-Land Daily Aggregated,Maharashtra,ERA5-Land Temperature
2017-03-19,2017-03-26,12.0,2017,P077,18.059564385104267,76.5349046242838,Latur,high,priority,28.081263387770946,1,7,ERA5-Land Daily Aggregated,Maharashtra,ERA5-Land Temperature
2017-03-19,2017-03-26,12.0,2017,P078,18.1008824154655,76.96042326051098,Latur,high,priority,28.57136987958637,1,7,ERA5-Land Daily Aggregated,Maharashtra,ERA5-Land Temperature
2017-03-19,2017-03-26,12.0,2017,P079,18.73508698099394,76.77797468180819,Latur,high,priority,29.136148525419685,1,7,ERA5-Land Daily Aggregated,Maharashtra,ERA5-Land Temperature
2017-03-19,2017-03-26,12.0,2017,P080,18.46791548227568,76.3017694439065,Latur,high,priority,28.68974320547926,1,7,ERA5-Land Daily Aggregated,Maharashtra,ERA5-Land Temperature
2017-03-19,2017-03-26,12.0,2017,P081,18.10355787609756,76.67701617485712,Latur,high,priority,28.244070307413722,1,7,ERA5-Land Daily Aggregated,Maharashtra,ERA5-Land Temperature
2017-03-19,2017-03-26,12.0,2017,P082,18.23907887531389,76.67830931416262,Latur,high,priority,28.510427729288722,1,7,ERA5-Land Daily Aggregated,Maharashtra,ERA5-Land Temperature
2017-03-19,2017-03-26,12.0,2017,P083,18.369289085175563,77.19996171000103,Latur,high,priority,28.71792400905065,1,7,ERA5-Land Daily Aggregated,Maharashtra,ERA5-Land Temperature
2017-03-19,2017-03-26,12.0,2017,P084,18.46362582706226,76.82249880582684,Latur,high,priority,28.78520218985426,1,7,ERA5-Land Daily Aggregated,Maharashtra,ERA5-Land Temperature
2017-03-19,2017-03-26,12.0,2017,P085,18.14788579966987,76.77194597718393,Latur,high,priority,28.474178659348297,1,7,ERA5-Land Daily Aggregated,Maharashtra,ERA5-Land Temperature
2017-03-19,2017-03-26,12.0,2017,P122,17.88145897082753,73.8441448165019,Satara,high,priority,27.404563703991187,1,7,ERA5-Land Daily Aggregated,Maharashtra,ERA5-Land Temperature
2017-03-19,2017-03-26,12.0,2017,P123,17.386414030975025,74.27088970551878,Satara,high,priority,28.147413871401852,1,7,ERA5-Land Daily Aggregated,Maharashtra,ERA5-Land Temperature
2017-03-19,2017-03-26,12.0,2017,P124,17.43262815429294,74.647353771057,Satara,high,priority,29.78252826872324,1,7,ERA5-Land Daily Aggregated,Maharashtra,ERA5-Land Temperature
2017-03-19,2017-03-26,12.0,2017,P125,17.56734651531964,74.31728219287884,Satara,high,priority,28.876882807413722,1,7,ERA5-Land Daily Aggregated,Maharashtra,ERA5-Land Temperature
2017-03-19,2017-03-26,12.0,2017,P126,17.205080227535593,74.13053949986157,Satara,high,priority,28.105200794764926,1,7,ERA5-Land Daily Aggregated,Maharashtra,ERA5-Land Temperature
2017-03-19,2017-03-26,12.0,2017,P127,17.65773249367299,74.31694330119876,Satara,high,priority,28.576787476312518,1,7,ERA5-Land Daily Aggregated,Maharashtra,ERA5-Land Temperature
2017-03-19,2017-03-26,12.0,2017,P128,18.019949731345452,74.5517328080669,Satara,high,priority,30.22359737214589,1,7,ERA5-Land Daily Aggregated,Maharashtra,ERA5-Land Temperature
2017-03-19,2017-03-26,12.0,2017,P129,18.063234225271252,74.03192648006461,Satara,high,priority,28.847771944318538,1,7,ERA5-Land Daily Aggregated,Maharashtra,ERA5-Land Temperature
2017-03-19,2017-03-26,12.0,2017,P130,17.61135784271715,74.03436560834085,Satara,high,priority,28.531958607264926,1,7,ERA5-Land Daily Aggregated,Maharashtra,ERA5-Land Temperature
2017-03-19,2017-03-26,12.0,2017,P131,17.612539504496315,74.3171127470388,Satara,high,priority,28.576787476312518,1,7,ERA5-Land Daily Aggregated,Maharashtra,ERA5-Land Temperature
2017-03-19,2017-03-26,12.0,2017,P132,17.702176353872684,74.12817617630324,Satara,high,priority,28.02434374491378,1,7,ERA5-Land Daily Aggregated,Maharashtra,ERA5-Land Temperature
2017-03-19,2017-03-26,12.0,2017,P133,17.25006363896275,74.08329532420031,Satara,high,priority,28.22915447780065,1,7,ERA5-Land Daily Aggregated,Maharashtra,ERA5-Land Temperature
2017-03-19,2017-03-26,12.0,2017,P134,17.476429903940936,74.17634784498362,Satara,high,priority,27.896913964407815,1,7,ERA5-Land Daily Aggregated,Maharashtra,ERA5-Land Temperature
2017-03-19,2017-03-26,12.0,2017,P135,17.882716437324603,74.0801070669471,Satara,high,priority,27.47294633047926,1,7,ERA5-Land Daily Aggregated,Maharashtra,ERA5-Land Temperature
2017-03-19,2017-03-26,12.0,2017,P136,17.928520323345598,74.22149178404871,Satara,high,priority,29.706112253098297,1,7,ERA5-Land Daily Aggregated,Maharashtra,ERA5-Land Temperature
2017-03-19,2017-03-26,12.0,2017,P137,17.746687100588183,73.98648378122894,Satara,high,priority,27.78121455964589,1,7,ERA5-Land Daily Aggregated,Maharashtra,ERA5-Land Temperature
2017-03-19,2017-03-26,12.0,2017,P138,17.61269557303319,74.36423652697161,Satara,high,priority,28.576787476312518,1,7,ERA5-Land Daily Aggregated,Maharashtra,ERA5-Land Temperature
2017-03-19,2017-03-26,12.0,2017,P139,17.656773786946495,74.08126197411994,Satara,high,priority,28.531958607264926,1,7,ERA5-Land Daily Aggregated,Maharashtra,ERA5-Land Temperature
2017-03-19,2017-03-26,12.0,2017,P140,17.97464080554139,74.50462240543725,Satara,high,priority,30.319695772443595,1,7,ERA5-Land Daily Aggregated,Maharashtra,ERA5-Land Temperature
2017-03-19,2017-03-26,12.0,2017,P141,17.430826677467348,74.08239904488856,Satara,high,priority,27.806523804437518,1,7,ERA5-Land Daily Aggregated,Maharashtra,ERA5-Land Temperature
2017-03-19,2017-03-26,12.0,2017,P142,18.064447100757786,74.31538707493111,Satara,high,priority,30.03035425458637,1,7,ERA5-Land Daily Aggregated,Maharashtra,ERA5-Land Temperature
2017-03-19,2017-03-26,12.0,2017,P143,17.70379500755509,74.6468275971327,Satara,high,priority,29.87947534833637,1,7,ERA5-Land Daily Aggregated,Maharashtra,ERA5-Land Temperature
2017-03-19,2017-03-26,12.0,2017,P144,17.929452275465767,74.50474726026674,Satara,high,priority,30.319695772443595,1,7,ERA5-Land Daily Aggregated,Maharashtra,ERA5-Land Temperature
2017-03-19,2017-03-26,12.0,2017,P145,17.47773196144854,74.60017202281048,Satara,high,priority,29.649227487473297,1,7,ERA5-Land Daily Aggregated,Maharashtra,ERA5-Land Temperature
2017-03-19,2017-03-26,12.0,2017,P146,17.839182233739812,74.55218763637436,Satara,high,priority,29.730258923485167,1,7,ERA5-Land Daily Aggregated,Maharashtra,ERA5-Land Temperature
2017-03-19,2017-03-26,12.0,2017,P001,19.940457800458272,74.57045211428928,Ahmednagar,normal,statewide,28.692754273187575,1,7,ERA5-Land Daily Aggregated,Maharashtra,ERA5-Land Temperature
2017-03-19,2017-03-26,12.0,2017,P002,18.946729294293643,74.76302285238339,Ahmednagar,normal,statewide,29.62483667646137,1,7,ERA5-Land Daily Aggregated,Maharashtra,ERA5-Land Temperature
2017-03-19,2017-03-26,12.0,2017,P003,18.49469238410162,74.66892244285252,Ahmednagar,normal,statewide,30.21776124863402,1,7,ERA5-Land Daily Aggregated,Maharashtra,ERA5-Land Temperature
2017-03-19,2017-03-26,12.0,2017,P004,19.03720445466806,75.1420731965326,Ahmednagar,normal,statewide,28.62930096217565,1,7,ERA5-Land Daily Aggregated,Maharashtra,ERA5-Land Temperature
2017-03-19,2017-03-26,12.0,2017,P005,20.832153156317954,77.06560453615967,Akola,normal,statewide,29.380498413812575,1,7,ERA5-Land Daily Aggregated,Maharashtra,ERA5-Land Temperature
2017-03-19,2017-03-26,12.0,2017,P006,20.834360411339407,76.87349308547405,Akola,normal,statewide,29.39125222705667,1,7,ERA5-Land Daily Aggregated,Maharashtra,ERA5-Land Temperature
2017-03-19,2017-03-26,12.0,2017,P007,21.014976299509232,76.87574047240498,Akola,normal,statewide,29.532342256818538,1,7,ERA5-Land Daily Aggregated,Maharashtra,ERA5-Land Temperature
2017-03-19,2017-03-26,12.0,2017,P008,20.828434266039377,77.35372489162701,Akola,normal,statewide,29.35491015116378,1,7,ERA5-Land Daily Aggregated,Maharashtra,ERA5-Land Temperature
2017-03-19,2017-03-26,12.0,2017,P009,21.360971327549258,77.94039543992572,Amravati,normal,statewide,29.08267010280065,1,7,ERA5-Land Daily Aggregated,Maharashtra,ERA5-Land Temperature
2017-03-19,2017-03-26,12.0,2017,P010,21.178803672212837,78.03301542790685,Amravati,normal,statewide,29.569695772443538,1,7,ERA5-Land Daily Aggregated,Maharashtra,ERA5-Land Temperature
2017-03-19,2017-03-26,12.0,2017,P011,20.814388097721018,78.21764450702477,Amravati,normal,statewide,29.88114945547926,1,7,ERA5-Land Daily Aggregated,Maharashtra,ERA5-Land Temperature
2017-03-19,2017-03-26,12.0,2017,P012,21.180502589714195,77.93681032267875,Amravati,normal,statewide,29.83891312735426,1,7,ERA5-Land Daily Aggregated,Maharashtra,ERA5-Land Temperature
2017-03-19,2017-03-26,12.0,2017,P013,20.031289688916964,74.8570519162974,Aurangabad,normal,statewide,28.899680891491187,1,7,ERA5-Land Daily Aggregated,Maharashtra,ERA5-Land Temperature
2017-03-19,2017-03-26,12.0,2017,P014,19.760185263069562,75.14270192978114,Aurangabad,normal,statewide,29.50627733866378,1,7,ERA5-Land Daily Aggregated,Maharashtra,ERA5-Land Temperature
2017-03-19,2017-03-26,12.0,2017,P015,19.9408189876436,74.76157364454102,Aurangabad,normal,statewide,28.946381505330464,1,7,ERA5-Land Daily Aggregated,Maharashtra,ERA5-Land Temperature
2017-03-19,2017-03-26,12.0,2017,P016,19.66981712112043,75.14262166596218,Aurangabad,normal,statewide,29.28097041902089,1,7,ERA5-Land Daily Aggregated,Maharashtra,ERA5-Land Temperature
2017-03-19,2017-03-26,12.0,2017,P017,21.04613203856966,79.85576216552393,Bhandara,normal,statewide,29.632916568574444,1,7,ERA5-Land Daily Aggregated,Maharashtra,ERA5-Land Temperature
2017-03-19,2017-03-26,12.0,2017,P018,21.31897105472685,79.76852877161537,Bhandara,normal,statewide,29.844249343872093,1,7,ERA5-Land Daily Aggregated,Maharashtra,ERA5-Land Temperature
2017-03-19,2017-03-26,12.0,2017,P019,21.40900922319803,79.77144948280537,Bhandara,normal,statewide,29.69814861842565,1,7,ERA5-Land Daily Aggregated,Maharashtra,ERA5-Land Temperature
2017-03-19,2017-03-26,12.0,2017,P020,21.144196588937042,79.57074980349083,Bhandara,normal,statewide,29.750034314110167,1,7,ERA5-Land Daily Aggregated,Maharashtra,ERA5-Land Temperature
2017-03-19,2017-03-26,12.0,2017,P021,18.67502288980403,75.52108340877234,Bid,normal,statewide,28.36107179550902,1,7,ERA5-Land Daily Aggregated,Maharashtra,ERA5-Land Temperature
2017-03-19,2017-03-26,12.0,2017,P022,18.856499384477168,75.04699178476999,Bid,normal,statewide,29.617384574526795,1,7,ERA5-Land Daily Aggregated,Maharashtra,ERA5-Land Temperature
2017-03-19,2017-03-26,12.0,2017,P023,19.126596053486494,75.6175605191647,Bid,normal,statewide,29.287724976312575,1,7,ERA5-Land Daily Aggregated,Maharashtra,ERA5-Land Temperature
2017-03-19,2017-03-26,12.0,2017,P024,18.763955201213946,75.90084720909012,Bid,normal,statewide,27.943579701014926,1,7,ERA5-Land Daily Aggregated,Maharashtra,ERA5-Land Temperature
2017-03-19,2017-03-26,12.0,2017,P025,20.93073496240753,76.20164478885242,Buldana,normal,statewide,28.995546776907815,1,7,ERA5-Land Daily Aggregated,Maharashtra,ERA5-Land Temperature
2017-03-19,2017-03-26,12.0,2017,P026,20.838939908121294,76.39311412898633,Buldana,normal,statewide,29.579775292532815,1,7,ERA5-Land Daily Aggregated,Maharashtra,ERA5-Land Temperature
2017-03-19,2017-03-26,12.0,2017,P027,20.657476790751314,76.48742857536776,Buldana,normal,statewide,29.630114764258963,1,7,ERA5-Land Daily Aggregated,Maharashtra,ERA5-Land Temperature
2017-03-19,2017-03-26,12.0,2017,P028,20.47967013624516,76.10222021266374,Buldana,normal,statewide,28.812952840895946,1,7,ERA5-Land Daily Aggregated,Maharashtra,ERA5-Land Temperature
2017-03-19,2017-03-26,12.0,2017,P029,20.32317798477448,79.92829390325927,Chandrapur,normal,statewide,29.784237253098297,1,7,ERA5-Land Daily Aggregated,Maharashtra,ERA5-Land Temperature
2017-03-19,2017-03-26,12.0,2017,P030,20.60872097983294,79.36304041732026,Chandrapur,normal,statewide,29.90541238330667,1,7,ERA5-Land Daily Aggregated,Maharashtra,ERA5-Land Temperature
2017-03-19,2017-03-26,12.0,2017,P031,20.511160307884595,79.64732594588165,Chandrapur,normal,statewide,30.011160151163722,1,7,ERA5-Land Daily Aggregated,Maharashtra,ERA5-Land Temperature
2017-03-19,2017-03-26,12.0,2017,P032,20.598621115946884,79.74569817422172,Chandrapur,normal,statewide,29.89206602914004,1,7,ERA5-Land Daily Aggregated,Maharashtra,ERA5-Land Temperature
2017-03-19,2017-03-26,12.0,2017,P033,21.38667804512237,75.14422248324037,Dhule,normal,statewide,29.264764131818538,1,7,ERA5-Land Daily Aggregated,Maharashtra,ERA5-Land Temperature
2017-03-19,2017-03-26,12.0,2017,P034,21.025151968113196,74.75989256344387,Dhule,normal,statewide,30.1490298498245,1,7,ERA5-Land Daily Aggregated,Maharashtra,ERA5-Land Temperature
2017-03-19,2017-03-26,12.0,2017,P035,21.477028350667293,74.85568743137505,Dhule,normal,statewide,29.254091698782815,1,7,ERA5-Land Daily Aggregated,Maharashtra,ERA5-Land Temperature
2017-03-19,2017-03-26,12.0,2017,P036,20.933820660336515,74.37533522949364,Dhule,normal,statewide,29.975190099080464,1,7,ERA5-Land Daily Aggregated,Maharashtra,ERA5-Land Temperature
2017-03-19,2017-03-26,12.0,2017,P037,19.963056524597132,79.91698116388667,Garhchiroli,normal,statewide,30.29597925458637,1,7,ERA5-Land Daily Aggregated,Maharashtra,ERA5-Land Temperature
2017-03-19,2017-03-26,12.0,2017,P038,19.062661462582188,79.88977172925856,Garhchiroli,normal,statewide,30.35213159833637,1,7,ERA5-Land Daily Aggregated,Maharashtra,ERA5-Land Temperature
2017-03-19,2017-03-26,12.0,2017,P039,19.510270485428137,79.9981368030594,Garhchiroli,normal,statewide,30.485769526163722,1,7,ERA5-Land Daily Aggregated,Maharashtra,ERA5-Land Temperature
2017-03-19,2017-03-26,12.0,2017,P040,19.870365190999156,80.00935144220881,Garhchiroli,normal,statewide,30.355561192830464,1,7,ERA5-Land Daily Aggregated,Maharashtra,ERA5-Land Temperature
2017-03-19,2017-03-26,12.0,2017,P041,21.127639946725598,80.1465044724107,Gondiya,normal,statewide,29.87279054550902,1,7,ERA5-Land Daily Aggregated,Maharashtra,ERA5-Land Temperature
2017-03-19,2017-03-26,12.0,2017,P042,21.397598383602258,80.15591763473452,Gondiya,normal,statewide,29.536225255330464,1,7,ERA5-Land Daily Aggregated,Maharashtra,ERA5-Land Temperature
2017-03-19,2017-03-26,12.0,2017,P043,21.574548890706154,80.25847249986273,Gondiya,normal,statewide,29.00242921738402,1,7,ERA5-Land Daily Aggregated,Maharashtra,ERA5-Land Temperature
2017-03-19,2017-03-26,12.0,2017,P044,21.211649410572516,80.34153217518526,Gondiya,normal,statewide,29.716366159348297,1,7,ERA5-Land Daily Aggregated,Maharashtra,ERA5-Land Temperature
2017-03-19,2017-03-26,12.0,2017,P045,19.655900266732623,77.2407892392464,Hingoli,normal,statewide,30.135102208455407,1,7,ERA5-Land Daily Aggregated,Maharashtra,ERA5-Land Temperature
2017-03-19,2017-03-26,12.0,2017,P046,19.566758377573187,77.1442675378435,Hingoli,normal,statewide,29.730526315598297,1,7,ERA5-Land Daily Aggregated,Maharashtra,ERA5-Land Temperature
2017-03-19,2017-03-26,12.0,2017,P047,19.47860194974656,76.9526242927685,Hingoli,normal,statewide,29.552617554437518,1,7,ERA5-Land Daily Aggregated,Maharashtra,ERA5-Land Temperature
2017-03-19,2017-03-26,12.0,2017,P048,19.927981235710728,77.14910120338544,Hingoli,normal,statewide,30.07045144580667,1,7,ERA5-Land Daily Aggregated,Maharashtra,ERA5-Land Temperature
2017-03-19,2017-03-26,12.0,2017,P049,21.292738163229433,76.10816865346904,Jalgaon,normal,statewide,29.417398525419742,1,7,ERA5-Land Daily Aggregated,Maharashtra,ERA5-Land Temperature
2017-03-19,2017-03-26,12.0,2017,P050,21.386178625804387,75.43363151891216,Jalgaon,normal,statewide,27.576055054437575,1,7,ERA5-Land Daily Aggregated,Maharashtra,ERA5-Land Temperature
2017-03-19,2017-03-26,12.0,2017,P051,21.112064306745907,76.10682200495089,Jalgaon,normal,statewide,28.894449306669685,1,7,ERA5-Land Daily Aggregated,Maharashtra,ERA5-Land Temperature
2017-03-19,2017-03-26,12.0,2017,P052,20.844437979720194,75.23982115072519,Jalgaon,normal,statewide,29.5189028966995,1,7,ERA5-Land Daily Aggregated,Maharashtra,ERA5-Land Temperature
2017-03-19,2017-03-26,12.0,2017,P053,19.486369703781666,76.00005328932718,Jalna,normal,statewide,29.165154756818538,1,7,ERA5-Land Daily Aggregated,Maharashtra,ERA5-Land Temperature
2017-03-19,2017-03-26,12.0,2017,P054,20.028502750758555,76.00343774702675,Jalna,normal,statewide,29.815952282860223,1,7,ERA5-Land Daily Aggregated,Maharashtra,ERA5-Land Temperature
2017-03-19,2017-03-26,12.0,2017,P055,19.75743845682064,76.00172991132328,Jalna,normal,statewide,29.476933960687575,1,7,ERA5-Land Daily Aggregated,Maharashtra,ERA5-Land Temperature
2017-03-19,2017-03-26,12.0,2017,P056,19.57768317515413,75.80993951591351,Jalna,normal,statewide,29.412597093128,1,7,ERA5-Land Daily Aggregated,Maharashtra,ERA5-Land Temperature
2017-03-19,2017-03-26,12.0,2017,P057,16.776377793156257,74.29671235971928,Kolhapur,normal,statewide,28.578717349824444,1,7,ERA5-Land Daily Aggregated,Maharashtra,ERA5-Land Temperature
2017-03-19,2017-03-26,12.0,2017,P058,16.324416687682138,74.29834884980589,Kolhapur,normal,statewide,28.388217907860223,1,7,ERA5-Land Daily Aggregated,Maharashtra,ERA5-Land Temperature
2017-03-19,2017-03-26,12.0,2017,P059,16.595891218916975,74.39111598812178,Kolhapur,normal,statewide,28.79661867050902,1,7,ERA5-Land Daily Aggregated,Maharashtra,ERA5-Land Temperature
2017-03-19,2017-03-26,12.0,2017,P060,16.414811584237594,74.29802779453004,Kolhapur,normal,statewide,28.708507156372093,1,7,ERA5-Land Daily Aggregated,Maharashtra,ERA5-Land Temperature
2017-03-19,2017-03-26,12.0,2017,P086,21.054127206758487,79.56798961993874,Nagpur,normal,statewide,29.45985574268161,1,7,ERA5-Land Daily Aggregated,Maharashtra,ERA5-Land Temperature
2017-03-19,2017-03-26,12.0,2017,P087,21.146765031143822,79.47473643960802,Nagpur,normal,statewide,29.66689861842565,1,7,ERA5-Land Daily Aggregated,Maharashtra,ERA5-Land Temperature
2017-03-19,2017-03-26,12.0,2017,P088,21.347803602138427,78.61442869606356,Nagpur,normal,statewide,28.70003198896137,1,7,ERA5-Land Daily Aggregated,Maharashtra,ERA5-Land Temperature
2017-03-19,2017-03-26,12.0,2017,P089,21.165377318940912,78.70615240473293,Nagpur,normal,statewide,29.27236736842565,1,7,ERA5-Land Daily Aggregated,Maharashtra,ERA5-Land Temperature
2017-03-19,2017-03-26,12.0,2017,P090,19.201968238592887,77.42470040309472,Nanded,normal,statewide,29.127068819318538,1,7,ERA5-Land Daily Aggregated,Maharashtra,ERA5-Land Temperature
2017-03-19,2017-03-26,12.0,2017,P091,18.566038000956755,77.69963965584807,Nanded,normal,statewide,29.148123041788722,1,7,ERA5-Land Daily Aggregated,Maharashtra,ERA5-Land Temperature
2017-03-19,2017-03-26,12.0,2017,P092,19.736596618496833,77.90946265591798,Nanded,normal,statewide,29.698253250122093,1,7,ERA5-Land Daily Aggregated,Maharashtra,ERA5-Land Temperature
2017-03-19,2017-03-26,12.0,2017,P093,18.93564842817583,77.04115528508362,Nanded,normal,statewide,28.87825464521137,1,7,ERA5-Land Daily Aggregated,Maharashtra,ERA5-Land Temperature
2017-03-19,2017-03-26,12.0,2017,P094,21.564917232430716,74.08292967791392,Nandurbar,normal,statewide,28.633567610241073,1,7,ERA5-Land Daily Aggregated,Maharashtra,ERA5-Land Temperature
2017-03-19,2017-03-26,12.0,2017,P095,21.5662594218478,74.37266422796263,Nandurbar,normal,statewide,29.742698469616073,1,7,ERA5-Land Daily Aggregated,Maharashtra,ERA5-Land Temperature
2017-03-19,2017-03-26,12.0,2017,P096,21.385179787168415,74.27697637845674,Nandurbar,normal,statewide,28.999278640747093,1,7,ERA5-Land Daily Aggregated,Maharashtra,ERA5-Land Temperature
2017-03-19,2017-03-26,12.0,2017,P097,21.565421110849755,74.17950488852946,Nandurbar,normal,statewide,29.06444093613402,1,7,ERA5-Land Daily Aggregated,Maharashtra,ERA5-Land Temperature
2017-03-19,2017-03-26,12.0,2017,P098,20.299553667393326,73.99482675929994,Nashik,normal,statewide,26.833065378098297,1,7,ERA5-Land Daily Aggregated,Maharashtra,ERA5-Land Temperature
2017-03-19,2017-03-26,12.0,2017,P099,20.120253214034264,74.28296495117151,Nashik,normal,statewide,28.07914750235426,1,7,ERA5-Land Daily Aggregated,Maharashtra,ERA5-Land Temperature
2017-03-19,2017-03-26,12.0,2017,P100,20.389903972938242,73.99424261706194,Nashik,normal,statewide,26.546083886282815,1,7,ERA5-Land Daily Aggregated,Maharashtra,ERA5-Land Temperature
2017-03-19,2017-03-26,12.0,2017,P101,20.029015547379707,74.09216447619562,Nashik,normal,statewide,27.94130105518161,1,7,ERA5-Land Daily Aggregated,Maharashtra,ERA5-Land Temperature
2017-03-19,2017-03-26,12.0,2017,P102,17.85749130266526,76.36802722645965,Osmanabad,normal,statewide,28.758079328991187,1,7,ERA5-Land Daily Aggregated,Maharashtra,ERA5-Land Temperature
2017-03-19,2017-03-26,12.0,2017,P103,17.76644983645705,76.46164605307673,Osmanabad,normal,statewide,29.121593093872093,1,7,ERA5-Land Daily Aggregated,Maharashtra,ERA5-Land Temperature
2017-03-19,2017-03-26,12.0,2017,P104,17.949094615606196,76.17989775301476,Osmanabad,normal,statewide,28.636195028395946,1,7,ERA5-Land Daily Aggregated,Maharashtra,ERA5-Land Temperature
2017-03-19,2017-03-26,12.0,2017,P105,18.584360447185368,75.61558067829696,Osmanabad,normal,statewide,28.384892945062575,1,7,ERA5-Land Daily Aggregated,Maharashtra,ERA5-Land Temperature
2017-03-19,2017-03-26,12.0,2017,P106,19.031389786894366,76.47235681380711,Parbhani,normal,statewide,28.87248827616378,1,7,ERA5-Land Daily Aggregated,Maharashtra,ERA5-Land Temperature
2017-03-19,2017-03-26,12.0,2017,P107,19.120950831552832,76.56820519095093,Parbhani,normal,statewide,28.385264968872093,1,7,ERA5-Land Daily Aggregated,Maharashtra,ERA5-Land Temperature
2017-03-19,2017-03-26,12.0,2017,P108,19.208625676465683,76.85432786914635,Parbhani,normal,statewide,28.79969949268167,1,7,ERA5-Land Daily Aggregated,Maharashtra,ERA5-Land Temperature
2017-03-19,2017-03-26,12.0,2017,P109,19.212081479782103,76.47396209018636,Parbhani,normal,statewide,28.43855737958637,1,7,ERA5-Land Daily Aggregated,Maharashtra,ERA5-Land Temperature
2017-03-19,2017-03-26,12.0,2017,P110,18.133442771357757,75.04679558432363,Pune,normal,statewide,29.750011062622093,1,7,ERA5-Land Daily Aggregated,Maharashtra,ERA5-Land Temperature
2017-03-19,2017-03-26,12.0,2017,P111,18.584645829652782,74.47919215212944,Pune,normal,statewide,29.55257105146137,1,7,ERA5-Land Daily Aggregated,Maharashtra,ERA5-Land Temperature
2017-03-19,2017-03-26,12.0,2017,P112,18.132979024848197,74.57507620208169,Pune,normal,statewide,29.641333607264926,1,7,ERA5-Land Daily Aggregated,Maharashtra,ERA5-Land Temperature
2017-03-19,2017-03-26,12.0,2017,P113,18.314072036830744,74.76389683618987,Pune,normal,statewide,30.567510132562575,1,7,ERA5-Land Daily Aggregated,Maharashtra,ERA5-Land Temperature
2017-03-19,2017-03-26,12.0,2017,P114,18.48503397121986,73.0589238755964,Raigarh,normal,statewide,26.849632063366073,1,7,ERA5-Land Daily Aggregated,Maharashtra,ERA5-Land Temperature
2017-03-19,2017-03-26,12.0,2017,P115,18.665689991299164,73.05687714821288,Raigarh,normal,statewide,26.997313890003,1,7,ERA5-Land Daily Aggregated,Maharashtra,ERA5-Land Temperature
2017-03-19,2017-03-26,12.0,2017,P116,18.306197264370358,73.25009891506079,Raigarh,normal,statewide,28.007904942830464,1,7,ERA5-Land Daily Aggregated,Maharashtra,ERA5-Land Temperature
2017-03-19,2017-03-26,12.0,2017,P117,18.21404102289879,73.06194714611064,Raigarh,normal,statewide,26.918479719616187,1,7,ERA5-Land Daily Aggregated,Maharashtra,ERA5-Land Temperature
2017-03-19,2017-03-26,12.0,2017,P118,17.138719885658215,75.42259970290594,Sangli,normal,statewide,31.504347465151852,1,7,ERA5-Land Daily Aggregated,Maharashtra,ERA5-Land Temperature
2017-03-19,2017-03-26,12.0,2017,P119,17.048761981005992,74.95348443567921,Sangli,normal,statewide,30.550908570062518,1,7,ERA5-Land Daily Aggregated,Maharashtra,ERA5-Land Temperature
2017-03-19,2017-03-26,12.0,2017,P120,16.86707144948229,74.39025538161847,Sangli,normal,statewide,28.87360434759239,1,7,ERA5-Land Daily Aggregated,Maharashtra,ERA5-Land Temperature
2017-03-19,2017-03-26,12.0,2017,P121,17.048503353144895,74.67157114887826,Sangli,normal,statewide,29.995081747145946,1,7,ERA5-Land Daily Aggregated,Maharashtra,ERA5-Land Temperature
2017-03-19,2017-03-26,12.0,2017,P148,17.67852974098626,76.08383979812143,Solapur,normal,statewide,30.156284314110223,1,7,ERA5-Land Daily Aggregated,Maharashtra,ERA5-Land Temperature
2017-03-19,2017-03-26,12.0,2017,P149,18.223365003201543,75.4251413905064,Solapur,normal,statewide,30.425966698782815,1,7,ERA5-Land Daily Aggregated,Maharashtra,ERA5-Land Temperature
2017-03-19,2017-03-26,12.0,2017,P150,17.952532582518405,75.23562067753285,Solapur,normal,statewide,30.554907826014926,1,7,ERA5-Land Daily Aggregated,Maharashtra,ERA5-Land Temperature
2017-03-19,2017-03-26,12.0,2017,P151,18.223690517578447,75.23598186471818,Solapur,normal,statewide,30.533132807413722,1,7,ERA5-Land Daily Aggregated,Maharashtra,ERA5-Land Temperature
2017-03-19,2017-03-26,12.0,2017,P152,19.658178867370932,72.94986318203122,Thane,normal,statewide,28.582925869169685,1,7,ERA5-Land Daily Aggregated,Maharashtra,ERA5-Land Temperature
2017-03-19,2017-03-26,12.0,2017,P153,19.65706409210757,72.8545320606096,Thane,normal,statewide,27.806733067830407,1,7,ERA5-Land Daily Aggregated,Maharashtra,ERA5-Land Temperature
2017-03-19,2017-03-26,12.0,2017,P154,19.477549601897948,72.95214624177059,Thane,normal,statewide,28.08265847705661,1,7,ERA5-Land Daily Aggregated,Maharashtra,ERA5-Land Temperature
2017-03-19,2017-03-26,12.0,2017,P155,19.83987385799569,73.0429959666335,Thane,normal,statewide,28.525308681669685,1,7,ERA5-Land Daily Aggregated,Maharashtra,ERA5-Land Temperature
2017-03-19,2017-03-26,12.0,2017,P156,20.806749657616468,78.60135461177485,Wardha,normal,statewide,29.765403547741073,1,7,ERA5-Land Daily Aggregated,Maharashtra,ERA5-Land Temperature
2017-03-19,2017-03-26,12.0,2017,P157,20.71031267913359,78.88671032458906,Wardha,normal,statewide,29.9793521154495,1,7,ERA5-Land Daily Aggregated,Maharashtra,ERA5-Land Temperature
2017-03-19,2017-03-26,12.0,2017,P158,21.081265295769754,78.41565980750515,Wardha,normal,statewide,29.247476650419742,1,7,ERA5-Land Daily Aggregated,Maharashtra,ERA5-Land Temperature
2017-03-19,2017-03-26,12.0,2017,P159,20.439854822938944,78.87986114537097,Wardha,normal,statewide,30.174571609497093,1,7,ERA5-Land Daily Aggregated,Maharashtra,ERA5-Land Temperature
2017-03-19,2017-03-26,12.0,2017,P160,20.289186257444058,77.15404188735265,Washim,normal,statewide,29.573450887770946,1,7,ERA5-Land Daily Aggregated,Maharashtra,ERA5-Land Temperature
2017-03-19,2017-03-26,12.0,2017,P161,20.464607292886615,77.53975858757677,Washim,normal,statewide,29.902285058157815,1,7,ERA5-Land Daily Aggregated,Maharashtra,ERA5-Land Temperature
2017-03-19,2017-03-26,12.0,2017,P162,20.107393166596125,77.2471479173486,Washim,normal,statewide,29.631033198038722,1,7,ERA5-Land Daily Aggregated,Maharashtra,ERA5-Land Temperature
2017-03-19,2017-03-26,12.0,2017,P163,20.198885002010726,77.1527933390577,Washim,normal,statewide,29.596074585687518,1,7,ERA5-Land Daily Aggregated,Maharashtra,ERA5-Land Temperature
2017-03-19,2017-03-26,12.0,2017,P164,20.182854533723592,78.20447678161395,Yavatmal,normal,statewide,30.120372390747093,1,7,ERA5-Land Daily Aggregated,Maharashtra,ERA5-Land Temperature
2017-03-19,2017-03-26,12.0,2017,P165,19.894658373538324,79.05709703494229,Yavatmal,normal,statewide,30.331565657116187,1,7,ERA5-Land Daily Aggregated,Maharashtra,ERA5-Land Temperature
2017-03-19,2017-03-26,12.0,2017,P166,19.468787468327925,77.71426550730338,Yavatmal,normal,statewide,29.858130482264926,1,7,ERA5-Land Daily Aggregated,Maharashtra,ERA5-Land Temperature
2017-03-19,2017-03-26,12.0,2017,P167,19.559057510053886,77.71577268345945,Yavatmal,normal,statewide,29.561767015003,1,7,ERA5-Land Daily Aggregated,Maharashtra,ERA5-Land Temperature
2017-03-26,2017-04-02,13.0,2017,P147,17.927231643141155,73.94769852026607,Satara,case_study,case_study,28.8888768513998,1,7,ERA5-Land Daily Aggregated,Maharashtra,ERA5-Land Temperature
2017-03-26,2017-04-02,13.0,2017,P061,18.507855650411397,76.91766048140843,Latur,high,priority,32.518538774762874,1,7,ERA5-Land Daily Aggregated,Maharashtra,ERA5-Land Temperature
2017-03-26,2017-04-02,13.0,2017,P062,18.422405896924207,76.3487594508077,Latur,high,priority,31.680822535923596,1,7,ERA5-Land Daily Aggregated,Maharashtra,ERA5-Land Temperature
2017-03-26,2017-04-02,13.0,2017,P063,18.235391198742693,77.05646783810116,Latur,high,priority,31.40453672863191,1,7,ERA5-Land Daily Aggregated,Maharashtra,ERA5-Land Temperature
2017-03-26,2017-04-02,13.0,2017,P064,18.193056493341274,76.77240080549139,Latur,high,priority,31.236800493512874,1,7,ERA5-Land Daily Aggregated,Maharashtra,ERA5-Land Temperature
2017-03-26,2017-04-02,13.0,2017,P065,18.331355512513895,76.44266811899327,Latur,high,priority,31.347210184733058,1,7,ERA5-Land Daily Aggregated,Maharashtra,ERA5-Land Temperature
2017-03-26,2017-04-02,13.0,2017,P066,18.104739537876725,76.5352970251765,Latur,high,priority,30.831189909435523,1,7,ERA5-Land Daily Aggregated,Maharashtra,ERA5-Land Temperature
2017-03-26,2017-04-02,13.0,2017,P067,18.280552974211986,77.0569984711265,Latur,high,priority,31.40453672863191,1,7,ERA5-Land Daily Aggregated,Maharashtra,ERA5-Land Temperature
2017-03-26,2017-04-02,13.0,2017,P068,18.101823285787773,76.86595720469373,Latur,high,priority,31.360823931012874,1,7,ERA5-Land Daily Aggregated,Maharashtra,ERA5-Land Temperature
2017-03-26,2017-04-02,13.0,2017,P069,18.595075667016793,77.20284228928156,Latur,high,priority,32.52130570184619,1,7,ERA5-Land Daily Aggregated,Maharashtra,ERA5-Land Temperature
2017-03-26,2017-04-02,13.0,2017,P070,18.41499041187233,77.15322587185987,Latur,high,priority,32.312972368512874,1,7,ERA5-Land Daily Aggregated,Maharashtra,ERA5-Land Temperature
2017-03-26,2017-04-02,13.0,2017,P071,18.149138807065885,76.63019561379593,Latur,high,priority,31.032117643810523,1,7,ERA5-Land Daily Aggregated,Maharashtra,ERA5-Land Temperature
2017-03-26,2017-04-02,13.0,2017,P072,18.283393421583035,76.77331492120734,Latur,high,priority,31.578016081310523,1,7,ERA5-Land Daily Aggregated,Maharashtra,ERA5-Land Temperature
2017-03-26,2017-04-02,13.0,2017,P073,17.966315663874607,76.86453029235662,Latur,high,priority,31.453132338751004,1,7,ERA5-Land Daily Aggregated,Maharashtra,ERA5-Land Temperature
2017-03-26,2017-04-02,13.0,2017,P074,18.50832831512306,76.870318205524,Latur,high,priority,32.49593832833426,1,7,ERA5-Land Daily Aggregated,Maharashtra,ERA5-Land Temperature
2017-03-26,2017-04-02,13.0,2017,P075,18.41444640154381,77.20053247493588,Latur,high,priority,32.21853644961402,1,7,ERA5-Land Daily Aggregated,Maharashtra,ERA5-Land Temperature
2017-03-26,2017-04-02,13.0,2017,P076,18.377877313804504,76.25376722106614,Latur,high,priority,31.060368201846188,1,7,ERA5-Land Daily Aggregated,Maharashtra,ERA5-Land Temperature
2017-03-26,2017-04-02,13.0,2017,P077,18.059564385104267,76.5349046242838,Latur,high,priority,30.83494502476293,1,7,ERA5-Land Daily Aggregated,Maharashtra,ERA5-Land Temperature
2017-03-26,2017-04-02,13.0,2017,P078,18.1008824154655,76.96042326051098,Latur,high,priority,31.488474600655707,1,7,ERA5-Land Daily Aggregated,Maharashtra,ERA5-Land Temperature
2017-03-26,2017-04-02,13.0,2017,P079,18.73508698099394,76.77797468180819,Latur,high,priority,32.50420423235215,1,7,ERA5-Land Daily Aggregated,Maharashtra,ERA5-Land Temperature
2017-03-26,2017-04-02,13.0,2017,P080,18.46791548227568,76.3017694439065,Latur,high,priority,31.680822535923596,1,7,ERA5-Land Daily Aggregated,Maharashtra,ERA5-Land Temperature
2017-03-26,2017-04-02,13.0,2017,P081,18.10355787609756,76.67701617485712,Latur,high,priority,31.032117643810523,1,7,ERA5-Land Daily Aggregated,Maharashtra,ERA5-Land Temperature
2017-03-26,2017-04-02,13.0,2017,P082,18.23907887531389,76.67830931416262,Latur,high,priority,31.398700605119984,1,7,ERA5-Land Daily Aggregated,Maharashtra,ERA5-Land Temperature
2017-03-26,2017-04-02,13.0,2017,P083,18.369289085175563,77.19996171000103,Latur,high,priority,31.81893637520926,1,7,ERA5-Land Daily Aggregated,Maharashtra,ERA5-Land Temperature
2017-03-26,2017-04-02,13.0,2017,P084,18.46362582706226,76.82249880582684,Latur,high,priority,31.9546901884533,1,7,ERA5-Land Daily Aggregated,Maharashtra,ERA5-Land Temperature
2017-03-26,2017-04-02,13.0,2017,P085,18.14788579966987,76.77194597718393,Latur,high,priority,31.236800493512874,1,7,ERA5-Land Daily Aggregated,Maharashtra,ERA5-Land Temperature
2017-03-26,2017-04-02,13.0,2017,P122,17.88145897082753,73.8441448165019,Satara,high,priority,28.418382989792633,1,7,ERA5-Land Daily Aggregated,Maharashtra,ERA5-Land Temperature
2017-03-26,2017-04-02,13.0,2017,P123,17.386414030975025,74.27088970551878,Satara,high,priority,29.521875363304503,1,7,ERA5-Land Daily Aggregated,Maharashtra,ERA5-Land Temperature
2017-03-26,2017-04-02,13.0,2017,P124,17.43262815429294,74.647353771057,Satara,high,priority,31.294475809733115,1,7,ERA5-Land Daily Aggregated,Maharashtra,ERA5-Land Temperature
2017-03-26,2017-04-02,13.0,2017,P125,17.56734651531964,74.31728219287884,Satara,high,priority,30.36992688860215,1,7,ERA5-Land Daily Aggregated,Maharashtra,ERA5-Land Temperature
2017-03-26,2017-04-02,13.0,2017,P126,17.205080227535593,74.13053949986157,Satara,high,priority,29.317634291875947,1,7,ERA5-Land Daily Aggregated,Maharashtra,ERA5-Land Temperature
2017-03-26,2017-04-02,13.0,2017,P127,17.65773249367299,74.31694330119876,Satara,high,priority,30.196970694405707,1,7,ERA5-Land Daily Aggregated,Maharashtra,ERA5-Land Temperature
2017-03-26,2017-04-02,13.0,2017,P128,18.019949731345452,74.5517328080669,Satara,high,priority,32.44561048235215,1,7,ERA5-Land Daily Aggregated,Maharashtra,ERA5-Land Temperature
2017-03-26,2017-04-02,13.0,2017,P129,18.063234225271252,74.03192648006461,Satara,high,priority,30.407059515090282,1,7,ERA5-Land Daily Aggregated,Maharashtra,ERA5-Land Temperature
2017-03-26,2017-04-02,13.0,2017,P130,17.61135784271715,74.03436560834085,Satara,high,priority,29.853371829078355,1,7,ERA5-Land Daily Aggregated,Maharashtra,ERA5-Land Temperature
2017-03-26,2017-04-02,13.0,2017,P131,17.612539504496315,74.3171127470388,Satara,high,priority,30.196970694405707,1,7,ERA5-Land Daily Aggregated,Maharashtra,ERA5-Land Temperature
2017-03-26,2017-04-02,13.0,2017,P132,17.702176353872684,74.12817617630324,Satara,high,priority,29.53005988711402,1,7,ERA5-Land Daily Aggregated,Maharashtra,ERA5-Land Temperature
2017-03-26,2017-04-02,13.0,2017,P133,17.25006363896275,74.08329532420031,Satara,high,priority,29.081038774762874,1,7,ERA5-Land Daily Aggregated,Maharashtra,ERA5-Land Temperature
2017-03-26,2017-04-02,13.0,2017,P134,17.476429903940936,74.17634784498362,Satara,high,priority,29.436693536667633,1,7,ERA5-Land Daily Aggregated,Maharashtra,ERA5-Land Temperature
2017-03-26,2017-04-02,13.0,2017,P135,17.882716437324603,74.0801070669471,Satara,high,priority,28.891829790387874,1,7,ERA5-Land Daily Aggregated,Maharashtra,ERA5-Land Temperature
2017-03-26,2017-04-02,13.0,2017,P136,17.928520323345598,74.22149178404871,Satara,high,priority,31.451934887114078,1,7,ERA5-Land Daily Aggregated,Maharashtra,ERA5-Land Temperature
2017-03-26,2017-04-02,13.0,2017,P137,17.746687100588183,73.98648378122894,Satara,high,priority,28.966873968215282,1,7,ERA5-Land Daily Aggregated,Maharashtra,ERA5-Land Temperature
2017-03-26,2017-04-02,13.0,2017,P138,17.61269557303319,74.36423652697161,Satara,high,priority,30.196970694405707,1,7,ERA5-Land Daily Aggregated,Maharashtra,ERA5-Land Temperature
2017-03-26,2017-04-02,13.0,2017,P139,17.656773786946495,74.08126197411994,Satara,high,priority,29.853371829078355,1,7,ERA5-Land Daily Aggregated,Maharashtra,ERA5-Land Temperature
2017-03-26,2017-04-02,13.0,2017,P140,17.97464080554139,74.50462240543725,Satara,high,priority,32.420638384137874,1,7,ERA5-Land Daily Aggregated,Maharashtra,ERA5-Land Temperature
2017-03-26,2017-04-02,13.0,2017,P141,17.430826677467348,74.08239904488856,Satara,high,priority,29.194564165387874,1,7,ERA5-Land Daily Aggregated,Maharashtra,ERA5-Land Temperature
2017-03-26,2017-04-02,13.0,2017,P142,18.064447100757786,74.31538707493111,Satara,high,priority,32.054520452590225,1,7,ERA5-Land Daily Aggregated,Maharashtra,ERA5-Land Temperature
2017-03-26,2017-04-02,13.0,2017,P143,17.70379500755509,74.6468275971327,Satara,high,priority,31.928718276250947,1,7,ERA5-Land Daily Aggregated,Maharashtra,ERA5-Land Temperature
2017-03-26,2017-04-02,13.0,2017,P144,17.929452275465767,74.50474726026674,Satara,high,priority,32.420638384137874,1,7,ERA5-Land Daily Aggregated,Maharashtra,ERA5-Land Temperature
2017-03-26,2017-04-02,13.0,2017,P145,17.47773196144854,74.60017202281048,Satara,high,priority,30.997298540387874,1,7,ERA5-Land Daily Aggregated,Maharashtra,ERA5-Land Temperature
2017-03-26,2017-04-02,13.0,2017,P146,17.839182233739812,74.55218763637436,Satara,high,priority,31.76520218622113,1,7,ERA5-Land Daily Aggregated,Maharashtra,ERA5-Land Temperature
2017-03-26,2017-04-02,13.0,2017,P001,19.940457800458272,74.57045211428928,Ahmednagar,normal,statewide,31.7733983357748,1,7,ERA5-Land Daily Aggregated,Maharashtra,ERA5-Land Temperature
2017-03-26,2017-04-02,13.0,2017,P002,18.946729294293643,74.76302285238339,Ahmednagar,normal,statewide,32.336723763602095,1,7,ERA5-Land Daily Aggregated,Maharashtra,ERA5-Land Temperature
2017-03-26,2017-04-02,13.0,2017,P003,18.49469238410162,74.66892244285252,Ahmednagar,normal,statewide,32.81750640869143,1,7,ERA5-Land Daily Aggregated,Maharashtra,ERA5-Land Temperature
2017-03-26,2017-04-02,13.0,2017,P004,19.03720445466806,75.1420731965326,Ahmednagar,normal,statewide,31.626646568661727,1,7,ERA5-Land Daily Aggregated,Maharashtra,ERA5-Land Temperature
2017-03-26,2017-04-02,13.0,2017,P005,20.832153156317954,77.06560453615967,Akola,normal,statewide,32.77824627104263,1,7,ERA5-Land Daily Aggregated,Maharashtra,ERA5-Land Temperature
2017-03-26,2017-04-02,13.0,2017,P006,20.834360411339407,76.87349308547405,Akola,normal,statewide,32.9364842732748,1,7,ERA5-Land Daily Aggregated,Maharashtra,ERA5-Land Temperature
2017-03-26,2017-04-02,13.0,2017,P007,21.014976299509232,76.87574047240498,Akola,normal,statewide,33.021968369256854,1,7,ERA5-Land Daily Aggregated,Maharashtra,ERA5-Land Temperature
2017-03-26,2017-04-02,13.0,2017,P008,20.828434266039377,77.35372489162701,Akola,normal,statewide,32.64342251732245,1,7,ERA5-Land Daily Aggregated,Maharashtra,ERA5-Land Temperature
2017-03-26,2017-04-02,13.0,2017,P009,21.360971327549258,77.94039543992572,Amravati,normal,statewide,32.85062815348306,1,7,ERA5-Land Daily Aggregated,Maharashtra,ERA5-Land Temperature
2017-03-26,2017-04-02,13.0,2017,P010,21.178803672212837,78.03301542790685,Amravati,normal,statewide,33.14136476062595,1,7,ERA5-Land Daily Aggregated,Maharashtra,ERA5-Land Temperature
2017-03-26,2017-04-02,13.0,2017,P011,20.814388097721018,78.21764450702477,Amravati,normal,statewide,33.38797004336408,1,7,ERA5-Land Daily Aggregated,Maharashtra,ERA5-Land Temperature
2017-03-26,2017-04-02,13.0,2017,P012,21.180502589714195,77.93681032267875,Amravati,normal,statewide,33.3785648164295,1,7,ERA5-Land Daily Aggregated,Maharashtra,ERA5-Land Temperature
2017-03-26,2017-04-02,13.0,2017,P013,20.031289688916964,74.8570519162974,Aurangabad,normal,statewide,31.92242874872113,1,7,ERA5-Land Daily Aggregated,Maharashtra,ERA5-Land Temperature
2017-03-26,2017-04-02,13.0,2017,P014,19.760185263069562,75.14270192978114,Aurangabad,normal,statewide,32.53937210809613,1,7,ERA5-Land Daily Aggregated,Maharashtra,ERA5-Land Temperature
2017-03-26,2017-04-02,13.0,2017,P015,19.9408189876436,74.76157364454102,Aurangabad,normal,statewide,32.03616340273902,1,7,ERA5-Land Daily Aggregated,Maharashtra,ERA5-Land Temperature
2017-03-26,2017-04-02,13.0,2017,P016,19.66981712112043,75.14262166596218,Aurangabad,normal,statewide,32.20439954485215,1,7,ERA5-Land Daily Aggregated,Maharashtra,ERA5-Land Temperature
2017-03-26,2017-04-02,13.0,2017,P017,21.04613203856966,79.85576216552393,Bhandara,normal,statewide,33.301497759137874,1,7,ERA5-Land Daily Aggregated,Maharashtra,ERA5-Land Temperature
2017-03-26,2017-04-02,13.0,2017,P018,21.31897105472685,79.76852877161537,Bhandara,normal,statewide,33.40002593994143,1,7,ERA5-Land Daily Aggregated,Maharashtra,ERA5-Land Temperature
2017-03-26,2017-04-02,13.0,2017,P019,21.40900922319803,79.77144948280537,Bhandara,normal,statewide,33.16651124500095,1,7,ERA5-Land Daily Aggregated,Maharashtra,ERA5-Land Temperature
2017-03-26,2017-04-02,13.0,2017,P020,21.144196588937042,79.57074980349083,Bhandara,normal,statewide,33.15480412074504,1,7,ERA5-Land Daily Aggregated,Maharashtra,ERA5-Land Temperature
2017-03-26,2017-04-02,13.0,2017,P021,18.67502288980403,75.52108340877234,Bid,normal,statewide,31.556229436965282,1,7,ERA5-Land Daily Aggregated,Maharashtra,ERA5-Land Temperature
2017-03-26,2017-04-02,13.0,2017,P022,18.856499384477168,75.04699178476999,Bid,normal,statewide,32.54156937372113,1,7,ERA5-Land Daily Aggregated,Maharashtra,ERA5-Land Temperature
2017-03-26,2017-04-02,13.0,2017,P023,19.126596053486494,75.6175605191647,Bid,normal,statewide,32.52574673607245,1,7,ERA5-Land Daily Aggregated,Maharashtra,ERA5-Land Temperature
2017-03-26,2017-04-02,13.0,2017,P024,18.763955201213946,75.90084720909012,Bid,normal,statewide,31.18853040422715,1,7,ERA5-Land Daily Aggregated,Maharashtra,ERA5-Land Temperature
2017-03-26,2017-04-02,13.0,2017,P025,20.93073496240753,76.20164478885242,Buldana,normal,statewide,32.21382802327474,1,7,ERA5-Land Daily Aggregated,Maharashtra,ERA5-Land Temperature
2017-03-26,2017-04-02,13.0,2017,P026,20.838939908121294,76.39311412898633,Buldana,normal,statewide,32.87289145333426,1,7,ERA5-Land Daily Aggregated,Maharashtra,ERA5-Land Temperature
2017-03-26,2017-04-02,13.0,2017,P027,20.657476790751314,76.48742857536776,Buldana,normal,statewide,32.96611829485215,1,7,ERA5-Land Daily Aggregated,Maharashtra,ERA5-Land Temperature
2017-03-26,2017-04-02,13.0,2017,P028,20.47967013624516,76.10222021266374,Buldana,normal,statewide,31.924358622233058,1,7,ERA5-Land Daily Aggregated,Maharashtra,ERA5-Land Temperature
2017-03-26,2017-04-02,13.0,2017,P029,20.32317798477448,79.92829390325927,Chandrapur,normal,statewide,33.08622385660806,1,7,ERA5-Land Daily Aggregated,Maharashtra,ERA5-Land Temperature
2017-03-26,2017-04-02,13.0,2017,P030,20.60872097983294,79.36304041732026,Chandrapur,normal,statewide,33.52713019961408,1,7,ERA5-Land Daily Aggregated,Maharashtra,ERA5-Land Temperature
2017-03-26,2017-04-02,13.0,2017,P031,20.511160307884595,79.64732594588165,Chandrapur,normal,statewide,33.510237993512874,1,7,ERA5-Land Daily Aggregated,Maharashtra,ERA5-Land Temperature
2017-03-26,2017-04-02,13.0,2017,P032,20.598621115946884,79.74569817422172,Chandrapur,normal,statewide,33.45019102550691,1,7,ERA5-Land Daily Aggregated,Maharashtra,ERA5-Land Temperature
2017-03-26,2017-04-02,13.0,2017,P033,21.38667804512237,75.14422248324037,Dhule,normal,statewide,32.85205812000095,1,7,ERA5-Land Daily Aggregated,Maharashtra,ERA5-Land Temperature
2017-03-26,2017-04-02,13.0,2017,P034,21.025151968113196,74.75989256344387,Dhule,normal,statewide,33.418929399762874,1,7,ERA5-Land Daily Aggregated,Maharashtra,ERA5-Land Temperature
2017-03-26,2017-04-02,13.0,2017,P035,21.477028350667293,74.85568743137505,Dhule,normal,statewide,32.66424422491173,1,7,ERA5-Land Daily Aggregated,Maharashtra,ERA5-Land Temperature
2017-03-26,2017-04-02,13.0,2017,P036,20.933820660336515,74.37533522949364,Dhule,normal,statewide,33.02575836181643,1,7,ERA5-Land Daily Aggregated,Maharashtra,ERA5-Land Temperature
2017-03-26,2017-04-02,13.0,2017,P037,19.963056524597132,79.91698116388667,Garhchiroli,normal,statewide,33.37061280750095,1,7,ERA5-Land Daily Aggregated,Maharashtra,ERA5-Land Temperature
2017-03-26,2017-04-02,13.0,2017,P038,19.062661462582188,79.88977172925856,Garhchiroli,normal,statewide,33.015946233840225,1,7,ERA5-Land Daily Aggregated,Maharashtra,ERA5-Land Temperature
2017-03-26,2017-04-02,13.0,2017,P039,19.510270485428137,79.9981368030594,Garhchiroli,normal,statewide,33.80775240943552,1,7,ERA5-Land Daily Aggregated,Maharashtra,ERA5-Land Temperature
2017-03-26,2017-04-02,13.0,2017,P040,19.870365190999156,80.00935144220881,Garhchiroli,normal,statewide,33.52332858131041,1,7,ERA5-Land Daily Aggregated,Maharashtra,ERA5-Land Temperature
2017-03-26,2017-04-02,13.0,2017,P041,21.127639946725598,80.1465044724107,Gondiya,normal,statewide,33.35967298235215,1,7,ERA5-Land Daily Aggregated,Maharashtra,ERA5-Land Temperature
2017-03-26,2017-04-02,13.0,2017,P042,21.397598383602258,80.15591763473452,Gondiya,normal,statewide,33.09111829485215,1,7,ERA5-Land Daily Aggregated,Maharashtra,ERA5-Land Temperature
2017-03-26,2017-04-02,13.0,2017,P043,21.574548890706154,80.25847249986273,Gondiya,normal,statewide,32.79956788562595,1,7,ERA5-Land Daily Aggregated,Maharashtra,ERA5-Land Temperature
2017-03-26,2017-04-02,13.0,2017,P044,21.211649410572516,80.34153217518526,Gondiya,normal,statewide,33.34589647565571,1,7,ERA5-Land Daily Aggregated,Maharashtra,ERA5-Land Temperature
2017-03-26,2017-04-02,13.0,2017,P045,19.655900266732623,77.2407892392464,Hingoli,normal,statewide,33.507680329822335,1,7,ERA5-Land Daily Aggregated,Maharashtra,ERA5-Land Temperature
2017-03-26,2017-04-02,13.0,2017,P046,19.566758377573187,77.1442675378435,Hingoli,normal,statewide,33.23003431047715,1,7,ERA5-Land Daily Aggregated,Maharashtra,ERA5-Land Temperature
2017-03-26,2017-04-02,13.0,2017,P047,19.47860194974656,76.9526242927685,Hingoli,normal,statewide,33.148793611072335,1,7,ERA5-Land Daily Aggregated,Maharashtra,ERA5-Land Temperature
2017-03-26,2017-04-02,13.0,2017,P048,19.927981235710728,77.14910120338544,Hingoli,normal,statewide,33.41552305675691,1,7,ERA5-Land Daily Aggregated,Maharashtra,ERA5-Land Temperature
2017-03-26,2017-04-02,13.0,2017,P049,21.292738163229433,76.10816865346904,Jalgaon,normal,statewide,32.76734132312595,1,7,ERA5-Land Daily Aggregated,Maharashtra,ERA5-Land Temperature
2017-03-26,2017-04-02,13.0,2017,P050,21.386178625804387,75.43363151891216,Jalgaon,normal,statewide,31.12854156494143,1,7,ERA5-Land Daily Aggregated,Maharashtra,ERA5-Land Temperature
2017-03-26,2017-04-02,13.0,2017,P051,21.112064306745907,76.10682200495089,Jalgaon,normal,statewide,32.229906427292576,1,7,ERA5-Land Daily Aggregated,Maharashtra,ERA5-Land Temperature
2017-03-26,2017-04-02,13.0,2017,P052,20.844437979720194,75.23982115072519,Jalgaon,normal,statewide,32.62849506196528,1,7,ERA5-Land Daily Aggregated,Maharashtra,ERA5-Land Temperature
2017-03-26,2017-04-02,13.0,2017,P053,19.486369703781666,76.00005328932718,Jalna,normal,statewide,32.48641684395926,1,7,ERA5-Land Daily Aggregated,Maharashtra,ERA5-Land Temperature
2017-03-26,2017-04-02,13.0,2017,P054,20.028502750758555,76.00343774702675,Jalna,normal,statewide,33.1891116914295,1,7,ERA5-Land Daily Aggregated,Maharashtra,ERA5-Land Temperature
2017-03-26,2017-04-02,13.0,2017,P055,19.75743845682064,76.00172991132328,Jalna,normal,statewide,32.71122385660806,1,7,ERA5-Land Daily Aggregated,Maharashtra,ERA5-Land Temperature
2017-03-26,2017-04-02,13.0,2017,P056,19.57768317515413,75.80993951591351,Jalna,normal,statewide,32.70907309395926,1,7,ERA5-Land Daily Aggregated,Maharashtra,ERA5-Land Temperature
2017-03-26,2017-04-02,13.0,2017,P057,16.776377793156257,74.29671235971928,Kolhapur,normal,statewide,29.1674413045248,1,7,ERA5-Land Daily Aggregated,Maharashtra,ERA5-Land Temperature
2017-03-26,2017-04-02,13.0,2017,P058,16.324416687682138,74.29834884980589,Kolhapur,normal,statewide,28.7950222197033,1,7,ERA5-Land Daily Aggregated,Maharashtra,ERA5-Land Temperature
2017-03-26,2017-04-02,13.0,2017,P059,16.595891218916975,74.39111598812178,Kolhapur,normal,statewide,29.41790633428667,1,7,ERA5-Land Daily Aggregated,Maharashtra,ERA5-Land Temperature
2017-03-26,2017-04-02,13.0,2017,P060,16.414811584237594,74.29802779453004,Kolhapur,normal,statewide,29.129959905715282,1,7,ERA5-Land Daily Aggregated,Maharashtra,ERA5-Land Temperature
2017-03-26,2017-04-02,13.0,2017,P086,21.054127206758487,79.56798961993874,Nagpur,normal,statewide,33.07190093994143,1,7,ERA5-Land Daily Aggregated,Maharashtra,ERA5-Land Temperature
2017-03-26,2017-04-02,13.0,2017,P087,21.146765031143822,79.47473643960802,Nagpur,normal,statewide,33.04080207461408,1,7,ERA5-Land Daily Aggregated,Maharashtra,ERA5-Land Temperature
2017-03-26,2017-04-02,13.0,2017,P088,21.347803602138427,78.61442869606356,Nagpur,normal,statewide,32.42550957089378,1,7,ERA5-Land Daily Aggregated,Maharashtra,ERA5-Land Temperature
2017-03-26,2017-04-02,13.0,2017,P089,21.165377318940912,78.70615240473293,Nagpur,normal,statewide,32.83720041910806,1,7,ERA5-Land Daily Aggregated,Maharashtra,ERA5-Land Temperature
2017-03-26,2017-04-02,13.0,2017,P090,19.201968238592887,77.42470040309472,Nanded,normal,statewide,32.81655309767956,1,7,ERA5-Land Daily Aggregated,Maharashtra,ERA5-Land Temperature
2017-03-26,2017-04-02,13.0,2017,P091,18.566038000956755,77.69963965584807,Nanded,normal,statewide,32.658954511369984,1,7,ERA5-Land Daily Aggregated,Maharashtra,ERA5-Land Temperature
2017-03-26,2017-04-02,13.0,2017,P092,19.736596618496833,77.90946265591798,Nanded,normal,statewide,33.26848064604263,1,7,ERA5-Land Daily Aggregated,Maharashtra,ERA5-Land Temperature
2017-03-26,2017-04-02,13.0,2017,P093,18.93564842817583,77.04115528508362,Nanded,normal,statewide,32.527095322381854,1,7,ERA5-Land Daily Aggregated,Maharashtra,ERA5-Land Temperature
2017-03-26,2017-04-02,13.0,2017,P094,21.564917232430716,74.08292967791392,Nandurbar,normal,statewide,31.1885769072033,1,7,ERA5-Land Daily Aggregated,Maharashtra,ERA5-Land Temperature
2017-03-26,2017-04-02,13.0,2017,P095,21.5662594218478,74.37266422796263,Nandurbar,normal,statewide,32.732161821637874,1,7,ERA5-Land Daily Aggregated,Maharashtra,ERA5-Land Temperature
2017-03-26,2017-04-02,13.0,2017,P096,21.385179787168415,74.27697637845674,Nandurbar,normal,statewide,31.854290262858115,1,7,ERA5-Land Daily Aggregated,Maharashtra,ERA5-Land Temperature
2017-03-26,2017-04-02,13.0,2017,P097,21.565421110849755,74.17950488852946,Nandurbar,normal,statewide,31.7773045857748,1,7,ERA5-Land Daily Aggregated,Maharashtra,ERA5-Land Temperature
2017-03-26,2017-04-02,13.0,2017,P098,20.299553667393326,73.99482675929994,Nashik,normal,statewide,30.001379176548596,1,7,ERA5-Land Daily Aggregated,Maharashtra,ERA5-Land Temperature
2017-03-26,2017-04-02,13.0,2017,P099,20.120253214034264,74.28296495117151,Nashik,normal,statewide,31.25976133800691,1,7,ERA5-Land Daily Aggregated,Maharashtra,ERA5-Land Temperature
2017-03-26,2017-04-02,13.0,2017,P100,20.389903972938242,73.99424261706194,Nashik,normal,statewide,29.75978458949504,1,7,ERA5-Land Daily Aggregated,Maharashtra,ERA5-Land Temperature
2017-03-26,2017-04-02,13.0,2017,P101,20.029015547379707,74.09216447619562,Nashik,normal,statewide,30.988428097679503,1,7,ERA5-Land Daily Aggregated,Maharashtra,ERA5-Land Temperature
2017-03-26,2017-04-02,13.0,2017,P102,17.85749130266526,76.36802722645965,Osmanabad,normal,statewide,31.498077465239078,1,7,ERA5-Land Daily Aggregated,Maharashtra,ERA5-Land Temperature
2017-03-26,2017-04-02,13.0,2017,P103,17.76644983645705,76.46164605307673,Osmanabad,normal,statewide,31.822865876697335,1,7,ERA5-Land Daily Aggregated,Maharashtra,ERA5-Land Temperature
2017-03-26,2017-04-02,13.0,2017,P104,17.949094615606196,76.17989775301476,Osmanabad,normal,statewide,31.632017662411727,1,7,ERA5-Land Daily Aggregated,Maharashtra,ERA5-Land Temperature
2017-03-26,2017-04-02,13.0,2017,P105,18.584360447185368,75.61558067829696,Osmanabad,normal,statewide,31.599151683989078,1,7,ERA5-Land Daily Aggregated,Maharashtra,ERA5-Land Temperature
2017-03-26,2017-04-02,13.0,2017,P106,19.031389786894366,76.47235681380711,Parbhani,normal,statewide,32.310286821637874,1,7,ERA5-Land Daily Aggregated,Maharashtra,ERA5-Land Temperature
2017-03-26,2017-04-02,13.0,2017,P107,19.120950831552832,76.56820519095093,Parbhani,normal,statewide,31.880541192917633,1,7,ERA5-Land Daily Aggregated,Maharashtra,ERA5-Land Temperature
2017-03-26,2017-04-02,13.0,2017,P108,19.208625676465683,76.85432786914635,Parbhani,normal,statewide,32.30384615943552,1,7,ERA5-Land Daily Aggregated,Maharashtra,ERA5-Land Temperature
2017-03-26,2017-04-02,13.0,2017,P109,19.212081479782103,76.47396209018636,Parbhani,normal,statewide,31.946447535923596,1,7,ERA5-Land Daily Aggregated,Maharashtra,ERA5-Land Temperature
2017-03-26,2017-04-02,13.0,2017,P110,18.133442771357757,75.04679558432363,Pune,normal,statewide,31.7611913045248,1,7,ERA5-Land Daily Aggregated,Maharashtra,ERA5-Land Temperature
2017-03-26,2017-04-02,13.0,2017,P111,18.584645829652782,74.47919215212944,Pune,normal,statewide,32.16559281122119,1,7,ERA5-Land Daily Aggregated,Maharashtra,ERA5-Land Temperature
2017-03-26,2017-04-02,13.0,2017,P112,18.132979024848197,74.57507620208169,Pune,normal,statewide,31.99621734619143,1,7,ERA5-Land Daily Aggregated,Maharashtra,ERA5-Land Temperature
2017-03-26,2017-04-02,13.0,2017,P113,18.314072036830744,74.76389683618987,Pune,normal,statewide,33.11461392357245,1,7,ERA5-Land Daily Aggregated,Maharashtra,ERA5-Land Temperature
2017-03-26,2017-04-02,13.0,2017,P114,18.48503397121986,73.0589238755964,Raigarh,normal,statewide,28.208410426548596,1,7,ERA5-Land Daily Aggregated,Maharashtra,ERA5-Land Temperature
2017-03-26,2017-04-02,13.0,2017,P115,18.665689991299164,73.05687714821288,Raigarh,normal,statewide,28.493473670596188,1,7,ERA5-Land Daily Aggregated,Maharashtra,ERA5-Land Temperature
2017-03-26,2017-04-02,13.0,2017,P116,18.306197264370358,73.25009891506079,Raigarh,normal,statewide,29.081806073869984,1,7,ERA5-Land Daily Aggregated,Maharashtra,ERA5-Land Temperature
2017-03-26,2017-04-02,13.0,2017,P117,18.21404102289879,73.06194714611064,Raigarh,normal,statewide,28.29198790050691,1,7,ERA5-Land Daily Aggregated,Maharashtra,ERA5-Land Temperature
2017-03-26,2017-04-02,13.0,2017,P118,17.138719885658215,75.42259970290594,Sangli,normal,statewide,33.50093739827474,1,7,ERA5-Land Daily Aggregated,Maharashtra,ERA5-Land Temperature
2017-03-26,2017-04-02,13.0,2017,P119,17.048761981005992,74.95348443567921,Sangli,normal,statewide,31.776014128185523,1,7,ERA5-Land Daily Aggregated,Maharashtra,ERA5-Land Temperature
2017-03-26,2017-04-02,13.0,2017,P120,16.86707144948229,74.39025538161847,Sangli,normal,statewide,29.67843925839378,1,7,ERA5-Land Daily Aggregated,Maharashtra,ERA5-Land Temperature
2017-03-26,2017-04-02,13.0,2017,P121,17.048503353144895,74.67157114887826,Sangli,normal,statewide,30.82894614083426,1,7,ERA5-Land Daily Aggregated,Maharashtra,ERA5-Land Temperature
2017-03-26,2017-04-02,13.0,2017,P148,17.67852974098626,76.08383979812143,Solapur,normal,statewide,33.13464508056643,1,7,ERA5-Land Daily Aggregated,Maharashtra,ERA5-Land Temperature
2017-03-26,2017-04-02,13.0,2017,P149,18.223365003201543,75.4251413905064,Solapur,normal,statewide,33.540023149762874,1,7,ERA5-Land Daily Aggregated,Maharashtra,ERA5-Land Temperature
2017-03-26,2017-04-02,13.0,2017,P150,17.952532582518405,75.23562067753285,Solapur,normal,statewide,33.40425771077474,1,7,ERA5-Land Daily Aggregated,Maharashtra,ERA5-Land Temperature
2017-03-26,2017-04-02,13.0,2017,P151,18.223690517578447,75.23598186471818,Solapur,normal,statewide,33.43969297863191,1,7,ERA5-Land Daily Aggregated,Maharashtra,ERA5-Land Temperature
2017-03-26,2017-04-02,13.0,2017,P152,19.658178867370932,72.94986318203122,Thane,normal,statewide,30.423242550804503,1,7,ERA5-Land Daily Aggregated,Maharashtra,ERA5-Land Temperature
2017-03-26,2017-04-02,13.0,2017,P153,19.65706409210757,72.8545320606096,Thane,normal,statewide,29.831771196637874,1,7,ERA5-Land Daily Aggregated,Maharashtra,ERA5-Land Temperature
2017-03-26,2017-04-02,13.0,2017,P154,19.477549601897948,72.95214624177059,Thane,normal,statewide,29.965804399762874,1,7,ERA5-Land Daily Aggregated,Maharashtra,ERA5-Land Temperature
2017-03-26,2017-04-02,13.0,2017,P155,19.83987385799569,73.0429959666335,Thane,normal,statewide,30.478522963750947,1,7,ERA5-Land Daily Aggregated,Maharashtra,ERA5-Land Temperature
2017-03-26,2017-04-02,13.0,2017,P156,20.806749657616468,78.60135461177485,Wardha,normal,statewide,33.329911077590225,1,7,ERA5-Land Daily Aggregated,Maharashtra,ERA5-Land Temperature
2017-03-26,2017-04-02,13.0,2017,P157,20.71031267913359,78.88671032458906,Wardha,normal,statewide,33.60604575020926,1,7,ERA5-Land Daily Aggregated,Maharashtra,ERA5-Land Temperature
2017-03-26,2017-04-02,13.0,2017,P158,21.081265295769754,78.41565980750515,Wardha,normal,statewide,32.87975064232245,1,7,ERA5-Land Daily Aggregated,Maharashtra,ERA5-Land Temperature
2017-03-26,2017-04-02,13.0,2017,P159,20.439854822938944,78.87986114537097,Wardha,normal,statewide,33.712874712262874,1,7,ERA5-Land Daily Aggregated,Maharashtra,ERA5-Land Temperature
2017-03-26,2017-04-02,13.0,2017,P160,20.289186257444058,77.15404188735265,Washim,normal,statewide,33.04944000244143,1,7,ERA5-Land Daily Aggregated,Maharashtra,ERA5-Land Temperature
2017-03-26,2017-04-02,13.0,2017,P161,20.464607292886615,77.53975858757677,Washim,normal,statewide,33.483440653483115,1,7,ERA5-Land Daily Aggregated,Maharashtra,ERA5-Land Temperature
2017-03-26,2017-04-02,13.0,2017,P162,20.107393166596125,77.2471479173486,Washim,normal,statewide,33.07906239827474,1,7,ERA5-Land Daily Aggregated,Maharashtra,ERA5-Land Temperature
2017-03-26,2017-04-02,13.0,2017,P163,20.198885002010726,77.1527933390577,Washim,normal,statewide,32.98302212669745,1,7,ERA5-Land Daily Aggregated,Maharashtra,ERA5-Land Temperature
2017-03-26,2017-04-02,13.0,2017,P164,20.182854533723592,78.20447678161395,Yavatmal,normal,statewide,33.8390140351795,1,7,ERA5-Land Daily Aggregated,Maharashtra,ERA5-Land Temperature
2017-03-26,2017-04-02,13.0,2017,P165,19.894658373538324,79.05709703494229,Yavatmal,normal,statewide,33.775955999465225,1,7,ERA5-Land Daily Aggregated,Maharashtra,ERA5-Land Temperature
2017-03-26,2017-04-02,13.0,2017,P166,19.468787468327925,77.71426550730338,Yavatmal,normal,statewide,33.605208696637874,1,7,ERA5-Land Daily Aggregated,Maharashtra,ERA5-Land Temperature
2017-03-26,2017-04-02,13.0,2017,P167,19.559057510053886,77.71577268345945,Yavatmal,normal,statewide,33.23614945184613,1,7,ERA5-Land Daily Aggregated,Maharashtra,ERA5-Land Temperature
2017-04-02,2017-04-09,14.0,2017,P147,17.927231643141155,73.94769852026607,Satara,case_study,case_study,27.475847044445175,1,7,ERA5-Land Daily Aggregated,Maharashtra,ERA5-Land Temperature
2017-04-02,2017-04-09,14.0,2017,P061,18.507855650411397,76.91766048140843,Latur,high,priority,32.686517152332215,1,7,ERA5-Land Daily Aggregated,Maharashtra,ERA5-Land Temperature
2017-04-02,2017-04-09,14.0,2017,P062,18.422405896924207,76.3487594508077,Latur,high,priority,31.94407388596312,1,7,ERA5-Land Daily Aggregated,Maharashtra,ERA5-Land Temperature
2017-04-02,2017-04-09,14.0,2017,P063,18.235391198742693,77.05646783810116,Latur,high,priority,31.896791984921435,1,7,ERA5-Land Daily Aggregated,Maharashtra,ERA5-Land Temperature
2017-04-02,2017-04-09,14.0,2017,P064,18.193056493341274,76.77240080549139,Latur,high,priority,31.772036125546435,1,7,ERA5-Land Daily Aggregated,Maharashtra,ERA5-Land Temperature
2017-04-02,2017-04-09,14.0,2017,P065,18.331355512513895,76.44266811899327,Latur,high,priority,31.802007293701195,1,7,ERA5-Land Daily Aggregated,Maharashtra,ERA5-Land Temperature
2017-04-02,2017-04-09,14.0,2017,P066,18.104739537876725,76.5352970251765,Latur,high,priority,31.352951304117823,1,7,ERA5-Land Daily Aggregated,Maharashtra,ERA5-Land Temperature
2017-04-02,2017-04-09,14.0,2017,P067,18.280552974211986,77.0569984711265,Latur,high,priority,31.896791984921435,1,7,ERA5-Land Daily Aggregated,Maharashtra,ERA5-Land Temperature
2017-04-02,2017-04-09,14.0,2017,P068,18.101823285787773,76.86595720469373,Latur,high,priority,31.895466650100047,1,7,ERA5-Land Daily Aggregated,Maharashtra,ERA5-Land Temperature
2017-04-02,2017-04-09,14.0,2017,P069,18.595075667016793,77.20284228928156,Latur,high,priority,32.952642059326195,1,7,ERA5-Land Daily Aggregated,Maharashtra,ERA5-Land Temperature
2017-04-02,2017-04-09,14.0,2017,P070,18.41499041187233,77.15322587185987,Latur,high,priority,32.734159451439325,1,7,ERA5-Land Daily Aggregated,Maharashtra,ERA5-Land Temperature
2017-04-02,2017-04-09,14.0,2017,P071,18.149138807065885,76.63019561379593,Latur,high,priority,31.55114698864162,1,7,ERA5-Land Daily Aggregated,Maharashtra,ERA5-Land Temperature
2017-04-02,2017-04-09,14.0,2017,P072,18.283393421583035,76.77331492120734,Latur,high,priority,31.99601771036788,1,7,ERA5-Land Daily Aggregated,Maharashtra,ERA5-Land Temperature
2017-04-02,2017-04-09,14.0,2017,P073,17.966315663874607,76.86453029235662,Latur,high,priority,31.94138833908812,1,7,ERA5-Land Daily Aggregated,Maharashtra,ERA5-Land Temperature
2017-04-02,2017-04-09,14.0,2017,P074,18.50832831512306,76.870318205524,Latur,high,priority,32.59808011736192,1,7,ERA5-Land Daily Aggregated,Maharashtra,ERA5-Land Temperature
2017-04-02,2017-04-09,14.0,2017,P075,18.41444640154381,77.20053247493588,Latur,high,priority,32.70452542986192,1,7,ERA5-Land Daily Aggregated,Maharashtra,ERA5-Land Temperature
2017-04-02,2017-04-09,14.0,2017,P076,18.377877313804504,76.25376722106614,Latur,high,priority,31.5881284804571,1,7,ERA5-Land Daily Aggregated,Maharashtra,ERA5-Land Temperature
2017-04-02,2017-04-09,14.0,2017,P077,18.059564385104267,76.5349046242838,Latur,high,priority,31.3774932498024,1,7,ERA5-Land Daily Aggregated,Maharashtra,ERA5-Land Temperature
2017-04-02,2017-04-09,14.0,2017,P078,18.1008824154655,76.96042326051098,Latur,high,priority,31.955048588344027,1,7,ERA5-Land Daily Aggregated,Maharashtra,ERA5-Land Temperature
2017-04-02,2017-04-09,14.0,2017,P079,18.73508698099394,76.77797468180819,Latur,high,priority,32.55978491646903,1,7,ERA5-Land Daily Aggregated,Maharashtra,ERA5-Land Temperature
2017-04-02,2017-04-09,14.0,2017,P080,18.46791548227568,76.3017694439065,Latur,high,priority,31.94407388596312,1,7,ERA5-Land Daily Aggregated,Maharashtra,ERA5-Land Temperature
2017-04-02,2017-04-09,14.0,2017,P081,18.10355787609756,76.67701617485712,Latur,high,priority,31.55114698864162,1,7,ERA5-Land Daily Aggregated,Maharashtra,ERA5-Land Temperature
2017-04-02,2017-04-09,14.0,2017,P082,18.23907887531389,76.67830931416262,Latur,high,priority,31.853358205159623,1,7,ERA5-Land Daily Aggregated,Maharashtra,ERA5-Land Temperature
2017-04-02,2017-04-09,14.0,2017,P083,18.369289085175563,77.19996171000103,Latur,high,priority,32.306831977480954,1,7,ERA5-Land Daily Aggregated,Maharashtra,ERA5-Land Temperature
2017-04-02,2017-04-09,14.0,2017,P084,18.46362582706226,76.82249880582684,Latur,high,priority,32.17453101021903,1,7,ERA5-Land Daily Aggregated,Maharashtra,ERA5-Land Temperature
2017-04-02,2017-04-09,14.0,2017,P085,18.14788579966987,76.77194597718393,Latur,high,priority,31.772036125546435,1,7,ERA5-Land Daily Aggregated,Maharashtra,ERA5-Land Temperature
2017-04-02,2017-04-09,14.0,2017,P122,17.88145897082753,73.8441448165019,Satara,high,priority,26.988193584623843,1,7,ERA5-Land Daily Aggregated,Maharashtra,ERA5-Land Temperature
2017-04-02,2017-04-09,14.0,2017,P123,17.386414030975025,74.27088970551878,Satara,high,priority,28.306099555605897,1,7,ERA5-Land Daily Aggregated,Maharashtra,ERA5-Land Temperature
2017-04-02,2017-04-09,14.0,2017,P124,17.43262815429294,74.647353771057,Satara,high,priority,30.209757014683362,1,7,ERA5-Land Daily Aggregated,Maharashtra,ERA5-Land Temperature
2017-04-02,2017-04-09,14.0,2017,P125,17.56734651531964,74.31728219287884,Satara,high,priority,29.045392245338064,1,7,ERA5-Land Daily Aggregated,Maharashtra,ERA5-Land Temperature
2017-04-02,2017-04-09,14.0,2017,P126,17.205080227535593,74.13053949986157,Satara,high,priority,28.196712929861917,1,7,ERA5-Land Daily Aggregated,Maharashtra,ERA5-Land Temperature
2017-04-02,2017-04-09,14.0,2017,P127,17.65773249367299,74.31694330119876,Satara,high,priority,28.796333930605954,1,7,ERA5-Land Daily Aggregated,Maharashtra,ERA5-Land Temperature
2017-04-02,2017-04-09,14.0,2017,P128,18.019949731345452,74.5517328080669,Satara,high,priority,30.94792200724288,1,7,ERA5-Land Daily Aggregated,Maharashtra,ERA5-Land Temperature
2017-04-02,2017-04-09,14.0,2017,P129,18.063234225271252,74.03192648006461,Satara,high,priority,28.84334843953451,1,7,ERA5-Land Daily Aggregated,Maharashtra,ERA5-Land Temperature
2017-04-02,2017-04-09,14.0,2017,P130,17.61135784271715,74.03436560834085,Satara,high,priority,28.379620760963064,1,7,ERA5-Land Daily Aggregated,Maharashtra,ERA5-Land Temperature
2017-04-02,2017-04-09,14.0,2017,P131,17.612539504496315,74.3171127470388,Satara,high,priority,28.796333930605954,1,7,ERA5-Land Daily Aggregated,Maharashtra,ERA5-Land Temperature
2017-04-02,2017-04-09,14.0,2017,P132,17.702176353872684,74.12817617630324,Satara,high,priority,28.018827420189325,1,7,ERA5-Land Daily Aggregated,Maharashtra,ERA5-Land Temperature
2017-04-02,2017-04-09,14.0,2017,P133,17.25006363896275,74.08329532420031,Satara,high,priority,27.966162799653603,1,7,ERA5-Land Daily Aggregated,Maharashtra,ERA5-Land Temperature
2017-04-02,2017-04-09,14.0,2017,P134,17.476429903940936,74.17634784498362,Satara,high,priority,28.010049983433362,1,7,ERA5-Land Daily Aggregated,Maharashtra,ERA5-Land Temperature
2017-04-02,2017-04-09,14.0,2017,P135,17.882716437324603,74.0801070669471,Satara,high,priority,27.492529987153546,1,7,ERA5-Land Daily Aggregated,Maharashtra,ERA5-Land Temperature
2017-04-02,2017-04-09,14.0,2017,P136,17.928520323345598,74.22149178404871,Satara,high,priority,29.837477438790472,1,7,ERA5-Land Daily Aggregated,Maharashtra,ERA5-Land Temperature
2017-04-02,2017-04-09,14.0,2017,P137,17.746687100588183,73.98648378122894,Satara,high,priority,27.496610623314268,1,7,ERA5-Land Daily Aggregated,Maharashtra,ERA5-Land Temperature
2017-04-02,2017-04-09,14.0,2017,P138,17.61269557303319,74.36423652697161,Satara,high,priority,28.796333930605954,1,7,ERA5-Land Daily Aggregated,Maharashtra,ERA5-Land Temperature
2017-04-02,2017-04-09,14.0,2017,P139,17.656773786946495,74.08126197411994,Satara,high,priority,28.379620760963064,1,7,ERA5-Land Daily Aggregated,Maharashtra,ERA5-Land Temperature
2017-04-02,2017-04-09,14.0,2017,P140,17.97464080554139,74.50462240543725,Satara,high,priority,31.078490738641676,1,7,ERA5-Land Daily Aggregated,Maharashtra,ERA5-Land Temperature
2017-04-02,2017-04-09,14.0,2017,P141,17.430826677467348,74.08239904488856,Satara,high,priority,27.753493063790472,1,7,ERA5-Land Daily Aggregated,Maharashtra,ERA5-Land Temperature
2017-04-02,2017-04-09,14.0,2017,P142,18.064447100757786,74.31538707493111,Satara,high,priority,30.34199985322499,1,7,ERA5-Land Daily Aggregated,Maharashtra,ERA5-Land Temperature
2017-04-02,2017-04-09,14.0,2017,P143,17.70379500755509,74.6468275971327,Satara,high,priority,30.7329038710821,1,7,ERA5-Land Daily Aggregated,Maharashtra,ERA5-Land Temperature
2017-04-02,2017-04-09,14.0,2017,P144,17.929452275465767,74.50474726026674,Satara,high,priority,31.078490738641676,1,7,ERA5-Land Daily Aggregated,Maharashtra,ERA5-Land Temperature
2017-04-02,2017-04-09,14.0,2017,P145,17.47773196144854,74.60017202281048,Satara,high,priority,29.912568119594027,1,7,ERA5-Land Daily Aggregated,Maharashtra,ERA5-Land Temperature
2017-04-02,2017-04-09,14.0,2017,P146,17.839182233739812,74.55218763637436,Satara,high,priority,30.416834767659566,1,7,ERA5-Land Daily Aggregated,Maharashtra,ERA5-Land Temperature
2017-04-02,2017-04-09,14.0,2017,P001,19.940457800458272,74.57045211428928,Ahmednagar,normal,statewide,29.15295362926662,1,7,ERA5-Land Daily Aggregated,Maharashtra,ERA5-Land Temperature
2017-04-02,2017-04-09,14.0,2017,P002,18.946729294293643,74.76302285238339,Ahmednagar,normal,statewide,30.141269756498787,1,7,ERA5-Land Daily Aggregated,Maharashtra,ERA5-Land Temperature
2017-04-02,2017-04-09,14.0,2017,P003,18.49469238410162,74.66892244285252,Ahmednagar,normal,statewide,30.719917914980954,1,7,ERA5-Land Daily Aggregated,Maharashtra,ERA5-Land Temperature
2017-04-02,2017-04-09,14.0,2017,P004,19.03720445466806,75.1420731965326,Ahmednagar,normal,statewide,30.25183058239162,1,7,ERA5-Land Daily Aggregated,Maharashtra,ERA5-Land Temperature
2017-04-02,2017-04-09,14.0,2017,P005,20.832153156317954,77.06560453615967,Akola,normal,statewide,32.191899871826195,1,7,ERA5-Land Daily Aggregated,Maharashtra,ERA5-Land Temperature
2017-04-02,2017-04-09,14.0,2017,P006,20.834360411339407,76.87349308547405,Akola,normal,statewide,32.02101306007029,1,7,ERA5-Land Daily Aggregated,Maharashtra,ERA5-Land Temperature
2017-04-02,2017-04-09,14.0,2017,P007,21.014976299509232,76.87574047240498,Akola,normal,statewide,31.85535783313577,1,7,ERA5-Land Daily Aggregated,Maharashtra,ERA5-Land Temperature
2017-04-02,2017-04-09,14.0,2017,P008,20.828434266039377,77.35372489162701,Akola,normal,statewide,32.27882556007029,1,7,ERA5-Land Daily Aggregated,Maharashtra,ERA5-Land Temperature
2017-04-02,2017-04-09,14.0,2017,P009,21.360971327549258,77.94039543992572,Amravati,normal,statewide,32.19865442911782,1,7,ERA5-Land Daily Aggregated,Maharashtra,ERA5-Land Temperature
2017-04-02,2017-04-09,14.0,2017,P010,21.178803672212837,78.03301542790685,Amravati,normal,statewide,32.684203629266676,1,7,ERA5-Land Daily Aggregated,Maharashtra,ERA5-Land Temperature
2017-04-02,2017-04-09,14.0,2017,P011,20.814388097721018,78.21764450702477,Amravati,normal,statewide,33.314818863641676,1,7,ERA5-Land Daily Aggregated,Maharashtra,ERA5-Land Temperature
2017-04-02,2017-04-09,14.0,2017,P012,21.180502589714195,77.93681032267875,Amravati,normal,statewide,32.9418882460821,1,7,ERA5-Land Daily Aggregated,Maharashtra,ERA5-Land Temperature
2017-04-02,2017-04-09,14.0,2017,P013,20.031289688916964,74.8570519162974,Aurangabad,normal,statewide,29.716558074951195,1,7,ERA5-Land Daily Aggregated,Maharashtra,ERA5-Land Temperature
2017-04-02,2017-04-09,14.0,2017,P014,19.760185263069562,75.14270192978114,Aurangabad,normal,statewide,30.525488971528546,1,7,ERA5-Land Daily Aggregated,Maharashtra,ERA5-Land Temperature
2017-04-02,2017-04-09,14.0,2017,P015,19.9408189876436,74.76157364454102,Aurangabad,normal,statewide,29.698340534028546,1,7,ERA5-Land Daily Aggregated,Maharashtra,ERA5-Land Temperature
2017-04-02,2017-04-09,14.0,2017,P016,19.66981712112043,75.14262166596218,Aurangabad,normal,statewide,30.38491047450475,1,7,ERA5-Land Daily Aggregated,Maharashtra,ERA5-Land Temperature
2017-04-02,2017-04-09,14.0,2017,P017,21.04613203856966,79.85576216552393,Bhandara,normal,statewide,33.97756765456427,1,7,ERA5-Land Daily Aggregated,Maharashtra,ERA5-Land Temperature
2017-04-02,2017-04-09,14.0,2017,P018,21.31897105472685,79.76852877161537,Bhandara,normal,statewide,34.079676564534566,1,7,ERA5-Land Daily Aggregated,Maharashtra,ERA5-Land Temperature
2017-04-02,2017-04-09,14.0,2017,P019,21.40900922319803,79.77144948280537,Bhandara,normal,statewide,33.8774351210821,1,7,ERA5-Land Daily Aggregated,Maharashtra,ERA5-Land Temperature
2017-04-02,2017-04-09,14.0,2017,P020,21.144196588937042,79.57074980349083,Bhandara,normal,statewide,33.94448078700475,1,7,ERA5-Land Daily Aggregated,Maharashtra,ERA5-Land Temperature
2017-04-02,2017-04-09,14.0,2017,P021,18.67502288980403,75.52108340877234,Bid,normal,statewide,30.854764920189268,1,7,ERA5-Land Daily Aggregated,Maharashtra,ERA5-Land Temperature
2017-04-02,2017-04-09,14.0,2017,P022,18.856499384477168,75.04699178476999,Bid,normal,statewide,30.893246132986917,1,7,ERA5-Land Daily Aggregated,Maharashtra,ERA5-Land Temperature
2017-04-02,2017-04-09,14.0,2017,P023,19.126596053486494,75.6175605191647,Bid,normal,statewide,31.593825095040472,1,7,ERA5-Land Daily Aggregated,Maharashtra,ERA5-Land Temperature
2017-04-02,2017-04-09,14.0,2017,P024,18.763955201213946,75.90084720909012,Bid,normal,statewide,31.031650615873787,1,7,ERA5-Land Daily Aggregated,Maharashtra,ERA5-Land Temperature
2017-04-02,2017-04-09,14.0,2017,P025,20.93073496240753,76.20164478885242,Buldana,normal,statewide,30.795206233433362,1,7,ERA5-Land Daily Aggregated,Maharashtra,ERA5-Land Temperature
2017-04-02,2017-04-09,14.0,2017,P026,20.838939908121294,76.39311412898633,Buldana,normal,statewide,31.382864343552342,1,7,ERA5-Land Daily Aggregated,Maharashtra,ERA5-Land Temperature
2017-04-02,2017-04-09,14.0,2017,P027,20.657476790751314,76.48742857536776,Buldana,normal,statewide,31.663637688046492,1,7,ERA5-Land Daily Aggregated,Maharashtra,ERA5-Land Temperature
2017-04-02,2017-04-09,14.0,2017,P028,20.47967013624516,76.10222021266374,Buldana,normal,statewide,30.600893547421435,1,7,ERA5-Land Daily Aggregated,Maharashtra,ERA5-Land Temperature
2017-04-02,2017-04-09,14.0,2017,P029,20.32317798477448,79.92829390325927,Chandrapur,normal,statewide,34.04288108462379,1,7,ERA5-Land Daily Aggregated,Maharashtra,ERA5-Land Temperature
2017-04-02,2017-04-09,14.0,2017,P030,20.60872097983294,79.36304041732026,Chandrapur,normal,statewide,34.13096934727264,1,7,ERA5-Land Daily Aggregated,Maharashtra,ERA5-Land Temperature
2017-04-02,2017-04-09,14.0,2017,P031,20.511160307884595,79.64732594588165,Chandrapur,normal,statewide,34.228579094296435,1,7,ERA5-Land Daily Aggregated,Maharashtra,ERA5-Land Temperature
2017-04-02,2017-04-09,14.0,2017,P032,20.598621115946884,79.74569817422172,Chandrapur,normal,statewide,34.24073962257029,1,7,ERA5-Land Daily Aggregated,Maharashtra,ERA5-Land Temperature
2017-04-02,2017-04-09,14.0,2017,P033,21.38667804512237,75.14422248324037,Dhule,normal,statewide,29.743134525844027,1,7,ERA5-Land Daily Aggregated,Maharashtra,ERA5-Land Temperature
2017-04-02,2017-04-09,14.0,2017,P034,21.025151968113196,74.75989256344387,Dhule,normal,statewide,30.486298588344027,1,7,ERA5-Land Daily Aggregated,Maharashtra,ERA5-Land Temperature
2017-04-02,2017-04-09,14.0,2017,P035,21.477028350667293,74.85568743137505,Dhule,normal,statewide,29.381515757242823,1,7,ERA5-Land Daily Aggregated,Maharashtra,ERA5-Land Temperature
2017-04-02,2017-04-09,14.0,2017,P036,20.933820660336515,74.37533522949364,Dhule,normal,statewide,29.669113413492823,1,7,ERA5-Land Daily Aggregated,Maharashtra,ERA5-Land Temperature
2017-04-02,2017-04-09,14.0,2017,P037,19.963056524597132,79.91698116388667,Garhchiroli,normal,statewide,34.17355444771903,1,7,ERA5-Land Daily Aggregated,Maharashtra,ERA5-Land Temperature
2017-04-02,2017-04-09,14.0,2017,P038,19.062661462582188,79.88977172925856,Garhchiroli,normal,statewide,33.47720725649884,1,7,ERA5-Land Daily Aggregated,Maharashtra,ERA5-Land Temperature
2017-04-02,2017-04-09,14.0,2017,P039,19.510270485428137,79.9981368030594,Garhchiroli,normal,statewide,33.990704745338064,1,7,ERA5-Land Daily Aggregated,Maharashtra,ERA5-Land Temperature
2017-04-02,2017-04-09,14.0,2017,P040,19.870365190999156,80.00935144220881,Garhchiroli,normal,statewide,33.98840284801662,1,7,ERA5-Land Daily Aggregated,Maharashtra,ERA5-Land Temperature
2017-04-02,2017-04-09,14.0,2017,P041,21.127639946725598,80.1465044724107,Gondiya,normal,statewide,33.905116017659566,1,7,ERA5-Land Daily Aggregated,Maharashtra,ERA5-Land Temperature
2017-04-02,2017-04-09,14.0,2017,P042,21.397598383602258,80.15591763473452,Gondiya,normal,statewide,33.48641484578451,1,7,ERA5-Land Daily Aggregated,Maharashtra,ERA5-Land Temperature
2017-04-02,2017-04-09,14.0,2017,P043,21.574548890706154,80.25847249986273,Gondiya,normal,statewide,32.88785178774879,1,7,ERA5-Land Daily Aggregated,Maharashtra,ERA5-Land Temperature
2017-04-02,2017-04-09,14.0,2017,P044,21.211649410572516,80.34153217518526,Gondiya,normal,statewide,33.51761834280836,1,7,ERA5-Land Daily Aggregated,Maharashtra,ERA5-Land Temperature
2017-04-02,2017-04-09,14.0,2017,P045,19.655900266732623,77.2407892392464,Hingoli,normal,statewide,33.1459433056059,1,7,ERA5-Land Daily Aggregated,Maharashtra,ERA5-Land Temperature
2017-04-02,2017-04-09,14.0,2017,P046,19.566758377573187,77.1442675378435,Hingoli,normal,statewide,32.845196932838064,1,7,ERA5-Land Daily Aggregated,Maharashtra,ERA5-Land Temperature
2017-04-02,2017-04-09,14.0,2017,P047,19.47860194974656,76.9526242927685,Hingoli,normal,statewide,32.80411155337379,1,7,ERA5-Land Daily Aggregated,Maharashtra,ERA5-Land Temperature
2017-04-02,2017-04-09,14.0,2017,P048,19.927981235710728,77.14910120338544,Hingoli,normal,statewide,32.759282684326195,1,7,ERA5-Land Daily Aggregated,Maharashtra,ERA5-Land Temperature
2017-04-02,2017-04-09,14.0,2017,P049,21.292738163229433,76.10816865346904,Jalgaon,normal,statewide,31.14060708908812,1,7,ERA5-Land Daily Aggregated,Maharashtra,ERA5-Land Temperature
2017-04-02,2017-04-09,14.0,2017,P050,21.386178625804387,75.43363151891216,Jalgaon,normal,statewide,28.6320737929571,1,7,ERA5-Land Daily Aggregated,Maharashtra,ERA5-Land Temperature
2017-04-02,2017-04-09,14.0,2017,P051,21.112064306745907,76.10682200495089,Jalgaon,normal,statewide,30.55992442539764,1,7,ERA5-Land Daily Aggregated,Maharashtra,ERA5-Land Temperature
2017-04-02,2017-04-09,14.0,2017,P052,20.844437979720194,75.23982115072519,Jalgaon,normal,statewide,30.594766780308362,1,7,ERA5-Land Daily Aggregated,Maharashtra,ERA5-Land Temperature
2017-04-02,2017-04-09,14.0,2017,P053,19.486369703781666,76.00005328932718,Jalna,normal,statewide,32.12888833908812,1,7,ERA5-Land Daily Aggregated,Maharashtra,ERA5-Land Temperature
2017-04-02,2017-04-09,14.0,2017,P054,20.028502750758555,76.00343774702675,Jalna,normal,statewide,31.85764810471312,1,7,ERA5-Land Daily Aggregated,Maharashtra,ERA5-Land Temperature
2017-04-02,2017-04-09,14.0,2017,P055,19.75743845682064,76.00172991132328,Jalna,normal,statewide,32.045985158284566,1,7,ERA5-Land Daily Aggregated,Maharashtra,ERA5-Land Temperature
2017-04-02,2017-04-09,14.0,2017,P056,19.57768317515413,75.80993951591351,Jalna,normal,statewide,31.994262223016676,1,7,ERA5-Land Daily Aggregated,Maharashtra,ERA5-Land Temperature
2017-04-02,2017-04-09,14.0,2017,P057,16.776377793156257,74.29671235971928,Kolhapur,normal,statewide,28.66380044846312,1,7,ERA5-Land Daily Aggregated,Maharashtra,ERA5-Land Temperature
2017-04-02,2017-04-09,14.0,2017,P058,16.324416687682138,74.29834884980589,Kolhapur,normal,statewide,28.510387130010713,1,7,ERA5-Land Daily Aggregated,Maharashtra,ERA5-Land Temperature
2017-04-02,2017-04-09,14.0,2017,P059,16.595891218916975,74.39111598812178,Kolhapur,normal,statewide,29.029790496826195,1,7,ERA5-Land Daily Aggregated,Maharashtra,ERA5-Land Temperature
2017-04-02,2017-04-09,14.0,2017,P060,16.414811584237594,74.29802779453004,Kolhapur,normal,statewide,28.798194049653603,1,7,ERA5-Land Daily Aggregated,Maharashtra,ERA5-Land Temperature
2017-04-02,2017-04-09,14.0,2017,P086,21.054127206758487,79.56798961993874,Nagpur,normal,statewide,33.85771785917734,1,7,ERA5-Land Daily Aggregated,Maharashtra,ERA5-Land Temperature
2017-04-02,2017-04-09,14.0,2017,P087,21.146765031143822,79.47473643960802,Nagpur,normal,statewide,33.82889763968336,1,7,ERA5-Land Daily Aggregated,Maharashtra,ERA5-Land Temperature
2017-04-02,2017-04-09,14.0,2017,P088,21.347803602138427,78.61442869606356,Nagpur,normal,statewide,32.79092795962379,1,7,ERA5-Land Daily Aggregated,Maharashtra,ERA5-Land Temperature
2017-04-02,2017-04-09,14.0,2017,P089,21.165377318940912,78.70615240473293,Nagpur,normal,statewide,33.33565219697499,1,7,ERA5-Land Daily Aggregated,Maharashtra,ERA5-Land Temperature
2017-04-02,2017-04-09,14.0,2017,P090,19.201968238592887,77.42470040309472,Nanded,normal,statewide,32.54704310099288,1,7,ERA5-Land Daily Aggregated,Maharashtra,ERA5-Land Temperature
2017-04-02,2017-04-09,14.0,2017,P091,18.566038000956755,77.69963965584807,Nanded,normal,statewide,33.013212185814325,1,7,ERA5-Land Daily Aggregated,Maharashtra,ERA5-Land Temperature
2017-04-02,2017-04-09,14.0,2017,P092,19.736596618496833,77.90946265591798,Nanded,normal,statewide,33.26687429518927,1,7,ERA5-Land Daily Aggregated,Maharashtra,ERA5-Land Temperature
2017-04-02,2017-04-09,14.0,2017,P093,18.93564842817583,77.04115528508362,Nanded,normal,statewide,32.63692172822505,1,7,ERA5-Land Daily Aggregated,Maharashtra,ERA5-Land Temperature
2017-04-02,2017-04-09,14.0,2017,P094,21.564917232430716,74.08292967791392,Nandurbar,normal,statewide,28.042392803373787,1,7,ERA5-Land Daily Aggregated,Maharashtra,ERA5-Land Temperature
2017-04-02,2017-04-09,14.0,2017,P095,21.5662594218478,74.37266422796263,Nandurbar,normal,statewide,29.512875039236917,1,7,ERA5-Land Daily Aggregated,Maharashtra,ERA5-Land Temperature
2017-04-02,2017-04-09,14.0,2017,P096,21.385179787168415,74.27697637845674,Nandurbar,normal,statewide,28.71114047822499,1,7,ERA5-Land Daily Aggregated,Maharashtra,ERA5-Land Temperature
2017-04-02,2017-04-09,14.0,2017,P097,21.565421110849755,74.17950488852946,Nandurbar,normal,statewide,28.586931028820175,1,7,ERA5-Land Daily Aggregated,Maharashtra,ERA5-Land Temperature
2017-04-02,2017-04-09,14.0,2017,P098,20.299553667393326,73.99482675929994,Nashik,normal,statewide,26.419985344296435,1,7,ERA5-Land Daily Aggregated,Maharashtra,ERA5-Land Temperature
2017-04-02,2017-04-09,14.0,2017,P099,20.120253214034264,74.28296495117151,Nashik,normal,statewide,28.13708448864162,1,7,ERA5-Land Daily Aggregated,Maharashtra,ERA5-Land Temperature
2017-04-02,2017-04-09,14.0,2017,P100,20.389903972938242,73.99424261706194,Nashik,normal,statewide,26.19884044102264,1,7,ERA5-Land Daily Aggregated,Maharashtra,ERA5-Land Temperature
2017-04-02,2017-04-09,14.0,2017,P101,20.029015547379707,74.09216447619562,Nashik,normal,statewide,27.5930112929571,1,7,ERA5-Land Daily Aggregated,Maharashtra,ERA5-Land Temperature
2017-04-02,2017-04-09,14.0,2017,P102,17.85749130266526,76.36802722645965,Osmanabad,normal,statewide,31.867018454415472,1,7,ERA5-Land Daily Aggregated,Maharashtra,ERA5-Land Temperature
2017-04-02,2017-04-09,14.0,2017,P103,17.76644983645705,76.46164605307673,Osmanabad,normal,statewide,32.22842795962384,1,7,ERA5-Land Daily Aggregated,Maharashtra,ERA5-Land Temperature
2017-04-02,2017-04-09,14.0,2017,P104,17.949094615606196,76.17989775301476,Osmanabad,normal,statewide,32.00160969325475,1,7,ERA5-Land Daily Aggregated,Maharashtra,ERA5-Land Temperature
2017-04-02,2017-04-09,14.0,2017,P105,18.584360447185368,75.61558067829696,Osmanabad,normal,statewide,31.128981345040472,1,7,ERA5-Land Daily Aggregated,Maharashtra,ERA5-Land Temperature
2017-04-02,2017-04-09,14.0,2017,P106,19.031389786894366,76.47235681380711,Parbhani,normal,statewide,32.551705024355954,1,7,ERA5-Land Daily Aggregated,Maharashtra,ERA5-Land Temperature
2017-04-02,2017-04-09,14.0,2017,P107,19.120950831552832,76.56820519095093,Parbhani,normal,statewide,32.03725422450475,1,7,ERA5-Land Daily Aggregated,Maharashtra,ERA5-Land Temperature
2017-04-02,2017-04-09,14.0,2017,P108,19.208625676465683,76.85432786914635,Parbhani,normal,statewide,32.293055470784566,1,7,ERA5-Land Daily Aggregated,Maharashtra,ERA5-Land Temperature
2017-04-02,2017-04-09,14.0,2017,P109,19.212081479782103,76.47396209018636,Parbhani,normal,statewide,32.052065422421435,1,7,ERA5-Land Daily Aggregated,Maharashtra,ERA5-Land Temperature
2017-04-02,2017-04-09,14.0,2017,P110,18.133442771357757,75.04679558432363,Pune,normal,statewide,30.443376341320175,1,7,ERA5-Land Daily Aggregated,Maharashtra,ERA5-Land Temperature
2017-04-02,2017-04-09,14.0,2017,P111,18.584645829652782,74.47919215212944,Pune,normal,statewide,29.964174797421492,1,7,ERA5-Land Daily Aggregated,Maharashtra,ERA5-Land Temperature
2017-04-02,2017-04-09,14.0,2017,P112,18.132979024848197,74.57507620208169,Pune,normal,statewide,30.37634230114162,1,7,ERA5-Land Daily Aggregated,Maharashtra,ERA5-Land Temperature
2017-04-02,2017-04-09,14.0,2017,P113,18.314072036830744,74.76389683618987,Pune,normal,statewide,31.134491947719027,1,7,ERA5-Land Daily Aggregated,Maharashtra,ERA5-Land Temperature
2017-04-02,2017-04-09,14.0,2017,P114,18.48503397121986,73.0589238755964,Raigarh,normal,statewide,27.08138554890951,1,7,ERA5-Land Daily Aggregated,Maharashtra,ERA5-Land Temperature
2017-04-02,2017-04-09,14.0,2017,P115,18.665689991299164,73.05687714821288,Raigarh,normal,statewide,27.166765013195175,1,7,ERA5-Land Daily Aggregated,Maharashtra,ERA5-Land Temperature
2017-04-02,2017-04-09,14.0,2017,P116,18.306197264370358,73.25009891506079,Raigarh,normal,statewide,27.534929075695175,1,7,ERA5-Land Daily Aggregated,Maharashtra,ERA5-Land Temperature
2017-04-02,2017-04-09,14.0,2017,P117,18.21404102289879,73.06194714611064,Raigarh,normal,statewide,27.445806121826195,1,7,ERA5-Land Daily Aggregated,Maharashtra,ERA5-Land Temperature
2017-04-02,2017-04-09,14.0,2017,P118,17.138719885658215,75.42259970290594,Sangli,normal,statewide,33.02175710768927,1,7,ERA5-Land Daily Aggregated,Maharashtra,ERA5-Land Temperature
2017-04-02,2017-04-09,14.0,2017,P119,17.048761981005992,74.95348443567921,Sangli,normal,statewide,31.0744566054571,1,7,ERA5-Land Daily Aggregated,Maharashtra,ERA5-Land Temperature
2017-04-02,2017-04-09,14.0,2017,P120,16.86707144948229,74.39025538161847,Sangli,normal,statewide,29.031278592064325,1,7,ERA5-Land Daily Aggregated,Maharashtra,ERA5-Land Temperature
2017-04-02,2017-04-09,14.0,2017,P121,17.048503353144895,74.67157114887826,Sangli,normal,statewide,30.14512950352264,1,7,ERA5-Land Daily Aggregated,Maharashtra,ERA5-Land Temperature
2017-04-02,2017-04-09,14.0,2017,P148,17.67852974098626,76.08383979812143,Solapur,normal,statewide,33.24963331676662,1,7,ERA5-Land Daily Aggregated,Maharashtra,ERA5-Land Temperature
2017-04-02,2017-04-09,14.0,2017,P149,18.223365003201543,75.4251413905064,Solapur,normal,statewide,32.419032033284566,1,7,ERA5-Land Daily Aggregated,Maharashtra,ERA5-Land Temperature
2017-04-02,2017-04-09,14.0,2017,P150,17.952532582518405,75.23562067753285,Solapur,normal,statewide,32.09245325724282,1,7,ERA5-Land Daily Aggregated,Maharashtra,ERA5-Land Temperature
2017-04-02,2017-04-09,14.0,2017,P151,18.223690517578447,75.23598186471818,Solapur,normal,statewide,31.969162241617823,1,7,ERA5-Land Daily Aggregated,Maharashtra,ERA5-Land Temperature
2017-04-02,2017-04-09,14.0,2017,P152,19.658178867370932,72.94986318203122,Thane,normal,statewide,27.913056400844027,1,7,ERA5-Land Daily Aggregated,Maharashtra,ERA5-Land Temperature
2017-04-02,2017-04-09,14.0,2017,P153,19.65706409210757,72.8545320606096,Thane,normal,statewide,27.66746255783812,1,7,ERA5-Land Daily Aggregated,Maharashtra,ERA5-Land Temperature
2017-04-02,2017-04-09,14.0,2017,P154,19.477549601897948,72.95214624177059,Thane,normal,statewide,27.874296170189268,1,7,ERA5-Land Daily Aggregated,Maharashtra,ERA5-Land Temperature
2017-04-02,2017-04-09,14.0,2017,P155,19.83987385799569,73.0429959666335,Thane,normal,statewide,27.648349834623843,1,7,ERA5-Land Daily Aggregated,Maharashtra,ERA5-Land Temperature
2017-04-02,2017-04-09,14.0,2017,P156,20.806749657616468,78.60135461177485,Wardha,normal,statewide,33.59477840605234,1,7,ERA5-Land Daily Aggregated,Maharashtra,ERA5-Land Temperature
2017-04-02,2017-04-09,14.0,2017,P157,20.71031267913359,78.88671032458906,Wardha,normal,statewide,33.90402319771903,1,7,ERA5-Land Daily Aggregated,Maharashtra,ERA5-Land Temperature
2017-04-02,2017-04-09,14.0,2017,P158,21.081265295769754,78.41565980750515,Wardha,normal,statewide,32.80611118134999,1,7,ERA5-Land Daily Aggregated,Maharashtra,ERA5-Land Temperature
2017-04-02,2017-04-09,14.0,2017,P159,20.439854822938944,78.87986114537097,Wardha,normal,statewide,34.13952589489162,1,7,ERA5-Land Daily Aggregated,Maharashtra,ERA5-Land Temperature
2017-04-02,2017-04-09,14.0,2017,P160,20.289186257444058,77.15404188735265,Washim,normal,statewide,32.230311330159566,1,7,ERA5-Land Daily Aggregated,Maharashtra,ERA5-Land Temperature
2017-04-02,2017-04-09,14.0,2017,P161,20.464607292886615,77.53975858757677,Washim,normal,statewide,32.92568195887975,1,7,ERA5-Land Daily Aggregated,Maharashtra,ERA5-Land Temperature
2017-04-02,2017-04-09,14.0,2017,P162,20.107393166596125,77.2471479173486,Washim,normal,statewide,32.47806756155836,1,7,ERA5-Land Daily Aggregated,Maharashtra,ERA5-Land Temperature
2017-04-02,2017-04-09,14.0,2017,P163,20.198885002010726,77.1527933390577,Washim,normal,statewide,32.255225299653546,1,7,ERA5-Land Daily Aggregated,Maharashtra,ERA5-Land Temperature
2017-04-02,2017-04-09,14.0,2017,P164,20.182854533723592,78.20447678161395,Yavatmal,normal,statewide,33.979439399355954,1,7,ERA5-Land Daily Aggregated,Maharashtra,ERA5-Land Temperature
2017-04-02,2017-04-09,14.0,2017,P165,19.894658373538324,79.05709703494229,Yavatmal,normal,statewide,34.32028296334403,1,7,ERA5-Land Daily Aggregated,Maharashtra,ERA5-Land Temperature
2017-04-02,2017-04-09,14.0,2017,P166,19.468787468327925,77.71426550730338,Yavatmal,normal,statewide,33.38478259132029,1,7,ERA5-Land Daily Aggregated,Maharashtra,ERA5-Land Temperature
2017-04-02,2017-04-09,14.0,2017,P167,19.559057510053886,77.71577268345945,Yavatmal,normal,statewide,33.11124045962384,1,7,ERA5-Land Daily Aggregated,Maharashtra,ERA5-Land Temperature
2017-04-09,2017-04-16,15.0,2017,P147,17.927231643141155,73.94769852026607,Satara,case_study,case_study,29.308972022646913,1,7,ERA5-Land Daily Aggregated,Maharashtra,ERA5-Land Temperature
2017-04-09,2017-04-16,15.0,2017,P061,18.507855650411397,76.91766048140843,Latur,high,priority,32.15400085449221,1,7,ERA5-Land Daily Aggregated,Maharashtra,ERA5-Land Temperature
2017-04-09,2017-04-16,15.0,2017,P062,18.422405896924207,76.3487594508077,Latur,high,priority,32.10171988351004,1,7,ERA5-Land Daily Aggregated,Maharashtra,ERA5-Land Temperature
2017-04-09,2017-04-16,15.0,2017,P063,18.235391198742693,77.05646783810116,Latur,high,priority,31.293416777111304,1,7,ERA5-Land Daily Aggregated,Maharashtra,ERA5-Land Temperature
2017-04-09,2017-04-16,15.0,2017,P064,18.193056493341274,76.77240080549139,Latur,high,priority,31.596825445266063,1,7,ERA5-Land Daily Aggregated,Maharashtra,ERA5-Land Temperature
2017-04-09,2017-04-16,15.0,2017,P065,18.331355512513895,76.44266811899327,Latur,high,priority,31.837664358956488,1,7,ERA5-Land Daily Aggregated,Maharashtra,ERA5-Land Temperature
2017-04-09,2017-04-16,15.0,2017,P066,18.104739537876725,76.5352970251765,Latur,high,priority,31.363729277111304,1,7,ERA5-Land Daily Aggregated,Maharashtra,ERA5-Land Temperature
2017-04-09,2017-04-16,15.0,2017,P067,18.280552974211986,77.0569984711265,Latur,high,priority,31.293416777111304,1,7,ERA5-Land Daily Aggregated,Maharashtra,ERA5-Land Temperature
2017-04-09,2017-04-16,15.0,2017,P068,18.101823285787773,76.86595720469373,Latur,high,priority,31.543358648391006,1,7,ERA5-Land Daily Aggregated,Maharashtra,ERA5-Land Temperature
2017-04-09,2017-04-16,15.0,2017,P069,18.595075667016793,77.20284228928156,Latur,high,priority,32.174869065057635,1,7,ERA5-Land Daily Aggregated,Maharashtra,ERA5-Land Temperature
2017-04-09,2017-04-16,15.0,2017,P070,18.41499041187233,77.15322587185987,Latur,high,priority,31.985009039016063,1,7,ERA5-Land Daily Aggregated,Maharashtra,ERA5-Land Temperature
2017-04-09,2017-04-16,15.0,2017,P071,18.149138807065885,76.63019561379593,Latur,high,priority,31.49357721237908,1,7,ERA5-Land Daily Aggregated,Maharashtra,ERA5-Land Temperature
2017-04-09,2017-04-16,15.0,2017,P072,18.283393421583035,76.77331492120734,Latur,high,priority,31.817400687081545,1,7,ERA5-Land Daily Aggregated,Maharashtra,ERA5-Land Temperature
2017-04-09,2017-04-16,15.0,2017,P073,17.966315663874607,76.86453029235662,Latur,high,priority,31.768770199730284,1,7,ERA5-Land Daily Aggregated,Maharashtra,ERA5-Land Temperature
2017-04-09,2017-04-16,15.0,2017,P074,18.50832831512306,76.870318205524,Latur,high,priority,32.22753368559336,1,7,ERA5-Land Daily Aggregated,Maharashtra,ERA5-Land Temperature
2017-04-09,2017-04-16,15.0,2017,P075,18.41444640154381,77.20053247493588,Latur,high,priority,31.95012018112908,1,7,ERA5-Land Daily Aggregated,Maharashtra,ERA5-Land Temperature
2017-04-09,2017-04-16,15.0,2017,P076,18.377877313804504,76.25376722106614,Latur,high,priority,31.747436959402933,1,7,ERA5-Land Daily Aggregated,Maharashtra,ERA5-Land Temperature
2017-04-09,2017-04-16,15.0,2017,P077,18.059564385104267,76.5349046242838,Latur,high,priority,31.41132507324221,1,7,ERA5-Land Daily Aggregated,Maharashtra,ERA5-Land Temperature
2017-04-09,2017-04-16,15.0,2017,P078,18.1008824154655,76.96042326051098,Latur,high,priority,31.46675662086119,1,7,ERA5-Land Daily Aggregated,Maharashtra,ERA5-Land Temperature
2017-04-09,2017-04-16,15.0,2017,P079,18.73508698099394,76.77797468180819,Latur,high,priority,32.31400596981956,1,7,ERA5-Land Daily Aggregated,Maharashtra,ERA5-Land Temperature
2017-04-09,2017-04-16,15.0,2017,P080,18.46791548227568,76.3017694439065,Latur,high,priority,32.10171988351004,1,7,ERA5-Land Daily Aggregated,Maharashtra,ERA5-Land Temperature
2017-04-09,2017-04-16,15.0,2017,P081,18.10355787609756,76.67701617485712,Latur,high,priority,31.49357721237908,1,7,ERA5-Land Daily Aggregated,Maharashtra,ERA5-Land Temperature
2017-04-09,2017-04-16,15.0,2017,P082,18.23907887531389,76.67830931416262,Latur,high,priority,31.75314519973034,1,7,ERA5-Land Daily Aggregated,Maharashtra,ERA5-Land Temperature
2017-04-09,2017-04-16,15.0,2017,P083,18.369289085175563,77.19996171000103,Latur,high,priority,31.617554146902933,1,7,ERA5-Land Daily Aggregated,Maharashtra,ERA5-Land Temperature
2017-04-09,2017-04-16,15.0,2017,P084,18.46362582706226,76.82249880582684,Latur,high,priority,31.793777175176785,1,7,ERA5-Land Daily Aggregated,Maharashtra,ERA5-Land Temperature
2017-04-09,2017-04-16,15.0,2017,P085,18.14788579966987,76.77194597718393,Latur,high,priority,31.596825445266063,1,7,ERA5-Land Daily Aggregated,Maharashtra,ERA5-Land Temperature
2017-04-09,2017-04-16,15.0,2017,P122,17.88145897082753,73.8441448165019,Satara,high,priority,28.872367204938655,1,7,ERA5-Land Daily Aggregated,Maharashtra,ERA5-Land Temperature
2017-04-09,2017-04-16,15.0,2017,P123,17.386414030975025,74.27088970551878,Satara,high,priority,30.216675240652933,1,7,ERA5-Land Daily Aggregated,Maharashtra,ERA5-Land Temperature
2017-04-09,2017-04-16,15.0,2017,P124,17.43262815429294,74.647353771057,Satara,high,priority,31.77588515508745,1,7,ERA5-Land Daily Aggregated,Maharashtra,ERA5-Land Temperature
2017-04-09,2017-04-16,15.0,2017,P125,17.56734651531964,74.31728219287884,Satara,high,priority,30.94148225330173,1,7,ERA5-Land Daily Aggregated,Maharashtra,ERA5-Land Temperature
2017-04-09,2017-04-16,15.0,2017,P126,17.205080227535593,74.13053949986157,Satara,high,priority,29.966675240652933,1,7,ERA5-Land Daily Aggregated,Maharashtra,ERA5-Land Temperature
2017-04-09,2017-04-16,15.0,2017,P127,17.65773249367299,74.31694330119876,Satara,high,priority,30.640538242885043,1,7,ERA5-Land Daily Aggregated,Maharashtra,ERA5-Land Temperature
2017-04-09,2017-04-16,15.0,2017,P128,18.019949731345452,74.5517328080669,Satara,high,priority,32.62835446312312,1,7,ERA5-Land Daily Aggregated,Maharashtra,ERA5-Land Temperature
2017-04-09,2017-04-16,15.0,2017,P129,18.063234225271252,74.03192648006461,Satara,high,priority,30.790580095563655,1,7,ERA5-Land Daily Aggregated,Maharashtra,ERA5-Land Temperature
2017-04-09,2017-04-16,15.0,2017,P130,17.61135784271715,74.03436560834085,Satara,high,priority,30.340803309849377,1,7,ERA5-Land Daily Aggregated,Maharashtra,ERA5-Land Temperature
2017-04-09,2017-04-16,15.0,2017,P131,17.612539504496315,74.3171127470388,Satara,high,priority,30.640538242885043,1,7,ERA5-Land Daily Aggregated,Maharashtra,ERA5-Land Temperature
2017-04-09,2017-04-16,15.0,2017,P132,17.702176353872684,74.12817617630324,Satara,high,priority,29.93679707845058,1,7,ERA5-Land Daily Aggregated,Maharashtra,ERA5-Land Temperature
2017-04-09,2017-04-16,15.0,2017,P133,17.25006363896275,74.08329532420031,Satara,high,priority,29.695551263718357,1,7,ERA5-Land Daily Aggregated,Maharashtra,ERA5-Land Temperature
2017-04-09,2017-04-16,15.0,2017,P134,17.476429903940936,74.17634784498362,Satara,high,priority,29.973034522646913,1,7,ERA5-Land Daily Aggregated,Maharashtra,ERA5-Land Temperature
2017-04-09,2017-04-16,15.0,2017,P135,17.882716437324603,74.0801070669471,Satara,high,priority,29.319435192289802,1,7,ERA5-Land Daily Aggregated,Maharashtra,ERA5-Land Temperature
2017-04-09,2017-04-16,15.0,2017,P136,17.928520323345598,74.22149178404871,Satara,high,priority,31.720174589611304,1,7,ERA5-Land Daily Aggregated,Maharashtra,ERA5-Land Temperature
2017-04-09,2017-04-16,15.0,2017,P137,17.746687100588183,73.98648378122894,Satara,high,priority,29.40125717889697,1,7,ERA5-Land Daily Aggregated,Maharashtra,ERA5-Land Temperature
2017-04-09,2017-04-16,15.0,2017,P138,17.61269557303319,74.36423652697161,Satara,high,priority,30.640538242885043,1,7,ERA5-Land Daily Aggregated,Maharashtra,ERA5-Land Temperature
2017-04-09,2017-04-16,15.0,2017,P139,17.656773786946495,74.08126197411994,Satara,high,priority,30.340803309849377,1,7,ERA5-Land Daily Aggregated,Maharashtra,ERA5-Land Temperature
2017-04-09,2017-04-16,15.0,2017,P140,17.97464080554139,74.50462240543725,Satara,high,priority,32.66956772577197,1,7,ERA5-Land Daily Aggregated,Maharashtra,ERA5-Land Temperature
2017-04-09,2017-04-16,15.0,2017,P141,17.430826677467348,74.08239904488856,Satara,high,priority,29.646548752557692,1,7,ERA5-Land Daily Aggregated,Maharashtra,ERA5-Land Temperature
2017-04-09,2017-04-16,15.0,2017,P142,18.064447100757786,74.31538707493111,Satara,high,priority,32.18105396089106,1,7,ERA5-Land Daily Aggregated,Maharashtra,ERA5-Land Temperature
2017-04-09,2017-04-16,15.0,2017,P143,17.70379500755509,74.6468275971327,Satara,high,priority,32.176473417736304,1,7,ERA5-Land Daily Aggregated,Maharashtra,ERA5-Land Temperature
2017-04-09,2017-04-16,15.0,2017,P144,17.929452275465767,74.50474726026674,Satara,high,priority,32.66956772577197,1,7,ERA5-Land Daily Aggregated,Maharashtra,ERA5-Land Temperature
2017-04-09,2017-04-16,15.0,2017,P145,17.47773196144854,74.60017202281048,Satara,high,priority,31.62298336937323,1,7,ERA5-Land Daily Aggregated,Maharashtra,ERA5-Land Temperature
2017-04-09,2017-04-16,15.0,2017,P146,17.839182233739812,74.55218763637436,Satara,high,priority,31.98957795642673,1,7,ERA5-Land Daily Aggregated,Maharashtra,ERA5-Land Temperature
2017-04-09,2017-04-16,15.0,2017,P001,19.940457800458272,74.57045211428928,Ahmednagar,normal,statewide,31.48521830240884,1,7,ERA5-Land Daily Aggregated,Maharashtra,ERA5-Land Temperature
2017-04-09,2017-04-16,15.0,2017,P002,18.946729294293643,74.76302285238339,Ahmednagar,normal,statewide,32.205956304641006,1,7,ERA5-Land Daily Aggregated,Maharashtra,ERA5-Land Temperature
2017-04-09,2017-04-16,15.0,2017,P003,18.49469238410162,74.66892244285252,Ahmednagar,normal,statewide,32.89288664318269,1,7,ERA5-Land Daily Aggregated,Maharashtra,ERA5-Land Temperature
2017-04-09,2017-04-16,15.0,2017,P004,19.03720445466806,75.1420731965326,Ahmednagar,normal,statewide,31.461908685593414,1,7,ERA5-Land Daily Aggregated,Maharashtra,ERA5-Land Temperature
2017-04-09,2017-04-16,15.0,2017,P005,20.832153156317954,77.06560453615967,Akola,normal,statewide,32.139189656575525,1,7,ERA5-Land Daily Aggregated,Maharashtra,ERA5-Land Temperature
2017-04-09,2017-04-16,15.0,2017,P006,20.834360411339407,76.87349308547405,Akola,normal,statewide,32.30643761044456,1,7,ERA5-Land Daily Aggregated,Maharashtra,ERA5-Land Temperature
2017-04-09,2017-04-16,15.0,2017,P007,21.014976299509232,76.87574047240498,Akola,normal,statewide,32.36721700032558,1,7,ERA5-Land Daily Aggregated,Maharashtra,ERA5-Land Temperature
2017-04-09,2017-04-16,15.0,2017,P008,20.828434266039377,77.35372489162701,Akola,normal,statewide,32.158104742141006,1,7,ERA5-Land Daily Aggregated,Maharashtra,ERA5-Land Temperature
2017-04-09,2017-04-16,15.0,2017,P009,21.360971327549258,77.94039543992572,Amravati,normal,statewide,31.965640549432692,1,7,ERA5-Land Daily Aggregated,Maharashtra,ERA5-Land Temperature
2017-04-09,2017-04-16,15.0,2017,P010,21.178803672212837,78.03301542790685,Amravati,normal,statewide,32.64518854050408,1,7,ERA5-Land Daily Aggregated,Maharashtra,ERA5-Land Temperature
2017-04-09,2017-04-16,15.0,2017,P011,20.814388097721018,78.21764450702477,Amravati,normal,statewide,33.417451840355284,1,7,ERA5-Land Daily Aggregated,Maharashtra,ERA5-Land Temperature
2017-04-09,2017-04-16,15.0,2017,P012,21.180502589714195,77.93681032267875,Amravati,normal,statewide,32.807855951218414,1,7,ERA5-Land Daily Aggregated,Maharashtra,ERA5-Land Temperature
2017-04-09,2017-04-16,15.0,2017,P013,20.031289688916964,74.8570519162974,Aurangabad,normal,statewide,31.565505690801785,1,7,ERA5-Land Daily Aggregated,Maharashtra,ERA5-Land Temperature
2017-04-09,2017-04-16,15.0,2017,P014,19.760185263069562,75.14270192978114,Aurangabad,normal,statewide,32.32971235002793,1,7,ERA5-Land Daily Aggregated,Maharashtra,ERA5-Land Temperature
2017-04-09,2017-04-16,15.0,2017,P015,19.9408189876436,74.76157364454102,Aurangabad,normal,statewide,31.733021036783896,1,7,ERA5-Land Daily Aggregated,Maharashtra,ERA5-Land Temperature
2017-04-09,2017-04-16,15.0,2017,P016,19.66981712112043,75.14262166596218,Aurangabad,normal,statewide,31.96058335077197,1,7,ERA5-Land Daily Aggregated,Maharashtra,ERA5-Land Temperature
2017-04-09,2017-04-16,15.0,2017,P017,21.04613203856966,79.85576216552393,Bhandara,normal,statewide,32.97816147577191,1,7,ERA5-Land Daily Aggregated,Maharashtra,ERA5-Land Temperature
2017-04-09,2017-04-16,15.0,2017,P018,21.31897105472685,79.76852877161537,Bhandara,normal,statewide,33.233951096307635,1,7,ERA5-Land Daily Aggregated,Maharashtra,ERA5-Land Temperature
2017-04-09,2017-04-16,15.0,2017,P019,21.40900922319803,79.77144948280537,Bhandara,normal,statewide,32.952666219075525,1,7,ERA5-Land Daily Aggregated,Maharashtra,ERA5-Land Temperature
2017-04-09,2017-04-16,15.0,2017,P020,21.144196588937042,79.57074980349083,Bhandara,normal,statewide,33.226429239908896,1,7,ERA5-Land Daily Aggregated,Maharashtra,ERA5-Land Temperature
2017-04-09,2017-04-16,15.0,2017,P021,18.67502288980403,75.52108340877234,Bid,normal,statewide,31.546974254789802,1,7,ERA5-Land Daily Aggregated,Maharashtra,ERA5-Land Temperature
2017-04-09,2017-04-16,15.0,2017,P022,18.856499384477168,75.04699178476999,Bid,normal,statewide,32.38465561639697,1,7,ERA5-Land Daily Aggregated,Maharashtra,ERA5-Land Temperature
2017-04-09,2017-04-16,15.0,2017,P023,19.126596053486494,75.6175605191647,Bid,normal,statewide,32.41331307547438,1,7,ERA5-Land Daily Aggregated,Maharashtra,ERA5-Land Temperature
2017-04-09,2017-04-16,15.0,2017,P024,18.763955201213946,75.90084720909012,Bid,normal,statewide,31.49360046386721,1,7,ERA5-Land Daily Aggregated,Maharashtra,ERA5-Land Temperature
2017-04-09,2017-04-16,15.0,2017,P025,20.93073496240753,76.20164478885242,Buldana,normal,statewide,31.534581211635043,1,7,ERA5-Land Daily Aggregated,Maharashtra,ERA5-Land Temperature
2017-04-09,2017-04-16,15.0,2017,P026,20.838939908121294,76.39311412898633,Buldana,normal,statewide,32.157186308361304,1,7,ERA5-Land Daily Aggregated,Maharashtra,ERA5-Land Temperature
2017-04-09,2017-04-16,15.0,2017,P027,20.657476790751314,76.48742857536776,Buldana,normal,statewide,32.458792986188655,1,7,ERA5-Land Daily Aggregated,Maharashtra,ERA5-Land Temperature
2017-04-09,2017-04-16,15.0,2017,P028,20.47967013624516,76.10222021266374,Buldana,normal,statewide,31.343628365652933,1,7,ERA5-Land Daily Aggregated,Maharashtra,ERA5-Land Temperature
2017-04-09,2017-04-16,15.0,2017,P029,20.32317798477448,79.92829390325927,Chandrapur,normal,statewide,33.07706168038504,1,7,ERA5-Land Daily Aggregated,Maharashtra,ERA5-Land Temperature
2017-04-09,2017-04-16,15.0,2017,P030,20.60872097983294,79.36304041732026,Chandrapur,normal,statewide,33.221488298688655,1,7,ERA5-Land Daily Aggregated,Maharashtra,ERA5-Land Temperature
2017-04-09,2017-04-16,15.0,2017,P031,20.511160307884595,79.64732594588165,Chandrapur,normal,statewide,33.27653619675408,1,7,ERA5-Land Daily Aggregated,Maharashtra,ERA5-Land Temperature
2017-04-09,2017-04-16,15.0,2017,P032,20.598621115946884,79.74569817422172,Chandrapur,normal,statewide,33.32166733514697,1,7,ERA5-Land Daily Aggregated,Maharashtra,ERA5-Land Temperature
2017-04-09,2017-04-16,15.0,2017,P033,21.38667804512237,75.14422248324037,Dhule,normal,statewide,32.154256620861304,1,7,ERA5-Land Daily Aggregated,Maharashtra,ERA5-Land Temperature
2017-04-09,2017-04-16,15.0,2017,P034,21.025151968113196,74.75989256344387,Dhule,normal,statewide,33.01649155389697,1,7,ERA5-Land Daily Aggregated,Maharashtra,ERA5-Land Temperature
2017-04-09,2017-04-16,15.0,2017,P035,21.477028350667293,74.85568743137505,Dhule,normal,statewide,32.07267877487914,1,7,ERA5-Land Daily Aggregated,Maharashtra,ERA5-Land Temperature
2017-04-09,2017-04-16,15.0,2017,P036,20.933820660336515,74.37533522949364,Dhule,normal,statewide,32.857660638718414,1,7,ERA5-Land Daily Aggregated,Maharashtra,ERA5-Land Temperature
2017-04-09,2017-04-16,15.0,2017,P037,19.963056524597132,79.91698116388667,Garhchiroli,normal,statewide,33.35028991699221,1,7,ERA5-Land Daily Aggregated,Maharashtra,ERA5-Land Temperature
2017-04-09,2017-04-16,15.0,2017,P038,19.062661462582188,79.88977172925856,Garhchiroli,normal,statewide,33.290766107468414,1,7,ERA5-Land Daily Aggregated,Maharashtra,ERA5-Land Temperature
2017-04-09,2017-04-16,15.0,2017,P039,19.510270485428137,79.9981368030594,Garhchiroli,normal,statewide,34.000541033063655,1,7,ERA5-Land Daily Aggregated,Maharashtra,ERA5-Land Temperature
2017-04-09,2017-04-16,15.0,2017,P040,19.870365190999156,80.00935144220881,Garhchiroli,normal,statewide,33.61696123395649,1,7,ERA5-Land Daily Aggregated,Maharashtra,ERA5-Land Temperature
2017-04-09,2017-04-16,15.0,2017,P041,21.127639946725598,80.1465044724107,Gondiya,normal,statewide,32.928066144670765,1,7,ERA5-Land Daily Aggregated,Maharashtra,ERA5-Land Temperature
2017-04-09,2017-04-16,15.0,2017,P042,21.397598383602258,80.15591763473452,Gondiya,normal,statewide,32.39149155389697,1,7,ERA5-Land Daily Aggregated,Maharashtra,ERA5-Land Temperature
2017-04-09,2017-04-16,15.0,2017,P043,21.574548890706154,80.25847249986273,Gondiya,normal,statewide,31.892840140206488,1,7,ERA5-Land Daily Aggregated,Maharashtra,ERA5-Land Temperature
2017-04-09,2017-04-16,15.0,2017,P044,21.211649410572516,80.34153217518526,Gondiya,normal,statewide,32.646292986188655,1,7,ERA5-Land Daily Aggregated,Maharashtra,ERA5-Land Temperature
2017-04-09,2017-04-16,15.0,2017,P045,19.655900266732623,77.2407892392464,Hingoli,normal,statewide,33.347988019670765,1,7,ERA5-Land Daily Aggregated,Maharashtra,ERA5-Land Temperature
2017-04-09,2017-04-16,15.0,2017,P046,19.566758377573187,77.1442675378435,Hingoli,normal,statewide,33.269863019670765,1,7,ERA5-Land Daily Aggregated,Maharashtra,ERA5-Land Temperature
2017-04-09,2017-04-16,15.0,2017,P047,19.47860194974656,76.9526242927685,Hingoli,normal,statewide,33.31086701892673,1,7,ERA5-Land Daily Aggregated,Maharashtra,ERA5-Land Temperature
2017-04-09,2017-04-16,15.0,2017,P048,19.927981235710728,77.14910120338544,Hingoli,normal,statewide,33.16051127115884,1,7,ERA5-Land Daily Aggregated,Maharashtra,ERA5-Land Temperature
2017-04-09,2017-04-16,15.0,2017,P049,21.292738163229433,76.10816865346904,Jalgaon,normal,statewide,32.07187659853986,1,7,ERA5-Land Daily Aggregated,Maharashtra,ERA5-Land Temperature
2017-04-09,2017-04-16,15.0,2017,P050,21.386178625804387,75.43363151891216,Jalgaon,normal,statewide,30.512027268182635,1,7,ERA5-Land Daily Aggregated,Maharashtra,ERA5-Land Temperature
2017-04-09,2017-04-16,15.0,2017,P051,21.112064306745907,76.10682200495089,Jalgaon,normal,statewide,31.47635948544462,1,7,ERA5-Land Daily Aggregated,Maharashtra,ERA5-Land Temperature
2017-04-09,2017-04-16,15.0,2017,P052,20.844437979720194,75.23982115072519,Jalgaon,normal,statewide,31.945318748837508,1,7,ERA5-Land Daily Aggregated,Maharashtra,ERA5-Land Temperature
2017-04-09,2017-04-16,15.0,2017,P053,19.486369703781666,76.00005328932718,Jalna,normal,statewide,32.62836608886721,1,7,ERA5-Land Daily Aggregated,Maharashtra,ERA5-Land Temperature
2017-04-09,2017-04-16,15.0,2017,P054,20.028502750758555,76.00343774702675,Jalna,normal,statewide,32.70417756580173,1,7,ERA5-Land Daily Aggregated,Maharashtra,ERA5-Land Temperature
2017-04-09,2017-04-16,15.0,2017,P055,19.75743845682064,76.00172991132328,Jalna,normal,statewide,32.89463050478986,1,7,ERA5-Land Daily Aggregated,Maharashtra,ERA5-Land Temperature
2017-04-09,2017-04-16,15.0,2017,P056,19.57768317515413,75.80993951591351,Jalna,normal,statewide,32.72960306803384,1,7,ERA5-Land Daily Aggregated,Maharashtra,ERA5-Land Temperature
2017-04-09,2017-04-16,15.0,2017,P057,16.776377793156257,74.29671235971928,Kolhapur,normal,statewide,29.86493835449221,1,7,ERA5-Land Daily Aggregated,Maharashtra,ERA5-Land Temperature
2017-04-09,2017-04-16,15.0,2017,P058,16.324416687682138,74.29834884980589,Kolhapur,normal,statewide,29.394665382021913,1,7,ERA5-Land Daily Aggregated,Maharashtra,ERA5-Land Temperature
2017-04-09,2017-04-16,15.0,2017,P059,16.595891218916975,74.39111598812178,Kolhapur,normal,statewide,30.063215419224377,1,7,ERA5-Land Daily Aggregated,Maharashtra,ERA5-Land Temperature
2017-04-09,2017-04-16,15.0,2017,P060,16.414811584237594,74.29802779453004,Kolhapur,normal,statewide,29.755098324730284,1,7,ERA5-Land Daily Aggregated,Maharashtra,ERA5-Land Temperature
2017-04-09,2017-04-16,15.0,2017,P086,21.054127206758487,79.56798961993874,Nagpur,normal,statewide,32.93448355538504,1,7,ERA5-Land Daily Aggregated,Maharashtra,ERA5-Land Temperature
2017-04-09,2017-04-16,15.0,2017,P087,21.146765031143822,79.47473643960802,Nagpur,normal,statewide,33.260887945266006,1,7,ERA5-Land Daily Aggregated,Maharashtra,ERA5-Land Temperature
2017-04-09,2017-04-16,15.0,2017,P088,21.347803602138427,78.61442869606356,Nagpur,normal,statewide,32.06665663946245,1,7,ERA5-Land Daily Aggregated,Maharashtra,ERA5-Land Temperature
2017-04-09,2017-04-16,15.0,2017,P089,21.165377318940912,78.70615240473293,Nagpur,normal,statewide,33.088454909551785,1,7,ERA5-Land Daily Aggregated,Maharashtra,ERA5-Land Temperature
2017-04-09,2017-04-16,15.0,2017,P090,19.201968238592887,77.42470040309472,Nanded,normal,statewide,32.73960120791486,1,7,ERA5-Land Daily Aggregated,Maharashtra,ERA5-Land Temperature
2017-04-09,2017-04-16,15.0,2017,P091,18.566038000956755,77.69963965584807,Nanded,normal,statewide,32.40364045642673,1,7,ERA5-Land Daily Aggregated,Maharashtra,ERA5-Land Temperature
2017-04-09,2017-04-16,15.0,2017,P092,19.736596618496833,77.90946265591798,Nanded,normal,statewide,32.46145528157558,1,7,ERA5-Land Daily Aggregated,Maharashtra,ERA5-Land Temperature
2017-04-09,2017-04-16,15.0,2017,P093,18.93564842817583,77.04115528508362,Nanded,normal,statewide,32.57294616699221,1,7,ERA5-Land Daily Aggregated,Maharashtra,ERA5-Land Temperature
2017-04-09,2017-04-16,15.0,2017,P094,21.564917232430716,74.08292967791392,Nandurbar,normal,statewide,30.881063261486304,1,7,ERA5-Land Daily Aggregated,Maharashtra,ERA5-Land Temperature
2017-04-09,2017-04-16,15.0,2017,P095,21.5662594218478,74.37266422796263,Nandurbar,normal,statewide,32.26355024065293,1,7,ERA5-Land Daily Aggregated,Maharashtra,ERA5-Land Temperature
2017-04-09,2017-04-16,15.0,2017,P096,21.385179787168415,74.27697637845674,Nandurbar,normal,statewide,31.683855765206488,1,7,ERA5-Land Daily Aggregated,Maharashtra,ERA5-Land Temperature
2017-04-09,2017-04-16,15.0,2017,P097,21.565421110849755,74.17950488852946,Nandurbar,normal,statewide,31.41653340657558,1,7,ERA5-Land Daily Aggregated,Maharashtra,ERA5-Land Temperature
2017-04-09,2017-04-16,15.0,2017,P098,20.299553667393326,73.99482675929994,Nashik,normal,statewide,29.817284429641006,1,7,ERA5-Land Daily Aggregated,Maharashtra,ERA5-Land Temperature
2017-04-09,2017-04-16,15.0,2017,P099,20.120253214034264,74.28296495117151,Nashik,normal,statewide,30.96171104794456,1,7,ERA5-Land Daily Aggregated,Maharashtra,ERA5-Land Temperature
2017-04-09,2017-04-16,15.0,2017,P100,20.389903972938242,73.99424261706194,Nashik,normal,statewide,29.51923522949221,1,7,ERA5-Land Daily Aggregated,Maharashtra,ERA5-Land Temperature
2017-04-09,2017-04-16,15.0,2017,P101,20.029015547379707,74.09216447619562,Nashik,normal,statewide,30.766817074730284,1,7,ERA5-Land Daily Aggregated,Maharashtra,ERA5-Land Temperature
2017-04-09,2017-04-16,15.0,2017,P102,17.85749130266526,76.36802722645965,Osmanabad,normal,statewide,32.14832749139691,1,7,ERA5-Land Daily Aggregated,Maharashtra,ERA5-Land Temperature
2017-04-09,2017-04-16,15.0,2017,P103,17.76644983645705,76.46164605307673,Osmanabad,normal,statewide,32.39177057175414,1,7,ERA5-Land Daily Aggregated,Maharashtra,ERA5-Land Temperature
2017-04-09,2017-04-16,15.0,2017,P104,17.949094615606196,76.17989775301476,Osmanabad,normal,statewide,32.266654314313655,1,7,ERA5-Land Daily Aggregated,Maharashtra,ERA5-Land Temperature
2017-04-09,2017-04-16,15.0,2017,P105,18.584360447185368,75.61558067829696,Osmanabad,normal,statewide,31.743228440057692,1,7,ERA5-Land Daily Aggregated,Maharashtra,ERA5-Land Temperature
2017-04-09,2017-04-16,15.0,2017,P106,19.031389786894366,76.47235681380711,Parbhani,normal,statewide,32.28692961193269,1,7,ERA5-Land Daily Aggregated,Maharashtra,ERA5-Land Temperature
2017-04-09,2017-04-16,15.0,2017,P107,19.120950831552832,76.56820519095093,Parbhani,normal,statewide,31.905093674432692,1,7,ERA5-Land Daily Aggregated,Maharashtra,ERA5-Land Temperature
2017-04-09,2017-04-16,15.0,2017,P108,19.208625676465683,76.85432786914635,Parbhani,normal,statewide,32.49763459705173,1,7,ERA5-Land Daily Aggregated,Maharashtra,ERA5-Land Temperature
2017-04-09,2017-04-16,15.0,2017,P109,19.212081479782103,76.47396209018636,Parbhani,normal,statewide,32.10624229794456,1,7,ERA5-Land Daily Aggregated,Maharashtra,ERA5-Land Temperature
2017-04-09,2017-04-16,15.0,2017,P110,18.133442771357757,75.04679558432363,Pune,normal,statewide,32.064505876813655,1,7,ERA5-Land Daily Aggregated,Maharashtra,ERA5-Land Temperature
2017-04-09,2017-04-16,15.0,2017,P111,18.584645829652782,74.47919215212944,Pune,normal,statewide,32.259841628301785,1,7,ERA5-Land Daily Aggregated,Maharashtra,ERA5-Land Temperature
2017-04-09,2017-04-16,15.0,2017,P112,18.132979024848197,74.57507620208169,Pune,normal,statewide,32.10523085821245,1,7,ERA5-Land Daily Aggregated,Maharashtra,ERA5-Land Temperature
2017-04-09,2017-04-16,15.0,2017,P113,18.314072036830744,74.76389683618987,Pune,normal,statewide,33.25256391252793,1,7,ERA5-Land Daily Aggregated,Maharashtra,ERA5-Land Temperature
2017-04-09,2017-04-16,15.0,2017,P114,18.48503397121986,73.0589238755964,Raigarh,normal,statewide,28.395920962379137,1,7,ERA5-Land Daily Aggregated,Maharashtra,ERA5-Land Temperature
2017-04-09,2017-04-16,15.0,2017,P115,18.665689991299164,73.05687714821288,Raigarh,normal,statewide,28.700806100027933,1,7,ERA5-Land Daily Aggregated,Maharashtra,ERA5-Land Temperature
2017-04-09,2017-04-16,15.0,2017,P116,18.306197264370358,73.25009891506079,Raigarh,normal,statewide,29.369751412527933,1,7,ERA5-Land Daily Aggregated,Maharashtra,ERA5-Land Temperature
2017-04-09,2017-04-16,15.0,2017,P117,18.21404102289879,73.06194714611064,Raigarh,normal,statewide,28.442726207914802,1,7,ERA5-Land Daily Aggregated,Maharashtra,ERA5-Land Temperature
2017-04-09,2017-04-16,15.0,2017,P118,17.138719885658215,75.42259970290594,Sangli,normal,statewide,33.94938775925414,1,7,ERA5-Land Daily Aggregated,Maharashtra,ERA5-Land Temperature
2017-04-09,2017-04-16,15.0,2017,P119,17.048761981005992,74.95348443567921,Sangli,normal,statewide,32.26737511044456,1,7,ERA5-Land Daily Aggregated,Maharashtra,ERA5-Land Temperature
2017-04-09,2017-04-16,15.0,2017,P120,16.86707144948229,74.39025538161847,Sangli,normal,statewide,30.369367762974377,1,7,ERA5-Land Daily Aggregated,Maharashtra,ERA5-Land Temperature
2017-04-09,2017-04-16,15.0,2017,P121,17.048503353144895,74.67157114887826,Sangli,normal,statewide,31.495367576962508,1,7,ERA5-Land Daily Aggregated,Maharashtra,ERA5-Land Temperature
2017-04-09,2017-04-16,15.0,2017,P148,17.67852974098626,76.08383979812143,Solapur,normal,statewide,33.64524666922438,1,7,ERA5-Land Daily Aggregated,Maharashtra,ERA5-Land Temperature
2017-04-09,2017-04-16,15.0,2017,P149,18.223365003201543,75.4251413905064,Solapur,normal,statewide,33.48427661714106,1,7,ERA5-Land Daily Aggregated,Maharashtra,ERA5-Land Temperature
2017-04-09,2017-04-16,15.0,2017,P150,17.952532582518405,75.23562067753285,Solapur,normal,statewide,33.52140924362914,1,7,ERA5-Land Daily Aggregated,Maharashtra,ERA5-Land Temperature
2017-04-09,2017-04-16,15.0,2017,P151,18.223690517578447,75.23598186471818,Solapur,normal,statewide,33.40651201520649,1,7,ERA5-Land Daily Aggregated,Maharashtra,ERA5-Land Temperature
2017-04-09,2017-04-16,15.0,2017,P152,19.658178867370932,72.94986318203122,Thane,normal,statewide,30.761283220563655,1,7,ERA5-Land Daily Aggregated,Maharashtra,ERA5-Land Temperature
2017-04-09,2017-04-16,15.0,2017,P153,19.65706409210757,72.8545320606096,Thane,normal,statewide,30.199527268182635,1,7,ERA5-Land Daily Aggregated,Maharashtra,ERA5-Land Temperature
2017-04-09,2017-04-16,15.0,2017,P154,19.477549601897948,72.95214624177059,Thane,normal,statewide,30.18851768856962,1,7,ERA5-Land Daily Aggregated,Maharashtra,ERA5-Land Temperature
2017-04-09,2017-04-16,15.0,2017,P155,19.83987385799569,73.0429959666335,Thane,normal,statewide,30.948887852260043,1,7,ERA5-Land Daily Aggregated,Maharashtra,ERA5-Land Temperature
2017-04-09,2017-04-16,15.0,2017,P156,20.806749657616468,78.60135461177485,Wardha,normal,statewide,33.34395388648619,1,7,ERA5-Land Daily Aggregated,Maharashtra,ERA5-Land Temperature
2017-04-09,2017-04-16,15.0,2017,P157,20.71031267913359,78.88671032458906,Wardha,normal,statewide,33.36987929571245,1,7,ERA5-Land Daily Aggregated,Maharashtra,ERA5-Land Temperature
2017-04-09,2017-04-16,15.0,2017,P158,21.081265295769754,78.41565980750515,Wardha,normal,statewide,32.86524062383745,1,7,ERA5-Land Daily Aggregated,Maharashtra,ERA5-Land Temperature
2017-04-09,2017-04-16,15.0,2017,P159,20.439854822938944,78.87986114537097,Wardha,normal,statewide,33.25471467517673,1,7,ERA5-Land Daily Aggregated,Maharashtra,ERA5-Land Temperature
2017-04-09,2017-04-16,15.0,2017,P160,20.289186257444058,77.15404188735265,Washim,normal,statewide,32.44372602190293,1,7,ERA5-Land Daily Aggregated,Maharashtra,ERA5-Land Temperature
2017-04-09,2017-04-16,15.0,2017,P161,20.464607292886615,77.53975858757677,Washim,normal,statewide,33.03918500627793,1,7,ERA5-Land Daily Aggregated,Maharashtra,ERA5-Land Temperature
2017-04-09,2017-04-16,15.0,2017,P162,20.107393166596125,77.2471479173486,Washim,normal,statewide,32.72592933291486,1,7,ERA5-Land Daily Aggregated,Maharashtra,ERA5-Land Temperature
2017-04-09,2017-04-16,15.0,2017,P163,20.198885002010726,77.1527933390577,Washim,normal,statewide,32.54127764020649,1,7,ERA5-Land Daily Aggregated,Maharashtra,ERA5-Land Temperature
2017-04-09,2017-04-16,15.0,2017,P164,20.182854533723592,78.20447678161395,Yavatmal,normal,statewide,33.30092700776606,1,7,ERA5-Land Daily Aggregated,Maharashtra,ERA5-Land Temperature
2017-04-09,2017-04-16,15.0,2017,P165,19.894658373538324,79.05709703494229,Yavatmal,normal,statewide,33.05904177711119,1,7,ERA5-Land Daily Aggregated,Maharashtra,ERA5-Land Temperature
2017-04-09,2017-04-16,15.0,2017,P166,19.468787468327925,77.71426550730338,Yavatmal,normal,statewide,33.24020574660534,1,7,ERA5-Land Daily Aggregated,Maharashtra,ERA5-Land Temperature
2017-04-09,2017-04-16,15.0,2017,P167,19.559057510053886,77.71577268345945,Yavatmal,normal,statewide,32.84913896833149,1,7,ERA5-Land Daily Aggregated,Maharashtra,ERA5-Land Temperature
2017-04-16,2017-04-23,16.0,2017,P147,17.927231643141155,73.94769852026607,Satara,case_study,case_study,28.18580489385704,1,7,ERA5-Land Daily Aggregated,Maharashtra,ERA5-Land Temperature
2017-04-16,2017-04-23,16.0,2017,P061,18.507855650411397,76.91766048140843,Latur,high,priority,33.7933081490653,1,7,ERA5-Land Daily Aggregated,Maharashtra,ERA5-Land Temperature
2017-04-16,2017-04-23,16.0,2017,P062,18.422405896924207,76.3487594508077,Latur,high,priority,33.277264622279574,1,7,ERA5-Land Daily Aggregated,Maharashtra,ERA5-Land Temperature
2017-04-16,2017-04-23,16.0,2017,P063,18.235391198742693,77.05646783810116,Latur,high,priority,33.00898895263674,1,7,ERA5-Land Daily Aggregated,Maharashtra,ERA5-Land Temperature
2017-04-16,2017-04-23,16.0,2017,P064,18.193056493341274,76.77240080549139,Latur,high,priority,32.894010344005835,1,7,ERA5-Land Daily Aggregated,Maharashtra,ERA5-Land Temperature
2017-04-16,2017-04-23,16.0,2017,P065,18.331355512513895,76.44266811899327,Latur,high,priority,33.22148430233909,1,7,ERA5-Land Daily Aggregated,Maharashtra,ERA5-Land Temperature
2017-04-16,2017-04-23,16.0,2017,P066,18.104739537876725,76.5352970251765,Latur,high,priority,32.472321355910594,1,7,ERA5-Land Daily Aggregated,Maharashtra,ERA5-Land Temperature
2017-04-16,2017-04-23,16.0,2017,P067,18.280552974211986,77.0569984711265,Latur,high,priority,33.00898895263674,1,7,ERA5-Land Daily Aggregated,Maharashtra,ERA5-Land Temperature
2017-04-16,2017-04-23,16.0,2017,P068,18.101823285787773,76.86595720469373,Latur,high,priority,33.04405219668439,1,7,ERA5-Land Daily Aggregated,Maharashtra,ERA5-Land Temperature
2017-04-16,2017-04-23,16.0,2017,P069,18.595075667016793,77.20284228928156,Latur,high,priority,34.007814752487945,1,7,ERA5-Land Daily Aggregated,Maharashtra,ERA5-Land Temperature
2017-04-16,2017-04-23,16.0,2017,P070,18.41499041187233,77.15322587185987,Latur,high,priority,33.86001666841054,1,7,ERA5-Land Daily Aggregated,Maharashtra,ERA5-Land Temperature
2017-04-16,2017-04-23,16.0,2017,P071,18.149138807065885,76.63019561379593,Latur,high,priority,32.657926359630835,1,7,ERA5-Land Daily Aggregated,Maharashtra,ERA5-Land Temperature
2017-04-16,2017-04-23,16.0,2017,P072,18.283393421583035,76.77331492120734,Latur,high,priority,33.19852345784511,1,7,ERA5-Land Daily Aggregated,Maharashtra,ERA5-Land Temperature
2017-04-16,2017-04-23,16.0,2017,P073,17.966315663874607,76.86453029235662,Latur,high,priority,32.98536544073198,1,7,ERA5-Land Daily Aggregated,Maharashtra,ERA5-Land Temperature
2017-04-16,2017-04-23,16.0,2017,P074,18.50832831512306,76.870318205524,Latur,high,priority,33.7459448678153,1,7,ERA5-Land Daily Aggregated,Maharashtra,ERA5-Land Temperature
2017-04-16,2017-04-23,16.0,2017,P075,18.41444640154381,77.20053247493588,Latur,high,priority,33.81342068626776,1,7,ERA5-Land Daily Aggregated,Maharashtra,ERA5-Land Temperature
2017-04-16,2017-04-23,16.0,2017,P076,18.377877313804504,76.25376722106614,Latur,high,priority,32.98981810070222,1,7,ERA5-Land Daily Aggregated,Maharashtra,ERA5-Land Temperature
2017-04-16,2017-04-23,16.0,2017,P077,18.059564385104267,76.5349046242838,Latur,high,priority,32.425946262904574,1,7,ERA5-Land Daily Aggregated,Maharashtra,ERA5-Land Temperature
2017-04-16,2017-04-23,16.0,2017,P078,18.1008824154655,76.96042326051098,Latur,high,priority,33.06988459995813,1,7,ERA5-Land Daily Aggregated,Maharashtra,ERA5-Land Temperature
2017-04-16,2017-04-23,16.0,2017,P079,18.73508698099394,76.77797468180819,Latur,high,priority,33.75049053373789,1,7,ERA5-Land Daily Aggregated,Maharashtra,ERA5-Land Temperature
2017-04-16,2017-04-23,16.0,2017,P080,18.46791548227568,76.3017694439065,Latur,high,priority,33.277264622279574,1,7,ERA5-Land Daily Aggregated,Maharashtra,ERA5-Land Temperature
2017-04-16,2017-04-23,16.0,2017,P081,18.10355787609756,76.67701617485712,Latur,high,priority,32.657926359630835,1,7,ERA5-Land Daily Aggregated,Maharashtra,ERA5-Land Temperature
2017-04-16,2017-04-23,16.0,2017,P082,18.23907887531389,76.67830931416262,Latur,high,priority,33.044656735374815,1,7,ERA5-Land Daily Aggregated,Maharashtra,ERA5-Land Temperature
2017-04-16,2017-04-23,16.0,2017,P083,18.369289085175563,77.19996171000103,Latur,high,priority,33.444012669154574,1,7,ERA5-Land Daily Aggregated,Maharashtra,ERA5-Land Temperature
2017-04-16,2017-04-23,16.0,2017,P084,18.46362582706226,76.82249880582684,Latur,high,priority,33.410309637160594,1,7,ERA5-Land Daily Aggregated,Maharashtra,ERA5-Land Temperature
2017-04-16,2017-04-23,16.0,2017,P085,18.14788579966987,76.77194597718393,Latur,high,priority,32.894010344005835,1,7,ERA5-Land Daily Aggregated,Maharashtra,ERA5-Land Temperature
2017-04-16,2017-04-23,16.0,2017,P122,17.88145897082753,73.8441448165019,Satara,high,priority,27.427876136416444,1,7,ERA5-Land Daily Aggregated,Maharashtra,ERA5-Land Temperature
2017-04-16,2017-04-23,16.0,2017,P123,17.386414030975025,74.27088970551878,Satara,high,priority,28.757849629720113,1,7,ERA5-Land Daily Aggregated,Maharashtra,ERA5-Land Temperature
2017-04-16,2017-04-23,16.0,2017,P124,17.43262815429294,74.647353771057,Satara,high,priority,30.852180916922464,1,7,ERA5-Land Daily Aggregated,Maharashtra,ERA5-Land Temperature
2017-04-16,2017-04-23,16.0,2017,P125,17.56734651531964,74.31728219287884,Satara,high,priority,29.737899852934333,1,7,ERA5-Land Daily Aggregated,Maharashtra,ERA5-Land Temperature
2017-04-16,2017-04-23,16.0,2017,P126,17.205080227535593,74.13053949986157,Satara,high,priority,28.382919384184333,1,7,ERA5-Land Daily Aggregated,Maharashtra,ERA5-Land Temperature
2017-04-16,2017-04-23,16.0,2017,P127,17.65773249367299,74.31694330119876,Satara,high,priority,29.603180730910537,1,7,ERA5-Land Daily Aggregated,Maharashtra,ERA5-Land Temperature
2017-04-16,2017-04-23,16.0,2017,P128,18.019949731345452,74.5517328080669,Satara,high,priority,32.18281707763674,1,7,ERA5-Land Daily Aggregated,Maharashtra,ERA5-Land Temperature
2017-04-16,2017-04-23,16.0,2017,P129,18.063234225271252,74.03192648006461,Satara,high,priority,29.72420472644626,1,7,ERA5-Land Daily Aggregated,Maharashtra,ERA5-Land Temperature
2017-04-16,2017-04-23,16.0,2017,P130,17.61135784271715,74.03436560834085,Satara,high,priority,28.896672639392648,1,7,ERA5-Land Daily Aggregated,Maharashtra,ERA5-Land Temperature
2017-04-16,2017-04-23,16.0,2017,P131,17.612539504496315,74.3171127470388,Satara,high,priority,29.603180730910537,1,7,ERA5-Land Daily Aggregated,Maharashtra,ERA5-Land Temperature
2017-04-16,2017-04-23,16.0,2017,P132,17.702176353872684,74.12817617630324,Satara,high,priority,28.8604933239165,1,7,ERA5-Land Daily Aggregated,Maharashtra,ERA5-Land Temperature
2017-04-16,2017-04-23,16.0,2017,P133,17.25006363896275,74.08329532420031,Satara,high,priority,27.93793240501776,1,7,ERA5-Land Daily Aggregated,Maharashtra,ERA5-Land Temperature
2017-04-16,2017-04-23,16.0,2017,P134,17.476429903940936,74.17634784498362,Satara,high,priority,28.51338348388674,1,7,ERA5-Land Daily Aggregated,Maharashtra,ERA5-Land Temperature
2017-04-16,2017-04-23,16.0,2017,P135,17.882716437324603,74.0801070669471,Satara,high,priority,28.25731484549391,1,7,ERA5-Land Daily Aggregated,Maharashtra,ERA5-Land Temperature
2017-04-16,2017-04-23,16.0,2017,P136,17.928520323345598,74.22149178404871,Satara,high,priority,30.83034776960102,1,7,ERA5-Land Daily Aggregated,Maharashtra,ERA5-Land Temperature
2017-04-16,2017-04-23,16.0,2017,P137,17.746687100588183,73.98648378122894,Satara,high,priority,28.02339324951174,1,7,ERA5-Land Daily Aggregated,Maharashtra,ERA5-Land Temperature
2017-04-16,2017-04-23,16.0,2017,P138,17.61269557303319,74.36423652697161,Satara,high,priority,29.603180730910537,1,7,ERA5-Land Daily Aggregated,Maharashtra,ERA5-Land Temperature
2017-04-16,2017-04-23,16.0,2017,P139,17.656773786946495,74.08126197411994,Satara,high,priority,28.896672639392648,1,7,ERA5-Land Daily Aggregated,Maharashtra,ERA5-Land Temperature
2017-04-16,2017-04-23,16.0,2017,P140,17.97464080554139,74.50462240543725,Satara,high,priority,32.19747714088072,1,7,ERA5-Land Daily Aggregated,Maharashtra,ERA5-Land Temperature
2017-04-16,2017-04-23,16.0,2017,P141,17.430826677467348,74.08239904488856,Satara,high,priority,28.065920221237945,1,7,ERA5-Land Daily Aggregated,Maharashtra,ERA5-Land Temperature
2017-04-16,2017-04-23,16.0,2017,P142,18.064447100757786,74.31538707493111,Satara,high,priority,31.494770667666444,1,7,ERA5-Land Daily Aggregated,Maharashtra,ERA5-Land Temperature
2017-04-16,2017-04-23,16.0,2017,P143,17.70379500755509,74.6468275971327,Satara,high,priority,31.70144151960102,1,7,ERA5-Land Daily Aggregated,Maharashtra,ERA5-Land Temperature
2017-04-16,2017-04-23,16.0,2017,P144,17.929452275465767,74.50474726026674,Satara,high,priority,32.19747714088072,1,7,ERA5-Land Daily Aggregated,Maharashtra,ERA5-Land Temperature
2017-04-16,2017-04-23,16.0,2017,P145,17.47773196144854,74.60017202281048,Satara,high,priority,30.498444402785537,1,7,ERA5-Land Daily Aggregated,Maharashtra,ERA5-Land Temperature
2017-04-16,2017-04-23,16.0,2017,P146,17.839182233739812,74.55218763637436,Satara,high,priority,31.46212557838072,1,7,ERA5-Land Daily Aggregated,Maharashtra,ERA5-Land Temperature
2017-04-16,2017-04-23,16.0,2017,P001,19.940457800458272,74.57045211428928,Ahmednagar,normal,statewide,31.637732442220113,1,7,ERA5-Land Daily Aggregated,Maharashtra,ERA5-Land Temperature
2017-04-16,2017-04-23,16.0,2017,P002,18.946729294293643,74.76302285238339,Ahmednagar,normal,statewide,31.78486785888674,1,7,ERA5-Land Daily Aggregated,Maharashtra,ERA5-Land Temperature
2017-04-16,2017-04-23,16.0,2017,P003,18.49469238410162,74.66892244285252,Ahmednagar,normal,statewide,32.228238859630835,1,7,ERA5-Land Daily Aggregated,Maharashtra,ERA5-Land Temperature
2017-04-16,2017-04-23,16.0,2017,P004,19.03720445466806,75.1420731965326,Ahmednagar,normal,statewide,32.01052355085102,1,7,ERA5-Land Daily Aggregated,Maharashtra,ERA5-Land Temperature
2017-04-16,2017-04-23,16.0,2017,P005,20.832153156317954,77.06560453615967,Akola,normal,statewide,34.128792245047464,1,7,ERA5-Land Daily Aggregated,Maharashtra,ERA5-Land Temperature
2017-04-16,2017-04-23,16.0,2017,P006,20.834360411339407,76.87349308547405,Akola,normal,statewide,34.06871039980933,1,7,ERA5-Land Daily Aggregated,Maharashtra,ERA5-Land Temperature
2017-04-16,2017-04-23,16.0,2017,P007,21.014976299509232,76.87574047240498,Akola,normal,statewide,33.82766222272602,1,7,ERA5-Land Daily Aggregated,Maharashtra,ERA5-Land Temperature
2017-04-16,2017-04-23,16.0,2017,P008,20.828434266039377,77.35372489162701,Akola,normal,statewide,34.24694468180337,1,7,ERA5-Land Daily Aggregated,Maharashtra,ERA5-Land Temperature
2017-04-16,2017-04-23,16.0,2017,P009,21.360971327549258,77.94039543992572,Amravati,normal,statewide,34.3628882271903,1,7,ERA5-Land Daily Aggregated,Maharashtra,ERA5-Land Temperature
2017-04-16,2017-04-23,16.0,2017,P010,21.178803672212837,78.03301542790685,Amravati,normal,statewide,35.01655731201174,1,7,ERA5-Land Daily Aggregated,Maharashtra,ERA5-Land Temperature
2017-04-16,2017-04-23,16.0,2017,P011,20.814388097721018,78.21764450702477,Amravati,normal,statewide,35.6947218395415,1,7,ERA5-Land Daily Aggregated,Maharashtra,ERA5-Land Temperature
2017-04-16,2017-04-23,16.0,2017,P012,21.180502589714195,77.93681032267875,Amravati,normal,statewide,35.22584395635704,1,7,ERA5-Land Daily Aggregated,Maharashtra,ERA5-Land Temperature
2017-04-16,2017-04-23,16.0,2017,P013,20.031289688916964,74.8570519162974,Aurangabad,normal,statewide,31.948070053827223,1,7,ERA5-Land Daily Aggregated,Maharashtra,ERA5-Land Temperature
2017-04-16,2017-04-23,16.0,2017,P014,19.760185263069562,75.14270192978114,Aurangabad,normal,statewide,32.794354466029574,1,7,ERA5-Land Daily Aggregated,Maharashtra,ERA5-Land Temperature
2017-04-16,2017-04-23,16.0,2017,P015,19.9408189876436,74.76157364454102,Aurangabad,normal,statewide,32.066954912458186,1,7,ERA5-Land Daily Aggregated,Maharashtra,ERA5-Land Temperature
2017-04-16,2017-04-23,16.0,2017,P016,19.66981712112043,75.14262166596218,Aurangabad,normal,statewide,32.584114510672464,1,7,ERA5-Land Daily Aggregated,Maharashtra,ERA5-Land Temperature
2017-04-16,2017-04-23,16.0,2017,P017,21.04613203856966,79.85576216552393,Bhandara,normal,statewide,35.221077401297464,1,7,ERA5-Land Daily Aggregated,Maharashtra,ERA5-Land Temperature
2017-04-16,2017-04-23,16.0,2017,P018,21.31897105472685,79.76852877161537,Bhandara,normal,statewide,35.791145760672464,1,7,ERA5-Land Daily Aggregated,Maharashtra,ERA5-Land Temperature
2017-04-16,2017-04-23,16.0,2017,P019,21.40900922319803,79.77144948280537,Bhandara,normal,statewide,35.64861413864867,1,7,ERA5-Land Daily Aggregated,Maharashtra,ERA5-Land Temperature
2017-04-16,2017-04-23,16.0,2017,P020,21.144196588937042,79.57074980349083,Bhandara,normal,statewide,35.798063078380835,1,7,ERA5-Land Daily Aggregated,Maharashtra,ERA5-Land Temperature
2017-04-16,2017-04-23,16.0,2017,P021,18.67502288980403,75.52108340877234,Bid,normal,statewide,32.28470509847011,1,7,ERA5-Land Daily Aggregated,Maharashtra,ERA5-Land Temperature
2017-04-16,2017-04-23,16.0,2017,P022,18.856499384477168,75.04699178476999,Bid,normal,statewide,32.5079542614165,1,7,ERA5-Land Daily Aggregated,Maharashtra,ERA5-Land Temperature
2017-04-16,2017-04-23,16.0,2017,P023,19.126596053486494,75.6175605191647,Bid,normal,statewide,33.314862278529574,1,7,ERA5-Land Daily Aggregated,Maharashtra,ERA5-Land Temperature
2017-04-16,2017-04-23,16.0,2017,P024,18.763955201213946,75.90084720909012,Bid,normal,statewide,32.399660455612945,1,7,ERA5-Land Daily Aggregated,Maharashtra,ERA5-Land Temperature
2017-04-16,2017-04-23,16.0,2017,P025,20.93073496240753,76.20164478885242,Buldana,normal,statewide,33.082161385672464,1,7,ERA5-Land Daily Aggregated,Maharashtra,ERA5-Land Temperature
2017-04-16,2017-04-23,16.0,2017,P026,20.838939908121294,76.39311412898633,Buldana,normal,statewide,33.62604856945222,1,7,ERA5-Land Daily Aggregated,Maharashtra,ERA5-Land Temperature
2017-04-16,2017-04-23,16.0,2017,P027,20.657476790751314,76.48742857536776,Buldana,normal,statewide,33.85693584623789,1,7,ERA5-Land Daily Aggregated,Maharashtra,ERA5-Land Temperature
2017-04-16,2017-04-23,16.0,2017,P028,20.47967013624516,76.10222021266374,Buldana,normal,statewide,32.64883502778554,1,7,ERA5-Land Daily Aggregated,Maharashtra,ERA5-Land Temperature
2017-04-16,2017-04-23,16.0,2017,P029,20.32317798477448,79.92829390325927,Chandrapur,normal,statewide,35.119061497279574,1,7,ERA5-Land Daily Aggregated,Maharashtra,ERA5-Land Temperature
2017-04-16,2017-04-23,16.0,2017,P030,20.60872097983294,79.36304041732026,Chandrapur,normal,statewide,35.731505693708186,1,7,ERA5-Land Daily Aggregated,Maharashtra,ERA5-Land Temperature
2017-04-16,2017-04-23,16.0,2017,P031,20.511160307884595,79.64732594588165,Chandrapur,normal,statewide,35.55034172421409,1,7,ERA5-Land Daily Aggregated,Maharashtra,ERA5-Land Temperature
2017-04-16,2017-04-23,16.0,2017,P032,20.598621115946884,79.74569817422172,Chandrapur,normal,statewide,35.53861134847011,1,7,ERA5-Land Daily Aggregated,Maharashtra,ERA5-Land Temperature
2017-04-16,2017-04-23,16.0,2017,P033,21.38667804512237,75.14422248324037,Dhule,normal,statewide,32.573221188499815,1,7,ERA5-Land Daily Aggregated,Maharashtra,ERA5-Land Temperature
2017-04-16,2017-04-23,16.0,2017,P034,21.025151968113196,74.75989256344387,Dhule,normal,statewide,33.391173662458186,1,7,ERA5-Land Daily Aggregated,Maharashtra,ERA5-Land Temperature
2017-04-16,2017-04-23,16.0,2017,P035,21.477028350667293,74.85568743137505,Dhule,normal,statewide,32.171295965285594,1,7,ERA5-Land Daily Aggregated,Maharashtra,ERA5-Land Temperature
2017-04-16,2017-04-23,16.0,2017,P036,20.933820660336515,74.37533522949364,Dhule,normal,statewide,32.34993714832126,1,7,ERA5-Land Daily Aggregated,Maharashtra,ERA5-Land Temperature
2017-04-16,2017-04-23,16.0,2017,P037,19.963056524597132,79.91698116388667,Garhchiroli,normal,statewide,35.17849230085102,1,7,ERA5-Land Daily Aggregated,Maharashtra,ERA5-Land Temperature
2017-04-16,2017-04-23,16.0,2017,P038,19.062661462582188,79.88977172925856,Garhchiroli,normal,statewide,34.925364975702166,1,7,ERA5-Land Daily Aggregated,Maharashtra,ERA5-Land Temperature
2017-04-16,2017-04-23,16.0,2017,P039,19.510270485428137,79.9981368030594,Garhchiroli,normal,statewide,35.8182104928153,1,7,ERA5-Land Daily Aggregated,Maharashtra,ERA5-Land Temperature
2017-04-16,2017-04-23,16.0,2017,P040,19.870365190999156,80.00935144220881,Garhchiroli,normal,statewide,35.31115366617831,1,7,ERA5-Land Daily Aggregated,Maharashtra,ERA5-Land Temperature
2017-04-16,2017-04-23,16.0,2017,P041,21.127639946725598,80.1465044724107,Gondiya,normal,statewide,35.0723608834403,1,7,ERA5-Land Daily Aggregated,Maharashtra,ERA5-Land Temperature
2017-04-16,2017-04-23,16.0,2017,P042,21.397598383602258,80.15591763473452,Gondiya,normal,statewide,34.76699909028554,1,7,ERA5-Land Daily Aggregated,Maharashtra,ERA5-Land Temperature
2017-04-16,2017-04-23,16.0,2017,P043,21.574548890706154,80.25847249986273,Gondiya,normal,statewide,34.30372481573198,1,7,ERA5-Land Daily Aggregated,Maharashtra,ERA5-Land Temperature
2017-04-16,2017-04-23,16.0,2017,P044,21.211649410572516,80.34153217518526,Gondiya,normal,statewide,34.7918433053153,1,7,ERA5-Land Daily Aggregated,Maharashtra,ERA5-Land Temperature
2017-04-16,2017-04-23,16.0,2017,P045,19.655900266732623,77.2407892392464,Hingoli,normal,statewide,34.97443724132722,1,7,ERA5-Land Daily Aggregated,Maharashtra,ERA5-Land Temperature
2017-04-16,2017-04-23,16.0,2017,P046,19.566758377573187,77.1442675378435,Hingoli,normal,statewide,34.88136153448198,1,7,ERA5-Land Daily Aggregated,Maharashtra,ERA5-Land Temperature
2017-04-16,2017-04-23,16.0,2017,P047,19.47860194974656,76.9526242927685,Hingoli,normal,statewide,35.02174239385698,1,7,ERA5-Land Daily Aggregated,Maharashtra,ERA5-Land Temperature
2017-04-16,2017-04-23,16.0,2017,P048,19.927981235710728,77.14910120338544,Hingoli,normal,statewide,34.50450141543439,1,7,ERA5-Land Daily Aggregated,Maharashtra,ERA5-Land Temperature
2017-04-16,2017-04-23,16.0,2017,P049,21.292738163229433,76.10816865346904,Jalgaon,normal,statewide,33.861632646833186,1,7,ERA5-Land Daily Aggregated,Maharashtra,ERA5-Land Temperature
2017-04-16,2017-04-23,16.0,2017,P050,21.386178625804387,75.43363151891216,Jalgaon,normal,statewide,31.34982089088072,1,7,ERA5-Land Daily Aggregated,Maharashtra,ERA5-Land Temperature
2017-04-16,2017-04-23,16.0,2017,P051,21.112064306745907,76.10682200495089,Jalgaon,normal,statewide,33.168924313499815,1,7,ERA5-Land Daily Aggregated,Maharashtra,ERA5-Land Temperature
2017-04-16,2017-04-23,16.0,2017,P052,20.844437979720194,75.23982115072519,Jalgaon,normal,statewide,33.2129858834403,1,7,ERA5-Land Daily Aggregated,Maharashtra,ERA5-Land Temperature
2017-04-16,2017-04-23,16.0,2017,P053,19.486369703781666,76.00005328932718,Jalna,normal,statewide,34.148742021833186,1,7,ERA5-Land Daily Aggregated,Maharashtra,ERA5-Land Temperature
2017-04-16,2017-04-23,16.0,2017,P054,20.028502750758555,76.00343774702675,Jalna,normal,statewide,33.737923104422464,1,7,ERA5-Land Daily Aggregated,Maharashtra,ERA5-Land Temperature
2017-04-16,2017-04-23,16.0,2017,P055,19.75743845682064,76.00172991132328,Jalna,normal,statewide,34.28229856945222,1,7,ERA5-Land Daily Aggregated,Maharashtra,ERA5-Land Temperature
2017-04-16,2017-04-23,16.0,2017,P056,19.57768317515413,75.80993951591351,Jalna,normal,statewide,34.06024685814276,1,7,ERA5-Land Daily Aggregated,Maharashtra,ERA5-Land Temperature
2017-04-16,2017-04-23,16.0,2017,P057,16.776377793156257,74.29671235971928,Kolhapur,normal,statewide,28.360074797130835,1,7,ERA5-Land Daily Aggregated,Maharashtra,ERA5-Land Temperature
2017-04-16,2017-04-23,16.0,2017,P058,16.324416687682138,74.29834884980589,Kolhapur,normal,statewide,28.017394365583186,1,7,ERA5-Land Daily Aggregated,Maharashtra,ERA5-Land Temperature
2017-04-16,2017-04-23,16.0,2017,P059,16.595891218916975,74.39111598812178,Kolhapur,normal,statewide,28.636534990583186,1,7,ERA5-Land Daily Aggregated,Maharashtra,ERA5-Land Temperature
2017-04-16,2017-04-23,16.0,2017,P060,16.414811584237594,74.29802779453004,Kolhapur,normal,statewide,28.282635716029574,1,7,ERA5-Land Daily Aggregated,Maharashtra,ERA5-Land Temperature
2017-04-16,2017-04-23,16.0,2017,P086,21.054127206758487,79.56798961993874,Nagpur,normal,statewide,35.57618575323198,1,7,ERA5-Land Daily Aggregated,Maharashtra,ERA5-Land Temperature
2017-04-16,2017-04-23,16.0,2017,P087,21.146765031143822,79.47473643960802,Nagpur,normal,statewide,35.81050262451174,1,7,ERA5-Land Daily Aggregated,Maharashtra,ERA5-Land Temperature
2017-04-16,2017-04-23,16.0,2017,P088,21.347803602138427,78.61442869606356,Nagpur,normal,statewide,34.77605554489861,1,7,ERA5-Land Daily Aggregated,Maharashtra,ERA5-Land Temperature
2017-04-16,2017-04-23,16.0,2017,P089,21.165377318940912,78.70615240473293,Nagpur,normal,statewide,35.448546709333186,1,7,ERA5-Land Daily Aggregated,Maharashtra,ERA5-Land Temperature
2017-04-16,2017-04-23,16.0,2017,P090,19.201968238592887,77.42470040309472,Nanded,normal,statewide,34.694128926595056,1,7,ERA5-Land Daily Aggregated,Maharashtra,ERA5-Land Temperature
2017-04-16,2017-04-23,16.0,2017,P091,18.566038000956755,77.69963965584807,Nanded,normal,statewide,33.79363366989861,1,7,ERA5-Land Daily Aggregated,Maharashtra,ERA5-Land Temperature
2017-04-16,2017-04-23,16.0,2017,P092,19.736596618496833,77.90946265591798,Nanded,normal,statewide,35.14375457763674,1,7,ERA5-Land Daily Aggregated,Maharashtra,ERA5-Land Temperature
2017-04-16,2017-04-23,16.0,2017,P093,18.93564842817583,77.04115528508362,Nanded,normal,statewide,34.32823188418433,1,7,ERA5-Land Daily Aggregated,Maharashtra,ERA5-Land Temperature
2017-04-16,2017-04-23,16.0,2017,P094,21.564917232430716,74.08292967791392,Nandurbar,normal,statewide,30.316048104422464,1,7,ERA5-Land Daily Aggregated,Maharashtra,ERA5-Land Temperature
2017-04-16,2017-04-23,16.0,2017,P095,21.5662594218478,74.37266422796263,Nandurbar,normal,statewide,32.108877345493966,1,7,ERA5-Land Daily Aggregated,Maharashtra,ERA5-Land Temperature
2017-04-16,2017-04-23,16.0,2017,P096,21.385179787168415,74.27697637845674,Nandurbar,normal,statewide,31.261279224214093,1,7,ERA5-Land Daily Aggregated,Maharashtra,ERA5-Land Temperature
2017-04-16,2017-04-23,16.0,2017,P097,21.565421110849755,74.17950488852946,Nandurbar,normal,statewide,30.980994160970056,1,7,ERA5-Land Daily Aggregated,Maharashtra,ERA5-Land Temperature
2017-04-16,2017-04-23,16.0,2017,P098,20.299553667393326,73.99482675929994,Nashik,normal,statewide,28.988109116327223,1,7,ERA5-Land Daily Aggregated,Maharashtra,ERA5-Land Temperature
2017-04-16,2017-04-23,16.0,2017,P099,20.120253214034264,74.28296495117151,Nashik,normal,statewide,30.778020295642648,1,7,ERA5-Land Daily Aggregated,Maharashtra,ERA5-Land Temperature
2017-04-16,2017-04-23,16.0,2017,P100,20.389903972938242,73.99424261706194,Nashik,normal,statewide,28.819733465285594,1,7,ERA5-Land Daily Aggregated,Maharashtra,ERA5-Land Temperature
2017-04-16,2017-04-23,16.0,2017,P101,20.029015547379707,74.09216447619562,Nashik,normal,statewide,30.1251417614165,1,7,ERA5-Land Daily Aggregated,Maharashtra,ERA5-Land Temperature
2017-04-16,2017-04-23,16.0,2017,P102,17.85749130266526,76.36802722645965,Osmanabad,normal,statewide,32.963206772577166,1,7,ERA5-Land Daily Aggregated,Maharashtra,ERA5-Land Temperature
2017-04-16,2017-04-23,16.0,2017,P103,17.76644983645705,76.46164605307673,Osmanabad,normal,statewide,33.2718237740653,1,7,ERA5-Land Daily Aggregated,Maharashtra,ERA5-Land Temperature
2017-04-16,2017-04-23,16.0,2017,P104,17.949094615606196,76.17989775301476,Osmanabad,normal,statewide,33.12958279564265,1,7,ERA5-Land Daily Aggregated,Maharashtra,ERA5-Land Temperature
2017-04-16,2017-04-23,16.0,2017,P105,18.584360447185368,75.61558067829696,Osmanabad,normal,statewide,32.508849443708186,1,7,ERA5-Land Daily Aggregated,Maharashtra,ERA5-Land Temperature
2017-04-16,2017-04-23,16.0,2017,P106,19.031389786894366,76.47235681380711,Parbhani,normal,statewide,34.0538061959403,1,7,ERA5-Land Daily Aggregated,Maharashtra,ERA5-Land Temperature
2017-04-16,2017-04-23,16.0,2017,P107,19.120950831552832,76.56820519095093,Parbhani,normal,statewide,33.82928982689265,1,7,ERA5-Land Daily Aggregated,Maharashtra,ERA5-Land Temperature
2017-04-16,2017-04-23,16.0,2017,P108,19.208625676465683,76.85432786914635,Parbhani,normal,statewide,34.453429521833186,1,7,ERA5-Land Daily Aggregated,Maharashtra,ERA5-Land Temperature
2017-04-16,2017-04-23,16.0,2017,P109,19.212081479782103,76.47396209018636,Parbhani,normal,statewide,34.0267530895415,1,7,ERA5-Land Daily Aggregated,Maharashtra,ERA5-Land Temperature
2017-04-16,2017-04-23,16.0,2017,P110,18.133442771357757,75.04679558432363,Pune,normal,statewide,31.44232693626776,1,7,ERA5-Land Daily Aggregated,Maharashtra,ERA5-Land Temperature
2017-04-16,2017-04-23,16.0,2017,P111,18.584645829652782,74.47919215212944,Pune,normal,statewide,31.578801545642648,1,7,ERA5-Land Daily Aggregated,Maharashtra,ERA5-Land Temperature
2017-04-16,2017-04-23,16.0,2017,P112,18.132979024848197,74.57507620208169,Pune,normal,statewide,31.693768528529574,1,7,ERA5-Land Daily Aggregated,Maharashtra,ERA5-Land Temperature
2017-04-16,2017-04-23,16.0,2017,P113,18.314072036830744,74.76389683618987,Pune,normal,statewide,32.58678843180343,1,7,ERA5-Land Daily Aggregated,Maharashtra,ERA5-Land Temperature
2017-04-16,2017-04-23,16.0,2017,P114,18.48503397121986,73.0589238755964,Raigarh,normal,statewide,28.046551731654574,1,7,ERA5-Land Daily Aggregated,Maharashtra,ERA5-Land Temperature
2017-04-16,2017-04-23,16.0,2017,P115,18.665689991299164,73.05687714821288,Raigarh,normal,statewide,28.15526406424391,1,7,ERA5-Land Daily Aggregated,Maharashtra,ERA5-Land Temperature
2017-04-16,2017-04-23,16.0,2017,P116,18.306197264370358,73.25009891506079,Raigarh,normal,statewide,28.180085027785594,1,7,ERA5-Land Daily Aggregated,Maharashtra,ERA5-Land Temperature
2017-04-16,2017-04-23,16.0,2017,P117,18.21404102289879,73.06194714611064,Raigarh,normal,statewide,28.264534432547464,1,7,ERA5-Land Daily Aggregated,Maharashtra,ERA5-Land Temperature
2017-04-16,2017-04-23,16.0,2017,P118,17.138719885658215,75.42259970290594,Sangli,normal,statewide,33.54451722644632,1,7,ERA5-Land Daily Aggregated,Maharashtra,ERA5-Land Temperature
2017-04-16,2017-04-23,16.0,2017,P119,17.048761981005992,74.95348443567921,Sangli,normal,statewide,31.201697285970113,1,7,ERA5-Land Daily Aggregated,Maharashtra,ERA5-Land Temperature
2017-04-16,2017-04-23,16.0,2017,P120,16.86707144948229,74.39025538161847,Sangli,normal,statewide,28.83147546677361,1,7,ERA5-Land Daily Aggregated,Maharashtra,ERA5-Land Temperature
2017-04-16,2017-04-23,16.0,2017,P121,17.048503353144895,74.67157114887826,Sangli,normal,statewide,30.129129391624815,1,7,ERA5-Land Daily Aggregated,Maharashtra,ERA5-Land Temperature
2017-04-16,2017-04-23,16.0,2017,P148,17.67852974098626,76.08383979812143,Solapur,normal,statewide,34.33218463716054,1,7,ERA5-Land Daily Aggregated,Maharashtra,ERA5-Land Temperature
2017-04-16,2017-04-23,16.0,2017,P149,18.223365003201543,75.4251413905064,Solapur,normal,statewide,33.741666594005835,1,7,ERA5-Land Daily Aggregated,Maharashtra,ERA5-Land Temperature
2017-04-16,2017-04-23,16.0,2017,P150,17.952532582518405,75.23562067753285,Solapur,normal,statewide,33.33149871826174,1,7,ERA5-Land Daily Aggregated,Maharashtra,ERA5-Land Temperature
2017-04-16,2017-04-23,16.0,2017,P151,18.223690517578447,75.23598186471818,Solapur,normal,statewide,33.338753182547464,1,7,ERA5-Land Daily Aggregated,Maharashtra,ERA5-Land Temperature
2017-04-16,2017-04-23,16.0,2017,P152,19.658178867370932,72.94986318203122,Thane,normal,statewide,29.54592394147602,1,7,ERA5-Land Daily Aggregated,Maharashtra,ERA5-Land Temperature
2017-04-16,2017-04-23,16.0,2017,P153,19.65706409210757,72.8545320606096,Thane,normal,statewide,29.17086581275572,1,7,ERA5-Land Daily Aggregated,Maharashtra,ERA5-Land Temperature
2017-04-16,2017-04-23,16.0,2017,P154,19.477549601897948,72.95214624177059,Thane,normal,statewide,29.322802661714093,1,7,ERA5-Land Daily Aggregated,Maharashtra,ERA5-Land Temperature
2017-04-16,2017-04-23,16.0,2017,P155,19.83987385799569,73.0429959666335,Thane,normal,statewide,29.44408242361891,1,7,ERA5-Land Daily Aggregated,Maharashtra,ERA5-Land Temperature
2017-04-16,2017-04-23,16.0,2017,P156,20.806749657616468,78.60135461177485,Wardha,normal,statewide,35.72699490501765,1,7,ERA5-Land Daily Aggregated,Maharashtra,ERA5-Land Temperature
2017-04-16,2017-04-23,16.0,2017,P157,20.71031267913359,78.88671032458906,Wardha,normal,statewide,35.944396318708186,1,7,ERA5-Land Daily Aggregated,Maharashtra,ERA5-Land Temperature
2017-04-16,2017-04-23,16.0,2017,P158,21.081265295769754,78.41565980750515,Wardha,normal,statewide,35.062560381208186,1,7,ERA5-Land Daily Aggregated,Maharashtra,ERA5-Land Temperature
2017-04-16,2017-04-23,16.0,2017,P159,20.439854822938944,78.87986114537097,Wardha,normal,statewide,35.82744133358909,1,7,ERA5-Land Daily Aggregated,Maharashtra,ERA5-Land Temperature
2017-04-16,2017-04-23,16.0,2017,P160,20.289186257444058,77.15404188735265,Washim,normal,statewide,34.03042682466054,1,7,ERA5-Land Daily Aggregated,Maharashtra,ERA5-Land Temperature
2017-04-16,2017-04-23,16.0,2017,P161,20.464607292886615,77.53975858757677,Washim,normal,statewide,34.783612278529574,1,7,ERA5-Land Daily Aggregated,Maharashtra,ERA5-Land Temperature
2017-04-16,2017-04-23,16.0,2017,P162,20.107393166596125,77.2471479173486,Washim,normal,statewide,34.17669031052361,1,7,ERA5-Land Daily Aggregated,Maharashtra,ERA5-Land Temperature
2017-04-16,2017-04-23,16.0,2017,P163,20.198885002010726,77.1527933390577,Washim,normal,statewide,33.955568658737945,1,7,ERA5-Land Daily Aggregated,Maharashtra,ERA5-Land Temperature
2017-04-16,2017-04-23,16.0,2017,P164,20.182854533723592,78.20447678161395,Yavatmal,normal,statewide,35.83647453671409,1,7,ERA5-Land Daily Aggregated,Maharashtra,ERA5-Land Temperature
2017-04-16,2017-04-23,16.0,2017,P165,19.894658373538324,79.05709703494229,Yavatmal,normal,statewide,35.1659132457915,1,7,ERA5-Land Daily Aggregated,Maharashtra,ERA5-Land Temperature
2017-04-16,2017-04-23,16.0,2017,P166,19.468787468327925,77.71426550730338,Yavatmal,normal,statewide,35.25001387823198,1,7,ERA5-Land Daily Aggregated,Maharashtra,ERA5-Land Temperature
2017-04-16,2017-04-23,16.0,2017,P167,19.559057510053886,77.71577268345945,Yavatmal,normal,statewide,35.017010716029574,1,7,ERA5-Land Daily Aggregated,Maharashtra,ERA5-Land Temperature
2017-04-23,2017-04-30,17.0,2017,P147,17.927231643141155,73.94769852026607,Satara,case_study,case_study,27.445157986595518,1,7,ERA5-Land Daily Aggregated,Maharashtra,ERA5-Land Temperature
2017-04-23,2017-04-30,17.0,2017,P061,18.507855650411397,76.91766048140843,Latur,high,priority,32.792058563232445,1,7,ERA5-Land Daily Aggregated,Maharashtra,ERA5-Land Temperature
2017-04-23,2017-04-30,17.0,2017,P062,18.422405896924207,76.3487594508077,Latur,high,priority,32.112615203857445,1,7,ERA5-Land Daily Aggregated,Maharashtra,ERA5-Land Temperature
2017-04-23,2017-04-30,17.0,2017,P063,18.235391198742693,77.05646783810116,Latur,high,priority,32.107871900286,1,7,ERA5-Land Daily Aggregated,Maharashtra,ERA5-Land Temperature
2017-04-23,2017-04-30,17.0,2017,P064,18.193056493341274,76.77240080549139,Latur,high,priority,31.854744575137204,1,7,ERA5-Land Daily Aggregated,Maharashtra,ERA5-Land Temperature
2017-04-23,2017-04-30,17.0,2017,P065,18.331355512513895,76.44266811899327,Latur,high,priority,32.079528336297926,1,7,ERA5-Land Daily Aggregated,Maharashtra,ERA5-Land Temperature
2017-04-23,2017-04-30,17.0,2017,P066,18.104739537876725,76.5352970251765,Latur,high,priority,31.584341394333592,1,7,ERA5-Land Daily Aggregated,Maharashtra,ERA5-Land Temperature
2017-04-23,2017-04-30,17.0,2017,P067,18.280552974211986,77.0569984711265,Latur,high,priority,32.107871900286,1,7,ERA5-Land Daily Aggregated,Maharashtra,ERA5-Land Temperature
2017-04-23,2017-04-30,17.0,2017,P068,18.101823285787773,76.86595720469373,Latur,high,priority,32.03459483555389,1,7,ERA5-Land Daily Aggregated,Maharashtra,ERA5-Land Temperature
2017-04-23,2017-04-30,17.0,2017,P069,18.595075667016793,77.20284228928156,Latur,high,priority,33.25870430355985,1,7,ERA5-Land Daily Aggregated,Maharashtra,ERA5-Land Temperature
2017-04-23,2017-04-30,17.0,2017,P070,18.41499041187233,77.15322587185987,Latur,high,priority,33.064763641357445,1,7,ERA5-Land Daily Aggregated,Maharashtra,ERA5-Land Temperature
2017-04-23,2017-04-30,17.0,2017,P071,18.149138807065885,76.63019561379593,Latur,high,priority,31.693030475434853,1,7,ERA5-Land Daily Aggregated,Maharashtra,ERA5-Land Temperature
2017-04-23,2017-04-30,17.0,2017,P072,18.283393421583035,76.77331492120734,Latur,high,priority,32.104430680047926,1,7,ERA5-Land Daily Aggregated,Maharashtra,ERA5-Land Temperature
2017-04-23,2017-04-30,17.0,2017,P073,17.966315663874607,76.86453029235662,Latur,high,priority,32.05138240995865,1,7,ERA5-Land Daily Aggregated,Maharashtra,ERA5-Land Temperature
2017-04-23,2017-04-30,17.0,2017,P074,18.50832831512306,76.870318205524,Latur,high,priority,32.642377108619314,1,7,ERA5-Land Daily Aggregated,Maharashtra,ERA5-Land Temperature
2017-04-23,2017-04-30,17.0,2017,P075,18.41444640154381,77.20053247493588,Latur,high,priority,33.115544891357445,1,7,ERA5-Land Daily Aggregated,Maharashtra,ERA5-Land Temperature
2017-04-23,2017-04-30,17.0,2017,P076,18.377877313804504,76.25376722106614,Latur,high,priority,31.89336529686335,1,7,ERA5-Land Daily Aggregated,Maharashtra,ERA5-Land Temperature
2017-04-23,2017-04-30,17.0,2017,P077,18.059564385104267,76.5349046242838,Latur,high,priority,31.616672588530093,1,7,ERA5-Land Daily Aggregated,Maharashtra,ERA5-Land Temperature
2017-04-23,2017-04-30,17.0,2017,P078,18.1008824154655,76.96042326051098,Latur,high,priority,32.14721341814317,1,7,ERA5-Land Daily Aggregated,Maharashtra,ERA5-Land Temperature
2017-04-23,2017-04-30,17.0,2017,P079,18.73508698099394,76.77797468180819,Latur,high,priority,32.64145867483961,1,7,ERA5-Land Daily Aggregated,Maharashtra,ERA5-Land Temperature
2017-04-23,2017-04-30,17.0,2017,P080,18.46791548227568,76.3017694439065,Latur,high,priority,32.112615203857445,1,7,ERA5-Land Daily Aggregated,Maharashtra,ERA5-Land Temperature
2017-04-23,2017-04-30,17.0,2017,P081,18.10355787609756,76.67701617485712,Latur,high,priority,31.693030475434853,1,7,ERA5-Land Daily Aggregated,Maharashtra,ERA5-Land Temperature
2017-04-23,2017-04-30,17.0,2017,P082,18.23907887531389,76.67830931416262,Latur,high,priority,31.97868663242889,1,7,ERA5-Land Daily Aggregated,Maharashtra,ERA5-Land Temperature
2017-04-23,2017-04-30,17.0,2017,P083,18.369289085175563,77.19996171000103,Latur,high,priority,32.62769379388715,1,7,ERA5-Land Daily Aggregated,Maharashtra,ERA5-Land Temperature
2017-04-23,2017-04-30,17.0,2017,P084,18.46362582706226,76.82249880582684,Latur,high,priority,32.341467975434796,1,7,ERA5-Land Daily Aggregated,Maharashtra,ERA5-Land Temperature
2017-04-23,2017-04-30,17.0,2017,P085,18.14788579966987,76.77194597718393,Latur,high,priority,31.854744575137204,1,7,ERA5-Land Daily Aggregated,Maharashtra,ERA5-Land Temperature
2017-04-23,2017-04-30,17.0,2017,P122,17.88145897082753,73.8441448165019,Satara,high,priority,27.00579786754787,1,7,ERA5-Land Daily Aggregated,Maharashtra,ERA5-Land Temperature
2017-04-23,2017-04-30,17.0,2017,P123,17.386414030975025,74.27088970551878,Satara,high,priority,28.52300396873835,1,7,ERA5-Land Daily Aggregated,Maharashtra,ERA5-Land Temperature
2017-04-23,2017-04-30,17.0,2017,P124,17.43262815429294,74.647353771057,Satara,high,priority,30.08952647617889,1,7,ERA5-Land Daily Aggregated,Maharashtra,ERA5-Land Temperature
2017-04-23,2017-04-30,17.0,2017,P125,17.56734651531964,74.31728219287884,Satara,high,priority,29.055300285702685,1,7,ERA5-Land Daily Aggregated,Maharashtra,ERA5-Land Temperature
2017-04-23,2017-04-30,17.0,2017,P126,17.205080227535593,74.13053949986157,Satara,high,priority,28.543465278262204,1,7,ERA5-Land Daily Aggregated,Maharashtra,ERA5-Land Temperature
2017-04-23,2017-04-30,17.0,2017,P127,17.65773249367299,74.31694330119876,Satara,high,priority,28.757065073649073,1,7,ERA5-Land Daily Aggregated,Maharashtra,ERA5-Land Temperature
2017-04-23,2017-04-30,17.0,2017,P128,18.019949731345452,74.5517328080669,Satara,high,priority,30.879984065464612,1,7,ERA5-Land Daily Aggregated,Maharashtra,ERA5-Land Temperature
2017-04-23,2017-04-30,17.0,2017,P129,18.063234225271252,74.03192648006461,Satara,high,priority,28.741102927071722,1,7,ERA5-Land Daily Aggregated,Maharashtra,ERA5-Land Temperature
2017-04-23,2017-04-30,17.0,2017,P130,17.61135784271715,74.03436560834085,Satara,high,priority,28.568588511149073,1,7,ERA5-Land Daily Aggregated,Maharashtra,ERA5-Land Temperature
2017-04-23,2017-04-30,17.0,2017,P131,17.612539504496315,74.3171127470388,Satara,high,priority,28.757065073649073,1,7,ERA5-Land Daily Aggregated,Maharashtra,ERA5-Land Temperature
2017-04-23,2017-04-30,17.0,2017,P132,17.702176353872684,74.12817617630324,Satara,high,priority,28.02119035266702,1,7,ERA5-Land Daily Aggregated,Maharashtra,ERA5-Land Temperature
2017-04-23,2017-04-30,17.0,2017,P133,17.25006363896275,74.08329532420031,Satara,high,priority,28.32683116367889,1,7,ERA5-Land Daily Aggregated,Maharashtra,ERA5-Land Temperature
2017-04-23,2017-04-30,17.0,2017,P134,17.476429903940936,74.17634784498362,Satara,high,priority,28.300010572161,1,7,ERA5-Land Daily Aggregated,Maharashtra,ERA5-Land Temperature
2017-04-23,2017-04-30,17.0,2017,P135,17.882716437324603,74.0801070669471,Satara,high,priority,27.462654731387204,1,7,ERA5-Land Daily Aggregated,Maharashtra,ERA5-Land Temperature
2017-04-23,2017-04-30,17.0,2017,P136,17.928520323345598,74.22149178404871,Satara,high,priority,29.730535125732445,1,7,ERA5-Land Daily Aggregated,Maharashtra,ERA5-Land Temperature
2017-04-23,2017-04-30,17.0,2017,P137,17.746687100588183,73.98648378122894,Satara,high,priority,27.58898006620865,1,7,ERA5-Land Daily Aggregated,Maharashtra,ERA5-Land Temperature
2017-04-23,2017-04-30,17.0,2017,P138,17.61269557303319,74.36423652697161,Satara,high,priority,28.757065073649073,1,7,ERA5-Land Daily Aggregated,Maharashtra,ERA5-Land Temperature
2017-04-23,2017-04-30,17.0,2017,P139,17.656773786946495,74.08126197411994,Satara,high,priority,28.568588511149073,1,7,ERA5-Land Daily Aggregated,Maharashtra,ERA5-Land Temperature
2017-04-23,2017-04-30,17.0,2017,P140,17.97464080554139,74.50462240543725,Satara,high,priority,30.95062208629787,1,7,ERA5-Land Daily Aggregated,Maharashtra,ERA5-Land Temperature
2017-04-23,2017-04-30,17.0,2017,P141,17.430826677467348,74.08239904488856,Satara,high,priority,28.107709139869314,1,7,ERA5-Land Daily Aggregated,Maharashtra,ERA5-Land Temperature
2017-04-23,2017-04-30,17.0,2017,P142,18.064447100757786,74.31538707493111,Satara,high,priority,30.27492221650624,1,7,ERA5-Land Daily Aggregated,Maharashtra,ERA5-Land Temperature
2017-04-23,2017-04-30,17.0,2017,P143,17.70379500755509,74.6468275971327,Satara,high,priority,30.562229229155037,1,7,ERA5-Land Daily Aggregated,Maharashtra,ERA5-Land Temperature
2017-04-23,2017-04-30,17.0,2017,P144,17.929452275465767,74.50474726026674,Satara,high,priority,30.95062208629787,1,7,ERA5-Land Daily Aggregated,Maharashtra,ERA5-Land Temperature
2017-04-23,2017-04-30,17.0,2017,P145,17.47773196144854,74.60017202281048,Satara,high,priority,29.810194723946722,1,7,ERA5-Land Daily Aggregated,Maharashtra,ERA5-Land Temperature
2017-04-23,2017-04-30,17.0,2017,P146,17.839182233739812,74.55218763637436,Satara,high,priority,30.263435981387147,1,7,ERA5-Land Daily Aggregated,Maharashtra,ERA5-Land Temperature
2017-04-23,2017-04-30,17.0,2017,P001,19.940457800458272,74.57045211428928,Ahmednagar,normal,statewide,29.673580605643167,1,7,ERA5-Land Daily Aggregated,Maharashtra,ERA5-Land Temperature
2017-04-23,2017-04-30,17.0,2017,P002,18.946729294293643,74.76302285238339,Ahmednagar,normal,statewide,30.307195281982445,1,7,ERA5-Land Daily Aggregated,Maharashtra,ERA5-Land Temperature
2017-04-23,2017-04-30,17.0,2017,P003,18.49469238410162,74.66892244285252,Ahmednagar,normal,statewide,30.86091784522654,1,7,ERA5-Land Daily Aggregated,Maharashtra,ERA5-Land Temperature
2017-04-23,2017-04-30,17.0,2017,P004,19.03720445466806,75.1420731965326,Ahmednagar,normal,statewide,30.66389636085154,1,7,ERA5-Land Daily Aggregated,Maharashtra,ERA5-Land Temperature
2017-04-23,2017-04-30,17.0,2017,P005,20.832153156317954,77.06560453615967,Akola,normal,statewide,32.40187534150624,1,7,ERA5-Land Daily Aggregated,Maharashtra,ERA5-Land Temperature
2017-04-23,2017-04-30,17.0,2017,P006,20.834360411339407,76.87349308547405,Akola,normal,statewide,32.28397867111937,1,7,ERA5-Land Daily Aggregated,Maharashtra,ERA5-Land Temperature
2017-04-23,2017-04-30,17.0,2017,P007,21.014976299509232,76.87574047240498,Akola,normal,statewide,32.080144500732445,1,7,ERA5-Land Daily Aggregated,Maharashtra,ERA5-Land Temperature
2017-04-23,2017-04-30,17.0,2017,P008,20.828434266039377,77.35372489162701,Akola,normal,statewide,32.523073723202685,1,7,ERA5-Land Daily Aggregated,Maharashtra,ERA5-Land Temperature
2017-04-23,2017-04-30,17.0,2017,P009,21.360971327549258,77.94039543992572,Amravati,normal,statewide,31.976791636149073,1,7,ERA5-Land Daily Aggregated,Maharashtra,ERA5-Land Temperature
2017-04-23,2017-04-30,17.0,2017,P010,21.178803672212837,78.03301542790685,Amravati,normal,statewide,32.740661148797926,1,7,ERA5-Land Daily Aggregated,Maharashtra,ERA5-Land Temperature
2017-04-23,2017-04-30,17.0,2017,P011,20.814388097721018,78.21764450702477,Amravati,normal,statewide,33.72508265177407,1,7,ERA5-Land Daily Aggregated,Maharashtra,ERA5-Land Temperature
2017-04-23,2017-04-30,17.0,2017,P012,21.180502589714195,77.93681032267875,Amravati,normal,statewide,32.9492386227563,1,7,ERA5-Land Daily Aggregated,Maharashtra,ERA5-Land Temperature
2017-04-23,2017-04-30,17.0,2017,P013,20.031289688916964,74.8570519162974,Aurangabad,normal,statewide,30.12139264061335,1,7,ERA5-Land Daily Aggregated,Maharashtra,ERA5-Land Temperature
2017-04-23,2017-04-30,17.0,2017,P014,19.760185263069562,75.14270192978114,Aurangabad,normal,statewide,31.036885107131297,1,7,ERA5-Land Daily Aggregated,Maharashtra,ERA5-Land Temperature
2017-04-23,2017-04-30,17.0,2017,P015,19.9408189876436,74.76157364454102,Aurangabad,normal,statewide,30.168837302071722,1,7,ERA5-Land Daily Aggregated,Maharashtra,ERA5-Land Temperature
2017-04-23,2017-04-30,17.0,2017,P016,19.66981712112043,75.14262166596218,Aurangabad,normal,statewide,30.977268291655093,1,7,ERA5-Land Daily Aggregated,Maharashtra,ERA5-Land Temperature
2017-04-23,2017-04-30,17.0,2017,P017,21.04613203856966,79.85576216552393,Bhandara,normal,statewide,34.32018123808365,1,7,ERA5-Land Daily Aggregated,Maharashtra,ERA5-Land Temperature
2017-04-23,2017-04-30,17.0,2017,P018,21.31897105472685,79.76852877161537,Bhandara,normal,statewide,34.73498778570274,1,7,ERA5-Land Daily Aggregated,Maharashtra,ERA5-Land Temperature
2017-04-23,2017-04-30,17.0,2017,P019,21.40900922319803,79.77144948280537,Bhandara,normal,statewide,34.59518821353009,1,7,ERA5-Land Daily Aggregated,Maharashtra,ERA5-Land Temperature
2017-04-23,2017-04-30,17.0,2017,P020,21.144196588937042,79.57074980349083,Bhandara,normal,statewide,34.712957000732445,1,7,ERA5-Land Daily Aggregated,Maharashtra,ERA5-Land Temperature
2017-04-23,2017-04-30,17.0,2017,P021,18.67502288980403,75.52108340877234,Bid,normal,statewide,30.980081721714612,1,7,ERA5-Land Daily Aggregated,Maharashtra,ERA5-Land Temperature
2017-04-23,2017-04-30,17.0,2017,P022,18.856499384477168,75.04699178476999,Bid,normal,statewide,31.19204228719076,1,7,ERA5-Land Daily Aggregated,Maharashtra,ERA5-Land Temperature
2017-04-23,2017-04-30,17.0,2017,P023,19.126596053486494,75.6175605191647,Bid,normal,statewide,31.990823909214612,1,7,ERA5-Land Daily Aggregated,Maharashtra,ERA5-Land Temperature
2017-04-23,2017-04-30,17.0,2017,P024,18.763955201213946,75.90084720909012,Bid,normal,statewide,31.050603485107445,1,7,ERA5-Land Daily Aggregated,Maharashtra,ERA5-Land Temperature
2017-04-23,2017-04-30,17.0,2017,P025,20.93073496240753,76.20164478885242,Buldana,normal,statewide,31.212968626476425,1,7,ERA5-Land Daily Aggregated,Maharashtra,ERA5-Land Temperature
2017-04-23,2017-04-30,17.0,2017,P026,20.838939908121294,76.39311412898633,Buldana,normal,statewide,31.766935330345518,1,7,ERA5-Land Daily Aggregated,Maharashtra,ERA5-Land Temperature
2017-04-23,2017-04-30,17.0,2017,P027,20.657476790751314,76.48742857536776,Buldana,normal,statewide,31.818402499244314,1,7,ERA5-Land Daily Aggregated,Maharashtra,ERA5-Land Temperature
2017-04-23,2017-04-30,17.0,2017,P028,20.47967013624516,76.10222021266374,Buldana,normal,statewide,30.516819072905093,1,7,ERA5-Land Daily Aggregated,Maharashtra,ERA5-Land Temperature
2017-04-23,2017-04-30,17.0,2017,P029,20.32317798477448,79.92829390325927,Chandrapur,normal,statewide,34.46232921055389,1,7,ERA5-Land Daily Aggregated,Maharashtra,ERA5-Land Temperature
2017-04-23,2017-04-30,17.0,2017,P030,20.60872097983294,79.36304041732026,Chandrapur,normal,statewide,34.826598648797926,1,7,ERA5-Land Daily Aggregated,Maharashtra,ERA5-Land Temperature
2017-04-23,2017-04-30,17.0,2017,P031,20.511160307884595,79.64732594588165,Chandrapur,normal,statewide,34.936345672607445,1,7,ERA5-Land Daily Aggregated,Maharashtra,ERA5-Land Temperature
2017-04-23,2017-04-30,17.0,2017,P032,20.598621115946884,79.74569817422172,Chandrapur,normal,statewide,34.982976531982445,1,7,ERA5-Land Daily Aggregated,Maharashtra,ERA5-Land Temperature
2017-04-23,2017-04-30,17.0,2017,P033,21.38667804512237,75.14422248324037,Dhule,normal,statewide,30.395736948649073,1,7,ERA5-Land Daily Aggregated,Maharashtra,ERA5-Land Temperature
2017-04-23,2017-04-30,17.0,2017,P034,21.025151968113196,74.75989256344387,Dhule,normal,statewide,31.222664497012147,1,7,ERA5-Land Daily Aggregated,Maharashtra,ERA5-Land Temperature
2017-04-23,2017-04-30,17.0,2017,P035,21.477028350667293,74.85568743137505,Dhule,normal,statewide,30.093118831089612,1,7,ERA5-Land Daily Aggregated,Maharashtra,ERA5-Land Temperature
2017-04-23,2017-04-30,17.0,2017,P036,20.933820660336515,74.37533522949364,Dhule,normal,statewide,30.029060981387204,1,7,ERA5-Land Daily Aggregated,Maharashtra,ERA5-Land Temperature
2017-04-23,2017-04-30,17.0,2017,P037,19.963056524597132,79.91698116388667,Garhchiroli,normal,statewide,34.66647727603004,1,7,ERA5-Land Daily Aggregated,Maharashtra,ERA5-Land Temperature
2017-04-23,2017-04-30,17.0,2017,P038,19.062661462582188,79.88977172925856,Garhchiroli,normal,statewide,34.93320672171461,1,7,ERA5-Land Daily Aggregated,Maharashtra,ERA5-Land Temperature
2017-04-23,2017-04-30,17.0,2017,P039,19.510270485428137,79.9981368030594,Garhchiroli,normal,statewide,35.593502480643224,1,7,ERA5-Land Daily Aggregated,Maharashtra,ERA5-Land Temperature
2017-04-23,2017-04-30,17.0,2017,P040,19.870365190999156,80.00935144220881,Garhchiroli,normal,statewide,34.95358665103004,1,7,ERA5-Land Daily Aggregated,Maharashtra,ERA5-Land Temperature
2017-04-23,2017-04-30,17.0,2017,P041,21.127639946725598,80.1465044724107,Gondiya,normal,statewide,34.15514217558365,1,7,ERA5-Land Daily Aggregated,Maharashtra,ERA5-Land Temperature
2017-04-23,2017-04-30,17.0,2017,P042,21.397598383602258,80.15591763473452,Gondiya,normal,statewide,33.854453931536,1,7,ERA5-Land Daily Aggregated,Maharashtra,ERA5-Land Temperature
2017-04-23,2017-04-30,17.0,2017,P043,21.574548890706154,80.25847249986273,Gondiya,normal,statewide,33.30666049775624,1,7,ERA5-Land Daily Aggregated,Maharashtra,ERA5-Land Temperature
2017-04-23,2017-04-30,17.0,2017,P044,21.211649410572516,80.34153217518526,Gondiya,normal,statewide,33.89295839582172,1,7,ERA5-Land Daily Aggregated,Maharashtra,ERA5-Land Temperature
2017-04-23,2017-04-30,17.0,2017,P045,19.655900266732623,77.2407892392464,Hingoli,normal,statewide,32.987103671119314,1,7,ERA5-Land Daily Aggregated,Maharashtra,ERA5-Land Temperature
2017-04-23,2017-04-30,17.0,2017,P046,19.566758377573187,77.1442675378435,Hingoli,normal,statewide,32.876380084809796,1,7,ERA5-Land Daily Aggregated,Maharashtra,ERA5-Land Temperature
2017-04-23,2017-04-30,17.0,2017,P047,19.47860194974656,76.9526242927685,Hingoli,normal,statewide,33.117718905494314,1,7,ERA5-Land Daily Aggregated,Maharashtra,ERA5-Land Temperature
2017-04-23,2017-04-30,17.0,2017,P048,19.927981235710728,77.14910120338544,Hingoli,normal,statewide,32.471002015613465,1,7,ERA5-Land Daily Aggregated,Maharashtra,ERA5-Land Temperature
2017-04-23,2017-04-30,17.0,2017,P049,21.292738163229433,76.10816865346904,Jalgaon,normal,statewide,31.74889217558365,1,7,ERA5-Land Daily Aggregated,Maharashtra,ERA5-Land Temperature
2017-04-23,2017-04-30,17.0,2017,P050,21.386178625804387,75.43363151891216,Jalgaon,normal,statewide,29.184694816952742,1,7,ERA5-Land Daily Aggregated,Maharashtra,ERA5-Land Temperature
2017-04-23,2017-04-30,17.0,2017,P051,21.112064306745907,76.10682200495089,Jalgaon,normal,statewide,31.130344463530093,1,7,ERA5-Land Daily Aggregated,Maharashtra,ERA5-Land Temperature
2017-04-23,2017-04-30,17.0,2017,P052,20.844437979720194,75.23982115072519,Jalgaon,normal,statewide,31.39757381620865,1,7,ERA5-Land Daily Aggregated,Maharashtra,ERA5-Land Temperature
2017-04-23,2017-04-30,17.0,2017,P053,19.486369703781666,76.00005328932718,Jalna,normal,statewide,32.41918607439317,1,7,ERA5-Land Daily Aggregated,Maharashtra,ERA5-Land Temperature
2017-04-23,2017-04-30,17.0,2017,P054,20.028502750758555,76.00343774702675,Jalna,normal,statewide,31.575296565464612,1,7,ERA5-Land Daily Aggregated,Maharashtra,ERA5-Land Temperature
2017-04-23,2017-04-30,17.0,2017,P055,19.75743845682064,76.00172991132328,Jalna,normal,statewide,32.28979154314317,1,7,ERA5-Land Daily Aggregated,Maharashtra,ERA5-Land Temperature
2017-04-23,2017-04-30,17.0,2017,P056,19.57768317515413,75.80993951591351,Jalna,normal,statewide,32.25648378644672,1,7,ERA5-Land Daily Aggregated,Maharashtra,ERA5-Land Temperature
2017-04-23,2017-04-30,17.0,2017,P057,16.776377793156257,74.29671235971928,Kolhapur,normal,statewide,28.778828466506297,1,7,ERA5-Land Daily Aggregated,Maharashtra,ERA5-Land Temperature
2017-04-23,2017-04-30,17.0,2017,P058,16.324416687682138,74.29834884980589,Kolhapur,normal,statewide,28.580388641357445,1,7,ERA5-Land Daily Aggregated,Maharashtra,ERA5-Land Temperature
2017-04-23,2017-04-30,17.0,2017,P059,16.595891218916975,74.39111598812178,Kolhapur,normal,statewide,29.088724299839612,1,7,ERA5-Land Daily Aggregated,Maharashtra,ERA5-Land Temperature
2017-04-23,2017-04-30,17.0,2017,P060,16.414811584237594,74.29802779453004,Kolhapur,normal,statewide,28.875949932280093,1,7,ERA5-Land Daily Aggregated,Maharashtra,ERA5-Land Temperature
2017-04-23,2017-04-30,17.0,2017,P086,21.054127206758487,79.56798961993874,Nagpur,normal,statewide,34.56018309820274,1,7,ERA5-Land Daily Aggregated,Maharashtra,ERA5-Land Temperature
2017-04-23,2017-04-30,17.0,2017,P087,21.146765031143822,79.47473643960802,Nagpur,normal,statewide,34.64365594046461,1,7,ERA5-Land Daily Aggregated,Maharashtra,ERA5-Land Temperature
2017-04-23,2017-04-30,17.0,2017,P088,21.347803602138427,78.61442869606356,Nagpur,normal,statewide,32.79367454165504,1,7,ERA5-Land Daily Aggregated,Maharashtra,ERA5-Land Temperature
2017-04-23,2017-04-30,17.0,2017,P089,21.165377318940912,78.70615240473293,Nagpur,normal,statewide,33.609697142101425,1,7,ERA5-Land Daily Aggregated,Maharashtra,ERA5-Land Temperature
2017-04-23,2017-04-30,17.0,2017,P090,19.201968238592887,77.42470040309472,Nanded,normal,statewide,32.9978226071313,1,7,ERA5-Land Daily Aggregated,Maharashtra,ERA5-Land Temperature
2017-04-23,2017-04-30,17.0,2017,P091,18.566038000956755,77.69963965584807,Nanded,normal,statewide,33.28645495460154,1,7,ERA5-Land Daily Aggregated,Maharashtra,ERA5-Land Temperature
2017-04-23,2017-04-30,17.0,2017,P092,19.736596618496833,77.90946265591798,Nanded,normal,statewide,33.4864293779645,1,7,ERA5-Land Daily Aggregated,Maharashtra,ERA5-Land Temperature
2017-04-23,2017-04-30,17.0,2017,P093,18.93564842817583,77.04115528508362,Nanded,normal,statewide,33.159629712786,1,7,ERA5-Land Daily Aggregated,Maharashtra,ERA5-Land Temperature
2017-04-23,2017-04-30,17.0,2017,P094,21.564917232430716,74.08292967791392,Nandurbar,normal,statewide,28.799196770077685,1,7,ERA5-Land Daily Aggregated,Maharashtra,ERA5-Land Temperature
2017-04-23,2017-04-30,17.0,2017,P095,21.5662594218478,74.37266422796263,Nandurbar,normal,statewide,30.421150825137204,1,7,ERA5-Land Daily Aggregated,Maharashtra,ERA5-Land Temperature
2017-04-23,2017-04-30,17.0,2017,P096,21.385179787168415,74.27697637845674,Nandurbar,normal,statewide,29.47625685192287,1,7,ERA5-Land Daily Aggregated,Maharashtra,ERA5-Land Temperature
2017-04-23,2017-04-30,17.0,2017,P097,21.565421110849755,74.17950488852946,Nandurbar,normal,statewide,29.40232874552413,1,7,ERA5-Land Daily Aggregated,Maharashtra,ERA5-Land Temperature
2017-04-23,2017-04-30,17.0,2017,P098,20.299553667393326,73.99482675929994,Nashik,normal,statewide,26.870706721714612,1,7,ERA5-Land Daily Aggregated,Maharashtra,ERA5-Land Temperature
2017-04-23,2017-04-30,17.0,2017,P099,20.120253214034264,74.28296495117151,Nashik,normal,statewide,28.67363873436335,1,7,ERA5-Land Daily Aggregated,Maharashtra,ERA5-Land Temperature
2017-04-23,2017-04-30,17.0,2017,P100,20.389903972938242,73.99424261706194,Nashik,normal,statewide,26.618428075881297,1,7,ERA5-Land Daily Aggregated,Maharashtra,ERA5-Land Temperature
2017-04-23,2017-04-30,17.0,2017,P101,20.029015547379707,74.09216447619562,Nashik,normal,statewide,28.158560144333592,1,7,ERA5-Land Daily Aggregated,Maharashtra,ERA5-Land Temperature
2017-04-23,2017-04-30,17.0,2017,P102,17.85749130266526,76.36802722645965,Osmanabad,normal,statewide,32.246985553559796,1,7,ERA5-Land Daily Aggregated,Maharashtra,ERA5-Land Temperature
2017-04-23,2017-04-30,17.0,2017,P103,17.76644983645705,76.46164605307673,Osmanabad,normal,statewide,32.44086808704196,1,7,ERA5-Land Daily Aggregated,Maharashtra,ERA5-Land Temperature
2017-04-23,2017-04-30,17.0,2017,P104,17.949094615606196,76.17989775301476,Osmanabad,normal,statewide,32.33226038614913,1,7,ERA5-Land Daily Aggregated,Maharashtra,ERA5-Land Temperature
2017-04-23,2017-04-30,17.0,2017,P105,18.584360447185368,75.61558067829696,Osmanabad,normal,statewide,31.241707465762204,1,7,ERA5-Land Daily Aggregated,Maharashtra,ERA5-Land Temperature
2017-04-23,2017-04-30,17.0,2017,P106,19.031389786894366,76.47235681380711,Parbhani,normal,statewide,32.66111780802413,1,7,ERA5-Land Daily Aggregated,Maharashtra,ERA5-Land Temperature
2017-04-23,2017-04-30,17.0,2017,P107,19.120950831552832,76.56820519095093,Parbhani,normal,statewide,32.38154191516702,1,7,ERA5-Land Daily Aggregated,Maharashtra,ERA5-Land Temperature
2017-04-23,2017-04-30,17.0,2017,P108,19.208625676465683,76.85432786914635,Parbhani,normal,statewide,32.82492454165515,1,7,ERA5-Land Daily Aggregated,Maharashtra,ERA5-Land Temperature
2017-04-23,2017-04-30,17.0,2017,P109,19.212081479782103,76.47396209018636,Parbhani,normal,statewide,32.50612338838124,1,7,ERA5-Land Daily Aggregated,Maharashtra,ERA5-Land Temperature
2017-04-23,2017-04-30,17.0,2017,P110,18.133442771357757,75.04679558432363,Pune,normal,statewide,30.51995802379787,1,7,ERA5-Land Daily Aggregated,Maharashtra,ERA5-Land Temperature
2017-04-23,2017-04-30,17.0,2017,P111,18.584645829652782,74.47919215212944,Pune,normal,statewide,30.174894314720575,1,7,ERA5-Land Daily Aggregated,Maharashtra,ERA5-Land Temperature
2017-04-23,2017-04-30,17.0,2017,P112,18.132979024848197,74.57507620208169,Pune,normal,statewide,30.38127452305389,1,7,ERA5-Land Daily Aggregated,Maharashtra,ERA5-Land Temperature
2017-04-23,2017-04-30,17.0,2017,P113,18.314072036830744,74.76389683618987,Pune,normal,statewide,31.249764106387204,1,7,ERA5-Land Daily Aggregated,Maharashtra,ERA5-Land Temperature
2017-04-23,2017-04-30,17.0,2017,P114,18.48503397121986,73.0589238755964,Raigarh,normal,statewide,27.595722997756297,1,7,ERA5-Land Daily Aggregated,Maharashtra,ERA5-Land Temperature
2017-04-23,2017-04-30,17.0,2017,P115,18.665689991299164,73.05687714821288,Raigarh,normal,statewide,27.555195654006297,1,7,ERA5-Land Daily Aggregated,Maharashtra,ERA5-Land Temperature
2017-04-23,2017-04-30,17.0,2017,P116,18.306197264370358,73.25009891506079,Raigarh,normal,statewide,27.65273564656576,1,7,ERA5-Land Daily Aggregated,Maharashtra,ERA5-Land Temperature
2017-04-23,2017-04-30,17.0,2017,P117,18.21404102289879,73.06194714611064,Raigarh,normal,statewide,27.942577071416963,1,7,ERA5-Land Daily Aggregated,Maharashtra,ERA5-Land Temperature
2017-04-23,2017-04-30,17.0,2017,P118,17.138719885658215,75.42259970290594,Sangli,normal,statewide,33.020027778262204,1,7,ERA5-Land Daily Aggregated,Maharashtra,ERA5-Land Temperature
2017-04-23,2017-04-30,17.0,2017,P119,17.048761981005992,74.95348443567921,Sangli,normal,statewide,31.082248760405037,1,7,ERA5-Land Daily Aggregated,Maharashtra,ERA5-Land Temperature
2017-04-23,2017-04-30,17.0,2017,P120,16.86707144948229,74.39025538161847,Sangli,normal,statewide,29.073750341506297,1,7,ERA5-Land Daily Aggregated,Maharashtra,ERA5-Land Temperature
2017-04-23,2017-04-30,17.0,2017,P121,17.048503353144895,74.67157114887826,Sangli,normal,statewide,30.035885293143167,1,7,ERA5-Land Daily Aggregated,Maharashtra,ERA5-Land Temperature
2017-04-23,2017-04-30,17.0,2017,P148,17.67852974098626,76.08383979812143,Solapur,normal,statewide,33.43352061680389,1,7,ERA5-Land Daily Aggregated,Maharashtra,ERA5-Land Temperature
2017-04-23,2017-04-30,17.0,2017,P149,18.223365003201543,75.4251413905064,Solapur,normal,statewide,32.67036027454202,1,7,ERA5-Land Daily Aggregated,Maharashtra,ERA5-Land Temperature
2017-04-23,2017-04-30,17.0,2017,P150,17.952532582518405,75.23562067753285,Solapur,normal,statewide,32.26878382364913,1,7,ERA5-Land Daily Aggregated,Maharashtra,ERA5-Land Temperature
2017-04-23,2017-04-30,17.0,2017,P151,18.223690517578447,75.23598186471818,Solapur,normal,statewide,32.17982363019672,1,7,ERA5-Land Daily Aggregated,Maharashtra,ERA5-Land Temperature
2017-04-23,2017-04-30,17.0,2017,P152,19.658178867370932,72.94986318203122,Thane,normal,statewide,28.429207465762204,1,7,ERA5-Land Daily Aggregated,Maharashtra,ERA5-Land Temperature
2017-04-23,2017-04-30,17.0,2017,P153,19.65706409210757,72.8545320606096,Thane,normal,statewide,28.114847346714612,1,7,ERA5-Land Daily Aggregated,Maharashtra,ERA5-Land Temperature
2017-04-23,2017-04-30,17.0,2017,P154,19.477549601897948,72.95214624177059,Thane,normal,statewide,28.424533916655093,1,7,ERA5-Land Daily Aggregated,Maharashtra,ERA5-Land Temperature
2017-04-23,2017-04-30,17.0,2017,P155,19.83987385799569,73.0429959666335,Thane,normal,statewide,28.011726997012204,1,7,ERA5-Land Daily Aggregated,Maharashtra,ERA5-Land Temperature
2017-04-23,2017-04-30,17.0,2017,P156,20.806749657616468,78.60135461177485,Wardha,normal,statewide,34.03249057588124,1,7,ERA5-Land Daily Aggregated,Maharashtra,ERA5-Land Temperature
2017-04-23,2017-04-30,17.0,2017,P157,20.71031267913359,78.88671032458906,Wardha,normal,statewide,34.51444742111937,1,7,ERA5-Land Daily Aggregated,Maharashtra,ERA5-Land Temperature
2017-04-23,2017-04-30,17.0,2017,P158,21.081265295769754,78.41565980750515,Wardha,normal,statewide,33.033839162190816,1,7,ERA5-Land Daily Aggregated,Maharashtra,ERA5-Land Temperature
2017-04-23,2017-04-30,17.0,2017,P159,20.439854822938944,78.87986114537097,Wardha,normal,statewide,34.66069928123835,1,7,ERA5-Land Daily Aggregated,Maharashtra,ERA5-Land Temperature
2017-04-23,2017-04-30,17.0,2017,P160,20.289186257444058,77.15404188735265,Washim,normal,statewide,32.06806535266702,1,7,ERA5-Land Daily Aggregated,Maharashtra,ERA5-Land Temperature
2017-04-23,2017-04-30,17.0,2017,P161,20.464607292886615,77.53975858757677,Washim,normal,statewide,32.842863064720575,1,7,ERA5-Land Daily Aggregated,Maharashtra,ERA5-Land Temperature
2017-04-23,2017-04-30,17.0,2017,P162,20.107393166596125,77.2471479173486,Washim,normal,statewide,32.19457669939317,1,7,ERA5-Land Daily Aggregated,Maharashtra,ERA5-Land Temperature
2017-04-23,2017-04-30,17.0,2017,P163,20.198885002010726,77.1527933390577,Washim,normal,statewide,31.990219370524073,1,7,ERA5-Land Daily Aggregated,Maharashtra,ERA5-Land Temperature
2017-04-23,2017-04-30,17.0,2017,P164,20.182854533723592,78.20447678161395,Yavatmal,normal,statewide,34.23608060564317,1,7,ERA5-Land Daily Aggregated,Maharashtra,ERA5-Land Temperature
2017-04-23,2017-04-30,17.0,2017,P165,19.894658373538324,79.05709703494229,Yavatmal,normal,statewide,34.38633172171461,1,7,ERA5-Land Daily Aggregated,Maharashtra,ERA5-Land Temperature
2017-04-23,2017-04-30,17.0,2017,P166,19.468787468327925,77.71426550730338,Yavatmal,normal,statewide,33.509459976922926,1,7,ERA5-Land Daily Aggregated,Maharashtra,ERA5-Land Temperature
2017-04-23,2017-04-30,17.0,2017,P167,19.559057510053886,77.71577268345945,Yavatmal,normal,statewide,33.26194788614907,1,7,ERA5-Land Daily Aggregated,Maharashtra,ERA5-Land Temperature
2017-04-30,2017-05-07,18.0,2017,P147,17.927231643141155,73.94769852026607,Satara,case_study,case_study,28.6232097989037,1,7,ERA5-Land Daily Aggregated,Maharashtra,ERA5-Land Temperature
2017-04-30,2017-05-07,18.0,2017,P061,18.507855650411397,76.91766048140843,Latur,high,priority,33.385730725243036,1,7,ERA5-Land Daily Aggregated,Maharashtra,ERA5-Land Temperature
2017-04-30,2017-05-07,18.0,2017,P062,18.422405896924207,76.3487594508077,Latur,high,priority,32.793550200689424,1,7,ERA5-Land Daily Aggregated,Maharashtra,ERA5-Land Temperature
2017-04-30,2017-05-07,18.0,2017,P063,18.235391198742693,77.05646783810116,Latur,high,priority,32.03367994399298,1,7,ERA5-Land Daily Aggregated,Maharashtra,ERA5-Land Temperature
2017-04-30,2017-05-07,18.0,2017,P064,18.193056493341274,76.77240080549139,Latur,high,priority,31.93555866423111,1,7,ERA5-Land Daily Aggregated,Maharashtra,ERA5-Land Temperature
2017-04-30,2017-05-07,18.0,2017,P065,18.331355512513895,76.44266811899327,Latur,high,priority,32.48978113446918,1,7,ERA5-Land Daily Aggregated,Maharashtra,ERA5-Land Temperature
2017-04-30,2017-05-07,18.0,2017,P066,18.104739537876725,76.5352970251765,Latur,high,priority,31.76670635768346,1,7,ERA5-Land Daily Aggregated,Maharashtra,ERA5-Land Temperature
2017-04-30,2017-05-07,18.0,2017,P067,18.280552974211986,77.0569984711265,Latur,high,priority,32.03367994399298,1,7,ERA5-Land Daily Aggregated,Maharashtra,ERA5-Land Temperature
2017-04-30,2017-05-07,18.0,2017,P068,18.101823285787773,76.86595720469373,Latur,high,priority,32.027948452177554,1,7,ERA5-Land Daily Aggregated,Maharashtra,ERA5-Land Temperature
2017-04-30,2017-05-07,18.0,2017,P069,18.595075667016793,77.20284228928156,Latur,high,priority,33.644194266909665,1,7,ERA5-Land Daily Aggregated,Maharashtra,ERA5-Land Temperature
2017-04-30,2017-05-07,18.0,2017,P070,18.41499041187233,77.15322587185987,Latur,high,priority,33.216041365124056,1,7,ERA5-Land Daily Aggregated,Maharashtra,ERA5-Land Temperature
2017-04-30,2017-05-07,18.0,2017,P071,18.149138807065885,76.63019561379593,Latur,high,priority,31.81938260396322,1,7,ERA5-Land Daily Aggregated,Maharashtra,ERA5-Land Temperature
2017-04-30,2017-05-07,18.0,2017,P072,18.283393421583035,76.77331492120734,Latur,high,priority,32.25244156973707,1,7,ERA5-Land Daily Aggregated,Maharashtra,ERA5-Land Temperature
2017-04-30,2017-05-07,18.0,2017,P073,17.966315663874607,76.86453029235662,Latur,high,priority,32.0152531396775,1,7,ERA5-Land Daily Aggregated,Maharashtra,ERA5-Land Temperature
2017-04-30,2017-05-07,18.0,2017,P074,18.50832831512306,76.870318205524,Latur,high,priority,33.32051030113581,1,7,ERA5-Land Daily Aggregated,Maharashtra,ERA5-Land Temperature
2017-04-30,2017-05-07,18.0,2017,P075,18.41444640154381,77.20053247493588,Latur,high,priority,33.24653569176081,1,7,ERA5-Land Daily Aggregated,Maharashtra,ERA5-Land Temperature
2017-04-30,2017-05-07,18.0,2017,P076,18.377877313804504,76.25376722106614,Latur,high,priority,32.37568608238581,1,7,ERA5-Land Daily Aggregated,Maharashtra,ERA5-Land Temperature
2017-04-30,2017-05-07,18.0,2017,P077,18.059564385104267,76.5349046242838,Latur,high,priority,31.757928920927554,1,7,ERA5-Land Daily Aggregated,Maharashtra,ERA5-Land Temperature
2017-04-30,2017-05-07,18.0,2017,P078,18.1008824154655,76.96042326051098,Latur,high,priority,32.08065957568948,1,7,ERA5-Land Daily Aggregated,Maharashtra,ERA5-Land Temperature
2017-04-30,2017-05-07,18.0,2017,P079,18.73508698099394,76.77797468180819,Latur,high,priority,33.86980345589774,1,7,ERA5-Land Daily Aggregated,Maharashtra,ERA5-Land Temperature
2017-04-30,2017-05-07,18.0,2017,P080,18.46791548227568,76.3017694439065,Latur,high,priority,32.793550200689424,1,7,ERA5-Land Daily Aggregated,Maharashtra,ERA5-Land Temperature
2017-04-30,2017-05-07,18.0,2017,P081,18.10355787609756,76.67701617485712,Latur,high,priority,31.81938260396322,1,7,ERA5-Land Daily Aggregated,Maharashtra,ERA5-Land Temperature
2017-04-30,2017-05-07,18.0,2017,P082,18.23907887531389,76.67830931416262,Latur,high,priority,32.190627488635926,1,7,ERA5-Land Daily Aggregated,Maharashtra,ERA5-Land Temperature
2017-04-30,2017-05-07,18.0,2017,P083,18.369289085175563,77.19996171000103,Latur,high,priority,32.56145384652274,1,7,ERA5-Land Daily Aggregated,Maharashtra,ERA5-Land Temperature
2017-04-30,2017-05-07,18.0,2017,P084,18.46362582706226,76.82249880582684,Latur,high,priority,32.698451614379906,1,7,ERA5-Land Daily Aggregated,Maharashtra,ERA5-Land Temperature
2017-04-30,2017-05-07,18.0,2017,P085,18.14788579966987,76.77194597718393,Latur,high,priority,31.93555866423111,1,7,ERA5-Land Daily Aggregated,Maharashtra,ERA5-Land Temperature
2017-04-30,2017-05-07,18.0,2017,P122,17.88145897082753,73.8441448165019,Satara,high,priority,28.204927153814424,1,7,ERA5-Land Daily Aggregated,Maharashtra,ERA5-Land Temperature
2017-04-30,2017-05-07,18.0,2017,P123,17.386414030975025,74.27088970551878,Satara,high,priority,29.329973656790628,1,7,ERA5-Land Daily Aggregated,Maharashtra,ERA5-Land Temperature
2017-04-30,2017-05-07,18.0,2017,P124,17.43262815429294,74.647353771057,Satara,high,priority,30.937221145629906,1,7,ERA5-Land Daily Aggregated,Maharashtra,ERA5-Land Temperature
2017-04-30,2017-05-07,18.0,2017,P125,17.56734651531964,74.31728219287884,Satara,high,priority,30.00684772673111,1,7,ERA5-Land Daily Aggregated,Maharashtra,ERA5-Land Temperature
2017-04-30,2017-05-07,18.0,2017,P126,17.205080227535593,74.13053949986157,Satara,high,priority,29.1962078457787,1,7,ERA5-Land Daily Aggregated,Maharashtra,ERA5-Land Temperature
2017-04-30,2017-05-07,18.0,2017,P127,17.65773249367299,74.31694330119876,Satara,high,priority,29.785144787743036,1,7,ERA5-Land Daily Aggregated,Maharashtra,ERA5-Land Temperature
2017-04-30,2017-05-07,18.0,2017,P128,18.019949731345452,74.5517328080669,Satara,high,priority,32.594808106195444,1,7,ERA5-Land Daily Aggregated,Maharashtra,ERA5-Land Temperature
2017-04-30,2017-05-07,18.0,2017,P129,18.063234225271252,74.03192648006461,Satara,high,priority,30.104713240124,1,7,ERA5-Land Daily Aggregated,Maharashtra,ERA5-Land Temperature
2017-04-30,2017-05-07,18.0,2017,P130,17.61135784271715,74.03436560834085,Satara,high,priority,29.514044062296534,1,7,ERA5-Land Daily Aggregated,Maharashtra,ERA5-Land Temperature
2017-04-30,2017-05-07,18.0,2017,P131,17.612539504496315,74.3171127470388,Satara,high,priority,29.785144787743036,1,7,ERA5-Land Daily Aggregated,Maharashtra,ERA5-Land Temperature
2017-04-30,2017-05-07,18.0,2017,P132,17.702176353872684,74.12817617630324,Satara,high,priority,29.155959519885812,1,7,ERA5-Land Daily Aggregated,Maharashtra,ERA5-Land Temperature
2017-04-30,2017-05-07,18.0,2017,P133,17.25006363896275,74.08329532420031,Satara,high,priority,28.80375760396322,1,7,ERA5-Land Daily Aggregated,Maharashtra,ERA5-Land Temperature
2017-04-30,2017-05-07,18.0,2017,P134,17.476429903940936,74.17634784498362,Satara,high,priority,29.20915892464774,1,7,ERA5-Land Daily Aggregated,Maharashtra,ERA5-Land Temperature
2017-04-30,2017-05-07,18.0,2017,P135,17.882716437324603,74.0801070669471,Satara,high,priority,28.571800758725146,1,7,ERA5-Land Daily Aggregated,Maharashtra,ERA5-Land Temperature
2017-04-30,2017-05-07,18.0,2017,P136,17.928520323345598,74.22149178404871,Satara,high,priority,31.103806432088277,1,7,ERA5-Land Daily Aggregated,Maharashtra,ERA5-Land Temperature
2017-04-30,2017-05-07,18.0,2017,P137,17.746687100588183,73.98648378122894,Satara,high,priority,28.749953660510926,1,7,ERA5-Land Daily Aggregated,Maharashtra,ERA5-Land Temperature
2017-04-30,2017-05-07,18.0,2017,P138,17.61269557303319,74.36423652697161,Satara,high,priority,29.785144787743036,1,7,ERA5-Land Daily Aggregated,Maharashtra,ERA5-Land Temperature
2017-04-30,2017-05-07,18.0,2017,P139,17.656773786946495,74.08126197411994,Satara,high,priority,29.514044062296534,1,7,ERA5-Land Daily Aggregated,Maharashtra,ERA5-Land Temperature
2017-04-30,2017-05-07,18.0,2017,P140,17.97464080554139,74.50462240543725,Satara,high,priority,32.48716534205846,1,7,ERA5-Land Daily Aggregated,Maharashtra,ERA5-Land Temperature
2017-04-30,2017-05-07,18.0,2017,P141,17.430826677467348,74.08239904488856,Satara,high,priority,28.988014021374,1,7,ERA5-Land Daily Aggregated,Maharashtra,ERA5-Land Temperature
2017-04-30,2017-05-07,18.0,2017,P142,18.064447100757786,74.31538707493111,Satara,high,priority,31.84285498119533,1,7,ERA5-Land Daily Aggregated,Maharashtra,ERA5-Land Temperature
2017-04-30,2017-05-07,18.0,2017,P143,17.70379500755509,74.6468275971327,Satara,high,priority,31.820580055600146,1,7,ERA5-Land Daily Aggregated,Maharashtra,ERA5-Land Temperature
2017-04-30,2017-05-07,18.0,2017,P144,17.929452275465767,74.50474726026674,Satara,high,priority,32.48716534205846,1,7,ERA5-Land Daily Aggregated,Maharashtra,ERA5-Land Temperature
2017-04-30,2017-05-07,18.0,2017,P145,17.47773196144854,74.60017202281048,Satara,high,priority,30.640985561552554,1,7,ERA5-Land Daily Aggregated,Maharashtra,ERA5-Land Temperature
2017-04-30,2017-05-07,18.0,2017,P146,17.839182233739812,74.55218763637436,Satara,high,priority,31.577148600987073,1,7,ERA5-Land Daily Aggregated,Maharashtra,ERA5-Land Temperature
2017-04-30,2017-05-07,18.0,2017,P001,19.940457800458272,74.57045211428928,Ahmednagar,normal,statewide,32.45049774533226,1,7,ERA5-Land Daily Aggregated,Maharashtra,ERA5-Land Temperature
2017-04-30,2017-05-07,18.0,2017,P002,18.946729294293643,74.76302285238339,Ahmednagar,normal,statewide,32.49441980634418,1,7,ERA5-Land Daily Aggregated,Maharashtra,ERA5-Land Temperature
2017-04-30,2017-05-07,18.0,2017,P003,18.49469238410162,74.66892244285252,Ahmednagar,normal,statewide,32.795538202921534,1,7,ERA5-Land Daily Aggregated,Maharashtra,ERA5-Land Temperature
2017-04-30,2017-05-07,18.0,2017,P004,19.03720445466806,75.1420731965326,Ahmednagar,normal,statewide,32.70392733982629,1,7,ERA5-Land Daily Aggregated,Maharashtra,ERA5-Land Temperature
2017-04-30,2017-05-07,18.0,2017,P005,20.832153156317954,77.06560453615967,Akola,normal,statewide,34.13581210545135,1,7,ERA5-Land Daily Aggregated,Maharashtra,ERA5-Land Temperature
2017-04-30,2017-05-07,18.0,2017,P006,20.834360411339407,76.87349308547405,Akola,normal,statewide,34.24150174458822,1,7,ERA5-Land Daily Aggregated,Maharashtra,ERA5-Land Temperature
2017-04-30,2017-05-07,18.0,2017,P007,21.014976299509232,76.87574047240498,Akola,normal,statewide,34.53466813223707,1,7,ERA5-Land Daily Aggregated,Maharashtra,ERA5-Land Temperature
2017-04-30,2017-05-07,18.0,2017,P008,20.828434266039377,77.35372489162701,Akola,normal,statewide,33.83256619771328,1,7,ERA5-Land Daily Aggregated,Maharashtra,ERA5-Land Temperature
2017-04-30,2017-05-07,18.0,2017,P009,21.360971327549258,77.94039543992572,Amravati,normal,statewide,33.143368839082314,1,7,ERA5-Land Daily Aggregated,Maharashtra,ERA5-Land Temperature
2017-04-30,2017-05-07,18.0,2017,P010,21.178803672212837,78.03301542790685,Amravati,normal,statewide,34.07089395068948,1,7,ERA5-Land Daily Aggregated,Maharashtra,ERA5-Land Temperature
2017-04-30,2017-05-07,18.0,2017,P011,20.814388097721018,78.21764450702477,Amravati,normal,statewide,34.84809819176081,1,7,ERA5-Land Daily Aggregated,Maharashtra,ERA5-Land Temperature
2017-04-30,2017-05-07,18.0,2017,P012,21.180502589714195,77.93681032267875,Amravati,normal,statewide,34.17474672226683,1,7,ERA5-Land Daily Aggregated,Maharashtra,ERA5-Land Temperature
2017-04-30,2017-05-07,18.0,2017,P013,20.031289688916964,74.8570519162974,Aurangabad,normal,statewide,32.708484631493036,1,7,ERA5-Land Daily Aggregated,Maharashtra,ERA5-Land Temperature
2017-04-30,2017-05-07,18.0,2017,P014,19.760185263069562,75.14270192978114,Aurangabad,normal,statewide,33.4095867520287,1,7,ERA5-Land Daily Aggregated,Maharashtra,ERA5-Land Temperature
2017-04-30,2017-05-07,18.0,2017,P015,19.9408189876436,74.76157364454102,Aurangabad,normal,statewide,32.813685989379906,1,7,ERA5-Land Daily Aggregated,Maharashtra,ERA5-Land Temperature
2017-04-30,2017-05-07,18.0,2017,P016,19.66981712112043,75.14262166596218,Aurangabad,normal,statewide,33.284761138189424,1,7,ERA5-Land Daily Aggregated,Maharashtra,ERA5-Land Temperature
2017-04-30,2017-05-07,18.0,2017,P017,21.04613203856966,79.85576216552393,Bhandara,normal,statewide,34.802223005748885,1,7,ERA5-Land Daily Aggregated,Maharashtra,ERA5-Land Temperature
2017-04-30,2017-05-07,18.0,2017,P018,21.31897105472685,79.76852877161537,Bhandara,normal,statewide,34.770693987891775,1,7,ERA5-Land Daily Aggregated,Maharashtra,ERA5-Land Temperature
2017-04-30,2017-05-07,18.0,2017,P019,21.40900922319803,79.77144948280537,Bhandara,normal,statewide,34.43100137256448,1,7,ERA5-Land Daily Aggregated,Maharashtra,ERA5-Land Temperature
2017-04-30,2017-05-07,18.0,2017,P020,21.144196588937042,79.57074980349083,Bhandara,normal,statewide,34.929955055600146,1,7,ERA5-Land Daily Aggregated,Maharashtra,ERA5-Land Temperature
2017-04-30,2017-05-07,18.0,2017,P021,18.67502288980403,75.52108340877234,Bid,normal,statewide,32.417608515421534,1,7,ERA5-Land Daily Aggregated,Maharashtra,ERA5-Land Temperature
2017-04-30,2017-05-07,18.0,2017,P022,18.856499384477168,75.04699178476999,Bid,normal,statewide,33.231224586850146,1,7,ERA5-Land Daily Aggregated,Maharashtra,ERA5-Land Temperature
2017-04-30,2017-05-07,18.0,2017,P023,19.126596053486494,75.6175605191647,Bid,normal,statewide,34.124721145629906,1,7,ERA5-Land Daily Aggregated,Maharashtra,ERA5-Land Temperature
2017-04-30,2017-05-07,18.0,2017,P024,18.763955201213946,75.90084720909012,Bid,normal,statewide,32.404390044439424,1,7,ERA5-Land Daily Aggregated,Maharashtra,ERA5-Land Temperature
2017-04-30,2017-05-07,18.0,2017,P025,20.93073496240753,76.20164478885242,Buldana,normal,statewide,33.67631619771328,1,7,ERA5-Land Daily Aggregated,Maharashtra,ERA5-Land Temperature
2017-04-30,2017-05-07,18.0,2017,P026,20.838939908121294,76.39311412898633,Buldana,normal,statewide,34.25429006304063,1,7,ERA5-Land Daily Aggregated,Maharashtra,ERA5-Land Temperature
2017-04-30,2017-05-07,18.0,2017,P027,20.657476790751314,76.48742857536776,Buldana,normal,statewide,34.24757038298111,1,7,ERA5-Land Daily Aggregated,Maharashtra,ERA5-Land Temperature
2017-04-30,2017-05-07,18.0,2017,P028,20.47967013624516,76.10222021266374,Buldana,normal,statewide,32.85701513744539,1,7,ERA5-Land Daily Aggregated,Maharashtra,ERA5-Land Temperature
2017-04-30,2017-05-07,18.0,2017,P029,20.32317798477448,79.92829390325927,Chandrapur,normal,statewide,34.432152321225146,1,7,ERA5-Land Daily Aggregated,Maharashtra,ERA5-Land Temperature
2017-04-30,2017-05-07,18.0,2017,P030,20.60872097983294,79.36304041732026,Chandrapur,normal,statewide,34.773658552623885,1,7,ERA5-Land Daily Aggregated,Maharashtra,ERA5-Land Temperature
2017-04-30,2017-05-07,18.0,2017,P031,20.511160307884595,79.64732594588165,Chandrapur,normal,statewide,34.812953567504906,1,7,ERA5-Land Daily Aggregated,Maharashtra,ERA5-Land Temperature
2017-04-30,2017-05-07,18.0,2017,P032,20.598621115946884,79.74569817422172,Chandrapur,normal,statewide,34.86233972821918,1,7,ERA5-Land Daily Aggregated,Maharashtra,ERA5-Land Temperature
2017-04-30,2017-05-07,18.0,2017,P033,21.38667804512237,75.14422248324037,Dhule,normal,statewide,33.59155289786207,1,7,ERA5-Land Daily Aggregated,Maharashtra,ERA5-Land Temperature
2017-04-30,2017-05-07,18.0,2017,P034,21.025151968113196,74.75989256344387,Dhule,normal,statewide,34.15862181527274,1,7,ERA5-Land Daily Aggregated,Maharashtra,ERA5-Land Temperature
2017-04-30,2017-05-07,18.0,2017,P035,21.477028350667293,74.85568743137505,Dhule,normal,statewide,33.333193987891775,1,7,ERA5-Land Daily Aggregated,Maharashtra,ERA5-Land Temperature
2017-04-30,2017-05-07,18.0,2017,P036,20.933820660336515,74.37533522949364,Dhule,normal,statewide,33.08771640232635,1,7,ERA5-Land Daily Aggregated,Maharashtra,ERA5-Land Temperature
2017-04-30,2017-05-07,18.0,2017,P037,19.963056524597132,79.91698116388667,Garhchiroli,normal,statewide,34.55231601170135,1,7,ERA5-Land Daily Aggregated,Maharashtra,ERA5-Land Temperature
2017-04-30,2017-05-07,18.0,2017,P038,19.062661462582188,79.88977172925856,Garhchiroli,normal,statewide,33.94677750723707,1,7,ERA5-Land Daily Aggregated,Maharashtra,ERA5-Land Temperature
2017-04-30,2017-05-07,18.0,2017,P039,19.510270485428137,79.9981368030594,Garhchiroli,normal,statewide,34.30164171854659,1,7,ERA5-Land Daily Aggregated,Maharashtra,ERA5-Land Temperature
2017-04-30,2017-05-07,18.0,2017,P040,19.870365190999156,80.00935144220881,Garhchiroli,normal,statewide,34.18289636884418,1,7,ERA5-Land Daily Aggregated,Maharashtra,ERA5-Land Temperature
2017-04-30,2017-05-07,18.0,2017,P041,21.127639946725598,80.1465044724107,Gondiya,normal,statewide,34.49790752955846,1,7,ERA5-Land Daily Aggregated,Maharashtra,ERA5-Land Temperature
2017-04-30,2017-05-07,18.0,2017,P042,21.397598383602258,80.15591763473452,Gondiya,normal,statewide,33.95253225054063,1,7,ERA5-Land Daily Aggregated,Maharashtra,ERA5-Land Temperature
2017-04-30,2017-05-07,18.0,2017,P043,21.574548890706154,80.25847249986273,Gondiya,normal,statewide,33.683373024350146,1,7,ERA5-Land Daily Aggregated,Maharashtra,ERA5-Land Temperature
2017-04-30,2017-05-07,18.0,2017,P044,21.211649410572516,80.34153217518526,Gondiya,normal,statewide,34.171782157534665,1,7,ERA5-Land Daily Aggregated,Maharashtra,ERA5-Land Temperature
2017-04-30,2017-05-07,18.0,2017,P045,19.655900266732623,77.2407892392464,Hingoli,normal,statewide,34.12801123119533,1,7,ERA5-Land Daily Aggregated,Maharashtra,ERA5-Land Temperature
2017-04-30,2017-05-07,18.0,2017,P046,19.566758377573187,77.1442675378435,Hingoli,normal,statewide,34.124477005004906,1,7,ERA5-Land Daily Aggregated,Maharashtra,ERA5-Land Temperature
2017-04-30,2017-05-07,18.0,2017,P047,19.47860194974656,76.9526242927685,Hingoli,normal,statewide,34.43895338149298,1,7,ERA5-Land Daily Aggregated,Maharashtra,ERA5-Land Temperature
2017-04-30,2017-05-07,18.0,2017,P048,19.927981235710728,77.14910120338544,Hingoli,normal,statewide,33.91346975054063,1,7,ERA5-Land Daily Aggregated,Maharashtra,ERA5-Land Temperature
2017-04-30,2017-05-07,18.0,2017,P049,21.292738163229433,76.10816865346904,Jalgaon,normal,statewide,34.2157390957787,1,7,ERA5-Land Daily Aggregated,Maharashtra,ERA5-Land Temperature
2017-04-30,2017-05-07,18.0,2017,P050,21.386178625804387,75.43363151891216,Jalgaon,normal,statewide,32.02525127955846,1,7,ERA5-Land Daily Aggregated,Maharashtra,ERA5-Land Temperature
2017-04-30,2017-05-07,18.0,2017,P051,21.112064306745907,76.10682200495089,Jalgaon,normal,statewide,33.65731973193948,1,7,ERA5-Land Daily Aggregated,Maharashtra,ERA5-Land Temperature
2017-04-30,2017-05-07,18.0,2017,P052,20.844437979720194,75.23982115072519,Jalgaon,normal,statewide,34.11561818804063,1,7,ERA5-Land Daily Aggregated,Maharashtra,ERA5-Land Temperature
2017-04-30,2017-05-07,18.0,2017,P053,19.486369703781666,76.00005328932718,Jalna,normal,statewide,34.2584637051537,1,7,ERA5-Land Daily Aggregated,Maharashtra,ERA5-Land Temperature
2017-04-30,2017-05-07,18.0,2017,P054,20.028502750758555,76.00343774702675,Jalna,normal,statewide,33.63768385024298,1,7,ERA5-Land Daily Aggregated,Maharashtra,ERA5-Land Temperature
2017-04-30,2017-05-07,18.0,2017,P055,19.75743845682064,76.00172991132328,Jalna,normal,statewide,34.12420961289183,1,7,ERA5-Land Daily Aggregated,Maharashtra,ERA5-Land Temperature
2017-04-30,2017-05-07,18.0,2017,P056,19.57768317515413,75.80993951591351,Jalna,normal,statewide,34.16905010768346,1,7,ERA5-Land Daily Aggregated,Maharashtra,ERA5-Land Temperature
2017-04-30,2017-05-07,18.0,2017,P057,16.776377793156257,74.29671235971928,Kolhapur,normal,statewide,28.843796666463277,1,7,ERA5-Land Daily Aggregated,Maharashtra,ERA5-Land Temperature
2017-04-30,2017-05-07,18.0,2017,P058,16.324416687682138,74.29834884980589,Kolhapur,normal,statewide,28.289876465570387,1,7,ERA5-Land Daily Aggregated,Maharashtra,ERA5-Land Temperature
2017-04-30,2017-05-07,18.0,2017,P059,16.595891218916975,74.39111598812178,Kolhapur,normal,statewide,29.056931432088277,1,7,ERA5-Land Daily Aggregated,Maharashtra,ERA5-Land Temperature
2017-04-30,2017-05-07,18.0,2017,P060,16.414811584237594,74.29802779453004,Kolhapur,normal,statewide,28.643578102475203,1,7,ERA5-Land Daily Aggregated,Maharashtra,ERA5-Land Temperature
2017-04-30,2017-05-07,18.0,2017,P086,21.054127206758487,79.56798961993874,Nagpur,normal,statewide,34.862909389677554,1,7,ERA5-Land Daily Aggregated,Maharashtra,ERA5-Land Temperature
2017-04-30,2017-05-07,18.0,2017,P087,21.146765031143822,79.47473643960802,Nagpur,normal,statewide,34.87777871631448,1,7,ERA5-Land Daily Aggregated,Maharashtra,ERA5-Land Temperature
2017-04-30,2017-05-07,18.0,2017,P088,21.347803602138427,78.61442869606356,Nagpur,normal,statewide,33.42585116795135,1,7,ERA5-Land Daily Aggregated,Maharashtra,ERA5-Land Temperature
2017-04-30,2017-05-07,18.0,2017,P089,21.165377318940912,78.70615240473293,Nagpur,normal,statewide,34.131010673159665,1,7,ERA5-Land Daily Aggregated,Maharashtra,ERA5-Land Temperature
2017-04-30,2017-05-07,18.0,2017,P090,19.201968238592887,77.42470040309472,Nanded,normal,statewide,33.9988027118502,1,7,ERA5-Land Daily Aggregated,Maharashtra,ERA5-Land Temperature
2017-04-30,2017-05-07,18.0,2017,P091,18.566038000956755,77.69963965584807,Nanded,normal,statewide,33.73552611214774,1,7,ERA5-Land Daily Aggregated,Maharashtra,ERA5-Land Temperature
2017-04-30,2017-05-07,18.0,2017,P092,19.736596618496833,77.90946265591798,Nanded,normal,statewide,34.58293822152274,1,7,ERA5-Land Daily Aggregated,Maharashtra,ERA5-Land Temperature
2017-04-30,2017-05-07,18.0,2017,P093,18.93564842817583,77.04115528508362,Nanded,normal,statewide,34.48503783089774,1,7,ERA5-Land Daily Aggregated,Maharashtra,ERA5-Land Temperature
2017-04-30,2017-05-07,18.0,2017,P094,21.564917232430716,74.08292967791392,Nandurbar,normal,statewide,31.726539411999,1,7,ERA5-Land Daily Aggregated,Maharashtra,ERA5-Land Temperature
2017-04-30,2017-05-07,18.0,2017,P095,21.5662594218478,74.37266422796263,Nandurbar,normal,statewide,33.81326746259418,1,7,ERA5-Land Daily Aggregated,Maharashtra,ERA5-Land Temperature
2017-04-30,2017-05-07,18.0,2017,P096,21.385179787168415,74.27697637845674,Nandurbar,normal,statewide,32.33928587777274,1,7,ERA5-Land Daily Aggregated,Maharashtra,ERA5-Land Temperature
2017-04-30,2017-05-07,18.0,2017,P097,21.565421110849755,74.17950488852946,Nandurbar,normal,statewide,32.51350927807033,1,7,ERA5-Land Daily Aggregated,Maharashtra,ERA5-Land Temperature
2017-04-30,2017-05-07,18.0,2017,P098,20.299553667393326,73.99482675929994,Nashik,normal,statewide,29.78883014860611,1,7,ERA5-Land Daily Aggregated,Maharashtra,ERA5-Land Temperature
2017-04-30,2017-05-07,18.0,2017,P099,20.120253214034264,74.28296495117151,Nashik,normal,statewide,31.612874512445387,1,7,ERA5-Land Daily Aggregated,Maharashtra,ERA5-Land Temperature
2017-04-30,2017-05-07,18.0,2017,P100,20.389903972938242,73.99424261706194,Nashik,normal,statewide,29.519089635213277,1,7,ERA5-Land Daily Aggregated,Maharashtra,ERA5-Land Temperature
2017-04-30,2017-05-07,18.0,2017,P101,20.029015547379707,74.09216447619562,Nashik,normal,statewide,31.04452676318948,1,7,ERA5-Land Daily Aggregated,Maharashtra,ERA5-Land Temperature
2017-04-30,2017-05-07,18.0,2017,P102,17.85749130266526,76.36802722645965,Osmanabad,normal,statewide,32.46084465753461,1,7,ERA5-Land Daily Aggregated,Maharashtra,ERA5-Land Temperature
2017-04-30,2017-05-07,18.0,2017,P103,17.76644983645705,76.46164605307673,Osmanabad,normal,statewide,32.58991366795135,1,7,ERA5-Land Daily Aggregated,Maharashtra,ERA5-Land Temperature
2017-04-30,2017-05-07,18.0,2017,P104,17.949094615606196,76.17989775301476,Osmanabad,normal,statewide,32.67744389488581,1,7,ERA5-Land Daily Aggregated,Maharashtra,ERA5-Land Temperature
2017-04-30,2017-05-07,18.0,2017,P105,18.584360447185368,75.61558067829696,Osmanabad,normal,statewide,32.472110003516775,1,7,ERA5-Land Daily Aggregated,Maharashtra,ERA5-Land Temperature
2017-04-30,2017-05-07,18.0,2017,P106,19.031389786894366,76.47235681380711,Parbhani,normal,statewide,34.25716162182039,1,7,ERA5-Land Daily Aggregated,Maharashtra,ERA5-Land Temperature
2017-04-30,2017-05-07,18.0,2017,P107,19.120950831552832,76.56820519095093,Parbhani,normal,statewide,33.95100927807033,1,7,ERA5-Land Daily Aggregated,Maharashtra,ERA5-Land Temperature
2017-04-30,2017-05-07,18.0,2017,P108,19.208625676465683,76.85432786914635,Parbhani,normal,statewide,34.332008161999,1,7,ERA5-Land Daily Aggregated,Maharashtra,ERA5-Land Temperature
2017-04-30,2017-05-07,18.0,2017,P109,19.212081479782103,76.47396209018636,Parbhani,normal,statewide,34.011986305600146,1,7,ERA5-Land Daily Aggregated,Maharashtra,ERA5-Land Temperature
2017-04-30,2017-05-07,18.0,2017,P110,18.133442771357757,75.04679558432363,Pune,normal,statewide,32.29534056527285,1,7,ERA5-Land Daily Aggregated,Maharashtra,ERA5-Land Temperature
2017-04-30,2017-05-07,18.0,2017,P111,18.584645829652782,74.47919215212944,Pune,normal,statewide,32.14706582568948,1,7,ERA5-Land Daily Aggregated,Maharashtra,ERA5-Land Temperature
2017-04-30,2017-05-07,18.0,2017,P112,18.132979024848197,74.57507620208169,Pune,normal,statewide,32.141090193249,1,7,ERA5-Land Daily Aggregated,Maharashtra,ERA5-Land Temperature
2017-04-30,2017-05-07,18.0,2017,P113,18.314072036830744,74.76389683618987,Pune,normal,statewide,33.13420775277274,1,7,ERA5-Land Daily Aggregated,Maharashtra,ERA5-Land Temperature
2017-04-30,2017-05-07,18.0,2017,P114,18.48503397121986,73.0589238755964,Raigarh,normal,statewide,28.32481182643346,1,7,ERA5-Land Daily Aggregated,Maharashtra,ERA5-Land Temperature
2017-04-30,2017-05-07,18.0,2017,P115,18.665689991299164,73.05687714821288,Raigarh,normal,statewide,28.51060284205846,1,7,ERA5-Land Daily Aggregated,Maharashtra,ERA5-Land Temperature
2017-04-30,2017-05-07,18.0,2017,P116,18.306197264370358,73.25009891506079,Raigarh,normal,statewide,28.702834519885926,1,7,ERA5-Land Daily Aggregated,Maharashtra,ERA5-Land Temperature
2017-04-30,2017-05-07,18.0,2017,P117,18.21404102289879,73.06194714611064,Raigarh,normal,statewide,28.588588333129906,1,7,ERA5-Land Daily Aggregated,Maharashtra,ERA5-Land Temperature
2017-04-30,2017-05-07,18.0,2017,P118,17.138719885658215,75.42259970290594,Sangli,normal,statewide,33.45881015232635,1,7,ERA5-Land Daily Aggregated,Maharashtra,ERA5-Land Temperature
2017-04-30,2017-05-07,18.0,2017,P119,17.048761981005992,74.95348443567921,Sangli,normal,statewide,31.437256022862073,1,7,ERA5-Land Daily Aggregated,Maharashtra,ERA5-Land Temperature
2017-04-30,2017-05-07,18.0,2017,P120,16.86707144948229,74.39025538161847,Sangli,normal,statewide,29.408412551879906,1,7,ERA5-Land Daily Aggregated,Maharashtra,ERA5-Land Temperature
2017-04-30,2017-05-07,18.0,2017,P121,17.048503353144895,74.67157114887826,Sangli,normal,statewide,30.50322049458822,1,7,ERA5-Land Daily Aggregated,Maharashtra,ERA5-Land Temperature
2017-04-30,2017-05-07,18.0,2017,P148,17.67852974098626,76.08383979812143,Solapur,normal,statewide,33.65812190827876,1,7,ERA5-Land Daily Aggregated,Maharashtra,ERA5-Land Temperature
2017-04-30,2017-05-07,18.0,2017,P149,18.223365003201543,75.4251413905064,Solapur,normal,statewide,33.95550844101683,1,7,ERA5-Land Daily Aggregated,Maharashtra,ERA5-Land Temperature
2017-04-30,2017-05-07,18.0,2017,P150,17.952532582518405,75.23562067753285,Solapur,normal,statewide,33.619164039975146,1,7,ERA5-Land Daily Aggregated,Maharashtra,ERA5-Land Temperature
2017-04-30,2017-05-07,18.0,2017,P151,18.223690517578447,75.23598186471818,Solapur,normal,statewide,33.708159110659665,1,7,ERA5-Land Daily Aggregated,Maharashtra,ERA5-Land Temperature
2017-04-30,2017-05-07,18.0,2017,P152,19.658178867370932,72.94986318203122,Thane,normal,statewide,29.47826002211798,1,7,ERA5-Land Daily Aggregated,Maharashtra,ERA5-Land Temperature
2017-04-30,2017-05-07,18.0,2017,P153,19.65706409210757,72.8545320606096,Thane,normal,statewide,29.055699103219183,1,7,ERA5-Land Daily Aggregated,Maharashtra,ERA5-Land Temperature
2017-04-30,2017-05-07,18.0,2017,P154,19.477549601897948,72.95214624177059,Thane,normal,statewide,29.460321499052498,1,7,ERA5-Land Daily Aggregated,Maharashtra,ERA5-Land Temperature
2017-04-30,2017-05-07,18.0,2017,P155,19.83987385799569,73.0429959666335,Thane,normal,statewide,29.463193057832314,1,7,ERA5-Land Daily Aggregated,Maharashtra,ERA5-Land Temperature
2017-04-30,2017-05-07,18.0,2017,P156,20.806749657616468,78.60135461177485,Wardha,normal,statewide,34.765892555600146,1,7,ERA5-Land Daily Aggregated,Maharashtra,ERA5-Land Temperature
2017-04-30,2017-05-07,18.0,2017,P157,20.71031267913359,78.88671032458906,Wardha,normal,statewide,35.16660870143346,1,7,ERA5-Land Daily Aggregated,Maharashtra,ERA5-Land Temperature
2017-04-30,2017-05-07,18.0,2017,P158,21.081265295769754,78.41565980750515,Wardha,normal,statewide,33.778378604707314,1,7,ERA5-Land Daily Aggregated,Maharashtra,ERA5-Land Temperature
2017-04-30,2017-05-07,18.0,2017,P159,20.439854822938944,78.87986114537097,Wardha,normal,statewide,35.3301015399752,1,7,ERA5-Land Daily Aggregated,Maharashtra,ERA5-Land Temperature
2017-04-30,2017-05-07,18.0,2017,P160,20.289186257444058,77.15404188735265,Washim,normal,statewide,33.933570661999,1,7,ERA5-Land Daily Aggregated,Maharashtra,ERA5-Land Temperature
2017-04-30,2017-05-07,18.0,2017,P161,20.464607292886615,77.53975858757677,Washim,normal,statewide,34.498244676135926,1,7,ERA5-Land Daily Aggregated,Maharashtra,ERA5-Land Temperature
2017-04-30,2017-05-07,18.0,2017,P162,20.107393166596125,77.2471479173486,Washim,normal,statewide,33.87245412554063,1,7,ERA5-Land Daily Aggregated,Maharashtra,ERA5-Land Temperature
2017-04-30,2017-05-07,18.0,2017,P163,20.198885002010726,77.1527933390577,Washim,normal,statewide,33.72331908089774,1,7,ERA5-Land Daily Aggregated,Maharashtra,ERA5-Land Temperature
2017-04-30,2017-05-07,18.0,2017,P164,20.182854533723592,78.20447678161395,Yavatmal,normal,statewide,35.39641478402274,1,7,ERA5-Land Daily Aggregated,Maharashtra,ERA5-Land Temperature
2017-04-30,2017-05-07,18.0,2017,P165,19.894658373538324,79.05709703494229,Yavatmal,normal,statewide,35.01323026021328,1,7,ERA5-Land Daily Aggregated,Maharashtra,ERA5-Land Temperature
2017-04-30,2017-05-07,18.0,2017,P166,19.468787468327925,77.71426550730338,Yavatmal,normal,statewide,34.4752605801537,1,7,ERA5-Land Daily Aggregated,Maharashtra,ERA5-Land Temperature
2017-04-30,2017-05-07,18.0,2017,P167,19.559057510053886,77.71577268345945,Yavatmal,normal,statewide,34.297549456641775,1,7,ERA5-Land Daily Aggregated,Maharashtra,ERA5-Land Temperature
2017-05-07,2017-05-14,19.0,2017,P147,17.927231643141155,73.94769852026607,Satara,case_study,case_study,28.758627101353284,1,7,ERA5-Land Daily Aggregated,Maharashtra,ERA5-Land Temperature
2017-05-07,2017-05-14,19.0,2017,P061,18.507855650411397,76.91766048140843,Latur,high,priority,33.605981082007986,1,7,ERA5-Land Daily Aggregated,Maharashtra,ERA5-Land Temperature
2017-05-07,2017-05-14,19.0,2017,P062,18.422405896924207,76.3487594508077,Latur,high,priority,32.923398771740096,1,7,ERA5-Land Daily Aggregated,Maharashtra,ERA5-Land Temperature
2017-05-07,2017-05-14,19.0,2017,P063,18.235391198742693,77.05646783810116,Latur,high,priority,32.57705623081756,1,7,ERA5-Land Daily Aggregated,Maharashtra,ERA5-Land Temperature
2017-05-07,2017-05-14,19.0,2017,P064,18.193056493341274,76.77240080549139,Latur,high,priority,32.49469945998419,1,7,ERA5-Land Daily Aggregated,Maharashtra,ERA5-Land Temperature
2017-05-07,2017-05-14,19.0,2017,P065,18.331355512513895,76.44266811899327,Latur,high,priority,32.6713526407878,1,7,ERA5-Land Daily Aggregated,Maharashtra,ERA5-Land Temperature
2017-05-07,2017-05-14,19.0,2017,P066,18.104739537876725,76.5352970251765,Latur,high,priority,32.06198926653184,1,7,ERA5-Land Daily Aggregated,Maharashtra,ERA5-Land Temperature
2017-05-07,2017-05-14,19.0,2017,P067,18.280552974211986,77.0569984711265,Latur,high,priority,32.57705623081756,1,7,ERA5-Land Daily Aggregated,Maharashtra,ERA5-Land Temperature
2017-05-07,2017-05-14,19.0,2017,P068,18.101823285787773,76.86595720469373,Latur,high,priority,32.62986036028184,1,7,ERA5-Land Daily Aggregated,Maharashtra,ERA5-Land Temperature
2017-05-07,2017-05-14,19.0,2017,P069,18.595075667016793,77.20284228928156,Latur,high,priority,34.100761122930635,1,7,ERA5-Land Daily Aggregated,Maharashtra,ERA5-Land Temperature
2017-05-07,2017-05-14,19.0,2017,P070,18.41499041187233,77.15322587185987,Latur,high,priority,33.62022261846636,1,7,ERA5-Land Daily Aggregated,Maharashtra,ERA5-Land Temperature
2017-05-07,2017-05-14,19.0,2017,P071,18.149138807065885,76.63019561379593,Latur,high,priority,32.25068671816871,1,7,ERA5-Land Daily Aggregated,Maharashtra,ERA5-Land Temperature
2017-05-07,2017-05-14,19.0,2017,P072,18.283393421583035,76.77331492120734,Latur,high,priority,32.70453251429967,1,7,ERA5-Land Daily Aggregated,Maharashtra,ERA5-Land Temperature
2017-05-07,2017-05-14,19.0,2017,P073,17.966315663874607,76.86453029235662,Latur,high,priority,32.56250079926997,1,7,ERA5-Land Daily Aggregated,Maharashtra,ERA5-Land Temperature
2017-05-07,2017-05-14,19.0,2017,P074,18.50832831512306,76.870318205524,Latur,high,priority,33.43133915492467,1,7,ERA5-Land Daily Aggregated,Maharashtra,ERA5-Land Temperature
2017-05-07,2017-05-14,19.0,2017,P075,18.41444640154381,77.20053247493588,Latur,high,priority,33.731283351353284,1,7,ERA5-Land Daily Aggregated,Maharashtra,ERA5-Land Temperature
2017-05-07,2017-05-14,19.0,2017,P076,18.377877313804504,76.25376722106614,Latur,high,priority,32.648182532900876,1,7,ERA5-Land Daily Aggregated,Maharashtra,ERA5-Land Temperature
2017-05-07,2017-05-14,19.0,2017,P077,18.059564385104267,76.5349046242838,Latur,high,priority,32.05994313557949,1,7,ERA5-Land Daily Aggregated,Maharashtra,ERA5-Land Temperature
2017-05-07,2017-05-14,19.0,2017,P078,18.1008824154655,76.96042326051098,Latur,high,priority,32.69341830299021,1,7,ERA5-Land Daily Aggregated,Maharashtra,ERA5-Land Temperature
2017-05-07,2017-05-14,19.0,2017,P079,18.73508698099394,76.77797468180819,Latur,high,priority,33.91898098900214,1,7,ERA5-Land Daily Aggregated,Maharashtra,ERA5-Land Temperature
2017-05-07,2017-05-14,19.0,2017,P080,18.46791548227568,76.3017694439065,Latur,high,priority,32.923398771740096,1,7,ERA5-Land Daily Aggregated,Maharashtra,ERA5-Land Temperature
2017-05-07,2017-05-14,19.0,2017,P081,18.10355787609756,76.67701617485712,Latur,high,priority,32.25068671816871,1,7,ERA5-Land Daily Aggregated,Maharashtra,ERA5-Land Temperature
2017-05-07,2017-05-14,19.0,2017,P082,18.23907887531389,76.67830931416262,Latur,high,priority,32.55802488781154,1,7,ERA5-Land Daily Aggregated,Maharashtra,ERA5-Land Temperature
2017-05-07,2017-05-14,19.0,2017,P083,18.369289085175563,77.19996171000103,Latur,high,priority,33.051386587960394,1,7,ERA5-Land Daily Aggregated,Maharashtra,ERA5-Land Temperature
2017-05-07,2017-05-14,19.0,2017,P084,18.46362582706226,76.82249880582684,Latur,high,priority,32.96756497337714,1,7,ERA5-Land Daily Aggregated,Maharashtra,ERA5-Land Temperature
2017-05-07,2017-05-14,19.0,2017,P085,18.14788579966987,76.77194597718393,Latur,high,priority,32.49469945998419,1,7,ERA5-Land Daily Aggregated,Maharashtra,ERA5-Land Temperature
2017-05-07,2017-05-14,19.0,2017,P122,17.88145897082753,73.8441448165019,Satara,high,priority,28.12481478736521,1,7,ERA5-Land Daily Aggregated,Maharashtra,ERA5-Land Temperature
2017-05-07,2017-05-14,19.0,2017,P123,17.386414030975025,74.27088970551878,Satara,high,priority,29.277867707752023,1,7,ERA5-Land Daily Aggregated,Maharashtra,ERA5-Land Temperature
2017-05-07,2017-05-14,19.0,2017,P124,17.43262815429294,74.647353771057,Satara,high,priority,31.201195925758043,1,7,ERA5-Land Daily Aggregated,Maharashtra,ERA5-Land Temperature
2017-05-07,2017-05-14,19.0,2017,P125,17.56734651531964,74.31728219287884,Satara,high,priority,30.136754426502137,1,7,ERA5-Land Daily Aggregated,Maharashtra,ERA5-Land Temperature
2017-05-07,2017-05-14,19.0,2017,P126,17.205080227535593,74.13053949986157,Satara,high,priority,28.916225687662745,1,7,ERA5-Land Daily Aggregated,Maharashtra,ERA5-Land Temperature
2017-05-07,2017-05-14,19.0,2017,P127,17.65773249367299,74.31694330119876,Satara,high,priority,29.981376357305635,1,7,ERA5-Land Daily Aggregated,Maharashtra,ERA5-Land Temperature
2017-05-07,2017-05-14,19.0,2017,P128,18.019949731345452,74.5517328080669,Satara,high,priority,32.8863940284366,1,7,ERA5-Land Daily Aggregated,Maharashtra,ERA5-Land Temperature
2017-05-07,2017-05-14,19.0,2017,P129,18.063234225271252,74.03192648006461,Satara,high,priority,30.394415791829488,1,7,ERA5-Land Daily Aggregated,Maharashtra,ERA5-Land Temperature
2017-05-07,2017-05-14,19.0,2017,P130,17.61135784271715,74.03436560834085,Satara,high,priority,29.222192019507986,1,7,ERA5-Land Daily Aggregated,Maharashtra,ERA5-Land Temperature
2017-05-07,2017-05-14,19.0,2017,P131,17.612539504496315,74.3171127470388,Satara,high,priority,29.981376357305635,1,7,ERA5-Land Daily Aggregated,Maharashtra,ERA5-Land Temperature
2017-05-07,2017-05-14,19.0,2017,P132,17.702176353872684,74.12817617630324,Satara,high,priority,29.255755542573525,1,7,ERA5-Land Daily Aggregated,Maharashtra,ERA5-Land Temperature
2017-05-07,2017-05-14,19.0,2017,P133,17.25006363896275,74.08329532420031,Satara,high,priority,28.433489917573468,1,7,ERA5-Land Daily Aggregated,Maharashtra,ERA5-Land Temperature
2017-05-07,2017-05-14,19.0,2017,P134,17.476429903940936,74.17634784498362,Satara,high,priority,29.116502380371116,1,7,ERA5-Land Daily Aggregated,Maharashtra,ERA5-Land Temperature
2017-05-07,2017-05-14,19.0,2017,P135,17.882716437324603,74.0801070669471,Satara,high,priority,28.69917304629371,1,7,ERA5-Land Daily Aggregated,Maharashtra,ERA5-Land Temperature
2017-05-07,2017-05-14,19.0,2017,P136,17.928520323345598,74.22149178404871,Satara,high,priority,31.377198064894912,1,7,ERA5-Land Daily Aggregated,Maharashtra,ERA5-Land Temperature
2017-05-07,2017-05-14,19.0,2017,P137,17.746687100588183,73.98648378122894,Satara,high,priority,28.519369288853284,1,7,ERA5-Land Daily Aggregated,Maharashtra,ERA5-Land Temperature
2017-05-07,2017-05-14,19.0,2017,P138,17.61269557303319,74.36423652697161,Satara,high,priority,29.981376357305635,1,7,ERA5-Land Daily Aggregated,Maharashtra,ERA5-Land Temperature
2017-05-07,2017-05-14,19.0,2017,P139,17.656773786946495,74.08126197411994,Satara,high,priority,29.222192019507986,1,7,ERA5-Land Daily Aggregated,Maharashtra,ERA5-Land Temperature
2017-05-07,2017-05-14,19.0,2017,P140,17.97464080554139,74.50462240543725,Satara,high,priority,32.759092131115096,1,7,ERA5-Land Daily Aggregated,Maharashtra,ERA5-Land Temperature
2017-05-07,2017-05-14,19.0,2017,P141,17.430826677467348,74.08239904488856,Satara,high,priority,28.76753242129371,1,7,ERA5-Land Daily Aggregated,Maharashtra,ERA5-Land Temperature
2017-05-07,2017-05-14,19.0,2017,P142,18.064447100757786,74.31538707493111,Satara,high,priority,32.17417769659136,1,7,ERA5-Land Daily Aggregated,Maharashtra,ERA5-Land Temperature
2017-05-07,2017-05-14,19.0,2017,P143,17.70379500755509,74.6468275971327,Satara,high,priority,32.06191951206756,1,7,ERA5-Land Daily Aggregated,Maharashtra,ERA5-Land Temperature
2017-05-07,2017-05-14,19.0,2017,P144,17.929452275465767,74.50474726026674,Satara,high,priority,32.759092131115096,1,7,ERA5-Land Daily Aggregated,Maharashtra,ERA5-Land Temperature
2017-05-07,2017-05-14,19.0,2017,P145,17.47773196144854,74.60017202281048,Satara,high,priority,30.839972432454488,1,7,ERA5-Land Daily Aggregated,Maharashtra,ERA5-Land Temperature
2017-05-07,2017-05-14,19.0,2017,P146,17.839182233739812,74.55218763637436,Satara,high,priority,31.863316926502137,1,7,ERA5-Land Daily Aggregated,Maharashtra,ERA5-Land Temperature
2017-05-07,2017-05-14,19.0,2017,P001,19.940457800458272,74.57045211428928,Ahmednagar,normal,statewide,32.85477200462702,1,7,ERA5-Land Daily Aggregated,Maharashtra,ERA5-Land Temperature
2017-05-07,2017-05-14,19.0,2017,P002,18.946729294293643,74.76302285238339,Ahmednagar,normal,statewide,32.70826437813895,1,7,ERA5-Land Daily Aggregated,Maharashtra,ERA5-Land Temperature
2017-05-07,2017-05-14,19.0,2017,P003,18.49469238410162,74.66892244285252,Ahmednagar,normal,statewide,33.13578948974612,1,7,ERA5-Land Daily Aggregated,Maharashtra,ERA5-Land Temperature
2017-05-07,2017-05-14,19.0,2017,P004,19.03720445466806,75.1420731965326,Ahmednagar,normal,statewide,32.98793327694847,1,7,ERA5-Land Daily Aggregated,Maharashtra,ERA5-Land Temperature
2017-05-07,2017-05-14,19.0,2017,P005,20.832153156317954,77.06560453615967,Akola,normal,statewide,35.00005892799021,1,7,ERA5-Land Daily Aggregated,Maharashtra,ERA5-Land Temperature
2017-05-07,2017-05-14,19.0,2017,P006,20.834360411339407,76.87349308547405,Akola,normal,statewide,35.19682464599612,1,7,ERA5-Land Daily Aggregated,Maharashtra,ERA5-Land Temperature
2017-05-07,2017-05-14,19.0,2017,P007,21.014976299509232,76.87574047240498,Akola,normal,statewide,35.60157492501395,1,7,ERA5-Land Daily Aggregated,Maharashtra,ERA5-Land Temperature
2017-05-07,2017-05-14,19.0,2017,P008,20.828434266039377,77.35372489162701,Akola,normal,statewide,34.70030074346636,1,7,ERA5-Land Daily Aggregated,Maharashtra,ERA5-Land Temperature
2017-05-07,2017-05-14,19.0,2017,P009,21.360971327549258,77.94039543992572,Amravati,normal,statewide,34.17234082903184,1,7,ERA5-Land Daily Aggregated,Maharashtra,ERA5-Land Temperature
2017-05-07,2017-05-14,19.0,2017,P010,21.178803672212837,78.03301542790685,Amravati,normal,statewide,34.93366430373419,1,7,ERA5-Land Daily Aggregated,Maharashtra,ERA5-Land Temperature
2017-05-07,2017-05-14,19.0,2017,P011,20.814388097721018,78.21764450702477,Amravati,normal,statewide,35.33683348156154,1,7,ERA5-Land Daily Aggregated,Maharashtra,ERA5-Land Temperature
2017-05-07,2017-05-14,19.0,2017,P012,21.180502589714195,77.93681032267875,Amravati,normal,statewide,35.11139867873419,1,7,ERA5-Land Daily Aggregated,Maharashtra,ERA5-Land Temperature
2017-05-07,2017-05-14,19.0,2017,P013,20.031289688916964,74.8570519162974,Aurangabad,normal,statewide,33.232050650460394,1,7,ERA5-Land Daily Aggregated,Maharashtra,ERA5-Land Temperature
2017-05-07,2017-05-14,19.0,2017,P014,19.760185263069562,75.14270192978114,Aurangabad,normal,statewide,34.05497894287112,1,7,ERA5-Land Daily Aggregated,Maharashtra,ERA5-Land Temperature
2017-05-07,2017-05-14,19.0,2017,P015,19.9408189876436,74.76157364454102,Aurangabad,normal,statewide,33.26874149867467,1,7,ERA5-Land Daily Aggregated,Maharashtra,ERA5-Land Temperature
2017-05-07,2017-05-14,19.0,2017,P016,19.66981712112043,75.14262166596218,Aurangabad,normal,statewide,33.94229060581756,1,7,ERA5-Land Daily Aggregated,Maharashtra,ERA5-Land Temperature
2017-05-07,2017-05-14,19.0,2017,P017,21.04613203856966,79.85576216552393,Bhandara,normal,statewide,35.10131915864497,1,7,ERA5-Land Daily Aggregated,Maharashtra,ERA5-Land Temperature
2017-05-07,2017-05-14,19.0,2017,P018,21.31897105472685,79.76852877161537,Bhandara,normal,statewide,35.05313044956756,1,7,ERA5-Land Daily Aggregated,Maharashtra,ERA5-Land Temperature
2017-05-07,2017-05-14,19.0,2017,P019,21.40900922319803,79.77144948280537,Bhandara,normal,statewide,34.68085087367467,1,7,ERA5-Land Daily Aggregated,Maharashtra,ERA5-Land Temperature
2017-05-07,2017-05-14,19.0,2017,P020,21.144196588937042,79.57074980349083,Bhandara,normal,statewide,35.286214991978284,1,7,ERA5-Land Daily Aggregated,Maharashtra,ERA5-Land Temperature
2017-05-07,2017-05-14,19.0,2017,P021,18.67502288980403,75.52108340877234,Bid,normal,statewide,32.48230641682949,1,7,ERA5-Land Daily Aggregated,Maharashtra,ERA5-Land Temperature
2017-05-07,2017-05-14,19.0,2017,P022,18.856499384477168,75.04699178476999,Bid,normal,statewide,33.36986222040082,1,7,ERA5-Land Daily Aggregated,Maharashtra,ERA5-Land Temperature
2017-05-07,2017-05-14,19.0,2017,P023,19.126596053486494,75.6175605191647,Bid,normal,statewide,34.30817602248425,1,7,ERA5-Land Daily Aggregated,Maharashtra,ERA5-Land Temperature
2017-05-07,2017-05-14,19.0,2017,P024,18.763955201213946,75.90084720909012,Bid,normal,statewide,32.58604293096636,1,7,ERA5-Land Daily Aggregated,Maharashtra,ERA5-Land Temperature
2017-05-07,2017-05-14,19.0,2017,P025,20.93073496240753,76.20164478885242,Buldana,normal,statewide,34.73520122709732,1,7,ERA5-Land Daily Aggregated,Maharashtra,ERA5-Land Temperature
2017-05-07,2017-05-14,19.0,2017,P026,20.838939908121294,76.39311412898633,Buldana,normal,statewide,35.1683764503116,1,7,ERA5-Land Daily Aggregated,Maharashtra,ERA5-Land Temperature
2017-05-07,2017-05-14,19.0,2017,P027,20.657476790751314,76.48742857536776,Buldana,normal,statewide,35.10453948974612,1,7,ERA5-Land Daily Aggregated,Maharashtra,ERA5-Land Temperature
2017-05-07,2017-05-14,19.0,2017,P028,20.47967013624516,76.10222021266374,Buldana,normal,statewide,33.582392447335394,1,7,ERA5-Land Daily Aggregated,Maharashtra,ERA5-Land Temperature
2017-05-07,2017-05-14,19.0,2017,P029,20.32317798477448,79.92829390325927,Chandrapur,normal,statewide,34.48051605224612,1,7,ERA5-Land Daily Aggregated,Maharashtra,ERA5-Land Temperature
2017-05-07,2017-05-14,19.0,2017,P030,20.60872097983294,79.36304041732026,Chandrapur,normal,statewide,35.20905492873425,1,7,ERA5-Land Daily Aggregated,Maharashtra,ERA5-Land Temperature
2017-05-07,2017-05-14,19.0,2017,P031,20.511160307884595,79.64732594588165,Chandrapur,normal,statewide,34.96335645403184,1,7,ERA5-Land Daily Aggregated,Maharashtra,ERA5-Land Temperature
2017-05-07,2017-05-14,19.0,2017,P032,20.598621115946884,79.74569817422172,Chandrapur,normal,statewide,34.969936625162745,1,7,ERA5-Land Daily Aggregated,Maharashtra,ERA5-Land Temperature
2017-05-07,2017-05-14,19.0,2017,P033,21.38667804512237,75.14422248324037,Dhule,normal,statewide,34.23357362293069,1,7,ERA5-Land Daily Aggregated,Maharashtra,ERA5-Land Temperature
2017-05-07,2017-05-14,19.0,2017,P034,21.025151968113196,74.75989256344387,Dhule,normal,statewide,34.773426673525876,1,7,ERA5-Land Daily Aggregated,Maharashtra,ERA5-Land Temperature
2017-05-07,2017-05-14,19.0,2017,P035,21.477028350667293,74.85568743137505,Dhule,normal,statewide,33.747454761323525,1,7,ERA5-Land Daily Aggregated,Maharashtra,ERA5-Land Temperature
2017-05-07,2017-05-14,19.0,2017,P036,20.933820660336515,74.37533522949364,Dhule,normal,statewide,33.540865289597264,1,7,ERA5-Land Daily Aggregated,Maharashtra,ERA5-Land Temperature
2017-05-07,2017-05-14,19.0,2017,P037,19.963056524597132,79.91698116388667,Garhchiroli,normal,statewide,34.32566114153184,1,7,ERA5-Land Daily Aggregated,Maharashtra,ERA5-Land Temperature
2017-05-07,2017-05-14,19.0,2017,P038,19.062661462582188,79.88977172925856,Garhchiroli,normal,statewide,34.107597060430635,1,7,ERA5-Land Daily Aggregated,Maharashtra,ERA5-Land Temperature
2017-05-07,2017-05-14,19.0,2017,P039,19.510270485428137,79.9981368030594,Garhchiroli,normal,statewide,33.78730781191871,1,7,ERA5-Land Daily Aggregated,Maharashtra,ERA5-Land Temperature
2017-05-07,2017-05-14,19.0,2017,P040,19.870365190999156,80.00935144220881,Garhchiroli,normal,statewide,33.51174280075804,1,7,ERA5-Land Daily Aggregated,Maharashtra,ERA5-Land Temperature
2017-05-07,2017-05-14,19.0,2017,P041,21.127639946725598,80.1465044724107,Gondiya,normal,statewide,34.792202250162745,1,7,ERA5-Land Daily Aggregated,Maharashtra,ERA5-Land Temperature
2017-05-07,2017-05-14,19.0,2017,P042,21.397598383602258,80.15591763473452,Gondiya,normal,statewide,34.162493823823525,1,7,ERA5-Land Daily Aggregated,Maharashtra,ERA5-Land Temperature
2017-05-07,2017-05-14,19.0,2017,P043,21.574548890706154,80.25847249986273,Gondiya,normal,statewide,33.90067044212702,1,7,ERA5-Land Daily Aggregated,Maharashtra,ERA5-Land Temperature
2017-05-07,2017-05-14,19.0,2017,P044,21.211649410572516,80.34153217518526,Gondiya,normal,statewide,34.32983478364491,1,7,ERA5-Land Daily Aggregated,Maharashtra,ERA5-Land Temperature
2017-05-07,2017-05-14,19.0,2017,P045,19.655900266732623,77.2407892392464,Hingoli,normal,statewide,34.46057790120449,1,7,ERA5-Land Daily Aggregated,Maharashtra,ERA5-Land Temperature
2017-05-07,2017-05-14,19.0,2017,P046,19.566758377573187,77.1442675378435,Hingoli,normal,statewide,34.37529144287112,1,7,ERA5-Land Daily Aggregated,Maharashtra,ERA5-Land Temperature
2017-05-07,2017-05-14,19.0,2017,P047,19.47860194974656,76.9526242927685,Hingoli,normal,statewide,34.539412071591414,1,7,ERA5-Land Daily Aggregated,Maharashtra,ERA5-Land Temperature
2017-05-07,2017-05-14,19.0,2017,P048,19.927981235710728,77.14910120338544,Hingoli,normal,statewide,34.12775610060919,1,7,ERA5-Land Daily Aggregated,Maharashtra,ERA5-Land Temperature
2017-05-07,2017-05-14,19.0,2017,P049,21.292738163229433,76.10816865346904,Jalgaon,normal,statewide,35.27385682605569,1,7,ERA5-Land Daily Aggregated,Maharashtra,ERA5-Land Temperature
2017-05-07,2017-05-14,19.0,2017,P050,21.386178625804387,75.43363151891216,Jalgaon,normal,statewide,32.88943997337714,1,7,ERA5-Land Daily Aggregated,Maharashtra,ERA5-Land Temperature
2017-05-07,2017-05-14,19.0,2017,P051,21.112064306745907,76.10682200495089,Jalgaon,normal,statewide,34.754755728585394,1,7,ERA5-Land Daily Aggregated,Maharashtra,ERA5-Land Temperature
2017-05-07,2017-05-14,19.0,2017,P052,20.844437979720194,75.23982115072519,Jalgaon,normal,statewide,35.02677488781154,1,7,ERA5-Land Daily Aggregated,Maharashtra,ERA5-Land Temperature
2017-05-07,2017-05-14,19.0,2017,P053,19.486369703781666,76.00005328932718,Jalna,normal,statewide,34.78223898751395,1,7,ERA5-Land Daily Aggregated,Maharashtra,ERA5-Land Temperature
2017-05-07,2017-05-14,19.0,2017,P054,20.028502750758555,76.00343774702675,Jalna,normal,statewide,34.18557092575804,1,7,ERA5-Land Daily Aggregated,Maharashtra,ERA5-Land Temperature
2017-05-07,2017-05-14,19.0,2017,P055,19.75743845682064,76.00172991132328,Jalna,normal,statewide,34.50525563557949,1,7,ERA5-Land Daily Aggregated,Maharashtra,ERA5-Land Temperature
2017-05-07,2017-05-14,19.0,2017,P056,19.57768317515413,75.80993951591351,Jalna,normal,statewide,34.71068253290082,1,7,ERA5-Land Daily Aggregated,Maharashtra,ERA5-Land Temperature
2017-05-07,2017-05-14,19.0,2017,P057,16.776377793156257,74.29671235971928,Kolhapur,normal,statewide,28.764753868466414,1,7,ERA5-Land Daily Aggregated,Maharashtra,ERA5-Land Temperature
2017-05-07,2017-05-14,19.0,2017,P058,16.324416687682138,74.29834884980589,Kolhapur,normal,statewide,27.951137797037745,1,7,ERA5-Land Daily Aggregated,Maharashtra,ERA5-Land Temperature
2017-05-07,2017-05-14,19.0,2017,P059,16.595891218916975,74.39111598812178,Kolhapur,normal,statewide,28.920259820847264,1,7,ERA5-Land Daily Aggregated,Maharashtra,ERA5-Land Temperature
2017-05-07,2017-05-14,19.0,2017,P060,16.414811584237594,74.29802779453004,Kolhapur,normal,statewide,28.312977454775876,1,7,ERA5-Land Daily Aggregated,Maharashtra,ERA5-Land Temperature
2017-05-07,2017-05-14,19.0,2017,P086,21.054127206758487,79.56798961993874,Nagpur,normal,statewide,35.21908794584732,1,7,ERA5-Land Daily Aggregated,Maharashtra,ERA5-Land Temperature
2017-05-07,2017-05-14,19.0,2017,P087,21.146765031143822,79.47473643960802,Nagpur,normal,statewide,35.31171024867467,1,7,ERA5-Land Daily Aggregated,Maharashtra,ERA5-Land Temperature
2017-05-07,2017-05-14,19.0,2017,P088,21.347803602138427,78.61442869606356,Nagpur,normal,statewide,34.01711389450804,1,7,ERA5-Land Daily Aggregated,Maharashtra,ERA5-Land Temperature
2017-05-07,2017-05-14,19.0,2017,P089,21.165377318940912,78.70615240473293,Nagpur,normal,statewide,34.45461389450804,1,7,ERA5-Land Daily Aggregated,Maharashtra,ERA5-Land Temperature
2017-05-07,2017-05-14,19.0,2017,P090,19.201968238592887,77.42470040309472,Nanded,normal,statewide,34.202835155668765,1,7,ERA5-Land Daily Aggregated,Maharashtra,ERA5-Land Temperature
2017-05-07,2017-05-14,19.0,2017,P091,18.566038000956755,77.69963965584807,Nanded,normal,statewide,34.30951298304967,1,7,ERA5-Land Daily Aggregated,Maharashtra,ERA5-Land Temperature
2017-05-07,2017-05-14,19.0,2017,P092,19.736596618496833,77.90946265591798,Nanded,normal,statewide,34.73328297932943,1,7,ERA5-Land Daily Aggregated,Maharashtra,ERA5-Land Temperature
2017-05-07,2017-05-14,19.0,2017,P093,18.93564842817583,77.04115528508362,Nanded,normal,statewide,34.778518749418765,1,7,ERA5-Land Daily Aggregated,Maharashtra,ERA5-Land Temperature
2017-05-07,2017-05-14,19.0,2017,P094,21.564917232430716,74.08292967791392,Nandurbar,normal,statewide,32.494280933198525,1,7,ERA5-Land Daily Aggregated,Maharashtra,ERA5-Land Temperature
2017-05-07,2017-05-14,19.0,2017,P095,21.5662594218478,74.37266422796263,Nandurbar,normal,statewide,34.27106664748419,1,7,ERA5-Land Daily Aggregated,Maharashtra,ERA5-Land Temperature
2017-05-07,2017-05-14,19.0,2017,P096,21.385179787168415,74.27697637845674,Nandurbar,normal,statewide,32.925433276948525,1,7,ERA5-Land Daily Aggregated,Maharashtra,ERA5-Land Temperature
2017-05-07,2017-05-14,19.0,2017,P097,21.565421110849755,74.17950488852946,Nandurbar,normal,statewide,33.16410980224612,1,7,ERA5-Land Daily Aggregated,Maharashtra,ERA5-Land Temperature
2017-05-07,2017-05-14,19.0,2017,P098,20.299553667393326,73.99482675929994,Nashik,normal,statewide,30.098180207752137,1,7,ERA5-Land Daily Aggregated,Maharashtra,ERA5-Land Temperature
2017-05-07,2017-05-14,19.0,2017,P099,20.120253214034264,74.28296495117151,Nashik,normal,statewide,32.04065602620449,1,7,ERA5-Land Daily Aggregated,Maharashtra,ERA5-Land Temperature
2017-05-07,2017-05-14,19.0,2017,P100,20.389903972938242,73.99424261706194,Nashik,normal,statewide,29.79186510358545,1,7,ERA5-Land Daily Aggregated,Maharashtra,ERA5-Land Temperature
2017-05-07,2017-05-14,19.0,2017,P101,20.029015547379707,74.09216447619562,Nashik,normal,statewide,31.553921000162745,1,7,ERA5-Land Daily Aggregated,Maharashtra,ERA5-Land Temperature
2017-05-07,2017-05-14,19.0,2017,P102,17.85749130266526,76.36802722645965,Osmanabad,normal,statewide,32.494559951055635,1,7,ERA5-Land Daily Aggregated,Maharashtra,ERA5-Land Temperature
2017-05-07,2017-05-14,19.0,2017,P103,17.76644983645705,76.46164605307673,Osmanabad,normal,statewide,32.60212133498425,1,7,ERA5-Land Daily Aggregated,Maharashtra,ERA5-Land Temperature
2017-05-07,2017-05-14,19.0,2017,P104,17.949094615606196,76.17989775301476,Osmanabad,normal,statewide,32.74170001801991,1,7,ERA5-Land Daily Aggregated,Maharashtra,ERA5-Land Temperature
2017-05-07,2017-05-14,19.0,2017,P105,18.584360447185368,75.61558067829696,Osmanabad,normal,statewide,32.52740267799021,1,7,ERA5-Land Daily Aggregated,Maharashtra,ERA5-Land Temperature
2017-05-07,2017-05-14,19.0,2017,P106,19.031389786894366,76.47235681380711,Parbhani,normal,statewide,34.6847803751628,1,7,ERA5-Land Daily Aggregated,Maharashtra,ERA5-Land Temperature
2017-05-07,2017-05-14,19.0,2017,P107,19.120950831552832,76.56820519095093,Parbhani,normal,statewide,34.48355037144256,1,7,ERA5-Land Daily Aggregated,Maharashtra,ERA5-Land Temperature
2017-05-07,2017-05-14,19.0,2017,P108,19.208625676465683,76.85432786914635,Parbhani,normal,statewide,34.71770448230569,1,7,ERA5-Land Daily Aggregated,Maharashtra,ERA5-Land Temperature
2017-05-07,2017-05-14,19.0,2017,P109,19.212081479782103,76.47396209018636,Parbhani,normal,statewide,34.49487384614491,1,7,ERA5-Land Daily Aggregated,Maharashtra,ERA5-Land Temperature
2017-05-07,2017-05-14,19.0,2017,P110,18.133442771357757,75.04679558432363,Pune,normal,statewide,32.48745662144256,1,7,ERA5-Land Daily Aggregated,Maharashtra,ERA5-Land Temperature
2017-05-07,2017-05-14,19.0,2017,P111,18.584645829652782,74.47919215212944,Pune,normal,statewide,32.626907421293765,1,7,ERA5-Land Daily Aggregated,Maharashtra,ERA5-Land Temperature
2017-05-07,2017-05-14,19.0,2017,P112,18.132979024848197,74.57507620208169,Pune,normal,statewide,32.487084597632986,1,7,ERA5-Land Daily Aggregated,Maharashtra,ERA5-Land Temperature
2017-05-07,2017-05-14,19.0,2017,P113,18.314072036830744,74.76389683618987,Pune,normal,statewide,33.42310812813895,1,7,ERA5-Land Daily Aggregated,Maharashtra,ERA5-Land Temperature
2017-05-07,2017-05-14,19.0,2017,P114,18.48503397121986,73.0589238755964,Raigarh,normal,statewide,29.391625613257986,1,7,ERA5-Land Daily Aggregated,Maharashtra,ERA5-Land Temperature
2017-05-07,2017-05-14,19.0,2017,P115,18.665689991299164,73.05687714821288,Raigarh,normal,statewide,29.576626078287802,1,7,ERA5-Land Daily Aggregated,Maharashtra,ERA5-Land Temperature
2017-05-07,2017-05-14,19.0,2017,P116,18.306197264370358,73.25009891506079,Raigarh,normal,statewide,29.64728735060919,1,7,ERA5-Land Daily Aggregated,Maharashtra,ERA5-Land Temperature
2017-05-07,2017-05-14,19.0,2017,P117,18.21404102289879,73.06194714611064,Raigarh,normal,statewide,29.63604525611521,1,7,ERA5-Land Daily Aggregated,Maharashtra,ERA5-Land Temperature
2017-05-07,2017-05-14,19.0,2017,P118,17.138719885658215,75.42259970290594,Sangli,normal,statewide,33.73028353736521,1,7,ERA5-Land Daily Aggregated,Maharashtra,ERA5-Land Temperature
2017-05-07,2017-05-14,19.0,2017,P119,17.048761981005992,74.95348443567921,Sangli,normal,statewide,31.717611476353284,1,7,ERA5-Land Daily Aggregated,Maharashtra,ERA5-Land Temperature
2017-05-07,2017-05-14,19.0,2017,P120,16.86707144948229,74.39025538161847,Sangli,normal,statewide,29.430839247930635,1,7,ERA5-Land Daily Aggregated,Maharashtra,ERA5-Land Temperature
2017-05-07,2017-05-14,19.0,2017,P121,17.048503353144895,74.67157114887826,Sangli,normal,statewide,30.721087573823525,1,7,ERA5-Land Daily Aggregated,Maharashtra,ERA5-Land Temperature
2017-05-07,2017-05-14,19.0,2017,P148,17.67852974098626,76.08383979812143,Solapur,normal,statewide,33.699603198823525,1,7,ERA5-Land Daily Aggregated,Maharashtra,ERA5-Land Temperature
2017-05-07,2017-05-14,19.0,2017,P149,18.223365003201543,75.4251413905064,Solapur,normal,statewide,34.07059231712714,1,7,ERA5-Land Daily Aggregated,Maharashtra,ERA5-Land Temperature
2017-05-07,2017-05-14,19.0,2017,P150,17.952532582518405,75.23562067753285,Solapur,normal,statewide,33.9411280314128,1,7,ERA5-Land Daily Aggregated,Maharashtra,ERA5-Land Temperature
2017-05-07,2017-05-14,19.0,2017,P151,18.223690517578447,75.23598186471818,Solapur,normal,statewide,33.94022122337714,1,7,ERA5-Land Daily Aggregated,Maharashtra,ERA5-Land Temperature
2017-05-07,2017-05-14,19.0,2017,P152,19.658178867370932,72.94986318203122,Thane,normal,statewide,30.53337831043069,1,7,ERA5-Land Daily Aggregated,Maharashtra,ERA5-Land Temperature
2017-05-07,2017-05-14,19.0,2017,P153,19.65706409210757,72.8545320606096,Thane,normal,statewide,30.11423536028184,1,7,ERA5-Land Daily Aggregated,Maharashtra,ERA5-Land Temperature
2017-05-07,2017-05-14,19.0,2017,P154,19.477549601897948,72.95214624177059,Thane,normal,statewide,30.49786166236521,1,7,ERA5-Land Daily Aggregated,Maharashtra,ERA5-Land Temperature
2017-05-07,2017-05-14,19.0,2017,P155,19.83987385799569,73.0429959666335,Thane,normal,statewide,30.329951041085394,1,7,ERA5-Land Daily Aggregated,Maharashtra,ERA5-Land Temperature
2017-05-07,2017-05-14,19.0,2017,P156,20.806749657616468,78.60135461177485,Wardha,normal,statewide,35.04617825462714,1,7,ERA5-Land Daily Aggregated,Maharashtra,ERA5-Land Temperature
2017-05-07,2017-05-14,19.0,2017,P157,20.71031267913359,78.88671032458906,Wardha,normal,statewide,35.50248870849606,1,7,ERA5-Land Daily Aggregated,Maharashtra,ERA5-Land Temperature
2017-05-07,2017-05-14,19.0,2017,P158,21.081265295769754,78.41565980750515,Wardha,normal,statewide,34.10803883870449,1,7,ERA5-Land Daily Aggregated,Maharashtra,ERA5-Land Temperature
2017-05-07,2017-05-14,19.0,2017,P159,20.439854822938944,78.87986114537097,Wardha,normal,statewide,35.765195646740096,1,7,ERA5-Land Daily Aggregated,Maharashtra,ERA5-Land Temperature
2017-05-07,2017-05-14,19.0,2017,P160,20.289186257444058,77.15404188735265,Washim,normal,statewide,34.44799884614497,1,7,ERA5-Land Daily Aggregated,Maharashtra,ERA5-Land Temperature
2017-05-07,2017-05-14,19.0,2017,P161,20.464607292886615,77.53975858757677,Washim,normal,statewide,35.10944555373425,1,7,ERA5-Land Daily Aggregated,Maharashtra,ERA5-Land Temperature
2017-05-07,2017-05-14,19.0,2017,P162,20.107393166596125,77.2471479173486,Washim,normal,statewide,34.21233338855569,1,7,ERA5-Land Daily Aggregated,Maharashtra,ERA5-Land Temperature
2017-05-07,2017-05-14,19.0,2017,P163,20.198885002010726,77.1527933390577,Washim,normal,statewide,34.1005518595378,1,7,ERA5-Land Daily Aggregated,Maharashtra,ERA5-Land Temperature
2017-05-07,2017-05-14,19.0,2017,P164,20.182854533723592,78.20447678161395,Yavatmal,normal,statewide,35.42627033051997,1,7,ERA5-Land Daily Aggregated,Maharashtra,ERA5-Land Temperature
2017-05-07,2017-05-14,19.0,2017,P165,19.894658373538324,79.05709703494229,Yavatmal,normal,statewide,35.34286724272232,1,7,ERA5-Land Daily Aggregated,Maharashtra,ERA5-Land Temperature
2017-05-07,2017-05-14,19.0,2017,P166,19.468787468327925,77.71426550730338,Yavatmal,normal,statewide,34.5572924659366,1,7,ERA5-Land Daily Aggregated,Maharashtra,ERA5-Land Temperature
2017-05-07,2017-05-14,19.0,2017,P167,19.559057510053886,77.71577268345945,Yavatmal,normal,statewide,34.31475619361521,1,7,ERA5-Land Daily Aggregated,Maharashtra,ERA5-Land Temperature
2017-05-14,2017-05-21,20.0,2017,P147,17.927231643141155,73.94769852026607,Satara,case_study,case_study,27.67310785566059,1,7,ERA5-Land Daily Aggregated,Maharashtra,ERA5-Land Temperature
2017-05-14,2017-05-21,20.0,2017,P061,18.507855650411397,76.91766048140843,Latur,high,priority,34.99969825744631,1,7,ERA5-Land Daily Aggregated,Maharashtra,ERA5-Land Temperature
2017-05-14,2017-05-21,20.0,2017,P062,18.422405896924207,76.3487594508077,Latur,high,priority,33.91254005432131,1,7,ERA5-Land Daily Aggregated,Maharashtra,ERA5-Land Temperature
2017-05-14,2017-05-21,20.0,2017,P063,18.235391198742693,77.05646783810116,Latur,high,priority,34.21786697024396,1,7,ERA5-Land Daily Aggregated,Maharashtra,ERA5-Land Temperature
2017-05-14,2017-05-21,20.0,2017,P064,18.193056493341274,76.77240080549139,Latur,high,priority,34.00151187351776,1,7,ERA5-Land Daily Aggregated,Maharashtra,ERA5-Land Temperature
2017-05-14,2017-05-21,20.0,2017,P065,18.331355512513895,76.44266811899327,Latur,high,priority,33.838972345988,1,7,ERA5-Land Daily Aggregated,Maharashtra,ERA5-Land Temperature
2017-05-14,2017-05-21,20.0,2017,P066,18.104739537876725,76.5352970251765,Latur,high,priority,33.43865147545233,1,7,ERA5-Land Daily Aggregated,Maharashtra,ERA5-Land Temperature
2017-05-14,2017-05-21,20.0,2017,P067,18.280552974211986,77.0569984711265,Latur,high,priority,34.21786697024396,1,7,ERA5-Land Daily Aggregated,Maharashtra,ERA5-Land Temperature
2017-05-14,2017-05-21,20.0,2017,P068,18.101823285787773,76.86595720469373,Latur,high,priority,34.182606088547516,1,7,ERA5-Land Daily Aggregated,Maharashtra,ERA5-Land Temperature
2017-05-14,2017-05-21,20.0,2017,P069,18.595075667016793,77.20284228928156,Latur,high,priority,35.69365054539276,1,7,ERA5-Land Daily Aggregated,Maharashtra,ERA5-Land Temperature
2017-05-14,2017-05-21,20.0,2017,P070,18.41499041187233,77.15322587185987,Latur,high,priority,35.31790649777366,1,7,ERA5-Land Daily Aggregated,Maharashtra,ERA5-Land Temperature
2017-05-14,2017-05-21,20.0,2017,P071,18.149138807065885,76.63019561379593,Latur,high,priority,33.70963594345818,1,7,ERA5-Land Daily Aggregated,Maharashtra,ERA5-Land Temperature
2017-05-14,2017-05-21,20.0,2017,P072,18.283393421583035,76.77331492120734,Latur,high,priority,34.19928903125589,1,7,ERA5-Land Daily Aggregated,Maharashtra,ERA5-Land Temperature
2017-05-14,2017-05-21,20.0,2017,P073,17.966315663874607,76.86453029235662,Latur,high,priority,33.95784557887487,1,7,ERA5-Land Daily Aggregated,Maharashtra,ERA5-Land Temperature
2017-05-14,2017-05-21,20.0,2017,P074,18.50832831512306,76.870318205524,Latur,high,priority,34.83082269941059,1,7,ERA5-Land Daily Aggregated,Maharashtra,ERA5-Land Temperature
2017-05-14,2017-05-21,20.0,2017,P075,18.41444640154381,77.20053247493588,Latur,high,priority,35.474970299857034,1,7,ERA5-Land Daily Aggregated,Maharashtra,ERA5-Land Temperature
2017-05-14,2017-05-21,20.0,2017,P076,18.377877313804504,76.25376722106614,Latur,high,priority,33.43007167634511,1,7,ERA5-Land Daily Aggregated,Maharashtra,ERA5-Land Temperature
2017-05-14,2017-05-21,20.0,2017,P077,18.059564385104267,76.5349046242838,Latur,high,priority,33.43182716369631,1,7,ERA5-Land Daily Aggregated,Maharashtra,ERA5-Land Temperature
2017-05-14,2017-05-21,20.0,2017,P078,18.1008824154655,76.96042326051098,Latur,high,priority,34.29632911682131,1,7,ERA5-Land Daily Aggregated,Maharashtra,ERA5-Land Temperature
2017-05-14,2017-05-21,20.0,2017,P079,18.73508698099394,76.77797468180819,Latur,high,priority,35.20026559375583,1,7,ERA5-Land Daily Aggregated,Maharashtra,ERA5-Land Temperature
2017-05-14,2017-05-21,20.0,2017,P080,18.46791548227568,76.3017694439065,Latur,high,priority,33.91254005432131,1,7,ERA5-Land Daily Aggregated,Maharashtra,ERA5-Land Temperature
2017-05-14,2017-05-21,20.0,2017,P081,18.10355787609756,76.67701617485712,Latur,high,priority,33.70963594345818,1,7,ERA5-Land Daily Aggregated,Maharashtra,ERA5-Land Temperature
2017-05-14,2017-05-21,20.0,2017,P082,18.23907887531389,76.67830931416262,Latur,high,priority,33.981410962059385,1,7,ERA5-Land Daily Aggregated,Maharashtra,ERA5-Land Temperature
2017-05-14,2017-05-21,20.0,2017,P083,18.369289085175563,77.19996171000103,Latur,high,priority,34.79886352902366,1,7,ERA5-Land Daily Aggregated,Maharashtra,ERA5-Land Temperature
2017-05-14,2017-05-21,20.0,2017,P084,18.46362582706226,76.82249880582684,Latur,high,priority,34.442011315482034,1,7,ERA5-Land Daily Aggregated,Maharashtra,ERA5-Land Temperature
2017-05-14,2017-05-21,20.0,2017,P085,18.14788579966987,76.77194597718393,Latur,high,priority,34.00151187351776,1,7,ERA5-Land Daily Aggregated,Maharashtra,ERA5-Land Temperature
2017-05-14,2017-05-21,20.0,2017,P122,17.88145897082753,73.8441448165019,Satara,high,priority,27.074149522327218,1,7,ERA5-Land Daily Aggregated,Maharashtra,ERA5-Land Temperature
2017-05-14,2017-05-21,20.0,2017,P123,17.386414030975025,74.27088970551878,Satara,high,priority,28.537819072178536,1,7,ERA5-Land Daily Aggregated,Maharashtra,ERA5-Land Temperature
2017-05-14,2017-05-21,20.0,2017,P124,17.43262815429294,74.647353771057,Satara,high,priority,30.220110738845108,1,7,ERA5-Land Daily Aggregated,Maharashtra,ERA5-Land Temperature
2017-05-14,2017-05-21,20.0,2017,P125,17.56734651531964,74.31728219287884,Satara,high,priority,29.084740575154626,1,7,ERA5-Land Daily Aggregated,Maharashtra,ERA5-Land Temperature
2017-05-14,2017-05-21,20.0,2017,P126,17.205080227535593,74.13053949986157,Satara,high,priority,28.356422587803365,1,7,ERA5-Land Daily Aggregated,Maharashtra,ERA5-Land Temperature
2017-05-14,2017-05-21,20.0,2017,P127,17.65773249367299,74.31694330119876,Satara,high,priority,28.95910115923209,1,7,ERA5-Land Daily Aggregated,Maharashtra,ERA5-Land Temperature
2017-05-14,2017-05-21,20.0,2017,P128,18.019949731345452,74.5517328080669,Satara,high,priority,31.726470020839145,1,7,ERA5-Land Daily Aggregated,Maharashtra,ERA5-Land Temperature
2017-05-14,2017-05-21,20.0,2017,P129,18.063234225271252,74.03192648006461,Satara,high,priority,29.063918867565405,1,7,ERA5-Land Daily Aggregated,Maharashtra,ERA5-Land Temperature
2017-05-14,2017-05-21,20.0,2017,P130,17.61135784271715,74.03436560834085,Satara,high,priority,28.252988343011793,1,7,ERA5-Land Daily Aggregated,Maharashtra,ERA5-Land Temperature
2017-05-14,2017-05-21,20.0,2017,P131,17.612539504496315,74.3171127470388,Satara,high,priority,28.95910115923209,1,7,ERA5-Land Daily Aggregated,Maharashtra,ERA5-Land Temperature
2017-05-14,2017-05-21,20.0,2017,P132,17.702176353872684,74.12817617630324,Satara,high,priority,28.329660125005887,1,7,ERA5-Land Daily Aggregated,Maharashtra,ERA5-Land Temperature
2017-05-14,2017-05-21,20.0,2017,P133,17.25006363896275,74.08329532420031,Satara,high,priority,27.864455976940405,1,7,ERA5-Land Daily Aggregated,Maharashtra,ERA5-Land Temperature
2017-05-14,2017-05-21,20.0,2017,P134,17.476429903940936,74.17634784498362,Satara,high,priority,28.277100136166553,1,7,ERA5-Land Daily Aggregated,Maharashtra,ERA5-Land Temperature
2017-05-14,2017-05-21,20.0,2017,P135,17.882716437324603,74.0801070669471,Satara,high,priority,27.703195281255887,1,7,ERA5-Land Daily Aggregated,Maharashtra,ERA5-Land Temperature
2017-05-14,2017-05-21,20.0,2017,P136,17.928520323345598,74.22149178404871,Satara,high,priority,30.156645802089145,1,7,ERA5-Land Daily Aggregated,Maharashtra,ERA5-Land Temperature
2017-05-14,2017-05-21,20.0,2017,P137,17.746687100588183,73.98648378122894,Satara,high,priority,27.596587208339145,1,7,ERA5-Land Daily Aggregated,Maharashtra,ERA5-Land Temperature
2017-05-14,2017-05-21,20.0,2017,P138,17.61269557303319,74.36423652697161,Satara,high,priority,28.95910115923209,1,7,ERA5-Land Daily Aggregated,Maharashtra,ERA5-Land Temperature
2017-05-14,2017-05-21,20.0,2017,P139,17.656773786946495,74.08126197411994,Satara,high,priority,28.252988343011793,1,7,ERA5-Land Daily Aggregated,Maharashtra,ERA5-Land Temperature
2017-05-14,2017-05-21,20.0,2017,P140,17.97464080554139,74.50462240543725,Satara,high,priority,31.64210199628559,1,7,ERA5-Land Daily Aggregated,Maharashtra,ERA5-Land Temperature
2017-05-14,2017-05-21,20.0,2017,P141,17.430826677467348,74.08239904488856,Satara,high,priority,27.90635515848794,1,7,ERA5-Land Daily Aggregated,Maharashtra,ERA5-Land Temperature
2017-05-14,2017-05-21,20.0,2017,P142,18.064447100757786,74.31538707493111,Satara,high,priority,30.870385106404683,1,7,ERA5-Land Daily Aggregated,Maharashtra,ERA5-Land Temperature
2017-05-14,2017-05-21,20.0,2017,P143,17.70379500755509,74.6468275971327,Satara,high,priority,31.163191095987997,1,7,ERA5-Land Daily Aggregated,Maharashtra,ERA5-Land Temperature
2017-05-14,2017-05-21,20.0,2017,P144,17.929452275465767,74.50474726026674,Satara,high,priority,31.64210199628559,1,7,ERA5-Land Daily Aggregated,Maharashtra,ERA5-Land Temperature
2017-05-14,2017-05-21,20.0,2017,P145,17.47773196144854,74.60017202281048,Satara,high,priority,29.82496332441059,1,7,ERA5-Land Daily Aggregated,Maharashtra,ERA5-Land Temperature
2017-05-14,2017-05-21,20.0,2017,P146,17.839182233739812,74.55218763637436,Satara,high,priority,30.867536799112997,1,7,ERA5-Land Daily Aggregated,Maharashtra,ERA5-Land Temperature
2017-05-14,2017-05-21,20.0,2017,P001,19.940457800458272,74.57045211428928,Ahmednagar,normal,statewide,31.80588547842848,1,7,ERA5-Land Daily Aggregated,Maharashtra,ERA5-Land Temperature
2017-05-14,2017-05-21,20.0,2017,P002,18.946729294293643,74.76302285238339,Ahmednagar,normal,statewide,31.41328410194029,1,7,ERA5-Land Daily Aggregated,Maharashtra,ERA5-Land Temperature
2017-05-14,2017-05-21,20.0,2017,P003,18.49469238410162,74.66892244285252,Ahmednagar,normal,statewide,31.94714989435107,1,7,ERA5-Land Daily Aggregated,Maharashtra,ERA5-Land Temperature
2017-05-14,2017-05-21,20.0,2017,P004,19.03720445466806,75.1420731965326,Ahmednagar,normal,statewide,32.31972011384511,1,7,ERA5-Land Daily Aggregated,Maharashtra,ERA5-Land Temperature
2017-05-14,2017-05-21,20.0,2017,P005,20.832153156317954,77.06560453615967,Akola,normal,statewide,35.99251354762487,1,7,ERA5-Land Daily Aggregated,Maharashtra,ERA5-Land Temperature
2017-05-14,2017-05-21,20.0,2017,P006,20.834360411339407,76.87349308547405,Akola,normal,statewide,35.87004795982722,1,7,ERA5-Land Daily Aggregated,Maharashtra,ERA5-Land Temperature
2017-05-14,2017-05-21,20.0,2017,P007,21.014976299509232,76.87574047240498,Akola,normal,statewide,36.07878819420233,1,7,ERA5-Land Daily Aggregated,Maharashtra,ERA5-Land Temperature
2017-05-14,2017-05-21,20.0,2017,P008,20.828434266039377,77.35372489162701,Akola,normal,statewide,35.99980288914276,1,7,ERA5-Land Daily Aggregated,Maharashtra,ERA5-Land Temperature
2017-05-14,2017-05-21,20.0,2017,P009,21.360971327549258,77.94039543992572,Amravati,normal,statewide,35.34172764732722,1,7,ERA5-Land Daily Aggregated,Maharashtra,ERA5-Land Temperature
2017-05-14,2017-05-21,20.0,2017,P010,21.178803672212837,78.03301542790685,Amravati,normal,statewide,36.14050926935107,1,7,ERA5-Land Daily Aggregated,Maharashtra,ERA5-Land Temperature
2017-05-14,2017-05-21,20.0,2017,P011,20.814388097721018,78.21764450702477,Amravati,normal,statewide,37.04997960045222,1,7,ERA5-Land Daily Aggregated,Maharashtra,ERA5-Land Temperature
2017-05-14,2017-05-21,20.0,2017,P012,21.180502589714195,77.93681032267875,Amravati,normal,statewide,36.32269630432131,1,7,ERA5-Land Daily Aggregated,Maharashtra,ERA5-Land Temperature
2017-05-14,2017-05-21,20.0,2017,P013,20.031289688916964,74.8570519162974,Aurangabad,normal,statewide,32.40826178051174,1,7,ERA5-Land Daily Aggregated,Maharashtra,ERA5-Land Temperature
2017-05-14,2017-05-21,20.0,2017,P014,19.760185263069562,75.14270192978114,Aurangabad,normal,statewide,33.250872457595165,1,7,ERA5-Land Daily Aggregated,Maharashtra,ERA5-Land Temperature
2017-05-14,2017-05-21,20.0,2017,P015,19.9408189876436,74.76157364454102,Aurangabad,normal,statewide,32.369722438993904,1,7,ERA5-Land Daily Aggregated,Maharashtra,ERA5-Land Temperature
2017-05-14,2017-05-21,20.0,2017,P016,19.66981712112043,75.14262166596218,Aurangabad,normal,statewide,33.192755363101014,1,7,ERA5-Land Daily Aggregated,Maharashtra,ERA5-Land Temperature
2017-05-14,2017-05-21,20.0,2017,P017,21.04613203856966,79.85576216552393,Bhandara,normal,statewide,37.76709037054155,1,7,ERA5-Land Daily Aggregated,Maharashtra,ERA5-Land Temperature
2017-05-14,2017-05-21,20.0,2017,P018,21.31897105472685,79.76852877161537,Bhandara,normal,statewide,37.76969453720824,1,7,ERA5-Land Daily Aggregated,Maharashtra,ERA5-Land Temperature
2017-05-14,2017-05-21,20.0,2017,P019,21.40900922319803,79.77144948280537,Bhandara,normal,statewide,37.43630307515468,1,7,ERA5-Land Daily Aggregated,Maharashtra,ERA5-Land Temperature
2017-05-14,2017-05-21,20.0,2017,P020,21.144196588937042,79.57074980349083,Bhandara,normal,statewide,37.92023629688083,1,7,ERA5-Land Daily Aggregated,Maharashtra,ERA5-Land Temperature
2017-05-14,2017-05-21,20.0,2017,P021,18.67502288980403,75.52108340877234,Bid,normal,statewide,32.559721973964145,1,7,ERA5-Land Daily Aggregated,Maharashtra,ERA5-Land Temperature
2017-05-14,2017-05-21,20.0,2017,P022,18.856499384477168,75.04699178476999,Bid,normal,statewide,32.527727926345165,1,7,ERA5-Land Daily Aggregated,Maharashtra,ERA5-Land Temperature
2017-05-14,2017-05-21,20.0,2017,P023,19.126596053486494,75.6175605191647,Bid,normal,statewide,34.01848545982722,1,7,ERA5-Land Daily Aggregated,Maharashtra,ERA5-Land Temperature
2017-05-14,2017-05-21,20.0,2017,P024,18.763955201213946,75.90084720909012,Bid,normal,statewide,33.04234148661294,1,7,ERA5-Land Daily Aggregated,Maharashtra,ERA5-Land Temperature
2017-05-14,2017-05-21,20.0,2017,P025,20.93073496240753,76.20164478885242,Buldana,normal,statewide,35.00806879316059,1,7,ERA5-Land Daily Aggregated,Maharashtra,ERA5-Land Temperature
2017-05-14,2017-05-21,20.0,2017,P026,20.838939908121294,76.39311412898633,Buldana,normal,statewide,35.414028149559385,1,7,ERA5-Land Daily Aggregated,Maharashtra,ERA5-Land Temperature
2017-05-14,2017-05-21,20.0,2017,P027,20.657476790751314,76.48742857536776,Buldana,normal,statewide,35.19418532961896,1,7,ERA5-Land Daily Aggregated,Maharashtra,ERA5-Land Temperature
2017-05-14,2017-05-21,20.0,2017,P028,20.47967013624516,76.10222021266374,Buldana,normal,statewide,33.37703503199987,1,7,ERA5-Land Daily Aggregated,Maharashtra,ERA5-Land Temperature
2017-05-14,2017-05-21,20.0,2017,P029,20.32317798477448,79.92829390325927,Chandrapur,normal,statewide,37.759917286464145,1,7,ERA5-Land Daily Aggregated,Maharashtra,ERA5-Land Temperature
2017-05-14,2017-05-21,20.0,2017,P030,20.60872097983294,79.36304041732026,Chandrapur,normal,statewide,38.18631470089872,1,7,ERA5-Land Daily Aggregated,Maharashtra,ERA5-Land Temperature
2017-05-14,2017-05-21,20.0,2017,P031,20.511160307884595,79.64732594588165,Chandrapur,normal,statewide,38.23900257292246,1,7,ERA5-Land Daily Aggregated,Maharashtra,ERA5-Land Temperature
2017-05-14,2017-05-21,20.0,2017,P032,20.598621115946884,79.74569817422172,Chandrapur,normal,statewide,38.28450573512487,1,7,ERA5-Land Daily Aggregated,Maharashtra,ERA5-Land Temperature
2017-05-14,2017-05-21,20.0,2017,P033,21.38667804512237,75.14422248324037,Dhule,normal,statewide,33.33271769569029,1,7,ERA5-Land Daily Aggregated,Maharashtra,ERA5-Land Temperature
2017-05-14,2017-05-21,20.0,2017,P034,21.025151968113196,74.75989256344387,Dhule,normal,statewide,34.01782279241655,1,7,ERA5-Land Daily Aggregated,Maharashtra,ERA5-Land Temperature
2017-05-14,2017-05-21,20.0,2017,P035,21.477028350667293,74.85568743137505,Dhule,normal,statewide,32.84847057887487,1,7,ERA5-Land Daily Aggregated,Maharashtra,ERA5-Land Temperature
2017-05-14,2017-05-21,20.0,2017,P036,20.933820660336515,74.37533522949364,Dhule,normal,statewide,32.55715268452968,1,7,ERA5-Land Daily Aggregated,Maharashtra,ERA5-Land Temperature
2017-05-14,2017-05-21,20.0,2017,P037,19.963056524597132,79.91698116388667,Garhchiroli,normal,statewide,37.963739831107034,1,7,ERA5-Land Daily Aggregated,Maharashtra,ERA5-Land Temperature
2017-05-14,2017-05-21,20.0,2017,P038,19.062661462582188,79.88977172925856,Garhchiroli,normal,statewide,37.804467137654626,1,7,ERA5-Land Daily Aggregated,Maharashtra,ERA5-Land Temperature
2017-05-14,2017-05-21,20.0,2017,P039,19.510270485428137,79.9981368030594,Garhchiroli,normal,statewide,37.67046881176179,1,7,ERA5-Land Daily Aggregated,Maharashtra,ERA5-Land Temperature
2017-05-14,2017-05-21,20.0,2017,P040,19.870365190999156,80.00935144220881,Garhchiroli,normal,statewide,37.31361659822011,1,7,ERA5-Land Daily Aggregated,Maharashtra,ERA5-Land Temperature
2017-05-14,2017-05-21,20.0,2017,P041,21.127639946725598,80.1465044724107,Gondiya,normal,statewide,37.418573815482034,1,7,ERA5-Land Daily Aggregated,Maharashtra,ERA5-Land Temperature
2017-05-14,2017-05-21,20.0,2017,P042,21.397598383602258,80.15591763473452,Gondiya,normal,statewide,36.93745402381529,1,7,ERA5-Land Daily Aggregated,Maharashtra,ERA5-Land Temperature
2017-05-14,2017-05-21,20.0,2017,P043,21.574548890706154,80.25847249986273,Gondiya,normal,statewide,36.47050601414276,1,7,ERA5-Land Daily Aggregated,Maharashtra,ERA5-Land Temperature
2017-05-14,2017-05-21,20.0,2017,P044,21.211649410572516,80.34153217518526,Gondiya,normal,statewide,37.05793160938089,1,7,ERA5-Land Daily Aggregated,Maharashtra,ERA5-Land Temperature
2017-05-14,2017-05-21,20.0,2017,P045,19.655900266732623,77.2407892392464,Hingoli,normal,statewide,35.89870541890468,1,7,ERA5-Land Daily Aggregated,Maharashtra,ERA5-Land Temperature
2017-05-14,2017-05-21,20.0,2017,P046,19.566758377573187,77.1442675378435,Hingoli,normal,statewide,35.85319063095824,1,7,ERA5-Land Daily Aggregated,Maharashtra,ERA5-Land Temperature
2017-05-14,2017-05-21,20.0,2017,P047,19.47860194974656,76.9526242927685,Hingoli,normal,statewide,36.06816226414276,1,7,ERA5-Land Daily Aggregated,Maharashtra,ERA5-Land Temperature
2017-05-14,2017-05-21,20.0,2017,P048,19.927981235710728,77.14910120338544,Hingoli,normal,statewide,35.28569156101776,1,7,ERA5-Land Daily Aggregated,Maharashtra,ERA5-Land Temperature
2017-05-14,2017-05-21,20.0,2017,P049,21.292738163229433,76.10816865346904,Jalgaon,normal,statewide,35.670759455363,1,7,ERA5-Land Daily Aggregated,Maharashtra,ERA5-Land Temperature
2017-05-14,2017-05-21,20.0,2017,P050,21.386178625804387,75.43363151891216,Jalgaon,normal,statewide,32.26941551935107,1,7,ERA5-Land Daily Aggregated,Maharashtra,ERA5-Land Temperature
2017-05-14,2017-05-21,20.0,2017,P051,21.112064306745907,76.10682200495089,Jalgaon,normal,statewide,35.11917602902366,1,7,ERA5-Land Daily Aggregated,Maharashtra,ERA5-Land Temperature
2017-05-14,2017-05-21,20.0,2017,P052,20.844437979720194,75.23982115072519,Jalgaon,normal,statewide,34.62843012128559,1,7,ERA5-Land Daily Aggregated,Maharashtra,ERA5-Land Temperature
2017-05-14,2017-05-21,20.0,2017,P053,19.486369703781666,76.00005328932718,Jalna,normal,statewide,34.863386408488,1,7,ERA5-Land Daily Aggregated,Maharashtra,ERA5-Land Temperature
2017-05-14,2017-05-21,20.0,2017,P054,20.028502750758555,76.00343774702675,Jalna,normal,statewide,34.12711641220824,1,7,ERA5-Land Daily Aggregated,Maharashtra,ERA5-Land Temperature
2017-05-14,2017-05-21,20.0,2017,P055,19.75743845682064,76.00172991132328,Jalna,normal,statewide,34.796968532743904,1,7,ERA5-Land Daily Aggregated,Maharashtra,ERA5-Land Temperature
2017-05-14,2017-05-21,20.0,2017,P056,19.57768317515413,75.80993951591351,Jalna,normal,statewide,34.64124169122607,1,7,ERA5-Land Daily Aggregated,Maharashtra,ERA5-Land Temperature
2017-05-14,2017-05-21,20.0,2017,P057,16.776377793156257,74.29671235971928,Kolhapur,normal,statewide,28.43995355878559,1,7,ERA5-Land Daily Aggregated,Maharashtra,ERA5-Land Temperature
2017-05-14,2017-05-21,20.0,2017,P058,16.324416687682138,74.29834884980589,Kolhapur,normal,statewide,27.761649522327218,1,7,ERA5-Land Daily Aggregated,Maharashtra,ERA5-Land Temperature
2017-05-14,2017-05-21,20.0,2017,P059,16.595891218916975,74.39111598812178,Kolhapur,normal,statewide,28.640892918904683,1,7,ERA5-Land Daily Aggregated,Maharashtra,ERA5-Land Temperature
2017-05-14,2017-05-21,20.0,2017,P060,16.414811584237594,74.29802779453004,Kolhapur,normal,statewide,28.080078651791553,1,7,ERA5-Land Daily Aggregated,Maharashtra,ERA5-Land Temperature
2017-05-14,2017-05-21,20.0,2017,P086,21.054127206758487,79.56798961993874,Nagpur,normal,statewide,37.89450852530348,1,7,ERA5-Land Daily Aggregated,Maharashtra,ERA5-Land Temperature
2017-05-14,2017-05-21,20.0,2017,P087,21.146765031143822,79.47473643960802,Nagpur,normal,statewide,37.84247169494631,1,7,ERA5-Land Daily Aggregated,Maharashtra,ERA5-Land Temperature
2017-05-14,2017-05-21,20.0,2017,P088,21.347803602138427,78.61442869606356,Nagpur,normal,statewide,35.891218439738,1,7,ERA5-Land Daily Aggregated,Maharashtra,ERA5-Land Temperature
2017-05-14,2017-05-21,20.0,2017,P089,21.165377318940912,78.70615240473293,Nagpur,normal,statewide,36.666132409232034,1,7,ERA5-Land Daily Aggregated,Maharashtra,ERA5-Land Temperature
2017-05-14,2017-05-21,20.0,2017,P090,19.201968238592887,77.42470040309472,Nanded,normal,statewide,35.843285497029626,1,7,ERA5-Land Daily Aggregated,Maharashtra,ERA5-Land Temperature
2017-05-14,2017-05-21,20.0,2017,P091,18.566038000956755,77.69963965584807,Nanded,normal,statewide,36.14261352902366,1,7,ERA5-Land Daily Aggregated,Maharashtra,ERA5-Land Temperature
2017-05-14,2017-05-21,20.0,2017,P092,19.736596618496833,77.90946265591798,Nanded,normal,statewide,36.71355381920216,1,7,ERA5-Land Daily Aggregated,Maharashtra,ERA5-Land Temperature
2017-05-14,2017-05-21,20.0,2017,P093,18.93564842817583,77.04115528508362,Nanded,normal,statewide,36.19911464509511,1,7,ERA5-Land Daily Aggregated,Maharashtra,ERA5-Land Temperature
2017-05-14,2017-05-21,20.0,2017,P094,21.564917232430716,74.08292967791392,Nandurbar,normal,statewide,31.57154535566059,1,7,ERA5-Land Daily Aggregated,Maharashtra,ERA5-Land Temperature
2017-05-14,2017-05-21,20.0,2017,P095,21.5662594218478,74.37266422796263,Nandurbar,normal,statewide,33.13884678795233,1,7,ERA5-Land Daily Aggregated,Maharashtra,ERA5-Land Temperature
2017-05-14,2017-05-21,20.0,2017,P096,21.385179787168415,74.27697637845674,Nandurbar,normal,statewide,32.052618644351014,1,7,ERA5-Land Daily Aggregated,Maharashtra,ERA5-Land Temperature
2017-05-14,2017-05-21,20.0,2017,P097,21.565421110849755,74.17950488852946,Nandurbar,normal,statewide,32.13762608482722,1,7,ERA5-Land Daily Aggregated,Maharashtra,ERA5-Land Temperature
2017-05-14,2017-05-21,20.0,2017,P098,20.299553667393326,73.99482675929994,Nashik,normal,statewide,28.799305307297573,1,7,ERA5-Land Daily Aggregated,Maharashtra,ERA5-Land Temperature
2017-05-14,2017-05-21,20.0,2017,P099,20.120253214034264,74.28296495117151,Nashik,normal,statewide,30.731166821434385,1,7,ERA5-Land Daily Aggregated,Maharashtra,ERA5-Land Temperature
2017-05-14,2017-05-21,20.0,2017,P100,20.389903972938242,73.99424261706194,Nashik,normal,statewide,28.617548424857034,1,7,ERA5-Land Daily Aggregated,Maharashtra,ERA5-Land Temperature
2017-05-14,2017-05-21,20.0,2017,P101,20.029015547379707,74.09216447619562,Nashik,normal,statewide,30.09455270313083,1,7,ERA5-Land Daily Aggregated,Maharashtra,ERA5-Land Temperature
2017-05-14,2017-05-21,20.0,2017,P102,17.85749130266526,76.36802722645965,Osmanabad,normal,statewide,33.567534473964145,1,7,ERA5-Land Daily Aggregated,Maharashtra,ERA5-Land Temperature
2017-05-14,2017-05-21,20.0,2017,P103,17.76644983645705,76.46164605307673,Osmanabad,normal,statewide,33.70654349554155,1,7,ERA5-Land Daily Aggregated,Maharashtra,ERA5-Land Temperature
2017-05-14,2017-05-21,20.0,2017,P104,17.949094615606196,76.17989775301476,Osmanabad,normal,statewide,33.612886501493904,1,7,ERA5-Land Daily Aggregated,Maharashtra,ERA5-Land Temperature
2017-05-14,2017-05-21,20.0,2017,P105,18.584360447185368,75.61558067829696,Osmanabad,normal,statewide,32.80303717113679,1,7,ERA5-Land Daily Aggregated,Maharashtra,ERA5-Land Temperature
2017-05-14,2017-05-21,20.0,2017,P106,19.031389786894366,76.47235681380711,Parbhani,normal,statewide,35.58807716369631,1,7,ERA5-Land Daily Aggregated,Maharashtra,ERA5-Land Temperature
2017-05-14,2017-05-21,20.0,2017,P107,19.120950831552832,76.56820519095093,Parbhani,normal,statewide,35.59285534449987,1,7,ERA5-Land Daily Aggregated,Maharashtra,ERA5-Land Temperature
2017-05-14,2017-05-21,20.0,2017,P108,19.208625676465683,76.85432786914635,Parbhani,normal,statewide,36.16449317932131,1,7,ERA5-Land Daily Aggregated,Maharashtra,ERA5-Land Temperature
2017-05-14,2017-05-21,20.0,2017,P109,19.212081479782103,76.47396209018636,Parbhani,normal,statewide,35.55891979762481,1,7,ERA5-Land Daily Aggregated,Maharashtra,ERA5-Land Temperature
2017-05-14,2017-05-21,20.0,2017,P110,18.133442771357757,75.04679558432363,Pune,normal,statewide,31.72633051191059,1,7,ERA5-Land Daily Aggregated,Maharashtra,ERA5-Land Temperature
2017-05-14,2017-05-21,20.0,2017,P111,18.584645829652782,74.47919215212944,Pune,normal,statewide,31.367885571434385,1,7,ERA5-Land Daily Aggregated,Maharashtra,ERA5-Land Temperature
2017-05-14,2017-05-21,20.0,2017,P112,18.132979024848197,74.57507620208169,Pune,normal,statewide,31.35569016592848,1,7,ERA5-Land Daily Aggregated,Maharashtra,ERA5-Land Temperature
2017-05-14,2017-05-21,20.0,2017,P113,18.314072036830744,74.76389683618987,Pune,normal,statewide,32.29559669494631,1,7,ERA5-Land Daily Aggregated,Maharashtra,ERA5-Land Temperature
2017-05-14,2017-05-21,20.0,2017,P114,18.48503397121986,73.0589238755964,Raigarh,normal,statewide,29.196219834827332,1,7,ERA5-Land Daily Aggregated,Maharashtra,ERA5-Land Temperature
2017-05-14,2017-05-21,20.0,2017,P115,18.665689991299164,73.05687714821288,Raigarh,normal,statewide,29.374105344499924,1,7,ERA5-Land Daily Aggregated,Maharashtra,ERA5-Land Temperature
2017-05-14,2017-05-21,20.0,2017,P116,18.306197264370358,73.25009891506079,Raigarh,normal,statewide,28.84094872247607,1,7,ERA5-Land Daily Aggregated,Maharashtra,ERA5-Land Temperature
2017-05-14,2017-05-21,20.0,2017,P117,18.21404102289879,73.06194714611064,Raigarh,normal,statewide,29.542969276791553,1,7,ERA5-Land Daily Aggregated,Maharashtra,ERA5-Land Temperature
2017-05-14,2017-05-21,20.0,2017,P118,17.138719885658215,75.42259970290594,Sangli,normal,statewide,33.21341431027372,1,7,ERA5-Land Daily Aggregated,Maharashtra,ERA5-Land Temperature
2017-05-14,2017-05-21,20.0,2017,P119,17.048761981005992,74.95348443567921,Sangli,normal,statewide,30.598319444202332,1,7,ERA5-Land Daily Aggregated,Maharashtra,ERA5-Land Temperature
2017-05-14,2017-05-21,20.0,2017,P120,16.86707144948229,74.39025538161847,Sangli,normal,statewide,28.947800936017757,1,7,ERA5-Land Daily Aggregated,Maharashtra,ERA5-Land Temperature
2017-05-14,2017-05-21,20.0,2017,P121,17.048503353144895,74.67157114887826,Sangli,normal,statewide,29.67406116667246,1,7,ERA5-Land Daily Aggregated,Maharashtra,ERA5-Land Temperature
2017-05-14,2017-05-21,20.0,2017,P148,17.67852974098626,76.08383979812143,Solapur,normal,statewide,34.47311018080944,1,7,ERA5-Land Daily Aggregated,Maharashtra,ERA5-Land Temperature
2017-05-14,2017-05-21,20.0,2017,P149,18.223365003201543,75.4251413905064,Solapur,normal,statewide,33.69658023289276,1,7,ERA5-Land Daily Aggregated,Maharashtra,ERA5-Land Temperature
2017-05-14,2017-05-21,20.0,2017,P150,17.952532582518405,75.23562067753285,Solapur,normal,statewide,33.15533209301179,1,7,ERA5-Land Daily Aggregated,Maharashtra,ERA5-Land Temperature
2017-05-14,2017-05-21,20.0,2017,P151,18.223690517578447,75.23598186471818,Solapur,normal,statewide,33.189174633934385,1,7,ERA5-Land Daily Aggregated,Maharashtra,ERA5-Land Temperature
2017-05-14,2017-05-21,20.0,2017,P152,19.658178867370932,72.94986318203122,Thane,normal,statewide,30.32028977530348,1,7,ERA5-Land Daily Aggregated,Maharashtra,ERA5-Land Temperature
2017-05-14,2017-05-21,20.0,2017,P153,19.65706409210757,72.8545320606096,Thane,normal,statewide,30.10520188467848,1,7,ERA5-Land Daily Aggregated,Maharashtra,ERA5-Land Temperature
2017-05-14,2017-05-21,20.0,2017,P154,19.477549601897948,72.95214624177059,Thane,normal,statewide,30.358329209827332,1,7,ERA5-Land Daily Aggregated,Maharashtra,ERA5-Land Temperature
2017-05-14,2017-05-21,20.0,2017,P155,19.83987385799569,73.0429959666335,Thane,normal,statewide,30.03541254316059,1,7,ERA5-Land Daily Aggregated,Maharashtra,ERA5-Land Temperature
2017-05-14,2017-05-21,20.0,2017,P156,20.806749657616468,78.60135461177485,Wardha,normal,statewide,37.359480158488,1,7,ERA5-Land Daily Aggregated,Maharashtra,ERA5-Land Temperature
2017-05-14,2017-05-21,20.0,2017,P157,20.71031267913359,78.88671032458906,Wardha,normal,statewide,37.975574838547516,1,7,ERA5-Land Daily Aggregated,Maharashtra,ERA5-Land Temperature
2017-05-14,2017-05-21,20.0,2017,P158,21.081265295769754,78.41565980750515,Wardha,normal,statewide,35.87039673214866,1,7,ERA5-Land Daily Aggregated,Maharashtra,ERA5-Land Temperature
2017-05-14,2017-05-21,20.0,2017,P159,20.439854822938944,78.87986114537097,Wardha,normal,statewide,38.11100313095824,1,7,ERA5-Land Daily Aggregated,Maharashtra,ERA5-Land Temperature
2017-05-14,2017-05-21,20.0,2017,P160,20.289186257444058,77.15404188735265,Washim,normal,statewide,35.139369946434385,1,7,ERA5-Land Daily Aggregated,Maharashtra,ERA5-Land Temperature
2017-05-14,2017-05-21,20.0,2017,P161,20.464607292886615,77.53975858757677,Washim,normal,statewide,36.05633888244631,1,7,ERA5-Land Daily Aggregated,Maharashtra,ERA5-Land Temperature
2017-05-14,2017-05-21,20.0,2017,P162,20.107393166596125,77.2471479173486,Washim,normal,statewide,35.109817305065405,1,7,ERA5-Land Daily Aggregated,Maharashtra,ERA5-Land Temperature
2017-05-14,2017-05-21,20.0,2017,P163,20.198885002010726,77.1527933390577,Washim,normal,statewide,34.91101708185107,1,7,ERA5-Land Daily Aggregated,Maharashtra,ERA5-Land Temperature
2017-05-14,2017-05-21,20.0,2017,P164,20.182854533723592,78.20447678161395,Yavatmal,normal,statewide,37.425014477684385,1,7,ERA5-Land Daily Aggregated,Maharashtra,ERA5-Land Temperature
2017-05-14,2017-05-21,20.0,2017,P165,19.894658373538324,79.05709703494229,Yavatmal,normal,statewide,38.06038464137487,1,7,ERA5-Land Daily Aggregated,Maharashtra,ERA5-Land Temperature
2017-05-14,2017-05-21,20.0,2017,P166,19.468787468327925,77.71426550730338,Yavatmal,normal,statewide,36.23284092857722,1,7,ERA5-Land Daily Aggregated,Maharashtra,ERA5-Land Temperature
2017-05-14,2017-05-21,20.0,2017,P167,19.559057510053886,77.71577268345945,Yavatmal,normal,statewide,36.09516886756529,1,7,ERA5-Land Daily Aggregated,Maharashtra,ERA5-Land Temperature
2017-05-21,2017-05-28,21.0,2017,P147,17.927231643141155,73.94769852026607,Satara,case_study,case_study,27.853893806820906,1,7,ERA5-Land Daily Aggregated,Maharashtra,ERA5-Land Temperature
2017-05-21,2017-05-28,21.0,2017,P061,18.507855650411397,76.91766048140843,Latur,high,priority,34.81607526143398,1,7,ERA5-Land Daily Aggregated,Maharashtra,ERA5-Land Temperature
2017-05-21,2017-05-28,21.0,2017,P062,18.422405896924207,76.3487594508077,Latur,high,priority,33.95979270935061,1,7,ERA5-Land Daily Aggregated,Maharashtra,ERA5-Land Temperature
2017-05-21,2017-05-28,21.0,2017,P063,18.235391198742693,77.05646783810116,Latur,high,priority,34.08671095711844,1,7,ERA5-Land Daily Aggregated,Maharashtra,ERA5-Land Temperature
2017-05-21,2017-05-28,21.0,2017,P064,18.193056493341274,76.77240080549139,Latur,high,priority,33.80647239685061,1,7,ERA5-Land Daily Aggregated,Maharashtra,ERA5-Land Temperature
2017-05-21,2017-05-28,21.0,2017,P065,18.331355512513895,76.44266811899327,Latur,high,priority,33.805553963070906,1,7,ERA5-Land Daily Aggregated,Maharashtra,ERA5-Land Temperature
2017-05-21,2017-05-28,21.0,2017,P066,18.104739537876725,76.5352970251765,Latur,high,priority,33.378935659499405,1,7,ERA5-Land Daily Aggregated,Maharashtra,ERA5-Land Temperature
2017-05-21,2017-05-28,21.0,2017,P067,18.280552974211986,77.0569984711265,Latur,high,priority,34.08671095711844,1,7,ERA5-Land Daily Aggregated,Maharashtra,ERA5-Land Temperature
2017-05-21,2017-05-28,21.0,2017,P068,18.101823285787773,76.86595720469373,Latur,high,priority,34.02346690949946,1,7,ERA5-Land Daily Aggregated,Maharashtra,ERA5-Land Temperature
2017-05-21,2017-05-28,21.0,2017,P069,18.595075667016793,77.20284228928156,Latur,high,priority,35.42064882914224,1,7,ERA5-Land Daily Aggregated,Maharashtra,ERA5-Land Temperature
2017-05-21,2017-05-28,21.0,2017,P070,18.41499041187233,77.15322587185987,Latur,high,priority,35.03562743777326,1,7,ERA5-Land Daily Aggregated,Maharashtra,ERA5-Land Temperature
2017-05-21,2017-05-28,21.0,2017,P071,18.149138807065885,76.63019561379593,Latur,high,priority,33.54632312229705,1,7,ERA5-Land Daily Aggregated,Maharashtra,ERA5-Land Temperature
2017-05-21,2017-05-28,21.0,2017,P072,18.283393421583035,76.77331492120734,Latur,high,priority,33.978080004737535,1,7,ERA5-Land Daily Aggregated,Maharashtra,ERA5-Land Temperature
2017-05-21,2017-05-28,21.0,2017,P073,17.966315663874607,76.86453029235662,Latur,high,priority,33.89997825622561,1,7,ERA5-Land Daily Aggregated,Maharashtra,ERA5-Land Temperature
2017-05-21,2017-05-28,21.0,2017,P074,18.50832831512306,76.870318205524,Latur,high,priority,34.67699648539224,1,7,ERA5-Land Daily Aggregated,Maharashtra,ERA5-Land Temperature
2017-05-21,2017-05-28,21.0,2017,P075,18.41444640154381,77.20053247493588,Latur,high,priority,35.15717459179103,1,7,ERA5-Land Daily Aggregated,Maharashtra,ERA5-Land Temperature
2017-05-21,2017-05-28,21.0,2017,P076,18.377877313804504,76.25376722106614,Latur,high,priority,33.53974295116609,1,7,ERA5-Land Daily Aggregated,Maharashtra,ERA5-Land Temperature
2017-05-21,2017-05-28,21.0,2017,P077,18.059564385104267,76.5349046242838,Latur,high,priority,33.41812604268398,1,7,ERA5-Land Daily Aggregated,Maharashtra,ERA5-Land Temperature
2017-05-21,2017-05-28,21.0,2017,P078,18.1008824154655,76.96042326051098,Latur,high,priority,34.14892031351724,1,7,ERA5-Land Daily Aggregated,Maharashtra,ERA5-Land Temperature
2017-05-21,2017-05-28,21.0,2017,P079,18.73508698099394,76.77797468180819,Latur,high,priority,35.11587994893398,1,7,ERA5-Land Daily Aggregated,Maharashtra,ERA5-Land Temperature
2017-05-21,2017-05-28,21.0,2017,P080,18.46791548227568,76.3017694439065,Latur,high,priority,33.95979270935061,1,7,ERA5-Land Daily Aggregated,Maharashtra,ERA5-Land Temperature
2017-05-21,2017-05-28,21.0,2017,P081,18.10355787609756,76.67701617485712,Latur,high,priority,33.54632312229705,1,7,ERA5-Land Daily Aggregated,Maharashtra,ERA5-Land Temperature
2017-05-21,2017-05-28,21.0,2017,P082,18.23907887531389,76.67830931416262,Latur,high,priority,33.80878591991609,1,7,ERA5-Land Daily Aggregated,Maharashtra,ERA5-Land Temperature
2017-05-21,2017-05-28,21.0,2017,P083,18.369289085175563,77.19996171000103,Latur,high,priority,34.565889249529164,1,7,ERA5-Land Daily Aggregated,Maharashtra,ERA5-Land Temperature
2017-05-21,2017-05-28,21.0,2017,P084,18.46362582706226,76.82249880582684,Latur,high,priority,34.24651843479705,1,7,ERA5-Land Daily Aggregated,Maharashtra,ERA5-Land Temperature
2017-05-21,2017-05-28,21.0,2017,P085,18.14788579966987,76.77194597718393,Latur,high,priority,33.80647239685061,1,7,ERA5-Land Daily Aggregated,Maharashtra,ERA5-Land Temperature
2017-05-21,2017-05-28,21.0,2017,P122,17.88145897082753,73.8441448165019,Satara,high,priority,27.306065495808923,1,7,ERA5-Land Daily Aggregated,Maharashtra,ERA5-Land Temperature
2017-05-21,2017-05-28,21.0,2017,P123,17.386414030975025,74.27088970551878,Satara,high,priority,28.908569681076813,1,7,ERA5-Land Daily Aggregated,Maharashtra,ERA5-Land Temperature
2017-05-21,2017-05-28,21.0,2017,P124,17.43262815429294,74.647353771057,Satara,high,priority,30.648373903547053,1,7,ERA5-Land Daily Aggregated,Maharashtra,ERA5-Land Temperature
2017-05-21,2017-05-28,21.0,2017,P125,17.56734651531964,74.31728219287884,Satara,high,priority,29.499831771850666,1,7,ERA5-Land Daily Aggregated,Maharashtra,ERA5-Land Temperature
2017-05-21,2017-05-28,21.0,2017,P126,17.205080227535593,74.13053949986157,Satara,high,priority,28.643828237624405,1,7,ERA5-Land Daily Aggregated,Maharashtra,ERA5-Land Temperature
2017-05-21,2017-05-28,21.0,2017,P127,17.65773249367299,74.31694330119876,Satara,high,priority,29.337175986880368,1,7,ERA5-Land Daily Aggregated,Maharashtra,ERA5-Land Temperature
2017-05-21,2017-05-28,21.0,2017,P128,18.019949731345452,74.5517328080669,Satara,high,priority,31.731556102207776,1,7,ERA5-Land Daily Aggregated,Maharashtra,ERA5-Land Temperature
2017-05-21,2017-05-28,21.0,2017,P129,18.063234225271252,74.03192648006461,Satara,high,priority,29.177868416195906,1,7,ERA5-Land Daily Aggregated,Maharashtra,ERA5-Land Temperature
2017-05-21,2017-05-28,21.0,2017,P130,17.61135784271715,74.03436560834085,Satara,high,priority,28.506574703398257,1,7,ERA5-Land Daily Aggregated,Maharashtra,ERA5-Land Temperature
2017-05-21,2017-05-28,21.0,2017,P131,17.612539504496315,74.3171127470388,Satara,high,priority,29.337175986880368,1,7,ERA5-Land Daily Aggregated,Maharashtra,ERA5-Land Temperature
2017-05-21,2017-05-28,21.0,2017,P132,17.702176353872684,74.12817617630324,Satara,high,priority,28.607776805332776,1,7,ERA5-Land Daily Aggregated,Maharashtra,ERA5-Land Temperature
2017-05-21,2017-05-28,21.0,2017,P133,17.25006363896275,74.08329532420031,Satara,high,priority,28.084653200422053,1,7,ERA5-Land Daily Aggregated,Maharashtra,ERA5-Land Temperature
2017-05-21,2017-05-28,21.0,2017,P134,17.476429903940936,74.17634784498362,Satara,high,priority,28.652024387178017,1,7,ERA5-Land Daily Aggregated,Maharashtra,ERA5-Land Temperature
2017-05-21,2017-05-28,21.0,2017,P135,17.882716437324603,74.0801070669471,Satara,high,priority,27.99812278747561,1,7,ERA5-Land Daily Aggregated,Maharashtra,ERA5-Land Temperature
2017-05-21,2017-05-28,21.0,2017,P136,17.928520323345598,74.22149178404871,Satara,high,priority,30.31429652259459,1,7,ERA5-Land Daily Aggregated,Maharashtra,ERA5-Land Temperature
2017-05-21,2017-05-28,21.0,2017,P137,17.746687100588183,73.98648378122894,Satara,high,priority,27.81113432021374,1,7,ERA5-Land Daily Aggregated,Maharashtra,ERA5-Land Temperature
2017-05-21,2017-05-28,21.0,2017,P138,17.61269557303319,74.36423652697161,Satara,high,priority,29.337175986880368,1,7,ERA5-Land Daily Aggregated,Maharashtra,ERA5-Land Temperature
2017-05-21,2017-05-28,21.0,2017,P139,17.656773786946495,74.08126197411994,Satara,high,priority,28.506574703398257,1,7,ERA5-Land Daily Aggregated,Maharashtra,ERA5-Land Temperature
2017-05-21,2017-05-28,21.0,2017,P140,17.97464080554139,74.50462240543725,Satara,high,priority,31.65214064461844,1,7,ERA5-Land Daily Aggregated,Maharashtra,ERA5-Land Temperature
2017-05-21,2017-05-28,21.0,2017,P141,17.430826677467348,74.08239904488856,Satara,high,priority,28.20460762750531,1,7,ERA5-Land Daily Aggregated,Maharashtra,ERA5-Land Temperature
2017-05-21,2017-05-28,21.0,2017,P142,18.064447100757786,74.31538707493111,Satara,high,priority,31.00041305905296,1,7,ERA5-Land Daily Aggregated,Maharashtra,ERA5-Land Temperature
2017-05-21,2017-05-28,21.0,2017,P143,17.70379500755509,74.6468275971327,Satara,high,priority,31.30634451366609,1,7,ERA5-Land Daily Aggregated,Maharashtra,ERA5-Land Temperature
2017-05-21,2017-05-28,21.0,2017,P144,17.929452275465767,74.50474726026674,Satara,high,priority,31.65214064461844,1,7,ERA5-Land Daily Aggregated,Maharashtra,ERA5-Land Temperature
2017-05-21,2017-05-28,21.0,2017,P145,17.47773196144854,74.60017202281048,Satara,high,priority,30.24469319298163,1,7,ERA5-Land Daily Aggregated,Maharashtra,ERA5-Land Temperature
2017-05-21,2017-05-28,21.0,2017,P146,17.839182233739812,74.55218763637436,Satara,high,priority,30.986066890898257,1,7,ERA5-Land Daily Aggregated,Maharashtra,ERA5-Land Temperature
2017-05-21,2017-05-28,21.0,2017,P001,19.940457800458272,74.57045211428928,Ahmednagar,normal,statewide,31.754110045660184,1,7,ERA5-Land Daily Aggregated,Maharashtra,ERA5-Land Temperature
2017-05-21,2017-05-28,21.0,2017,P002,18.946729294293643,74.76302285238339,Ahmednagar,normal,statewide,31.594581585838682,1,7,ERA5-Land Daily Aggregated,Maharashtra,ERA5-Land Temperature
2017-05-21,2017-05-28,21.0,2017,P003,18.49469238410162,74.66892244285252,Ahmednagar,normal,statewide,31.922462445213682,1,7,ERA5-Land Daily Aggregated,Maharashtra,ERA5-Land Temperature
2017-05-21,2017-05-28,21.0,2017,P004,19.03720445466806,75.1420731965326,Ahmednagar,normal,statewide,32.46943045116603,1,7,ERA5-Land Daily Aggregated,Maharashtra,ERA5-Land Temperature
2017-05-21,2017-05-28,21.0,2017,P005,20.832153156317954,77.06560453615967,Akola,normal,statewide,35.974010994320906,1,7,ERA5-Land Daily Aggregated,Maharashtra,ERA5-Land Temperature
2017-05-21,2017-05-28,21.0,2017,P006,20.834360411339407,76.87349308547405,Akola,normal,statewide,35.84254708063037,1,7,ERA5-Land Daily Aggregated,Maharashtra,ERA5-Land Temperature
2017-05-21,2017-05-28,21.0,2017,P007,21.014976299509232,76.87574047240498,Akola,normal,statewide,36.03267449878513,1,7,ERA5-Land Daily Aggregated,Maharashtra,ERA5-Land Temperature
2017-05-21,2017-05-28,21.0,2017,P008,20.828434266039377,77.35372489162701,Akola,normal,statewide,35.967907478695906,1,7,ERA5-Land Daily Aggregated,Maharashtra,ERA5-Land Temperature
2017-05-21,2017-05-28,21.0,2017,P009,21.360971327549258,77.94039543992572,Amravati,normal,statewide,35.23552048092796,1,7,ERA5-Land Daily Aggregated,Maharashtra,ERA5-Land Temperature
2017-05-21,2017-05-28,21.0,2017,P010,21.178803672212837,78.03301542790685,Amravati,normal,statewide,36.09336088271368,1,7,ERA5-Land Daily Aggregated,Maharashtra,ERA5-Land Temperature
2017-05-21,2017-05-28,21.0,2017,P011,20.814388097721018,78.21764450702477,Amravati,normal,statewide,36.843860789707776,1,7,ERA5-Land Daily Aggregated,Maharashtra,ERA5-Land Temperature
2017-05-21,2017-05-28,21.0,2017,P012,21.180502589714195,77.93681032267875,Amravati,normal,statewide,36.265735789707776,1,7,ERA5-Land Daily Aggregated,Maharashtra,ERA5-Land Temperature
2017-05-21,2017-05-28,21.0,2017,P013,20.031289688916964,74.8570519162974,Aurangabad,normal,statewide,32.331409617832776,1,7,ERA5-Land Daily Aggregated,Maharashtra,ERA5-Land Temperature
2017-05-21,2017-05-28,21.0,2017,P014,19.760185263069562,75.14270192978114,Aurangabad,normal,statewide,33.25092459179109,1,7,ERA5-Land Daily Aggregated,Maharashtra,ERA5-Land Temperature
2017-05-21,2017-05-28,21.0,2017,P015,19.9408189876436,74.76157364454102,Aurangabad,normal,statewide,32.30706530979705,1,7,ERA5-Land Daily Aggregated,Maharashtra,ERA5-Land Temperature
2017-05-21,2017-05-28,21.0,2017,P016,19.66981712112043,75.14262166596218,Aurangabad,normal,statewide,33.23184674580898,1,7,ERA5-Land Daily Aggregated,Maharashtra,ERA5-Land Temperature
2017-05-21,2017-05-28,21.0,2017,P017,21.04613203856966,79.85576216552393,Bhandara,normal,statewide,37.65852317810061,1,7,ERA5-Land Daily Aggregated,Maharashtra,ERA5-Land Temperature
2017-05-21,2017-05-28,21.0,2017,P018,21.31897105472685,79.76852877161537,Bhandara,normal,statewide,37.81521495637446,1,7,ERA5-Land Daily Aggregated,Maharashtra,ERA5-Land Temperature
2017-05-21,2017-05-28,21.0,2017,P019,21.40900922319803,79.77144948280537,Bhandara,normal,statewide,37.48527634030296,1,7,ERA5-Land Daily Aggregated,Maharashtra,ERA5-Land Temperature
2017-05-21,2017-05-28,21.0,2017,P020,21.144196588937042,79.57074980349083,Bhandara,normal,statewide,37.831502623785184,1,7,ERA5-Land Daily Aggregated,Maharashtra,ERA5-Land Temperature
2017-05-21,2017-05-28,21.0,2017,P021,18.67502288980403,75.52108340877234,Bid,normal,statewide,32.71012985592796,1,7,ERA5-Land Daily Aggregated,Maharashtra,ERA5-Land Temperature
2017-05-21,2017-05-28,21.0,2017,P022,18.856499384477168,75.04699178476999,Bid,normal,statewide,32.65596551441013,1,7,ERA5-Land Daily Aggregated,Maharashtra,ERA5-Land Temperature
2017-05-21,2017-05-28,21.0,2017,P023,19.126596053486494,75.6175605191647,Bid,normal,statewide,34.11891426813037,1,7,ERA5-Land Daily Aggregated,Maharashtra,ERA5-Land Temperature
2017-05-21,2017-05-28,21.0,2017,P024,18.763955201213946,75.90084720909012,Bid,normal,statewide,33.1263082413447,1,7,ERA5-Land Daily Aggregated,Maharashtra,ERA5-Land Temperature
2017-05-21,2017-05-28,21.0,2017,P025,20.93073496240753,76.20164478885242,Buldana,normal,statewide,35.03762706574946,1,7,ERA5-Land Daily Aggregated,Maharashtra,ERA5-Land Temperature
2017-05-21,2017-05-28,21.0,2017,P026,20.838939908121294,76.39311412898633,Buldana,normal,statewide,35.45360781351724,1,7,ERA5-Land Daily Aggregated,Maharashtra,ERA5-Land Temperature
2017-05-21,2017-05-28,21.0,2017,P027,20.657476790751314,76.48742857536776,Buldana,normal,statewide,35.201875577654164,1,7,ERA5-Land Daily Aggregated,Maharashtra,ERA5-Land Temperature
2017-05-21,2017-05-28,21.0,2017,P028,20.47967013624516,76.10222021266374,Buldana,normal,statewide,33.490775317237535,1,7,ERA5-Land Daily Aggregated,Maharashtra,ERA5-Land Temperature
2017-05-21,2017-05-28,21.0,2017,P029,20.32317798477448,79.92829390325927,Chandrapur,normal,statewide,37.582793081374405,1,7,ERA5-Land Daily Aggregated,Maharashtra,ERA5-Land Temperature
2017-05-21,2017-05-28,21.0,2017,P030,20.60872097983294,79.36304041732026,Chandrapur,normal,statewide,37.97375522795181,1,7,ERA5-Land Daily Aggregated,Maharashtra,ERA5-Land Temperature
2017-05-21,2017-05-28,21.0,2017,P031,20.511160307884595,79.64732594588165,Chandrapur,normal,statewide,38.06695881798163,1,7,ERA5-Land Daily Aggregated,Maharashtra,ERA5-Land Temperature
2017-05-21,2017-05-28,21.0,2017,P032,20.598621115946884,79.74569817422172,Chandrapur,normal,statewide,38.12623848688031,1,7,ERA5-Land Daily Aggregated,Maharashtra,ERA5-Land Temperature
2017-05-21,2017-05-28,21.0,2017,P033,21.38667804512237,75.14422248324037,Dhule,normal,statewide,33.26807256426133,1,7,ERA5-Land Daily Aggregated,Maharashtra,ERA5-Land Temperature
2017-05-21,2017-05-28,21.0,2017,P034,21.025151968113196,74.75989256344387,Dhule,normal,statewide,33.945097768874405,1,7,ERA5-Land Daily Aggregated,Maharashtra,ERA5-Land Temperature
2017-05-21,2017-05-28,21.0,2017,P035,21.477028350667293,74.85568743137505,Dhule,normal,statewide,32.79119616917211,1,7,ERA5-Land Daily Aggregated,Maharashtra,ERA5-Land Temperature
2017-05-21,2017-05-28,21.0,2017,P036,20.933820660336515,74.37533522949364,Dhule,normal,statewide,32.309436961582776,1,7,ERA5-Land Daily Aggregated,Maharashtra,ERA5-Land Temperature
2017-05-21,2017-05-28,21.0,2017,P037,19.963056524597132,79.91698116388667,Garhchiroli,normal,statewide,37.58318835667205,1,7,ERA5-Land Daily Aggregated,Maharashtra,ERA5-Land Temperature
2017-05-21,2017-05-28,21.0,2017,P038,19.062661462582188,79.88977172925856,Garhchiroli,normal,statewide,37.109590421404164,1,7,ERA5-Land Daily Aggregated,Maharashtra,ERA5-Land Temperature
2017-05-21,2017-05-28,21.0,2017,P039,19.510270485428137,79.9981368030594,Garhchiroli,normal,statewide,37.77869849432085,1,7,ERA5-Land Daily Aggregated,Maharashtra,ERA5-Land Temperature
2017-05-21,2017-05-28,21.0,2017,P040,19.870365190999156,80.00935144220881,Garhchiroli,normal,statewide,37.32086506798163,1,7,ERA5-Land Daily Aggregated,Maharashtra,ERA5-Land Temperature
2017-05-21,2017-05-28,21.0,2017,P041,21.127639946725598,80.1465044724107,Gondiya,normal,statewide,37.26480573018398,1,7,ERA5-Land Daily Aggregated,Maharashtra,ERA5-Land Temperature
2017-05-21,2017-05-28,21.0,2017,P042,21.397598383602258,80.15591763473452,Gondiya,normal,statewide,36.75931837899344,1,7,ERA5-Land Daily Aggregated,Maharashtra,ERA5-Land Temperature
2017-05-21,2017-05-28,21.0,2017,P043,21.574548890706154,80.25847249986273,Gondiya,normal,statewide,36.37452950250537,1,7,ERA5-Land Daily Aggregated,Maharashtra,ERA5-Land Temperature
2017-05-21,2017-05-28,21.0,2017,P044,21.211649410572516,80.34153217518526,Gondiya,normal,statewide,36.823945890154164,1,7,ERA5-Land Daily Aggregated,Maharashtra,ERA5-Land Temperature
2017-05-21,2017-05-28,21.0,2017,P045,19.655900266732623,77.2407892392464,Hingoli,normal,statewide,35.813203702654164,1,7,ERA5-Land Daily Aggregated,Maharashtra,ERA5-Land Temperature
2017-05-21,2017-05-28,21.0,2017,P046,19.566758377573187,77.1442675378435,Hingoli,normal,statewide,35.735811124529164,1,7,ERA5-Land Daily Aggregated,Maharashtra,ERA5-Land Temperature
2017-05-21,2017-05-28,21.0,2017,P047,19.47860194974656,76.9526242927685,Hingoli,normal,statewide,35.934320704142294,1,7,ERA5-Land Daily Aggregated,Maharashtra,ERA5-Land Temperature
2017-05-21,2017-05-28,21.0,2017,P048,19.927981235710728,77.14910120338544,Hingoli,normal,statewide,35.2757223038447,1,7,ERA5-Land Daily Aggregated,Maharashtra,ERA5-Land Temperature
2017-05-21,2017-05-28,21.0,2017,P049,21.292738163229433,76.10816865346904,Jalgaon,normal,statewide,35.63798048836844,1,7,ERA5-Land Daily Aggregated,Maharashtra,ERA5-Land Temperature
2017-05-21,2017-05-28,21.0,2017,P050,21.386178625804387,75.43363151891216,Jalgaon,normal,statewide,32.29168445042205,1,7,ERA5-Land Daily Aggregated,Maharashtra,ERA5-Land Temperature
2017-05-21,2017-05-28,21.0,2017,P051,21.112064306745907,76.10682200495089,Jalgaon,normal,statewide,35.10499825250531,1,7,ERA5-Land Daily Aggregated,Maharashtra,ERA5-Land Temperature
2017-05-21,2017-05-28,21.0,2017,P052,20.844437979720194,75.23982115072519,Jalgaon,normal,statewide,34.701550056820906,1,7,ERA5-Land Daily Aggregated,Maharashtra,ERA5-Land Temperature
2017-05-21,2017-05-28,21.0,2017,P053,19.486369703781666,76.00005328932718,Jalna,normal,statewide,34.916126414707776,1,7,ERA5-Land Daily Aggregated,Maharashtra,ERA5-Land Temperature
2017-05-21,2017-05-28,21.0,2017,P054,20.028502750758555,76.00343774702675,Jalna,normal,statewide,34.28788283211844,1,7,ERA5-Land Daily Aggregated,Maharashtra,ERA5-Land Temperature
2017-05-21,2017-05-28,21.0,2017,P055,19.75743845682064,76.00172991132328,Jalna,normal,statewide,34.891561217535184,1,7,ERA5-Land Daily Aggregated,Maharashtra,ERA5-Land Temperature
2017-05-21,2017-05-28,21.0,2017,P056,19.57768317515413,75.80993951591351,Jalna,normal,statewide,34.72224388122561,1,7,ERA5-Land Daily Aggregated,Maharashtra,ERA5-Land Temperature
2017-05-21,2017-05-28,21.0,2017,P057,16.776377793156257,74.29671235971928,Kolhapur,normal,statewide,28.767840049380368,1,7,ERA5-Land Daily Aggregated,Maharashtra,ERA5-Land Temperature
2017-05-21,2017-05-28,21.0,2017,P058,16.324416687682138,74.29834884980589,Kolhapur,normal,statewide,28.24307721455898,1,7,ERA5-Land Daily Aggregated,Maharashtra,ERA5-Land Temperature
2017-05-21,2017-05-28,21.0,2017,P059,16.595891218916975,74.39111598812178,Kolhapur,normal,statewide,29.02866361708874,1,7,ERA5-Land Daily Aggregated,Maharashtra,ERA5-Land Temperature
2017-05-21,2017-05-28,21.0,2017,P060,16.414811584237594,74.29802779453004,Kolhapur,normal,statewide,28.516270573933923,1,7,ERA5-Land Daily Aggregated,Maharashtra,ERA5-Land Temperature
2017-05-21,2017-05-28,21.0,2017,P086,21.054127206758487,79.56798961993874,Nagpur,normal,statewide,37.80414724804109,1,7,ERA5-Land Daily Aggregated,Maharashtra,ERA5-Land Temperature
2017-05-21,2017-05-28,21.0,2017,P087,21.146765031143822,79.47473643960802,Nagpur,normal,statewide,37.71997686113633,1,7,ERA5-Land Daily Aggregated,Maharashtra,ERA5-Land Temperature
2017-05-21,2017-05-28,21.0,2017,P088,21.347803602138427,78.61442869606356,Nagpur,normal,statewide,35.78566231500531,1,7,ERA5-Land Daily Aggregated,Maharashtra,ERA5-Land Temperature
2017-05-21,2017-05-28,21.0,2017,P089,21.165377318940912,78.70615240473293,Nagpur,normal,statewide,36.49796002705898,1,7,ERA5-Land Daily Aggregated,Maharashtra,ERA5-Land Temperature
2017-05-21,2017-05-28,21.0,2017,P090,19.201968238592887,77.42470040309472,Nanded,normal,statewide,35.79738106500537,1,7,ERA5-Land Daily Aggregated,Maharashtra,ERA5-Land Temperature
2017-05-21,2017-05-28,21.0,2017,P091,18.566038000956755,77.69963965584807,Nanded,normal,statewide,35.778465979439886,1,7,ERA5-Land Daily Aggregated,Maharashtra,ERA5-Land Temperature
2017-05-21,2017-05-28,21.0,2017,P092,19.736596618496833,77.90946265591798,Nanded,normal,statewide,36.51602643330892,1,7,ERA5-Land Daily Aggregated,Maharashtra,ERA5-Land Temperature
2017-05-21,2017-05-28,21.0,2017,P093,18.93564842817583,77.04115528508362,Nanded,normal,statewide,35.93643658955898,1,7,ERA5-Land Daily Aggregated,Maharashtra,ERA5-Land Temperature
2017-05-21,2017-05-28,21.0,2017,P094,21.564917232430716,74.08292967791392,Nandurbar,normal,statewide,31.452607999529164,1,7,ERA5-Land Daily Aggregated,Maharashtra,ERA5-Land Temperature
2017-05-21,2017-05-28,21.0,2017,P095,21.5662594218478,74.37266422796263,Nandurbar,normal,statewide,32.970999926612535,1,7,ERA5-Land Daily Aggregated,Maharashtra,ERA5-Land Temperature
2017-05-21,2017-05-28,21.0,2017,P096,21.385179787168415,74.27697637845674,Nandurbar,normal,statewide,31.955130785987535,1,7,ERA5-Land Daily Aggregated,Maharashtra,ERA5-Land Temperature
2017-05-21,2017-05-28,21.0,2017,P097,21.565421110849755,74.17950488852946,Nandurbar,normal,statewide,32.00052931649344,1,7,ERA5-Land Daily Aggregated,Maharashtra,ERA5-Land Temperature
2017-05-21,2017-05-28,21.0,2017,P098,20.299553667393326,73.99482675929994,Nashik,normal,statewide,28.68220481872561,1,7,ERA5-Land Daily Aggregated,Maharashtra,ERA5-Land Temperature
2017-05-21,2017-05-28,21.0,2017,P099,20.120253214034264,74.28296495117151,Nashik,normal,statewide,30.670532571701813,1,7,ERA5-Land Daily Aggregated,Maharashtra,ERA5-Land Temperature
2017-05-21,2017-05-28,21.0,2017,P100,20.389903972938242,73.99424261706194,Nashik,normal,statewide,28.460048475719702,1,7,ERA5-Land Daily Aggregated,Maharashtra,ERA5-Land Temperature
2017-05-21,2017-05-28,21.0,2017,P101,20.029015547379707,74.09216447619562,Nashik,normal,statewide,29.998227419172053,1,7,ERA5-Land Daily Aggregated,Maharashtra,ERA5-Land Temperature
2017-05-21,2017-05-28,21.0,2017,P102,17.85749130266526,76.36802722645965,Osmanabad,normal,statewide,33.74621616545181,1,7,ERA5-Land Daily Aggregated,Maharashtra,ERA5-Land Temperature
2017-05-21,2017-05-28,21.0,2017,P103,17.76644983645705,76.46164605307673,Osmanabad,normal,statewide,33.961641202654164,1,7,ERA5-Land Daily Aggregated,Maharashtra,ERA5-Land Temperature
2017-05-21,2017-05-28,21.0,2017,P104,17.949094615606196,76.17989775301476,Osmanabad,normal,statewide,33.73113757542205,1,7,ERA5-Land Daily Aggregated,Maharashtra,ERA5-Land Temperature
2017-05-21,2017-05-28,21.0,2017,P105,18.584360447185368,75.61558067829696,Osmanabad,normal,statewide,32.957630320957776,1,7,ERA5-Land Daily Aggregated,Maharashtra,ERA5-Land Temperature
2017-05-21,2017-05-28,21.0,2017,P106,19.031389786894366,76.47235681380711,Parbhani,normal,statewide,35.46360595339826,1,7,ERA5-Land Daily Aggregated,Maharashtra,ERA5-Land Temperature
2017-05-21,2017-05-28,21.0,2017,P107,19.120950831552832,76.56820519095093,Parbhani,normal,statewide,35.45318928673163,1,7,ERA5-Land Daily Aggregated,Maharashtra,ERA5-Land Temperature
2017-05-21,2017-05-28,21.0,2017,P108,19.208625676465683,76.85432786914635,Parbhani,normal,statewide,36.00888822646374,1,7,ERA5-Land Daily Aggregated,Maharashtra,ERA5-Land Temperature
2017-05-21,2017-05-28,21.0,2017,P109,19.212081479782103,76.47396209018636,Parbhani,normal,statewide,35.438936124529164,1,7,ERA5-Land Daily Aggregated,Maharashtra,ERA5-Land Temperature
2017-05-21,2017-05-28,21.0,2017,P110,18.133442771357757,75.04679558432363,Pune,normal,statewide,31.660906455630368,1,7,ERA5-Land Daily Aggregated,Maharashtra,ERA5-Land Temperature
2017-05-21,2017-05-28,21.0,2017,P111,18.584645829652782,74.47919215212944,Pune,normal,statewide,31.29326555161248,1,7,ERA5-Land Daily Aggregated,Maharashtra,ERA5-Land Temperature
2017-05-21,2017-05-28,21.0,2017,P112,18.132979024848197,74.57507620208169,Pune,normal,statewide,31.39776936485663,1,7,ERA5-Land Daily Aggregated,Maharashtra,ERA5-Land Temperature
2017-05-21,2017-05-28,21.0,2017,P113,18.314072036830744,74.76389683618987,Pune,normal,statewide,32.265352140154164,1,7,ERA5-Land Daily Aggregated,Maharashtra,ERA5-Land Temperature
2017-05-21,2017-05-28,21.0,2017,P114,18.48503397121986,73.0589238755964,Raigarh,normal,statewide,29.183704539707833,1,7,ERA5-Land Daily Aggregated,Maharashtra,ERA5-Land Temperature
2017-05-21,2017-05-28,21.0,2017,P115,18.665689991299164,73.05687714821288,Raigarh,normal,statewide,29.36221783955898,1,7,ERA5-Land Daily Aggregated,Maharashtra,ERA5-Land Temperature
2017-05-21,2017-05-28,21.0,2017,P116,18.306197264370358,73.25009891506079,Raigarh,normal,statewide,28.791951842535127,1,7,ERA5-Land Daily Aggregated,Maharashtra,ERA5-Land Temperature
2017-05-21,2017-05-28,21.0,2017,P117,18.21404102289879,73.06194714611064,Raigarh,normal,statewide,29.490845071701756,1,7,ERA5-Land Daily Aggregated,Maharashtra,ERA5-Land Temperature
2017-05-21,2017-05-28,21.0,2017,P118,17.138719885658215,75.42259970290594,Sangli,normal,statewide,33.74367012750537,1,7,ERA5-Land Daily Aggregated,Maharashtra,ERA5-Land Temperature
2017-05-21,2017-05-28,21.0,2017,P119,17.048761981005992,74.95348443567921,Sangli,normal,statewide,31.335780897594702,1,7,ERA5-Land Daily Aggregated,Maharashtra,ERA5-Land Temperature
2017-05-21,2017-05-28,21.0,2017,P120,16.86707144948229,74.39025538161847,Sangli,normal,statewide,29.27490850176133,1,7,ERA5-Land Daily Aggregated,Maharashtra,ERA5-Land Temperature
2017-05-21,2017-05-28,21.0,2017,P121,17.048503353144895,74.67157114887826,Sangli,normal,statewide,30.21736106872561,1,7,ERA5-Land Daily Aggregated,Maharashtra,ERA5-Land Temperature
2017-05-21,2017-05-28,21.0,2017,P148,17.67852974098626,76.08383979812143,Solapur,normal,statewide,34.703096280779164,1,7,ERA5-Land Daily Aggregated,Maharashtra,ERA5-Land Temperature
2017-05-21,2017-05-28,21.0,2017,P149,18.223365003201543,75.4251413905064,Solapur,normal,statewide,33.830223791939886,1,7,ERA5-Land Daily Aggregated,Maharashtra,ERA5-Land Temperature
2017-05-21,2017-05-28,21.0,2017,P150,17.952532582518405,75.23562067753285,Solapur,normal,statewide,33.29509079342802,1,7,ERA5-Land Daily Aggregated,Maharashtra,ERA5-Land Temperature
2017-05-21,2017-05-28,21.0,2017,P151,18.223690517578447,75.23598186471818,Solapur,normal,statewide,33.28856875101724,1,7,ERA5-Land Daily Aggregated,Maharashtra,ERA5-Land Temperature
2017-05-21,2017-05-28,21.0,2017,P152,19.658178867370932,72.94986318203122,Thane,normal,statewide,30.445551172892237,1,7,ERA5-Land Daily Aggregated,Maharashtra,ERA5-Land Temperature
2017-05-21,2017-05-28,21.0,2017,P153,19.65706409210757,72.8545320606096,Thane,normal,statewide,30.190517225719702,1,7,ERA5-Land Daily Aggregated,Maharashtra,ERA5-Land Temperature
2017-05-21,2017-05-28,21.0,2017,P154,19.477549601897948,72.95214624177059,Thane,normal,statewide,30.472476396106515,1,7,ERA5-Land Daily Aggregated,Maharashtra,ERA5-Land Temperature
2017-05-21,2017-05-28,21.0,2017,P155,19.83987385799569,73.0429959666335,Thane,normal,statewide,30.070260529291033,1,7,ERA5-Land Daily Aggregated,Maharashtra,ERA5-Land Temperature
2017-05-21,2017-05-28,21.0,2017,P156,20.806749657616468,78.60135461177485,Wardha,normal,statewide,37.12699416024344,1,7,ERA5-Land Daily Aggregated,Maharashtra,ERA5-Land Temperature
2017-05-21,2017-05-28,21.0,2017,P157,20.71031267913359,78.88671032458906,Wardha,normal,statewide,37.71882591247561,1,7,ERA5-Land Daily Aggregated,Maharashtra,ERA5-Land Temperature
2017-05-21,2017-05-28,21.0,2017,P158,21.081265295769754,78.41565980750515,Wardha,normal,statewide,35.91448718479705,1,7,ERA5-Land Daily Aggregated,Maharashtra,ERA5-Land Temperature
2017-05-21,2017-05-28,21.0,2017,P159,20.439854822938944,78.87986114537097,Wardha,normal,statewide,37.91641705830892,1,7,ERA5-Land Daily Aggregated,Maharashtra,ERA5-Land Temperature
2017-05-21,2017-05-28,21.0,2017,P160,20.289186257444058,77.15404188735265,Washim,normal,statewide,35.11003219967796,1,7,ERA5-Land Daily Aggregated,Maharashtra,ERA5-Land Temperature
2017-05-21,2017-05-28,21.0,2017,P161,20.464607292886615,77.53975858757677,Washim,normal,statewide,35.852835864112535,1,7,ERA5-Land Daily Aggregated,Maharashtra,ERA5-Land Temperature
2017-05-21,2017-05-28,21.0,2017,P162,20.107393166596125,77.2471479173486,Washim,normal,statewide,35.077119718279164,1,7,ERA5-Land Daily Aggregated,Maharashtra,ERA5-Land Temperature
2017-05-21,2017-05-28,21.0,2017,P163,20.198885002010726,77.1527933390577,Washim,normal,statewide,34.90936023167205,1,7,ERA5-Land Daily Aggregated,Maharashtra,ERA5-Land Temperature
2017-05-21,2017-05-28,21.0,2017,P164,20.182854533723592,78.20447678161395,Yavatmal,normal,statewide,37.238147899082776,1,7,ERA5-Land Daily Aggregated,Maharashtra,ERA5-Land Temperature
2017-05-21,2017-05-28,21.0,2017,P165,19.894658373538324,79.05709703494229,Yavatmal,normal,statewide,37.7253247033982,1,7,ERA5-Land Daily Aggregated,Maharashtra,ERA5-Land Temperature
2017-05-21,2017-05-28,21.0,2017,P166,19.468787468327925,77.71426550730338,Yavatmal,normal,statewide,36.16180163792205,1,7,ERA5-Land Daily Aggregated,Maharashtra,ERA5-Land Temperature
2017-05-21,2017-05-28,21.0,2017,P167,19.559057510053886,77.71577268345945,Yavatmal,normal,statewide,36.003726396106515,1,7,ERA5-Land Daily Aggregated,Maharashtra,ERA5-Land Temperature
2017-05-28,2017-06-04,22.0,2017,P147,17.927231643141155,73.94769852026607,Satara,case_study,case_study,26.1474801744734,1,7,ERA5-Land Daily Aggregated,Maharashtra,ERA5-Land Temperature
2017-05-28,2017-06-04,22.0,2017,P061,18.507855650411397,76.91766048140843,Latur,high,priority,32.22712814694364,1,7,ERA5-Land Daily Aggregated,Maharashtra,ERA5-Land Temperature
2017-05-28,2017-06-04,22.0,2017,P062,18.422405896924207,76.3487594508077,Latur,high,priority,31.163151677449548,1,7,ERA5-Land Daily Aggregated,Maharashtra,ERA5-Land Temperature
2017-05-28,2017-06-04,22.0,2017,P063,18.235391198742693,77.05646783810116,Latur,high,priority,31.671057183401956,1,7,ERA5-Land Daily Aggregated,Maharashtra,ERA5-Land Temperature
2017-05-28,2017-06-04,22.0,2017,P064,18.193056493341274,76.77240080549139,Latur,high,priority,31.230860010782862,1,7,ERA5-Land Daily Aggregated,Maharashtra,ERA5-Land Temperature
2017-05-28,2017-06-04,22.0,2017,P065,18.331355512513895,76.44266811899327,Latur,high,priority,31.102197901407862,1,7,ERA5-Land Daily Aggregated,Maharashtra,ERA5-Land Temperature
2017-05-28,2017-06-04,22.0,2017,P066,18.104739537876725,76.5352970251765,Latur,high,priority,30.838932927449605,1,7,ERA5-Land Daily Aggregated,Maharashtra,ERA5-Land Temperature
2017-05-28,2017-06-04,22.0,2017,P067,18.280552974211986,77.0569984711265,Latur,high,priority,31.671057183401956,1,7,ERA5-Land Daily Aggregated,Maharashtra,ERA5-Land Temperature
2017-05-28,2017-06-04,22.0,2017,P068,18.101823285787773,76.86595720469373,Latur,high,priority,31.447052347092438,1,7,ERA5-Land Daily Aggregated,Maharashtra,ERA5-Land Temperature
2017-05-28,2017-06-04,22.0,2017,P069,18.595075667016793,77.20284228928156,Latur,high,priority,33.19894734337214,1,7,ERA5-Land Daily Aggregated,Maharashtra,ERA5-Land Temperature
2017-05-28,2017-06-04,22.0,2017,P070,18.41499041187233,77.15322587185987,Latur,high,priority,32.783117730276956,1,7,ERA5-Land Daily Aggregated,Maharashtra,ERA5-Land Temperature
2017-05-28,2017-06-04,22.0,2017,P071,18.149138807065885,76.63019561379593,Latur,high,priority,31.004553277151956,1,7,ERA5-Land Daily Aggregated,Maharashtra,ERA5-Land Temperature
2017-05-28,2017-06-04,22.0,2017,P072,18.283393421583035,76.77331492120734,Latur,high,priority,31.37193841480081,1,7,ERA5-Land Daily Aggregated,Maharashtra,ERA5-Land Temperature
2017-05-28,2017-06-04,22.0,2017,P073,17.966315663874607,76.86453029235662,Latur,high,priority,31.319738824026956,1,7,ERA5-Land Daily Aggregated,Maharashtra,ERA5-Land Temperature
2017-05-28,2017-06-04,22.0,2017,P074,18.50832831512306,76.870318205524,Latur,high,priority,32.02743274143768,1,7,ERA5-Land Daily Aggregated,Maharashtra,ERA5-Land Temperature
2017-05-28,2017-06-04,22.0,2017,P075,18.41444640154381,77.20053247493588,Latur,high,priority,33.083503704979364,1,7,ERA5-Land Daily Aggregated,Maharashtra,ERA5-Land Temperature
2017-05-28,2017-06-04,22.0,2017,P076,18.377877313804504,76.25376722106614,Latur,high,priority,30.70691097804479,1,7,ERA5-Land Daily Aggregated,Maharashtra,ERA5-Land Temperature
2017-05-28,2017-06-04,22.0,2017,P077,18.059564385104267,76.5349046242838,Latur,high,priority,30.88885387239003,1,7,ERA5-Land Daily Aggregated,Maharashtra,ERA5-Land Temperature
2017-05-28,2017-06-04,22.0,2017,P078,18.1008824154655,76.96042326051098,Latur,high,priority,31.623821785336474,1,7,ERA5-Land Daily Aggregated,Maharashtra,ERA5-Land Temperature
2017-05-28,2017-06-04,22.0,2017,P079,18.73508698099394,76.77797468180819,Latur,high,priority,32.39010945274714,1,7,ERA5-Land Daily Aggregated,Maharashtra,ERA5-Land Temperature
2017-05-28,2017-06-04,22.0,2017,P080,18.46791548227568,76.3017694439065,Latur,high,priority,31.163151677449548,1,7,ERA5-Land Daily Aggregated,Maharashtra,ERA5-Land Temperature
2017-05-28,2017-06-04,22.0,2017,P081,18.10355787609756,76.67701617485712,Latur,high,priority,31.004553277151956,1,7,ERA5-Land Daily Aggregated,Maharashtra,ERA5-Land Temperature
2017-05-28,2017-06-04,22.0,2017,P082,18.23907887531389,76.67830931416262,Latur,high,priority,31.19051867893768,1,7,ERA5-Land Daily Aggregated,Maharashtra,ERA5-Land Temperature
2017-05-28,2017-06-04,22.0,2017,P083,18.369289085175563,77.19996171000103,Latur,high,priority,32.34242065066388,1,7,ERA5-Land Daily Aggregated,Maharashtra,ERA5-Land Temperature
2017-05-28,2017-06-04,22.0,2017,P084,18.46362582706226,76.82249880582684,Latur,high,priority,31.657641074770936,1,7,ERA5-Land Daily Aggregated,Maharashtra,ERA5-Land Temperature
2017-05-28,2017-06-04,22.0,2017,P085,18.14788579966987,76.77194597718393,Latur,high,priority,31.230860010782862,1,7,ERA5-Land Daily Aggregated,Maharashtra,ERA5-Land Temperature
2017-05-28,2017-06-04,22.0,2017,P122,17.88145897082753,73.8441448165019,Satara,high,priority,25.6279489244734,1,7,ERA5-Land Daily Aggregated,Maharashtra,ERA5-Land Temperature
2017-05-28,2017-06-04,22.0,2017,P123,17.386414030975025,74.27088970551878,Satara,high,priority,26.878704597836474,1,7,ERA5-Land Daily Aggregated,Maharashtra,ERA5-Land Temperature
2017-05-28,2017-06-04,22.0,2017,P124,17.43262815429294,74.647353771057,Satara,high,priority,27.870740963163882,1,7,ERA5-Land Daily Aggregated,Maharashtra,ERA5-Land Temperature
2017-05-28,2017-06-04,22.0,2017,P125,17.56734651531964,74.31728219287884,Satara,high,priority,27.01858555021738,1,7,ERA5-Land Daily Aggregated,Maharashtra,ERA5-Land Temperature
2017-05-28,2017-06-04,22.0,2017,P126,17.205080227535593,74.13053949986157,Satara,high,priority,26.883296766735214,1,7,ERA5-Land Daily Aggregated,Maharashtra,ERA5-Land Temperature
2017-05-28,2017-06-04,22.0,2017,P127,17.65773249367299,74.31694330119876,Satara,high,priority,26.95857345944364,1,7,ERA5-Land Daily Aggregated,Maharashtra,ERA5-Land Temperature
2017-05-28,2017-06-04,22.0,2017,P128,18.019949731345452,74.5517328080669,Satara,high,priority,29.65389758518768,1,7,ERA5-Land Daily Aggregated,Maharashtra,ERA5-Land Temperature
2017-05-28,2017-06-04,22.0,2017,P129,18.063234225271252,74.03192648006461,Satara,high,priority,27.401351547241234,1,7,ERA5-Land Daily Aggregated,Maharashtra,ERA5-Land Temperature
2017-05-28,2017-06-04,22.0,2017,P130,17.61135784271715,74.03436560834085,Satara,high,priority,26.646073459443585,1,7,ERA5-Land Daily Aggregated,Maharashtra,ERA5-Land Temperature
2017-05-28,2017-06-04,22.0,2017,P131,17.612539504496315,74.3171127470388,Satara,high,priority,26.95857345944364,1,7,ERA5-Land Daily Aggregated,Maharashtra,ERA5-Land Temperature
2017-05-28,2017-06-04,22.0,2017,P132,17.702176353872684,74.12817617630324,Satara,high,priority,26.627635029384066,1,7,ERA5-Land Daily Aggregated,Maharashtra,ERA5-Land Temperature
2017-05-28,2017-06-04,22.0,2017,P133,17.25006363896275,74.08329532420031,Satara,high,priority,26.470129449026956,1,7,ERA5-Land Daily Aggregated,Maharashtra,ERA5-Land Temperature
2017-05-28,2017-06-04,22.0,2017,P134,17.476429903940936,74.17634784498362,Satara,high,priority,26.665976733253103,1,7,ERA5-Land Daily Aggregated,Maharashtra,ERA5-Land Temperature
2017-05-28,2017-06-04,22.0,2017,P135,17.882716437324603,74.0801070669471,Satara,high,priority,26.191053463163882,1,7,ERA5-Land Daily Aggregated,Maharashtra,ERA5-Land Temperature
2017-05-28,2017-06-04,22.0,2017,P136,17.928520323345598,74.22149178404871,Satara,high,priority,28.264644422985327,1,7,ERA5-Land Daily Aggregated,Maharashtra,ERA5-Land Temperature
2017-05-28,2017-06-04,22.0,2017,P137,17.746687100588183,73.98648378122894,Satara,high,priority,26.117020725068585,1,7,ERA5-Land Daily Aggregated,Maharashtra,ERA5-Land Temperature
2017-05-28,2017-06-04,22.0,2017,P138,17.61269557303319,74.36423652697161,Satara,high,priority,26.95857345944364,1,7,ERA5-Land Daily Aggregated,Maharashtra,ERA5-Land Temperature
2017-05-28,2017-06-04,22.0,2017,P139,17.656773786946495,74.08126197411994,Satara,high,priority,26.646073459443585,1,7,ERA5-Land Daily Aggregated,Maharashtra,ERA5-Land Temperature
2017-05-28,2017-06-04,22.0,2017,P140,17.97464080554139,74.50462240543725,Satara,high,priority,29.400014586675752,1,7,ERA5-Land Daily Aggregated,Maharashtra,ERA5-Land Temperature
2017-05-28,2017-06-04,22.0,2017,P141,17.430826677467348,74.08239904488856,Satara,high,priority,26.470385215395936,1,7,ERA5-Land Daily Aggregated,Maharashtra,ERA5-Land Temperature
2017-05-28,2017-06-04,22.0,2017,P142,18.064447100757786,74.31538707493111,Satara,high,priority,28.96128225780666,1,7,ERA5-Land Daily Aggregated,Maharashtra,ERA5-Land Temperature
2017-05-28,2017-06-04,22.0,2017,P143,17.70379500755509,74.6468275971327,Satara,high,priority,28.759110568818585,1,7,ERA5-Land Daily Aggregated,Maharashtra,ERA5-Land Temperature
2017-05-28,2017-06-04,22.0,2017,P144,17.929452275465767,74.50474726026674,Satara,high,priority,29.400014586675752,1,7,ERA5-Land Daily Aggregated,Maharashtra,ERA5-Land Temperature
2017-05-28,2017-06-04,22.0,2017,P145,17.47773196144854,74.60017202281048,Satara,high,priority,27.537279746645993,1,7,ERA5-Land Daily Aggregated,Maharashtra,ERA5-Land Temperature
2017-05-28,2017-06-04,22.0,2017,P146,17.839182233739812,74.55218763637436,Satara,high,priority,28.5361520494734,1,7,ERA5-Land Daily Aggregated,Maharashtra,ERA5-Land Temperature
2017-05-28,2017-06-04,22.0,2017,P001,19.940457800458272,74.57045211428928,Ahmednagar,normal,statewide,29.53105997358051,1,7,ERA5-Land Daily Aggregated,Maharashtra,ERA5-Land Temperature
2017-05-28,2017-06-04,22.0,2017,P002,18.946729294293643,74.76302285238339,Ahmednagar,normal,statewide,29.217281141735327,1,7,ERA5-Land Daily Aggregated,Maharashtra,ERA5-Land Temperature
2017-05-28,2017-06-04,22.0,2017,P003,18.49469238410162,74.66892244285252,Ahmednagar,normal,statewide,29.916988172985214,1,7,ERA5-Land Daily Aggregated,Maharashtra,ERA5-Land Temperature
2017-05-28,2017-06-04,22.0,2017,P004,19.03720445466806,75.1420731965326,Ahmednagar,normal,statewide,29.825098292032862,1,7,ERA5-Land Daily Aggregated,Maharashtra,ERA5-Land Temperature
2017-05-28,2017-06-04,22.0,2017,P005,20.832153156317954,77.06560453615967,Akola,normal,statewide,33.73592883518768,1,7,ERA5-Land Daily Aggregated,Maharashtra,ERA5-Land Temperature
2017-05-28,2017-06-04,22.0,2017,P006,20.834360411339407,76.87349308547405,Akola,normal,statewide,33.63413382030666,1,7,ERA5-Land Daily Aggregated,Maharashtra,ERA5-Land Temperature
2017-05-28,2017-06-04,22.0,2017,P007,21.014976299509232,76.87574047240498,Akola,normal,statewide,33.75365809486033,1,7,ERA5-Land Daily Aggregated,Maharashtra,ERA5-Land Temperature
2017-05-28,2017-06-04,22.0,2017,P008,20.828434266039377,77.35372489162701,Akola,normal,statewide,33.731976082211474,1,7,ERA5-Land Daily Aggregated,Maharashtra,ERA5-Land Temperature
2017-05-28,2017-06-04,22.0,2017,P009,21.360971327549258,77.94039543992572,Amravati,normal,statewide,32.74203235081268,1,7,ERA5-Land Daily Aggregated,Maharashtra,ERA5-Land Temperature
2017-05-28,2017-06-04,22.0,2017,P010,21.178803672212837,78.03301542790685,Amravati,normal,statewide,33.7107125963484,1,7,ERA5-Land Daily Aggregated,Maharashtra,ERA5-Land Temperature
2017-05-28,2017-06-04,22.0,2017,P011,20.814388097721018,78.21764450702477,Amravati,normal,statewide,33.926498031616234,1,7,ERA5-Land Daily Aggregated,Maharashtra,ERA5-Land Temperature
2017-05-28,2017-06-04,22.0,2017,P012,21.180502589714195,77.93681032267875,Amravati,normal,statewide,33.84794287908653,1,7,ERA5-Land Daily Aggregated,Maharashtra,ERA5-Land Temperature
2017-05-28,2017-06-04,22.0,2017,P013,20.031289688916964,74.8570519162974,Aurangabad,normal,statewide,29.747298812866234,1,7,ERA5-Land Daily Aggregated,Maharashtra,ERA5-Land Temperature
2017-05-28,2017-06-04,22.0,2017,P014,19.760185263069562,75.14270192978114,Aurangabad,normal,statewide,30.549975059145936,1,7,ERA5-Land Daily Aggregated,Maharashtra,ERA5-Land Temperature
2017-05-28,2017-06-04,22.0,2017,P015,19.9408189876436,74.76157364454102,Aurangabad,normal,statewide,29.887935438610214,1,7,ERA5-Land Daily Aggregated,Maharashtra,ERA5-Land Temperature
2017-05-28,2017-06-04,22.0,2017,P016,19.66981712112043,75.14262166596218,Aurangabad,normal,statewide,30.679183578491234,1,7,ERA5-Land Daily Aggregated,Maharashtra,ERA5-Land Temperature
2017-05-28,2017-06-04,22.0,2017,P017,21.04613203856966,79.85576216552393,Bhandara,normal,statewide,34.47008294605081,1,7,ERA5-Land Daily Aggregated,Maharashtra,ERA5-Land Temperature
2017-05-28,2017-06-04,22.0,2017,P018,21.31897105472685,79.76852877161537,Bhandara,normal,statewide,34.370287559145936,1,7,ERA5-Land Daily Aggregated,Maharashtra,ERA5-Land Temperature
2017-05-28,2017-06-04,22.0,2017,P019,21.40900922319803,79.77144948280537,Bhandara,normal,statewide,33.95486484709244,1,7,ERA5-Land Daily Aggregated,Maharashtra,ERA5-Land Temperature
2017-05-28,2017-06-04,22.0,2017,P020,21.144196588937042,79.57074980349083,Bhandara,normal,statewide,34.57759782700316,1,7,ERA5-Land Daily Aggregated,Maharashtra,ERA5-Land Temperature
2017-05-28,2017-06-04,22.0,2017,P021,18.67502288980403,75.52108340877234,Bid,normal,statewide,29.74181146167581,1,7,ERA5-Land Daily Aggregated,Maharashtra,ERA5-Land Temperature
2017-05-28,2017-06-04,22.0,2017,P022,18.856499384477168,75.04699178476999,Bid,normal,statewide,29.90245599292581,1,7,ERA5-Land Daily Aggregated,Maharashtra,ERA5-Land Temperature
2017-05-28,2017-06-04,22.0,2017,P023,19.126596053486494,75.6175605191647,Bid,normal,statewide,31.3579293932234,1,7,ERA5-Land Daily Aggregated,Maharashtra,ERA5-Land Temperature
2017-05-28,2017-06-04,22.0,2017,P024,18.763955201213946,75.90084720909012,Bid,normal,statewide,30.337933113461474,1,7,ERA5-Land Daily Aggregated,Maharashtra,ERA5-Land Temperature
2017-05-28,2017-06-04,22.0,2017,P025,20.93073496240753,76.20164478885242,Buldana,normal,statewide,33.180415907360214,1,7,ERA5-Land Daily Aggregated,Maharashtra,ERA5-Land Temperature
2017-05-28,2017-06-04,22.0,2017,P026,20.838939908121294,76.39311412898633,Buldana,normal,statewide,33.62055495125907,1,7,ERA5-Land Daily Aggregated,Maharashtra,ERA5-Land Temperature
2017-05-28,2017-06-04,22.0,2017,P027,20.657476790751314,76.48742857536776,Buldana,normal,statewide,33.38587768191388,1,7,ERA5-Land Daily Aggregated,Maharashtra,ERA5-Land Temperature
2017-05-28,2017-06-04,22.0,2017,P028,20.47967013624516,76.10222021266374,Buldana,normal,statewide,31.438367916288826,1,7,ERA5-Land Daily Aggregated,Maharashtra,ERA5-Land Temperature
2017-05-28,2017-06-04,22.0,2017,P029,20.32317798477448,79.92829390325927,Chandrapur,normal,statewide,34.812298347836474,1,7,ERA5-Land Daily Aggregated,Maharashtra,ERA5-Land Temperature
2017-05-28,2017-06-04,22.0,2017,P030,20.60872097983294,79.36304041732026,Chandrapur,normal,statewide,34.612777328491234,1,7,ERA5-Land Daily Aggregated,Maharashtra,ERA5-Land Temperature
2017-05-28,2017-06-04,22.0,2017,P031,20.511160307884595,79.64732594588165,Chandrapur,normal,statewide,34.57108741033653,1,7,ERA5-Land Daily Aggregated,Maharashtra,ERA5-Land Temperature
2017-05-28,2017-06-04,22.0,2017,P032,20.598621115946884,79.74569817422172,Chandrapur,normal,statewide,34.72734903608051,1,7,ERA5-Land Daily Aggregated,Maharashtra,ERA5-Land Temperature
2017-05-28,2017-06-04,22.0,2017,P033,21.38667804512237,75.14422248324037,Dhule,normal,statewide,31.5805856432234,1,7,ERA5-Land Daily Aggregated,Maharashtra,ERA5-Land Temperature
2017-05-28,2017-06-04,22.0,2017,P034,21.025151968113196,74.75989256344387,Dhule,normal,statewide,32.76524896167581,1,7,ERA5-Land Daily Aggregated,Maharashtra,ERA5-Land Temperature
2017-05-28,2017-06-04,22.0,2017,P035,21.477028350667293,74.85568743137505,Dhule,normal,statewide,31.389388656616234,1,7,ERA5-Land Daily Aggregated,Maharashtra,ERA5-Land Temperature
2017-05-28,2017-06-04,22.0,2017,P036,20.933820660336515,74.37533522949364,Dhule,normal,statewide,30.90975696018768,1,7,ERA5-Land Daily Aggregated,Maharashtra,ERA5-Land Temperature
2017-05-28,2017-06-04,22.0,2017,P037,19.963056524597132,79.91698116388667,Garhchiroli,normal,statewide,35.41912730989003,1,7,ERA5-Land Daily Aggregated,Maharashtra,ERA5-Land Temperature
2017-05-28,2017-06-04,22.0,2017,P038,19.062661462582188,79.88977172925856,Garhchiroli,normal,statewide,35.877681532360214,1,7,ERA5-Land Daily Aggregated,Maharashtra,ERA5-Land Temperature
2017-05-28,2017-06-04,22.0,2017,P039,19.510270485428137,79.9981368030594,Garhchiroli,normal,statewide,35.98817260378888,1,7,ERA5-Land Daily Aggregated,Maharashtra,ERA5-Land Temperature
2017-05-28,2017-06-04,22.0,2017,P040,19.870365190999156,80.00935144220881,Garhchiroli,normal,statewide,35.12090372358051,1,7,ERA5-Land Daily Aggregated,Maharashtra,ERA5-Land Temperature
2017-05-28,2017-06-04,22.0,2017,P041,21.127639946725598,80.1465044724107,Gondiya,normal,statewide,34.046545464651956,1,7,ERA5-Land Daily Aggregated,Maharashtra,ERA5-Land Temperature
2017-05-28,2017-06-04,22.0,2017,P042,21.397598383602258,80.15591763473452,Gondiya,normal,statewide,33.47045496986033,1,7,ERA5-Land Daily Aggregated,Maharashtra,ERA5-Land Temperature
2017-05-28,2017-06-04,22.0,2017,P043,21.574548890706154,80.25847249986273,Gondiya,normal,statewide,33.55481136866979,1,7,ERA5-Land Daily Aggregated,Maharashtra,ERA5-Land Temperature
2017-05-28,2017-06-04,22.0,2017,P044,21.211649410572516,80.34153217518526,Gondiya,normal,statewide,33.93217139471153,1,7,ERA5-Land Daily Aggregated,Maharashtra,ERA5-Land Temperature
2017-05-28,2017-06-04,22.0,2017,P045,19.655900266732623,77.2407892392464,Hingoli,normal,statewide,33.25136782328286,1,7,ERA5-Land Daily Aggregated,Maharashtra,ERA5-Land Temperature
2017-05-28,2017-06-04,22.0,2017,P046,19.566758377573187,77.1442675378435,Hingoli,normal,statewide,33.19745924813407,1,7,ERA5-Land Daily Aggregated,Maharashtra,ERA5-Land Temperature
2017-05-28,2017-06-04,22.0,2017,P047,19.47860194974656,76.9526242927685,Hingoli,normal,statewide,33.413674835931715,1,7,ERA5-Land Daily Aggregated,Maharashtra,ERA5-Land Temperature
2017-05-28,2017-06-04,22.0,2017,P048,19.927981235710728,77.14910120338544,Hingoli,normal,statewide,32.64065586271738,1,7,ERA5-Land Daily Aggregated,Maharashtra,ERA5-Land Temperature
2017-05-28,2017-06-04,22.0,2017,P049,21.292738163229433,76.10816865346904,Jalgaon,normal,statewide,33.234126844860214,1,7,ERA5-Land Daily Aggregated,Maharashtra,ERA5-Land Temperature
2017-05-28,2017-06-04,22.0,2017,P050,21.386178625804387,75.43363151891216,Jalgaon,normal,statewide,30.270945576259066,1,7,ERA5-Land Daily Aggregated,Maharashtra,ERA5-Land Temperature
2017-05-28,2017-06-04,22.0,2017,P051,21.112064306745907,76.10682200495089,Jalgaon,normal,statewide,32.91418636866979,1,7,ERA5-Land Daily Aggregated,Maharashtra,ERA5-Land Temperature
2017-05-28,2017-06-04,22.0,2017,P052,20.844437979720194,75.23982115072519,Jalgaon,normal,statewide,33.25003086271744,1,7,ERA5-Land Daily Aggregated,Maharashtra,ERA5-Land Temperature
2017-05-28,2017-06-04,22.0,2017,P053,19.486369703781666,76.00005328932718,Jalna,normal,statewide,31.841723106020993,1,7,ERA5-Land Daily Aggregated,Maharashtra,ERA5-Land Temperature
2017-05-28,2017-06-04,22.0,2017,P054,20.028502750758555,76.00343774702675,Jalna,normal,statewide,31.492927533104307,1,7,ERA5-Land Daily Aggregated,Maharashtra,ERA5-Land Temperature
2017-05-28,2017-06-04,22.0,2017,P055,19.75743845682064,76.00172991132328,Jalna,normal,statewide,31.809763935634066,1,7,ERA5-Land Daily Aggregated,Maharashtra,ERA5-Land Temperature
2017-05-28,2017-06-04,22.0,2017,P056,19.57768317515413,75.80993951591351,Jalna,normal,statewide,31.61972952343166,1,7,ERA5-Land Daily Aggregated,Maharashtra,ERA5-Land Temperature
2017-05-28,2017-06-04,22.0,2017,P057,16.776377793156257,74.29671235971928,Kolhapur,normal,statewide,26.932124891735327,1,7,ERA5-Land Daily Aggregated,Maharashtra,ERA5-Land Temperature
2017-05-28,2017-06-04,22.0,2017,P058,16.324416687682138,74.29834884980589,Kolhapur,normal,statewide,26.29170915512816,1,7,ERA5-Land Daily Aggregated,Maharashtra,ERA5-Land Temperature
2017-05-28,2017-06-04,22.0,2017,P059,16.595891218916975,74.39111598812178,Kolhapur,normal,statewide,27.099837875366234,1,7,ERA5-Land Daily Aggregated,Maharashtra,ERA5-Land Temperature
2017-05-28,2017-06-04,22.0,2017,P060,16.414811584237594,74.29802779453004,Kolhapur,normal,statewide,26.654443995157862,1,7,ERA5-Land Daily Aggregated,Maharashtra,ERA5-Land Temperature
2017-05-28,2017-06-04,22.0,2017,P086,21.054127206758487,79.56798961993874,Nagpur,normal,statewide,34.52242204575316,1,7,ERA5-Land Daily Aggregated,Maharashtra,ERA5-Land Temperature
2017-05-28,2017-06-04,22.0,2017,P087,21.146765031143822,79.47473643960802,Nagpur,normal,statewide,34.59747784932455,1,7,ERA5-Land Daily Aggregated,Maharashtra,ERA5-Land Temperature
2017-05-28,2017-06-04,22.0,2017,P088,21.347803602138427,78.61442869606356,Nagpur,normal,statewide,33.117567135038826,1,7,ERA5-Land Daily Aggregated,Maharashtra,ERA5-Land Temperature
2017-05-28,2017-06-04,22.0,2017,P089,21.165377318940912,78.70615240473293,Nagpur,normal,statewide,33.52095720200316,1,7,ERA5-Land Daily Aggregated,Maharashtra,ERA5-Land Temperature
2017-05-28,2017-06-04,22.0,2017,P090,19.201968238592887,77.42470040309472,Nanded,normal,statewide,33.503413954235214,1,7,ERA5-Land Daily Aggregated,Maharashtra,ERA5-Land Temperature
2017-05-28,2017-06-04,22.0,2017,P091,18.566038000956755,77.69963965584807,Nanded,normal,statewide,33.88957466852099,1,7,ERA5-Land Daily Aggregated,Maharashtra,ERA5-Land Temperature
2017-05-28,2017-06-04,22.0,2017,P092,19.736596618496833,77.90946265591798,Nanded,normal,statewide,34.35990576971153,1,7,ERA5-Land Daily Aggregated,Maharashtra,ERA5-Land Temperature
2017-05-28,2017-06-04,22.0,2017,P093,18.93564842817583,77.04115528508362,Nanded,normal,statewide,33.47963930765792,1,7,ERA5-Land Daily Aggregated,Maharashtra,ERA5-Land Temperature
2017-05-28,2017-06-04,22.0,2017,P094,21.564917232430716,74.08292967791392,Nandurbar,normal,statewide,30.42468441554479,1,7,ERA5-Land Daily Aggregated,Maharashtra,ERA5-Land Temperature
2017-05-28,2017-06-04,22.0,2017,P095,21.5662594218478,74.37266422796263,Nandurbar,normal,statewide,31.797533652895993,1,7,ERA5-Land Daily Aggregated,Maharashtra,ERA5-Land Temperature
2017-05-28,2017-06-04,22.0,2017,P096,21.385179787168415,74.27697637845674,Nandurbar,normal,statewide,31.212654095604307,1,7,ERA5-Land Daily Aggregated,Maharashtra,ERA5-Land Temperature
2017-05-28,2017-06-04,22.0,2017,P097,21.565421110849755,74.17950488852946,Nandurbar,normal,statewide,30.94486670721153,1,7,ERA5-Land Daily Aggregated,Maharashtra,ERA5-Land Temperature
2017-05-28,2017-06-04,22.0,2017,P098,20.299553667393326,73.99482675929994,Nashik,normal,statewide,27.3034860338484,1,7,ERA5-Land Daily Aggregated,Maharashtra,ERA5-Land Temperature
2017-05-28,2017-06-04,22.0,2017,P099,20.120253214034264,74.28296495117151,Nashik,normal,statewide,28.88083210899714,1,7,ERA5-Land Daily Aggregated,Maharashtra,ERA5-Land Temperature
2017-05-28,2017-06-04,22.0,2017,P100,20.389903972938242,73.99424261706194,Nashik,normal,statewide,27.098035885038826,1,7,ERA5-Land Daily Aggregated,Maharashtra,ERA5-Land Temperature
2017-05-28,2017-06-04,22.0,2017,P101,20.029015547379707,74.09216447619562,Nashik,normal,statewide,28.43129946390792,1,7,ERA5-Land Daily Aggregated,Maharashtra,ERA5-Land Temperature
2017-05-28,2017-06-04,22.0,2017,P102,17.85749130266526,76.36802722645965,Osmanabad,normal,statewide,30.88250621614003,1,7,ERA5-Land Daily Aggregated,Maharashtra,ERA5-Land Temperature
2017-05-28,2017-06-04,22.0,2017,P103,17.76644983645705,76.46164605307673,Osmanabad,normal,statewide,31.134680230276956,1,7,ERA5-Land Daily Aggregated,Maharashtra,ERA5-Land Temperature
2017-05-28,2017-06-04,22.0,2017,P104,17.949094615606196,76.17989775301476,Osmanabad,normal,statewide,30.618404188610214,1,7,ERA5-Land Daily Aggregated,Maharashtra,ERA5-Land Temperature
2017-05-28,2017-06-04,22.0,2017,P105,18.584360447185368,75.61558067829696,Osmanabad,normal,statewide,29.984057090395993,1,7,ERA5-Land Daily Aggregated,Maharashtra,ERA5-Land Temperature
2017-05-28,2017-06-04,22.0,2017,P106,19.031389786894366,76.47235681380711,Parbhani,normal,statewide,32.77572375706268,1,7,ERA5-Land Daily Aggregated,Maharashtra,ERA5-Land Temperature
2017-05-28,2017-06-04,22.0,2017,P107,19.120950831552832,76.56820519095093,Parbhani,normal,statewide,32.82742344084244,1,7,ERA5-Land Daily Aggregated,Maharashtra,ERA5-Land Temperature
2017-05-28,2017-06-04,22.0,2017,P108,19.208625676465683,76.85432786914635,Parbhani,normal,statewide,33.55740390959244,1,7,ERA5-Land Daily Aggregated,Maharashtra,ERA5-Land Temperature
2017-05-28,2017-06-04,22.0,2017,P109,19.212081479782103,76.47396209018636,Parbhani,normal,statewide,32.74321817670551,1,7,ERA5-Land Daily Aggregated,Maharashtra,ERA5-Land Temperature
2017-05-28,2017-06-04,22.0,2017,P110,18.133442771357757,75.04679558432363,Pune,normal,statewide,29.843153072538882,1,7,ERA5-Land Daily Aggregated,Maharashtra,ERA5-Land Temperature
2017-05-28,2017-06-04,22.0,2017,P111,18.584645829652782,74.47919215212944,Pune,normal,statewide,29.471919813610327,1,7,ERA5-Land Daily Aggregated,Maharashtra,ERA5-Land Temperature
2017-05-28,2017-06-04,22.0,2017,P112,18.132979024848197,74.57507620208169,Pune,normal,statewide,29.40879202343166,1,7,ERA5-Land Daily Aggregated,Maharashtra,ERA5-Land Temperature
2017-05-28,2017-06-04,22.0,2017,P113,18.314072036830744,74.76389683618987,Pune,normal,statewide,30.208201435634066,1,7,ERA5-Land Daily Aggregated,Maharashtra,ERA5-Land Temperature
2017-05-28,2017-06-04,22.0,2017,P114,18.48503397121986,73.0589238755964,Raigarh,normal,statewide,28.394248217628103,1,7,ERA5-Land Daily Aggregated,Maharashtra,ERA5-Land Temperature
2017-05-28,2017-06-04,22.0,2017,P115,18.665689991299164,73.05687714821288,Raigarh,normal,statewide,28.666476640247254,1,7,ERA5-Land Daily Aggregated,Maharashtra,ERA5-Land Temperature
2017-05-28,2017-06-04,22.0,2017,P116,18.306197264370358,73.25009891506079,Raigarh,normal,statewide,28.00549496241979,1,7,ERA5-Land Daily Aggregated,Maharashtra,ERA5-Land Temperature
2017-05-28,2017-06-04,22.0,2017,P117,18.21404102289879,73.06194714611064,Raigarh,normal,statewide,28.542592711675752,1,7,ERA5-Land Daily Aggregated,Maharashtra,ERA5-Land Temperature
2017-05-28,2017-06-04,22.0,2017,P118,17.138719885658215,75.42259970290594,Sangli,normal,statewide,30.483568809145993,1,7,ERA5-Land Daily Aggregated,Maharashtra,ERA5-Land Temperature
2017-05-28,2017-06-04,22.0,2017,P119,17.048761981005992,74.95348443567921,Sangli,normal,statewide,28.4245797838484,1,7,ERA5-Land Daily Aggregated,Maharashtra,ERA5-Land Temperature
2017-05-28,2017-06-04,22.0,2017,P120,16.86707144948229,74.39025538161847,Sangli,normal,statewide,27.395155025663882,1,7,ERA5-Land Daily Aggregated,Maharashtra,ERA5-Land Temperature
2017-05-28,2017-06-04,22.0,2017,P121,17.048503353144895,74.67157114887826,Sangli,normal,statewide,27.793255379086474,1,7,ERA5-Land Daily Aggregated,Maharashtra,ERA5-Land Temperature
2017-05-28,2017-06-04,22.0,2017,P148,17.67852974098626,76.08383979812143,Solapur,normal,statewide,31.536814716884066,1,7,ERA5-Land Daily Aggregated,Maharashtra,ERA5-Land Temperature
2017-05-28,2017-06-04,22.0,2017,P149,18.223365003201543,75.4251413905064,Solapur,normal,statewide,31.01591162908653,1,7,ERA5-Land Daily Aggregated,Maharashtra,ERA5-Land Temperature
2017-05-28,2017-06-04,22.0,2017,P150,17.952532582518405,75.23562067753285,Solapur,normal,statewide,30.76989925929479,1,7,ERA5-Land Daily Aggregated,Maharashtra,ERA5-Land Temperature
2017-05-28,2017-06-04,22.0,2017,P151,18.223690517578447,75.23598186471818,Solapur,normal,statewide,30.728093083699605,1,7,ERA5-Land Daily Aggregated,Maharashtra,ERA5-Land Temperature
2017-05-28,2017-06-04,22.0,2017,P152,19.658178867370932,72.94986318203122,Thane,normal,statewide,29.88506387983051,1,7,ERA5-Land Daily Aggregated,Maharashtra,ERA5-Land Temperature
2017-05-28,2017-06-04,22.0,2017,P153,19.65706409210757,72.8545320606096,Thane,normal,statewide,29.69907522655666,1,7,ERA5-Land Daily Aggregated,Maharashtra,ERA5-Land Temperature
2017-05-28,2017-06-04,22.0,2017,P154,19.477549601897948,72.95214624177059,Thane,normal,statewide,29.70327212015792,1,7,ERA5-Land Daily Aggregated,Maharashtra,ERA5-Land Temperature
2017-05-28,2017-06-04,22.0,2017,P155,19.83987385799569,73.0429959666335,Thane,normal,statewide,29.182287652151956,1,7,ERA5-Land Daily Aggregated,Maharashtra,ERA5-Land Temperature
2017-05-28,2017-06-04,22.0,2017,P156,20.806749657616468,78.60135461177485,Wardha,normal,statewide,34.06099626450316,1,7,ERA5-Land Daily Aggregated,Maharashtra,ERA5-Land Temperature
2017-05-28,2017-06-04,22.0,2017,P157,20.71031267913359,78.88671032458906,Wardha,normal,statewide,34.728186089651956,1,7,ERA5-Land Daily Aggregated,Maharashtra,ERA5-Land Temperature
2017-05-28,2017-06-04,22.0,2017,P158,21.081265295769754,78.41565980750515,Wardha,normal,statewide,32.834084992181715,1,7,ERA5-Land Daily Aggregated,Maharashtra,ERA5-Land Temperature
2017-05-28,2017-06-04,22.0,2017,P159,20.439854822938944,78.87986114537097,Wardha,normal,statewide,35.04149989173533,1,7,ERA5-Land Daily Aggregated,Maharashtra,ERA5-Land Temperature
2017-05-28,2017-06-04,22.0,2017,P160,20.289186257444058,77.15404188735265,Washim,normal,statewide,32.69688958667575,1,7,ERA5-Land Daily Aggregated,Maharashtra,ERA5-Land Temperature
2017-05-28,2017-06-04,22.0,2017,P161,20.464607292886615,77.53975858757677,Washim,normal,statewide,33.17763735453292,1,7,ERA5-Land Daily Aggregated,Maharashtra,ERA5-Land Temperature
2017-05-28,2017-06-04,22.0,2017,P162,20.107393166596125,77.2471479173486,Washim,normal,statewide,32.50621575855081,1,7,ERA5-Land Daily Aggregated,Maharashtra,ERA5-Land Temperature
2017-05-28,2017-06-04,22.0,2017,P163,20.198885002010726,77.1527933390577,Washim,normal,statewide,32.395643306913826,1,7,ERA5-Land Daily Aggregated,Maharashtra,ERA5-Land Temperature
2017-05-28,2017-06-04,22.0,2017,P164,20.182854533723592,78.20447678161395,Yavatmal,normal,statewide,34.43926309858051,1,7,ERA5-Land Daily Aggregated,Maharashtra,ERA5-Land Temperature
2017-05-28,2017-06-04,22.0,2017,P165,19.894658373538324,79.05709703494229,Yavatmal,normal,statewide,35.0942575182234,1,7,ERA5-Land Daily Aggregated,Maharashtra,ERA5-Land Temperature
2017-05-28,2017-06-04,22.0,2017,P166,19.468787468327925,77.71426550730338,Yavatmal,normal,statewide,33.94412265959244,1,7,ERA5-Land Daily Aggregated,Maharashtra,ERA5-Land Temperature
2017-05-28,2017-06-04,22.0,2017,P167,19.559057510053886,77.71577268345945,Yavatmal,normal,statewide,33.83272478012816,1,7,ERA5-Land Daily Aggregated,Maharashtra,ERA5-Land Temperature
2017-06-04,2017-06-11,23.0,2017,P147,17.927231643141155,73.94769852026607,Satara,case_study,case_study,24.239280046735587,1,7,ERA5-Land Daily Aggregated,Maharashtra,ERA5-Land Temperature
2017-06-04,2017-06-11,23.0,2017,P061,18.507855650411397,76.91766048140843,Latur,high,priority,28.17266453334264,1,7,ERA5-Land Daily Aggregated,Maharashtra,ERA5-Land Temperature
2017-06-04,2017-06-11,23.0,2017,P062,18.422405896924207,76.3487594508077,Latur,high,priority,27.180174763997456,1,7,ERA5-Land Daily Aggregated,Maharashtra,ERA5-Land Temperature
2017-06-04,2017-06-11,23.0,2017,P063,18.235391198742693,77.05646783810116,Latur,high,priority,27.571846080961734,1,7,ERA5-Land Daily Aggregated,Maharashtra,ERA5-Land Temperature
2017-06-04,2017-06-11,23.0,2017,P064,18.193056493341274,76.77240080549139,Latur,high,priority,27.36638430640818,1,7,ERA5-Land Daily Aggregated,Maharashtra,ERA5-Land Temperature
2017-06-04,2017-06-11,23.0,2017,P065,18.331355512513895,76.44266811899327,Latur,high,priority,27.18526683989029,1,7,ERA5-Land Daily Aggregated,Maharashtra,ERA5-Land Temperature
2017-06-04,2017-06-11,23.0,2017,P066,18.104739537876725,76.5352970251765,Latur,high,priority,27.158295113699808,1,7,ERA5-Land Daily Aggregated,Maharashtra,ERA5-Land Temperature
2017-06-04,2017-06-11,23.0,2017,P067,18.280552974211986,77.0569984711265,Latur,high,priority,27.571846080961734,1,7,ERA5-Land Daily Aggregated,Maharashtra,ERA5-Land Temperature
2017-06-04,2017-06-11,23.0,2017,P068,18.101823285787773,76.86595720469373,Latur,high,priority,27.50125456310451,1,7,ERA5-Land Daily Aggregated,Maharashtra,ERA5-Land Temperature
2017-06-04,2017-06-11,23.0,2017,P069,18.595075667016793,77.20284228928156,Latur,high,priority,28.889938063848547,1,7,ERA5-Land Daily Aggregated,Maharashtra,ERA5-Land Temperature
2017-06-04,2017-06-11,23.0,2017,P070,18.41499041187233,77.15322587185987,Latur,high,priority,28.506276884533065,1,7,ERA5-Land Daily Aggregated,Maharashtra,ERA5-Land Temperature
2017-06-04,2017-06-11,23.0,2017,P071,18.149138807065885,76.63019561379593,Latur,high,priority,27.213284883045105,1,7,ERA5-Land Daily Aggregated,Maharashtra,ERA5-Land Temperature
2017-06-04,2017-06-11,23.0,2017,P072,18.283393421583035,76.77331492120734,Latur,high,priority,27.401680065336734,1,7,ERA5-Land Daily Aggregated,Maharashtra,ERA5-Land Temperature
2017-06-04,2017-06-11,23.0,2017,P073,17.966315663874607,76.86453029235662,Latur,high,priority,27.50807887486053,1,7,ERA5-Land Daily Aggregated,Maharashtra,ERA5-Land Temperature
2017-06-04,2017-06-11,23.0,2017,P074,18.50832831512306,76.870318205524,Latur,high,priority,28.054291207449808,1,7,ERA5-Land Daily Aggregated,Maharashtra,ERA5-Land Temperature
2017-06-04,2017-06-11,23.0,2017,P075,18.41444640154381,77.20053247493588,Latur,high,priority,28.736559622628363,1,7,ERA5-Land Daily Aggregated,Maharashtra,ERA5-Land Temperature
2017-06-04,2017-06-11,23.0,2017,P076,18.377877313804504,76.25376722106614,Latur,high,priority,26.80009431384866,1,7,ERA5-Land Daily Aggregated,Maharashtra,ERA5-Land Temperature
2017-06-04,2017-06-11,23.0,2017,P077,18.059564385104267,76.5349046242838,Latur,high,priority,27.294502330961677,1,7,ERA5-Land Daily Aggregated,Maharashtra,ERA5-Land Temperature
2017-06-04,2017-06-11,23.0,2017,P078,18.1008824154655,76.96042326051098,Latur,high,priority,27.606548926943788,1,7,ERA5-Land Daily Aggregated,Maharashtra,ERA5-Land Temperature
2017-06-04,2017-06-11,23.0,2017,P079,18.73508698099394,76.77797468180819,Latur,high,priority,28.503695969354567,1,7,ERA5-Land Daily Aggregated,Maharashtra,ERA5-Land Temperature
2017-06-04,2017-06-11,23.0,2017,P080,18.46791548227568,76.3017694439065,Latur,high,priority,27.180174763997456,1,7,ERA5-Land Daily Aggregated,Maharashtra,ERA5-Land Temperature
2017-06-04,2017-06-11,23.0,2017,P081,18.10355787609756,76.67701617485712,Latur,high,priority,27.213284883045105,1,7,ERA5-Land Daily Aggregated,Maharashtra,ERA5-Land Temperature
2017-06-04,2017-06-11,23.0,2017,P082,18.23907887531389,76.67830931416262,Latur,high,priority,27.27409915015818,1,7,ERA5-Land Daily Aggregated,Maharashtra,ERA5-Land Temperature
2017-06-04,2017-06-11,23.0,2017,P083,18.369289085175563,77.19996171000103,Latur,high,priority,28.094527907598604,1,7,ERA5-Land Daily Aggregated,Maharashtra,ERA5-Land Temperature
2017-06-04,2017-06-11,23.0,2017,P084,18.46362582706226,76.82249880582684,Latur,high,priority,27.669060552687938,1,7,ERA5-Land Daily Aggregated,Maharashtra,ERA5-Land Temperature
2017-06-04,2017-06-11,23.0,2017,P085,18.14788579966987,76.77194597718393,Latur,high,priority,27.36638430640818,1,7,ERA5-Land Daily Aggregated,Maharashtra,ERA5-Land Temperature
2017-06-04,2017-06-11,23.0,2017,P122,17.88145897082753,73.8441448165019,Satara,high,priority,23.78838718959264,1,7,ERA5-Land Daily Aggregated,Maharashtra,ERA5-Land Temperature
2017-06-04,2017-06-11,23.0,2017,P123,17.386414030975025,74.27088970551878,Satara,high,priority,25.01405450730101,1,7,ERA5-Land Daily Aggregated,Maharashtra,ERA5-Land Temperature
2017-06-04,2017-06-11,23.0,2017,P124,17.43262815429294,74.647353771057,Satara,high,priority,25.778179786318788,1,7,ERA5-Land Daily Aggregated,Maharashtra,ERA5-Land Temperature
2017-06-04,2017-06-11,23.0,2017,P125,17.56734651531964,74.31728219287884,Satara,high,priority,25.10445629301529,1,7,ERA5-Land Daily Aggregated,Maharashtra,ERA5-Land Temperature
2017-06-04,2017-06-11,23.0,2017,P126,17.205080227535593,74.13053949986157,Satara,high,priority,24.991988845098604,1,7,ERA5-Land Daily Aggregated,Maharashtra,ERA5-Land Temperature
2017-06-04,2017-06-11,23.0,2017,P127,17.65773249367299,74.31694330119876,Satara,high,priority,24.949217732747456,1,7,ERA5-Land Daily Aggregated,Maharashtra,ERA5-Land Temperature
2017-06-04,2017-06-11,23.0,2017,P128,18.019949731345452,74.5517328080669,Satara,high,priority,27.35525846935451,1,7,ERA5-Land Daily Aggregated,Maharashtra,ERA5-Land Temperature
2017-06-04,2017-06-11,23.0,2017,P129,18.063234225271252,74.03192648006461,Satara,high,priority,25.38763616652716,1,7,ERA5-Land Daily Aggregated,Maharashtra,ERA5-Land Temperature
2017-06-04,2017-06-11,23.0,2017,P130,17.61135784271715,74.03436560834085,Satara,high,priority,24.7558583577474,1,7,ERA5-Land Daily Aggregated,Maharashtra,ERA5-Land Temperature
2017-06-04,2017-06-11,23.0,2017,P131,17.612539504496315,74.3171127470388,Satara,high,priority,24.949217732747456,1,7,ERA5-Land Daily Aggregated,Maharashtra,ERA5-Land Temperature
2017-06-04,2017-06-11,23.0,2017,P132,17.702176353872684,74.12817617630324,Satara,high,priority,24.695264979771252,1,7,ERA5-Land Daily Aggregated,Maharashtra,ERA5-Land Temperature
2017-06-04,2017-06-11,23.0,2017,P133,17.25006363896275,74.08329532420031,Satara,high,priority,24.593190947033065,1,7,ERA5-Land Daily Aggregated,Maharashtra,ERA5-Land Temperature
2017-06-04,2017-06-11,23.0,2017,P134,17.476429903940936,74.17634784498362,Satara,high,priority,24.846806553431918,1,7,ERA5-Land Daily Aggregated,Maharashtra,ERA5-Land Temperature
2017-06-04,2017-06-11,23.0,2017,P135,17.882716437324603,74.0801070669471,Satara,high,priority,24.243965221586734,1,7,ERA5-Land Daily Aggregated,Maharashtra,ERA5-Land Temperature
2017-06-04,2017-06-11,23.0,2017,P136,17.928520323345598,74.22149178404871,Satara,high,priority,26.107827758789085,1,7,ERA5-Land Daily Aggregated,Maharashtra,ERA5-Land Temperature
2017-06-04,2017-06-11,23.0,2017,P137,17.746687100588183,73.98648378122894,Satara,high,priority,24.221876307896252,1,7,ERA5-Land Daily Aggregated,Maharashtra,ERA5-Land Temperature
2017-06-04,2017-06-11,23.0,2017,P138,17.61269557303319,74.36423652697161,Satara,high,priority,24.949217732747456,1,7,ERA5-Land Daily Aggregated,Maharashtra,ERA5-Land Temperature
2017-06-04,2017-06-11,23.0,2017,P139,17.656773786946495,74.08126197411994,Satara,high,priority,24.7558583577474,1,7,ERA5-Land Daily Aggregated,Maharashtra,ERA5-Land Temperature
2017-06-04,2017-06-11,23.0,2017,P140,17.97464080554139,74.50462240543725,Satara,high,priority,27.12945164271764,1,7,ERA5-Land Daily Aggregated,Maharashtra,ERA5-Land Temperature
2017-06-04,2017-06-11,23.0,2017,P141,17.430826677467348,74.08239904488856,Satara,high,priority,24.6284169514974,1,7,ERA5-Land Daily Aggregated,Maharashtra,ERA5-Land Temperature
2017-06-04,2017-06-11,23.0,2017,P142,18.064447100757786,74.31538707493111,Satara,high,priority,26.701752144949808,1,7,ERA5-Land Daily Aggregated,Maharashtra,ERA5-Land Temperature
2017-06-04,2017-06-11,23.0,2017,P143,17.70379500755509,74.6468275971327,Satara,high,priority,26.455577014741493,1,7,ERA5-Land Daily Aggregated,Maharashtra,ERA5-Land Temperature
2017-06-04,2017-06-11,23.0,2017,P144,17.929452275465767,74.50474726026674,Satara,high,priority,27.12945164271764,1,7,ERA5-Land Daily Aggregated,Maharashtra,ERA5-Land Temperature
2017-06-04,2017-06-11,23.0,2017,P145,17.47773196144854,74.60017202281048,Satara,high,priority,25.52254130045577,1,7,ERA5-Land Daily Aggregated,Maharashtra,ERA5-Land Temperature
2017-06-04,2017-06-11,23.0,2017,P146,17.839182233739812,74.55218763637436,Satara,high,priority,26.239593941824808,1,7,ERA5-Land Daily Aggregated,Maharashtra,ERA5-Land Temperature
2017-06-04,2017-06-11,23.0,2017,P001,19.940457800458272,74.57045211428928,Ahmednagar,normal,statewide,27.224492100306918,1,7,ERA5-Land Daily Aggregated,Maharashtra,ERA5-Land Temperature
2017-06-04,2017-06-11,23.0,2017,P002,18.946729294293643,74.76302285238339,Ahmednagar,normal,statewide,26.147645932152216,1,7,ERA5-Land Daily Aggregated,Maharashtra,ERA5-Land Temperature
2017-06-04,2017-06-11,23.0,2017,P003,18.49469238410162,74.66892244285252,Ahmednagar,normal,statewide,27.275889514741493,1,7,ERA5-Land Daily Aggregated,Maharashtra,ERA5-Land Temperature
2017-06-04,2017-06-11,23.0,2017,P004,19.03720445466806,75.1420731965326,Ahmednagar,normal,statewide,26.92323419480101,1,7,ERA5-Land Daily Aggregated,Maharashtra,ERA5-Land Temperature
2017-06-04,2017-06-11,23.0,2017,P005,20.832153156317954,77.06560453615967,Akola,normal,statewide,30.794048926943844,1,7,ERA5-Land Daily Aggregated,Maharashtra,ERA5-Land Temperature
2017-06-04,2017-06-11,23.0,2017,P006,20.834360411339407,76.87349308547405,Akola,normal,statewide,30.596027628580714,1,7,ERA5-Land Daily Aggregated,Maharashtra,ERA5-Land Temperature
2017-06-04,2017-06-11,23.0,2017,P007,21.014976299509232,76.87574047240498,Akola,normal,statewide,30.653005400158065,1,7,ERA5-Land Daily Aggregated,Maharashtra,ERA5-Land Temperature
2017-06-04,2017-06-11,23.0,2017,P008,20.828434266039377,77.35372489162701,Akola,normal,statewide,31.075298926943844,1,7,ERA5-Land Daily Aggregated,Maharashtra,ERA5-Land Temperature
2017-06-04,2017-06-11,23.0,2017,P009,21.360971327549258,77.94039543992572,Amravati,normal,statewide,30.222108822777216,1,7,ERA5-Land Daily Aggregated,Maharashtra,ERA5-Land Temperature
2017-06-04,2017-06-11,23.0,2017,P010,21.178803672212837,78.03301542790685,Amravati,normal,statewide,31.32949582054499,1,7,ERA5-Land Daily Aggregated,Maharashtra,ERA5-Land Temperature
2017-06-04,2017-06-11,23.0,2017,P011,20.814388097721018,78.21764450702477,Amravati,normal,statewide,31.279051717122456,1,7,ERA5-Land Daily Aggregated,Maharashtra,ERA5-Land Temperature
2017-06-04,2017-06-11,23.0,2017,P012,21.180502589714195,77.93681032267875,Amravati,normal,statewide,31.322985403878363,1,7,ERA5-Land Daily Aggregated,Maharashtra,ERA5-Land Temperature
2017-06-04,2017-06-11,23.0,2017,P013,20.031289688916964,74.8570519162974,Aurangabad,normal,statewide,27.23439723423553,1,7,ERA5-Land Daily Aggregated,Maharashtra,ERA5-Land Temperature
2017-06-04,2017-06-11,23.0,2017,P014,19.760185263069562,75.14270192978114,Aurangabad,normal,statewide,27.68243015834264,1,7,ERA5-Land Daily Aggregated,Maharashtra,ERA5-Land Temperature
2017-06-04,2017-06-11,23.0,2017,P015,19.9408189876436,74.76157364454102,Aurangabad,normal,statewide,27.445799763997456,1,7,ERA5-Land Daily Aggregated,Maharashtra,ERA5-Land Temperature
2017-06-04,2017-06-11,23.0,2017,P016,19.66981712112043,75.14262166596218,Aurangabad,normal,statewide,27.873266746884383,1,7,ERA5-Land Daily Aggregated,Maharashtra,ERA5-Land Temperature
2017-06-04,2017-06-11,23.0,2017,P017,21.04613203856966,79.85576216552393,Bhandara,normal,statewide,32.484420485723604,1,7,ERA5-Land Daily Aggregated,Maharashtra,ERA5-Land Temperature
2017-06-04,2017-06-11,23.0,2017,P018,21.31897105472685,79.76852877161537,Bhandara,normal,statewide,32.65402846563438,1,7,ERA5-Land Daily Aggregated,Maharashtra,ERA5-Land Temperature
2017-06-04,2017-06-11,23.0,2017,P019,21.40900922319803,79.77144948280537,Bhandara,normal,statewide,32.48561793736053,1,7,ERA5-Land Daily Aggregated,Maharashtra,ERA5-Land Temperature
2017-06-04,2017-06-11,23.0,2017,P020,21.144196588937042,79.57074980349083,Bhandara,normal,statewide,32.20607692173559,1,7,ERA5-Land Daily Aggregated,Maharashtra,ERA5-Land Temperature
2017-06-04,2017-06-11,23.0,2017,P021,18.67502288980403,75.52108340877234,Bid,normal,statewide,26.252777535574808,1,7,ERA5-Land Daily Aggregated,Maharashtra,ERA5-Land Temperature
2017-06-04,2017-06-11,23.0,2017,P022,18.856499384477168,75.04699178476999,Bid,normal,statewide,26.7592763264974,1,7,ERA5-Land Daily Aggregated,Maharashtra,ERA5-Land Temperature
2017-06-04,2017-06-11,23.0,2017,P023,19.126596053486494,75.6175605191647,Bid,normal,statewide,27.892623610723604,1,7,ERA5-Land Daily Aggregated,Maharashtra,ERA5-Land Temperature
2017-06-04,2017-06-11,23.0,2017,P024,18.763955201213946,75.90084720909012,Bid,normal,statewide,26.577112543015232,1,7,ERA5-Land Daily Aggregated,Maharashtra,ERA5-Land Temperature
2017-06-04,2017-06-11,23.0,2017,P025,20.93073496240753,76.20164478885242,Buldana,normal,statewide,30.566521490187938,1,7,ERA5-Land Daily Aggregated,Maharashtra,ERA5-Land Temperature
2017-06-04,2017-06-11,23.0,2017,P026,20.838939908121294,76.39311412898633,Buldana,normal,statewide,30.864477684384326,1,7,ERA5-Land Daily Aggregated,Maharashtra,ERA5-Land Temperature
2017-06-04,2017-06-11,23.0,2017,P027,20.657476790751314,76.48742857536776,Buldana,normal,statewide,30.507474336170105,1,7,ERA5-Land Daily Aggregated,Maharashtra,ERA5-Land Temperature
2017-06-04,2017-06-11,23.0,2017,P028,20.47967013624516,76.10222021266374,Buldana,normal,statewide,28.411317807152216,1,7,ERA5-Land Daily Aggregated,Maharashtra,ERA5-Land Temperature
2017-06-04,2017-06-11,23.0,2017,P029,20.32317798477448,79.92829390325927,Chandrapur,normal,statewide,32.224515351795105,1,7,ERA5-Land Daily Aggregated,Maharashtra,ERA5-Land Temperature
2017-06-04,2017-06-11,23.0,2017,P030,20.60872097983294,79.36304041732026,Chandrapur,normal,statewide,31.82286914643788,1,7,ERA5-Land Daily Aggregated,Maharashtra,ERA5-Land Temperature
2017-06-04,2017-06-11,23.0,2017,P031,20.511160307884595,79.64732594588165,Chandrapur,normal,statewide,31.939126586914085,1,7,ERA5-Land Daily Aggregated,Maharashtra,ERA5-Land Temperature
2017-06-04,2017-06-11,23.0,2017,P032,20.598621115946884,79.74569817422172,Chandrapur,normal,statewide,32.24981297084264,1,7,ERA5-Land Daily Aggregated,Maharashtra,ERA5-Land Temperature
2017-06-04,2017-06-11,23.0,2017,P033,21.38667804512237,75.14422248324037,Dhule,normal,statewide,29.75005711146764,1,7,ERA5-Land Daily Aggregated,Maharashtra,ERA5-Land Temperature
2017-06-04,2017-06-11,23.0,2017,P034,21.025151968113196,74.75989256344387,Dhule,normal,statewide,31.08699442545577,1,7,ERA5-Land Daily Aggregated,Maharashtra,ERA5-Land Temperature
2017-06-04,2017-06-11,23.0,2017,P035,21.477028350667293,74.85568743137505,Dhule,normal,statewide,29.862640816824808,1,7,ERA5-Land Daily Aggregated,Maharashtra,ERA5-Land Temperature
2017-06-04,2017-06-11,23.0,2017,P036,20.933820660336515,74.37533522949364,Dhule,normal,statewide,29.087017676943788,1,7,ERA5-Land Daily Aggregated,Maharashtra,ERA5-Land Temperature
2017-06-04,2017-06-11,23.0,2017,P037,19.963056524597132,79.91698116388667,Garhchiroli,normal,statewide,32.13204418364029,1,7,ERA5-Land Daily Aggregated,Maharashtra,ERA5-Land Temperature
2017-06-04,2017-06-11,23.0,2017,P038,19.062661462582188,79.88977172925856,Garhchiroli,normal,statewide,31.566905139741436,1,7,ERA5-Land Daily Aggregated,Maharashtra,ERA5-Land Temperature
2017-06-04,2017-06-11,23.0,2017,P039,19.510270485428137,79.9981368030594,Garhchiroli,normal,statewide,32.03985203334264,1,7,ERA5-Land Daily Aggregated,Maharashtra,ERA5-Land Temperature
2017-06-04,2017-06-11,23.0,2017,P040,19.870365190999156,80.00935144220881,Garhchiroli,normal,statewide,31.62017429896764,1,7,ERA5-Land Daily Aggregated,Maharashtra,ERA5-Land Temperature
2017-06-04,2017-06-11,23.0,2017,P041,21.127639946725598,80.1465044724107,Gondiya,normal,statewide,32.533911278134326,1,7,ERA5-Land Daily Aggregated,Maharashtra,ERA5-Land Temperature
2017-06-04,2017-06-11,23.0,2017,P042,21.397598383602258,80.15591763473452,Gondiya,normal,statewide,32.39505339122951,1,7,ERA5-Land Daily Aggregated,Maharashtra,ERA5-Land Temperature
2017-06-04,2017-06-11,23.0,2017,P043,21.574548890706154,80.25847249986273,Gondiya,normal,statewide,32.662922159830714,1,7,ERA5-Land Daily Aggregated,Maharashtra,ERA5-Land Temperature
2017-06-04,2017-06-11,23.0,2017,P044,21.211649410572516,80.34153217518526,Gondiya,normal,statewide,32.498824782598604,1,7,ERA5-Land Daily Aggregated,Maharashtra,ERA5-Land Temperature
2017-06-04,2017-06-11,23.0,2017,P045,19.655900266732623,77.2407892392464,Hingoli,normal,statewide,29.17507106236053,1,7,ERA5-Land Daily Aggregated,Maharashtra,ERA5-Land Temperature
2017-06-04,2017-06-11,23.0,2017,P046,19.566758377573187,77.1442675378435,Hingoli,normal,statewide,29.1091298421224,1,7,ERA5-Land Daily Aggregated,Maharashtra,ERA5-Land Temperature
2017-06-04,2017-06-11,23.0,2017,P047,19.47860194974656,76.9526242927685,Hingoli,normal,statewide,29.303093755812938,1,7,ERA5-Land Daily Aggregated,Maharashtra,ERA5-Land Temperature
2017-06-04,2017-06-11,23.0,2017,P048,19.927981235710728,77.14910120338544,Hingoli,normal,statewide,28.90075000581288,1,7,ERA5-Land Daily Aggregated,Maharashtra,ERA5-Land Temperature
2017-06-04,2017-06-11,23.0,2017,P049,21.292738163229433,76.10816865346904,Jalgaon,normal,statewide,30.70900660923553,1,7,ERA5-Land Daily Aggregated,Maharashtra,ERA5-Land Temperature
2017-06-04,2017-06-11,23.0,2017,P050,21.386178625804387,75.43363151891216,Jalgaon,normal,statewide,28.36024591355101,1,7,ERA5-Land Daily Aggregated,Maharashtra,ERA5-Land Temperature
2017-06-04,2017-06-11,23.0,2017,P051,21.112064306745907,76.10682200495089,Jalgaon,normal,statewide,30.451170857747456,1,7,ERA5-Land Daily Aggregated,Maharashtra,ERA5-Land Temperature
2017-06-04,2017-06-11,23.0,2017,P052,20.844437979720194,75.23982115072519,Jalgaon,normal,statewide,31.025459362211677,1,7,ERA5-Land Daily Aggregated,Maharashtra,ERA5-Land Temperature
2017-06-04,2017-06-11,23.0,2017,P053,19.486369703781666,76.00005328932718,Jalna,normal,statewide,28.14714602515818,1,7,ERA5-Land Daily Aggregated,Maharashtra,ERA5-Land Temperature
2017-06-04,2017-06-11,23.0,2017,P054,20.028502750758555,76.00343774702675,Jalna,normal,statewide,27.814928763253363,1,7,ERA5-Land Daily Aggregated,Maharashtra,ERA5-Land Temperature
2017-06-04,2017-06-11,23.0,2017,P055,19.75743845682064,76.00172991132328,Jalna,normal,statewide,28.265716988699808,1,7,ERA5-Land Daily Aggregated,Maharashtra,ERA5-Land Temperature
2017-06-04,2017-06-11,23.0,2017,P056,19.57768317515413,75.80993951591351,Jalna,normal,statewide,28.031807018461734,1,7,ERA5-Land Daily Aggregated,Maharashtra,ERA5-Land Temperature
2017-06-04,2017-06-11,23.0,2017,P057,16.776377793156257,74.29671235971928,Kolhapur,normal,statewide,24.90410984584264,1,7,ERA5-Land Daily Aggregated,Maharashtra,ERA5-Land Temperature
2017-06-04,2017-06-11,23.0,2017,P058,16.324416687682138,74.29834884980589,Kolhapur,normal,statewide,24.3425282796224,1,7,ERA5-Land Daily Aggregated,Maharashtra,ERA5-Land Temperature
2017-06-04,2017-06-11,23.0,2017,P059,16.595891218916975,74.39111598812178,Kolhapur,normal,statewide,25.084878540039085,1,7,ERA5-Land Daily Aggregated,Maharashtra,ERA5-Land Temperature
2017-06-04,2017-06-11,23.0,2017,P060,16.414811584237594,74.29802779453004,Kolhapur,normal,statewide,24.661352684384383,1,7,ERA5-Land Daily Aggregated,Maharashtra,ERA5-Land Temperature
2017-06-04,2017-06-11,23.0,2017,P086,21.054127206758487,79.56798961993874,Nagpur,normal,statewide,32.13933352515818,1,7,ERA5-Land Daily Aggregated,Maharashtra,ERA5-Land Temperature
2017-06-04,2017-06-11,23.0,2017,P087,21.146765031143822,79.47473643960802,Nagpur,normal,statewide,32.294479079473604,1,7,ERA5-Land Daily Aggregated,Maharashtra,ERA5-Land Temperature
2017-06-04,2017-06-11,23.0,2017,P088,21.347803602138427,78.61442869606356,Nagpur,normal,statewide,31.09401637486053,1,7,ERA5-Land Daily Aggregated,Maharashtra,ERA5-Land Temperature
2017-06-04,2017-06-11,23.0,2017,P089,21.165377318940912,78.70615240473293,Nagpur,normal,statewide,31.382055809384326,1,7,ERA5-Land Daily Aggregated,Maharashtra,ERA5-Land Temperature
2017-06-04,2017-06-11,23.0,2017,P090,19.201968238592887,77.42470040309472,Nanded,normal,statewide,28.94509059361053,1,7,ERA5-Land Daily Aggregated,Maharashtra,ERA5-Land Temperature
2017-06-04,2017-06-11,23.0,2017,P091,18.566038000956755,77.69963965584807,Nanded,normal,statewide,29.495139421735473,1,7,ERA5-Land Daily Aggregated,Maharashtra,ERA5-Land Temperature
2017-06-04,2017-06-11,23.0,2017,P092,19.736596618496833,77.90946265591798,Nanded,normal,statewide,30.817579432896252,1,7,ERA5-Land Daily Aggregated,Maharashtra,ERA5-Land Temperature
2017-06-04,2017-06-11,23.0,2017,P093,18.93564842817583,77.04115528508362,Nanded,normal,statewide,29.335982985723604,1,7,ERA5-Land Daily Aggregated,Maharashtra,ERA5-Land Temperature
2017-06-04,2017-06-11,23.0,2017,P094,21.564917232430716,74.08292967791392,Nandurbar,normal,statewide,28.756393141973604,1,7,ERA5-Land Daily Aggregated,Maharashtra,ERA5-Land Temperature
2017-06-04,2017-06-11,23.0,2017,P095,21.5662594218478,74.37266422796263,Nandurbar,normal,statewide,30.31520778111053,1,7,ERA5-Land Daily Aggregated,Maharashtra,ERA5-Land Temperature
2017-06-04,2017-06-11,23.0,2017,P096,21.385179787168415,74.27697637845674,Nandurbar,normal,statewide,29.735803949265232,1,7,ERA5-Land Daily Aggregated,Maharashtra,ERA5-Land Temperature
2017-06-04,2017-06-11,23.0,2017,P097,21.565421110849755,74.17950488852946,Nandurbar,normal,statewide,29.330983915783065,1,7,ERA5-Land Daily Aggregated,Maharashtra,ERA5-Land Temperature
2017-06-04,2017-06-11,23.0,2017,P098,20.299553667393326,73.99482675929994,Nashik,normal,statewide,25.42364109584264,1,7,ERA5-Land Daily Aggregated,Maharashtra,ERA5-Land Temperature
2017-06-04,2017-06-11,23.0,2017,P099,20.120253214034264,74.28296495117151,Nashik,normal,statewide,26.833867100306918,1,7,ERA5-Land Daily Aggregated,Maharashtra,ERA5-Land Temperature
2017-06-04,2017-06-11,23.0,2017,P100,20.389903972938242,73.99424261706194,Nashik,normal,statewide,25.244465128580714,1,7,ERA5-Land Daily Aggregated,Maharashtra,ERA5-Land Temperature
2017-06-04,2017-06-11,23.0,2017,P101,20.029015547379707,74.09216447619562,Nashik,normal,statewide,26.46234319777716,1,7,ERA5-Land Daily Aggregated,Maharashtra,ERA5-Land Temperature
2017-06-04,2017-06-11,23.0,2017,P102,17.85749130266526,76.36802722645965,Osmanabad,normal,statewide,27.3906239827474,1,7,ERA5-Land Daily Aggregated,Maharashtra,ERA5-Land Temperature
2017-06-04,2017-06-11,23.0,2017,P103,17.76644983645705,76.46164605307673,Osmanabad,normal,statewide,27.694079153878306,1,7,ERA5-Land Daily Aggregated,Maharashtra,ERA5-Land Temperature
2017-06-04,2017-06-11,23.0,2017,P104,17.949094615606196,76.17989775301476,Osmanabad,normal,statewide,26.988652256556918,1,7,ERA5-Land Daily Aggregated,Maharashtra,ERA5-Land Temperature
2017-06-04,2017-06-11,23.0,2017,P105,18.584360447185368,75.61558067829696,Osmanabad,normal,statewide,26.409376307896252,1,7,ERA5-Land Daily Aggregated,Maharashtra,ERA5-Land Temperature
2017-06-04,2017-06-11,23.0,2017,P106,19.031389786894366,76.47235681380711,Parbhani,normal,statewide,28.874487450009326,1,7,ERA5-Land Daily Aggregated,Maharashtra,ERA5-Land Temperature
2017-06-04,2017-06-11,23.0,2017,P107,19.120950831552832,76.56820519095093,Parbhani,normal,statewide,28.94534635997951,1,7,ERA5-Land Daily Aggregated,Maharashtra,ERA5-Land Temperature
2017-06-04,2017-06-11,23.0,2017,P108,19.208625676465683,76.85432786914635,Parbhani,normal,statewide,29.40889965239029,1,7,ERA5-Land Daily Aggregated,Maharashtra,ERA5-Land Temperature
2017-06-04,2017-06-11,23.0,2017,P109,19.212081479782103,76.47396209018636,Parbhani,normal,statewide,28.878579711914085,1,7,ERA5-Land Daily Aggregated,Maharashtra,ERA5-Land Temperature
2017-06-04,2017-06-11,23.0,2017,P110,18.133442771357757,75.04679558432363,Pune,normal,statewide,27.555325898670105,1,7,ERA5-Land Daily Aggregated,Maharashtra,ERA5-Land Temperature
2017-06-04,2017-06-11,23.0,2017,P111,18.584645829652782,74.47919215212944,Pune,normal,statewide,27.28519010997951,1,7,ERA5-Land Daily Aggregated,Maharashtra,ERA5-Land Temperature
2017-06-04,2017-06-11,23.0,2017,P112,18.132979024848197,74.57507620208169,Pune,normal,statewide,27.120732334681918,1,7,ERA5-Land Daily Aggregated,Maharashtra,ERA5-Land Temperature
2017-06-04,2017-06-11,23.0,2017,P113,18.314072036830744,74.76389683618987,Pune,normal,statewide,27.486187598818788,1,7,ERA5-Land Daily Aggregated,Maharashtra,ERA5-Land Temperature
2017-06-04,2017-06-11,23.0,2017,P114,18.48503397121986,73.0589238755964,Raigarh,normal,statewide,26.879033115931918,1,7,ERA5-Land Daily Aggregated,Maharashtra,ERA5-Land Temperature
2017-06-04,2017-06-11,23.0,2017,P115,18.665689991299164,73.05687714821288,Raigarh,normal,statewide,27.131497773670105,1,7,ERA5-Land Daily Aggregated,Maharashtra,ERA5-Land Temperature
2017-06-04,2017-06-11,23.0,2017,P116,18.306197264370358,73.25009891506079,Raigarh,normal,statewide,26.34059840611053,1,7,ERA5-Land Daily Aggregated,Maharashtra,ERA5-Land Temperature
2017-06-04,2017-06-11,23.0,2017,P117,18.21404102289879,73.06194714611064,Raigarh,normal,statewide,26.971620541527216,1,7,ERA5-Land Daily Aggregated,Maharashtra,ERA5-Land Temperature
2017-06-04,2017-06-11,23.0,2017,P118,17.138719885658215,75.42259970290594,Sangli,normal,statewide,27.77455255417601,1,7,ERA5-Land Daily Aggregated,Maharashtra,ERA5-Land Temperature
2017-06-04,2017-06-11,23.0,2017,P119,17.048761981005992,74.95348443567921,Sangli,normal,statewide,26.18288356236053,1,7,ERA5-Land Daily Aggregated,Maharashtra,ERA5-Land Temperature
2017-06-04,2017-06-11,23.0,2017,P120,16.86707144948229,74.39025538161847,Sangli,normal,statewide,25.360838826497456,1,7,ERA5-Land Daily Aggregated,Maharashtra,ERA5-Land Temperature
2017-06-04,2017-06-11,23.0,2017,P121,17.048503353144895,74.67157114887826,Sangli,normal,statewide,25.63600856236053,1,7,ERA5-Land Daily Aggregated,Maharashtra,ERA5-Land Temperature
2017-06-04,2017-06-11,23.0,2017,P148,17.67852974098626,76.08383979812143,Solapur,normal,statewide,28.125591895693844,1,7,ERA5-Land Daily Aggregated,Maharashtra,ERA5-Land Temperature
2017-06-04,2017-06-11,23.0,2017,P149,18.223365003201543,75.4251413905064,Solapur,normal,statewide,27.566777256556918,1,7,ERA5-Land Daily Aggregated,Maharashtra,ERA5-Land Temperature
2017-06-04,2017-06-11,23.0,2017,P150,17.952532582518405,75.23562067753285,Solapur,normal,statewide,27.857304600306918,1,7,ERA5-Land Daily Aggregated,Maharashtra,ERA5-Land Temperature
2017-06-04,2017-06-11,23.0,2017,P151,18.223690517578447,75.23598186471818,Solapur,normal,statewide,27.53680608840216,1,7,ERA5-Land Daily Aggregated,Maharashtra,ERA5-Land Temperature
2017-06-04,2017-06-11,23.0,2017,P152,19.658178867370932,72.94986318203122,Thane,normal,statewide,27.935371471586734,1,7,ERA5-Land Daily Aggregated,Maharashtra,ERA5-Land Temperature
2017-06-04,2017-06-11,23.0,2017,P153,19.65706409210757,72.8545320606096,Thane,normal,statewide,27.86193164643788,1,7,ERA5-Land Daily Aggregated,Maharashtra,ERA5-Land Temperature
2017-06-04,2017-06-11,23.0,2017,P154,19.477549601897948,72.95214624177059,Thane,normal,statewide,27.789107985723604,1,7,ERA5-Land Daily Aggregated,Maharashtra,ERA5-Land Temperature
2017-06-04,2017-06-11,23.0,2017,P155,19.83987385799569,73.0429959666335,Thane,normal,statewide,27.285887654622456,1,7,ERA5-Land Daily Aggregated,Maharashtra,ERA5-Land Temperature
2017-06-04,2017-06-11,23.0,2017,P156,20.806749657616468,78.60135461177485,Wardha,normal,statewide,31.40703953334264,1,7,ERA5-Land Daily Aggregated,Maharashtra,ERA5-Land Temperature
2017-06-04,2017-06-11,23.0,2017,P157,20.71031267913359,78.88671032458906,Wardha,normal,statewide,31.970620727539085,1,7,ERA5-Land Daily Aggregated,Maharashtra,ERA5-Land Temperature
2017-06-04,2017-06-11,23.0,2017,P158,21.081265295769754,78.41565980750515,Wardha,normal,statewide,30.501022048223604,1,7,ERA5-Land Daily Aggregated,Maharashtra,ERA5-Land Temperature
2017-06-04,2017-06-11,23.0,2017,P159,20.439854822938944,78.87986114537097,Wardha,normal,statewide,31.986210850306918,1,7,ERA5-Land Daily Aggregated,Maharashtra,ERA5-Land Temperature
2017-06-04,2017-06-11,23.0,2017,P160,20.289186257444058,77.15404188735265,Washim,normal,statewide,29.41530543736053,1,7,ERA5-Land Daily Aggregated,Maharashtra,ERA5-Land Temperature
2017-06-04,2017-06-11,23.0,2017,P161,20.464607292886615,77.53975858757677,Washim,normal,statewide,30.405400303431918,1,7,ERA5-Land Daily Aggregated,Maharashtra,ERA5-Land Temperature
2017-06-04,2017-06-11,23.0,2017,P162,20.107393166596125,77.2471479173486,Washim,normal,statewide,29.13324163527716,1,7,ERA5-Land Daily Aggregated,Maharashtra,ERA5-Land Temperature
2017-06-04,2017-06-11,23.0,2017,P163,20.198885002010726,77.1527933390577,Washim,normal,statewide,28.95830906459264,1,7,ERA5-Land Daily Aggregated,Maharashtra,ERA5-Land Temperature
2017-06-04,2017-06-11,23.0,2017,P164,20.182854533723592,78.20447678161395,Yavatmal,normal,statewide,31.324589756556918,1,7,ERA5-Land Daily Aggregated,Maharashtra,ERA5-Land Temperature
2017-06-04,2017-06-11,23.0,2017,P165,19.894658373538324,79.05709703494229,Yavatmal,normal,statewide,31.79360714866999,1,7,ERA5-Land Daily Aggregated,Maharashtra,ERA5-Land Temperature
2017-06-04,2017-06-11,23.0,2017,P166,19.468787468327925,77.71426550730338,Yavatmal,normal,statewide,29.72951442173553,1,7,ERA5-Land Daily Aggregated,Maharashtra,ERA5-Land Temperature
2017-06-04,2017-06-11,23.0,2017,P167,19.559057510053886,77.71577268345945,Yavatmal,normal,statewide,29.82806585402716,1,7,ERA5-Land Daily Aggregated,Maharashtra,ERA5-Land Temperature
2017-06-11,2017-06-18,24.0,2017,P147,17.927231643141155,73.94769852026607,Satara,case_study,case_study,23.7579434531076,1,7,ERA5-Land Daily Aggregated,Maharashtra,ERA5-Land Temperature
2017-06-11,2017-06-18,24.0,2017,P061,18.507855650411397,76.91766048140843,Latur,high,priority,25.405299758911156,1,7,ERA5-Land Daily Aggregated,Maharashtra,ERA5-Land Temperature
2017-06-11,2017-06-18,24.0,2017,P062,18.422405896924207,76.3487594508077,Latur,high,priority,24.908473587036156,1,7,ERA5-Land Daily Aggregated,Maharashtra,ERA5-Land Temperature
2017-06-11,2017-06-18,24.0,2017,P063,18.235391198742693,77.05646783810116,Latur,high,priority,24.71825316292899,1,7,ERA5-Land Daily Aggregated,Maharashtra,ERA5-Land Temperature
2017-06-11,2017-06-18,24.0,2017,P064,18.193056493341274,76.77240080549139,Latur,high,priority,24.619876116798082,1,7,ERA5-Land Daily Aggregated,Maharashtra,ERA5-Land Temperature
2017-06-11,2017-06-18,24.0,2017,P065,18.331355512513895,76.44266811899327,Latur,high,priority,24.747026879446878,1,7,ERA5-Land Daily Aggregated,Maharashtra,ERA5-Land Temperature
2017-06-11,2017-06-18,24.0,2017,P066,18.104739537876725,76.5352970251765,Latur,high,priority,24.50536253792899,1,7,ERA5-Land Daily Aggregated,Maharashtra,ERA5-Land Temperature
2017-06-11,2017-06-18,24.0,2017,P067,18.280552974211986,77.0569984711265,Latur,high,priority,24.71825316292899,1,7,ERA5-Land Daily Aggregated,Maharashtra,ERA5-Land Temperature
2017-06-11,2017-06-18,24.0,2017,P068,18.101823285787773,76.86595720469373,Latur,high,priority,24.680178851173082,1,7,ERA5-Land Daily Aggregated,Maharashtra,ERA5-Land Temperature
2017-06-11,2017-06-18,24.0,2017,P069,18.595075667016793,77.20284228928156,Latur,high,priority,25.771975726173082,1,7,ERA5-Land Daily Aggregated,Maharashtra,ERA5-Land Temperature
2017-06-11,2017-06-18,24.0,2017,P070,18.41499041187233,77.15322587185987,Latur,high,priority,25.509129279000433,1,7,ERA5-Land Daily Aggregated,Maharashtra,ERA5-Land Temperature
2017-06-11,2017-06-18,24.0,2017,P071,18.149138807065885,76.63019561379593,Latur,high,priority,24.53598474775049,1,7,ERA5-Land Daily Aggregated,Maharashtra,ERA5-Land Temperature
2017-06-11,2017-06-18,24.0,2017,P072,18.283393421583035,76.77331492120734,Latur,high,priority,24.73966778346471,1,7,ERA5-Land Daily Aggregated,Maharashtra,ERA5-Land Temperature
2017-06-11,2017-06-18,24.0,2017,P073,17.966315663874607,76.86453029235662,Latur,high,priority,24.50559505280995,1,7,ERA5-Land Daily Aggregated,Maharashtra,ERA5-Land Temperature
2017-06-11,2017-06-18,24.0,2017,P074,18.50832831512306,76.870318205524,Latur,high,priority,25.352879279000433,1,7,ERA5-Land Daily Aggregated,Maharashtra,ERA5-Land Temperature
2017-06-11,2017-06-18,24.0,2017,P075,18.41444640154381,77.20053247493588,Latur,high,priority,25.684364119030135,1,7,ERA5-Land Daily Aggregated,Maharashtra,ERA5-Land Temperature
2017-06-11,2017-06-18,24.0,2017,P076,18.377877313804504,76.25376722106614,Latur,high,priority,24.549528739565915,1,7,ERA5-Land Daily Aggregated,Maharashtra,ERA5-Land Temperature
2017-06-11,2017-06-18,24.0,2017,P077,18.059564385104267,76.5349046242838,Latur,high,priority,24.515209543137303,1,7,ERA5-Land Daily Aggregated,Maharashtra,ERA5-Land Temperature
2017-06-11,2017-06-18,24.0,2017,P078,18.1008824154655,76.96042326051098,Latur,high,priority,24.70863867260158,1,7,ERA5-Land Daily Aggregated,Maharashtra,ERA5-Land Temperature
2017-06-11,2017-06-18,24.0,2017,P079,18.73508698099394,76.77797468180819,Latur,high,priority,25.94335081917893,1,7,ERA5-Land Daily Aggregated,Maharashtra,ERA5-Land Temperature
2017-06-11,2017-06-18,24.0,2017,P080,18.46791548227568,76.3017694439065,Latur,high,priority,24.908473587036156,1,7,ERA5-Land Daily Aggregated,Maharashtra,ERA5-Land Temperature
2017-06-11,2017-06-18,24.0,2017,P081,18.10355787609756,76.67701617485712,Latur,high,priority,24.53598474775049,1,7,ERA5-Land Daily Aggregated,Maharashtra,ERA5-Land Temperature
2017-06-11,2017-06-18,24.0,2017,P082,18.23907887531389,76.67830931416262,Latur,high,priority,24.6795743124826,1,7,ERA5-Land Daily Aggregated,Maharashtra,ERA5-Land Temperature
2017-06-11,2017-06-18,24.0,2017,P083,18.369289085175563,77.19996171000103,Latur,high,priority,25.157799293881453,1,7,ERA5-Land Daily Aggregated,Maharashtra,ERA5-Land Temperature
2017-06-11,2017-06-18,24.0,2017,P084,18.46362582706226,76.82249880582684,Latur,high,priority,25.0116055624826,1,7,ERA5-Land Daily Aggregated,Maharashtra,ERA5-Land Temperature
2017-06-11,2017-06-18,24.0,2017,P085,18.14788579966987,76.77194597718393,Latur,high,priority,24.619876116798082,1,7,ERA5-Land Daily Aggregated,Maharashtra,ERA5-Land Temperature
2017-06-11,2017-06-18,24.0,2017,P122,17.88145897082753,73.8441448165019,Satara,high,priority,23.491713914417062,1,7,ERA5-Land Daily Aggregated,Maharashtra,ERA5-Land Temperature
2017-06-11,2017-06-18,24.0,2017,P123,17.386414030975025,74.27088970551878,Satara,high,priority,24.019301805042062,1,7,ERA5-Land Daily Aggregated,Maharashtra,ERA5-Land Temperature
2017-06-11,2017-06-18,24.0,2017,P124,17.43262815429294,74.647353771057,Satara,high,priority,24.248305711292062,1,7,ERA5-Land Daily Aggregated,Maharashtra,ERA5-Land Temperature
2017-06-11,2017-06-18,24.0,2017,P125,17.56734651531964,74.31728219287884,Satara,high,priority,24.029020927065915,1,7,ERA5-Land Daily Aggregated,Maharashtra,ERA5-Land Temperature
2017-06-11,2017-06-18,24.0,2017,P126,17.205080227535593,74.13053949986157,Satara,high,priority,24.185805711292062,1,7,ERA5-Land Daily Aggregated,Maharashtra,ERA5-Land Temperature
2017-06-11,2017-06-18,24.0,2017,P127,17.65773249367299,74.31694330119876,Satara,high,priority,23.93357356843501,1,7,ERA5-Land Daily Aggregated,Maharashtra,ERA5-Land Temperature
2017-06-11,2017-06-18,24.0,2017,P128,18.019949731345452,74.5517328080669,Satara,high,priority,25.76633724031001,1,7,ERA5-Land Daily Aggregated,Maharashtra,ERA5-Land Temperature
2017-06-11,2017-06-18,24.0,2017,P129,18.063234225271252,74.03192648006461,Satara,high,priority,24.72211290995284,1,7,ERA5-Land Daily Aggregated,Maharashtra,ERA5-Land Temperature
2017-06-11,2017-06-18,24.0,2017,P130,17.61135784271715,74.03436560834085,Satara,high,priority,24.246933873494527,1,7,ERA5-Land Daily Aggregated,Maharashtra,ERA5-Land Temperature
2017-06-11,2017-06-18,24.0,2017,P131,17.612539504496315,74.3171127470388,Satara,high,priority,23.93357356843501,1,7,ERA5-Land Daily Aggregated,Maharashtra,ERA5-Land Temperature
2017-06-11,2017-06-18,24.0,2017,P132,17.702176353872684,74.12817617630324,Satara,high,priority,23.91303087870284,1,7,ERA5-Land Daily Aggregated,Maharashtra,ERA5-Land Temperature
2017-06-11,2017-06-18,24.0,2017,P133,17.25006363896275,74.08329532420031,Satara,high,priority,23.991713914417176,1,7,ERA5-Land Daily Aggregated,Maharashtra,ERA5-Land Temperature
2017-06-11,2017-06-18,24.0,2017,P134,17.476429903940936,74.17634784498362,Satara,high,priority,24.026393508911156,1,7,ERA5-Land Daily Aggregated,Maharashtra,ERA5-Land Temperature
2017-06-11,2017-06-18,24.0,2017,P135,17.882716437324603,74.0801070669471,Satara,high,priority,23.635698754446878,1,7,ERA5-Land Daily Aggregated,Maharashtra,ERA5-Land Temperature
2017-06-11,2017-06-18,24.0,2017,P136,17.928520323345598,74.22149178404871,Satara,high,priority,25.176714379446878,1,7,ERA5-Land Daily Aggregated,Maharashtra,ERA5-Land Temperature
2017-06-11,2017-06-18,24.0,2017,P137,17.746687100588183,73.98648378122894,Satara,high,priority,23.84906603495284,1,7,ERA5-Land Daily Aggregated,Maharashtra,ERA5-Land Temperature
2017-06-11,2017-06-18,24.0,2017,P138,17.61269557303319,74.36423652697161,Satara,high,priority,23.93357356843501,1,7,ERA5-Land Daily Aggregated,Maharashtra,ERA5-Land Temperature
2017-06-11,2017-06-18,24.0,2017,P139,17.656773786946495,74.08126197411994,Satara,high,priority,24.246933873494527,1,7,ERA5-Land Daily Aggregated,Maharashtra,ERA5-Land Temperature
2017-06-11,2017-06-18,24.0,2017,P140,17.97464080554139,74.50462240543725,Satara,high,priority,25.61265652974447,1,7,ERA5-Land Daily Aggregated,Maharashtra,ERA5-Land Temperature
2017-06-11,2017-06-18,24.0,2017,P141,17.430826677467348,74.08239904488856,Satara,high,priority,24.024033482869527,1,7,ERA5-Land Daily Aggregated,Maharashtra,ERA5-Land Temperature
2017-06-11,2017-06-18,24.0,2017,P142,18.064447100757786,74.31538707493111,Satara,high,priority,25.53800762721471,1,7,ERA5-Land Daily Aggregated,Maharashtra,ERA5-Land Temperature
2017-06-11,2017-06-18,24.0,2017,P143,17.70379500755509,74.6468275971327,Satara,high,priority,24.888686570667176,1,7,ERA5-Land Daily Aggregated,Maharashtra,ERA5-Land Temperature
2017-06-11,2017-06-18,24.0,2017,P144,17.929452275465767,74.50474726026674,Satara,high,priority,25.61265652974447,1,7,ERA5-Land Daily Aggregated,Maharashtra,ERA5-Land Temperature
2017-06-11,2017-06-18,24.0,2017,P145,17.47773196144854,74.60017202281048,Satara,high,priority,24.15202129908971,1,7,ERA5-Land Daily Aggregated,Maharashtra,ERA5-Land Temperature
2017-06-11,2017-06-18,24.0,2017,P146,17.839182233739812,74.55218763637436,Satara,high,priority,24.922424479893323,1,7,ERA5-Land Daily Aggregated,Maharashtra,ERA5-Land Temperature
2017-06-11,2017-06-18,24.0,2017,P001,19.940457800458272,74.57045211428928,Ahmednagar,normal,statewide,26.86932970682784,1,7,ERA5-Land Daily Aggregated,Maharashtra,ERA5-Land Temperature
2017-06-11,2017-06-18,24.0,2017,P002,18.946729294293643,74.76302285238339,Ahmednagar,normal,statewide,25.485284877958804,1,7,ERA5-Land Daily Aggregated,Maharashtra,ERA5-Land Temperature
2017-06-11,2017-06-18,24.0,2017,P003,18.49469238410162,74.66892244285252,Ahmednagar,normal,statewide,25.86542345682784,1,7,ERA5-Land Daily Aggregated,Maharashtra,ERA5-Land Temperature
2017-06-11,2017-06-18,24.0,2017,P004,19.03720445466806,75.1420731965326,Ahmednagar,normal,statewide,25.876967820667062,1,7,ERA5-Land Daily Aggregated,Maharashtra,ERA5-Land Temperature
2017-06-11,2017-06-18,24.0,2017,P005,20.832153156317954,77.06560453615967,Akola,normal,statewide,29.85172833033971,1,7,ERA5-Land Daily Aggregated,Maharashtra,ERA5-Land Temperature
2017-06-11,2017-06-18,24.0,2017,P006,20.834360411339407,76.87349308547405,Akola,normal,statewide,29.770755023048082,1,7,ERA5-Land Daily Aggregated,Maharashtra,ERA5-Land Temperature
2017-06-11,2017-06-18,24.0,2017,P007,21.014976299509232,76.87574047240498,Akola,normal,statewide,29.856134487333804,1,7,ERA5-Land Daily Aggregated,Maharashtra,ERA5-Land Temperature
2017-06-11,2017-06-18,24.0,2017,P008,20.828434266039377,77.35372489162701,Akola,normal,statewide,29.917320778256396,1,7,ERA5-Land Daily Aggregated,Maharashtra,ERA5-Land Temperature
2017-06-11,2017-06-18,24.0,2017,P009,21.360971327549258,77.94039543992572,Amravati,normal,statewide,29.100309989565858,1,7,ERA5-Land Daily Aggregated,Maharashtra,ERA5-Land Temperature
2017-06-11,2017-06-18,24.0,2017,P010,21.178803672212837,78.03301542790685,Amravati,normal,statewide,29.6710293906076,1,7,ERA5-Land Daily Aggregated,Maharashtra,ERA5-Land Temperature
2017-06-11,2017-06-18,24.0,2017,P011,20.814388097721018,78.21764450702477,Amravati,normal,statewide,29.377049200875433,1,7,ERA5-Land Daily Aggregated,Maharashtra,ERA5-Land Temperature
2017-06-11,2017-06-18,24.0,2017,P012,21.180502589714195,77.93681032267875,Amravati,normal,statewide,29.641627883911156,1,7,ERA5-Land Daily Aggregated,Maharashtra,ERA5-Land Temperature
2017-06-11,2017-06-18,24.0,2017,P013,20.031289688916964,74.8570519162974,Aurangabad,normal,statewide,26.75487425667899,1,7,ERA5-Land Daily Aggregated,Maharashtra,ERA5-Land Temperature
2017-06-11,2017-06-18,24.0,2017,P014,19.760185263069562,75.14270192978114,Aurangabad,normal,statewide,26.944025112333748,1,7,ERA5-Land Daily Aggregated,Maharashtra,ERA5-Land Temperature
2017-06-11,2017-06-18,24.0,2017,P015,19.9408189876436,74.76157364454102,Aurangabad,normal,statewide,26.94008398510158,1,7,ERA5-Land Daily Aggregated,Maharashtra,ERA5-Land Temperature
2017-06-11,2017-06-18,24.0,2017,P016,19.66981712112043,75.14262166596218,Aurangabad,normal,statewide,27.081197266351637,1,7,ERA5-Land Daily Aggregated,Maharashtra,ERA5-Land Temperature
2017-06-11,2017-06-18,24.0,2017,P017,21.04613203856966,79.85576216552393,Bhandara,normal,statewide,30.26552343822658,1,7,ERA5-Land Daily Aggregated,Maharashtra,ERA5-Land Temperature
2017-06-11,2017-06-18,24.0,2017,P018,21.31897105472685,79.76852877161537,Bhandara,normal,statewide,30.392906715756453,1,7,ERA5-Land Daily Aggregated,Maharashtra,ERA5-Land Temperature
2017-06-11,2017-06-18,24.0,2017,P019,21.40900922319803,79.77144948280537,Bhandara,normal,statewide,30.20189574105399,1,7,ERA5-Land Daily Aggregated,Maharashtra,ERA5-Land Temperature
2017-06-11,2017-06-18,24.0,2017,P020,21.144196588937042,79.57074980349083,Bhandara,normal,statewide,30.14369726635158,1,7,ERA5-Land Daily Aggregated,Maharashtra,ERA5-Land Temperature
2017-06-11,2017-06-18,24.0,2017,P021,18.67502288980403,75.52108340877234,Bid,normal,statewide,24.813142485845674,1,7,ERA5-Land Daily Aggregated,Maharashtra,ERA5-Land Temperature
2017-06-11,2017-06-18,24.0,2017,P022,18.856499384477168,75.04699178476999,Bid,normal,statewide,25.679016276768323,1,7,ERA5-Land Daily Aggregated,Maharashtra,ERA5-Land Temperature
2017-06-11,2017-06-18,24.0,2017,P023,19.126596053486494,75.6175605191647,Bid,normal,statewide,26.63517559596471,1,7,ERA5-Land Daily Aggregated,Maharashtra,ERA5-Land Temperature
2017-06-11,2017-06-18,24.0,2017,P024,18.763955201213946,75.90084720909012,Bid,normal,statewide,24.97392652602423,1,7,ERA5-Land Daily Aggregated,Maharashtra,ERA5-Land Temperature
2017-06-11,2017-06-18,24.0,2017,P025,20.93073496240753,76.20164478885242,Buldana,normal,statewide,29.663658668881396,1,7,ERA5-Land Daily Aggregated,Maharashtra,ERA5-Land Temperature
2017-06-11,2017-06-18,24.0,2017,P026,20.838939908121294,76.39311412898633,Buldana,normal,statewide,30.04008863539923,1,7,ERA5-Land Daily Aggregated,Maharashtra,ERA5-Land Temperature
2017-06-11,2017-06-18,24.0,2017,P027,20.657476790751314,76.48742857536776,Buldana,normal,statewide,30.126154018583804,1,7,ERA5-Land Daily Aggregated,Maharashtra,ERA5-Land Temperature
2017-06-11,2017-06-18,24.0,2017,P028,20.47967013624516,76.10222021266374,Buldana,normal,statewide,27.810247675577784,1,7,ERA5-Land Daily Aggregated,Maharashtra,ERA5-Land Temperature
2017-06-11,2017-06-18,24.0,2017,P029,20.32317798477448,79.92829390325927,Chandrapur,normal,statewide,29.261198661440858,1,7,ERA5-Land Daily Aggregated,Maharashtra,ERA5-Land Temperature
2017-06-11,2017-06-18,24.0,2017,P030,20.60872097983294,79.36304041732026,Chandrapur,normal,statewide,29.461928758167176,1,7,ERA5-Land Daily Aggregated,Maharashtra,ERA5-Land Temperature
2017-06-11,2017-06-18,24.0,2017,P031,20.511160307884595,79.64732594588165,Chandrapur,normal,statewide,29.296808315458804,1,7,ERA5-Land Daily Aggregated,Maharashtra,ERA5-Land Temperature
2017-06-11,2017-06-18,24.0,2017,P032,20.598621115946884,79.74569817422172,Chandrapur,normal,statewide,29.46318433852423,1,7,ERA5-Land Daily Aggregated,Maharashtra,ERA5-Land Temperature
2017-06-11,2017-06-18,24.0,2017,P033,21.38667804512237,75.14422248324037,Dhule,normal,statewide,29.256292597452784,1,7,ERA5-Land Daily Aggregated,Maharashtra,ERA5-Land Temperature
2017-06-11,2017-06-18,24.0,2017,P034,21.025151968113196,74.75989256344387,Dhule,normal,statewide,30.64590615772073,1,7,ERA5-Land Daily Aggregated,Maharashtra,ERA5-Land Temperature
2017-06-11,2017-06-18,24.0,2017,P035,21.477028350667293,74.85568743137505,Dhule,normal,statewide,29.4622891562326,1,7,ERA5-Land Daily Aggregated,Maharashtra,ERA5-Land Temperature
2017-06-11,2017-06-18,24.0,2017,P036,20.933820660336515,74.37533522949364,Dhule,normal,statewide,28.745306269327784,1,7,ERA5-Land Daily Aggregated,Maharashtra,ERA5-Land Temperature
2017-06-11,2017-06-18,24.0,2017,P037,19.963056524597132,79.91698116388667,Garhchiroli,normal,statewide,28.557248233613507,1,7,ERA5-Land Daily Aggregated,Maharashtra,ERA5-Land Temperature
2017-06-11,2017-06-18,24.0,2017,P038,19.062661462582188,79.88977172925856,Garhchiroli,normal,statewide,28.123747489565858,1,7,ERA5-Land Daily Aggregated,Maharashtra,ERA5-Land Temperature
2017-06-11,2017-06-18,24.0,2017,P039,19.510270485428137,79.9981368030594,Garhchiroli,normal,statewide,28.246922247750433,1,7,ERA5-Land Daily Aggregated,Maharashtra,ERA5-Land Temperature
2017-06-11,2017-06-18,24.0,2017,P040,19.870365190999156,80.00935144220881,Garhchiroli,normal,statewide,28.027928107125433,1,7,ERA5-Land Daily Aggregated,Maharashtra,ERA5-Land Temperature
2017-06-11,2017-06-18,24.0,2017,P041,21.127639946725598,80.1465044724107,Gondiya,normal,statewide,30.187084543137303,1,7,ERA5-Land Daily Aggregated,Maharashtra,ERA5-Land Temperature
2017-06-11,2017-06-18,24.0,2017,P042,21.397598383602258,80.15591763473452,Gondiya,normal,statewide,30.0578876495361,1,7,ERA5-Land Daily Aggregated,Maharashtra,ERA5-Land Temperature
2017-06-11,2017-06-18,24.0,2017,P043,21.574548890706154,80.25847249986273,Gondiya,normal,statewide,30.214800316946878,1,7,ERA5-Land Daily Aggregated,Maharashtra,ERA5-Land Temperature
2017-06-11,2017-06-18,24.0,2017,P044,21.211649410572516,80.34153217518526,Gondiya,normal,statewide,30.10527418227423,1,7,ERA5-Land Daily Aggregated,Maharashtra,ERA5-Land Temperature
2017-06-11,2017-06-18,24.0,2017,P045,19.655900266732623,77.2407892392464,Hingoli,normal,statewide,27.057910901024286,1,7,ERA5-Land Daily Aggregated,Maharashtra,ERA5-Land Temperature
2017-06-11,2017-06-18,24.0,2017,P046,19.566758377573187,77.1442675378435,Hingoli,normal,statewide,26.928772136143323,1,7,ERA5-Land Daily Aggregated,Maharashtra,ERA5-Land Temperature
2017-06-11,2017-06-18,24.0,2017,P047,19.47860194974656,76.9526242927685,Hingoli,normal,statewide,27.02268489655995,1,7,ERA5-Land Daily Aggregated,Maharashtra,ERA5-Land Temperature
2017-06-11,2017-06-18,24.0,2017,P048,19.927981235710728,77.14910120338544,Hingoli,normal,statewide,27.209975633167062,1,7,ERA5-Land Daily Aggregated,Maharashtra,ERA5-Land Temperature
2017-06-11,2017-06-18,24.0,2017,P049,21.292738163229433,76.10816865346904,Jalgaon,normal,statewide,29.76239611307784,1,7,ERA5-Land Daily Aggregated,Maharashtra,ERA5-Land Temperature
2017-06-11,2017-06-18,24.0,2017,P050,21.386178625804387,75.43363151891216,Jalgaon,normal,statewide,27.841358166649286,1,7,ERA5-Land Daily Aggregated,Maharashtra,ERA5-Land Temperature
2017-06-11,2017-06-18,24.0,2017,P051,21.112064306745907,76.10682200495089,Jalgaon,normal,statewide,29.359552456083804,1,7,ERA5-Land Daily Aggregated,Maharashtra,ERA5-Land Temperature
2017-06-11,2017-06-18,24.0,2017,P052,20.844437979720194,75.23982115072519,Jalgaon,normal,statewide,30.374898438226637,1,7,ERA5-Land Daily Aggregated,Maharashtra,ERA5-Land Temperature
2017-06-11,2017-06-18,24.0,2017,P053,19.486369703781666,76.00005328932718,Jalna,normal,statewide,26.869876116798025,1,7,ERA5-Land Daily Aggregated,Maharashtra,ERA5-Land Temperature
2017-06-11,2017-06-18,24.0,2017,P054,20.028502750758555,76.00343774702675,Jalna,normal,statewide,26.976181920369527,1,7,ERA5-Land Daily Aggregated,Maharashtra,ERA5-Land Temperature
2017-06-11,2017-06-18,24.0,2017,P055,19.75743845682064,76.00172991132328,Jalna,normal,statewide,27.043274089268323,1,7,ERA5-Land Daily Aggregated,Maharashtra,ERA5-Land Temperature
2017-06-11,2017-06-18,24.0,2017,P056,19.57768317515413,75.80993951591351,Jalna,normal,statewide,26.97770489283971,1,7,ERA5-Land Daily Aggregated,Maharashtra,ERA5-Land Temperature
2017-06-11,2017-06-18,24.0,2017,P057,16.776377793156257,74.29671235971928,Kolhapur,normal,statewide,23.917390532720674,1,7,ERA5-Land Daily Aggregated,Maharashtra,ERA5-Land Temperature
2017-06-11,2017-06-18,24.0,2017,P058,16.324416687682138,74.29834884980589,Kolhapur,normal,statewide,23.383722377958748,1,7,ERA5-Land Daily Aggregated,Maharashtra,ERA5-Land Temperature
2017-06-11,2017-06-18,24.0,2017,P059,16.595891218916975,74.39111598812178,Kolhapur,normal,statewide,23.90110286531001,1,7,ERA5-Land Daily Aggregated,Maharashtra,ERA5-Land Temperature
2017-06-11,2017-06-18,24.0,2017,P060,16.414811584237594,74.29802779453004,Kolhapur,normal,statewide,23.659519904000433,1,7,ERA5-Land Daily Aggregated,Maharashtra,ERA5-Land Temperature
2017-06-11,2017-06-18,24.0,2017,P086,21.054127206758487,79.56798961993874,Nagpur,normal,statewide,30.1209805624826,1,7,ERA5-Land Daily Aggregated,Maharashtra,ERA5-Land Temperature
2017-06-11,2017-06-18,24.0,2017,P087,21.146765031143822,79.47473643960802,Nagpur,normal,statewide,30.22508910042899,1,7,ERA5-Land Daily Aggregated,Maharashtra,ERA5-Land Temperature
2017-06-11,2017-06-18,24.0,2017,P088,21.347803602138427,78.61442869606356,Nagpur,normal,statewide,29.084254837036156,1,7,ERA5-Land Daily Aggregated,Maharashtra,ERA5-Land Temperature
2017-06-11,2017-06-18,24.0,2017,P089,21.165377318940912,78.70615240473293,Nagpur,normal,statewide,29.27116192408971,1,7,ERA5-Land Daily Aggregated,Maharashtra,ERA5-Land Temperature
2017-06-11,2017-06-18,24.0,2017,P090,19.201968238592887,77.42470040309472,Nanded,normal,statewide,26.372178014119527,1,7,ERA5-Land Daily Aggregated,Maharashtra,ERA5-Land Temperature
2017-06-11,2017-06-18,24.0,2017,P091,18.566038000956755,77.69963965584807,Nanded,normal,statewide,26.208150391351637,1,7,ERA5-Land Daily Aggregated,Maharashtra,ERA5-Land Temperature
2017-06-11,2017-06-18,24.0,2017,P092,19.736596618496833,77.90946265591798,Nanded,normal,statewide,27.957766741798082,1,7,ERA5-Land Daily Aggregated,Maharashtra,ERA5-Land Temperature
2017-06-11,2017-06-18,24.0,2017,P093,18.93564842817583,77.04115528508362,Nanded,normal,statewide,26.541937128702784,1,7,ERA5-Land Daily Aggregated,Maharashtra,ERA5-Land Temperature
2017-06-11,2017-06-18,24.0,2017,P094,21.564917232430716,74.08292967791392,Nandurbar,normal,statewide,28.608761905488507,1,7,ERA5-Land Daily Aggregated,Maharashtra,ERA5-Land Temperature
2017-06-11,2017-06-18,24.0,2017,P095,21.5662594218478,74.37266422796263,Nandurbar,normal,statewide,30.079046503702784,1,7,ERA5-Land Daily Aggregated,Maharashtra,ERA5-Land Temperature
2017-06-11,2017-06-18,24.0,2017,P096,21.385179787168415,74.27697637845674,Nandurbar,normal,statewide,29.4493497031076,1,7,ERA5-Land Daily Aggregated,Maharashtra,ERA5-Land Temperature
2017-06-11,2017-06-18,24.0,2017,P097,21.565421110849755,74.17950488852946,Nandurbar,normal,statewide,29.13822154090525,1,7,ERA5-Land Daily Aggregated,Maharashtra,ERA5-Land Temperature
2017-06-11,2017-06-18,24.0,2017,P098,20.299553667393326,73.99482675929994,Nashik,normal,statewide,25.379420852661156,1,7,ERA5-Land Daily Aggregated,Maharashtra,ERA5-Land Temperature
2017-06-11,2017-06-18,24.0,2017,P099,20.120253214034264,74.28296495117151,Nashik,normal,statewide,26.522940662929102,1,7,ERA5-Land Daily Aggregated,Maharashtra,ERA5-Land Temperature
2017-06-11,2017-06-18,24.0,2017,P100,20.389903972938242,73.99424261706194,Nashik,normal,statewide,25.193269438970674,1,7,ERA5-Land Daily Aggregated,Maharashtra,ERA5-Land Temperature
2017-06-11,2017-06-18,24.0,2017,P101,20.029015547379707,74.09216447619562,Nashik,normal,statewide,26.330174200875433,1,7,ERA5-Land Daily Aggregated,Maharashtra,ERA5-Land Temperature
2017-06-11,2017-06-18,24.0,2017,P102,17.85749130266526,76.36802722645965,Osmanabad,normal,statewide,24.519859840756396,1,7,ERA5-Land Daily Aggregated,Maharashtra,ERA5-Land Temperature
2017-06-11,2017-06-18,24.0,2017,P103,17.76644983645705,76.46164605307673,Osmanabad,normal,statewide,24.612749535696878,1,7,ERA5-Land Daily Aggregated,Maharashtra,ERA5-Land Temperature
2017-06-11,2017-06-18,24.0,2017,P104,17.949094615606196,76.17989775301476,Osmanabad,normal,statewide,24.569211124238564,1,7,ERA5-Land Daily Aggregated,Maharashtra,ERA5-Land Temperature
2017-06-11,2017-06-18,24.0,2017,P105,18.584360447185368,75.61558067829696,Osmanabad,normal,statewide,24.793704241798082,1,7,ERA5-Land Daily Aggregated,Maharashtra,ERA5-Land Temperature
2017-06-11,2017-06-18,24.0,2017,P106,19.031389786894366,76.47235681380711,Parbhani,normal,statewide,26.657078497750433,1,7,ERA5-Land Daily Aggregated,Maharashtra,ERA5-Land Temperature
2017-06-11,2017-06-18,24.0,2017,P107,19.120950831552832,76.56820519095093,Parbhani,normal,statewide,26.64924274626236,1,7,ERA5-Land Daily Aggregated,Maharashtra,ERA5-Land Temperature
2017-06-11,2017-06-18,24.0,2017,P108,19.208625676465683,76.85432786914635,Parbhani,normal,statewide,26.941432571411156,1,7,ERA5-Land Daily Aggregated,Maharashtra,ERA5-Land Temperature
2017-06-11,2017-06-18,24.0,2017,P109,19.212081479782103,76.47396209018636,Parbhani,normal,statewide,26.699175316946878,1,7,ERA5-Land Daily Aggregated,Maharashtra,ERA5-Land Temperature
2017-06-11,2017-06-18,24.0,2017,P110,18.133442771357757,75.04679558432363,Pune,normal,statewide,25.8507168906076,1,7,ERA5-Land Daily Aggregated,Maharashtra,ERA5-Land Temperature
2017-06-11,2017-06-18,24.0,2017,P111,18.584645829652782,74.47919215212944,Pune,normal,statewide,25.94367634001236,1,7,ERA5-Land Daily Aggregated,Maharashtra,ERA5-Land Temperature
2017-06-11,2017-06-18,24.0,2017,P112,18.132979024848197,74.57507620208169,Pune,normal,statewide,25.549517113821878,1,7,ERA5-Land Daily Aggregated,Maharashtra,ERA5-Land Temperature
2017-06-11,2017-06-18,24.0,2017,P113,18.314072036830744,74.76389683618987,Pune,normal,statewide,25.918657738821878,1,7,ERA5-Land Daily Aggregated,Maharashtra,ERA5-Land Temperature
2017-06-11,2017-06-18,24.0,2017,P114,18.48503397121986,73.0589238755964,Raigarh,normal,statewide,26.475856399536156,1,7,ERA5-Land Daily Aggregated,Maharashtra,ERA5-Land Temperature
2017-06-11,2017-06-18,24.0,2017,P115,18.665689991299164,73.05687714821288,Raigarh,normal,statewide,26.731959915161156,1,7,ERA5-Land Daily Aggregated,Maharashtra,ERA5-Land Temperature
2017-06-11,2017-06-18,24.0,2017,P116,18.306197264370358,73.25009891506079,Raigarh,normal,statewide,25.998805618286156,1,7,ERA5-Land Daily Aggregated,Maharashtra,ERA5-Land Temperature
2017-06-11,2017-06-18,24.0,2017,P117,18.21404102289879,73.06194714611064,Raigarh,normal,statewide,26.51511653718501,1,7,ERA5-Land Daily Aggregated,Maharashtra,ERA5-Land Temperature
2017-06-11,2017-06-18,24.0,2017,P118,17.138719885658215,75.42259970290594,Sangli,normal,statewide,25.354274368286156,1,7,ERA5-Land Daily Aggregated,Maharashtra,ERA5-Land Temperature
2017-06-11,2017-06-18,24.0,2017,P119,17.048761981005992,74.95348443567921,Sangli,normal,statewide,24.42520303272073,1,7,ERA5-Land Daily Aggregated,Maharashtra,ERA5-Land Temperature
2017-06-11,2017-06-18,24.0,2017,P120,16.86707144948229,74.39025538161847,Sangli,normal,statewide,24.188328497750433,1,7,ERA5-Land Daily Aggregated,Maharashtra,ERA5-Land Temperature
2017-06-11,2017-06-18,24.0,2017,P121,17.048503353144895,74.67157114887826,Sangli,normal,statewide,24.216393043881396,1,7,ERA5-Land Daily Aggregated,Maharashtra,ERA5-Land Temperature
2017-06-11,2017-06-18,24.0,2017,P148,17.67852974098626,76.08383979812143,Solapur,normal,statewide,25.34032347542899,1,7,ERA5-Land Daily Aggregated,Maharashtra,ERA5-Land Temperature
2017-06-11,2017-06-18,24.0,2017,P149,18.223365003201543,75.4251413905064,Solapur,normal,statewide,25.609691965012303,1,7,ERA5-Land Daily Aggregated,Maharashtra,ERA5-Land Temperature
2017-06-11,2017-06-18,24.0,2017,P150,17.952532582518405,75.23562067753285,Solapur,normal,statewide,25.67301739283971,1,7,ERA5-Land Daily Aggregated,Maharashtra,ERA5-Land Temperature
2017-06-11,2017-06-18,24.0,2017,P151,18.223690517578447,75.23598186471818,Solapur,normal,statewide,25.623480097452784,1,7,ERA5-Land Daily Aggregated,Maharashtra,ERA5-Land Temperature
2017-06-11,2017-06-18,24.0,2017,P152,19.658178867370932,72.94986318203122,Thane,normal,statewide,27.617818360101637,1,7,ERA5-Land Daily Aggregated,Maharashtra,ERA5-Land Temperature
2017-06-11,2017-06-18,24.0,2017,P153,19.65706409210757,72.8545320606096,Thane,normal,statewide,27.640558315458748,1,7,ERA5-Land Daily Aggregated,Maharashtra,ERA5-Land Temperature
2017-06-11,2017-06-18,24.0,2017,P154,19.477549601897948,72.95214624177059,Thane,normal,statewide,27.40360240028025,1,7,ERA5-Land Daily Aggregated,Maharashtra,ERA5-Land Temperature
2017-06-11,2017-06-18,24.0,2017,P155,19.83987385799569,73.0429959666335,Thane,normal,statewide,27.093567058018323,1,7,ERA5-Land Daily Aggregated,Maharashtra,ERA5-Land Temperature
2017-06-11,2017-06-18,24.0,2017,P156,20.806749657616468,78.60135461177485,Wardha,normal,statewide,29.166530227661156,1,7,ERA5-Land Daily Aggregated,Maharashtra,ERA5-Land Temperature
2017-06-11,2017-06-18,24.0,2017,P157,20.71031267913359,78.88671032458906,Wardha,normal,statewide,29.46891583033971,1,7,ERA5-Land Daily Aggregated,Maharashtra,ERA5-Land Temperature
2017-06-11,2017-06-18,24.0,2017,P158,21.081265295769754,78.41565980750515,Wardha,normal,statewide,28.727611886887303,1,7,ERA5-Land Daily Aggregated,Maharashtra,ERA5-Land Temperature
2017-06-11,2017-06-18,24.0,2017,P159,20.439854822938944,78.87986114537097,Wardha,normal,statewide,29.2730801718576,1,7,ERA5-Land Daily Aggregated,Maharashtra,ERA5-Land Temperature
2017-06-11,2017-06-18,24.0,2017,P160,20.289186257444058,77.15404188735265,Washim,normal,statewide,28.200221633911156,1,7,ERA5-Land Daily Aggregated,Maharashtra,ERA5-Land Temperature
2017-06-11,2017-06-18,24.0,2017,P161,20.464607292886615,77.53975858757677,Washim,normal,statewide,28.833650298345674,1,7,ERA5-Land Daily Aggregated,Maharashtra,ERA5-Land Temperature
2017-06-11,2017-06-18,24.0,2017,P162,20.107393166596125,77.2471479173486,Washim,normal,statewide,27.610063988821878,1,7,ERA5-Land Daily Aggregated,Maharashtra,ERA5-Land Temperature
2017-06-11,2017-06-18,24.0,2017,P163,20.198885002010726,77.1527933390577,Washim,normal,statewide,27.54538997468495,1,7,ERA5-Land Daily Aggregated,Maharashtra,ERA5-Land Temperature
2017-06-11,2017-06-18,24.0,2017,P164,20.182854533723592,78.20447678161395,Yavatmal,normal,statewide,28.69168833778025,1,7,ERA5-Land Daily Aggregated,Maharashtra,ERA5-Land Temperature
2017-06-11,2017-06-18,24.0,2017,P165,19.894658373538324,79.05709703494229,Yavatmal,normal,statewide,28.655090495518323,1,7,ERA5-Land Daily Aggregated,Maharashtra,ERA5-Land Temperature
2017-06-11,2017-06-18,24.0,2017,P166,19.468787468327925,77.71426550730338,Yavatmal,normal,statewide,26.944490142095674,1,7,ERA5-Land Daily Aggregated,Maharashtra,ERA5-Land Temperature
2017-06-11,2017-06-18,24.0,2017,P167,19.559057510053886,77.71577268345945,Yavatmal,normal,statewide,27.091823196411156,1,7,ERA5-Land Daily Aggregated,Maharashtra,ERA5-Land Temperature
2017-06-18,2017-06-25,25.0,2017,P147,17.927231643141155,73.94769852026607,Satara,case_study,case_study,23.864048894246423,1,7,ERA5-Land Daily Aggregated,Maharashtra,ERA5-Land Temperature
2017-06-18,2017-06-25,25.0,2017,P061,18.507855650411397,76.91766048140843,Latur,high,priority,27.025332841419015,1,7,ERA5-Land Daily Aggregated,Maharashtra,ERA5-Land Temperature
2017-06-18,2017-06-25,25.0,2017,P062,18.422405896924207,76.3487594508077,Latur,high,priority,26.230701610020276,1,7,ERA5-Land Daily Aggregated,Maharashtra,ERA5-Land Temperature
2017-06-18,2017-06-25,25.0,2017,P063,18.235391198742693,77.05646783810116,Latur,high,priority,26.224935240972627,1,7,ERA5-Land Daily Aggregated,Maharashtra,ERA5-Land Temperature
2017-06-18,2017-06-25,25.0,2017,P064,18.193056493341274,76.77240080549139,Latur,high,priority,25.982271085466664,1,7,ERA5-Land Daily Aggregated,Maharashtra,ERA5-Land Temperature
2017-06-18,2017-06-25,25.0,2017,P065,18.331355512513895,76.44266811899327,Latur,high,priority,26.08198509216311,1,7,ERA5-Land Daily Aggregated,Maharashtra,ERA5-Land Temperature
2017-06-18,2017-06-25,25.0,2017,P066,18.104739537876725,76.5352970251765,Latur,high,priority,25.862514296032202,1,7,ERA5-Land Daily Aggregated,Maharashtra,ERA5-Land Temperature
2017-06-18,2017-06-25,25.0,2017,P067,18.280552974211986,77.0569984711265,Latur,high,priority,26.224935240972627,1,7,ERA5-Land Daily Aggregated,Maharashtra,ERA5-Land Temperature
2017-06-18,2017-06-25,25.0,2017,P068,18.101823285787773,76.86595720469373,Latur,high,priority,26.08729805719281,1,7,ERA5-Land Daily Aggregated,Maharashtra,ERA5-Land Temperature
2017-06-18,2017-06-25,25.0,2017,P069,18.595075667016793,77.20284228928156,Latur,high,priority,27.64884474618094,1,7,ERA5-Land Daily Aggregated,Maharashtra,ERA5-Land Temperature
2017-06-18,2017-06-25,25.0,2017,P070,18.41499041187233,77.15322587185987,Latur,high,priority,27.222145062401182,1,7,ERA5-Land Daily Aggregated,Maharashtra,ERA5-Land Temperature
2017-06-18,2017-06-25,25.0,2017,P071,18.149138807065885,76.63019561379593,Latur,high,priority,25.858422034127386,1,7,ERA5-Land Daily Aggregated,Maharashtra,ERA5-Land Temperature
2017-06-18,2017-06-25,25.0,2017,P072,18.283393421583035,76.77331492120734,Latur,high,priority,26.07756730942498,1,7,ERA5-Land Daily Aggregated,Maharashtra,ERA5-Land Temperature
2017-06-18,2017-06-25,25.0,2017,P073,17.966315663874607,76.86453029235662,Latur,high,priority,25.948172778175035,1,7,ERA5-Land Daily Aggregated,Maharashtra,ERA5-Land Temperature
2017-06-18,2017-06-25,25.0,2017,P074,18.50832831512306,76.870318205524,Latur,high,priority,26.934082376389313,1,7,ERA5-Land Daily Aggregated,Maharashtra,ERA5-Land Temperature
2017-06-18,2017-06-25,25.0,2017,P075,18.41444640154381,77.20053247493588,Latur,high,priority,27.474191193353533,1,7,ERA5-Land Daily Aggregated,Maharashtra,ERA5-Land Temperature
2017-06-18,2017-06-25,25.0,2017,P076,18.377877313804504,76.25376722106614,Latur,high,priority,25.756964165823888,1,7,ERA5-Land Daily Aggregated,Maharashtra,ERA5-Land Temperature
2017-06-18,2017-06-25,25.0,2017,P077,18.059564385104267,76.5349046242838,Latur,high,priority,25.872907711210757,1,7,ERA5-Land Daily Aggregated,Maharashtra,ERA5-Land Temperature
2017-06-18,2017-06-25,25.0,2017,P078,18.1008824154655,76.96042326051098,Latur,high,priority,26.146135947817868,1,7,ERA5-Land Daily Aggregated,Maharashtra,ERA5-Land Temperature
2017-06-18,2017-06-25,25.0,2017,P079,18.73508698099394,76.77797468180819,Latur,high,priority,27.532157153175035,1,7,ERA5-Land Daily Aggregated,Maharashtra,ERA5-Land Temperature
2017-06-18,2017-06-25,25.0,2017,P080,18.46791548227568,76.3017694439065,Latur,high,priority,26.230701610020276,1,7,ERA5-Land Daily Aggregated,Maharashtra,ERA5-Land Temperature
2017-06-18,2017-06-25,25.0,2017,P081,18.10355787609756,76.67701617485712,Latur,high,priority,25.858422034127386,1,7,ERA5-Land Daily Aggregated,Maharashtra,ERA5-Land Temperature
2017-06-18,2017-06-25,25.0,2017,P082,18.23907887531389,76.67830931416262,Latur,high,priority,26.009579958234553,1,7,ERA5-Land Daily Aggregated,Maharashtra,ERA5-Land Temperature
2017-06-18,2017-06-25,25.0,2017,P083,18.369289085175563,77.19996171000103,Latur,high,priority,26.80115361894883,1,7,ERA5-Land Daily Aggregated,Maharashtra,ERA5-Land Temperature
2017-06-18,2017-06-25,25.0,2017,P084,18.46362582706226,76.82249880582684,Latur,high,priority,26.504697145734553,1,7,ERA5-Land Daily Aggregated,Maharashtra,ERA5-Land Temperature
2017-06-18,2017-06-25,25.0,2017,P085,18.14788579966987,76.77194597718393,Latur,high,priority,25.982271085466664,1,7,ERA5-Land Daily Aggregated,Maharashtra,ERA5-Land Temperature
2017-06-18,2017-06-25,25.0,2017,P122,17.88145897082753,73.8441448165019,Satara,high,priority,23.43715157281781,1,7,ERA5-Land Daily Aggregated,Maharashtra,ERA5-Land Temperature
2017-06-18,2017-06-25,25.0,2017,P123,17.386414030975025,74.27088970551878,Satara,high,priority,24.285970397222684,1,7,ERA5-Land Daily Aggregated,Maharashtra,ERA5-Land Temperature
2017-06-18,2017-06-25,25.0,2017,P124,17.43262815429294,74.647353771057,Satara,high,priority,24.57777657281781,1,7,ERA5-Land Daily Aggregated,Maharashtra,ERA5-Land Temperature
2017-06-18,2017-06-25,25.0,2017,P125,17.56734651531964,74.31728219287884,Satara,high,priority,24.203450865972684,1,7,ERA5-Land Daily Aggregated,Maharashtra,ERA5-Land Temperature
2017-06-18,2017-06-25,25.0,2017,P126,17.205080227535593,74.13053949986157,Satara,high,priority,24.43180373055594,1,7,ERA5-Land Daily Aggregated,Maharashtra,ERA5-Land Temperature
2017-06-18,2017-06-25,25.0,2017,P127,17.65773249367299,74.31694330119876,Satara,high,priority,24.11857130868094,1,7,ERA5-Land Daily Aggregated,Maharashtra,ERA5-Land Temperature
2017-06-18,2017-06-25,25.0,2017,P128,18.019949731345452,74.5517328080669,Satara,high,priority,26.31875499543696,1,7,ERA5-Land Daily Aggregated,Maharashtra,ERA5-Land Temperature
2017-06-18,2017-06-25,25.0,2017,P129,18.063234225271252,74.03192648006461,Satara,high,priority,24.953346234276182,1,7,ERA5-Land Daily Aggregated,Maharashtra,ERA5-Land Temperature
2017-06-18,2017-06-25,25.0,2017,P130,17.61135784271715,74.03436560834085,Satara,high,priority,24.24746593293696,1,7,ERA5-Land Daily Aggregated,Maharashtra,ERA5-Land Temperature
2017-06-18,2017-06-25,25.0,2017,P131,17.612539504496315,74.3171127470388,Satara,high,priority,24.11857130868094,1,7,ERA5-Land Daily Aggregated,Maharashtra,ERA5-Land Temperature
2017-06-18,2017-06-25,25.0,2017,P132,17.702176353872684,74.12817617630324,Satara,high,priority,24.0806713830857,1,7,ERA5-Land Daily Aggregated,Maharashtra,ERA5-Land Temperature
2017-06-18,2017-06-25,25.0,2017,P133,17.25006363896275,74.08329532420031,Satara,high,priority,24.167690077282202,1,7,ERA5-Land Daily Aggregated,Maharashtra,ERA5-Land Temperature
2017-06-18,2017-06-25,25.0,2017,P134,17.476429903940936,74.17634784498362,Satara,high,priority,24.160028711954737,1,7,ERA5-Land Daily Aggregated,Maharashtra,ERA5-Land Temperature
2017-06-18,2017-06-25,25.0,2017,P135,17.882716437324603,74.0801070669471,Satara,high,priority,23.772810054960757,1,7,ERA5-Land Daily Aggregated,Maharashtra,ERA5-Land Temperature
2017-06-18,2017-06-25,25.0,2017,P136,17.928520323345598,74.22149178404871,Satara,high,priority,25.46723899841311,1,7,ERA5-Land Daily Aggregated,Maharashtra,ERA5-Land Temperature
2017-06-18,2017-06-25,25.0,2017,P137,17.746687100588183,73.98648378122894,Satara,high,priority,23.833554567609553,1,7,ERA5-Land Daily Aggregated,Maharashtra,ERA5-Land Temperature
2017-06-18,2017-06-25,25.0,2017,P138,17.61269557303319,74.36423652697161,Satara,high,priority,24.11857130868094,1,7,ERA5-Land Daily Aggregated,Maharashtra,ERA5-Land Temperature
2017-06-18,2017-06-25,25.0,2017,P139,17.656773786946495,74.08126197411994,Satara,high,priority,24.24746593293696,1,7,ERA5-Land Daily Aggregated,Maharashtra,ERA5-Land Temperature
2017-06-18,2017-06-25,25.0,2017,P140,17.97464080554139,74.50462240543725,Satara,high,priority,26.124570192609553,1,7,ERA5-Land Daily Aggregated,Maharashtra,ERA5-Land Temperature
2017-06-18,2017-06-25,25.0,2017,P141,17.430826677467348,74.08239904488856,Satara,high,priority,24.085426312401182,1,7,ERA5-Land Daily Aggregated,Maharashtra,ERA5-Land Temperature
2017-06-18,2017-06-25,25.0,2017,P142,18.064447100757786,74.31538707493111,Satara,high,priority,25.901948819841664,1,7,ERA5-Land Daily Aggregated,Maharashtra,ERA5-Land Temperature
2017-06-18,2017-06-25,25.0,2017,P143,17.70379500755509,74.6468275971327,Satara,high,priority,25.226772108532202,1,7,ERA5-Land Daily Aggregated,Maharashtra,ERA5-Land Temperature
2017-06-18,2017-06-25,25.0,2017,P144,17.929452275465767,74.50474726026674,Satara,high,priority,26.124570192609553,1,7,ERA5-Land Daily Aggregated,Maharashtra,ERA5-Land Temperature
2017-06-18,2017-06-25,25.0,2017,P145,17.47773196144854,74.60017202281048,Satara,high,priority,24.430536524454737,1,7,ERA5-Land Daily Aggregated,Maharashtra,ERA5-Land Temperature
2017-06-18,2017-06-25,25.0,2017,P146,17.839182233739812,74.55218763637436,Satara,high,priority,25.235805311657202,1,7,ERA5-Land Daily Aggregated,Maharashtra,ERA5-Land Temperature
2017-06-18,2017-06-25,25.0,2017,P001,19.940457800458272,74.57045211428928,Ahmednagar,normal,statewide,26.999372554960814,1,7,ERA5-Land Daily Aggregated,Maharashtra,ERA5-Land Temperature
2017-06-18,2017-06-25,25.0,2017,P002,18.946729294293643,74.76302285238339,Ahmednagar,normal,statewide,25.660249601091664,1,7,ERA5-Land Daily Aggregated,Maharashtra,ERA5-Land Temperature
2017-06-18,2017-06-25,25.0,2017,P003,18.49469238410162,74.66892244285252,Ahmednagar,normal,statewide,26.552455702282202,1,7,ERA5-Land Daily Aggregated,Maharashtra,ERA5-Land Temperature
2017-06-18,2017-06-25,25.0,2017,P004,19.03720445466806,75.1420731965326,Ahmednagar,normal,statewide,26.564499973115517,1,7,ERA5-Land Daily Aggregated,Maharashtra,ERA5-Land Temperature
2017-06-18,2017-06-25,25.0,2017,P005,20.832153156317954,77.06560453615967,Akola,normal,statewide,30.889276758829794,1,7,ERA5-Land Daily Aggregated,Maharashtra,ERA5-Land Temperature
2017-06-18,2017-06-25,25.0,2017,P006,20.834360411339407,76.87349308547405,Akola,normal,statewide,30.670026851835757,1,7,ERA5-Land Daily Aggregated,Maharashtra,ERA5-Land Temperature
2017-06-18,2017-06-25,25.0,2017,P007,21.014976299509232,76.87574047240498,Akola,normal,statewide,30.528506669544015,1,7,ERA5-Land Daily Aggregated,Maharashtra,ERA5-Land Temperature
2017-06-18,2017-06-25,25.0,2017,P008,20.828434266039377,77.35372489162701,Akola,normal,statewide,31.03731898353209,1,7,ERA5-Land Daily Aggregated,Maharashtra,ERA5-Land Temperature
2017-06-18,2017-06-25,25.0,2017,P009,21.360971327549258,77.94039543992572,Amravati,normal,statewide,29.42960646493094,1,7,ERA5-Land Daily Aggregated,Maharashtra,ERA5-Land Temperature
2017-06-18,2017-06-25,25.0,2017,P010,21.178803672212837,78.03301542790685,Amravati,normal,statewide,30.402925382341664,1,7,ERA5-Land Daily Aggregated,Maharashtra,ERA5-Land Temperature
2017-06-18,2017-06-25,25.0,2017,P011,20.814388097721018,78.21764450702477,Amravati,normal,statewide,30.402123206002386,1,7,ERA5-Land Daily Aggregated,Maharashtra,ERA5-Land Temperature
2017-06-18,2017-06-25,25.0,2017,P012,21.180502589714195,77.93681032267875,Amravati,normal,statewide,30.393555032639256,1,7,ERA5-Land Daily Aggregated,Maharashtra,ERA5-Land Temperature
2017-06-18,2017-06-25,25.0,2017,P013,20.031289688916964,74.8570519162974,Aurangabad,normal,statewide,27.00623174394883,1,7,ERA5-Land Daily Aggregated,Maharashtra,ERA5-Land Temperature
2017-06-18,2017-06-25,25.0,2017,P014,19.760185263069562,75.14270192978114,Aurangabad,normal,statewide,27.527065077282202,1,7,ERA5-Land Daily Aggregated,Maharashtra,ERA5-Land Temperature
2017-06-18,2017-06-25,25.0,2017,P015,19.9408189876436,74.76157364454102,Aurangabad,normal,statewide,27.204578563145276,1,7,ERA5-Land Daily Aggregated,Maharashtra,ERA5-Land Temperature
2017-06-18,2017-06-25,25.0,2017,P016,19.66981712112043,75.14262166596218,Aurangabad,normal,statewide,27.724830609276182,1,7,ERA5-Land Daily Aggregated,Maharashtra,ERA5-Land Temperature
2017-06-18,2017-06-25,25.0,2017,P017,21.04613203856966,79.85576216552393,Bhandara,normal,statewide,31.906064333234553,1,7,ERA5-Land Daily Aggregated,Maharashtra,ERA5-Land Temperature
2017-06-18,2017-06-25,25.0,2017,P018,21.31897105472685,79.76852877161537,Bhandara,normal,statewide,31.833356929960757,1,7,ERA5-Land Daily Aggregated,Maharashtra,ERA5-Land Temperature
2017-06-18,2017-06-25,25.0,2017,P019,21.40900922319803,79.77144948280537,Bhandara,normal,statewide,31.35022588457383,1,7,ERA5-Land Daily Aggregated,Maharashtra,ERA5-Land Temperature
2017-06-18,2017-06-25,25.0,2017,P020,21.144196588937042,79.57074980349083,Bhandara,normal,statewide,31.999744578770276,1,7,ERA5-Land Daily Aggregated,Maharashtra,ERA5-Land Temperature
2017-06-18,2017-06-25,25.0,2017,P021,18.67502288980403,75.52108340877234,Bid,normal,statewide,25.608177893502386,1,7,ERA5-Land Daily Aggregated,Maharashtra,ERA5-Land Temperature
2017-06-18,2017-06-25,25.0,2017,P022,18.856499384477168,75.04699178476999,Bid,normal,statewide,26.16968970525835,1,7,ERA5-Land Daily Aggregated,Maharashtra,ERA5-Land Temperature
2017-06-18,2017-06-25,25.0,2017,P023,19.126596053486494,75.6175605191647,Bid,normal,statewide,27.579915709722684,1,7,ERA5-Land Daily Aggregated,Maharashtra,ERA5-Land Temperature
2017-06-18,2017-06-25,25.0,2017,P024,18.763955201213946,75.90084720909012,Bid,normal,statewide,26.081752577282202,1,7,ERA5-Land Daily Aggregated,Maharashtra,ERA5-Land Temperature
2017-06-18,2017-06-25,25.0,2017,P025,20.93073496240753,76.20164478885242,Buldana,normal,statewide,30.405750438145276,1,7,ERA5-Land Daily Aggregated,Maharashtra,ERA5-Land Temperature
2017-06-18,2017-06-25,25.0,2017,P026,20.838939908121294,76.39311412898633,Buldana,normal,statewide,30.980480720883406,1,7,ERA5-Land Daily Aggregated,Maharashtra,ERA5-Land Temperature
2017-06-18,2017-06-25,25.0,2017,P027,20.657476790751314,76.48742857536776,Buldana,normal,statewide,30.82706740243094,1,7,ERA5-Land Daily Aggregated,Maharashtra,ERA5-Land Temperature
2017-06-18,2017-06-25,25.0,2017,P028,20.47967013624516,76.10222021266374,Buldana,normal,statewide,28.226376833234553,1,7,ERA5-Land Daily Aggregated,Maharashtra,ERA5-Land Temperature
2017-06-18,2017-06-25,25.0,2017,P029,20.32317798477448,79.92829390325927,Chandrapur,normal,statewide,30.456973466419015,1,7,ERA5-Land Daily Aggregated,Maharashtra,ERA5-Land Temperature
2017-06-18,2017-06-25,25.0,2017,P030,20.60872097983294,79.36304041732026,Chandrapur,normal,statewide,30.996396364484553,1,7,ERA5-Land Daily Aggregated,Maharashtra,ERA5-Land Temperature
2017-06-18,2017-06-25,25.0,2017,P031,20.511160307884595,79.64732594588165,Chandrapur,normal,statewide,30.71146100362148,1,7,ERA5-Land Daily Aggregated,Maharashtra,ERA5-Land Temperature
2017-06-18,2017-06-25,25.0,2017,P032,20.598621115946884,79.74569817422172,Chandrapur,normal,statewide,30.856910687401182,1,7,ERA5-Land Daily Aggregated,Maharashtra,ERA5-Land Temperature
2017-06-18,2017-06-25,25.0,2017,P033,21.38667804512237,75.14422248324037,Dhule,normal,statewide,28.75760358174648,1,7,ERA5-Land Daily Aggregated,Maharashtra,ERA5-Land Temperature
2017-06-18,2017-06-25,25.0,2017,P034,21.025151968113196,74.75989256344387,Dhule,normal,statewide,30.37563976106196,1,7,ERA5-Land Daily Aggregated,Maharashtra,ERA5-Land Temperature
2017-06-18,2017-06-25,25.0,2017,P035,21.477028350667293,74.85568743137505,Dhule,normal,statewide,28.716634459722684,1,7,ERA5-Land Daily Aggregated,Maharashtra,ERA5-Land Temperature
2017-06-18,2017-06-25,25.0,2017,P036,20.933820660336515,74.37533522949364,Dhule,normal,statewide,28.45099783397859,1,7,ERA5-Land Daily Aggregated,Maharashtra,ERA5-Land Temperature
2017-06-18,2017-06-25,25.0,2017,P037,19.963056524597132,79.91698116388667,Garhchiroli,normal,statewide,29.725237510317868,1,7,ERA5-Land Daily Aggregated,Maharashtra,ERA5-Land Temperature
2017-06-18,2017-06-25,25.0,2017,P038,19.062661462582188,79.88977172925856,Garhchiroli,normal,statewide,29.10405075436546,1,7,ERA5-Land Daily Aggregated,Maharashtra,ERA5-Land Temperature
2017-06-18,2017-06-25,25.0,2017,P039,19.510270485428137,79.9981368030594,Garhchiroli,normal,statewide,29.5425854455857,1,7,ERA5-Land Daily Aggregated,Maharashtra,ERA5-Land Temperature
2017-06-18,2017-06-25,25.0,2017,P040,19.870365190999156,80.00935144220881,Garhchiroli,normal,statewide,29.21186790466311,1,7,ERA5-Land Daily Aggregated,Maharashtra,ERA5-Land Temperature
2017-06-18,2017-06-25,25.0,2017,P041,21.127639946725598,80.1465044724107,Gondiya,normal,statewide,31.622489184425035,1,7,ERA5-Land Daily Aggregated,Maharashtra,ERA5-Land Temperature
2017-06-18,2017-06-25,25.0,2017,P042,21.397598383602258,80.15591763473452,Gondiya,normal,statewide,31.209566007341664,1,7,ERA5-Land Daily Aggregated,Maharashtra,ERA5-Land Temperature
2017-06-18,2017-06-25,25.0,2017,P043,21.574548890706154,80.25847249986273,Gondiya,normal,statewide,31.546631204514256,1,7,ERA5-Land Daily Aggregated,Maharashtra,ERA5-Land Temperature
2017-06-18,2017-06-25,25.0,2017,P044,21.211649410572516,80.34153217518526,Gondiya,normal,statewide,31.59119268144883,1,7,ERA5-Land Daily Aggregated,Maharashtra,ERA5-Land Temperature
2017-06-18,2017-06-25,25.0,2017,P045,19.655900266732623,77.2407892392464,Hingoli,normal,statewide,28.28409865243094,1,7,ERA5-Land Daily Aggregated,Maharashtra,ERA5-Land Temperature
2017-06-18,2017-06-25,25.0,2017,P046,19.566758377573187,77.1442675378435,Hingoli,normal,statewide,28.258847536359553,1,7,ERA5-Land Daily Aggregated,Maharashtra,ERA5-Land Temperature
2017-06-18,2017-06-25,25.0,2017,P047,19.47860194974656,76.9526242927685,Hingoli,normal,statewide,28.401425661359553,1,7,ERA5-Land Daily Aggregated,Maharashtra,ERA5-Land Temperature
2017-06-18,2017-06-25,25.0,2017,P048,19.927981235710728,77.14910120338544,Hingoli,normal,statewide,28.194696680704737,1,7,ERA5-Land Daily Aggregated,Maharashtra,ERA5-Land Temperature
2017-06-18,2017-06-25,25.0,2017,P049,21.292738163229433,76.10816865346904,Jalgaon,normal,statewide,29.977644039335757,1,7,ERA5-Land Daily Aggregated,Maharashtra,ERA5-Land Temperature
2017-06-18,2017-06-25,25.0,2017,P050,21.386178625804387,75.43363151891216,Jalgaon,normal,statewide,27.37301234290709,1,7,ERA5-Land Daily Aggregated,Maharashtra,ERA5-Land Temperature
2017-06-18,2017-06-25,25.0,2017,P051,21.112064306745907,76.10682200495089,Jalgaon,normal,statewide,29.753941472371423,1,7,ERA5-Land Daily Aggregated,Maharashtra,ERA5-Land Temperature
2017-06-18,2017-06-25,25.0,2017,P052,20.844437979720194,75.23982115072519,Jalgaon,normal,statewide,30.66301652817498,1,7,ERA5-Land Daily Aggregated,Maharashtra,ERA5-Land Temperature
2017-06-18,2017-06-25,25.0,2017,P053,19.486369703781666,76.00005328932718,Jalna,normal,statewide,28.031982767014313,1,7,ERA5-Land Daily Aggregated,Maharashtra,ERA5-Land Temperature
2017-06-18,2017-06-25,25.0,2017,P054,20.028502750758555,76.00343774702675,Jalna,normal,statewide,27.60246965317498,1,7,ERA5-Land Daily Aggregated,Maharashtra,ERA5-Land Temperature
2017-06-18,2017-06-25,25.0,2017,P055,19.75743845682064,76.00172991132328,Jalna,normal,statewide,28.00831275213335,1,7,ERA5-Land Daily Aggregated,Maharashtra,ERA5-Land Temperature
2017-06-18,2017-06-25,25.0,2017,P056,19.57768317515413,75.80993951591351,Jalna,normal,statewide,28.018427149454794,1,7,ERA5-Land Daily Aggregated,Maharashtra,ERA5-Land Temperature
2017-06-18,2017-06-25,25.0,2017,P057,16.776377793156257,74.29671235971928,Kolhapur,normal,statewide,24.458531316121423,1,7,ERA5-Land Daily Aggregated,Maharashtra,ERA5-Land Temperature
2017-06-18,2017-06-25,25.0,2017,P058,16.324416687682138,74.29834884980589,Kolhapur,normal,statewide,23.97502824692498,1,7,ERA5-Land Daily Aggregated,Maharashtra,ERA5-Land Temperature
2017-06-18,2017-06-25,25.0,2017,P059,16.595891218916975,74.39111598812178,Kolhapur,normal,statewide,24.577416174752386,1,7,ERA5-Land Daily Aggregated,Maharashtra,ERA5-Land Temperature
2017-06-18,2017-06-25,25.0,2017,P060,16.414811584237594,74.29802779453004,Kolhapur,normal,statewide,24.27528633844281,1,7,ERA5-Land Daily Aggregated,Maharashtra,ERA5-Land Temperature
2017-06-18,2017-06-25,25.0,2017,P086,21.054127206758487,79.56798961993874,Nagpur,normal,statewide,31.912621252877386,1,7,ERA5-Land Daily Aggregated,Maharashtra,ERA5-Land Temperature
2017-06-18,2017-06-25,25.0,2017,P087,21.146765031143822,79.47473643960802,Nagpur,normal,statewide,32.09390147981196,1,7,ERA5-Land Daily Aggregated,Maharashtra,ERA5-Land Temperature
2017-06-18,2017-06-25,25.0,2017,P088,21.347803602138427,78.61442869606356,Nagpur,normal,statewide,30.04456182207383,1,7,ERA5-Land Daily Aggregated,Maharashtra,ERA5-Land Temperature
2017-06-18,2017-06-25,25.0,2017,P089,21.165377318940912,78.70615240473293,Nagpur,normal,statewide,30.478818239484553,1,7,ERA5-Land Daily Aggregated,Maharashtra,ERA5-Land Temperature
2017-06-18,2017-06-25,25.0,2017,P090,19.201968238592887,77.42470040309472,Nanded,normal,statewide,28.055106371925035,1,7,ERA5-Land Daily Aggregated,Maharashtra,ERA5-Land Temperature
2017-06-18,2017-06-25,25.0,2017,P091,18.566038000956755,77.69963965584807,Nanded,normal,statewide,28.2278881799607,1,7,ERA5-Land Daily Aggregated,Maharashtra,ERA5-Land Temperature
2017-06-18,2017-06-25,25.0,2017,P092,19.736596618496833,77.90946265591798,Nanded,normal,statewide,29.487967700050035,1,7,ERA5-Land Daily Aggregated,Maharashtra,ERA5-Land Temperature
2017-06-18,2017-06-25,25.0,2017,P093,18.93564842817583,77.04115528508362,Nanded,normal,statewide,28.274414407639256,1,7,ERA5-Land Daily Aggregated,Maharashtra,ERA5-Land Temperature
2017-06-18,2017-06-25,25.0,2017,P094,21.564917232430716,74.08292967791392,Nandurbar,normal,statewide,27.607538477579794,1,7,ERA5-Land Daily Aggregated,Maharashtra,ERA5-Land Temperature
2017-06-18,2017-06-25,25.0,2017,P095,21.5662594218478,74.37266422796263,Nandurbar,normal,statewide,29.09620337713335,1,7,ERA5-Land Daily Aggregated,Maharashtra,ERA5-Land Temperature
2017-06-18,2017-06-25,25.0,2017,P096,21.385179787168415,74.27697637845674,Nandurbar,normal,statewide,28.63130149841311,1,7,ERA5-Land Daily Aggregated,Maharashtra,ERA5-Land Temperature
2017-06-18,2017-06-25,25.0,2017,P097,21.565421110849755,74.17950488852946,Nandurbar,normal,statewide,28.156924638294015,1,7,ERA5-Land Daily Aggregated,Maharashtra,ERA5-Land Temperature
2017-06-18,2017-06-25,25.0,2017,P098,20.299553667393326,73.99482675929994,Nashik,normal,statewide,24.908668499901182,1,7,ERA5-Land Daily Aggregated,Maharashtra,ERA5-Land Temperature
2017-06-18,2017-06-25,25.0,2017,P099,20.120253214034264,74.28296495117151,Nashik,normal,statewide,26.39737990243094,1,7,ERA5-Land Daily Aggregated,Maharashtra,ERA5-Land Temperature
2017-06-18,2017-06-25,25.0,2017,P100,20.389903972938242,73.99424261706194,Nashik,normal,statewide,24.676211747669015,1,7,ERA5-Land Daily Aggregated,Maharashtra,ERA5-Land Temperature
2017-06-18,2017-06-25,25.0,2017,P101,20.029015547379707,74.09216447619562,Nashik,normal,statewide,26.143880553472627,1,7,ERA5-Land Daily Aggregated,Maharashtra,ERA5-Land Temperature
2017-06-18,2017-06-25,25.0,2017,P102,17.85749130266526,76.36802722645965,Osmanabad,normal,statewide,25.82417259216311,1,7,ERA5-Land Daily Aggregated,Maharashtra,ERA5-Land Temperature
2017-06-18,2017-06-25,25.0,2017,P103,17.76644983645705,76.46164605307673,Osmanabad,normal,statewide,25.983980069841664,1,7,ERA5-Land Daily Aggregated,Maharashtra,ERA5-Land Temperature
2017-06-18,2017-06-25,25.0,2017,P104,17.949094615606196,76.17989775301476,Osmanabad,normal,statewide,25.613851256597627,1,7,ERA5-Land Daily Aggregated,Maharashtra,ERA5-Land Temperature
2017-06-18,2017-06-25,25.0,2017,P105,18.584360447185368,75.61558067829696,Osmanabad,normal,statewide,25.66901541210359,1,7,ERA5-Land Daily Aggregated,Maharashtra,ERA5-Land Temperature
2017-06-18,2017-06-25,25.0,2017,P106,19.031389786894366,76.47235681380711,Parbhani,normal,statewide,28.197126461210757,1,7,ERA5-Land Daily Aggregated,Maharashtra,ERA5-Land Temperature
2017-06-18,2017-06-25,25.0,2017,P107,19.120950831552832,76.56820519095093,Parbhani,normal,statewide,28.217785408383406,1,7,ERA5-Land Daily Aggregated,Maharashtra,ERA5-Land Temperature
2017-06-18,2017-06-25,25.0,2017,P108,19.208625676465683,76.85432786914635,Parbhani,normal,statewide,28.56645309811546,1,7,ERA5-Land Daily Aggregated,Maharashtra,ERA5-Land Temperature
2017-06-18,2017-06-25,25.0,2017,P109,19.212081479782103,76.47396209018636,Parbhani,normal,statewide,28.165748578026182,1,7,ERA5-Land Daily Aggregated,Maharashtra,ERA5-Land Temperature
2017-06-18,2017-06-25,25.0,2017,P110,18.133442771357757,75.04679558432363,Pune,normal,statewide,26.395519783383406,1,7,ERA5-Land Daily Aggregated,Maharashtra,ERA5-Land Temperature
2017-06-18,2017-06-25,25.0,2017,P111,18.584645829652782,74.47919215212944,Pune,normal,statewide,26.716460073561905,1,7,ERA5-Land Daily Aggregated,Maharashtra,ERA5-Land Temperature
2017-06-18,2017-06-25,25.0,2017,P112,18.132979024848197,74.57507620208169,Pune,normal,statewide,26.14411306835359,1,7,ERA5-Land Daily Aggregated,Maharashtra,ERA5-Land Temperature
2017-06-18,2017-06-25,25.0,2017,P113,18.314072036830744,74.76389683618987,Pune,normal,statewide,26.609061450050035,1,7,ERA5-Land Daily Aggregated,Maharashtra,ERA5-Land Temperature
2017-06-18,2017-06-25,25.0,2017,P114,18.48503397121986,73.0589238755964,Raigarh,normal,statewide,26.596982301984553,1,7,ERA5-Land Daily Aggregated,Maharashtra,ERA5-Land Temperature
2017-06-18,2017-06-25,25.0,2017,P115,18.665689991299164,73.05687714821288,Raigarh,normal,statewide,26.765381204514313,1,7,ERA5-Land Daily Aggregated,Maharashtra,ERA5-Land Temperature
2017-06-18,2017-06-25,25.0,2017,P116,18.306197264370358,73.25009891506079,Raigarh,normal,statewide,26.075928079514256,1,7,ERA5-Land Daily Aggregated,Maharashtra,ERA5-Land Temperature
2017-06-18,2017-06-25,25.0,2017,P117,18.21404102289879,73.06194714611064,Raigarh,normal,statewide,26.753395062401182,1,7,ERA5-Land Daily Aggregated,Maharashtra,ERA5-Land Temperature
2017-06-18,2017-06-25,25.0,2017,P118,17.138719885658215,75.42259970290594,Sangli,normal,statewide,25.861886505853533,1,7,ERA5-Land Daily Aggregated,Maharashtra,ERA5-Land Temperature
2017-06-18,2017-06-25,25.0,2017,P119,17.048761981005992,74.95348443567921,Sangli,normal,statewide,24.90541329156781,1,7,ERA5-Land Daily Aggregated,Maharashtra,ERA5-Land Temperature
2017-06-18,2017-06-25,25.0,2017,P120,16.86707144948229,74.39025538161847,Sangli,normal,statewide,24.758882413591664,1,7,ERA5-Land Daily Aggregated,Maharashtra,ERA5-Land Temperature
2017-06-18,2017-06-25,25.0,2017,P121,17.048503353144895,74.67157114887826,Sangli,normal,statewide,24.79127173650835,1,7,ERA5-Land Daily Aggregated,Maharashtra,ERA5-Land Temperature
2017-06-18,2017-06-25,25.0,2017,P148,17.67852974098626,76.08383979812143,Solapur,normal,statewide,26.26919444856196,1,7,ERA5-Land Daily Aggregated,Maharashtra,ERA5-Land Temperature
2017-06-18,2017-06-25,25.0,2017,P149,18.223365003201543,75.4251413905064,Solapur,normal,statewide,26.24751243591311,1,7,ERA5-Land Daily Aggregated,Maharashtra,ERA5-Land Temperature
2017-06-18,2017-06-25,25.0,2017,P150,17.952532582518405,75.23562067753285,Solapur,normal,statewide,26.285307729811905,1,7,ERA5-Land Daily Aggregated,Maharashtra,ERA5-Land Temperature
2017-06-18,2017-06-25,25.0,2017,P151,18.223690517578447,75.23598186471818,Solapur,normal,statewide,26.175653711954737,1,7,ERA5-Land Daily Aggregated,Maharashtra,ERA5-Land Temperature
2017-06-18,2017-06-25,25.0,2017,P152,19.658178867370932,72.94986318203122,Thane,normal,statewide,27.640962491716664,1,7,ERA5-Land Daily Aggregated,Maharashtra,ERA5-Land Temperature
2017-06-18,2017-06-25,25.0,2017,P153,19.65706409210757,72.8545320606096,Thane,normal,statewide,27.711112231300035,1,7,ERA5-Land Daily Aggregated,Maharashtra,ERA5-Land Temperature
2017-06-18,2017-06-25,25.0,2017,P154,19.477549601897948,72.95214624177059,Thane,normal,statewide,27.520287268502386,1,7,ERA5-Land Daily Aggregated,Maharashtra,ERA5-Land Temperature
2017-06-18,2017-06-25,25.0,2017,P155,19.83987385799569,73.0429959666335,Thane,normal,statewide,26.88979991731196,1,7,ERA5-Land Daily Aggregated,Maharashtra,ERA5-Land Temperature
2017-06-18,2017-06-25,25.0,2017,P156,20.806749657616468,78.60135461177485,Wardha,normal,statewide,30.433849861508406,1,7,ERA5-Land Daily Aggregated,Maharashtra,ERA5-Land Temperature
2017-06-18,2017-06-25,25.0,2017,P157,20.71031267913359,78.88671032458906,Wardha,normal,statewide,30.903704307192868,1,7,ERA5-Land Daily Aggregated,Maharashtra,ERA5-Land Temperature
2017-06-18,2017-06-25,25.0,2017,P158,21.081265295769754,78.41565980750515,Wardha,normal,statewide,29.588449005853533,1,7,ERA5-Land Daily Aggregated,Maharashtra,ERA5-Land Temperature
2017-06-18,2017-06-25,25.0,2017,P159,20.439854822938944,78.87986114537097,Wardha,normal,statewide,30.81709251403811,1,7,ERA5-Land Daily Aggregated,Maharashtra,ERA5-Land Temperature
2017-06-18,2017-06-25,25.0,2017,P160,20.289186257444058,77.15404188735265,Washim,normal,statewide,29.311640040079794,1,7,ERA5-Land Daily Aggregated,Maharashtra,ERA5-Land Temperature
2017-06-18,2017-06-25,25.0,2017,P161,20.464607292886615,77.53975858757677,Washim,normal,statewide,30.14519426254998,1,7,ERA5-Land Daily Aggregated,Maharashtra,ERA5-Land Temperature
2017-06-18,2017-06-25,25.0,2017,P162,20.107393166596125,77.2471479173486,Washim,normal,statewide,28.685756483532202,1,7,ERA5-Land Daily Aggregated,Maharashtra,ERA5-Land Temperature
2017-06-18,2017-06-25,25.0,2017,P163,20.198885002010726,77.1527933390577,Washim,normal,statewide,28.535761133829737,1,7,ERA5-Land Daily Aggregated,Maharashtra,ERA5-Land Temperature
2017-06-18,2017-06-25,25.0,2017,P164,20.182854533723592,78.20447678161395,Yavatmal,normal,statewide,30.09562208993094,1,7,ERA5-Land Daily Aggregated,Maharashtra,ERA5-Land Temperature
2017-06-18,2017-06-25,25.0,2017,P165,19.894658373538324,79.05709703494229,Yavatmal,normal,statewide,30.482712863740517,1,7,ERA5-Land Daily Aggregated,Maharashtra,ERA5-Land Temperature
2017-06-18,2017-06-25,25.0,2017,P166,19.468787468327925,77.71426550730338,Yavatmal,normal,statewide,28.58711204528811,1,7,ERA5-Land Daily Aggregated,Maharashtra,ERA5-Land Temperature
2017-06-18,2017-06-25,25.0,2017,P167,19.559057510053886,77.71577268345945,Yavatmal,normal,statewide,28.644159571329737,1,7,ERA5-Land Daily Aggregated,Maharashtra,ERA5-Land Temperature
2017-06-25,2017-07-02,26.0,2017,P147,17.927231643141155,73.94769852026607,Satara,case_study,case_study,22.750265284947034,1,7,ERA5-Land Daily Aggregated,Maharashtra,ERA5-Land Temperature
2017-06-25,2017-07-02,26.0,2017,P061,18.507855650411397,76.91766048140843,Latur,high,priority,25.727281188964866,1,7,ERA5-Land Daily Aggregated,Maharashtra,ERA5-Land Temperature
2017-06-25,2017-07-02,26.0,2017,P062,18.422405896924207,76.3487594508077,Latur,high,priority,24.909293837774385,1,7,ERA5-Land Daily Aggregated,Maharashtra,ERA5-Land Temperature
2017-06-25,2017-07-02,26.0,2017,P063,18.235391198742693,77.05646783810116,Latur,high,priority,25.124823506673238,1,7,ERA5-Land Daily Aggregated,Maharashtra,ERA5-Land Temperature
2017-06-25,2017-07-02,26.0,2017,P064,18.193056493341274,76.77240080549139,Latur,high,priority,24.912781560988662,1,7,ERA5-Land Daily Aggregated,Maharashtra,ERA5-Land Temperature
2017-06-25,2017-07-02,26.0,2017,P065,18.331355512513895,76.44266811899327,Latur,high,priority,24.809300813220887,1,7,ERA5-Land Daily Aggregated,Maharashtra,ERA5-Land Temperature
2017-06-25,2017-07-02,26.0,2017,P066,18.104739537876725,76.5352970251765,Latur,high,priority,24.73517506917318,1,7,ERA5-Land Daily Aggregated,Maharashtra,ERA5-Land Temperature
2017-06-25,2017-07-02,26.0,2017,P067,18.280552974211986,77.0569984711265,Latur,high,priority,25.124823506673238,1,7,ERA5-Land Daily Aggregated,Maharashtra,ERA5-Land Temperature
2017-06-25,2017-07-02,26.0,2017,P068,18.101823285787773,76.86595720469373,Latur,high,priority,25.01941288539342,1,7,ERA5-Land Daily Aggregated,Maharashtra,ERA5-Land Temperature
2017-06-25,2017-07-02,26.0,2017,P069,18.595075667016793,77.20284228928156,Latur,high,priority,26.424186415899385,1,7,ERA5-Land Daily Aggregated,Maharashtra,ERA5-Land Temperature
2017-06-25,2017-07-02,26.0,2017,P070,18.41499041187233,77.15322587185987,Latur,high,priority,25.9992189679827,1,7,ERA5-Land Daily Aggregated,Maharashtra,ERA5-Land Temperature
2017-06-25,2017-07-02,26.0,2017,P071,18.149138807065885,76.63019561379593,Latur,high,priority,24.77874835786372,1,7,ERA5-Land Daily Aggregated,Maharashtra,ERA5-Land Temperature
2017-06-25,2017-07-02,26.0,2017,P072,18.283393421583035,76.77331492120734,Latur,high,priority,24.958796255929144,1,7,ERA5-Land Daily Aggregated,Maharashtra,ERA5-Land Temperature
2017-06-25,2017-07-02,26.0,2017,P073,17.966315663874607,76.86453029235662,Latur,high,priority,24.95411108107794,1,7,ERA5-Land Daily Aggregated,Maharashtra,ERA5-Land Temperature
2017-06-25,2017-07-02,26.0,2017,P074,18.50832831512306,76.870318205524,Latur,high,priority,25.621638052804144,1,7,ERA5-Land Daily Aggregated,Maharashtra,ERA5-Land Temperature
2017-06-25,2017-07-02,26.0,2017,P075,18.41444640154381,77.20053247493588,Latur,high,priority,26.285316903250532,1,7,ERA5-Land Daily Aggregated,Maharashtra,ERA5-Land Temperature
2017-06-25,2017-07-02,26.0,2017,P076,18.377877313804504,76.25376722106614,Latur,high,priority,24.467643447149385,1,7,ERA5-Land Daily Aggregated,Maharashtra,ERA5-Land Temperature
2017-06-25,2017-07-02,26.0,2017,P077,18.059564385104267,76.5349046242838,Latur,high,priority,24.79983745756607,1,7,ERA5-Land Daily Aggregated,Maharashtra,ERA5-Land Temperature
2017-06-25,2017-07-02,26.0,2017,P078,18.1008824154655,76.96042326051098,Latur,high,priority,25.07952960786372,1,7,ERA5-Land Daily Aggregated,Maharashtra,ERA5-Land Temperature
2017-06-25,2017-07-02,26.0,2017,P079,18.73508698099394,76.77797468180819,Latur,high,priority,26.197902933756552,1,7,ERA5-Land Daily Aggregated,Maharashtra,ERA5-Land Temperature
2017-06-25,2017-07-02,26.0,2017,P080,18.46791548227568,76.3017694439065,Latur,high,priority,24.909293837774385,1,7,ERA5-Land Daily Aggregated,Maharashtra,ERA5-Land Temperature
2017-06-25,2017-07-02,26.0,2017,P081,18.10355787609756,76.67701617485712,Latur,high,priority,24.77874835786372,1,7,ERA5-Land Daily Aggregated,Maharashtra,ERA5-Land Temperature
2017-06-25,2017-07-02,26.0,2017,P082,18.23907887531389,76.67830931416262,Latur,high,priority,24.86725514729818,1,7,ERA5-Land Daily Aggregated,Maharashtra,ERA5-Land Temperature
2017-06-25,2017-07-02,26.0,2017,P083,18.369289085175563,77.19996171000103,Latur,high,priority,25.638669767833846,1,7,ERA5-Land Daily Aggregated,Maharashtra,ERA5-Land Temperature
2017-06-25,2017-07-02,26.0,2017,P084,18.46362582706226,76.82249880582684,Latur,high,priority,25.264657956077997,1,7,ERA5-Land Daily Aggregated,Maharashtra,ERA5-Land Temperature
2017-06-25,2017-07-02,26.0,2017,P085,18.14788579966987,76.77194597718393,Latur,high,priority,24.912781560988662,1,7,ERA5-Land Daily Aggregated,Maharashtra,ERA5-Land Temperature
2017-06-25,2017-07-02,26.0,2017,P122,17.88145897082753,73.8441448165019,Satara,high,priority,22.364406840006552,1,7,ERA5-Land Daily Aggregated,Maharashtra,ERA5-Land Temperature
2017-06-25,2017-07-02,26.0,2017,P123,17.386414030975025,74.27088970551878,Satara,high,priority,23.036339968726793,1,7,ERA5-Land Daily Aggregated,Maharashtra,ERA5-Land Temperature
2017-06-25,2017-07-02,26.0,2017,P124,17.43262815429294,74.647353771057,Satara,high,priority,23.839167349679144,1,7,ERA5-Land Daily Aggregated,Maharashtra,ERA5-Land Temperature
2017-06-25,2017-07-02,26.0,2017,P125,17.56734651531964,74.31728219287884,Satara,high,priority,23.18790479387559,1,7,ERA5-Land Daily Aggregated,Maharashtra,ERA5-Land Temperature
2017-06-25,2017-07-02,26.0,2017,P126,17.205080227535593,74.13053949986157,Satara,high,priority,23.17190777006607,1,7,ERA5-Land Daily Aggregated,Maharashtra,ERA5-Land Temperature
2017-06-25,2017-07-02,26.0,2017,P127,17.65773249367299,74.31694330119876,Satara,high,priority,23.20856374104818,1,7,ERA5-Land Daily Aggregated,Maharashtra,ERA5-Land Temperature
2017-06-25,2017-07-02,26.0,2017,P128,18.019949731345452,74.5517328080669,Satara,high,priority,25.812718781970887,1,7,ERA5-Land Daily Aggregated,Maharashtra,ERA5-Land Temperature
2017-06-25,2017-07-02,26.0,2017,P129,18.063234225271252,74.03192648006461,Satara,high,priority,23.992162141345887,1,7,ERA5-Land Daily Aggregated,Maharashtra,ERA5-Land Temperature
2017-06-25,2017-07-02,26.0,2017,P130,17.61135784271715,74.03436560834085,Satara,high,priority,23.14514530726842,1,7,ERA5-Land Daily Aggregated,Maharashtra,ERA5-Land Temperature
2017-06-25,2017-07-02,26.0,2017,P131,17.612539504496315,74.3171127470388,Satara,high,priority,23.20856374104818,1,7,ERA5-Land Daily Aggregated,Maharashtra,ERA5-Land Temperature
2017-06-25,2017-07-02,26.0,2017,P132,17.702176353872684,74.12817617630324,Satara,high,priority,23.03518902006607,1,7,ERA5-Land Daily Aggregated,Maharashtra,ERA5-Land Temperature
2017-06-25,2017-07-02,26.0,2017,P133,17.25006363896275,74.08329532420031,Satara,high,priority,23.0163088117327,1,7,ERA5-Land Daily Aggregated,Maharashtra,ERA5-Land Temperature
2017-06-25,2017-07-02,26.0,2017,P134,17.476429903940936,74.17634784498362,Satara,high,priority,22.895075552804144,1,7,ERA5-Land Daily Aggregated,Maharashtra,ERA5-Land Temperature
2017-06-25,2017-07-02,26.0,2017,P135,17.882716437324603,74.0801070669471,Satara,high,priority,22.697984313964866,1,7,ERA5-Land Daily Aggregated,Maharashtra,ERA5-Land Temperature
2017-06-25,2017-07-02,26.0,2017,P136,17.928520323345598,74.22149178404871,Satara,high,priority,24.6913576398577,1,7,ERA5-Land Daily Aggregated,Maharashtra,ERA5-Land Temperature
2017-06-25,2017-07-02,26.0,2017,P137,17.746687100588183,73.98648378122894,Satara,high,priority,22.75415990920294,1,7,ERA5-Land Daily Aggregated,Maharashtra,ERA5-Land Temperature
2017-06-25,2017-07-02,26.0,2017,P138,17.61269557303319,74.36423652697161,Satara,high,priority,23.20856374104818,1,7,ERA5-Land Daily Aggregated,Maharashtra,ERA5-Land Temperature
2017-06-25,2017-07-02,26.0,2017,P139,17.656773786946495,74.08126197411994,Satara,high,priority,23.14514530726842,1,7,ERA5-Land Daily Aggregated,Maharashtra,ERA5-Land Temperature
2017-06-25,2017-07-02,26.0,2017,P140,17.97464080554139,74.50462240543725,Satara,high,priority,25.563451203845773,1,7,ERA5-Land Daily Aggregated,Maharashtra,ERA5-Land Temperature
2017-06-25,2017-07-02,26.0,2017,P141,17.430826677467348,74.08239904488856,Satara,high,priority,22.872847130185164,1,7,ERA5-Land Daily Aggregated,Maharashtra,ERA5-Land Temperature
2017-06-25,2017-07-02,26.0,2017,P142,18.064447100757786,74.31538707493111,Satara,high,priority,25.312358383905348,1,7,ERA5-Land Daily Aggregated,Maharashtra,ERA5-Land Temperature
2017-06-25,2017-07-02,26.0,2017,P143,17.70379500755509,74.6468275971327,Satara,high,priority,24.678278677804144,1,7,ERA5-Land Daily Aggregated,Maharashtra,ERA5-Land Temperature
2017-06-25,2017-07-02,26.0,2017,P144,17.929452275465767,74.50474726026674,Satara,high,priority,25.563451203845773,1,7,ERA5-Land Daily Aggregated,Maharashtra,ERA5-Land Temperature
2017-06-25,2017-07-02,26.0,2017,P145,17.47773196144854,74.60017202281048,Satara,high,priority,23.56827588762559,1,7,ERA5-Land Daily Aggregated,Maharashtra,ERA5-Land Temperature
2017-06-25,2017-07-02,26.0,2017,P146,17.839182233739812,74.55218763637436,Satara,high,priority,24.66690870012559,1,7,ERA5-Land Daily Aggregated,Maharashtra,ERA5-Land Temperature
2017-06-25,2017-07-02,26.0,2017,P001,19.940457800458272,74.57045211428928,Ahmednagar,normal,statewide,25.335516866048238,1,7,ERA5-Land Daily Aggregated,Maharashtra,ERA5-Land Temperature
2017-06-25,2017-07-02,26.0,2017,P002,18.946729294293643,74.76302285238339,Ahmednagar,normal,statewide,24.31796199253631,1,7,ERA5-Land Daily Aggregated,Maharashtra,ERA5-Land Temperature
2017-06-25,2017-07-02,26.0,2017,P003,18.49469238410162,74.66892244285252,Ahmednagar,normal,statewide,25.675441996256495,1,7,ERA5-Land Daily Aggregated,Maharashtra,ERA5-Land Temperature
2017-06-25,2017-07-02,26.0,2017,P004,19.03720445466806,75.1420731965326,Ahmednagar,normal,statewide,25.101048860095887,1,7,ERA5-Land Daily Aggregated,Maharashtra,ERA5-Land Temperature
2017-06-25,2017-07-02,26.0,2017,P005,20.832153156317954,77.06560453615967,Akola,normal,statewide,28.815973990304144,1,7,ERA5-Land Daily Aggregated,Maharashtra,ERA5-Land Temperature
2017-06-25,2017-07-02,26.0,2017,P006,20.834360411339407,76.87349308547405,Akola,normal,statewide,28.63832099551246,1,7,ERA5-Land Daily Aggregated,Maharashtra,ERA5-Land Temperature
2017-06-25,2017-07-02,26.0,2017,P007,21.014976299509232,76.87574047240498,Akola,normal,statewide,28.628834388369626,1,7,ERA5-Land Daily Aggregated,Maharashtra,ERA5-Land Temperature
2017-06-25,2017-07-02,26.0,2017,P008,20.828434266039377,77.35372489162701,Akola,normal,statewide,28.915746125720887,1,7,ERA5-Land Daily Aggregated,Maharashtra,ERA5-Land Temperature
2017-06-25,2017-07-02,26.0,2017,P009,21.360971327549258,77.94039543992572,Amravati,normal,statewide,27.189660281226736,1,7,ERA5-Land Daily Aggregated,Maharashtra,ERA5-Land Temperature
2017-06-25,2017-07-02,26.0,2017,P010,21.178803672212837,78.03301542790685,Amravati,normal,statewide,28.156759425572034,1,7,ERA5-Land Daily Aggregated,Maharashtra,ERA5-Land Temperature
2017-06-25,2017-07-02,26.0,2017,P011,20.814388097721018,78.21764450702477,Amravati,normal,statewide,28.064741661435107,1,7,ERA5-Land Daily Aggregated,Maharashtra,ERA5-Land Temperature
2017-06-25,2017-07-02,26.0,2017,P012,21.180502589714195,77.93681032267875,Amravati,normal,statewide,28.202902003697034,1,7,ERA5-Land Daily Aggregated,Maharashtra,ERA5-Land Temperature
2017-06-25,2017-07-02,26.0,2017,P013,20.031289688916964,74.8570519162974,Aurangabad,normal,statewide,25.229571460542275,1,7,ERA5-Land Daily Aggregated,Maharashtra,ERA5-Land Temperature
2017-06-25,2017-07-02,26.0,2017,P014,19.760185263069562,75.14270192978114,Aurangabad,normal,statewide,25.767796906970773,1,7,ERA5-Land Daily Aggregated,Maharashtra,ERA5-Land Temperature
2017-06-25,2017-07-02,26.0,2017,P015,19.9408189876436,74.76157364454102,Aurangabad,normal,statewide,25.48617488316131,1,7,ERA5-Land Daily Aggregated,Maharashtra,ERA5-Land Temperature
2017-06-25,2017-07-02,26.0,2017,P016,19.66981712112043,75.14262166596218,Aurangabad,normal,statewide,26.025435020810107,1,7,ERA5-Land Daily Aggregated,Maharashtra,ERA5-Land Temperature
2017-06-25,2017-07-02,26.0,2017,P017,21.04613203856966,79.85576216552393,Bhandara,normal,statewide,26.94900737944107,1,7,ERA5-Land Daily Aggregated,Maharashtra,ERA5-Land Temperature
2017-06-25,2017-07-02,26.0,2017,P018,21.31897105472685,79.76852877161537,Bhandara,normal,statewide,27.132298860095773,1,7,ERA5-Land Daily Aggregated,Maharashtra,ERA5-Land Temperature
2017-06-25,2017-07-02,26.0,2017,P019,21.40900922319803,79.77144948280537,Bhandara,normal,statewide,26.931871032714866,1,7,ERA5-Land Daily Aggregated,Maharashtra,ERA5-Land Temperature
2017-06-25,2017-07-02,26.0,2017,P020,21.144196588937042,79.57074980349083,Bhandara,normal,statewide,27.37418409075059,1,7,ERA5-Land Daily Aggregated,Maharashtra,ERA5-Land Temperature
2017-06-25,2017-07-02,26.0,2017,P021,18.67502288980403,75.52108340877234,Bid,normal,statewide,24.413293093726793,1,7,ERA5-Land Daily Aggregated,Maharashtra,ERA5-Land Temperature
2017-06-25,2017-07-02,26.0,2017,P022,18.856499384477168,75.04699178476999,Bid,normal,statewide,24.831238592238662,1,7,ERA5-Land Daily Aggregated,Maharashtra,ERA5-Land Temperature
2017-06-25,2017-07-02,26.0,2017,P023,19.126596053486494,75.6175605191647,Bid,normal,statewide,26.212876892089866,1,7,ERA5-Land Daily Aggregated,Maharashtra,ERA5-Land Temperature
2017-06-25,2017-07-02,26.0,2017,P024,18.763955201213946,75.90084720909012,Bid,normal,statewide,24.820473153250646,1,7,ERA5-Land Daily Aggregated,Maharashtra,ERA5-Land Temperature
2017-06-25,2017-07-02,26.0,2017,P025,20.93073496240753,76.20164478885242,Buldana,normal,statewide,28.377974083310107,1,7,ERA5-Land Daily Aggregated,Maharashtra,ERA5-Land Temperature
2017-06-25,2017-07-02,26.0,2017,P026,20.838939908121294,76.39311412898633,Buldana,normal,statewide,28.779190136137515,1,7,ERA5-Land Daily Aggregated,Maharashtra,ERA5-Land Temperature
2017-06-25,2017-07-02,26.0,2017,P027,20.657476790751314,76.48742857536776,Buldana,normal,statewide,28.347456505185164,1,7,ERA5-Land Daily Aggregated,Maharashtra,ERA5-Land Temperature
2017-06-25,2017-07-02,26.0,2017,P028,20.47967013624516,76.10222021266374,Buldana,normal,statewide,26.09391065325059,1,7,ERA5-Land Daily Aggregated,Maharashtra,ERA5-Land Temperature
2017-06-25,2017-07-02,26.0,2017,P029,20.32317798477448,79.92829390325927,Chandrapur,normal,statewide,26.89543595086957,1,7,ERA5-Land Daily Aggregated,Maharashtra,ERA5-Land Temperature
2017-06-25,2017-07-02,26.0,2017,P030,20.60872097983294,79.36304041732026,Chandrapur,normal,statewide,27.19568241664342,1,7,ERA5-Land Daily Aggregated,Maharashtra,ERA5-Land Temperature
2017-06-25,2017-07-02,26.0,2017,P031,20.511160307884595,79.64732594588165,Chandrapur,normal,statewide,27.02540014357794,1,7,ERA5-Land Daily Aggregated,Maharashtra,ERA5-Land Temperature
2017-06-25,2017-07-02,26.0,2017,P032,20.598621115946884,79.74569817422172,Chandrapur,normal,statewide,27.093829273042218,1,7,ERA5-Land Daily Aggregated,Maharashtra,ERA5-Land Temperature
2017-06-25,2017-07-02,26.0,2017,P033,21.38667804512237,75.14422248324037,Dhule,normal,statewide,26.977071925572034,1,7,ERA5-Land Daily Aggregated,Maharashtra,ERA5-Land Temperature
2017-06-25,2017-07-02,26.0,2017,P034,21.025151968113196,74.75989256344387,Dhule,normal,statewide,28.158549790155348,1,7,ERA5-Land Daily Aggregated,Maharashtra,ERA5-Land Temperature
2017-06-25,2017-07-02,26.0,2017,P035,21.477028350667293,74.85568743137505,Dhule,normal,statewide,26.866022818429144,1,7,ERA5-Land Daily Aggregated,Maharashtra,ERA5-Land Temperature
2017-06-25,2017-07-02,26.0,2017,P036,20.933820660336515,74.37533522949364,Dhule,normal,statewide,26.39787735711957,1,7,ERA5-Land Daily Aggregated,Maharashtra,ERA5-Land Temperature
2017-06-25,2017-07-02,26.0,2017,P037,19.963056524597132,79.91698116388667,Garhchiroli,normal,statewide,26.733884611583846,1,7,ERA5-Land Daily Aggregated,Maharashtra,ERA5-Land Temperature
2017-06-25,2017-07-02,26.0,2017,P038,19.062661462582188,79.88977172925856,Garhchiroli,normal,statewide,27.42253556024457,1,7,ERA5-Land Daily Aggregated,Maharashtra,ERA5-Land Temperature
2017-06-25,2017-07-02,26.0,2017,P039,19.510270485428137,79.9981368030594,Garhchiroli,normal,statewide,26.907712736583846,1,7,ERA5-Land Daily Aggregated,Maharashtra,ERA5-Land Temperature
2017-06-25,2017-07-02,26.0,2017,P040,19.870365190999156,80.00935144220881,Garhchiroli,normal,statewide,26.309568205333846,1,7,ERA5-Land Daily Aggregated,Maharashtra,ERA5-Land Temperature
2017-06-25,2017-07-02,26.0,2017,P041,21.127639946725598,80.1465044724107,Gondiya,normal,statewide,26.537537420363662,1,7,ERA5-Land Daily Aggregated,Maharashtra,ERA5-Land Temperature
2017-06-25,2017-07-02,26.0,2017,P042,21.397598383602258,80.15591763473452,Gondiya,normal,statewide,26.372626241048238,1,7,ERA5-Land Daily Aggregated,Maharashtra,ERA5-Land Temperature
2017-06-25,2017-07-02,26.0,2017,P043,21.574548890706154,80.25847249986273,Gondiya,normal,statewide,26.38340330578029,1,7,ERA5-Land Daily Aggregated,Maharashtra,ERA5-Land Temperature
2017-06-25,2017-07-02,26.0,2017,P044,21.211649410572516,80.34153217518526,Gondiya,normal,statewide,26.34943288167318,1,7,ERA5-Land Daily Aggregated,Maharashtra,ERA5-Land Temperature
2017-06-25,2017-07-02,26.0,2017,P045,19.655900266732623,77.2407892392464,Hingoli,normal,statewide,26.74817265101842,1,7,ERA5-Land Daily Aggregated,Maharashtra,ERA5-Land Temperature
2017-06-25,2017-07-02,26.0,2017,P046,19.566758377573187,77.1442675378435,Hingoli,normal,statewide,26.704029700869626,1,7,ERA5-Land Daily Aggregated,Maharashtra,ERA5-Land Temperature
2017-06-25,2017-07-02,26.0,2017,P047,19.47860194974656,76.9526242927685,Hingoli,normal,statewide,26.827867126464866,1,7,ERA5-Land Daily Aggregated,Maharashtra,ERA5-Land Temperature
2017-06-25,2017-07-02,26.0,2017,P048,19.927981235710728,77.14910120338544,Hingoli,normal,statewide,26.539699808756495,1,7,ERA5-Land Daily Aggregated,Maharashtra,ERA5-Land Temperature
2017-06-25,2017-07-02,26.0,2017,P049,21.292738163229433,76.10816865346904,Jalgaon,normal,statewide,28.283433532714866,1,7,ERA5-Land Daily Aggregated,Maharashtra,ERA5-Land Temperature
2017-06-25,2017-07-02,26.0,2017,P050,21.386178625804387,75.43363151891216,Jalgaon,normal,statewide,25.833284723191014,1,7,ERA5-Land Daily Aggregated,Maharashtra,ERA5-Land Temperature
2017-06-25,2017-07-02,26.0,2017,P051,21.112064306745907,76.10682200495089,Jalgaon,normal,statewide,28.119650050572034,1,7,ERA5-Land Daily Aggregated,Maharashtra,ERA5-Land Temperature
2017-06-25,2017-07-02,26.0,2017,P052,20.844437979720194,75.23982115072519,Jalgaon,normal,statewide,28.566473897298238,1,7,ERA5-Land Daily Aggregated,Maharashtra,ERA5-Land Temperature
2017-06-25,2017-07-02,26.0,2017,P053,19.486369703781666,76.00005328932718,Jalna,normal,statewide,26.359663536435164,1,7,ERA5-Land Daily Aggregated,Maharashtra,ERA5-Land Temperature
2017-06-25,2017-07-02,26.0,2017,P054,20.028502750758555,76.00343774702675,Jalna,normal,statewide,25.537572297595887,1,7,ERA5-Land Daily Aggregated,Maharashtra,ERA5-Land Temperature
2017-06-25,2017-07-02,26.0,2017,P055,19.75743845682064,76.00172991132328,Jalna,normal,statewide,26.047268168131552,1,7,ERA5-Land Daily Aggregated,Maharashtra,ERA5-Land Temperature
2017-06-25,2017-07-02,26.0,2017,P056,19.57768317515413,75.80993951591351,Jalna,normal,statewide,26.249335225423238,1,7,ERA5-Land Daily Aggregated,Maharashtra,ERA5-Land Temperature
2017-06-25,2017-07-02,26.0,2017,P057,16.776377793156257,74.29671235971928,Kolhapur,normal,statewide,23.416408793131495,1,7,ERA5-Land Daily Aggregated,Maharashtra,ERA5-Land Temperature
2017-06-25,2017-07-02,26.0,2017,P058,16.324416687682138,74.29834884980589,Kolhapur,normal,statewide,22.971166047595887,1,7,ERA5-Land Daily Aggregated,Maharashtra,ERA5-Land Temperature
2017-06-25,2017-07-02,26.0,2017,P059,16.595891218916975,74.39111598812178,Kolhapur,normal,statewide,23.595666140601736,1,7,ERA5-Land Daily Aggregated,Maharashtra,ERA5-Land Temperature
2017-06-25,2017-07-02,26.0,2017,P060,16.414811584237594,74.29802779453004,Kolhapur,normal,statewide,23.266529700869626,1,7,ERA5-Land Daily Aggregated,Maharashtra,ERA5-Land Temperature
2017-06-25,2017-07-02,26.0,2017,P086,21.054127206758487,79.56798961993874,Nagpur,normal,statewide,27.304429626464866,1,7,ERA5-Land Daily Aggregated,Maharashtra,ERA5-Land Temperature
2017-06-25,2017-07-02,26.0,2017,P087,21.146765031143822,79.47473643960802,Nagpur,normal,statewide,27.576460411435107,1,7,ERA5-Land Daily Aggregated,Maharashtra,ERA5-Land Temperature
2017-06-25,2017-07-02,26.0,2017,P088,21.347803602138427,78.61442869606356,Nagpur,normal,statewide,27.116266959054144,1,7,ERA5-Land Daily Aggregated,Maharashtra,ERA5-Land Temperature
2017-06-25,2017-07-02,26.0,2017,P089,21.165377318940912,78.70615240473293,Nagpur,normal,statewide,27.431126985095887,1,7,ERA5-Land Daily Aggregated,Maharashtra,ERA5-Land Temperature
2017-06-25,2017-07-02,26.0,2017,P090,19.201968238592887,77.42470040309472,Nanded,normal,statewide,26.669012959798238,1,7,ERA5-Land Daily Aggregated,Maharashtra,ERA5-Land Temperature
2017-06-25,2017-07-02,26.0,2017,P091,18.566038000956755,77.69963965584807,Nanded,normal,statewide,26.938579087030348,1,7,ERA5-Land Daily Aggregated,Maharashtra,ERA5-Land Temperature
2017-06-25,2017-07-02,26.0,2017,P092,19.736596618496833,77.90946265591798,Nanded,normal,statewide,27.9188967023577,1,7,ERA5-Land Daily Aggregated,Maharashtra,ERA5-Land Temperature
2017-06-25,2017-07-02,26.0,2017,P093,18.93564842817583,77.04115528508362,Nanded,normal,statewide,26.971293930780348,1,7,ERA5-Land Daily Aggregated,Maharashtra,ERA5-Land Temperature
2017-06-25,2017-07-02,26.0,2017,P094,21.564917232430716,74.08292967791392,Nandurbar,normal,statewide,25.87085912795294,1,7,ERA5-Land Daily Aggregated,Maharashtra,ERA5-Land Temperature
2017-06-25,2017-07-02,26.0,2017,P095,21.5662594218478,74.37266422796263,Nandurbar,normal,statewide,27.0348634992327,1,7,ERA5-Land Daily Aggregated,Maharashtra,ERA5-Land Temperature
2017-06-25,2017-07-02,26.0,2017,P096,21.385179787168415,74.27697637845674,Nandurbar,normal,statewide,26.783387029738662,1,7,ERA5-Land Daily Aggregated,Maharashtra,ERA5-Land Temperature
2017-06-25,2017-07-02,26.0,2017,P097,21.565421110849755,74.17950488852946,Nandurbar,normal,statewide,26.28832797095896,1,7,ERA5-Land Daily Aggregated,Maharashtra,ERA5-Land Temperature
2017-06-25,2017-07-02,26.0,2017,P098,20.299553667393326,73.99482675929994,Nashik,normal,statewide,23.184300813220773,1,7,ERA5-Land Daily Aggregated,Maharashtra,ERA5-Land Temperature
2017-06-25,2017-07-02,26.0,2017,P099,20.120253214034264,74.28296495117151,Nashik,normal,statewide,24.475572204589866,1,7,ERA5-Land Daily Aggregated,Maharashtra,ERA5-Land Temperature
2017-06-25,2017-07-02,26.0,2017,P100,20.389903972938242,73.99424261706194,Nashik,normal,statewide,23.000532677060164,1,7,ERA5-Land Daily Aggregated,Maharashtra,ERA5-Land Temperature
2017-06-25,2017-07-02,26.0,2017,P101,20.029015547379707,74.09216447619562,Nashik,normal,statewide,24.222863406226736,1,7,ERA5-Land Daily Aggregated,Maharashtra,ERA5-Land Temperature
2017-06-25,2017-07-02,26.0,2017,P102,17.85749130266526,76.36802722645965,Osmanabad,normal,statewide,24.87611396426246,1,7,ERA5-Land Daily Aggregated,Maharashtra,ERA5-Land Temperature
2017-06-25,2017-07-02,26.0,2017,P103,17.76644983645705,76.46164605307673,Osmanabad,normal,statewide,25.097909909202997,1,7,ERA5-Land Daily Aggregated,Maharashtra,ERA5-Land Temperature
2017-06-25,2017-07-02,26.0,2017,P104,17.949094615606196,76.17989775301476,Osmanabad,normal,statewide,24.686579459054144,1,7,ERA5-Land Daily Aggregated,Maharashtra,ERA5-Land Temperature
2017-06-25,2017-07-02,26.0,2017,P105,18.584360447185368,75.61558067829696,Osmanabad,normal,statewide,24.495591735839866,1,7,ERA5-Land Daily Aggregated,Maharashtra,ERA5-Land Temperature
2017-06-25,2017-07-02,26.0,2017,P106,19.031389786894366,76.47235681380711,Parbhani,normal,statewide,26.82398412795294,1,7,ERA5-Land Daily Aggregated,Maharashtra,ERA5-Land Temperature
2017-06-25,2017-07-02,26.0,2017,P107,19.120950831552832,76.56820519095093,Parbhani,normal,statewide,26.763053603399385,1,7,ERA5-Land Daily Aggregated,Maharashtra,ERA5-Land Temperature
2017-06-25,2017-07-02,26.0,2017,P108,19.208625676465683,76.85432786914635,Parbhani,normal,statewide,27.098247055780348,1,7,ERA5-Land Daily Aggregated,Maharashtra,ERA5-Land Temperature
2017-06-25,2017-07-02,26.0,2017,P109,19.212081479782103,76.47396209018636,Parbhani,normal,statewide,26.666420418875646,1,7,ERA5-Land Daily Aggregated,Maharashtra,ERA5-Land Temperature
2017-06-25,2017-07-02,26.0,2017,P110,18.133442771357757,75.04679558432363,Pune,normal,statewide,25.850304812476793,1,7,ERA5-Land Daily Aggregated,Maharashtra,ERA5-Land Temperature
2017-06-25,2017-07-02,26.0,2017,P111,18.584645829652782,74.47919215212944,Pune,normal,statewide,25.45599445161372,1,7,ERA5-Land Daily Aggregated,Maharashtra,ERA5-Land Temperature
2017-06-25,2017-07-02,26.0,2017,P112,18.132979024848197,74.57507620208169,Pune,normal,statewide,25.569438462030348,1,7,ERA5-Land Daily Aggregated,Maharashtra,ERA5-Land Temperature
2017-06-25,2017-07-02,26.0,2017,P113,18.314072036830744,74.76389683618987,Pune,normal,statewide,25.95490163167318,1,7,ERA5-Land Daily Aggregated,Maharashtra,ERA5-Land Temperature
2017-06-25,2017-07-02,26.0,2017,P114,18.48503397121986,73.0589238755964,Raigarh,normal,statewide,25.373474920363662,1,7,ERA5-Land Daily Aggregated,Maharashtra,ERA5-Land Temperature
2017-06-25,2017-07-02,26.0,2017,P115,18.665689991299164,73.05687714821288,Raigarh,normal,statewide,25.488767424083846,1,7,ERA5-Land Daily Aggregated,Maharashtra,ERA5-Land Temperature
2017-06-25,2017-07-02,26.0,2017,P116,18.306197264370358,73.25009891506079,Raigarh,normal,statewide,24.947542535691014,1,7,ERA5-Land Daily Aggregated,Maharashtra,ERA5-Land Temperature
2017-06-25,2017-07-02,26.0,2017,P117,18.21404102289879,73.06194714611064,Raigarh,normal,statewide,25.519424511137515,1,7,ERA5-Land Daily Aggregated,Maharashtra,ERA5-Land Temperature
2017-06-25,2017-07-02,26.0,2017,P118,17.138719885658215,75.42259970290594,Sangli,normal,statewide,25.623335411435107,1,7,ERA5-Land Daily Aggregated,Maharashtra,ERA5-Land Temperature
2017-06-25,2017-07-02,26.0,2017,P119,17.048761981005992,74.95348443567921,Sangli,normal,statewide,24.343247985839866,1,7,ERA5-Land Daily Aggregated,Maharashtra,ERA5-Land Temperature
2017-06-25,2017-07-02,26.0,2017,P120,16.86707144948229,74.39025538161847,Sangli,normal,statewide,23.63976258777444,1,7,ERA5-Land Daily Aggregated,Maharashtra,ERA5-Land Temperature
2017-06-25,2017-07-02,26.0,2017,P121,17.048503353144895,74.67157114887826,Sangli,normal,statewide,23.832168651762515,1,7,ERA5-Land Daily Aggregated,Maharashtra,ERA5-Land Temperature
2017-06-25,2017-07-02,26.0,2017,P148,17.67852974098626,76.08383979812143,Solapur,normal,statewide,25.71617860339944,1,7,ERA5-Land Daily Aggregated,Maharashtra,ERA5-Land Temperature
2017-06-25,2017-07-02,26.0,2017,P149,18.223365003201543,75.4251413905064,Solapur,normal,statewide,25.455122520810107,1,7,ERA5-Land Daily Aggregated,Maharashtra,ERA5-Land Temperature
2017-06-25,2017-07-02,26.0,2017,P150,17.952532582518405,75.23562067753285,Solapur,normal,statewide,25.69957704089944,1,7,ERA5-Land Daily Aggregated,Maharashtra,ERA5-Land Temperature
2017-06-25,2017-07-02,26.0,2017,P151,18.223690517578447,75.23598186471818,Solapur,normal,statewide,25.44751928420294,1,7,ERA5-Land Daily Aggregated,Maharashtra,ERA5-Land Temperature
2017-06-25,2017-07-02,26.0,2017,P152,19.658178867370932,72.94986318203122,Thane,normal,statewide,26.052267238072034,1,7,ERA5-Land Daily Aggregated,Maharashtra,ERA5-Land Temperature
2017-06-25,2017-07-02,26.0,2017,P153,19.65706409210757,72.8545320606096,Thane,normal,statewide,26.15292293003631,1,7,ERA5-Land Daily Aggregated,Maharashtra,ERA5-Land Temperature
2017-06-25,2017-07-02,26.0,2017,P154,19.477549601897948,72.95214624177059,Thane,normal,statewide,26.02555127825059,1,7,ERA5-Land Daily Aggregated,Maharashtra,ERA5-Land Temperature
2017-06-25,2017-07-02,26.0,2017,P155,19.83987385799569,73.0429959666335,Thane,normal,statewide,25.264309183756552,1,7,ERA5-Land Daily Aggregated,Maharashtra,ERA5-Land Temperature
2017-06-25,2017-07-02,26.0,2017,P156,20.806749657616468,78.60135461177485,Wardha,normal,statewide,27.65015600295294,1,7,ERA5-Land Daily Aggregated,Maharashtra,ERA5-Land Temperature
2017-06-25,2017-07-02,26.0,2017,P157,20.71031267913359,78.88671032458906,Wardha,normal,statewide,27.74368511381607,1,7,ERA5-Land Daily Aggregated,Maharashtra,ERA5-Land Temperature
2017-06-25,2017-07-02,26.0,2017,P158,21.081265295769754,78.41565980750515,Wardha,normal,statewide,27.13660038539342,1,7,ERA5-Land Daily Aggregated,Maharashtra,ERA5-Land Temperature
2017-06-25,2017-07-02,26.0,2017,P159,20.439854822938944,78.87986114537097,Wardha,normal,statewide,27.745022074381495,1,7,ERA5-Land Daily Aggregated,Maharashtra,ERA5-Land Temperature
2017-06-25,2017-07-02,26.0,2017,P160,20.289186257444058,77.15404188735265,Washim,normal,statewide,27.153713480631552,1,7,ERA5-Land Daily Aggregated,Maharashtra,ERA5-Land Temperature
2017-06-25,2017-07-02,26.0,2017,P161,20.464607292886615,77.53975858757677,Washim,normal,statewide,27.7145509992327,1,7,ERA5-Land Daily Aggregated,Maharashtra,ERA5-Land Temperature
2017-06-25,2017-07-02,26.0,2017,P162,20.107393166596125,77.2471479173486,Washim,normal,statewide,26.7882814679827,1,7,ERA5-Land Daily Aggregated,Maharashtra,ERA5-Land Temperature
2017-06-25,2017-07-02,26.0,2017,P163,20.198885002010726,77.1527933390577,Washim,normal,statewide,26.660258774530348,1,7,ERA5-Land Daily Aggregated,Maharashtra,ERA5-Land Temperature
2017-06-25,2017-07-02,26.0,2017,P164,20.182854533723592,78.20447678161395,Yavatmal,normal,statewide,27.89564521426246,1,7,ERA5-Land Daily Aggregated,Maharashtra,ERA5-Land Temperature
2017-06-25,2017-07-02,26.0,2017,P165,19.894658373538324,79.05709703494229,Yavatmal,normal,statewide,27.833307974679144,1,7,ERA5-Land Daily Aggregated,Maharashtra,ERA5-Land Temperature
2017-06-25,2017-07-02,26.0,2017,P166,19.468787468327925,77.71426550730338,Yavatmal,normal,statewide,27.12234722319107,1,7,ERA5-Land Daily Aggregated,Maharashtra,ERA5-Land Temperature
2017-06-25,2017-07-02,26.0,2017,P167,19.559057510053886,77.71577268345945,Yavatmal,normal,statewide,27.18494022914342,1,7,ERA5-Land Daily Aggregated,Maharashtra,ERA5-Land Temperature
