Week_Start,Week_End,Week_Number,Year,point_id,latitude,longitude,district,sampling_priority,region_type,Rainfall_mm,Rainfall_Valid,CHIRPS_Days,rainfall_source,study_area,dataset
2020-07-01,2020-07-08,27.0,2020,P147,17.927231643141155,73.94769852026607,Satara,case_study,case_study,18.510047912597656,1,7,CHIRPS Daily v2.0,Maharashtra,CHIRPS Rainfall
2020-07-01,2020-07-08,27.0,2020,P061,18.507855650411397,76.91766048140843,Latur,high,priority,36.227102279663086,1,7,CHIRPS Daily v2.0,Maharashtra,CHIRPS Rainfall
2020-07-01,2020-07-08,27.0,2020,P062,18.422405896924207,76.3487594508077,Latur,high,priority,15.243616104125977,1,7,CHIRPS Daily v2.0,Maharashtra,CHIRPS Rainfall
2020-07-01,2020-07-08,27.0,2020,P063,18.235391198742693,77.05646783810116,Latur,high,priority,26.611732482910156,1,7,CHIRPS Daily v2.0,Maharashtra,CHIRPS Rainfall
2020-07-01,2020-07-08,27.0,2020,P064,18.193056493341274,76.77240080549139,Latur,high,priority,35.24048137664795,1,7,CHIRPS Daily v2.0,Maharashtra,CHIRPS Rainfall
2020-07-01,2020-07-08,27.0,2020,P065,18.331355512513895,76.44266811899327,Latur,high,priority,19.351449489593506,1,7,CHIRPS Daily v2.0,Maharashtra,CHIRPS Rainfall
2020-07-01,2020-07-08,27.0,2020,P066,18.104739537876725,76.5352970251765,Latur,high,priority,24.462599754333496,1,7,CHIRPS Daily v2.0,Maharashtra,CHIRPS Rainfall
2020-07-01,2020-07-08,27.0,2020,P067,18.280552974211986,77.0569984711265,Latur,high,priority,31.482442378997803,1,7,CHIRPS Daily v2.0,Maharashtra,CHIRPS Rainfall
2020-07-01,2020-07-08,27.0,2020,P068,18.101823285787773,76.86595720469373,Latur,high,priority,25.892698287963867,1,7,CHIRPS Daily v2.0,Maharashtra,CHIRPS Rainfall
2020-07-01,2020-07-08,27.0,2020,P069,18.595075667016793,77.20284228928156,Latur,high,priority,46.90862846374512,1,7,CHIRPS Daily v2.0,Maharashtra,CHIRPS Rainfall
2020-07-01,2020-07-08,27.0,2020,P070,18.41499041187233,77.15322587185987,Latur,high,priority,46.974947929382324,1,7,CHIRPS Daily v2.0,Maharashtra,CHIRPS Rainfall
2020-07-01,2020-07-08,27.0,2020,P071,18.149138807065885,76.63019561379593,Latur,high,priority,29.81170082092285,1,7,CHIRPS Daily v2.0,Maharashtra,CHIRPS Rainfall
2020-07-01,2020-07-08,27.0,2020,P072,18.283393421583035,76.77331492120734,Latur,high,priority,34.64285087585449,1,7,CHIRPS Daily v2.0,Maharashtra,CHIRPS Rainfall
2020-07-01,2020-07-08,27.0,2020,P073,17.966315663874607,76.86453029235662,Latur,high,priority,33.51028060913086,1,7,CHIRPS Daily v2.0,Maharashtra,CHIRPS Rainfall
2020-07-01,2020-07-08,27.0,2020,P074,18.50832831512306,76.870318205524,Latur,high,priority,28.273643016815186,1,7,CHIRPS Daily v2.0,Maharashtra,CHIRPS Rainfall
2020-07-01,2020-07-08,27.0,2020,P075,18.41444640154381,77.20053247493588,Latur,high,priority,47.58320236206055,1,7,CHIRPS Daily v2.0,Maharashtra,CHIRPS Rainfall
2020-07-01,2020-07-08,27.0,2020,P076,18.377877313804504,76.25376722106614,Latur,high,priority,13.77340030670166,1,7,CHIRPS Daily v2.0,Maharashtra,CHIRPS Rainfall
2020-07-01,2020-07-08,27.0,2020,P077,18.059564385104267,76.5349046242838,Latur,high,priority,28.45778465270996,1,7,CHIRPS Daily v2.0,Maharashtra,CHIRPS Rainfall
2020-07-01,2020-07-08,27.0,2020,P078,18.1008824154655,76.96042326051098,Latur,high,priority,24.710418701171875,1,7,CHIRPS Daily v2.0,Maharashtra,CHIRPS Rainfall
2020-07-01,2020-07-08,27.0,2020,P079,18.73508698099394,76.77797468180819,Latur,high,priority,26.70201873779297,1,7,CHIRPS Daily v2.0,Maharashtra,CHIRPS Rainfall
2020-07-01,2020-07-08,27.0,2020,P080,18.46791548227568,76.3017694439065,Latur,high,priority,16.80699920654297,1,7,CHIRPS Daily v2.0,Maharashtra,CHIRPS Rainfall
2020-07-01,2020-07-08,27.0,2020,P081,18.10355787609756,76.67701617485712,Latur,high,priority,31.961159229278564,1,7,CHIRPS Daily v2.0,Maharashtra,CHIRPS Rainfall
2020-07-01,2020-07-08,27.0,2020,P082,18.23907887531389,76.67830931416262,Latur,high,priority,34.23034381866455,1,7,CHIRPS Daily v2.0,Maharashtra,CHIRPS Rainfall
2020-07-01,2020-07-08,27.0,2020,P083,18.369289085175563,77.19996171000103,Latur,high,priority,42.104681968688965,1,7,CHIRPS Daily v2.0,Maharashtra,CHIRPS Rainfall
2020-07-01,2020-07-08,27.0,2020,P084,18.46362582706226,76.82249880582684,Latur,high,priority,31.355494499206543,1,7,CHIRPS Daily v2.0,Maharashtra,CHIRPS Rainfall
2020-07-01,2020-07-08,27.0,2020,P085,18.14788579966987,76.77194597718393,Latur,high,priority,33.00249910354614,1,7,CHIRPS Daily v2.0,Maharashtra,CHIRPS Rainfall
2020-07-01,2020-07-08,27.0,2020,P122,17.88145897082753,73.8441448165019,Satara,high,priority,25.889772415161133,1,7,CHIRPS Daily v2.0,Maharashtra,CHIRPS Rainfall
2020-07-01,2020-07-08,27.0,2020,P123,17.386414030975025,74.27088970551878,Satara,high,priority,0.0,1,7,CHIRPS Daily v2.0,Maharashtra,CHIRPS Rainfall
2020-07-01,2020-07-08,27.0,2020,P124,17.43262815429294,74.647353771057,Satara,high,priority,10.607584953308105,1,7,CHIRPS Daily v2.0,Maharashtra,CHIRPS Rainfall
2020-07-01,2020-07-08,27.0,2020,P125,17.56734651531964,74.31728219287884,Satara,high,priority,43.56120586395264,1,7,CHIRPS Daily v2.0,Maharashtra,CHIRPS Rainfall
2020-07-01,2020-07-08,27.0,2020,P126,17.205080227535593,74.13053949986157,Satara,high,priority,36.943382263183594,1,7,CHIRPS Daily v2.0,Maharashtra,CHIRPS Rainfall
2020-07-01,2020-07-08,27.0,2020,P127,17.65773249367299,74.31694330119876,Satara,high,priority,24.049705505371094,1,7,CHIRPS Daily v2.0,Maharashtra,CHIRPS Rainfall
2020-07-01,2020-07-08,27.0,2020,P128,18.019949731345452,74.5517328080669,Satara,high,priority,12.027368545532227,1,7,CHIRPS Daily v2.0,Maharashtra,CHIRPS Rainfall
2020-07-01,2020-07-08,27.0,2020,P129,18.063234225271252,74.03192648006461,Satara,high,priority,0.0,1,7,CHIRPS Daily v2.0,Maharashtra,CHIRPS Rainfall
2020-07-01,2020-07-08,27.0,2020,P130,17.61135784271715,74.03436560834085,Satara,high,priority,0.0,1,7,CHIRPS Daily v2.0,Maharashtra,CHIRPS Rainfall
2020-07-01,2020-07-08,27.0,2020,P131,17.612539504496315,74.3171127470388,Satara,high,priority,35.42516326904297,1,7,CHIRPS Daily v2.0,Maharashtra,CHIRPS Rainfall
2020-07-01,2020-07-08,27.0,2020,P132,17.702176353872684,74.12817617630324,Satara,high,priority,0.0,1,7,CHIRPS Daily v2.0,Maharashtra,CHIRPS Rainfall
2020-07-01,2020-07-08,27.0,2020,P133,17.25006363896275,74.08329532420031,Satara,high,priority,32.6429443359375,1,7,CHIRPS Daily v2.0,Maharashtra,CHIRPS Rainfall
2020-07-01,2020-07-08,27.0,2020,P134,17.476429903940936,74.17634784498362,Satara,high,priority,24.869983673095703,1,7,CHIRPS Daily v2.0,Maharashtra,CHIRPS Rainfall
2020-07-01,2020-07-08,27.0,2020,P135,17.882716437324603,74.0801070669471,Satara,high,priority,17.801504135131836,1,7,CHIRPS Daily v2.0,Maharashtra,CHIRPS Rainfall
2020-07-01,2020-07-08,27.0,2020,P136,17.928520323345598,74.22149178404871,Satara,high,priority,6.829043865203857,1,7,CHIRPS Daily v2.0,Maharashtra,CHIRPS Rainfall
2020-07-01,2020-07-08,27.0,2020,P137,17.746687100588183,73.98648378122894,Satara,high,priority,13.620676040649414,1,7,CHIRPS Daily v2.0,Maharashtra,CHIRPS Rainfall
2020-07-01,2020-07-08,27.0,2020,P138,17.61269557303319,74.36423652697161,Satara,high,priority,34.57459831237793,1,7,CHIRPS Daily v2.0,Maharashtra,CHIRPS Rainfall
2020-07-01,2020-07-08,27.0,2020,P139,17.656773786946495,74.08126197411994,Satara,high,priority,0.0,1,7,CHIRPS Daily v2.0,Maharashtra,CHIRPS Rainfall
2020-07-01,2020-07-08,27.0,2020,P140,17.97464080554139,74.50462240543725,Satara,high,priority,24.28782081604004,1,7,CHIRPS Daily v2.0,Maharashtra,CHIRPS Rainfall
2020-07-01,2020-07-08,27.0,2020,P141,17.430826677467348,74.08239904488856,Satara,high,priority,36.159912109375,1,7,CHIRPS Daily v2.0,Maharashtra,CHIRPS Rainfall
2020-07-01,2020-07-08,27.0,2020,P142,18.064447100757786,74.31538707493111,Satara,high,priority,10.706661224365234,1,7,CHIRPS Daily v2.0,Maharashtra,CHIRPS Rainfall
2020-07-01,2020-07-08,27.0,2020,P143,17.70379500755509,74.6468275971327,Satara,high,priority,14.308477401733398,1,7,CHIRPS Daily v2.0,Maharashtra,CHIRPS Rainfall
2020-07-01,2020-07-08,27.0,2020,P144,17.929452275465767,74.50474726026674,Satara,high,priority,23.595021724700928,1,7,CHIRPS Daily v2.0,Maharashtra,CHIRPS Rainfall
2020-07-01,2020-07-08,27.0,2020,P145,17.47773196144854,74.60017202281048,Satara,high,priority,13.464079856872559,1,7,CHIRPS Daily v2.0,Maharashtra,CHIRPS Rainfall
2020-07-01,2020-07-08,27.0,2020,P146,17.839182233739812,74.55218763637436,Satara,high,priority,19.94407367706299,1,7,CHIRPS Daily v2.0,Maharashtra,CHIRPS Rainfall
2020-07-01,2020-07-08,27.0,2020,P001,19.940457800458272,74.57045211428928,Ahmednagar,normal,statewide,29.878381729125977,1,7,CHIRPS Daily v2.0,Maharashtra,CHIRPS Rainfall
2020-07-01,2020-07-08,27.0,2020,P002,18.946729294293643,74.76302285238339,Ahmednagar,normal,statewide,21.019801139831543,1,7,CHIRPS Daily v2.0,Maharashtra,CHIRPS Rainfall
2020-07-01,2020-07-08,27.0,2020,P003,18.49469238410162,74.66892244285252,Ahmednagar,normal,statewide,11.690437316894531,1,7,CHIRPS Daily v2.0,Maharashtra,CHIRPS Rainfall
2020-07-01,2020-07-08,27.0,2020,P004,19.03720445466806,75.1420731965326,Ahmednagar,normal,statewide,20.4978609085083,1,7,CHIRPS Daily v2.0,Maharashtra,CHIRPS Rainfall
2020-07-01,2020-07-08,27.0,2020,P005,20.832153156317954,77.06560453615967,Akola,normal,statewide,38.14256525039673,1,7,CHIRPS Daily v2.0,Maharashtra,CHIRPS Rainfall
2020-07-01,2020-07-08,27.0,2020,P006,20.834360411339407,76.87349308547405,Akola,normal,statewide,39.51054668426514,1,7,CHIRPS Daily v2.0,Maharashtra,CHIRPS Rainfall
2020-07-01,2020-07-08,27.0,2020,P007,21.014976299509232,76.87574047240498,Akola,normal,statewide,42.647793769836426,1,7,CHIRPS Daily v2.0,Maharashtra,CHIRPS Rainfall
2020-07-01,2020-07-08,27.0,2020,P008,20.828434266039377,77.35372489162701,Akola,normal,statewide,40.228042125701904,1,7,CHIRPS Daily v2.0,Maharashtra,CHIRPS Rainfall
2020-07-01,2020-07-08,27.0,2020,P009,21.360971327549258,77.94039543992572,Amravati,normal,statewide,57.145246505737305,1,7,CHIRPS Daily v2.0,Maharashtra,CHIRPS Rainfall
2020-07-01,2020-07-08,27.0,2020,P010,21.178803672212837,78.03301542790685,Amravati,normal,statewide,59.983702659606934,1,7,CHIRPS Daily v2.0,Maharashtra,CHIRPS Rainfall
2020-07-01,2020-07-08,27.0,2020,P011,20.814388097721018,78.21764450702477,Amravati,normal,statewide,64.44946146011353,1,7,CHIRPS Daily v2.0,Maharashtra,CHIRPS Rainfall
2020-07-01,2020-07-08,27.0,2020,P012,21.180502589714195,77.93681032267875,Amravati,normal,statewide,62.34863471984863,1,7,CHIRPS Daily v2.0,Maharashtra,CHIRPS Rainfall
2020-07-01,2020-07-08,27.0,2020,P013,20.031289688916964,74.8570519162974,Aurangabad,normal,statewide,29.676369667053223,1,7,CHIRPS Daily v2.0,Maharashtra,CHIRPS Rainfall
2020-07-01,2020-07-08,27.0,2020,P014,19.760185263069562,75.14270192978114,Aurangabad,normal,statewide,28.91177272796631,1,7,CHIRPS Daily v2.0,Maharashtra,CHIRPS Rainfall
2020-07-01,2020-07-08,27.0,2020,P015,19.9408189876436,74.76157364454102,Aurangabad,normal,statewide,31.705782413482666,1,7,CHIRPS Daily v2.0,Maharashtra,CHIRPS Rainfall
2020-07-01,2020-07-08,27.0,2020,P016,19.66981712112043,75.14262166596218,Aurangabad,normal,statewide,23.681330680847168,1,7,CHIRPS Daily v2.0,Maharashtra,CHIRPS Rainfall
2020-07-01,2020-07-08,27.0,2020,P017,21.04613203856966,79.85576216552393,Bhandara,normal,statewide,61.70886993408203,1,7,CHIRPS Daily v2.0,Maharashtra,CHIRPS Rainfall
2020-07-01,2020-07-08,27.0,2020,P018,21.31897105472685,79.76852877161537,Bhandara,normal,statewide,71.70247268676758,1,7,CHIRPS Daily v2.0,Maharashtra,CHIRPS Rainfall
2020-07-01,2020-07-08,27.0,2020,P019,21.40900922319803,79.77144948280537,Bhandara,normal,statewide,70.74880504608154,1,7,CHIRPS Daily v2.0,Maharashtra,CHIRPS Rainfall
2020-07-01,2020-07-08,27.0,2020,P020,21.144196588937042,79.57074980349083,Bhandara,normal,statewide,62.206950187683105,1,7,CHIRPS Daily v2.0,Maharashtra,CHIRPS Rainfall
2020-07-01,2020-07-08,27.0,2020,P021,18.67502288980403,75.52108340877234,Bid,normal,statewide,7.885102987289429,1,7,CHIRPS Daily v2.0,Maharashtra,CHIRPS Rainfall
2020-07-01,2020-07-08,27.0,2020,P022,18.856499384477168,75.04699178476999,Bid,normal,statewide,17.490880250930786,1,7,CHIRPS Daily v2.0,Maharashtra,CHIRPS Rainfall
2020-07-01,2020-07-08,27.0,2020,P023,19.126596053486494,75.6175605191647,Bid,normal,statewide,19.92244863510132,1,7,CHIRPS Daily v2.0,Maharashtra,CHIRPS Rainfall
2020-07-01,2020-07-08,27.0,2020,P024,18.763955201213946,75.90084720909012,Bid,normal,statewide,23.864094734191895,1,7,CHIRPS Daily v2.0,Maharashtra,CHIRPS Rainfall
2020-07-01,2020-07-08,27.0,2020,P025,20.93073496240753,76.20164478885242,Buldana,normal,statewide,44.427974224090576,1,7,CHIRPS Daily v2.0,Maharashtra,CHIRPS Rainfall
2020-07-01,2020-07-08,27.0,2020,P026,20.838939908121294,76.39311412898633,Buldana,normal,statewide,47.35807418823242,1,7,CHIRPS Daily v2.0,Maharashtra,CHIRPS Rainfall
2020-07-01,2020-07-08,27.0,2020,P027,20.657476790751314,76.48742857536776,Buldana,normal,statewide,58.7031364440918,1,7,CHIRPS Daily v2.0,Maharashtra,CHIRPS Rainfall
2020-07-01,2020-07-08,27.0,2020,P028,20.47967013624516,76.10222021266374,Buldana,normal,statewide,70.42181444168091,1,7,CHIRPS Daily v2.0,Maharashtra,CHIRPS Rainfall
2020-07-01,2020-07-08,27.0,2020,P029,20.32317798477448,79.92829390325927,Chandrapur,normal,statewide,82.46347045898438,1,7,CHIRPS Daily v2.0,Maharashtra,CHIRPS Rainfall
2020-07-01,2020-07-08,27.0,2020,P030,20.60872097983294,79.36304041732026,Chandrapur,normal,statewide,76.86274147033691,1,7,CHIRPS Daily v2.0,Maharashtra,CHIRPS Rainfall
2020-07-01,2020-07-08,27.0,2020,P031,20.511160307884595,79.64732594588165,Chandrapur,normal,statewide,71.14271259307861,1,7,CHIRPS Daily v2.0,Maharashtra,CHIRPS Rainfall
2020-07-01,2020-07-08,27.0,2020,P032,20.598621115946884,79.74569817422172,Chandrapur,normal,statewide,59.30186462402344,1,7,CHIRPS Daily v2.0,Maharashtra,CHIRPS Rainfall
2020-07-01,2020-07-08,27.0,2020,P033,21.38667804512237,75.14422248324037,Dhule,normal,statewide,59.50865364074707,1,7,CHIRPS Daily v2.0,Maharashtra,CHIRPS Rainfall
2020-07-01,2020-07-08,27.0,2020,P034,21.025151968113196,74.75989256344387,Dhule,normal,statewide,60.18945598602295,1,7,CHIRPS Daily v2.0,Maharashtra,CHIRPS Rainfall
2020-07-01,2020-07-08,27.0,2020,P035,21.477028350667293,74.85568743137505,Dhule,normal,statewide,63.62136268615723,1,7,CHIRPS Daily v2.0,Maharashtra,CHIRPS Rainfall
2020-07-01,2020-07-08,27.0,2020,P036,20.933820660336515,74.37533522949364,Dhule,normal,statewide,48.05547523498535,1,7,CHIRPS Daily v2.0,Maharashtra,CHIRPS Rainfall
2020-07-01,2020-07-08,27.0,2020,P037,19.963056524597132,79.91698116388667,Garhchiroli,normal,statewide,103.1462984085083,1,7,CHIRPS Daily v2.0,Maharashtra,CHIRPS Rainfall
2020-07-01,2020-07-08,27.0,2020,P038,19.062661462582188,79.88977172925856,Garhchiroli,normal,statewide,100.49913215637207,1,7,CHIRPS Daily v2.0,Maharashtra,CHIRPS Rainfall
2020-07-01,2020-07-08,27.0,2020,P039,19.510270485428137,79.9981368030594,Garhchiroli,normal,statewide,115.41577196121216,1,7,CHIRPS Daily v2.0,Maharashtra,CHIRPS Rainfall
2020-07-01,2020-07-08,27.0,2020,P040,19.870365190999156,80.00935144220881,Garhchiroli,normal,statewide,101.59823942184448,1,7,CHIRPS Daily v2.0,Maharashtra,CHIRPS Rainfall
2020-07-01,2020-07-08,27.0,2020,P041,21.127639946725598,80.1465044724107,Gondiya,normal,statewide,78.02876091003418,1,7,CHIRPS Daily v2.0,Maharashtra,CHIRPS Rainfall
2020-07-01,2020-07-08,27.0,2020,P042,21.397598383602258,80.15591763473452,Gondiya,normal,statewide,93.9686222076416,1,7,CHIRPS Daily v2.0,Maharashtra,CHIRPS Rainfall
2020-07-01,2020-07-08,27.0,2020,P043,21.574548890706154,80.25847249986273,Gondiya,normal,statewide,91.44691562652588,1,7,CHIRPS Daily v2.0,Maharashtra,CHIRPS Rainfall
2020-07-01,2020-07-08,27.0,2020,P044,21.211649410572516,80.34153217518526,Gondiya,normal,statewide,79.35275840759277,1,7,CHIRPS Daily v2.0,Maharashtra,CHIRPS Rainfall
2020-07-01,2020-07-08,27.0,2020,P045,19.655900266732623,77.2407892392464,Hingoli,normal,statewide,58.83049726486206,1,7,CHIRPS Daily v2.0,Maharashtra,CHIRPS Rainfall
2020-07-01,2020-07-08,27.0,2020,P046,19.566758377573187,77.1442675378435,Hingoli,normal,statewide,54.95450401306152,1,7,CHIRPS Daily v2.0,Maharashtra,CHIRPS Rainfall
2020-07-01,2020-07-08,27.0,2020,P047,19.47860194974656,76.9526242927685,Hingoli,normal,statewide,53.04750061035156,1,7,CHIRPS Daily v2.0,Maharashtra,CHIRPS Rainfall
2020-07-01,2020-07-08,27.0,2020,P048,19.927981235710728,77.14910120338544,Hingoli,normal,statewide,51.84597110748291,1,7,CHIRPS Daily v2.0,Maharashtra,CHIRPS Rainfall
2020-07-01,2020-07-08,27.0,2020,P049,21.292738163229433,76.10816865346904,Jalgaon,normal,statewide,63.83700084686279,1,7,CHIRPS Daily v2.0,Maharashtra,CHIRPS Rainfall
2020-07-01,2020-07-08,27.0,2020,P050,21.386178625804387,75.43363151891216,Jalgaon,normal,statewide,69.41484785079956,1,7,CHIRPS Daily v2.0,Maharashtra,CHIRPS Rainfall
2020-07-01,2020-07-08,27.0,2020,P051,21.112064306745907,76.10682200495089,Jalgaon,normal,statewide,44.80188274383545,1,7,CHIRPS Daily v2.0,Maharashtra,CHIRPS Rainfall
2020-07-01,2020-07-08,27.0,2020,P052,20.844437979720194,75.23982115072519,Jalgaon,normal,statewide,40.84200620651245,1,7,CHIRPS Daily v2.0,Maharashtra,CHIRPS Rainfall
2020-07-01,2020-07-08,27.0,2020,P053,19.486369703781666,76.00005328932718,Jalna,normal,statewide,35.57517910003662,1,7,CHIRPS Daily v2.0,Maharashtra,CHIRPS Rainfall
2020-07-01,2020-07-08,27.0,2020,P054,20.028502750758555,76.00343774702675,Jalna,normal,statewide,49.678080558776855,1,7,CHIRPS Daily v2.0,Maharashtra,CHIRPS Rainfall
2020-07-01,2020-07-08,27.0,2020,P055,19.75743845682064,76.00172991132328,Jalna,normal,statewide,54.42874193191528,1,7,CHIRPS Daily v2.0,Maharashtra,CHIRPS Rainfall
2020-07-01,2020-07-08,27.0,2020,P056,19.57768317515413,75.80993951591351,Jalna,normal,statewide,47.96154808998108,1,7,CHIRPS Daily v2.0,Maharashtra,CHIRPS Rainfall
2020-07-01,2020-07-08,27.0,2020,P057,16.776377793156257,74.29671235971928,Kolhapur,normal,statewide,0.0,1,7,CHIRPS Daily v2.0,Maharashtra,CHIRPS Rainfall
2020-07-01,2020-07-08,27.0,2020,P058,16.324416687682138,74.29834884980589,Kolhapur,normal,statewide,26.149457931518555,1,7,CHIRPS Daily v2.0,Maharashtra,CHIRPS Rainfall
2020-07-01,2020-07-08,27.0,2020,P059,16.595891218916975,74.39111598812178,Kolhapur,normal,statewide,0.0,1,7,CHIRPS Daily v2.0,Maharashtra,CHIRPS Rainfall
2020-07-01,2020-07-08,27.0,2020,P060,16.414811584237594,74.29802779453004,Kolhapur,normal,statewide,17.52096939086914,1,7,CHIRPS Daily v2.0,Maharashtra,CHIRPS Rainfall
2020-07-01,2020-07-08,27.0,2020,P086,21.054127206758487,79.56798961993874,Nagpur,normal,statewide,55.733219146728516,1,7,CHIRPS Daily v2.0,Maharashtra,CHIRPS Rainfall
2020-07-01,2020-07-08,27.0,2020,P087,21.146765031143822,79.47473643960802,Nagpur,normal,statewide,68.52596998214722,1,7,CHIRPS Daily v2.0,Maharashtra,CHIRPS Rainfall
2020-07-01,2020-07-08,27.0,2020,P088,21.347803602138427,78.61442869606356,Nagpur,normal,statewide,65.39011287689209,1,7,CHIRPS Daily v2.0,Maharashtra,CHIRPS Rainfall
2020-07-01,2020-07-08,27.0,2020,P089,21.165377318940912,78.70615240473293,Nagpur,normal,statewide,56.11984443664551,1,7,CHIRPS Daily v2.0,Maharashtra,CHIRPS Rainfall
2020-07-01,2020-07-08,27.0,2020,P090,19.201968238592887,77.42470040309472,Nanded,normal,statewide,53.85029053688049,1,7,CHIRPS Daily v2.0,Maharashtra,CHIRPS Rainfall
2020-07-01,2020-07-08,27.0,2020,P091,18.566038000956755,77.69963965584807,Nanded,normal,statewide,52.01397705078125,1,7,CHIRPS Daily v2.0,Maharashtra,CHIRPS Rainfall
2020-07-01,2020-07-08,27.0,2020,P092,19.736596618496833,77.90946265591798,Nanded,normal,statewide,63.38210105895996,1,7,CHIRPS Daily v2.0,Maharashtra,CHIRPS Rainfall
2020-07-01,2020-07-08,27.0,2020,P093,18.93564842817583,77.04115528508362,Nanded,normal,statewide,49.00080156326294,1,7,CHIRPS Daily v2.0,Maharashtra,CHIRPS Rainfall
2020-07-01,2020-07-08,27.0,2020,P094,21.564917232430716,74.08292967791392,Nandurbar,normal,statewide,95.21746444702148,1,7,CHIRPS Daily v2.0,Maharashtra,CHIRPS Rainfall
2020-07-01,2020-07-08,27.0,2020,P095,21.5662594218478,74.37266422796263,Nandurbar,normal,statewide,80.7553129196167,1,7,CHIRPS Daily v2.0,Maharashtra,CHIRPS Rainfall
2020-07-01,2020-07-08,27.0,2020,P096,21.385179787168415,74.27697637845674,Nandurbar,normal,statewide,40.81721878051758,1,7,CHIRPS Daily v2.0,Maharashtra,CHIRPS Rainfall
2020-07-01,2020-07-08,27.0,2020,P097,21.565421110849755,74.17950488852946,Nandurbar,normal,statewide,78.13121795654297,1,7,CHIRPS Daily v2.0,Maharashtra,CHIRPS Rainfall
2020-07-01,2020-07-08,27.0,2020,P098,20.299553667393326,73.99482675929994,Nashik,normal,statewide,56.158183574676514,1,7,CHIRPS Daily v2.0,Maharashtra,CHIRPS Rainfall
2020-07-01,2020-07-08,27.0,2020,P099,20.120253214034264,74.28296495117151,Nashik,normal,statewide,59.63243579864502,1,7,CHIRPS Daily v2.0,Maharashtra,CHIRPS Rainfall
2020-07-01,2020-07-08,27.0,2020,P100,20.389903972938242,73.99424261706194,Nashik,normal,statewide,60.28908157348633,1,7,CHIRPS Daily v2.0,Maharashtra,CHIRPS Rainfall
2020-07-01,2020-07-08,27.0,2020,P101,20.029015547379707,74.09216447619562,Nashik,normal,statewide,54.33973503112793,1,7,CHIRPS Daily v2.0,Maharashtra,CHIRPS Rainfall
2020-07-01,2020-07-08,27.0,2020,P102,17.85749130266526,76.36802722645965,Osmanabad,normal,statewide,27.591054439544678,1,7,CHIRPS Daily v2.0,Maharashtra,CHIRPS Rainfall
2020-07-01,2020-07-08,27.0,2020,P103,17.76644983645705,76.46164605307673,Osmanabad,normal,statewide,29.733567714691162,1,7,CHIRPS Daily v2.0,Maharashtra,CHIRPS Rainfall
2020-07-01,2020-07-08,27.0,2020,P104,17.949094615606196,76.17989775301476,Osmanabad,normal,statewide,24.2738037109375,1,7,CHIRPS Daily v2.0,Maharashtra,CHIRPS Rainfall
2020-07-01,2020-07-08,27.0,2020,P105,18.584360447185368,75.61558067829696,Osmanabad,normal,statewide,20.33370852470398,1,7,CHIRPS Daily v2.0,Maharashtra,CHIRPS Rainfall
2020-07-01,2020-07-08,27.0,2020,P106,19.031389786894366,76.47235681380711,Parbhani,normal,statewide,32.136162757873535,1,7,CHIRPS Daily v2.0,Maharashtra,CHIRPS Rainfall
2020-07-01,2020-07-08,27.0,2020,P107,19.120950831552832,76.56820519095093,Parbhani,normal,statewide,32.46247863769531,1,7,CHIRPS Daily v2.0,Maharashtra,CHIRPS Rainfall
2020-07-01,2020-07-08,27.0,2020,P108,19.208625676465683,76.85432786914635,Parbhani,normal,statewide,37.593074321746826,1,7,CHIRPS Daily v2.0,Maharashtra,CHIRPS Rainfall
2020-07-01,2020-07-08,27.0,2020,P109,19.212081479782103,76.47396209018636,Parbhani,normal,statewide,41.63017559051514,1,7,CHIRPS Daily v2.0,Maharashtra,CHIRPS Rainfall
2020-07-01,2020-07-08,27.0,2020,P110,18.133442771357757,75.04679558432363,Pune,normal,statewide,15.4891357421875,1,7,CHIRPS Daily v2.0,Maharashtra,CHIRPS Rainfall
2020-07-01,2020-07-08,27.0,2020,P111,18.584645829652782,74.47919215212944,Pune,normal,statewide,10.478775978088379,1,7,CHIRPS Daily v2.0,Maharashtra,CHIRPS Rainfall
2020-07-01,2020-07-08,27.0,2020,P112,18.132979024848197,74.57507620208169,Pune,normal,statewide,8.277528762817383,1,7,CHIRPS Daily v2.0,Maharashtra,CHIRPS Rainfall
2020-07-01,2020-07-08,27.0,2020,P113,18.314072036830744,74.76389683618987,Pune,normal,statewide,0.0,1,7,CHIRPS Daily v2.0,Maharashtra,CHIRPS Rainfall
2020-07-01,2020-07-08,27.0,2020,P114,18.48503397121986,73.0589238755964,Raigarh,normal,statewide,215.03346252441406,1,7,CHIRPS Daily v2.0,Maharashtra,CHIRPS Rainfall
2020-07-01,2020-07-08,27.0,2020,P115,18.665689991299164,73.05687714821288,Raigarh,normal,statewide,251.3055877685547,1,7,CHIRPS Daily v2.0,Maharashtra,CHIRPS Rainfall
2020-07-01,2020-07-08,27.0,2020,P116,18.306197264370358,73.25009891506079,Raigarh,normal,statewide,200.88778686523438,1,7,CHIRPS Daily v2.0,Maharashtra,CHIRPS Rainfall
2020-07-01,2020-07-08,27.0,2020,P117,18.21404102289879,73.06194714611064,Raigarh,normal,statewide,136.40097045898438,1,7,CHIRPS Daily v2.0,Maharashtra,CHIRPS Rainfall
2020-07-01,2020-07-08,27.0,2020,P118,17.138719885658215,75.42259970290594,Sangli,normal,statewide,10.795631408691406,1,7,CHIRPS Daily v2.0,Maharashtra,CHIRPS Rainfall
2020-07-01,2020-07-08,27.0,2020,P119,17.048761981005992,74.95348443567921,Sangli,normal,statewide,6.631826400756836,1,7,CHIRPS Daily v2.0,Maharashtra,CHIRPS Rainfall
2020-07-01,2020-07-08,27.0,2020,P120,16.86707144948229,74.39025538161847,Sangli,normal,statewide,0.0,1,7,CHIRPS Daily v2.0,Maharashtra,CHIRPS Rainfall
2020-07-01,2020-07-08,27.0,2020,P121,17.048503353144895,74.67157114887826,Sangli,normal,statewide,7.52741813659668,1,7,CHIRPS Daily v2.0,Maharashtra,CHIRPS Rainfall
2020-07-01,2020-07-08,27.0,2020,P148,17.67852974098626,76.08383979812143,Solapur,normal,statewide,31.256549835205078,1,7,CHIRPS Daily v2.0,Maharashtra,CHIRPS Rainfall
2020-07-01,2020-07-08,27.0,2020,P149,18.223365003201543,75.4251413905064,Solapur,normal,statewide,10.23160457611084,1,7,CHIRPS Daily v2.0,Maharashtra,CHIRPS Rainfall
2020-07-01,2020-07-08,27.0,2020,P150,17.952532582518405,75.23562067753285,Solapur,normal,statewide,8.903144836425781,1,7,CHIRPS Daily v2.0,Maharashtra,CHIRPS Rainfall
2020-07-01,2020-07-08,27.0,2020,P151,18.223690517578447,75.23598186471818,Solapur,normal,statewide,19.720195770263672,1,7,CHIRPS Daily v2.0,Maharashtra,CHIRPS Rainfall
2020-07-01,2020-07-08,27.0,2020,P152,19.658178867370932,72.94986318203122,Thane,normal,statewide,293.5733757019043,1,7,CHIRPS Daily v2.0,Maharashtra,CHIRPS Rainfall
2020-07-01,2020-07-08,27.0,2020,P153,19.65706409210757,72.8545320606096,Thane,normal,statewide,343.1095390319824,1,7,CHIRPS Daily v2.0,Maharashtra,CHIRPS Rainfall
2020-07-01,2020-07-08,27.0,2020,P154,19.477549601897948,72.95214624177059,Thane,normal,statewide,261.81653213500977,1,7,CHIRPS Daily v2.0,Maharashtra,CHIRPS Rainfall
2020-07-01,2020-07-08,27.0,2020,P155,19.83987385799569,73.0429959666335,Thane,normal,statewide,292.0307674407959,1,7,CHIRPS Daily v2.0,Maharashtra,CHIRPS Rainfall
2020-07-01,2020-07-08,27.0,2020,P156,20.806749657616468,78.60135461177485,Wardha,normal,statewide,61.069552421569824,1,7,CHIRPS Daily v2.0,Maharashtra,CHIRPS Rainfall
2020-07-01,2020-07-08,27.0,2020,P157,20.71031267913359,78.88671032458906,Wardha,normal,statewide,84.53047323226929,1,7,CHIRPS Daily v2.0,Maharashtra,CHIRPS Rainfall
2020-07-01,2020-07-08,27.0,2020,P158,21.081265295769754,78.41565980750515,Wardha,normal,statewide,59.9760160446167,1,7,CHIRPS Daily v2.0,Maharashtra,CHIRPS Rainfall
2020-07-01,2020-07-08,27.0,2020,P159,20.439854822938944,78.87986114537097,Wardha,normal,statewide,74.75162506103516,1,7,CHIRPS Daily v2.0,Maharashtra,CHIRPS Rainfall
2020-07-01,2020-07-08,27.0,2020,P160,20.289186257444058,77.15404188735265,Washim,normal,statewide,49.898327350616455,1,7,CHIRPS Daily v2.0,Maharashtra,CHIRPS Rainfall
2020-07-01,2020-07-08,27.0,2020,P161,20.464607292886615,77.53975858757677,Washim,normal,statewide,52.53663086891174,1,7,CHIRPS Daily v2.0,Maharashtra,CHIRPS Rainfall
2020-07-01,2020-07-08,27.0,2020,P162,20.107393166596125,77.2471479173486,Washim,normal,statewide,51.9990930557251,1,7,CHIRPS Daily v2.0,Maharashtra,CHIRPS Rainfall
2020-07-01,2020-07-08,27.0,2020,P163,20.198885002010726,77.1527933390577,Washim,normal,statewide,50.544766426086426,1,7,CHIRPS Daily v2.0,Maharashtra,CHIRPS Rainfall
2020-07-01,2020-07-08,27.0,2020,P164,20.182854533723592,78.20447678161395,Yavatmal,normal,statewide,63.41531562805176,1,7,CHIRPS Daily v2.0,Maharashtra,CHIRPS Rainfall
2020-07-01,2020-07-08,27.0,2020,P165,19.894658373538324,79.05709703494229,Yavatmal,normal,statewide,77.54586601257324,1,7,CHIRPS Daily v2.0,Maharashtra,CHIRPS Rainfall
2020-07-01,2020-07-08,27.0,2020,P166,19.468787468327925,77.71426550730338,Yavatmal,normal,statewide,69.43613624572754,1,7,CHIRPS Daily v2.0,Maharashtra,CHIRPS Rainfall
2020-07-01,2020-07-08,27.0,2020,P167,19.559057510053886,77.71577268345945,Yavatmal,normal,statewide,77.67745685577393,1,7,CHIRPS Daily v2.0,Maharashtra,CHIRPS Rainfall
2020-07-08,2020-07-15,28.0,2020,P147,17.927231643141155,73.94769852026607,Satara,case_study,case_study,124.68225860595703,1,7,CHIRPS Daily v2.0,Maharashtra,CHIRPS Rainfall
2020-07-08,2020-07-15,28.0,2020,P061,18.507855650411397,76.91766048140843,Latur,high,priority,39.5944299697876,1,7,CHIRPS Daily v2.0,Maharashtra,CHIRPS Rainfall
2020-07-08,2020-07-15,28.0,2020,P062,18.422405896924207,76.3487594508077,Latur,high,priority,29.335854053497314,1,7,CHIRPS Daily v2.0,Maharashtra,CHIRPS Rainfall
2020-07-08,2020-07-15,28.0,2020,P063,18.235391198742693,77.05646783810116,Latur,high,priority,68.08576679229736,1,7,CHIRPS Daily v2.0,Maharashtra,CHIRPS Rainfall
2020-07-08,2020-07-15,28.0,2020,P064,18.193056493341274,76.77240080549139,Latur,high,priority,43.726842403411865,1,7,CHIRPS Daily v2.0,Maharashtra,CHIRPS Rainfall
2020-07-08,2020-07-15,28.0,2020,P065,18.331355512513895,76.44266811899327,Latur,high,priority,30.817962169647217,1,7,CHIRPS Daily v2.0,Maharashtra,CHIRPS Rainfall
2020-07-08,2020-07-15,28.0,2020,P066,18.104739537876725,76.5352970251765,Latur,high,priority,48.62061548233032,1,7,CHIRPS Daily v2.0,Maharashtra,CHIRPS Rainfall
2020-07-08,2020-07-15,28.0,2020,P067,18.280552974211986,77.0569984711265,Latur,high,priority,54.45706033706665,1,7,CHIRPS Daily v2.0,Maharashtra,CHIRPS Rainfall
2020-07-08,2020-07-15,28.0,2020,P068,18.101823285787773,76.86595720469373,Latur,high,priority,67.32103538513184,1,7,CHIRPS Daily v2.0,Maharashtra,CHIRPS Rainfall
2020-07-08,2020-07-15,28.0,2020,P069,18.595075667016793,77.20284228928156,Latur,high,priority,38.42698335647583,1,7,CHIRPS Daily v2.0,Maharashtra,CHIRPS Rainfall
2020-07-08,2020-07-15,28.0,2020,P070,18.41499041187233,77.15322587185987,Latur,high,priority,46.60013198852539,1,7,CHIRPS Daily v2.0,Maharashtra,CHIRPS Rainfall
2020-07-08,2020-07-15,28.0,2020,P071,18.149138807065885,76.63019561379593,Latur,high,priority,47.515159130096436,1,7,CHIRPS Daily v2.0,Maharashtra,CHIRPS Rainfall
2020-07-08,2020-07-15,28.0,2020,P072,18.283393421583035,76.77331492120734,Latur,high,priority,44.85740852355957,1,7,CHIRPS Daily v2.0,Maharashtra,CHIRPS Rainfall
2020-07-08,2020-07-15,28.0,2020,P073,17.966315663874607,76.86453029235662,Latur,high,priority,63.54207468032837,1,7,CHIRPS Daily v2.0,Maharashtra,CHIRPS Rainfall
2020-07-08,2020-07-15,28.0,2020,P074,18.50832831512306,76.870318205524,Latur,high,priority,39.92071056365967,1,7,CHIRPS Daily v2.0,Maharashtra,CHIRPS Rainfall
2020-07-08,2020-07-15,28.0,2020,P075,18.41444640154381,77.20053247493588,Latur,high,priority,47.88749599456787,1,7,CHIRPS Daily v2.0,Maharashtra,CHIRPS Rainfall
2020-07-08,2020-07-15,28.0,2020,P076,18.377877313804504,76.25376722106614,Latur,high,priority,29.778156280517578,1,7,CHIRPS Daily v2.0,Maharashtra,CHIRPS Rainfall
2020-07-08,2020-07-15,28.0,2020,P077,18.059564385104267,76.5349046242838,Latur,high,priority,49.89873790740967,1,7,CHIRPS Daily v2.0,Maharashtra,CHIRPS Rainfall
2020-07-08,2020-07-15,28.0,2020,P078,18.1008824154655,76.96042326051098,Latur,high,priority,66.5561454296112,1,7,CHIRPS Daily v2.0,Maharashtra,CHIRPS Rainfall
2020-07-08,2020-07-15,28.0,2020,P079,18.73508698099394,76.77797468180819,Latur,high,priority,50.42623519897461,1,7,CHIRPS Daily v2.0,Maharashtra,CHIRPS Rainfall
2020-07-08,2020-07-15,28.0,2020,P080,18.46791548227568,76.3017694439065,Latur,high,priority,33.64305114746094,1,7,CHIRPS Daily v2.0,Maharashtra,CHIRPS Rainfall
2020-07-08,2020-07-15,28.0,2020,P081,18.10355787609756,76.67701617485712,Latur,high,priority,45.234557151794434,1,7,CHIRPS Daily v2.0,Maharashtra,CHIRPS Rainfall
2020-07-08,2020-07-15,28.0,2020,P082,18.23907887531389,76.67830931416262,Latur,high,priority,46.44938659667969,1,7,CHIRPS Daily v2.0,Maharashtra,CHIRPS Rainfall
2020-07-08,2020-07-15,28.0,2020,P083,18.369289085175563,77.19996171000103,Latur,high,priority,46.33357810974121,1,7,CHIRPS Daily v2.0,Maharashtra,CHIRPS Rainfall
2020-07-08,2020-07-15,28.0,2020,P084,18.46362582706226,76.82249880582684,Latur,high,priority,39.26022243499756,1,7,CHIRPS Daily v2.0,Maharashtra,CHIRPS Rainfall
2020-07-08,2020-07-15,28.0,2020,P085,18.14788579966987,76.77194597718393,Latur,high,priority,55.03983688354492,1,7,CHIRPS Daily v2.0,Maharashtra,CHIRPS Rainfall
2020-07-08,2020-07-15,28.0,2020,P122,17.88145897082753,73.8441448165019,Satara,high,priority,190.3617763519287,1,7,CHIRPS Daily v2.0,Maharashtra,CHIRPS Rainfall
2020-07-08,2020-07-15,28.0,2020,P123,17.386414030975025,74.27088970551878,Satara,high,priority,93.17881679534912,1,7,CHIRPS Daily v2.0,Maharashtra,CHIRPS Rainfall
2020-07-08,2020-07-15,28.0,2020,P124,17.43262815429294,74.647353771057,Satara,high,priority,50.395331382751465,1,7,CHIRPS Daily v2.0,Maharashtra,CHIRPS Rainfall
2020-07-08,2020-07-15,28.0,2020,P125,17.56734651531964,74.31728219287884,Satara,high,priority,94.12254238128662,1,7,CHIRPS Daily v2.0,Maharashtra,CHIRPS Rainfall
2020-07-08,2020-07-15,28.0,2020,P126,17.205080227535593,74.13053949986157,Satara,high,priority,70.54734420776367,1,7,CHIRPS Daily v2.0,Maharashtra,CHIRPS Rainfall
2020-07-08,2020-07-15,28.0,2020,P127,17.65773249367299,74.31694330119876,Satara,high,priority,81.4575548171997,1,7,CHIRPS Daily v2.0,Maharashtra,CHIRPS Rainfall
2020-07-08,2020-07-15,28.0,2020,P128,18.019949731345452,74.5517328080669,Satara,high,priority,38.791035175323486,1,7,CHIRPS Daily v2.0,Maharashtra,CHIRPS Rainfall
2020-07-08,2020-07-15,28.0,2020,P129,18.063234225271252,74.03192648006461,Satara,high,priority,113.35196781158447,1,7,CHIRPS Daily v2.0,Maharashtra,CHIRPS Rainfall
2020-07-08,2020-07-15,28.0,2020,P130,17.61135784271715,74.03436560834085,Satara,high,priority,222.13323593139648,1,7,CHIRPS Daily v2.0,Maharashtra,CHIRPS Rainfall
2020-07-08,2020-07-15,28.0,2020,P131,17.612539504496315,74.3171127470388,Satara,high,priority,89.45590209960938,1,7,CHIRPS Daily v2.0,Maharashtra,CHIRPS Rainfall
2020-07-08,2020-07-15,28.0,2020,P132,17.702176353872684,74.12817617630324,Satara,high,priority,116.64225196838379,1,7,CHIRPS Daily v2.0,Maharashtra,CHIRPS Rainfall
2020-07-08,2020-07-15,28.0,2020,P133,17.25006363896275,74.08329532420031,Satara,high,priority,108.78609466552734,1,7,CHIRPS Daily v2.0,Maharashtra,CHIRPS Rainfall
2020-07-08,2020-07-15,28.0,2020,P134,17.476429903940936,74.17634784498362,Satara,high,priority,86.04351997375488,1,7,CHIRPS Daily v2.0,Maharashtra,CHIRPS Rainfall
2020-07-08,2020-07-15,28.0,2020,P135,17.882716437324603,74.0801070669471,Satara,high,priority,113.76936149597168,1,7,CHIRPS Daily v2.0,Maharashtra,CHIRPS Rainfall
2020-07-08,2020-07-15,28.0,2020,P136,17.928520323345598,74.22149178404871,Satara,high,priority,67.44326877593994,1,7,CHIRPS Daily v2.0,Maharashtra,CHIRPS Rainfall
2020-07-08,2020-07-15,28.0,2020,P137,17.746687100588183,73.98648378122894,Satara,high,priority,109.62288856506348,1,7,CHIRPS Daily v2.0,Maharashtra,CHIRPS Rainfall
2020-07-08,2020-07-15,28.0,2020,P138,17.61269557303319,74.36423652697161,Satara,high,priority,77.76993370056152,1,7,CHIRPS Daily v2.0,Maharashtra,CHIRPS Rainfall
2020-07-08,2020-07-15,28.0,2020,P139,17.656773786946495,74.08126197411994,Satara,high,priority,169.0265941619873,1,7,CHIRPS Daily v2.0,Maharashtra,CHIRPS Rainfall
2020-07-08,2020-07-15,28.0,2020,P140,17.97464080554139,74.50462240543725,Satara,high,priority,36.90095615386963,1,7,CHIRPS Daily v2.0,Maharashtra,CHIRPS Rainfall
2020-07-08,2020-07-15,28.0,2020,P141,17.430826677467348,74.08239904488856,Satara,high,priority,114.38423156738281,1,7,CHIRPS Daily v2.0,Maharashtra,CHIRPS Rainfall
2020-07-08,2020-07-15,28.0,2020,P142,18.064447100757786,74.31538707493111,Satara,high,priority,55.944814682006836,1,7,CHIRPS Daily v2.0,Maharashtra,CHIRPS Rainfall
2020-07-08,2020-07-15,28.0,2020,P143,17.70379500755509,74.6468275971327,Satara,high,priority,77.90289783477783,1,7,CHIRPS Daily v2.0,Maharashtra,CHIRPS Rainfall
2020-07-08,2020-07-15,28.0,2020,P144,17.929452275465767,74.50474726026674,Satara,high,priority,47.84687423706055,1,7,CHIRPS Daily v2.0,Maharashtra,CHIRPS Rainfall
2020-07-08,2020-07-15,28.0,2020,P145,17.47773196144854,74.60017202281048,Satara,high,priority,74.60553407669067,1,7,CHIRPS Daily v2.0,Maharashtra,CHIRPS Rainfall
2020-07-08,2020-07-15,28.0,2020,P146,17.839182233739812,74.55218763637436,Satara,high,priority,54.20694637298584,1,7,CHIRPS Daily v2.0,Maharashtra,CHIRPS Rainfall
2020-07-08,2020-07-15,28.0,2020,P001,19.940457800458272,74.57045211428928,Ahmednagar,normal,statewide,29.00920009613037,1,7,CHIRPS Daily v2.0,Maharashtra,CHIRPS Rainfall
2020-07-08,2020-07-15,28.0,2020,P002,18.946729294293643,74.76302285238339,Ahmednagar,normal,statewide,21.387643814086914,1,7,CHIRPS Daily v2.0,Maharashtra,CHIRPS Rainfall
2020-07-08,2020-07-15,28.0,2020,P003,18.49469238410162,74.66892244285252,Ahmednagar,normal,statewide,39.136430740356445,1,7,CHIRPS Daily v2.0,Maharashtra,CHIRPS Rainfall
2020-07-08,2020-07-15,28.0,2020,P004,19.03720445466806,75.1420731965326,Ahmednagar,normal,statewide,21.42051410675049,1,7,CHIRPS Daily v2.0,Maharashtra,CHIRPS Rainfall
2020-07-08,2020-07-15,28.0,2020,P005,20.832153156317954,77.06560453615967,Akola,normal,statewide,67.45336198806763,1,7,CHIRPS Daily v2.0,Maharashtra,CHIRPS Rainfall
2020-07-08,2020-07-15,28.0,2020,P006,20.834360411339407,76.87349308547405,Akola,normal,statewide,60.34617042541504,1,7,CHIRPS Daily v2.0,Maharashtra,CHIRPS Rainfall
2020-07-08,2020-07-15,28.0,2020,P007,21.014976299509232,76.87574047240498,Akola,normal,statewide,57.38641929626465,1,7,CHIRPS Daily v2.0,Maharashtra,CHIRPS Rainfall
2020-07-08,2020-07-15,28.0,2020,P008,20.828434266039377,77.35372489162701,Akola,normal,statewide,70.49382019042969,1,7,CHIRPS Daily v2.0,Maharashtra,CHIRPS Rainfall
2020-07-08,2020-07-15,28.0,2020,P009,21.360971327549258,77.94039543992572,Amravati,normal,statewide,61.97938299179077,1,7,CHIRPS Daily v2.0,Maharashtra,CHIRPS Rainfall
2020-07-08,2020-07-15,28.0,2020,P010,21.178803672212837,78.03301542790685,Amravati,normal,statewide,79.63979911804199,1,7,CHIRPS Daily v2.0,Maharashtra,CHIRPS Rainfall
2020-07-08,2020-07-15,28.0,2020,P011,20.814388097721018,78.21764450702477,Amravati,normal,statewide,78.97650146484375,1,7,CHIRPS Daily v2.0,Maharashtra,CHIRPS Rainfall
2020-07-08,2020-07-15,28.0,2020,P012,21.180502589714195,77.93681032267875,Amravati,normal,statewide,81.80856418609619,1,7,CHIRPS Daily v2.0,Maharashtra,CHIRPS Rainfall
2020-07-08,2020-07-15,28.0,2020,P013,20.031289688916964,74.8570519162974,Aurangabad,normal,statewide,36.70295524597168,1,7,CHIRPS Daily v2.0,Maharashtra,CHIRPS Rainfall
2020-07-08,2020-07-15,28.0,2020,P014,19.760185263069562,75.14270192978114,Aurangabad,normal,statewide,42.14949131011963,1,7,CHIRPS Daily v2.0,Maharashtra,CHIRPS Rainfall
2020-07-08,2020-07-15,28.0,2020,P015,19.9408189876436,74.76157364454102,Aurangabad,normal,statewide,35.49569749832153,1,7,CHIRPS Daily v2.0,Maharashtra,CHIRPS Rainfall
2020-07-08,2020-07-15,28.0,2020,P016,19.66981712112043,75.14262166596218,Aurangabad,normal,statewide,32.79512691497803,1,7,CHIRPS Daily v2.0,Maharashtra,CHIRPS Rainfall
2020-07-08,2020-07-15,28.0,2020,P017,21.04613203856966,79.85576216552393,Bhandara,normal,statewide,66.79004955291748,1,7,CHIRPS Daily v2.0,Maharashtra,CHIRPS Rainfall
2020-07-08,2020-07-15,28.0,2020,P018,21.31897105472685,79.76852877161537,Bhandara,normal,statewide,74.57759857177734,1,7,CHIRPS Daily v2.0,Maharashtra,CHIRPS Rainfall
2020-07-08,2020-07-15,28.0,2020,P019,21.40900922319803,79.77144948280537,Bhandara,normal,statewide,89.65037107467651,1,7,CHIRPS Daily v2.0,Maharashtra,CHIRPS Rainfall
2020-07-08,2020-07-15,28.0,2020,P020,21.144196588937042,79.57074980349083,Bhandara,normal,statewide,63.10081338882446,1,7,CHIRPS Daily v2.0,Maharashtra,CHIRPS Rainfall
2020-07-08,2020-07-15,28.0,2020,P021,18.67502288980403,75.52108340877234,Bid,normal,statewide,14.425479412078857,1,7,CHIRPS Daily v2.0,Maharashtra,CHIRPS Rainfall
2020-07-08,2020-07-15,28.0,2020,P022,18.856499384477168,75.04699178476999,Bid,normal,statewide,24.80390477180481,1,7,CHIRPS Daily v2.0,Maharashtra,CHIRPS Rainfall
2020-07-08,2020-07-15,28.0,2020,P023,19.126596053486494,75.6175605191647,Bid,normal,statewide,41.395585775375366,1,7,CHIRPS Daily v2.0,Maharashtra,CHIRPS Rainfall
2020-07-08,2020-07-15,28.0,2020,P024,18.763955201213946,75.90084720909012,Bid,normal,statewide,20.575732946395874,1,7,CHIRPS Daily v2.0,Maharashtra,CHIRPS Rainfall
2020-07-08,2020-07-15,28.0,2020,P025,20.93073496240753,76.20164478885242,Buldana,normal,statewide,53.13321113586426,1,7,CHIRPS Daily v2.0,Maharashtra,CHIRPS Rainfall
2020-07-08,2020-07-15,28.0,2020,P026,20.838939908121294,76.39311412898633,Buldana,normal,statewide,59.57368803024292,1,7,CHIRPS Daily v2.0,Maharashtra,CHIRPS Rainfall
2020-07-08,2020-07-15,28.0,2020,P027,20.657476790751314,76.48742857536776,Buldana,normal,statewide,64.70579147338867,1,7,CHIRPS Daily v2.0,Maharashtra,CHIRPS Rainfall
2020-07-08,2020-07-15,28.0,2020,P028,20.47967013624516,76.10222021266374,Buldana,normal,statewide,59.96888065338135,1,7,CHIRPS Daily v2.0,Maharashtra,CHIRPS Rainfall
2020-07-08,2020-07-15,28.0,2020,P029,20.32317798477448,79.92829390325927,Chandrapur,normal,statewide,95.33616781234741,1,7,CHIRPS Daily v2.0,Maharashtra,CHIRPS Rainfall
2020-07-08,2020-07-15,28.0,2020,P030,20.60872097983294,79.36304041732026,Chandrapur,normal,statewide,67.95528554916382,1,7,CHIRPS Daily v2.0,Maharashtra,CHIRPS Rainfall
2020-07-08,2020-07-15,28.0,2020,P031,20.511160307884595,79.64732594588165,Chandrapur,normal,statewide,78.7649655342102,1,7,CHIRPS Daily v2.0,Maharashtra,CHIRPS Rainfall
2020-07-08,2020-07-15,28.0,2020,P032,20.598621115946884,79.74569817422172,Chandrapur,normal,statewide,69.07598972320557,1,7,CHIRPS Daily v2.0,Maharashtra,CHIRPS Rainfall
2020-07-08,2020-07-15,28.0,2020,P033,21.38667804512237,75.14422248324037,Dhule,normal,statewide,25.093509197235107,1,7,CHIRPS Daily v2.0,Maharashtra,CHIRPS Rainfall
2020-07-08,2020-07-15,28.0,2020,P034,21.025151968113196,74.75989256344387,Dhule,normal,statewide,53.51216697692871,1,7,CHIRPS Daily v2.0,Maharashtra,CHIRPS Rainfall
2020-07-08,2020-07-15,28.0,2020,P035,21.477028350667293,74.85568743137505,Dhule,normal,statewide,35.45988893508911,1,7,CHIRPS Daily v2.0,Maharashtra,CHIRPS Rainfall
2020-07-08,2020-07-15,28.0,2020,P036,20.933820660336515,74.37533522949364,Dhule,normal,statewide,69.89026975631714,1,7,CHIRPS Daily v2.0,Maharashtra,CHIRPS Rainfall
2020-07-08,2020-07-15,28.0,2020,P037,19.963056524597132,79.91698116388667,Garhchiroli,normal,statewide,93.28008651733398,1,7,CHIRPS Daily v2.0,Maharashtra,CHIRPS Rainfall
2020-07-08,2020-07-15,28.0,2020,P038,19.062661462582188,79.88977172925856,Garhchiroli,normal,statewide,109.46243000030518,1,7,CHIRPS Daily v2.0,Maharashtra,CHIRPS Rainfall
2020-07-08,2020-07-15,28.0,2020,P039,19.510270485428137,79.9981368030594,Garhchiroli,normal,statewide,86.88372898101807,1,7,CHIRPS Daily v2.0,Maharashtra,CHIRPS Rainfall
2020-07-08,2020-07-15,28.0,2020,P040,19.870365190999156,80.00935144220881,Garhchiroli,normal,statewide,98.49732780456543,1,7,CHIRPS Daily v2.0,Maharashtra,CHIRPS Rainfall
2020-07-08,2020-07-15,28.0,2020,P041,21.127639946725598,80.1465044724107,Gondiya,normal,statewide,71.97599601745605,1,7,CHIRPS Daily v2.0,Maharashtra,CHIRPS Rainfall
2020-07-08,2020-07-15,28.0,2020,P042,21.397598383602258,80.15591763473452,Gondiya,normal,statewide,104.51905250549316,1,7,CHIRPS Daily v2.0,Maharashtra,CHIRPS Rainfall
2020-07-08,2020-07-15,28.0,2020,P043,21.574548890706154,80.25847249986273,Gondiya,normal,statewide,117.72961091995239,1,7,CHIRPS Daily v2.0,Maharashtra,CHIRPS Rainfall
2020-07-08,2020-07-15,28.0,2020,P044,21.211649410572516,80.34153217518526,Gondiya,normal,statewide,84.04874992370605,1,7,CHIRPS Daily v2.0,Maharashtra,CHIRPS Rainfall
2020-07-08,2020-07-15,28.0,2020,P045,19.655900266732623,77.2407892392464,Hingoli,normal,statewide,66.00353813171387,1,7,CHIRPS Daily v2.0,Maharashtra,CHIRPS Rainfall
2020-07-08,2020-07-15,28.0,2020,P046,19.566758377573187,77.1442675378435,Hingoli,normal,statewide,60.430240631103516,1,7,CHIRPS Daily v2.0,Maharashtra,CHIRPS Rainfall
2020-07-08,2020-07-15,28.0,2020,P047,19.47860194974656,76.9526242927685,Hingoli,normal,statewide,61.53927135467529,1,7,CHIRPS Daily v2.0,Maharashtra,CHIRPS Rainfall
2020-07-08,2020-07-15,28.0,2020,P048,19.927981235710728,77.14910120338544,Hingoli,normal,statewide,72.87415313720703,1,7,CHIRPS Daily v2.0,Maharashtra,CHIRPS Rainfall
2020-07-08,2020-07-15,28.0,2020,P049,21.292738163229433,76.10816865346904,Jalgaon,normal,statewide,22.43216609954834,1,7,CHIRPS Daily v2.0,Maharashtra,CHIRPS Rainfall
2020-07-08,2020-07-15,28.0,2020,P050,21.386178625804387,75.43363151891216,Jalgaon,normal,statewide,28.88096570968628,1,7,CHIRPS Daily v2.0,Maharashtra,CHIRPS Rainfall
2020-07-08,2020-07-15,28.0,2020,P051,21.112064306745907,76.10682200495089,Jalgaon,normal,statewide,33.063353538513184,1,7,CHIRPS Daily v2.0,Maharashtra,CHIRPS Rainfall
2020-07-08,2020-07-15,28.0,2020,P052,20.844437979720194,75.23982115072519,Jalgaon,normal,statewide,61.08814334869385,1,7,CHIRPS Daily v2.0,Maharashtra,CHIRPS Rainfall
2020-07-08,2020-07-15,28.0,2020,P053,19.486369703781666,76.00005328932718,Jalna,normal,statewide,68.64289855957031,1,7,CHIRPS Daily v2.0,Maharashtra,CHIRPS Rainfall
2020-07-08,2020-07-15,28.0,2020,P054,20.028502750758555,76.00343774702675,Jalna,normal,statewide,39.9059317111969,1,7,CHIRPS Daily v2.0,Maharashtra,CHIRPS Rainfall
2020-07-08,2020-07-15,28.0,2020,P055,19.75743845682064,76.00172991132328,Jalna,normal,statewide,49.981070041656494,1,7,CHIRPS Daily v2.0,Maharashtra,CHIRPS Rainfall
2020-07-08,2020-07-15,28.0,2020,P056,19.57768317515413,75.80993951591351,Jalna,normal,statewide,52.285911083221436,1,7,CHIRPS Daily v2.0,Maharashtra,CHIRPS Rainfall
2020-07-08,2020-07-15,28.0,2020,P057,16.776377793156257,74.29671235971928,Kolhapur,normal,statewide,95.06599426269531,1,7,CHIRPS Daily v2.0,Maharashtra,CHIRPS Rainfall
2020-07-08,2020-07-15,28.0,2020,P058,16.324416687682138,74.29834884980589,Kolhapur,normal,statewide,155.28163146972656,1,7,CHIRPS Daily v2.0,Maharashtra,CHIRPS Rainfall
2020-07-08,2020-07-15,28.0,2020,P059,16.595891218916975,74.39111598812178,Kolhapur,normal,statewide,90.87914943695068,1,7,CHIRPS Daily v2.0,Maharashtra,CHIRPS Rainfall
2020-07-08,2020-07-15,28.0,2020,P060,16.414811584237594,74.29802779453004,Kolhapur,normal,statewide,107.2192440032959,1,7,CHIRPS Daily v2.0,Maharashtra,CHIRPS Rainfall
2020-07-08,2020-07-15,28.0,2020,P086,21.054127206758487,79.56798961993874,Nagpur,normal,statewide,70.0929126739502,1,7,CHIRPS Daily v2.0,Maharashtra,CHIRPS Rainfall
2020-07-08,2020-07-15,28.0,2020,P087,21.146765031143822,79.47473643960802,Nagpur,normal,statewide,61.6086483001709,1,7,CHIRPS Daily v2.0,Maharashtra,CHIRPS Rainfall
2020-07-08,2020-07-15,28.0,2020,P088,21.347803602138427,78.61442869606356,Nagpur,normal,statewide,82.30307149887085,1,7,CHIRPS Daily v2.0,Maharashtra,CHIRPS Rainfall
2020-07-08,2020-07-15,28.0,2020,P089,21.165377318940912,78.70615240473293,Nagpur,normal,statewide,80.6661434173584,1,7,CHIRPS Daily v2.0,Maharashtra,CHIRPS Rainfall
2020-07-08,2020-07-15,28.0,2020,P090,19.201968238592887,77.42470040309472,Nanded,normal,statewide,48.30585813522339,1,7,CHIRPS Daily v2.0,Maharashtra,CHIRPS Rainfall
2020-07-08,2020-07-15,28.0,2020,P091,18.566038000956755,77.69963965584807,Nanded,normal,statewide,58.137816429138184,1,7,CHIRPS Daily v2.0,Maharashtra,CHIRPS Rainfall
2020-07-08,2020-07-15,28.0,2020,P092,19.736596618496833,77.90946265591798,Nanded,normal,statewide,67.51156091690063,1,7,CHIRPS Daily v2.0,Maharashtra,CHIRPS Rainfall
2020-07-08,2020-07-15,28.0,2020,P093,18.93564842817583,77.04115528508362,Nanded,normal,statewide,47.89329385757446,1,7,CHIRPS Daily v2.0,Maharashtra,CHIRPS Rainfall
2020-07-08,2020-07-15,28.0,2020,P094,21.564917232430716,74.08292967791392,Nandurbar,normal,statewide,14.999015808105469,1,7,CHIRPS Daily v2.0,Maharashtra,CHIRPS Rainfall
2020-07-08,2020-07-15,28.0,2020,P095,21.5662594218478,74.37266422796263,Nandurbar,normal,statewide,16.70357608795166,1,7,CHIRPS Daily v2.0,Maharashtra,CHIRPS Rainfall
2020-07-08,2020-07-15,28.0,2020,P096,21.385179787168415,74.27697637845674,Nandurbar,normal,statewide,49.52831745147705,1,7,CHIRPS Daily v2.0,Maharashtra,CHIRPS Rainfall
2020-07-08,2020-07-15,28.0,2020,P097,21.565421110849755,74.17950488852946,Nandurbar,normal,statewide,12.621477127075195,1,7,CHIRPS Daily v2.0,Maharashtra,CHIRPS Rainfall
2020-07-08,2020-07-15,28.0,2020,P098,20.299553667393326,73.99482675929994,Nashik,normal,statewide,39.66703987121582,1,7,CHIRPS Daily v2.0,Maharashtra,CHIRPS Rainfall
2020-07-08,2020-07-15,28.0,2020,P099,20.120253214034264,74.28296495117151,Nashik,normal,statewide,27.65726375579834,1,7,CHIRPS Daily v2.0,Maharashtra,CHIRPS Rainfall
2020-07-08,2020-07-15,28.0,2020,P100,20.389903972938242,73.99424261706194,Nashik,normal,statewide,42.47748422622681,1,7,CHIRPS Daily v2.0,Maharashtra,CHIRPS Rainfall
2020-07-08,2020-07-15,28.0,2020,P101,20.029015547379707,74.09216447619562,Nashik,normal,statewide,13.849624633789062,1,7,CHIRPS Daily v2.0,Maharashtra,CHIRPS Rainfall
2020-07-08,2020-07-15,28.0,2020,P102,17.85749130266526,76.36802722645965,Osmanabad,normal,statewide,41.55464506149292,1,7,CHIRPS Daily v2.0,Maharashtra,CHIRPS Rainfall
2020-07-08,2020-07-15,28.0,2020,P103,17.76644983645705,76.46164605307673,Osmanabad,normal,statewide,53.7123327255249,1,7,CHIRPS Daily v2.0,Maharashtra,CHIRPS Rainfall
2020-07-08,2020-07-15,28.0,2020,P104,17.949094615606196,76.17989775301476,Osmanabad,normal,statewide,35.839229106903076,1,7,CHIRPS Daily v2.0,Maharashtra,CHIRPS Rainfall
2020-07-08,2020-07-15,28.0,2020,P105,18.584360447185368,75.61558067829696,Osmanabad,normal,statewide,8.380744934082031,1,7,CHIRPS Daily v2.0,Maharashtra,CHIRPS Rainfall
2020-07-08,2020-07-15,28.0,2020,P106,19.031389786894366,76.47235681380711,Parbhani,normal,statewide,50.254096031188965,1,7,CHIRPS Daily v2.0,Maharashtra,CHIRPS Rainfall
2020-07-08,2020-07-15,28.0,2020,P107,19.120950831552832,76.56820519095093,Parbhani,normal,statewide,48.18221735954285,1,7,CHIRPS Daily v2.0,Maharashtra,CHIRPS Rainfall
2020-07-08,2020-07-15,28.0,2020,P108,19.208625676465683,76.85432786914635,Parbhani,normal,statewide,61.070037841796875,1,7,CHIRPS Daily v2.0,Maharashtra,CHIRPS Rainfall
2020-07-08,2020-07-15,28.0,2020,P109,19.212081479782103,76.47396209018636,Parbhani,normal,statewide,41.17828011512756,1,7,CHIRPS Daily v2.0,Maharashtra,CHIRPS Rainfall
2020-07-08,2020-07-15,28.0,2020,P110,18.133442771357757,75.04679558432363,Pune,normal,statewide,16.08268117904663,1,7,CHIRPS Daily v2.0,Maharashtra,CHIRPS Rainfall
2020-07-08,2020-07-15,28.0,2020,P111,18.584645829652782,74.47919215212944,Pune,normal,statewide,33.46191453933716,1,7,CHIRPS Daily v2.0,Maharashtra,CHIRPS Rainfall
2020-07-08,2020-07-15,28.0,2020,P112,18.132979024848197,74.57507620208169,Pune,normal,statewide,20.83221459388733,1,7,CHIRPS Daily v2.0,Maharashtra,CHIRPS Rainfall
2020-07-08,2020-07-15,28.0,2020,P113,18.314072036830744,74.76389683618987,Pune,normal,statewide,35.969868659973145,1,7,CHIRPS Daily v2.0,Maharashtra,CHIRPS Rainfall
2020-07-08,2020-07-15,28.0,2020,P114,18.48503397121986,73.0589238755964,Raigarh,normal,statewide,320.13965225219727,1,7,CHIRPS Daily v2.0,Maharashtra,CHIRPS Rainfall
2020-07-08,2020-07-15,28.0,2020,P115,18.665689991299164,73.05687714821288,Raigarh,normal,statewide,116.99930572509766,1,7,CHIRPS Daily v2.0,Maharashtra,CHIRPS Rainfall
2020-07-08,2020-07-15,28.0,2020,P116,18.306197264370358,73.25009891506079,Raigarh,normal,statewide,230.23003387451172,1,7,CHIRPS Daily v2.0,Maharashtra,CHIRPS Rainfall
2020-07-08,2020-07-15,28.0,2020,P117,18.21404102289879,73.06194714611064,Raigarh,normal,statewide,249.71100616455078,1,7,CHIRPS Daily v2.0,Maharashtra,CHIRPS Rainfall
2020-07-08,2020-07-15,28.0,2020,P118,17.138719885658215,75.42259970290594,Sangli,normal,statewide,50.21386957168579,1,7,CHIRPS Daily v2.0,Maharashtra,CHIRPS Rainfall
2020-07-08,2020-07-15,28.0,2020,P119,17.048761981005992,74.95348443567921,Sangli,normal,statewide,21.70961308479309,1,7,CHIRPS Daily v2.0,Maharashtra,CHIRPS Rainfall
2020-07-08,2020-07-15,28.0,2020,P120,16.86707144948229,74.39025538161847,Sangli,normal,statewide,70.06543731689453,1,7,CHIRPS Daily v2.0,Maharashtra,CHIRPS Rainfall
2020-07-08,2020-07-15,28.0,2020,P121,17.048503353144895,74.67157114887826,Sangli,normal,statewide,41.75221538543701,1,7,CHIRPS Daily v2.0,Maharashtra,CHIRPS Rainfall
2020-07-08,2020-07-15,28.0,2020,P148,17.67852974098626,76.08383979812143,Solapur,normal,statewide,37.95914602279663,1,7,CHIRPS Daily v2.0,Maharashtra,CHIRPS Rainfall
2020-07-08,2020-07-15,28.0,2020,P149,18.223365003201543,75.4251413905064,Solapur,normal,statewide,23.93994164466858,1,7,CHIRPS Daily v2.0,Maharashtra,CHIRPS Rainfall
2020-07-08,2020-07-15,28.0,2020,P150,17.952532582518405,75.23562067753285,Solapur,normal,statewide,21.45797348022461,1,7,CHIRPS Daily v2.0,Maharashtra,CHIRPS Rainfall
2020-07-08,2020-07-15,28.0,2020,P151,18.223690517578447,75.23598186471818,Solapur,normal,statewide,25.057185649871826,1,7,CHIRPS Daily v2.0,Maharashtra,CHIRPS Rainfall
2020-07-08,2020-07-15,28.0,2020,P152,19.658178867370932,72.94986318203122,Thane,normal,statewide,173.11038398742676,1,7,CHIRPS Daily v2.0,Maharashtra,CHIRPS Rainfall
2020-07-08,2020-07-15,28.0,2020,P153,19.65706409210757,72.8545320606096,Thane,normal,statewide,149.97316932678223,1,7,CHIRPS Daily v2.0,Maharashtra,CHIRPS Rainfall
2020-07-08,2020-07-15,28.0,2020,P154,19.477549601897948,72.95214624177059,Thane,normal,statewide,267.6891670227051,1,7,CHIRPS Daily v2.0,Maharashtra,CHIRPS Rainfall
2020-07-08,2020-07-15,28.0,2020,P155,19.83987385799569,73.0429959666335,Thane,normal,statewide,150.4698143005371,1,7,CHIRPS Daily v2.0,Maharashtra,CHIRPS Rainfall
2020-07-08,2020-07-15,28.0,2020,P156,20.806749657616468,78.60135461177485,Wardha,normal,statewide,64.13712501525879,1,7,CHIRPS Daily v2.0,Maharashtra,CHIRPS Rainfall
2020-07-08,2020-07-15,28.0,2020,P157,20.71031267913359,78.88671032458906,Wardha,normal,statewide,58.7403678894043,1,7,CHIRPS Daily v2.0,Maharashtra,CHIRPS Rainfall
2020-07-08,2020-07-15,28.0,2020,P158,21.081265295769754,78.41565980750515,Wardha,normal,statewide,65.26517868041992,1,7,CHIRPS Daily v2.0,Maharashtra,CHIRPS Rainfall
2020-07-08,2020-07-15,28.0,2020,P159,20.439854822938944,78.87986114537097,Wardha,normal,statewide,59.161346435546875,1,7,CHIRPS Daily v2.0,Maharashtra,CHIRPS Rainfall
2020-07-08,2020-07-15,28.0,2020,P160,20.289186257444058,77.15404188735265,Washim,normal,statewide,66.81313228607178,1,7,CHIRPS Daily v2.0,Maharashtra,CHIRPS Rainfall
2020-07-08,2020-07-15,28.0,2020,P161,20.464607292886615,77.53975858757677,Washim,normal,statewide,60.720630407333374,1,7,CHIRPS Daily v2.0,Maharashtra,CHIRPS Rainfall
2020-07-08,2020-07-15,28.0,2020,P162,20.107393166596125,77.2471479173486,Washim,normal,statewide,77.9382791519165,1,7,CHIRPS Daily v2.0,Maharashtra,CHIRPS Rainfall
2020-07-08,2020-07-15,28.0,2020,P163,20.198885002010726,77.1527933390577,Washim,normal,statewide,66.05310916900635,1,7,CHIRPS Daily v2.0,Maharashtra,CHIRPS Rainfall
2020-07-08,2020-07-15,28.0,2020,P164,20.182854533723592,78.20447678161395,Yavatmal,normal,statewide,69.60212516784668,1,7,CHIRPS Daily v2.0,Maharashtra,CHIRPS Rainfall
2020-07-08,2020-07-15,28.0,2020,P165,19.894658373538324,79.05709703494229,Yavatmal,normal,statewide,91.95095729827881,1,7,CHIRPS Daily v2.0,Maharashtra,CHIRPS Rainfall
2020-07-08,2020-07-15,28.0,2020,P166,19.468787468327925,77.71426550730338,Yavatmal,normal,statewide,62.312910079956055,1,7,CHIRPS Daily v2.0,Maharashtra,CHIRPS Rainfall
2020-07-08,2020-07-15,28.0,2020,P167,19.559057510053886,77.71577268345945,Yavatmal,normal,statewide,64.78045177459717,1,7,CHIRPS Daily v2.0,Maharashtra,CHIRPS Rainfall
2020-07-15,2020-07-22,29.0,2020,P147,17.927231643141155,73.94769852026607,Satara,case_study,case_study,58.58830690383911,1,7,CHIRPS Daily v2.0,Maharashtra,CHIRPS Rainfall
2020-07-15,2020-07-22,29.0,2020,P061,18.507855650411397,76.91766048140843,Latur,high,priority,83.17188310623169,1,7,CHIRPS Daily v2.0,Maharashtra,CHIRPS Rainfall
2020-07-15,2020-07-22,29.0,2020,P062,18.422405896924207,76.3487594508077,Latur,high,priority,49.19603681564331,1,7,CHIRPS Daily v2.0,Maharashtra,CHIRPS Rainfall
2020-07-15,2020-07-22,29.0,2020,P063,18.235391198742693,77.05646783810116,Latur,high,priority,75.44594287872314,1,7,CHIRPS Daily v2.0,Maharashtra,CHIRPS Rainfall
2020-07-15,2020-07-22,29.0,2020,P064,18.193056493341274,76.77240080549139,Latur,high,priority,67.65007185935974,1,7,CHIRPS Daily v2.0,Maharashtra,CHIRPS Rainfall
2020-07-15,2020-07-22,29.0,2020,P065,18.331355512513895,76.44266811899327,Latur,high,priority,52.31129562854767,1,7,CHIRPS Daily v2.0,Maharashtra,CHIRPS Rainfall
2020-07-15,2020-07-22,29.0,2020,P066,18.104739537876725,76.5352970251765,Latur,high,priority,52.57123827934265,1,7,CHIRPS Daily v2.0,Maharashtra,CHIRPS Rainfall
2020-07-15,2020-07-22,29.0,2020,P067,18.280552974211986,77.0569984711265,Latur,high,priority,72.60738205909729,1,7,CHIRPS Daily v2.0,Maharashtra,CHIRPS Rainfall
2020-07-15,2020-07-22,29.0,2020,P068,18.101823285787773,76.86595720469373,Latur,high,priority,70.61326146125793,1,7,CHIRPS Daily v2.0,Maharashtra,CHIRPS Rainfall
2020-07-15,2020-07-22,29.0,2020,P069,18.595075667016793,77.20284228928156,Latur,high,priority,74.74164652824402,1,7,CHIRPS Daily v2.0,Maharashtra,CHIRPS Rainfall
2020-07-15,2020-07-22,29.0,2020,P070,18.41499041187233,77.15322587185987,Latur,high,priority,63.90074682235718,1,7,CHIRPS Daily v2.0,Maharashtra,CHIRPS Rainfall
2020-07-15,2020-07-22,29.0,2020,P071,18.149138807065885,76.63019561379593,Latur,high,priority,52.21494245529175,1,7,CHIRPS Daily v2.0,Maharashtra,CHIRPS Rainfall
2020-07-15,2020-07-22,29.0,2020,P072,18.283393421583035,76.77331492120734,Latur,high,priority,68.09314823150635,1,7,CHIRPS Daily v2.0,Maharashtra,CHIRPS Rainfall
2020-07-15,2020-07-22,29.0,2020,P073,17.966315663874607,76.86453029235662,Latur,high,priority,72.83839774131775,1,7,CHIRPS Daily v2.0,Maharashtra,CHIRPS Rainfall
2020-07-15,2020-07-22,29.0,2020,P074,18.50832831512306,76.870318205524,Latur,high,priority,83.07525420188904,1,7,CHIRPS Daily v2.0,Maharashtra,CHIRPS Rainfall
2020-07-15,2020-07-22,29.0,2020,P075,18.41444640154381,77.20053247493588,Latur,high,priority,64.61305046081543,1,7,CHIRPS Daily v2.0,Maharashtra,CHIRPS Rainfall
2020-07-15,2020-07-22,29.0,2020,P076,18.377877313804504,76.25376722106614,Latur,high,priority,42.00038182735443,1,7,CHIRPS Daily v2.0,Maharashtra,CHIRPS Rainfall
2020-07-15,2020-07-22,29.0,2020,P077,18.059564385104267,76.5349046242838,Latur,high,priority,53.064215660095215,1,7,CHIRPS Daily v2.0,Maharashtra,CHIRPS Rainfall
2020-07-15,2020-07-22,29.0,2020,P078,18.1008824154655,76.96042326051098,Latur,high,priority,67.34457612037659,1,7,CHIRPS Daily v2.0,Maharashtra,CHIRPS Rainfall
2020-07-15,2020-07-22,29.0,2020,P079,18.73508698099394,76.77797468180819,Latur,high,priority,92.67321825027466,1,7,CHIRPS Daily v2.0,Maharashtra,CHIRPS Rainfall
2020-07-15,2020-07-22,29.0,2020,P080,18.46791548227568,76.3017694439065,Latur,high,priority,49.858922481536865,1,7,CHIRPS Daily v2.0,Maharashtra,CHIRPS Rainfall
2020-07-15,2020-07-22,29.0,2020,P081,18.10355787609756,76.67701617485712,Latur,high,priority,58.2292263507843,1,7,CHIRPS Daily v2.0,Maharashtra,CHIRPS Rainfall
2020-07-15,2020-07-22,29.0,2020,P082,18.23907887531389,76.67830931416262,Latur,high,priority,65.41402125358582,1,7,CHIRPS Daily v2.0,Maharashtra,CHIRPS Rainfall
2020-07-15,2020-07-22,29.0,2020,P083,18.369289085175563,77.19996171000103,Latur,high,priority,64.83443903923035,1,7,CHIRPS Daily v2.0,Maharashtra,CHIRPS Rainfall
2020-07-15,2020-07-22,29.0,2020,P084,18.46362582706226,76.82249880582684,Latur,high,priority,73.03974223136902,1,7,CHIRPS Daily v2.0,Maharashtra,CHIRPS Rainfall
2020-07-15,2020-07-22,29.0,2020,P085,18.14788579966987,76.77194597718393,Latur,high,priority,63.54733872413635,1,7,CHIRPS Daily v2.0,Maharashtra,CHIRPS Rainfall
2020-07-15,2020-07-22,29.0,2020,P122,17.88145897082753,73.8441448165019,Satara,high,priority,87.459153175354,1,7,CHIRPS Daily v2.0,Maharashtra,CHIRPS Rainfall
2020-07-15,2020-07-22,29.0,2020,P123,17.386414030975025,74.27088970551878,Satara,high,priority,102.7498664855957,1,7,CHIRPS Daily v2.0,Maharashtra,CHIRPS Rainfall
2020-07-15,2020-07-22,29.0,2020,P124,17.43262815429294,74.647353771057,Satara,high,priority,71.40844917297363,1,7,CHIRPS Daily v2.0,Maharashtra,CHIRPS Rainfall
2020-07-15,2020-07-22,29.0,2020,P125,17.56734651531964,74.31728219287884,Satara,high,priority,76.98433494567871,1,7,CHIRPS Daily v2.0,Maharashtra,CHIRPS Rainfall
2020-07-15,2020-07-22,29.0,2020,P126,17.205080227535593,74.13053949986157,Satara,high,priority,60.991366386413574,1,7,CHIRPS Daily v2.0,Maharashtra,CHIRPS Rainfall
2020-07-15,2020-07-22,29.0,2020,P127,17.65773249367299,74.31694330119876,Satara,high,priority,77.57905197143555,1,7,CHIRPS Daily v2.0,Maharashtra,CHIRPS Rainfall
2020-07-15,2020-07-22,29.0,2020,P128,18.019949731345452,74.5517328080669,Satara,high,priority,28.062745690345764,1,7,CHIRPS Daily v2.0,Maharashtra,CHIRPS Rainfall
2020-07-15,2020-07-22,29.0,2020,P129,18.063234225271252,74.03192648006461,Satara,high,priority,100.29887199401855,1,7,CHIRPS Daily v2.0,Maharashtra,CHIRPS Rainfall
2020-07-15,2020-07-22,29.0,2020,P130,17.61135784271715,74.03436560834085,Satara,high,priority,97.7362413406372,1,7,CHIRPS Daily v2.0,Maharashtra,CHIRPS Rainfall
2020-07-15,2020-07-22,29.0,2020,P131,17.612539504496315,74.3171127470388,Satara,high,priority,68.97790050506592,1,7,CHIRPS Daily v2.0,Maharashtra,CHIRPS Rainfall
2020-07-15,2020-07-22,29.0,2020,P132,17.702176353872684,74.12817617630324,Satara,high,priority,79.14337062835693,1,7,CHIRPS Daily v2.0,Maharashtra,CHIRPS Rainfall
2020-07-15,2020-07-22,29.0,2020,P133,17.25006363896275,74.08329532420031,Satara,high,priority,74.68919706344604,1,7,CHIRPS Daily v2.0,Maharashtra,CHIRPS Rainfall
2020-07-15,2020-07-22,29.0,2020,P134,17.476429903940936,74.17634784498362,Satara,high,priority,84.9013876914978,1,7,CHIRPS Daily v2.0,Maharashtra,CHIRPS Rainfall
2020-07-15,2020-07-22,29.0,2020,P135,17.882716437324603,74.0801070669471,Satara,high,priority,75.98168563842773,1,7,CHIRPS Daily v2.0,Maharashtra,CHIRPS Rainfall
2020-07-15,2020-07-22,29.0,2020,P136,17.928520323345598,74.22149178404871,Satara,high,priority,38.72620153427124,1,7,CHIRPS Daily v2.0,Maharashtra,CHIRPS Rainfall
2020-07-15,2020-07-22,29.0,2020,P137,17.746687100588183,73.98648378122894,Satara,high,priority,67.50705146789551,1,7,CHIRPS Daily v2.0,Maharashtra,CHIRPS Rainfall
2020-07-15,2020-07-22,29.0,2020,P138,17.61269557303319,74.36423652697161,Satara,high,priority,59.71933317184448,1,7,CHIRPS Daily v2.0,Maharashtra,CHIRPS Rainfall
2020-07-15,2020-07-22,29.0,2020,P139,17.656773786946495,74.08126197411994,Satara,high,priority,85.27584266662598,1,7,CHIRPS Daily v2.0,Maharashtra,CHIRPS Rainfall
2020-07-15,2020-07-22,29.0,2020,P140,17.97464080554139,74.50462240543725,Satara,high,priority,35.18460214138031,1,7,CHIRPS Daily v2.0,Maharashtra,CHIRPS Rainfall
2020-07-15,2020-07-22,29.0,2020,P141,17.430826677467348,74.08239904488856,Satara,high,priority,119.96908283233643,1,7,CHIRPS Daily v2.0,Maharashtra,CHIRPS Rainfall
2020-07-15,2020-07-22,29.0,2020,P142,18.064447100757786,74.31538707493111,Satara,high,priority,50.93798828125,1,7,CHIRPS Daily v2.0,Maharashtra,CHIRPS Rainfall
2020-07-15,2020-07-22,29.0,2020,P143,17.70379500755509,74.6468275971327,Satara,high,priority,53.18080234527588,1,7,CHIRPS Daily v2.0,Maharashtra,CHIRPS Rainfall
2020-07-15,2020-07-22,29.0,2020,P144,17.929452275465767,74.50474726026674,Satara,high,priority,41.455864906311035,1,7,CHIRPS Daily v2.0,Maharashtra,CHIRPS Rainfall
2020-07-15,2020-07-22,29.0,2020,P145,17.47773196144854,74.60017202281048,Satara,high,priority,75.47433614730835,1,7,CHIRPS Daily v2.0,Maharashtra,CHIRPS Rainfall
2020-07-15,2020-07-22,29.0,2020,P146,17.839182233739812,74.55218763637436,Satara,high,priority,52.69314742088318,1,7,CHIRPS Daily v2.0,Maharashtra,CHIRPS Rainfall
2020-07-15,2020-07-22,29.0,2020,P001,19.940457800458272,74.57045211428928,Ahmednagar,normal,statewide,58.397085189819336,1,7,CHIRPS Daily v2.0,Maharashtra,CHIRPS Rainfall
2020-07-15,2020-07-22,29.0,2020,P002,18.946729294293643,74.76302285238339,Ahmednagar,normal,statewide,33.958583891391754,1,7,CHIRPS Daily v2.0,Maharashtra,CHIRPS Rainfall
2020-07-15,2020-07-22,29.0,2020,P003,18.49469238410162,74.66892244285252,Ahmednagar,normal,statewide,35.95262670516968,1,7,CHIRPS Daily v2.0,Maharashtra,CHIRPS Rainfall
2020-07-15,2020-07-22,29.0,2020,P004,19.03720445466806,75.1420731965326,Ahmednagar,normal,statewide,36.342286586761475,1,7,CHIRPS Daily v2.0,Maharashtra,CHIRPS Rainfall
2020-07-15,2020-07-22,29.0,2020,P005,20.832153156317954,77.06560453615967,Akola,normal,statewide,68.89507794380188,1,7,CHIRPS Daily v2.0,Maharashtra,CHIRPS Rainfall
2020-07-15,2020-07-22,29.0,2020,P006,20.834360411339407,76.87349308547405,Akola,normal,statewide,64.67331957817078,1,7,CHIRPS Daily v2.0,Maharashtra,CHIRPS Rainfall
2020-07-15,2020-07-22,29.0,2020,P007,21.014976299509232,76.87574047240498,Akola,normal,statewide,48.07032227516174,1,7,CHIRPS Daily v2.0,Maharashtra,CHIRPS Rainfall
2020-07-15,2020-07-22,29.0,2020,P008,20.828434266039377,77.35372489162701,Akola,normal,statewide,53.099958658218384,1,7,CHIRPS Daily v2.0,Maharashtra,CHIRPS Rainfall
2020-07-15,2020-07-22,29.0,2020,P009,21.360971327549258,77.94039543992572,Amravati,normal,statewide,74.39170980453491,1,7,CHIRPS Daily v2.0,Maharashtra,CHIRPS Rainfall
2020-07-15,2020-07-22,29.0,2020,P010,21.178803672212837,78.03301542790685,Amravati,normal,statewide,68.40389633178711,1,7,CHIRPS Daily v2.0,Maharashtra,CHIRPS Rainfall
2020-07-15,2020-07-22,29.0,2020,P011,20.814388097721018,78.21764450702477,Amravati,normal,statewide,104.57086086273193,1,7,CHIRPS Daily v2.0,Maharashtra,CHIRPS Rainfall
2020-07-15,2020-07-22,29.0,2020,P012,21.180502589714195,77.93681032267875,Amravati,normal,statewide,68.12693500518799,1,7,CHIRPS Daily v2.0,Maharashtra,CHIRPS Rainfall
2020-07-15,2020-07-22,29.0,2020,P013,20.031289688916964,74.8570519162974,Aurangabad,normal,statewide,61.18573236465454,1,7,CHIRPS Daily v2.0,Maharashtra,CHIRPS Rainfall
2020-07-15,2020-07-22,29.0,2020,P014,19.760185263069562,75.14270192978114,Aurangabad,normal,statewide,54.21768927574158,1,7,CHIRPS Daily v2.0,Maharashtra,CHIRPS Rainfall
2020-07-15,2020-07-22,29.0,2020,P015,19.9408189876436,74.76157364454102,Aurangabad,normal,statewide,59.516178607940674,1,7,CHIRPS Daily v2.0,Maharashtra,CHIRPS Rainfall
2020-07-15,2020-07-22,29.0,2020,P016,19.66981712112043,75.14262166596218,Aurangabad,normal,statewide,51.17324209213257,1,7,CHIRPS Daily v2.0,Maharashtra,CHIRPS Rainfall
2020-07-15,2020-07-22,29.0,2020,P017,21.04613203856966,79.85576216552393,Bhandara,normal,statewide,76.18434357643127,1,7,CHIRPS Daily v2.0,Maharashtra,CHIRPS Rainfall
2020-07-15,2020-07-22,29.0,2020,P018,21.31897105472685,79.76852877161537,Bhandara,normal,statewide,75.06349420547485,1,7,CHIRPS Daily v2.0,Maharashtra,CHIRPS Rainfall
2020-07-15,2020-07-22,29.0,2020,P019,21.40900922319803,79.77144948280537,Bhandara,normal,statewide,69.32098937034607,1,7,CHIRPS Daily v2.0,Maharashtra,CHIRPS Rainfall
2020-07-15,2020-07-22,29.0,2020,P020,21.144196588937042,79.57074980349083,Bhandara,normal,statewide,80.40292453765869,1,7,CHIRPS Daily v2.0,Maharashtra,CHIRPS Rainfall
2020-07-15,2020-07-22,29.0,2020,P021,18.67502288980403,75.52108340877234,Bid,normal,statewide,30.580947160720825,1,7,CHIRPS Daily v2.0,Maharashtra,CHIRPS Rainfall
2020-07-15,2020-07-22,29.0,2020,P022,18.856499384477168,75.04699178476999,Bid,normal,statewide,26.288769006729126,1,7,CHIRPS Daily v2.0,Maharashtra,CHIRPS Rainfall
2020-07-15,2020-07-22,29.0,2020,P023,19.126596053486494,75.6175605191647,Bid,normal,statewide,45.12363147735596,1,7,CHIRPS Daily v2.0,Maharashtra,CHIRPS Rainfall
2020-07-15,2020-07-22,29.0,2020,P024,18.763955201213946,75.90084720909012,Bid,normal,statewide,58.359580516815186,1,7,CHIRPS Daily v2.0,Maharashtra,CHIRPS Rainfall
2020-07-15,2020-07-22,29.0,2020,P025,20.93073496240753,76.20164478885242,Buldana,normal,statewide,49.992117166519165,1,7,CHIRPS Daily v2.0,Maharashtra,CHIRPS Rainfall
2020-07-15,2020-07-22,29.0,2020,P026,20.838939908121294,76.39311412898633,Buldana,normal,statewide,56.922550439834595,1,7,CHIRPS Daily v2.0,Maharashtra,CHIRPS Rainfall
2020-07-15,2020-07-22,29.0,2020,P027,20.657476790751314,76.48742857536776,Buldana,normal,statewide,68.77765440940857,1,7,CHIRPS Daily v2.0,Maharashtra,CHIRPS Rainfall
2020-07-15,2020-07-22,29.0,2020,P028,20.47967013624516,76.10222021266374,Buldana,normal,statewide,52.60991907119751,1,7,CHIRPS Daily v2.0,Maharashtra,CHIRPS Rainfall
2020-07-15,2020-07-22,29.0,2020,P029,20.32317798477448,79.92829390325927,Chandrapur,normal,statewide,40.56358087062836,1,7,CHIRPS Daily v2.0,Maharashtra,CHIRPS Rainfall
2020-07-15,2020-07-22,29.0,2020,P030,20.60872097983294,79.36304041732026,Chandrapur,normal,statewide,51.03466713428497,1,7,CHIRPS Daily v2.0,Maharashtra,CHIRPS Rainfall
2020-07-15,2020-07-22,29.0,2020,P031,20.511160307884595,79.64732594588165,Chandrapur,normal,statewide,73.62877476215363,1,7,CHIRPS Daily v2.0,Maharashtra,CHIRPS Rainfall
2020-07-15,2020-07-22,29.0,2020,P032,20.598621115946884,79.74569817422172,Chandrapur,normal,statewide,74.14028191566467,1,7,CHIRPS Daily v2.0,Maharashtra,CHIRPS Rainfall
2020-07-15,2020-07-22,29.0,2020,P033,21.38667804512237,75.14422248324037,Dhule,normal,statewide,41.15588593482971,1,7,CHIRPS Daily v2.0,Maharashtra,CHIRPS Rainfall
2020-07-15,2020-07-22,29.0,2020,P034,21.025151968113196,74.75989256344387,Dhule,normal,statewide,56.04618310928345,1,7,CHIRPS Daily v2.0,Maharashtra,CHIRPS Rainfall
2020-07-15,2020-07-22,29.0,2020,P035,21.477028350667293,74.85568743137505,Dhule,normal,statewide,28.75751507282257,1,7,CHIRPS Daily v2.0,Maharashtra,CHIRPS Rainfall
2020-07-15,2020-07-22,29.0,2020,P036,20.933820660336515,74.37533522949364,Dhule,normal,statewide,61.12514626979828,1,7,CHIRPS Daily v2.0,Maharashtra,CHIRPS Rainfall
2020-07-15,2020-07-22,29.0,2020,P037,19.963056524597132,79.91698116388667,Garhchiroli,normal,statewide,38.03919970989227,1,7,CHIRPS Daily v2.0,Maharashtra,CHIRPS Rainfall
2020-07-15,2020-07-22,29.0,2020,P038,19.062661462582188,79.88977172925856,Garhchiroli,normal,statewide,28.957196354866028,1,7,CHIRPS Daily v2.0,Maharashtra,CHIRPS Rainfall
2020-07-15,2020-07-22,29.0,2020,P039,19.510270485428137,79.9981368030594,Garhchiroli,normal,statewide,35.681973338127136,1,7,CHIRPS Daily v2.0,Maharashtra,CHIRPS Rainfall
2020-07-15,2020-07-22,29.0,2020,P040,19.870365190999156,80.00935144220881,Garhchiroli,normal,statewide,42.10953235626221,1,7,CHIRPS Daily v2.0,Maharashtra,CHIRPS Rainfall
2020-07-15,2020-07-22,29.0,2020,P041,21.127639946725598,80.1465044724107,Gondiya,normal,statewide,74.3567225933075,1,7,CHIRPS Daily v2.0,Maharashtra,CHIRPS Rainfall
2020-07-15,2020-07-22,29.0,2020,P042,21.397598383602258,80.15591763473452,Gondiya,normal,statewide,56.50695180892944,1,7,CHIRPS Daily v2.0,Maharashtra,CHIRPS Rainfall
2020-07-15,2020-07-22,29.0,2020,P043,21.574548890706154,80.25847249986273,Gondiya,normal,statewide,77.80603790283203,1,7,CHIRPS Daily v2.0,Maharashtra,CHIRPS Rainfall
2020-07-15,2020-07-22,29.0,2020,P044,21.211649410572516,80.34153217518526,Gondiya,normal,statewide,62.033297538757324,1,7,CHIRPS Daily v2.0,Maharashtra,CHIRPS Rainfall
2020-07-15,2020-07-22,29.0,2020,P045,19.655900266732623,77.2407892392464,Hingoli,normal,statewide,53.947075605392456,1,7,CHIRPS Daily v2.0,Maharashtra,CHIRPS Rainfall
2020-07-15,2020-07-22,29.0,2020,P046,19.566758377573187,77.1442675378435,Hingoli,normal,statewide,57.57396197319031,1,7,CHIRPS Daily v2.0,Maharashtra,CHIRPS Rainfall
2020-07-15,2020-07-22,29.0,2020,P047,19.47860194974656,76.9526242927685,Hingoli,normal,statewide,62.41525840759277,1,7,CHIRPS Daily v2.0,Maharashtra,CHIRPS Rainfall
2020-07-15,2020-07-22,29.0,2020,P048,19.927981235710728,77.14910120338544,Hingoli,normal,statewide,54.740123867988586,1,7,CHIRPS Daily v2.0,Maharashtra,CHIRPS Rainfall
2020-07-15,2020-07-22,29.0,2020,P049,21.292738163229433,76.10816865346904,Jalgaon,normal,statewide,49.271437883377075,1,7,CHIRPS Daily v2.0,Maharashtra,CHIRPS Rainfall
2020-07-15,2020-07-22,29.0,2020,P050,21.386178625804387,75.43363151891216,Jalgaon,normal,statewide,54.17768728733063,1,7,CHIRPS Daily v2.0,Maharashtra,CHIRPS Rainfall
2020-07-15,2020-07-22,29.0,2020,P051,21.112064306745907,76.10682200495089,Jalgaon,normal,statewide,50.35417461395264,1,7,CHIRPS Daily v2.0,Maharashtra,CHIRPS Rainfall
2020-07-15,2020-07-22,29.0,2020,P052,20.844437979720194,75.23982115072519,Jalgaon,normal,statewide,52.859196186065674,1,7,CHIRPS Daily v2.0,Maharashtra,CHIRPS Rainfall
2020-07-15,2020-07-22,29.0,2020,P053,19.486369703781666,76.00005328932718,Jalna,normal,statewide,54.66887164115906,1,7,CHIRPS Daily v2.0,Maharashtra,CHIRPS Rainfall
2020-07-15,2020-07-22,29.0,2020,P054,20.028502750758555,76.00343774702675,Jalna,normal,statewide,42.45231246948242,1,7,CHIRPS Daily v2.0,Maharashtra,CHIRPS Rainfall
2020-07-15,2020-07-22,29.0,2020,P055,19.75743845682064,76.00172991132328,Jalna,normal,statewide,41.54375445842743,1,7,CHIRPS Daily v2.0,Maharashtra,CHIRPS Rainfall
2020-07-15,2020-07-22,29.0,2020,P056,19.57768317515413,75.80993951591351,Jalna,normal,statewide,55.50086283683777,1,7,CHIRPS Daily v2.0,Maharashtra,CHIRPS Rainfall
2020-07-15,2020-07-22,29.0,2020,P057,16.776377793156257,74.29671235971928,Kolhapur,normal,statewide,82.55474328994751,1,7,CHIRPS Daily v2.0,Maharashtra,CHIRPS Rainfall
2020-07-15,2020-07-22,29.0,2020,P058,16.324416687682138,74.29834884980589,Kolhapur,normal,statewide,118.21000480651855,1,7,CHIRPS Daily v2.0,Maharashtra,CHIRPS Rainfall
2020-07-15,2020-07-22,29.0,2020,P059,16.595891218916975,74.39111598812178,Kolhapur,normal,statewide,58.47679138183594,1,7,CHIRPS Daily v2.0,Maharashtra,CHIRPS Rainfall
2020-07-15,2020-07-22,29.0,2020,P060,16.414811584237594,74.29802779453004,Kolhapur,normal,statewide,118.5295524597168,1,7,CHIRPS Daily v2.0,Maharashtra,CHIRPS Rainfall
2020-07-15,2020-07-22,29.0,2020,P086,21.054127206758487,79.56798961993874,Nagpur,normal,statewide,87.18943166732788,1,7,CHIRPS Daily v2.0,Maharashtra,CHIRPS Rainfall
2020-07-15,2020-07-22,29.0,2020,P087,21.146765031143822,79.47473643960802,Nagpur,normal,statewide,85.43588280677795,1,7,CHIRPS Daily v2.0,Maharashtra,CHIRPS Rainfall
2020-07-15,2020-07-22,29.0,2020,P088,21.347803602138427,78.61442869606356,Nagpur,normal,statewide,80.32122945785522,1,7,CHIRPS Daily v2.0,Maharashtra,CHIRPS Rainfall
2020-07-15,2020-07-22,29.0,2020,P089,21.165377318940912,78.70615240473293,Nagpur,normal,statewide,65.67034339904785,1,7,CHIRPS Daily v2.0,Maharashtra,CHIRPS Rainfall
2020-07-15,2020-07-22,29.0,2020,P090,19.201968238592887,77.42470040309472,Nanded,normal,statewide,50.17390179634094,1,7,CHIRPS Daily v2.0,Maharashtra,CHIRPS Rainfall
2020-07-15,2020-07-22,29.0,2020,P091,18.566038000956755,77.69963965584807,Nanded,normal,statewide,61.08163118362427,1,7,CHIRPS Daily v2.0,Maharashtra,CHIRPS Rainfall
2020-07-15,2020-07-22,29.0,2020,P092,19.736596618496833,77.90946265591798,Nanded,normal,statewide,57.494272112846375,1,7,CHIRPS Daily v2.0,Maharashtra,CHIRPS Rainfall
2020-07-15,2020-07-22,29.0,2020,P093,18.93564842817583,77.04115528508362,Nanded,normal,statewide,58.20874643325806,1,7,CHIRPS Daily v2.0,Maharashtra,CHIRPS Rainfall
2020-07-15,2020-07-22,29.0,2020,P094,21.564917232430716,74.08292967791392,Nandurbar,normal,statewide,53.700445890426636,1,7,CHIRPS Daily v2.0,Maharashtra,CHIRPS Rainfall
2020-07-15,2020-07-22,29.0,2020,P095,21.5662594218478,74.37266422796263,Nandurbar,normal,statewide,38.43692272901535,1,7,CHIRPS Daily v2.0,Maharashtra,CHIRPS Rainfall
2020-07-15,2020-07-22,29.0,2020,P096,21.385179787168415,74.27697637845674,Nandurbar,normal,statewide,41.53945457935333,1,7,CHIRPS Daily v2.0,Maharashtra,CHIRPS Rainfall
2020-07-15,2020-07-22,29.0,2020,P097,21.565421110849755,74.17950488852946,Nandurbar,normal,statewide,44.792876571416855,1,7,CHIRPS Daily v2.0,Maharashtra,CHIRPS Rainfall
2020-07-15,2020-07-22,29.0,2020,P098,20.299553667393326,73.99482675929994,Nashik,normal,statewide,40.63819885253906,1,7,CHIRPS Daily v2.0,Maharashtra,CHIRPS Rainfall
2020-07-15,2020-07-22,29.0,2020,P099,20.120253214034264,74.28296495117151,Nashik,normal,statewide,39.333826303482056,1,7,CHIRPS Daily v2.0,Maharashtra,CHIRPS Rainfall
2020-07-15,2020-07-22,29.0,2020,P100,20.389903972938242,73.99424261706194,Nashik,normal,statewide,48.69019687175751,1,7,CHIRPS Daily v2.0,Maharashtra,CHIRPS Rainfall
2020-07-15,2020-07-22,29.0,2020,P101,20.029015547379707,74.09216447619562,Nashik,normal,statewide,31.67995285987854,1,7,CHIRPS Daily v2.0,Maharashtra,CHIRPS Rainfall
2020-07-15,2020-07-22,29.0,2020,P102,17.85749130266526,76.36802722645965,Osmanabad,normal,statewide,35.99739193916321,1,7,CHIRPS Daily v2.0,Maharashtra,CHIRPS Rainfall
2020-07-15,2020-07-22,29.0,2020,P103,17.76644983645705,76.46164605307673,Osmanabad,normal,statewide,37.83520579338074,1,7,CHIRPS Daily v2.0,Maharashtra,CHIRPS Rainfall
2020-07-15,2020-07-22,29.0,2020,P104,17.949094615606196,76.17989775301476,Osmanabad,normal,statewide,38.58562242984772,1,7,CHIRPS Daily v2.0,Maharashtra,CHIRPS Rainfall
2020-07-15,2020-07-22,29.0,2020,P105,18.584360447185368,75.61558067829696,Osmanabad,normal,statewide,29.425341725349426,1,7,CHIRPS Daily v2.0,Maharashtra,CHIRPS Rainfall
2020-07-15,2020-07-22,29.0,2020,P106,19.031389786894366,76.47235681380711,Parbhani,normal,statewide,61.94725680351257,1,7,CHIRPS Daily v2.0,Maharashtra,CHIRPS Rainfall
2020-07-15,2020-07-22,29.0,2020,P107,19.120950831552832,76.56820519095093,Parbhani,normal,statewide,56.84562969207764,1,7,CHIRPS Daily v2.0,Maharashtra,CHIRPS Rainfall
2020-07-15,2020-07-22,29.0,2020,P108,19.208625676465683,76.85432786914635,Parbhani,normal,statewide,41.25825047492981,1,7,CHIRPS Daily v2.0,Maharashtra,CHIRPS Rainfall
2020-07-15,2020-07-22,29.0,2020,P109,19.212081479782103,76.47396209018636,Parbhani,normal,statewide,50.55437135696411,1,7,CHIRPS Daily v2.0,Maharashtra,CHIRPS Rainfall
2020-07-15,2020-07-22,29.0,2020,P110,18.133442771357757,75.04679558432363,Pune,normal,statewide,32.4281485080719,1,7,CHIRPS Daily v2.0,Maharashtra,CHIRPS Rainfall
2020-07-15,2020-07-22,29.0,2020,P111,18.584645829652782,74.47919215212944,Pune,normal,statewide,31.376151859760284,1,7,CHIRPS Daily v2.0,Maharashtra,CHIRPS Rainfall
2020-07-15,2020-07-22,29.0,2020,P112,18.132979024848197,74.57507620208169,Pune,normal,statewide,22.580865681171417,1,7,CHIRPS Daily v2.0,Maharashtra,CHIRPS Rainfall
2020-07-15,2020-07-22,29.0,2020,P113,18.314072036830744,74.76389683618987,Pune,normal,statewide,44.78280067443848,1,7,CHIRPS Daily v2.0,Maharashtra,CHIRPS Rainfall
2020-07-15,2020-07-22,29.0,2020,P114,18.48503397121986,73.0589238755964,Raigarh,normal,statewide,123.56286811828613,1,7,CHIRPS Daily v2.0,Maharashtra,CHIRPS Rainfall
2020-07-15,2020-07-22,29.0,2020,P115,18.665689991299164,73.05687714821288,Raigarh,normal,statewide,180.01758766174316,1,7,CHIRPS Daily v2.0,Maharashtra,CHIRPS Rainfall
2020-07-15,2020-07-22,29.0,2020,P116,18.306197264370358,73.25009891506079,Raigarh,normal,statewide,139.093731880188,1,7,CHIRPS Daily v2.0,Maharashtra,CHIRPS Rainfall
2020-07-15,2020-07-22,29.0,2020,P117,18.21404102289879,73.06194714611064,Raigarh,normal,statewide,206.95512866973877,1,7,CHIRPS Daily v2.0,Maharashtra,CHIRPS Rainfall
2020-07-15,2020-07-22,29.0,2020,P118,17.138719885658215,75.42259970290594,Sangli,normal,statewide,36.827966928482056,1,7,CHIRPS Daily v2.0,Maharashtra,CHIRPS Rainfall
2020-07-15,2020-07-22,29.0,2020,P119,17.048761981005992,74.95348443567921,Sangli,normal,statewide,24.543793618679047,1,7,CHIRPS Daily v2.0,Maharashtra,CHIRPS Rainfall
2020-07-15,2020-07-22,29.0,2020,P120,16.86707144948229,74.39025538161847,Sangli,normal,statewide,45.93342065811157,1,7,CHIRPS Daily v2.0,Maharashtra,CHIRPS Rainfall
2020-07-15,2020-07-22,29.0,2020,P121,17.048503353144895,74.67157114887826,Sangli,normal,statewide,37.42049527168274,1,7,CHIRPS Daily v2.0,Maharashtra,CHIRPS Rainfall
2020-07-15,2020-07-22,29.0,2020,P148,17.67852974098626,76.08383979812143,Solapur,normal,statewide,41.09909003973007,1,7,CHIRPS Daily v2.0,Maharashtra,CHIRPS Rainfall
2020-07-15,2020-07-22,29.0,2020,P149,18.223365003201543,75.4251413905064,Solapur,normal,statewide,28.49110198020935,1,7,CHIRPS Daily v2.0,Maharashtra,CHIRPS Rainfall
2020-07-15,2020-07-22,29.0,2020,P150,17.952532582518405,75.23562067753285,Solapur,normal,statewide,21.2749742269516,1,7,CHIRPS Daily v2.0,Maharashtra,CHIRPS Rainfall
2020-07-15,2020-07-22,29.0,2020,P151,18.223690517578447,75.23598186471818,Solapur,normal,statewide,34.483569502830505,1,7,CHIRPS Daily v2.0,Maharashtra,CHIRPS Rainfall
2020-07-15,2020-07-22,29.0,2020,P152,19.658178867370932,72.94986318203122,Thane,normal,statewide,112.35911273956299,1,7,CHIRPS Daily v2.0,Maharashtra,CHIRPS Rainfall
2020-07-15,2020-07-22,29.0,2020,P153,19.65706409210757,72.8545320606096,Thane,normal,statewide,96.59707164764404,1,7,CHIRPS Daily v2.0,Maharashtra,CHIRPS Rainfall
2020-07-15,2020-07-22,29.0,2020,P154,19.477549601897948,72.95214624177059,Thane,normal,statewide,47.176151275634766,1,7,CHIRPS Daily v2.0,Maharashtra,CHIRPS Rainfall
2020-07-15,2020-07-22,29.0,2020,P155,19.83987385799569,73.0429959666335,Thane,normal,statewide,166.02084636688232,1,7,CHIRPS Daily v2.0,Maharashtra,CHIRPS Rainfall
2020-07-15,2020-07-22,29.0,2020,P156,20.806749657616468,78.60135461177485,Wardha,normal,statewide,76.83515930175781,1,7,CHIRPS Daily v2.0,Maharashtra,CHIRPS Rainfall
2020-07-15,2020-07-22,29.0,2020,P157,20.71031267913359,78.88671032458906,Wardha,normal,statewide,69.77930784225464,1,7,CHIRPS Daily v2.0,Maharashtra,CHIRPS Rainfall
2020-07-15,2020-07-22,29.0,2020,P158,21.081265295769754,78.41565980750515,Wardha,normal,statewide,80.38839673995972,1,7,CHIRPS Daily v2.0,Maharashtra,CHIRPS Rainfall
2020-07-15,2020-07-22,29.0,2020,P159,20.439854822938944,78.87986114537097,Wardha,normal,statewide,79.45847702026367,1,7,CHIRPS Daily v2.0,Maharashtra,CHIRPS Rainfall
2020-07-15,2020-07-22,29.0,2020,P160,20.289186257444058,77.15404188735265,Washim,normal,statewide,68.26081895828247,1,7,CHIRPS Daily v2.0,Maharashtra,CHIRPS Rainfall
2020-07-15,2020-07-22,29.0,2020,P161,20.464607292886615,77.53975858757677,Washim,normal,statewide,56.374534130096436,1,7,CHIRPS Daily v2.0,Maharashtra,CHIRPS Rainfall
2020-07-15,2020-07-22,29.0,2020,P162,20.107393166596125,77.2471479173486,Washim,normal,statewide,71.27417731285095,1,7,CHIRPS Daily v2.0,Maharashtra,CHIRPS Rainfall
2020-07-15,2020-07-22,29.0,2020,P163,20.198885002010726,77.1527933390577,Washim,normal,statewide,68.15745437145233,1,7,CHIRPS Daily v2.0,Maharashtra,CHIRPS Rainfall
2020-07-15,2020-07-22,29.0,2020,P164,20.182854533723592,78.20447678161395,Yavatmal,normal,statewide,92.57651805877686,1,7,CHIRPS Daily v2.0,Maharashtra,CHIRPS Rainfall
2020-07-15,2020-07-22,29.0,2020,P165,19.894658373538324,79.05709703494229,Yavatmal,normal,statewide,59.65580868721008,1,7,CHIRPS Daily v2.0,Maharashtra,CHIRPS Rainfall
2020-07-15,2020-07-22,29.0,2020,P166,19.468787468327925,77.71426550730338,Yavatmal,normal,statewide,77.56684184074402,1,7,CHIRPS Daily v2.0,Maharashtra,CHIRPS Rainfall
2020-07-15,2020-07-22,29.0,2020,P167,19.559057510053886,77.71577268345945,Yavatmal,normal,statewide,59.45671343803406,1,7,CHIRPS Daily v2.0,Maharashtra,CHIRPS Rainfall
2020-07-22,2020-07-29,30.0,2020,P147,17.927231643141155,73.94769852026607,Satara,case_study,case_study,81.54318618774414,1,7,CHIRPS Daily v2.0,Maharashtra,CHIRPS Rainfall
2020-07-22,2020-07-29,30.0,2020,P061,18.507855650411397,76.91766048140843,Latur,high,priority,70.79944610595703,1,7,CHIRPS Daily v2.0,Maharashtra,CHIRPS Rainfall
2020-07-22,2020-07-29,30.0,2020,P062,18.422405896924207,76.3487594508077,Latur,high,priority,47.30207681655884,1,7,CHIRPS Daily v2.0,Maharashtra,CHIRPS Rainfall
2020-07-22,2020-07-29,30.0,2020,P063,18.235391198742693,77.05646783810116,Latur,high,priority,72.58766174316406,1,7,CHIRPS Daily v2.0,Maharashtra,CHIRPS Rainfall
2020-07-22,2020-07-29,30.0,2020,P064,18.193056493341274,76.77240080549139,Latur,high,priority,60.04183864593506,1,7,CHIRPS Daily v2.0,Maharashtra,CHIRPS Rainfall
2020-07-22,2020-07-29,30.0,2020,P065,18.331355512513895,76.44266811899327,Latur,high,priority,47.721566677093506,1,7,CHIRPS Daily v2.0,Maharashtra,CHIRPS Rainfall
2020-07-22,2020-07-29,30.0,2020,P066,18.104739537876725,76.5352970251765,Latur,high,priority,55.48931312561035,1,7,CHIRPS Daily v2.0,Maharashtra,CHIRPS Rainfall
2020-07-22,2020-07-29,30.0,2020,P067,18.280552974211986,77.0569984711265,Latur,high,priority,70.34866952896118,1,7,CHIRPS Daily v2.0,Maharashtra,CHIRPS Rainfall
2020-07-22,2020-07-29,30.0,2020,P068,18.101823285787773,76.86595720469373,Latur,high,priority,66.41839790344238,1,7,CHIRPS Daily v2.0,Maharashtra,CHIRPS Rainfall
2020-07-22,2020-07-29,30.0,2020,P069,18.595075667016793,77.20284228928156,Latur,high,priority,60.46640634536743,1,7,CHIRPS Daily v2.0,Maharashtra,CHIRPS Rainfall
2020-07-22,2020-07-29,30.0,2020,P070,18.41499041187233,77.15322587185987,Latur,high,priority,82.48587417602539,1,7,CHIRPS Daily v2.0,Maharashtra,CHIRPS Rainfall
2020-07-22,2020-07-29,30.0,2020,P071,18.149138807065885,76.63019561379593,Latur,high,priority,53.67568397521973,1,7,CHIRPS Daily v2.0,Maharashtra,CHIRPS Rainfall
2020-07-22,2020-07-29,30.0,2020,P072,18.283393421583035,76.77331492120734,Latur,high,priority,61.38185501098633,1,7,CHIRPS Daily v2.0,Maharashtra,CHIRPS Rainfall
2020-07-22,2020-07-29,30.0,2020,P073,17.966315663874607,76.86453029235662,Latur,high,priority,55.294697761535645,1,7,CHIRPS Daily v2.0,Maharashtra,CHIRPS Rainfall
2020-07-22,2020-07-29,30.0,2020,P074,18.50832831512306,76.870318205524,Latur,high,priority,69.39169359207153,1,7,CHIRPS Daily v2.0,Maharashtra,CHIRPS Rainfall
2020-07-22,2020-07-29,30.0,2020,P075,18.41444640154381,77.20053247493588,Latur,high,priority,77.29537963867188,1,7,CHIRPS Daily v2.0,Maharashtra,CHIRPS Rainfall
2020-07-22,2020-07-29,30.0,2020,P076,18.377877313804504,76.25376722106614,Latur,high,priority,51.393492221832275,1,7,CHIRPS Daily v2.0,Maharashtra,CHIRPS Rainfall
2020-07-22,2020-07-29,30.0,2020,P077,18.059564385104267,76.5349046242838,Latur,high,priority,53.91220951080322,1,7,CHIRPS Daily v2.0,Maharashtra,CHIRPS Rainfall
2020-07-22,2020-07-29,30.0,2020,P078,18.1008824154655,76.96042326051098,Latur,high,priority,59.095590591430664,1,7,CHIRPS Daily v2.0,Maharashtra,CHIRPS Rainfall
2020-07-22,2020-07-29,30.0,2020,P079,18.73508698099394,76.77797468180819,Latur,high,priority,60.89632511138916,1,7,CHIRPS Daily v2.0,Maharashtra,CHIRPS Rainfall
2020-07-22,2020-07-29,30.0,2020,P080,18.46791548227568,76.3017694439065,Latur,high,priority,47.84060716629028,1,7,CHIRPS Daily v2.0,Maharashtra,CHIRPS Rainfall
2020-07-22,2020-07-29,30.0,2020,P081,18.10355787609756,76.67701617485712,Latur,high,priority,61.54926109313965,1,7,CHIRPS Daily v2.0,Maharashtra,CHIRPS Rainfall
2020-07-22,2020-07-29,30.0,2020,P082,18.23907887531389,76.67830931416262,Latur,high,priority,59.00813865661621,1,7,CHIRPS Daily v2.0,Maharashtra,CHIRPS Rainfall
2020-07-22,2020-07-29,30.0,2020,P083,18.369289085175563,77.19996171000103,Latur,high,priority,75.95553970336914,1,7,CHIRPS Daily v2.0,Maharashtra,CHIRPS Rainfall
2020-07-22,2020-07-29,30.0,2020,P084,18.46362582706226,76.82249880582684,Latur,high,priority,77.22950315475464,1,7,CHIRPS Daily v2.0,Maharashtra,CHIRPS Rainfall
2020-07-22,2020-07-29,30.0,2020,P085,18.14788579966987,76.77194597718393,Latur,high,priority,62.84399604797363,1,7,CHIRPS Daily v2.0,Maharashtra,CHIRPS Rainfall
2020-07-22,2020-07-29,30.0,2020,P122,17.88145897082753,73.8441448165019,Satara,high,priority,133.35841751098633,1,7,CHIRPS Daily v2.0,Maharashtra,CHIRPS Rainfall
2020-07-22,2020-07-29,30.0,2020,P123,17.386414030975025,74.27088970551878,Satara,high,priority,75.55938911437988,1,7,CHIRPS Daily v2.0,Maharashtra,CHIRPS Rainfall
2020-07-22,2020-07-29,30.0,2020,P124,17.43262815429294,74.647353771057,Satara,high,priority,56.30802917480469,1,7,CHIRPS Daily v2.0,Maharashtra,CHIRPS Rainfall
2020-07-22,2020-07-29,30.0,2020,P125,17.56734651531964,74.31728219287884,Satara,high,priority,70.6065845489502,1,7,CHIRPS Daily v2.0,Maharashtra,CHIRPS Rainfall
2020-07-22,2020-07-29,30.0,2020,P126,17.205080227535593,74.13053949986157,Satara,high,priority,76.76714897155762,1,7,CHIRPS Daily v2.0,Maharashtra,CHIRPS Rainfall
2020-07-22,2020-07-29,30.0,2020,P127,17.65773249367299,74.31694330119876,Satara,high,priority,74.22806930541992,1,7,CHIRPS Daily v2.0,Maharashtra,CHIRPS Rainfall
2020-07-22,2020-07-29,30.0,2020,P128,18.019949731345452,74.5517328080669,Satara,high,priority,38.425389528274536,1,7,CHIRPS Daily v2.0,Maharashtra,CHIRPS Rainfall
2020-07-22,2020-07-29,30.0,2020,P129,18.063234225271252,74.03192648006461,Satara,high,priority,107.23195219039917,1,7,CHIRPS Daily v2.0,Maharashtra,CHIRPS Rainfall
2020-07-22,2020-07-29,30.0,2020,P130,17.61135784271715,74.03436560834085,Satara,high,priority,110.9316463470459,1,7,CHIRPS Daily v2.0,Maharashtra,CHIRPS Rainfall
2020-07-22,2020-07-29,30.0,2020,P131,17.612539504496315,74.3171127470388,Satara,high,priority,66.91385459899902,1,7,CHIRPS Daily v2.0,Maharashtra,CHIRPS Rainfall
2020-07-22,2020-07-29,30.0,2020,P132,17.702176353872684,74.12817617630324,Satara,high,priority,80.63558769226074,1,7,CHIRPS Daily v2.0,Maharashtra,CHIRPS Rainfall
2020-07-22,2020-07-29,30.0,2020,P133,17.25006363896275,74.08329532420031,Satara,high,priority,93.96439552307129,1,7,CHIRPS Daily v2.0,Maharashtra,CHIRPS Rainfall
2020-07-22,2020-07-29,30.0,2020,P134,17.476429903940936,74.17634784498362,Satara,high,priority,76.35778522491455,1,7,CHIRPS Daily v2.0,Maharashtra,CHIRPS Rainfall
2020-07-22,2020-07-29,30.0,2020,P135,17.882716437324603,74.0801070669471,Satara,high,priority,89.96971321105957,1,7,CHIRPS Daily v2.0,Maharashtra,CHIRPS Rainfall
2020-07-22,2020-07-29,30.0,2020,P136,17.928520323345598,74.22149178404871,Satara,high,priority,57.50221633911133,1,7,CHIRPS Daily v2.0,Maharashtra,CHIRPS Rainfall
2020-07-22,2020-07-29,30.0,2020,P137,17.746687100588183,73.98648378122894,Satara,high,priority,84.83633708953857,1,7,CHIRPS Daily v2.0,Maharashtra,CHIRPS Rainfall
2020-07-22,2020-07-29,30.0,2020,P138,17.61269557303319,74.36423652697161,Satara,high,priority,55.82412528991699,1,7,CHIRPS Daily v2.0,Maharashtra,CHIRPS Rainfall
2020-07-22,2020-07-29,30.0,2020,P139,17.656773786946495,74.08126197411994,Satara,high,priority,101.90288543701172,1,7,CHIRPS Daily v2.0,Maharashtra,CHIRPS Rainfall
2020-07-22,2020-07-29,30.0,2020,P140,17.97464080554139,74.50462240543725,Satara,high,priority,47.85300016403198,1,7,CHIRPS Daily v2.0,Maharashtra,CHIRPS Rainfall
2020-07-22,2020-07-29,30.0,2020,P141,17.430826677467348,74.08239904488856,Satara,high,priority,120.59509658813477,1,7,CHIRPS Daily v2.0,Maharashtra,CHIRPS Rainfall
2020-07-22,2020-07-29,30.0,2020,P142,18.064447100757786,74.31538707493111,Satara,high,priority,59.23099613189697,1,7,CHIRPS Daily v2.0,Maharashtra,CHIRPS Rainfall
2020-07-22,2020-07-29,30.0,2020,P143,17.70379500755509,74.6468275971327,Satara,high,priority,52.27465629577637,1,7,CHIRPS Daily v2.0,Maharashtra,CHIRPS Rainfall
2020-07-22,2020-07-29,30.0,2020,P144,17.929452275465767,74.50474726026674,Satara,high,priority,50.3547739982605,1,7,CHIRPS Daily v2.0,Maharashtra,CHIRPS Rainfall
2020-07-22,2020-07-29,30.0,2020,P145,17.47773196144854,74.60017202281048,Satara,high,priority,55.8100700378418,1,7,CHIRPS Daily v2.0,Maharashtra,CHIRPS Rainfall
2020-07-22,2020-07-29,30.0,2020,P146,17.839182233739812,74.55218763637436,Satara,high,priority,49.657533168792725,1,7,CHIRPS Daily v2.0,Maharashtra,CHIRPS Rainfall
2020-07-22,2020-07-29,30.0,2020,P001,19.940457800458272,74.57045211428928,Ahmednagar,normal,statewide,44.54775905609131,1,7,CHIRPS Daily v2.0,Maharashtra,CHIRPS Rainfall
2020-07-22,2020-07-29,30.0,2020,P002,18.946729294293643,74.76302285238339,Ahmednagar,normal,statewide,38.570860862731934,1,7,CHIRPS Daily v2.0,Maharashtra,CHIRPS Rainfall
2020-07-22,2020-07-29,30.0,2020,P003,18.49469238410162,74.66892244285252,Ahmednagar,normal,statewide,50.38810729980469,1,7,CHIRPS Daily v2.0,Maharashtra,CHIRPS Rainfall
2020-07-22,2020-07-29,30.0,2020,P004,19.03720445466806,75.1420731965326,Ahmednagar,normal,statewide,40.24504375457764,1,7,CHIRPS Daily v2.0,Maharashtra,CHIRPS Rainfall
2020-07-22,2020-07-29,30.0,2020,P005,20.832153156317954,77.06560453615967,Akola,normal,statewide,72.01315593719482,1,7,CHIRPS Daily v2.0,Maharashtra,CHIRPS Rainfall
2020-07-22,2020-07-29,30.0,2020,P006,20.834360411339407,76.87349308547405,Akola,normal,statewide,88.18207359313965,1,7,CHIRPS Daily v2.0,Maharashtra,CHIRPS Rainfall
2020-07-22,2020-07-29,30.0,2020,P007,21.014976299509232,76.87574047240498,Akola,normal,statewide,69.26477909088135,1,7,CHIRPS Daily v2.0,Maharashtra,CHIRPS Rainfall
2020-07-22,2020-07-29,30.0,2020,P008,20.828434266039377,77.35372489162701,Akola,normal,statewide,77.84736919403076,1,7,CHIRPS Daily v2.0,Maharashtra,CHIRPS Rainfall
2020-07-22,2020-07-29,30.0,2020,P009,21.360971327549258,77.94039543992572,Amravati,normal,statewide,57.64939022064209,1,7,CHIRPS Daily v2.0,Maharashtra,CHIRPS Rainfall
2020-07-22,2020-07-29,30.0,2020,P010,21.178803672212837,78.03301542790685,Amravati,normal,statewide,51.62134265899658,1,7,CHIRPS Daily v2.0,Maharashtra,CHIRPS Rainfall
2020-07-22,2020-07-29,30.0,2020,P011,20.814388097721018,78.21764450702477,Amravati,normal,statewide,44.704651832580566,1,7,CHIRPS Daily v2.0,Maharashtra,CHIRPS Rainfall
2020-07-22,2020-07-29,30.0,2020,P012,21.180502589714195,77.93681032267875,Amravati,normal,statewide,56.943925857543945,1,7,CHIRPS Daily v2.0,Maharashtra,CHIRPS Rainfall
2020-07-22,2020-07-29,30.0,2020,P013,20.031289688916964,74.8570519162974,Aurangabad,normal,statewide,49.258137702941895,1,7,CHIRPS Daily v2.0,Maharashtra,CHIRPS Rainfall
2020-07-22,2020-07-29,30.0,2020,P014,19.760185263069562,75.14270192978114,Aurangabad,normal,statewide,61.52935028076172,1,7,CHIRPS Daily v2.0,Maharashtra,CHIRPS Rainfall
2020-07-22,2020-07-29,30.0,2020,P015,19.9408189876436,74.76157364454102,Aurangabad,normal,statewide,53.25559043884277,1,7,CHIRPS Daily v2.0,Maharashtra,CHIRPS Rainfall
2020-07-22,2020-07-29,30.0,2020,P016,19.66981712112043,75.14262166596218,Aurangabad,normal,statewide,56.077178955078125,1,7,CHIRPS Daily v2.0,Maharashtra,CHIRPS Rainfall
2020-07-22,2020-07-29,30.0,2020,P017,21.04613203856966,79.85576216552393,Bhandara,normal,statewide,46.84877014160156,1,7,CHIRPS Daily v2.0,Maharashtra,CHIRPS Rainfall
2020-07-22,2020-07-29,30.0,2020,P018,21.31897105472685,79.76852877161537,Bhandara,normal,statewide,45.26540946960449,1,7,CHIRPS Daily v2.0,Maharashtra,CHIRPS Rainfall
2020-07-22,2020-07-29,30.0,2020,P019,21.40900922319803,79.77144948280537,Bhandara,normal,statewide,43.762511253356934,1,7,CHIRPS Daily v2.0,Maharashtra,CHIRPS Rainfall
2020-07-22,2020-07-29,30.0,2020,P020,21.144196588937042,79.57074980349083,Bhandara,normal,statewide,49.79698657989502,1,7,CHIRPS Daily v2.0,Maharashtra,CHIRPS Rainfall
2020-07-22,2020-07-29,30.0,2020,P021,18.67502288980403,75.52108340877234,Bid,normal,statewide,25.24094295501709,1,7,CHIRPS Daily v2.0,Maharashtra,CHIRPS Rainfall
2020-07-22,2020-07-29,30.0,2020,P022,18.856499384477168,75.04699178476999,Bid,normal,statewide,30.580100059509277,1,7,CHIRPS Daily v2.0,Maharashtra,CHIRPS Rainfall
2020-07-22,2020-07-29,30.0,2020,P023,19.126596053486494,75.6175605191647,Bid,normal,statewide,60.08817100524902,1,7,CHIRPS Daily v2.0,Maharashtra,CHIRPS Rainfall
2020-07-22,2020-07-29,30.0,2020,P024,18.763955201213946,75.90084720909012,Bid,normal,statewide,40.39189910888672,1,7,CHIRPS Daily v2.0,Maharashtra,CHIRPS Rainfall
2020-07-22,2020-07-29,30.0,2020,P025,20.93073496240753,76.20164478885242,Buldana,normal,statewide,88.3524227142334,1,7,CHIRPS Daily v2.0,Maharashtra,CHIRPS Rainfall
2020-07-22,2020-07-29,30.0,2020,P026,20.838939908121294,76.39311412898633,Buldana,normal,statewide,68.6562614440918,1,7,CHIRPS Daily v2.0,Maharashtra,CHIRPS Rainfall
2020-07-22,2020-07-29,30.0,2020,P027,20.657476790751314,76.48742857536776,Buldana,normal,statewide,79.91128063201904,1,7,CHIRPS Daily v2.0,Maharashtra,CHIRPS Rainfall
2020-07-22,2020-07-29,30.0,2020,P028,20.47967013624516,76.10222021266374,Buldana,normal,statewide,95.04477882385254,1,7,CHIRPS Daily v2.0,Maharashtra,CHIRPS Rainfall
2020-07-22,2020-07-29,30.0,2020,P029,20.32317798477448,79.92829390325927,Chandrapur,normal,statewide,66.66157245635986,1,7,CHIRPS Daily v2.0,Maharashtra,CHIRPS Rainfall
2020-07-22,2020-07-29,30.0,2020,P030,20.60872097983294,79.36304041732026,Chandrapur,normal,statewide,56.25090408325195,1,7,CHIRPS Daily v2.0,Maharashtra,CHIRPS Rainfall
2020-07-22,2020-07-29,30.0,2020,P031,20.511160307884595,79.64732594588165,Chandrapur,normal,statewide,58.78950214385986,1,7,CHIRPS Daily v2.0,Maharashtra,CHIRPS Rainfall
2020-07-22,2020-07-29,30.0,2020,P032,20.598621115946884,79.74569817422172,Chandrapur,normal,statewide,60.515098571777344,1,7,CHIRPS Daily v2.0,Maharashtra,CHIRPS Rainfall
2020-07-22,2020-07-29,30.0,2020,P033,21.38667804512237,75.14422248324037,Dhule,normal,statewide,47.96524667739868,1,7,CHIRPS Daily v2.0,Maharashtra,CHIRPS Rainfall
2020-07-22,2020-07-29,30.0,2020,P034,21.025151968113196,74.75989256344387,Dhule,normal,statewide,65.99681663513184,1,7,CHIRPS Daily v2.0,Maharashtra,CHIRPS Rainfall
2020-07-22,2020-07-29,30.0,2020,P035,21.477028350667293,74.85568743137505,Dhule,normal,statewide,49.25697183609009,1,7,CHIRPS Daily v2.0,Maharashtra,CHIRPS Rainfall
2020-07-22,2020-07-29,30.0,2020,P036,20.933820660336515,74.37533522949364,Dhule,normal,statewide,63.12123394012451,1,7,CHIRPS Daily v2.0,Maharashtra,CHIRPS Rainfall
2020-07-22,2020-07-29,30.0,2020,P037,19.963056524597132,79.91698116388667,Garhchiroli,normal,statewide,64.09885501861572,1,7,CHIRPS Daily v2.0,Maharashtra,CHIRPS Rainfall
2020-07-22,2020-07-29,30.0,2020,P038,19.062661462582188,79.88977172925856,Garhchiroli,normal,statewide,77.35501003265381,1,7,CHIRPS Daily v2.0,Maharashtra,CHIRPS Rainfall
2020-07-22,2020-07-29,30.0,2020,P039,19.510270485428137,79.9981368030594,Garhchiroli,normal,statewide,84.72048091888428,1,7,CHIRPS Daily v2.0,Maharashtra,CHIRPS Rainfall
2020-07-22,2020-07-29,30.0,2020,P040,19.870365190999156,80.00935144220881,Garhchiroli,normal,statewide,64.90465545654297,1,7,CHIRPS Daily v2.0,Maharashtra,CHIRPS Rainfall
2020-07-22,2020-07-29,30.0,2020,P041,21.127639946725598,80.1465044724107,Gondiya,normal,statewide,58.21450614929199,1,7,CHIRPS Daily v2.0,Maharashtra,CHIRPS Rainfall
2020-07-22,2020-07-29,30.0,2020,P042,21.397598383602258,80.15591763473452,Gondiya,normal,statewide,68.6623649597168,1,7,CHIRPS Daily v2.0,Maharashtra,CHIRPS Rainfall
2020-07-22,2020-07-29,30.0,2020,P043,21.574548890706154,80.25847249986273,Gondiya,normal,statewide,67.04195785522461,1,7,CHIRPS Daily v2.0,Maharashtra,CHIRPS Rainfall
2020-07-22,2020-07-29,30.0,2020,P044,21.211649410572516,80.34153217518526,Gondiya,normal,statewide,54.315391540527344,1,7,CHIRPS Daily v2.0,Maharashtra,CHIRPS Rainfall
2020-07-22,2020-07-29,30.0,2020,P045,19.655900266732623,77.2407892392464,Hingoli,normal,statewide,102.13056564331055,1,7,CHIRPS Daily v2.0,Maharashtra,CHIRPS Rainfall
2020-07-22,2020-07-29,30.0,2020,P046,19.566758377573187,77.1442675378435,Hingoli,normal,statewide,93.45035362243652,1,7,CHIRPS Daily v2.0,Maharashtra,CHIRPS Rainfall
2020-07-22,2020-07-29,30.0,2020,P047,19.47860194974656,76.9526242927685,Hingoli,normal,statewide,86.56539344787598,1,7,CHIRPS Daily v2.0,Maharashtra,CHIRPS Rainfall
2020-07-22,2020-07-29,30.0,2020,P048,19.927981235710728,77.14910120338544,Hingoli,normal,statewide,103.70924949645996,1,7,CHIRPS Daily v2.0,Maharashtra,CHIRPS Rainfall
2020-07-22,2020-07-29,30.0,2020,P049,21.292738163229433,76.10816865346904,Jalgaon,normal,statewide,61.84226179122925,1,7,CHIRPS Daily v2.0,Maharashtra,CHIRPS Rainfall
2020-07-22,2020-07-29,30.0,2020,P050,21.386178625804387,75.43363151891216,Jalgaon,normal,statewide,71.7114429473877,1,7,CHIRPS Daily v2.0,Maharashtra,CHIRPS Rainfall
2020-07-22,2020-07-29,30.0,2020,P051,21.112064306745907,76.10682200495089,Jalgaon,normal,statewide,76.5162181854248,1,7,CHIRPS Daily v2.0,Maharashtra,CHIRPS Rainfall
2020-07-22,2020-07-29,30.0,2020,P052,20.844437979720194,75.23982115072519,Jalgaon,normal,statewide,63.32565689086914,1,7,CHIRPS Daily v2.0,Maharashtra,CHIRPS Rainfall
2020-07-22,2020-07-29,30.0,2020,P053,19.486369703781666,76.00005328932718,Jalna,normal,statewide,82.48052167892456,1,7,CHIRPS Daily v2.0,Maharashtra,CHIRPS Rainfall
2020-07-22,2020-07-29,30.0,2020,P054,20.028502750758555,76.00343774702675,Jalna,normal,statewide,71.0370569229126,1,7,CHIRPS Daily v2.0,Maharashtra,CHIRPS Rainfall
2020-07-22,2020-07-29,30.0,2020,P055,19.75743845682064,76.00172991132328,Jalna,normal,statewide,69.42581939697266,1,7,CHIRPS Daily v2.0,Maharashtra,CHIRPS Rainfall
2020-07-22,2020-07-29,30.0,2020,P056,19.57768317515413,75.80993951591351,Jalna,normal,statewide,101.57978343963623,1,7,CHIRPS Daily v2.0,Maharashtra,CHIRPS Rainfall
2020-07-22,2020-07-29,30.0,2020,P057,16.776377793156257,74.29671235971928,Kolhapur,normal,statewide,61.942766189575195,1,7,CHIRPS Daily v2.0,Maharashtra,CHIRPS Rainfall
2020-07-22,2020-07-29,30.0,2020,P058,16.324416687682138,74.29834884980589,Kolhapur,normal,statewide,94.08453750610352,1,7,CHIRPS Daily v2.0,Maharashtra,CHIRPS Rainfall
2020-07-22,2020-07-29,30.0,2020,P059,16.595891218916975,74.39111598812178,Kolhapur,normal,statewide,46.8612642288208,1,7,CHIRPS Daily v2.0,Maharashtra,CHIRPS Rainfall
2020-07-22,2020-07-29,30.0,2020,P060,16.414811584237594,74.29802779453004,Kolhapur,normal,statewide,89.7840461730957,1,7,CHIRPS Daily v2.0,Maharashtra,CHIRPS Rainfall
2020-07-22,2020-07-29,30.0,2020,P086,21.054127206758487,79.56798961993874,Nagpur,normal,statewide,48.37636947631836,1,7,CHIRPS Daily v2.0,Maharashtra,CHIRPS Rainfall
2020-07-22,2020-07-29,30.0,2020,P087,21.146765031143822,79.47473643960802,Nagpur,normal,statewide,51.83319091796875,1,7,CHIRPS Daily v2.0,Maharashtra,CHIRPS Rainfall
2020-07-22,2020-07-29,30.0,2020,P088,21.347803602138427,78.61442869606356,Nagpur,normal,statewide,49.020880699157715,1,7,CHIRPS Daily v2.0,Maharashtra,CHIRPS Rainfall
2020-07-22,2020-07-29,30.0,2020,P089,21.165377318940912,78.70615240473293,Nagpur,normal,statewide,58.021578788757324,1,7,CHIRPS Daily v2.0,Maharashtra,CHIRPS Rainfall
2020-07-22,2020-07-29,30.0,2020,P090,19.201968238592887,77.42470040309472,Nanded,normal,statewide,71.6527771949768,1,7,CHIRPS Daily v2.0,Maharashtra,CHIRPS Rainfall
2020-07-22,2020-07-29,30.0,2020,P091,18.566038000956755,77.69963965584807,Nanded,normal,statewide,89.81186771392822,1,7,CHIRPS Daily v2.0,Maharashtra,CHIRPS Rainfall
2020-07-22,2020-07-29,30.0,2020,P092,19.736596618496833,77.90946265591798,Nanded,normal,statewide,95.46426677703857,1,7,CHIRPS Daily v2.0,Maharashtra,CHIRPS Rainfall
2020-07-22,2020-07-29,30.0,2020,P093,18.93564842817583,77.04115528508362,Nanded,normal,statewide,74.6545820236206,1,7,CHIRPS Daily v2.0,Maharashtra,CHIRPS Rainfall
2020-07-22,2020-07-29,30.0,2020,P094,21.564917232430716,74.08292967791392,Nandurbar,normal,statewide,66.93192958831787,1,7,CHIRPS Daily v2.0,Maharashtra,CHIRPS Rainfall
2020-07-22,2020-07-29,30.0,2020,P095,21.5662594218478,74.37266422796263,Nandurbar,normal,statewide,46.127628803253174,1,7,CHIRPS Daily v2.0,Maharashtra,CHIRPS Rainfall
2020-07-22,2020-07-29,30.0,2020,P096,21.385179787168415,74.27697637845674,Nandurbar,normal,statewide,54.74513101577759,1,7,CHIRPS Daily v2.0,Maharashtra,CHIRPS Rainfall
2020-07-22,2020-07-29,30.0,2020,P097,21.565421110849755,74.17950488852946,Nandurbar,normal,statewide,51.078142166137695,1,7,CHIRPS Daily v2.0,Maharashtra,CHIRPS Rainfall
2020-07-22,2020-07-29,30.0,2020,P098,20.299553667393326,73.99482675929994,Nashik,normal,statewide,57.019582748413086,1,7,CHIRPS Daily v2.0,Maharashtra,CHIRPS Rainfall
2020-07-22,2020-07-29,30.0,2020,P099,20.120253214034264,74.28296495117151,Nashik,normal,statewide,58.10560703277588,1,7,CHIRPS Daily v2.0,Maharashtra,CHIRPS Rainfall
2020-07-22,2020-07-29,30.0,2020,P100,20.389903972938242,73.99424261706194,Nashik,normal,statewide,65.4971113204956,1,7,CHIRPS Daily v2.0,Maharashtra,CHIRPS Rainfall
2020-07-22,2020-07-29,30.0,2020,P101,20.029015547379707,74.09216447619562,Nashik,normal,statewide,47.4358491897583,1,7,CHIRPS Daily v2.0,Maharashtra,CHIRPS Rainfall
2020-07-22,2020-07-29,30.0,2020,P102,17.85749130266526,76.36802722645965,Osmanabad,normal,statewide,49.60232162475586,1,7,CHIRPS Daily v2.0,Maharashtra,CHIRPS Rainfall
2020-07-22,2020-07-29,30.0,2020,P103,17.76644983645705,76.46164605307673,Osmanabad,normal,statewide,51.41652297973633,1,7,CHIRPS Daily v2.0,Maharashtra,CHIRPS Rainfall
2020-07-22,2020-07-29,30.0,2020,P104,17.949094615606196,76.17989775301476,Osmanabad,normal,statewide,43.879865646362305,1,7,CHIRPS Daily v2.0,Maharashtra,CHIRPS Rainfall
2020-07-22,2020-07-29,30.0,2020,P105,18.584360447185368,75.61558067829696,Osmanabad,normal,statewide,29.30419683456421,1,7,CHIRPS Daily v2.0,Maharashtra,CHIRPS Rainfall
2020-07-22,2020-07-29,30.0,2020,P106,19.031389786894366,76.47235681380711,Parbhani,normal,statewide,72.05537366867065,1,7,CHIRPS Daily v2.0,Maharashtra,CHIRPS Rainfall
2020-07-22,2020-07-29,30.0,2020,P107,19.120950831552832,76.56820519095093,Parbhani,normal,statewide,74.16739845275879,1,7,CHIRPS Daily v2.0,Maharashtra,CHIRPS Rainfall
2020-07-22,2020-07-29,30.0,2020,P108,19.208625676465683,76.85432786914635,Parbhani,normal,statewide,87.17055034637451,1,7,CHIRPS Daily v2.0,Maharashtra,CHIRPS Rainfall
2020-07-22,2020-07-29,30.0,2020,P109,19.212081479782103,76.47396209018636,Parbhani,normal,statewide,76.06804084777832,1,7,CHIRPS Daily v2.0,Maharashtra,CHIRPS Rainfall
2020-07-22,2020-07-29,30.0,2020,P110,18.133442771357757,75.04679558432363,Pune,normal,statewide,29.224387168884277,1,7,CHIRPS Daily v2.0,Maharashtra,CHIRPS Rainfall
2020-07-22,2020-07-29,30.0,2020,P111,18.584645829652782,74.47919215212944,Pune,normal,statewide,48.76848030090332,1,7,CHIRPS Daily v2.0,Maharashtra,CHIRPS Rainfall
2020-07-22,2020-07-29,30.0,2020,P112,18.132979024848197,74.57507620208169,Pune,normal,statewide,33.6004753112793,1,7,CHIRPS Daily v2.0,Maharashtra,CHIRPS Rainfall
2020-07-22,2020-07-29,30.0,2020,P113,18.314072036830744,74.76389683618987,Pune,normal,statewide,66.64397621154785,1,7,CHIRPS Daily v2.0,Maharashtra,CHIRPS Rainfall
2020-07-22,2020-07-29,30.0,2020,P114,18.48503397121986,73.0589238755964,Raigarh,normal,statewide,178.84928512573242,1,7,CHIRPS Daily v2.0,Maharashtra,CHIRPS Rainfall
2020-07-22,2020-07-29,30.0,2020,P115,18.665689991299164,73.05687714821288,Raigarh,normal,statewide,160.74337005615234,1,7,CHIRPS Daily v2.0,Maharashtra,CHIRPS Rainfall
2020-07-22,2020-07-29,30.0,2020,P116,18.306197264370358,73.25009891506079,Raigarh,normal,statewide,162.0258331298828,1,7,CHIRPS Daily v2.0,Maharashtra,CHIRPS Rainfall
2020-07-22,2020-07-29,30.0,2020,P117,18.21404102289879,73.06194714611064,Raigarh,normal,statewide,223.09682655334473,1,7,CHIRPS Daily v2.0,Maharashtra,CHIRPS Rainfall
2020-07-22,2020-07-29,30.0,2020,P118,17.138719885658215,75.42259970290594,Sangli,normal,statewide,44.66347312927246,1,7,CHIRPS Daily v2.0,Maharashtra,CHIRPS Rainfall
2020-07-22,2020-07-29,30.0,2020,P119,17.048761981005992,74.95348443567921,Sangli,normal,statewide,27.468759298324585,1,7,CHIRPS Daily v2.0,Maharashtra,CHIRPS Rainfall
2020-07-22,2020-07-29,30.0,2020,P120,16.86707144948229,74.39025538161847,Sangli,normal,statewide,40.26533222198486,1,7,CHIRPS Daily v2.0,Maharashtra,CHIRPS Rainfall
2020-07-22,2020-07-29,30.0,2020,P121,17.048503353144895,74.67157114887826,Sangli,normal,statewide,34.65989685058594,1,7,CHIRPS Daily v2.0,Maharashtra,CHIRPS Rainfall
2020-07-22,2020-07-29,30.0,2020,P148,17.67852974098626,76.08383979812143,Solapur,normal,statewide,46.05273103713989,1,7,CHIRPS Daily v2.0,Maharashtra,CHIRPS Rainfall
2020-07-22,2020-07-29,30.0,2020,P149,18.223365003201543,75.4251413905064,Solapur,normal,statewide,31.357409477233887,1,7,CHIRPS Daily v2.0,Maharashtra,CHIRPS Rainfall
2020-07-22,2020-07-29,30.0,2020,P150,17.952532582518405,75.23562067753285,Solapur,normal,statewide,32.84821319580078,1,7,CHIRPS Daily v2.0,Maharashtra,CHIRPS Rainfall
2020-07-22,2020-07-29,30.0,2020,P151,18.223690517578447,75.23598186471818,Solapur,normal,statewide,34.373276710510254,1,7,CHIRPS Daily v2.0,Maharashtra,CHIRPS Rainfall
2020-07-22,2020-07-29,30.0,2020,P152,19.658178867370932,72.94986318203122,Thane,normal,statewide,184.97222518920898,1,7,CHIRPS Daily v2.0,Maharashtra,CHIRPS Rainfall
2020-07-22,2020-07-29,30.0,2020,P153,19.65706409210757,72.8545320606096,Thane,normal,statewide,130.5522003173828,1,7,CHIRPS Daily v2.0,Maharashtra,CHIRPS Rainfall
2020-07-22,2020-07-29,30.0,2020,P154,19.477549601897948,72.95214624177059,Thane,normal,statewide,146.82430839538574,1,7,CHIRPS Daily v2.0,Maharashtra,CHIRPS Rainfall
2020-07-22,2020-07-29,30.0,2020,P155,19.83987385799569,73.0429959666335,Thane,normal,statewide,185.47861862182617,1,7,CHIRPS Daily v2.0,Maharashtra,CHIRPS Rainfall
2020-07-22,2020-07-29,30.0,2020,P156,20.806749657616468,78.60135461177485,Wardha,normal,statewide,59.52390146255493,1,7,CHIRPS Daily v2.0,Maharashtra,CHIRPS Rainfall
2020-07-22,2020-07-29,30.0,2020,P157,20.71031267913359,78.88671032458906,Wardha,normal,statewide,49.22688961029053,1,7,CHIRPS Daily v2.0,Maharashtra,CHIRPS Rainfall
2020-07-22,2020-07-29,30.0,2020,P158,21.081265295769754,78.41565980750515,Wardha,normal,statewide,50.009132862091064,1,7,CHIRPS Daily v2.0,Maharashtra,CHIRPS Rainfall
2020-07-22,2020-07-29,30.0,2020,P159,20.439854822938944,78.87986114537097,Wardha,normal,statewide,43.16956424713135,1,7,CHIRPS Daily v2.0,Maharashtra,CHIRPS Rainfall
2020-07-22,2020-07-29,30.0,2020,P160,20.289186257444058,77.15404188735265,Washim,normal,statewide,99.50140380859375,1,7,CHIRPS Daily v2.0,Maharashtra,CHIRPS Rainfall
2020-07-22,2020-07-29,30.0,2020,P161,20.464607292886615,77.53975858757677,Washim,normal,statewide,67.94738578796387,1,7,CHIRPS Daily v2.0,Maharashtra,CHIRPS Rainfall
2020-07-22,2020-07-29,30.0,2020,P162,20.107393166596125,77.2471479173486,Washim,normal,statewide,92.55150032043457,1,7,CHIRPS Daily v2.0,Maharashtra,CHIRPS Rainfall
2020-07-22,2020-07-29,30.0,2020,P163,20.198885002010726,77.1527933390577,Washim,normal,statewide,91.35628128051758,1,7,CHIRPS Daily v2.0,Maharashtra,CHIRPS Rainfall
2020-07-22,2020-07-29,30.0,2020,P164,20.182854533723592,78.20447678161395,Yavatmal,normal,statewide,94.54328870773315,1,7,CHIRPS Daily v2.0,Maharashtra,CHIRPS Rainfall
2020-07-22,2020-07-29,30.0,2020,P165,19.894658373538324,79.05709703494229,Yavatmal,normal,statewide,70.8543586730957,1,7,CHIRPS Daily v2.0,Maharashtra,CHIRPS Rainfall
2020-07-22,2020-07-29,30.0,2020,P166,19.468787468327925,77.71426550730338,Yavatmal,normal,statewide,84.57816314697266,1,7,CHIRPS Daily v2.0,Maharashtra,CHIRPS Rainfall
2020-07-22,2020-07-29,30.0,2020,P167,19.559057510053886,77.71577268345945,Yavatmal,normal,statewide,99.54632759094238,1,7,CHIRPS Daily v2.0,Maharashtra,CHIRPS Rainfall
2020-07-29,2020-08-05,31.0,2020,P147,17.927231643141155,73.94769852026607,Satara,case_study,case_study,81.00951385498047,1,7,CHIRPS Daily v2.0,Maharashtra,CHIRPS Rainfall
2020-07-29,2020-08-05,31.0,2020,P061,18.507855650411397,76.91766048140843,Latur,high,priority,59.96460723876953,1,7,CHIRPS Daily v2.0,Maharashtra,CHIRPS Rainfall
2020-07-29,2020-08-05,31.0,2020,P062,18.422405896924207,76.3487594508077,Latur,high,priority,44.93259525299072,1,7,CHIRPS Daily v2.0,Maharashtra,CHIRPS Rainfall
2020-07-29,2020-08-05,31.0,2020,P063,18.235391198742693,77.05646783810116,Latur,high,priority,61.778268814086914,1,7,CHIRPS Daily v2.0,Maharashtra,CHIRPS Rainfall
2020-07-29,2020-08-05,31.0,2020,P064,18.193056493341274,76.77240080549139,Latur,high,priority,45.540812492370605,1,7,CHIRPS Daily v2.0,Maharashtra,CHIRPS Rainfall
2020-07-29,2020-08-05,31.0,2020,P065,18.331355512513895,76.44266811899327,Latur,high,priority,45.7189040184021,1,7,CHIRPS Daily v2.0,Maharashtra,CHIRPS Rainfall
2020-07-29,2020-08-05,31.0,2020,P066,18.104739537876725,76.5352970251765,Latur,high,priority,36.73304843902588,1,7,CHIRPS Daily v2.0,Maharashtra,CHIRPS Rainfall
2020-07-29,2020-08-05,31.0,2020,P067,18.280552974211986,77.0569984711265,Latur,high,priority,53.91497182846069,1,7,CHIRPS Daily v2.0,Maharashtra,CHIRPS Rainfall
2020-07-29,2020-08-05,31.0,2020,P068,18.101823285787773,76.86595720469373,Latur,high,priority,41.4129753112793,1,7,CHIRPS Daily v2.0,Maharashtra,CHIRPS Rainfall
2020-07-29,2020-08-05,31.0,2020,P069,18.595075667016793,77.20284228928156,Latur,high,priority,62.482013463974,1,7,CHIRPS Daily v2.0,Maharashtra,CHIRPS Rainfall
2020-07-29,2020-08-05,31.0,2020,P070,18.41499041187233,77.15322587185987,Latur,high,priority,55.1132493019104,1,7,CHIRPS Daily v2.0,Maharashtra,CHIRPS Rainfall
2020-07-29,2020-08-05,31.0,2020,P071,18.149138807065885,76.63019561379593,Latur,high,priority,31.675493717193604,1,7,CHIRPS Daily v2.0,Maharashtra,CHIRPS Rainfall
2020-07-29,2020-08-05,31.0,2020,P072,18.283393421583035,76.77331492120734,Latur,high,priority,45.0437273979187,1,7,CHIRPS Daily v2.0,Maharashtra,CHIRPS Rainfall
2020-07-29,2020-08-05,31.0,2020,P073,17.966315663874607,76.86453029235662,Latur,high,priority,51.87405204772949,1,7,CHIRPS Daily v2.0,Maharashtra,CHIRPS Rainfall
2020-07-29,2020-08-05,31.0,2020,P074,18.50832831512306,76.870318205524,Latur,high,priority,53.72494888305664,1,7,CHIRPS Daily v2.0,Maharashtra,CHIRPS Rainfall
2020-07-29,2020-08-05,31.0,2020,P075,18.41444640154381,77.20053247493588,Latur,high,priority,58.253594398498535,1,7,CHIRPS Daily v2.0,Maharashtra,CHIRPS Rainfall
2020-07-29,2020-08-05,31.0,2020,P076,18.377877313804504,76.25376722106614,Latur,high,priority,39.91264581680298,1,7,CHIRPS Daily v2.0,Maharashtra,CHIRPS Rainfall
2020-07-29,2020-08-05,31.0,2020,P077,18.059564385104267,76.5349046242838,Latur,high,priority,24.761924743652344,1,7,CHIRPS Daily v2.0,Maharashtra,CHIRPS Rainfall
2020-07-29,2020-08-05,31.0,2020,P078,18.1008824154655,76.96042326051098,Latur,high,priority,51.547115325927734,1,7,CHIRPS Daily v2.0,Maharashtra,CHIRPS Rainfall
2020-07-29,2020-08-05,31.0,2020,P079,18.73508698099394,76.77797468180819,Latur,high,priority,56.69308376312256,1,7,CHIRPS Daily v2.0,Maharashtra,CHIRPS Rainfall
2020-07-29,2020-08-05,31.0,2020,P080,18.46791548227568,76.3017694439065,Latur,high,priority,44.79004430770874,1,7,CHIRPS Daily v2.0,Maharashtra,CHIRPS Rainfall
2020-07-29,2020-08-05,31.0,2020,P081,18.10355787609756,76.67701617485712,Latur,high,priority,41.40516185760498,1,7,CHIRPS Daily v2.0,Maharashtra,CHIRPS Rainfall
2020-07-29,2020-08-05,31.0,2020,P082,18.23907887531389,76.67830931416262,Latur,high,priority,42.05337643623352,1,7,CHIRPS Daily v2.0,Maharashtra,CHIRPS Rainfall
2020-07-29,2020-08-05,31.0,2020,P083,18.369289085175563,77.19996171000103,Latur,high,priority,55.76521015167236,1,7,CHIRPS Daily v2.0,Maharashtra,CHIRPS Rainfall
2020-07-29,2020-08-05,31.0,2020,P084,18.46362582706226,76.82249880582684,Latur,high,priority,44.875152587890625,1,7,CHIRPS Daily v2.0,Maharashtra,CHIRPS Rainfall
2020-07-29,2020-08-05,31.0,2020,P085,18.14788579966987,76.77194597718393,Latur,high,priority,30.22811722755432,1,7,CHIRPS Daily v2.0,Maharashtra,CHIRPS Rainfall
2020-07-29,2020-08-05,31.0,2020,P122,17.88145897082753,73.8441448165019,Satara,high,priority,78.10249328613281,1,7,CHIRPS Daily v2.0,Maharashtra,CHIRPS Rainfall
2020-07-29,2020-08-05,31.0,2020,P123,17.386414030975025,74.27088970551878,Satara,high,priority,42.349281311035156,1,7,CHIRPS Daily v2.0,Maharashtra,CHIRPS Rainfall
2020-07-29,2020-08-05,31.0,2020,P124,17.43262815429294,74.647353771057,Satara,high,priority,25.552945137023926,1,7,CHIRPS Daily v2.0,Maharashtra,CHIRPS Rainfall
2020-07-29,2020-08-05,31.0,2020,P125,17.56734651531964,74.31728219287884,Satara,high,priority,38.798789978027344,1,7,CHIRPS Daily v2.0,Maharashtra,CHIRPS Rainfall
2020-07-29,2020-08-05,31.0,2020,P126,17.205080227535593,74.13053949986157,Satara,high,priority,50.4500732421875,1,7,CHIRPS Daily v2.0,Maharashtra,CHIRPS Rainfall
2020-07-29,2020-08-05,31.0,2020,P127,17.65773249367299,74.31694330119876,Satara,high,priority,43.37050437927246,1,7,CHIRPS Daily v2.0,Maharashtra,CHIRPS Rainfall
2020-07-29,2020-08-05,31.0,2020,P128,18.019949731345452,74.5517328080669,Satara,high,priority,16.217931866645813,1,7,CHIRPS Daily v2.0,Maharashtra,CHIRPS Rainfall
2020-07-29,2020-08-05,31.0,2020,P129,18.063234225271252,74.03192648006461,Satara,high,priority,38.35869598388672,1,7,CHIRPS Daily v2.0,Maharashtra,CHIRPS Rainfall
2020-07-29,2020-08-05,31.0,2020,P130,17.61135784271715,74.03436560834085,Satara,high,priority,71.3214225769043,1,7,CHIRPS Daily v2.0,Maharashtra,CHIRPS Rainfall
2020-07-29,2020-08-05,31.0,2020,P131,17.612539504496315,74.3171127470388,Satara,high,priority,38.759355545043945,1,7,CHIRPS Daily v2.0,Maharashtra,CHIRPS Rainfall
2020-07-29,2020-08-05,31.0,2020,P132,17.702176353872684,74.12817617630324,Satara,high,priority,62.303667068481445,1,7,CHIRPS Daily v2.0,Maharashtra,CHIRPS Rainfall
2020-07-29,2020-08-05,31.0,2020,P133,17.25006363896275,74.08329532420031,Satara,high,priority,66.82320213317871,1,7,CHIRPS Daily v2.0,Maharashtra,CHIRPS Rainfall
2020-07-29,2020-08-05,31.0,2020,P134,17.476429903940936,74.17634784498362,Satara,high,priority,24.532724380493164,1,7,CHIRPS Daily v2.0,Maharashtra,CHIRPS Rainfall
2020-07-29,2020-08-05,31.0,2020,P135,17.882716437324603,74.0801070669471,Satara,high,priority,73.50820922851562,1,7,CHIRPS Daily v2.0,Maharashtra,CHIRPS Rainfall
2020-07-29,2020-08-05,31.0,2020,P136,17.928520323345598,74.22149178404871,Satara,high,priority,45.093700885772705,1,7,CHIRPS Daily v2.0,Maharashtra,CHIRPS Rainfall
2020-07-29,2020-08-05,31.0,2020,P137,17.746687100588183,73.98648378122894,Satara,high,priority,58.69560241699219,1,7,CHIRPS Daily v2.0,Maharashtra,CHIRPS Rainfall
2020-07-29,2020-08-05,31.0,2020,P138,17.61269557303319,74.36423652697161,Satara,high,priority,43.393821716308594,1,7,CHIRPS Daily v2.0,Maharashtra,CHIRPS Rainfall
2020-07-29,2020-08-05,31.0,2020,P139,17.656773786946495,74.08126197411994,Satara,high,priority,74.76017761230469,1,7,CHIRPS Daily v2.0,Maharashtra,CHIRPS Rainfall
2020-07-29,2020-08-05,31.0,2020,P140,17.97464080554139,74.50462240543725,Satara,high,priority,20.184001922607422,1,7,CHIRPS Daily v2.0,Maharashtra,CHIRPS Rainfall
2020-07-29,2020-08-05,31.0,2020,P141,17.430826677467348,74.08239904488856,Satara,high,priority,22.724191665649414,1,7,CHIRPS Daily v2.0,Maharashtra,CHIRPS Rainfall
2020-07-29,2020-08-05,31.0,2020,P142,18.064447100757786,74.31538707493111,Satara,high,priority,26.040971040725708,1,7,CHIRPS Daily v2.0,Maharashtra,CHIRPS Rainfall
2020-07-29,2020-08-05,31.0,2020,P143,17.70379500755509,74.6468275971327,Satara,high,priority,31.5154070854187,1,7,CHIRPS Daily v2.0,Maharashtra,CHIRPS Rainfall
2020-07-29,2020-08-05,31.0,2020,P144,17.929452275465767,74.50474726026674,Satara,high,priority,21.461822509765625,1,7,CHIRPS Daily v2.0,Maharashtra,CHIRPS Rainfall
2020-07-29,2020-08-05,31.0,2020,P145,17.47773196144854,74.60017202281048,Satara,high,priority,30.75723934173584,1,7,CHIRPS Daily v2.0,Maharashtra,CHIRPS Rainfall
2020-07-29,2020-08-05,31.0,2020,P146,17.839182233739812,74.55218763637436,Satara,high,priority,25.356197357177734,1,7,CHIRPS Daily v2.0,Maharashtra,CHIRPS Rainfall
2020-07-29,2020-08-05,31.0,2020,P001,19.940457800458272,74.57045211428928,Ahmednagar,normal,statewide,35.85093069076538,1,7,CHIRPS Daily v2.0,Maharashtra,CHIRPS Rainfall
2020-07-29,2020-08-05,31.0,2020,P002,18.946729294293643,74.76302285238339,Ahmednagar,normal,statewide,31.142966270446777,1,7,CHIRPS Daily v2.0,Maharashtra,CHIRPS Rainfall
2020-07-29,2020-08-05,31.0,2020,P003,18.49469238410162,74.66892244285252,Ahmednagar,normal,statewide,30.214445114135742,1,7,CHIRPS Daily v2.0,Maharashtra,CHIRPS Rainfall
2020-07-29,2020-08-05,31.0,2020,P004,19.03720445466806,75.1420731965326,Ahmednagar,normal,statewide,21.610835194587708,1,7,CHIRPS Daily v2.0,Maharashtra,CHIRPS Rainfall
2020-07-29,2020-08-05,31.0,2020,P005,20.832153156317954,77.06560453615967,Akola,normal,statewide,34.92203378677368,1,7,CHIRPS Daily v2.0,Maharashtra,CHIRPS Rainfall
2020-07-29,2020-08-05,31.0,2020,P006,20.834360411339407,76.87349308547405,Akola,normal,statewide,27.600404739379883,1,7,CHIRPS Daily v2.0,Maharashtra,CHIRPS Rainfall
2020-07-29,2020-08-05,31.0,2020,P007,21.014976299509232,76.87574047240498,Akola,normal,statewide,40.99087715148926,1,7,CHIRPS Daily v2.0,Maharashtra,CHIRPS Rainfall
2020-07-29,2020-08-05,31.0,2020,P008,20.828434266039377,77.35372489162701,Akola,normal,statewide,37.98971104621887,1,7,CHIRPS Daily v2.0,Maharashtra,CHIRPS Rainfall
2020-07-29,2020-08-05,31.0,2020,P009,21.360971327549258,77.94039543992572,Amravati,normal,statewide,75.98342895507812,1,7,CHIRPS Daily v2.0,Maharashtra,CHIRPS Rainfall
2020-07-29,2020-08-05,31.0,2020,P010,21.178803672212837,78.03301542790685,Amravati,normal,statewide,69.55257511138916,1,7,CHIRPS Daily v2.0,Maharashtra,CHIRPS Rainfall
2020-07-29,2020-08-05,31.0,2020,P011,20.814388097721018,78.21764450702477,Amravati,normal,statewide,82.34786081314087,1,7,CHIRPS Daily v2.0,Maharashtra,CHIRPS Rainfall
2020-07-29,2020-08-05,31.0,2020,P012,21.180502589714195,77.93681032267875,Amravati,normal,statewide,59.66188144683838,1,7,CHIRPS Daily v2.0,Maharashtra,CHIRPS Rainfall
2020-07-29,2020-08-05,31.0,2020,P013,20.031289688916964,74.8570519162974,Aurangabad,normal,statewide,47.449105739593506,1,7,CHIRPS Daily v2.0,Maharashtra,CHIRPS Rainfall
2020-07-29,2020-08-05,31.0,2020,P014,19.760185263069562,75.14270192978114,Aurangabad,normal,statewide,33.842623472213745,1,7,CHIRPS Daily v2.0,Maharashtra,CHIRPS Rainfall
2020-07-29,2020-08-05,31.0,2020,P015,19.9408189876436,74.76157364454102,Aurangabad,normal,statewide,54.333128452301025,1,7,CHIRPS Daily v2.0,Maharashtra,CHIRPS Rainfall
2020-07-29,2020-08-05,31.0,2020,P016,19.66981712112043,75.14262166596218,Aurangabad,normal,statewide,38.39248204231262,1,7,CHIRPS Daily v2.0,Maharashtra,CHIRPS Rainfall
2020-07-29,2020-08-05,31.0,2020,P017,21.04613203856966,79.85576216552393,Bhandara,normal,statewide,102.11716175079346,1,7,CHIRPS Daily v2.0,Maharashtra,CHIRPS Rainfall
2020-07-29,2020-08-05,31.0,2020,P018,21.31897105472685,79.76852877161537,Bhandara,normal,statewide,100.23923873901367,1,7,CHIRPS Daily v2.0,Maharashtra,CHIRPS Rainfall
2020-07-29,2020-08-05,31.0,2020,P019,21.40900922319803,79.77144948280537,Bhandara,normal,statewide,103.9080696105957,1,7,CHIRPS Daily v2.0,Maharashtra,CHIRPS Rainfall
2020-07-29,2020-08-05,31.0,2020,P020,21.144196588937042,79.57074980349083,Bhandara,normal,statewide,99.65731620788574,1,7,CHIRPS Daily v2.0,Maharashtra,CHIRPS Rainfall
2020-07-29,2020-08-05,31.0,2020,P021,18.67502288980403,75.52108340877234,Bid,normal,statewide,22.694629430770874,1,7,CHIRPS Daily v2.0,Maharashtra,CHIRPS Rainfall
2020-07-29,2020-08-05,31.0,2020,P022,18.856499384477168,75.04699178476999,Bid,normal,statewide,24.38329815864563,1,7,CHIRPS Daily v2.0,Maharashtra,CHIRPS Rainfall
2020-07-29,2020-08-05,31.0,2020,P023,19.126596053486494,75.6175605191647,Bid,normal,statewide,28.82828378677368,1,7,CHIRPS Daily v2.0,Maharashtra,CHIRPS Rainfall
2020-07-29,2020-08-05,31.0,2020,P024,18.763955201213946,75.90084720909012,Bid,normal,statewide,36.20259618759155,1,7,CHIRPS Daily v2.0,Maharashtra,CHIRPS Rainfall
2020-07-29,2020-08-05,31.0,2020,P025,20.93073496240753,76.20164478885242,Buldana,normal,statewide,29.541283130645752,1,7,CHIRPS Daily v2.0,Maharashtra,CHIRPS Rainfall
2020-07-29,2020-08-05,31.0,2020,P026,20.838939908121294,76.39311412898633,Buldana,normal,statewide,46.615031719207764,1,7,CHIRPS Daily v2.0,Maharashtra,CHIRPS Rainfall
2020-07-29,2020-08-05,31.0,2020,P027,20.657476790751314,76.48742857536776,Buldana,normal,statewide,43.025582790374756,1,7,CHIRPS Daily v2.0,Maharashtra,CHIRPS Rainfall
2020-07-29,2020-08-05,31.0,2020,P028,20.47967013624516,76.10222021266374,Buldana,normal,statewide,47.14095401763916,1,7,CHIRPS Daily v2.0,Maharashtra,CHIRPS Rainfall
2020-07-29,2020-08-05,31.0,2020,P029,20.32317798477448,79.92829390325927,Chandrapur,normal,statewide,87.18940734863281,1,7,CHIRPS Daily v2.0,Maharashtra,CHIRPS Rainfall
2020-07-29,2020-08-05,31.0,2020,P030,20.60872097983294,79.36304041732026,Chandrapur,normal,statewide,72.17875719070435,1,7,CHIRPS Daily v2.0,Maharashtra,CHIRPS Rainfall
2020-07-29,2020-08-05,31.0,2020,P031,20.511160307884595,79.64732594588165,Chandrapur,normal,statewide,68.297523021698,1,7,CHIRPS Daily v2.0,Maharashtra,CHIRPS Rainfall
2020-07-29,2020-08-05,31.0,2020,P032,20.598621115946884,79.74569817422172,Chandrapur,normal,statewide,54.7775559425354,1,7,CHIRPS Daily v2.0,Maharashtra,CHIRPS Rainfall
2020-07-29,2020-08-05,31.0,2020,P033,21.38667804512237,75.14422248324037,Dhule,normal,statewide,50.48055648803711,1,7,CHIRPS Daily v2.0,Maharashtra,CHIRPS Rainfall
2020-07-29,2020-08-05,31.0,2020,P034,21.025151968113196,74.75989256344387,Dhule,normal,statewide,48.05030822753906,1,7,CHIRPS Daily v2.0,Maharashtra,CHIRPS Rainfall
2020-07-29,2020-08-05,31.0,2020,P035,21.477028350667293,74.85568743137505,Dhule,normal,statewide,60.77627468109131,1,7,CHIRPS Daily v2.0,Maharashtra,CHIRPS Rainfall
2020-07-29,2020-08-05,31.0,2020,P036,20.933820660336515,74.37533522949364,Dhule,normal,statewide,73.79549789428711,1,7,CHIRPS Daily v2.0,Maharashtra,CHIRPS Rainfall
2020-07-29,2020-08-05,31.0,2020,P037,19.963056524597132,79.91698116388667,Garhchiroli,normal,statewide,87.31049823760986,1,7,CHIRPS Daily v2.0,Maharashtra,CHIRPS Rainfall
2020-07-29,2020-08-05,31.0,2020,P038,19.062661462582188,79.88977172925856,Garhchiroli,normal,statewide,105.65250968933105,1,7,CHIRPS Daily v2.0,Maharashtra,CHIRPS Rainfall
2020-07-29,2020-08-05,31.0,2020,P039,19.510270485428137,79.9981368030594,Garhchiroli,normal,statewide,87.78159379959106,1,7,CHIRPS Daily v2.0,Maharashtra,CHIRPS Rainfall
2020-07-29,2020-08-05,31.0,2020,P040,19.870365190999156,80.00935144220881,Garhchiroli,normal,statewide,104.4862117767334,1,7,CHIRPS Daily v2.0,Maharashtra,CHIRPS Rainfall
2020-07-29,2020-08-05,31.0,2020,P041,21.127639946725598,80.1465044724107,Gondiya,normal,statewide,115.37451887130737,1,7,CHIRPS Daily v2.0,Maharashtra,CHIRPS Rainfall
2020-07-29,2020-08-05,31.0,2020,P042,21.397598383602258,80.15591763473452,Gondiya,normal,statewide,133.00317907333374,1,7,CHIRPS Daily v2.0,Maharashtra,CHIRPS Rainfall
2020-07-29,2020-08-05,31.0,2020,P043,21.574548890706154,80.25847249986273,Gondiya,normal,statewide,119.25831985473633,1,7,CHIRPS Daily v2.0,Maharashtra,CHIRPS Rainfall
2020-07-29,2020-08-05,31.0,2020,P044,21.211649410572516,80.34153217518526,Gondiya,normal,statewide,125.69048309326172,1,7,CHIRPS Daily v2.0,Maharashtra,CHIRPS Rainfall
2020-07-29,2020-08-05,31.0,2020,P045,19.655900266732623,77.2407892392464,Hingoli,normal,statewide,48.71002674102783,1,7,CHIRPS Daily v2.0,Maharashtra,CHIRPS Rainfall
2020-07-29,2020-08-05,31.0,2020,P046,19.566758377573187,77.1442675378435,Hingoli,normal,statewide,47.37254047393799,1,7,CHIRPS Daily v2.0,Maharashtra,CHIRPS Rainfall
2020-07-29,2020-08-05,31.0,2020,P047,19.47860194974656,76.9526242927685,Hingoli,normal,statewide,45.47481727600098,1,7,CHIRPS Daily v2.0,Maharashtra,CHIRPS Rainfall
2020-07-29,2020-08-05,31.0,2020,P048,19.927981235710728,77.14910120338544,Hingoli,normal,statewide,58.56176471710205,1,7,CHIRPS Daily v2.0,Maharashtra,CHIRPS Rainfall
2020-07-29,2020-08-05,31.0,2020,P049,21.292738163229433,76.10816865346904,Jalgaon,normal,statewide,74.6947693824768,1,7,CHIRPS Daily v2.0,Maharashtra,CHIRPS Rainfall
2020-07-29,2020-08-05,31.0,2020,P050,21.386178625804387,75.43363151891216,Jalgaon,normal,statewide,58.50166320800781,1,7,CHIRPS Daily v2.0,Maharashtra,CHIRPS Rainfall
2020-07-29,2020-08-05,31.0,2020,P051,21.112064306745907,76.10682200495089,Jalgaon,normal,statewide,56.67885971069336,1,7,CHIRPS Daily v2.0,Maharashtra,CHIRPS Rainfall
2020-07-29,2020-08-05,31.0,2020,P052,20.844437979720194,75.23982115072519,Jalgaon,normal,statewide,41.094462394714355,1,7,CHIRPS Daily v2.0,Maharashtra,CHIRPS Rainfall
2020-07-29,2020-08-05,31.0,2020,P053,19.486369703781666,76.00005328932718,Jalna,normal,statewide,42.257710456848145,1,7,CHIRPS Daily v2.0,Maharashtra,CHIRPS Rainfall
2020-07-29,2020-08-05,31.0,2020,P054,20.028502750758555,76.00343774702675,Jalna,normal,statewide,31.360058784484863,1,7,CHIRPS Daily v2.0,Maharashtra,CHIRPS Rainfall
2020-07-29,2020-08-05,31.0,2020,P055,19.75743845682064,76.00172991132328,Jalna,normal,statewide,36.8810601234436,1,7,CHIRPS Daily v2.0,Maharashtra,CHIRPS Rainfall
2020-07-29,2020-08-05,31.0,2020,P056,19.57768317515413,75.80993951591351,Jalna,normal,statewide,47.650094509124756,1,7,CHIRPS Daily v2.0,Maharashtra,CHIRPS Rainfall
2020-07-29,2020-08-05,31.0,2020,P057,16.776377793156257,74.29671235971928,Kolhapur,normal,statewide,51.444271087646484,1,7,CHIRPS Daily v2.0,Maharashtra,CHIRPS Rainfall
2020-07-29,2020-08-05,31.0,2020,P058,16.324416687682138,74.29834884980589,Kolhapur,normal,statewide,52.99750900268555,1,7,CHIRPS Daily v2.0,Maharashtra,CHIRPS Rainfall
2020-07-29,2020-08-05,31.0,2020,P059,16.595891218916975,74.39111598812178,Kolhapur,normal,statewide,26.056447982788086,1,7,CHIRPS Daily v2.0,Maharashtra,CHIRPS Rainfall
2020-07-29,2020-08-05,31.0,2020,P060,16.414811584237594,74.29802779453004,Kolhapur,normal,statewide,28.6435489654541,1,7,CHIRPS Daily v2.0,Maharashtra,CHIRPS Rainfall
2020-07-29,2020-08-05,31.0,2020,P086,21.054127206758487,79.56798961993874,Nagpur,normal,statewide,101.8499698638916,1,7,CHIRPS Daily v2.0,Maharashtra,CHIRPS Rainfall
2020-07-29,2020-08-05,31.0,2020,P087,21.146765031143822,79.47473643960802,Nagpur,normal,statewide,93.62295389175415,1,7,CHIRPS Daily v2.0,Maharashtra,CHIRPS Rainfall
2020-07-29,2020-08-05,31.0,2020,P088,21.347803602138427,78.61442869606356,Nagpur,normal,statewide,73.06740665435791,1,7,CHIRPS Daily v2.0,Maharashtra,CHIRPS Rainfall
2020-07-29,2020-08-05,31.0,2020,P089,21.165377318940912,78.70615240473293,Nagpur,normal,statewide,109.92634344100952,1,7,CHIRPS Daily v2.0,Maharashtra,CHIRPS Rainfall
2020-07-29,2020-08-05,31.0,2020,P090,19.201968238592887,77.42470040309472,Nanded,normal,statewide,39.76978778839111,1,7,CHIRPS Daily v2.0,Maharashtra,CHIRPS Rainfall
2020-07-29,2020-08-05,31.0,2020,P091,18.566038000956755,77.69963965584807,Nanded,normal,statewide,51.37641429901123,1,7,CHIRPS Daily v2.0,Maharashtra,CHIRPS Rainfall
2020-07-29,2020-08-05,31.0,2020,P092,19.736596618496833,77.90946265591798,Nanded,normal,statewide,55.23386573791504,1,7,CHIRPS Daily v2.0,Maharashtra,CHIRPS Rainfall
2020-07-29,2020-08-05,31.0,2020,P093,18.93564842817583,77.04115528508362,Nanded,normal,statewide,55.69658660888672,1,7,CHIRPS Daily v2.0,Maharashtra,CHIRPS Rainfall
2020-07-29,2020-08-05,31.0,2020,P094,21.564917232430716,74.08292967791392,Nandurbar,normal,statewide,48.61369705200195,1,7,CHIRPS Daily v2.0,Maharashtra,CHIRPS Rainfall
2020-07-29,2020-08-05,31.0,2020,P095,21.5662594218478,74.37266422796263,Nandurbar,normal,statewide,69.1648941040039,1,7,CHIRPS Daily v2.0,Maharashtra,CHIRPS Rainfall
2020-07-29,2020-08-05,31.0,2020,P096,21.385179787168415,74.27697637845674,Nandurbar,normal,statewide,55.61796236038208,1,7,CHIRPS Daily v2.0,Maharashtra,CHIRPS Rainfall
2020-07-29,2020-08-05,31.0,2020,P097,21.565421110849755,74.17950488852946,Nandurbar,normal,statewide,49.89648628234863,1,7,CHIRPS Daily v2.0,Maharashtra,CHIRPS Rainfall
2020-07-29,2020-08-05,31.0,2020,P098,20.299553667393326,73.99482675929994,Nashik,normal,statewide,60.14871597290039,1,7,CHIRPS Daily v2.0,Maharashtra,CHIRPS Rainfall
2020-07-29,2020-08-05,31.0,2020,P099,20.120253214034264,74.28296495117151,Nashik,normal,statewide,50.488765239715576,1,7,CHIRPS Daily v2.0,Maharashtra,CHIRPS Rainfall
2020-07-29,2020-08-05,31.0,2020,P100,20.389903972938242,73.99424261706194,Nashik,normal,statewide,61.14829063415527,1,7,CHIRPS Daily v2.0,Maharashtra,CHIRPS Rainfall
2020-07-29,2020-08-05,31.0,2020,P101,20.029015547379707,74.09216447619562,Nashik,normal,statewide,49.08971405029297,1,7,CHIRPS Daily v2.0,Maharashtra,CHIRPS Rainfall
2020-07-29,2020-08-05,31.0,2020,P102,17.85749130266526,76.36802722645965,Osmanabad,normal,statewide,31.66519021987915,1,7,CHIRPS Daily v2.0,Maharashtra,CHIRPS Rainfall
2020-07-29,2020-08-05,31.0,2020,P103,17.76644983645705,76.46164605307673,Osmanabad,normal,statewide,42.9932861328125,1,7,CHIRPS Daily v2.0,Maharashtra,CHIRPS Rainfall
2020-07-29,2020-08-05,31.0,2020,P104,17.949094615606196,76.17989775301476,Osmanabad,normal,statewide,30.43067741394043,1,7,CHIRPS Daily v2.0,Maharashtra,CHIRPS Rainfall
2020-07-29,2020-08-05,31.0,2020,P105,18.584360447185368,75.61558067829696,Osmanabad,normal,statewide,22.05413246154785,1,7,CHIRPS Daily v2.0,Maharashtra,CHIRPS Rainfall
2020-07-29,2020-08-05,31.0,2020,P106,19.031389786894366,76.47235681380711,Parbhani,normal,statewide,41.89948654174805,1,7,CHIRPS Daily v2.0,Maharashtra,CHIRPS Rainfall
2020-07-29,2020-08-05,31.0,2020,P107,19.120950831552832,76.56820519095093,Parbhani,normal,statewide,42.239068031311035,1,7,CHIRPS Daily v2.0,Maharashtra,CHIRPS Rainfall
2020-07-29,2020-08-05,31.0,2020,P108,19.208625676465683,76.85432786914635,Parbhani,normal,statewide,37.65692710876465,1,7,CHIRPS Daily v2.0,Maharashtra,CHIRPS Rainfall
2020-07-29,2020-08-05,31.0,2020,P109,19.212081479782103,76.47396209018636,Parbhani,normal,statewide,38.980958223342896,1,7,CHIRPS Daily v2.0,Maharashtra,CHIRPS Rainfall
2020-07-29,2020-08-05,31.0,2020,P110,18.133442771357757,75.04679558432363,Pune,normal,statewide,19.693392992019653,1,7,CHIRPS Daily v2.0,Maharashtra,CHIRPS Rainfall
2020-07-29,2020-08-05,31.0,2020,P111,18.584645829652782,74.47919215212944,Pune,normal,statewide,38.111103534698486,1,7,CHIRPS Daily v2.0,Maharashtra,CHIRPS Rainfall
2020-07-29,2020-08-05,31.0,2020,P112,18.132979024848197,74.57507620208169,Pune,normal,statewide,9.823332667350769,1,7,CHIRPS Daily v2.0,Maharashtra,CHIRPS Rainfall
2020-07-29,2020-08-05,31.0,2020,P113,18.314072036830744,74.76389683618987,Pune,normal,statewide,23.41149592399597,1,7,CHIRPS Daily v2.0,Maharashtra,CHIRPS Rainfall
2020-07-29,2020-08-05,31.0,2020,P114,18.48503397121986,73.0589238755964,Raigarh,normal,statewide,222.65192985534668,1,7,CHIRPS Daily v2.0,Maharashtra,CHIRPS Rainfall
2020-07-29,2020-08-05,31.0,2020,P115,18.665689991299164,73.05687714821288,Raigarh,normal,statewide,309.7507724761963,1,7,CHIRPS Daily v2.0,Maharashtra,CHIRPS Rainfall
2020-07-29,2020-08-05,31.0,2020,P116,18.306197264370358,73.25009891506079,Raigarh,normal,statewide,231.585298538208,1,7,CHIRPS Daily v2.0,Maharashtra,CHIRPS Rainfall
2020-07-29,2020-08-05,31.0,2020,P117,18.21404102289879,73.06194714611064,Raigarh,normal,statewide,300.68790435791016,1,7,CHIRPS Daily v2.0,Maharashtra,CHIRPS Rainfall
2020-07-29,2020-08-05,31.0,2020,P118,17.138719885658215,75.42259970290594,Sangli,normal,statewide,6.376567840576172,1,7,CHIRPS Daily v2.0,Maharashtra,CHIRPS Rainfall
2020-07-29,2020-08-05,31.0,2020,P119,17.048761981005992,74.95348443567921,Sangli,normal,statewide,6.730693817138672,1,7,CHIRPS Daily v2.0,Maharashtra,CHIRPS Rainfall
2020-07-29,2020-08-05,31.0,2020,P120,16.86707144948229,74.39025538161847,Sangli,normal,statewide,29.831202507019043,1,7,CHIRPS Daily v2.0,Maharashtra,CHIRPS Rainfall
2020-07-29,2020-08-05,31.0,2020,P121,17.048503353144895,74.67157114887826,Sangli,normal,statewide,23.120789527893066,1,7,CHIRPS Daily v2.0,Maharashtra,CHIRPS Rainfall
2020-07-29,2020-08-05,31.0,2020,P148,17.67852974098626,76.08383979812143,Solapur,normal,statewide,28.53325891494751,1,7,CHIRPS Daily v2.0,Maharashtra,CHIRPS Rainfall
2020-07-29,2020-08-05,31.0,2020,P149,18.223365003201543,75.4251413905064,Solapur,normal,statewide,18.391149282455444,1,7,CHIRPS Daily v2.0,Maharashtra,CHIRPS Rainfall
2020-07-29,2020-08-05,31.0,2020,P150,17.952532582518405,75.23562067753285,Solapur,normal,statewide,11.094017028808594,1,7,CHIRPS Daily v2.0,Maharashtra,CHIRPS Rainfall
2020-07-29,2020-08-05,31.0,2020,P151,18.223690517578447,75.23598186471818,Solapur,normal,statewide,22.615578413009644,1,7,CHIRPS Daily v2.0,Maharashtra,CHIRPS Rainfall
2020-07-29,2020-08-05,31.0,2020,P152,19.658178867370932,72.94986318203122,Thane,normal,statewide,303.58377838134766,1,7,CHIRPS Daily v2.0,Maharashtra,CHIRPS Rainfall
2020-07-29,2020-08-05,31.0,2020,P153,19.65706409210757,72.8545320606096,Thane,normal,statewide,358.9942092895508,1,7,CHIRPS Daily v2.0,Maharashtra,CHIRPS Rainfall
2020-07-29,2020-08-05,31.0,2020,P154,19.477549601897948,72.95214624177059,Thane,normal,statewide,412.049072265625,1,7,CHIRPS Daily v2.0,Maharashtra,CHIRPS Rainfall
2020-07-29,2020-08-05,31.0,2020,P155,19.83987385799569,73.0429959666335,Thane,normal,statewide,268.6423797607422,1,7,CHIRPS Daily v2.0,Maharashtra,CHIRPS Rainfall
2020-07-29,2020-08-05,31.0,2020,P156,20.806749657616468,78.60135461177485,Wardha,normal,statewide,79.02383852005005,1,7,CHIRPS Daily v2.0,Maharashtra,CHIRPS Rainfall
2020-07-29,2020-08-05,31.0,2020,P157,20.71031267913359,78.88671032458906,Wardha,normal,statewide,84.29083728790283,1,7,CHIRPS Daily v2.0,Maharashtra,CHIRPS Rainfall
2020-07-29,2020-08-05,31.0,2020,P158,21.081265295769754,78.41565980750515,Wardha,normal,statewide,104.34673547744751,1,7,CHIRPS Daily v2.0,Maharashtra,CHIRPS Rainfall
2020-07-29,2020-08-05,31.0,2020,P159,20.439854822938944,78.87986114537097,Wardha,normal,statewide,73.12705278396606,1,7,CHIRPS Daily v2.0,Maharashtra,CHIRPS Rainfall
2020-07-29,2020-08-05,31.0,2020,P160,20.289186257444058,77.15404188735265,Washim,normal,statewide,60.05317401885986,1,7,CHIRPS Daily v2.0,Maharashtra,CHIRPS Rainfall
2020-07-29,2020-08-05,31.0,2020,P161,20.464607292886615,77.53975858757677,Washim,normal,statewide,52.93293619155884,1,7,CHIRPS Daily v2.0,Maharashtra,CHIRPS Rainfall
2020-07-29,2020-08-05,31.0,2020,P162,20.107393166596125,77.2471479173486,Washim,normal,statewide,56.51036834716797,1,7,CHIRPS Daily v2.0,Maharashtra,CHIRPS Rainfall
2020-07-29,2020-08-05,31.0,2020,P163,20.198885002010726,77.1527933390577,Washim,normal,statewide,56.34513998031616,1,7,CHIRPS Daily v2.0,Maharashtra,CHIRPS Rainfall
2020-07-29,2020-08-05,31.0,2020,P164,20.182854533723592,78.20447678161395,Yavatmal,normal,statewide,62.66060972213745,1,7,CHIRPS Daily v2.0,Maharashtra,CHIRPS Rainfall
2020-07-29,2020-08-05,31.0,2020,P165,19.894658373538324,79.05709703494229,Yavatmal,normal,statewide,109.27258396148682,1,7,CHIRPS Daily v2.0,Maharashtra,CHIRPS Rainfall
2020-07-29,2020-08-05,31.0,2020,P166,19.468787468327925,77.71426550730338,Yavatmal,normal,statewide,48.491114139556885,1,7,CHIRPS Daily v2.0,Maharashtra,CHIRPS Rainfall
2020-07-29,2020-08-05,31.0,2020,P167,19.559057510053886,77.71577268345945,Yavatmal,normal,statewide,50.77392292022705,1,7,CHIRPS Daily v2.0,Maharashtra,CHIRPS Rainfall
2020-08-05,2020-08-12,32.0,2020,P147,17.927231643141155,73.94769852026607,Satara,case_study,case_study,61.285194396972656,1,7,CHIRPS Daily v2.0,Maharashtra,CHIRPS Rainfall
2020-08-05,2020-08-12,32.0,2020,P061,18.507855650411397,76.91766048140843,Latur,high,priority,10.635007858276367,1,7,CHIRPS Daily v2.0,Maharashtra,CHIRPS Rainfall
2020-08-05,2020-08-12,32.0,2020,P062,18.422405896924207,76.3487594508077,Latur,high,priority,0.0,1,7,CHIRPS Daily v2.0,Maharashtra,CHIRPS Rainfall
2020-08-05,2020-08-12,32.0,2020,P063,18.235391198742693,77.05646783810116,Latur,high,priority,20.401470184326172,1,7,CHIRPS Daily v2.0,Maharashtra,CHIRPS Rainfall
2020-08-05,2020-08-12,32.0,2020,P064,18.193056493341274,76.77240080549139,Latur,high,priority,14.065971374511719,1,7,CHIRPS Daily v2.0,Maharashtra,CHIRPS Rainfall
2020-08-05,2020-08-12,32.0,2020,P065,18.331355512513895,76.44266811899327,Latur,high,priority,0.0,1,7,CHIRPS Daily v2.0,Maharashtra,CHIRPS Rainfall
2020-08-05,2020-08-12,32.0,2020,P066,18.104739537876725,76.5352970251765,Latur,high,priority,13.797975540161133,1,7,CHIRPS Daily v2.0,Maharashtra,CHIRPS Rainfall
2020-08-05,2020-08-12,32.0,2020,P067,18.280552974211986,77.0569984711265,Latur,high,priority,34.342437744140625,1,7,CHIRPS Daily v2.0,Maharashtra,CHIRPS Rainfall
2020-08-05,2020-08-12,32.0,2020,P068,18.101823285787773,76.86595720469373,Latur,high,priority,13.491937637329102,1,7,CHIRPS Daily v2.0,Maharashtra,CHIRPS Rainfall
2020-08-05,2020-08-12,32.0,2020,P069,18.595075667016793,77.20284228928156,Latur,high,priority,7.681241035461426,1,7,CHIRPS Daily v2.0,Maharashtra,CHIRPS Rainfall
2020-08-05,2020-08-12,32.0,2020,P070,18.41499041187233,77.15322587185987,Latur,high,priority,46.01376914978027,1,7,CHIRPS Daily v2.0,Maharashtra,CHIRPS Rainfall
2020-08-05,2020-08-12,32.0,2020,P071,18.149138807065885,76.63019561379593,Latur,high,priority,30.875849723815918,1,7,CHIRPS Daily v2.0,Maharashtra,CHIRPS Rainfall
2020-08-05,2020-08-12,32.0,2020,P072,18.283393421583035,76.77331492120734,Latur,high,priority,14.5430326461792,1,7,CHIRPS Daily v2.0,Maharashtra,CHIRPS Rainfall
2020-08-05,2020-08-12,32.0,2020,P073,17.966315663874607,76.86453029235662,Latur,high,priority,24.418012619018555,1,7,CHIRPS Daily v2.0,Maharashtra,CHIRPS Rainfall
2020-08-05,2020-08-12,32.0,2020,P074,18.50832831512306,76.870318205524,Latur,high,priority,10.772260665893555,1,7,CHIRPS Daily v2.0,Maharashtra,CHIRPS Rainfall
2020-08-05,2020-08-12,32.0,2020,P075,18.41444640154381,77.20053247493588,Latur,high,priority,34.97227096557617,1,7,CHIRPS Daily v2.0,Maharashtra,CHIRPS Rainfall
2020-08-05,2020-08-12,32.0,2020,P076,18.377877313804504,76.25376722106614,Latur,high,priority,12.428780555725098,1,7,CHIRPS Daily v2.0,Maharashtra,CHIRPS Rainfall
2020-08-05,2020-08-12,32.0,2020,P077,18.059564385104267,76.5349046242838,Latur,high,priority,16.037479877471924,1,7,CHIRPS Daily v2.0,Maharashtra,CHIRPS Rainfall
2020-08-05,2020-08-12,32.0,2020,P078,18.1008824154655,76.96042326051098,Latur,high,priority,15.964531898498535,1,7,CHIRPS Daily v2.0,Maharashtra,CHIRPS Rainfall
2020-08-05,2020-08-12,32.0,2020,P079,18.73508698099394,76.77797468180819,Latur,high,priority,9.236709594726562,1,7,CHIRPS Daily v2.0,Maharashtra,CHIRPS Rainfall
2020-08-05,2020-08-12,32.0,2020,P080,18.46791548227568,76.3017694439065,Latur,high,priority,0.0,1,7,CHIRPS Daily v2.0,Maharashtra,CHIRPS Rainfall
2020-08-05,2020-08-12,32.0,2020,P081,18.10355787609756,76.67701617485712,Latur,high,priority,13.98370361328125,1,7,CHIRPS Daily v2.0,Maharashtra,CHIRPS Rainfall
2020-08-05,2020-08-12,32.0,2020,P082,18.23907887531389,76.67830931416262,Latur,high,priority,14.466925621032715,1,7,CHIRPS Daily v2.0,Maharashtra,CHIRPS Rainfall
2020-08-05,2020-08-12,32.0,2020,P083,18.369289085175563,77.19996171000103,Latur,high,priority,32.790361404418945,1,7,CHIRPS Daily v2.0,Maharashtra,CHIRPS Rainfall
2020-08-05,2020-08-12,32.0,2020,P084,18.46362582706226,76.82249880582684,Latur,high,priority,10.2047700881958,1,7,CHIRPS Daily v2.0,Maharashtra,CHIRPS Rainfall
2020-08-05,2020-08-12,32.0,2020,P085,18.14788579966987,76.77194597718393,Latur,high,priority,14.532038450241089,1,7,CHIRPS Daily v2.0,Maharashtra,CHIRPS Rainfall
2020-08-05,2020-08-12,32.0,2020,P122,17.88145897082753,73.8441448165019,Satara,high,priority,60.32890319824219,1,7,CHIRPS Daily v2.0,Maharashtra,CHIRPS Rainfall
2020-08-05,2020-08-12,32.0,2020,P123,17.386414030975025,74.27088970551878,Satara,high,priority,56.37065505981445,1,7,CHIRPS Daily v2.0,Maharashtra,CHIRPS Rainfall
2020-08-05,2020-08-12,32.0,2020,P124,17.43262815429294,74.647353771057,Satara,high,priority,47.64847183227539,1,7,CHIRPS Daily v2.0,Maharashtra,CHIRPS Rainfall
2020-08-05,2020-08-12,32.0,2020,P125,17.56734651531964,74.31728219287884,Satara,high,priority,43.645782470703125,1,7,CHIRPS Daily v2.0,Maharashtra,CHIRPS Rainfall
2020-08-05,2020-08-12,32.0,2020,P126,17.205080227535593,74.13053949986157,Satara,high,priority,62.38421630859375,1,7,CHIRPS Daily v2.0,Maharashtra,CHIRPS Rainfall
2020-08-05,2020-08-12,32.0,2020,P127,17.65773249367299,74.31694330119876,Satara,high,priority,42.77151107788086,1,7,CHIRPS Daily v2.0,Maharashtra,CHIRPS Rainfall
2020-08-05,2020-08-12,32.0,2020,P128,18.019949731345452,74.5517328080669,Satara,high,priority,20.592445492744446,1,7,CHIRPS Daily v2.0,Maharashtra,CHIRPS Rainfall
2020-08-05,2020-08-12,32.0,2020,P129,18.063234225271252,74.03192648006461,Satara,high,priority,50.14719486236572,1,7,CHIRPS Daily v2.0,Maharashtra,CHIRPS Rainfall
2020-08-05,2020-08-12,32.0,2020,P130,17.61135784271715,74.03436560834085,Satara,high,priority,54.04812240600586,1,7,CHIRPS Daily v2.0,Maharashtra,CHIRPS Rainfall
2020-08-05,2020-08-12,32.0,2020,P131,17.612539504496315,74.3171127470388,Satara,high,priority,43.72940444946289,1,7,CHIRPS Daily v2.0,Maharashtra,CHIRPS Rainfall
2020-08-05,2020-08-12,32.0,2020,P132,17.702176353872684,74.12817617630324,Satara,high,priority,58.576229095458984,1,7,CHIRPS Daily v2.0,Maharashtra,CHIRPS Rainfall
2020-08-05,2020-08-12,32.0,2020,P133,17.25006363896275,74.08329532420031,Satara,high,priority,70.80632972717285,1,7,CHIRPS Daily v2.0,Maharashtra,CHIRPS Rainfall
2020-08-05,2020-08-12,32.0,2020,P134,17.476429903940936,74.17634784498362,Satara,high,priority,33.682007789611816,1,7,CHIRPS Daily v2.0,Maharashtra,CHIRPS Rainfall
2020-08-05,2020-08-12,32.0,2020,P135,17.882716437324603,74.0801070669471,Satara,high,priority,48.297828674316406,1,7,CHIRPS Daily v2.0,Maharashtra,CHIRPS Rainfall
2020-08-05,2020-08-12,32.0,2020,P136,17.928520323345598,74.22149178404871,Satara,high,priority,23.234560012817383,1,7,CHIRPS Daily v2.0,Maharashtra,CHIRPS Rainfall
2020-08-05,2020-08-12,32.0,2020,P137,17.746687100588183,73.98648378122894,Satara,high,priority,80.05484771728516,1,7,CHIRPS Daily v2.0,Maharashtra,CHIRPS Rainfall
2020-08-05,2020-08-12,32.0,2020,P138,17.61269557303319,74.36423652697161,Satara,high,priority,41.36859893798828,1,7,CHIRPS Daily v2.0,Maharashtra,CHIRPS Rainfall
2020-08-05,2020-08-12,32.0,2020,P139,17.656773786946495,74.08126197411994,Satara,high,priority,67.0950927734375,1,7,CHIRPS Daily v2.0,Maharashtra,CHIRPS Rainfall
2020-08-05,2020-08-12,32.0,2020,P140,17.97464080554139,74.50462240543725,Satara,high,priority,23.790818452835083,1,7,CHIRPS Daily v2.0,Maharashtra,CHIRPS Rainfall
2020-08-05,2020-08-12,32.0,2020,P141,17.430826677467348,74.08239904488856,Satara,high,priority,52.66943168640137,1,7,CHIRPS Daily v2.0,Maharashtra,CHIRPS Rainfall
2020-08-05,2020-08-12,32.0,2020,P142,18.064447100757786,74.31538707493111,Satara,high,priority,30.943154096603394,1,7,CHIRPS Daily v2.0,Maharashtra,CHIRPS Rainfall
2020-08-05,2020-08-12,32.0,2020,P143,17.70379500755509,74.6468275971327,Satara,high,priority,27.75629997253418,1,7,CHIRPS Daily v2.0,Maharashtra,CHIRPS Rainfall
2020-08-05,2020-08-12,32.0,2020,P144,17.929452275465767,74.50474726026674,Satara,high,priority,23.05544924736023,1,7,CHIRPS Daily v2.0,Maharashtra,CHIRPS Rainfall
2020-08-05,2020-08-12,32.0,2020,P145,17.47773196144854,74.60017202281048,Satara,high,priority,50.8962459564209,1,7,CHIRPS Daily v2.0,Maharashtra,CHIRPS Rainfall
2020-08-05,2020-08-12,32.0,2020,P146,17.839182233739812,74.55218763637436,Satara,high,priority,26.382841110229492,1,7,CHIRPS Daily v2.0,Maharashtra,CHIRPS Rainfall
2020-08-05,2020-08-12,32.0,2020,P001,19.940457800458272,74.57045211428928,Ahmednagar,normal,statewide,31.368515014648438,1,7,CHIRPS Daily v2.0,Maharashtra,CHIRPS Rainfall
2020-08-05,2020-08-12,32.0,2020,P002,18.946729294293643,74.76302285238339,Ahmednagar,normal,statewide,7.666082382202148,1,7,CHIRPS Daily v2.0,Maharashtra,CHIRPS Rainfall
2020-08-05,2020-08-12,32.0,2020,P003,18.49469238410162,74.66892244285252,Ahmednagar,normal,statewide,5.0979743003845215,1,7,CHIRPS Daily v2.0,Maharashtra,CHIRPS Rainfall
2020-08-05,2020-08-12,32.0,2020,P004,19.03720445466806,75.1420731965326,Ahmednagar,normal,statewide,1.365026593208313,1,7,CHIRPS Daily v2.0,Maharashtra,CHIRPS Rainfall
2020-08-05,2020-08-12,32.0,2020,P005,20.832153156317954,77.06560453615967,Akola,normal,statewide,22.096144437789917,1,7,CHIRPS Daily v2.0,Maharashtra,CHIRPS Rainfall
2020-08-05,2020-08-12,32.0,2020,P006,20.834360411339407,76.87349308547405,Akola,normal,statewide,20.93851113319397,1,7,CHIRPS Daily v2.0,Maharashtra,CHIRPS Rainfall
2020-08-05,2020-08-12,32.0,2020,P007,21.014976299509232,76.87574047240498,Akola,normal,statewide,20.28849744796753,1,7,CHIRPS Daily v2.0,Maharashtra,CHIRPS Rainfall
2020-08-05,2020-08-12,32.0,2020,P008,20.828434266039377,77.35372489162701,Akola,normal,statewide,32.292967319488525,1,7,CHIRPS Daily v2.0,Maharashtra,CHIRPS Rainfall
2020-08-05,2020-08-12,32.0,2020,P009,21.360971327549258,77.94039543992572,Amravati,normal,statewide,79.163649559021,1,7,CHIRPS Daily v2.0,Maharashtra,CHIRPS Rainfall
2020-08-05,2020-08-12,32.0,2020,P010,21.178803672212837,78.03301542790685,Amravati,normal,statewide,52.63262319564819,1,7,CHIRPS Daily v2.0,Maharashtra,CHIRPS Rainfall
2020-08-05,2020-08-12,32.0,2020,P011,20.814388097721018,78.21764450702477,Amravati,normal,statewide,64.56176280975342,1,7,CHIRPS Daily v2.0,Maharashtra,CHIRPS Rainfall
2020-08-05,2020-08-12,32.0,2020,P012,21.180502589714195,77.93681032267875,Amravati,normal,statewide,46.89453363418579,1,7,CHIRPS Daily v2.0,Maharashtra,CHIRPS Rainfall
2020-08-05,2020-08-12,32.0,2020,P013,20.031289688916964,74.8570519162974,Aurangabad,normal,statewide,17.833850383758545,1,7,CHIRPS Daily v2.0,Maharashtra,CHIRPS Rainfall
2020-08-05,2020-08-12,32.0,2020,P014,19.760185263069562,75.14270192978114,Aurangabad,normal,statewide,25.593924045562744,1,7,CHIRPS Daily v2.0,Maharashtra,CHIRPS Rainfall
2020-08-05,2020-08-12,32.0,2020,P015,19.9408189876436,74.76157364454102,Aurangabad,normal,statewide,14.80213451385498,1,7,CHIRPS Daily v2.0,Maharashtra,CHIRPS Rainfall
2020-08-05,2020-08-12,32.0,2020,P016,19.66981712112043,75.14262166596218,Aurangabad,normal,statewide,20.306047916412354,1,7,CHIRPS Daily v2.0,Maharashtra,CHIRPS Rainfall
2020-08-05,2020-08-12,32.0,2020,P017,21.04613203856966,79.85576216552393,Bhandara,normal,statewide,106.81351375579834,1,7,CHIRPS Daily v2.0,Maharashtra,CHIRPS Rainfall
2020-08-05,2020-08-12,32.0,2020,P018,21.31897105472685,79.76852877161537,Bhandara,normal,statewide,88.88018608093262,1,7,CHIRPS Daily v2.0,Maharashtra,CHIRPS Rainfall
2020-08-05,2020-08-12,32.0,2020,P019,21.40900922319803,79.77144948280537,Bhandara,normal,statewide,93.10256099700928,1,7,CHIRPS Daily v2.0,Maharashtra,CHIRPS Rainfall
2020-08-05,2020-08-12,32.0,2020,P020,21.144196588937042,79.57074980349083,Bhandara,normal,statewide,132.36216163635254,1,7,CHIRPS Daily v2.0,Maharashtra,CHIRPS Rainfall
2020-08-05,2020-08-12,32.0,2020,P021,18.67502288980403,75.52108340877234,Bid,normal,statewide,4.2626793384552,1,7,CHIRPS Daily v2.0,Maharashtra,CHIRPS Rainfall
2020-08-05,2020-08-12,32.0,2020,P022,18.856499384477168,75.04699178476999,Bid,normal,statewide,2.875567674636841,1,7,CHIRPS Daily v2.0,Maharashtra,CHIRPS Rainfall
2020-08-05,2020-08-12,32.0,2020,P023,19.126596053486494,75.6175605191647,Bid,normal,statewide,3.7327470779418945,1,7,CHIRPS Daily v2.0,Maharashtra,CHIRPS Rainfall
2020-08-05,2020-08-12,32.0,2020,P024,18.763955201213946,75.90084720909012,Bid,normal,statewide,0.0,1,7,CHIRPS Daily v2.0,Maharashtra,CHIRPS Rainfall
2020-08-05,2020-08-12,32.0,2020,P025,20.93073496240753,76.20164478885242,Buldana,normal,statewide,22.915273666381836,1,7,CHIRPS Daily v2.0,Maharashtra,CHIRPS Rainfall
2020-08-05,2020-08-12,32.0,2020,P026,20.838939908121294,76.39311412898633,Buldana,normal,statewide,18.713444232940674,1,7,CHIRPS Daily v2.0,Maharashtra,CHIRPS Rainfall
2020-08-05,2020-08-12,32.0,2020,P027,20.657476790751314,76.48742857536776,Buldana,normal,statewide,18.392504692077637,1,7,CHIRPS Daily v2.0,Maharashtra,CHIRPS Rainfall
2020-08-05,2020-08-12,32.0,2020,P028,20.47967013624516,76.10222021266374,Buldana,normal,statewide,19.360334396362305,1,7,CHIRPS Daily v2.0,Maharashtra,CHIRPS Rainfall
2020-08-05,2020-08-12,32.0,2020,P029,20.32317798477448,79.92829390325927,Chandrapur,normal,statewide,78.72676372528076,1,7,CHIRPS Daily v2.0,Maharashtra,CHIRPS Rainfall
2020-08-05,2020-08-12,32.0,2020,P030,20.60872097983294,79.36304041732026,Chandrapur,normal,statewide,87.9828610420227,1,7,CHIRPS Daily v2.0,Maharashtra,CHIRPS Rainfall
2020-08-05,2020-08-12,32.0,2020,P031,20.511160307884595,79.64732594588165,Chandrapur,normal,statewide,92.4785623550415,1,7,CHIRPS Daily v2.0,Maharashtra,CHIRPS Rainfall
2020-08-05,2020-08-12,32.0,2020,P032,20.598621115946884,79.74569817422172,Chandrapur,normal,statewide,89.62940120697021,1,7,CHIRPS Daily v2.0,Maharashtra,CHIRPS Rainfall
2020-08-05,2020-08-12,32.0,2020,P033,21.38667804512237,75.14422248324037,Dhule,normal,statewide,15.57168960571289,1,7,CHIRPS Daily v2.0,Maharashtra,CHIRPS Rainfall
2020-08-05,2020-08-12,32.0,2020,P034,21.025151968113196,74.75989256344387,Dhule,normal,statewide,14.494369506835938,1,7,CHIRPS Daily v2.0,Maharashtra,CHIRPS Rainfall
2020-08-05,2020-08-12,32.0,2020,P035,21.477028350667293,74.85568743137505,Dhule,normal,statewide,19.358925819396973,1,7,CHIRPS Daily v2.0,Maharashtra,CHIRPS Rainfall
2020-08-05,2020-08-12,32.0,2020,P036,20.933820660336515,74.37533522949364,Dhule,normal,statewide,19.94605827331543,1,7,CHIRPS Daily v2.0,Maharashtra,CHIRPS Rainfall
2020-08-05,2020-08-12,32.0,2020,P037,19.963056524597132,79.91698116388667,Garhchiroli,normal,statewide,125.07210540771484,1,7,CHIRPS Daily v2.0,Maharashtra,CHIRPS Rainfall
2020-08-05,2020-08-12,32.0,2020,P038,19.062661462582188,79.88977172925856,Garhchiroli,normal,statewide,90.4535026550293,1,7,CHIRPS Daily v2.0,Maharashtra,CHIRPS Rainfall
2020-08-05,2020-08-12,32.0,2020,P039,19.510270485428137,79.9981368030594,Garhchiroli,normal,statewide,129.1942901611328,1,7,CHIRPS Daily v2.0,Maharashtra,CHIRPS Rainfall
2020-08-05,2020-08-12,32.0,2020,P040,19.870365190999156,80.00935144220881,Garhchiroli,normal,statewide,94.1629285812378,1,7,CHIRPS Daily v2.0,Maharashtra,CHIRPS Rainfall
2020-08-05,2020-08-12,32.0,2020,P041,21.127639946725598,80.1465044724107,Gondiya,normal,statewide,78.87017917633057,1,7,CHIRPS Daily v2.0,Maharashtra,CHIRPS Rainfall
2020-08-05,2020-08-12,32.0,2020,P042,21.397598383602258,80.15591763473452,Gondiya,normal,statewide,69.33331871032715,1,7,CHIRPS Daily v2.0,Maharashtra,CHIRPS Rainfall
2020-08-05,2020-08-12,32.0,2020,P043,21.574548890706154,80.25847249986273,Gondiya,normal,statewide,29.18400526046753,1,7,CHIRPS Daily v2.0,Maharashtra,CHIRPS Rainfall
2020-08-05,2020-08-12,32.0,2020,P044,21.211649410572516,80.34153217518526,Gondiya,normal,statewide,70.39217472076416,1,7,CHIRPS Daily v2.0,Maharashtra,CHIRPS Rainfall
2020-08-05,2020-08-12,32.0,2020,P045,19.655900266732623,77.2407892392464,Hingoli,normal,statewide,40.7139458656311,1,7,CHIRPS Daily v2.0,Maharashtra,CHIRPS Rainfall
2020-08-05,2020-08-12,32.0,2020,P046,19.566758377573187,77.1442675378435,Hingoli,normal,statewide,30.528837203979492,1,7,CHIRPS Daily v2.0,Maharashtra,CHIRPS Rainfall
2020-08-05,2020-08-12,32.0,2020,P047,19.47860194974656,76.9526242927685,Hingoli,normal,statewide,31.534339904785156,1,7,CHIRPS Daily v2.0,Maharashtra,CHIRPS Rainfall
2020-08-05,2020-08-12,32.0,2020,P048,19.927981235710728,77.14910120338544,Hingoli,normal,statewide,28.52826690673828,1,7,CHIRPS Daily v2.0,Maharashtra,CHIRPS Rainfall
2020-08-05,2020-08-12,32.0,2020,P049,21.292738163229433,76.10816865346904,Jalgaon,normal,statewide,50.460909843444824,1,7,CHIRPS Daily v2.0,Maharashtra,CHIRPS Rainfall
2020-08-05,2020-08-12,32.0,2020,P050,21.386178625804387,75.43363151891216,Jalgaon,normal,statewide,43.27768898010254,1,7,CHIRPS Daily v2.0,Maharashtra,CHIRPS Rainfall
2020-08-05,2020-08-12,32.0,2020,P051,21.112064306745907,76.10682200495089,Jalgaon,normal,statewide,26.840564727783203,1,7,CHIRPS Daily v2.0,Maharashtra,CHIRPS Rainfall
2020-08-05,2020-08-12,32.0,2020,P052,20.844437979720194,75.23982115072519,Jalgaon,normal,statewide,7.280552864074707,1,7,CHIRPS Daily v2.0,Maharashtra,CHIRPS Rainfall
2020-08-05,2020-08-12,32.0,2020,P053,19.486369703781666,76.00005328932718,Jalna,normal,statewide,14.211796760559082,1,7,CHIRPS Daily v2.0,Maharashtra,CHIRPS Rainfall
2020-08-05,2020-08-12,32.0,2020,P054,20.028502750758555,76.00343774702675,Jalna,normal,statewide,40.23126983642578,1,7,CHIRPS Daily v2.0,Maharashtra,CHIRPS Rainfall
2020-08-05,2020-08-12,32.0,2020,P055,19.75743845682064,76.00172991132328,Jalna,normal,statewide,32.659164905548096,1,7,CHIRPS Daily v2.0,Maharashtra,CHIRPS Rainfall
2020-08-05,2020-08-12,32.0,2020,P056,19.57768317515413,75.80993951591351,Jalna,normal,statewide,16.32591438293457,1,7,CHIRPS Daily v2.0,Maharashtra,CHIRPS Rainfall
2020-08-05,2020-08-12,32.0,2020,P057,16.776377793156257,74.29671235971928,Kolhapur,normal,statewide,65.04925346374512,1,7,CHIRPS Daily v2.0,Maharashtra,CHIRPS Rainfall
2020-08-05,2020-08-12,32.0,2020,P058,16.324416687682138,74.29834884980589,Kolhapur,normal,statewide,85.85467529296875,1,7,CHIRPS Daily v2.0,Maharashtra,CHIRPS Rainfall
2020-08-05,2020-08-12,32.0,2020,P059,16.595891218916975,74.39111598812178,Kolhapur,normal,statewide,34.29926300048828,1,7,CHIRPS Daily v2.0,Maharashtra,CHIRPS Rainfall
2020-08-05,2020-08-12,32.0,2020,P060,16.414811584237594,74.29802779453004,Kolhapur,normal,statewide,88.75000762939453,1,7,CHIRPS Daily v2.0,Maharashtra,CHIRPS Rainfall
2020-08-05,2020-08-12,32.0,2020,P086,21.054127206758487,79.56798961993874,Nagpur,normal,statewide,129.88694763183594,1,7,CHIRPS Daily v2.0,Maharashtra,CHIRPS Rainfall
2020-08-05,2020-08-12,32.0,2020,P087,21.146765031143822,79.47473643960802,Nagpur,normal,statewide,114.89495468139648,1,7,CHIRPS Daily v2.0,Maharashtra,CHIRPS Rainfall
2020-08-05,2020-08-12,32.0,2020,P088,21.347803602138427,78.61442869606356,Nagpur,normal,statewide,99.7534646987915,1,7,CHIRPS Daily v2.0,Maharashtra,CHIRPS Rainfall
2020-08-05,2020-08-12,32.0,2020,P089,21.165377318940912,78.70615240473293,Nagpur,normal,statewide,89.4632740020752,1,7,CHIRPS Daily v2.0,Maharashtra,CHIRPS Rainfall
2020-08-05,2020-08-12,32.0,2020,P090,19.201968238592887,77.42470040309472,Nanded,normal,statewide,30.301990509033203,1,7,CHIRPS Daily v2.0,Maharashtra,CHIRPS Rainfall
2020-08-05,2020-08-12,32.0,2020,P091,18.566038000956755,77.69963965584807,Nanded,normal,statewide,27.1935453414917,1,7,CHIRPS Daily v2.0,Maharashtra,CHIRPS Rainfall
2020-08-05,2020-08-12,32.0,2020,P092,19.736596618496833,77.90946265591798,Nanded,normal,statewide,92.22765731811523,1,7,CHIRPS Daily v2.0,Maharashtra,CHIRPS Rainfall
2020-08-05,2020-08-12,32.0,2020,P093,18.93564842817583,77.04115528508362,Nanded,normal,statewide,32.63381862640381,1,7,CHIRPS Daily v2.0,Maharashtra,CHIRPS Rainfall
2020-08-05,2020-08-12,32.0,2020,P094,21.564917232430716,74.08292967791392,Nandurbar,normal,statewide,46.685428619384766,1,7,CHIRPS Daily v2.0,Maharashtra,CHIRPS Rainfall
2020-08-05,2020-08-12,32.0,2020,P095,21.5662594218478,74.37266422796263,Nandurbar,normal,statewide,28.625864028930664,1,7,CHIRPS Daily v2.0,Maharashtra,CHIRPS Rainfall
2020-08-05,2020-08-12,32.0,2020,P096,21.385179787168415,74.27697637845674,Nandurbar,normal,statewide,43.732831954956055,1,7,CHIRPS Daily v2.0,Maharashtra,CHIRPS Rainfall
2020-08-05,2020-08-12,32.0,2020,P097,21.565421110849755,74.17950488852946,Nandurbar,normal,statewide,27.42649745941162,1,7,CHIRPS Daily v2.0,Maharashtra,CHIRPS Rainfall
2020-08-05,2020-08-12,32.0,2020,P098,20.299553667393326,73.99482675929994,Nashik,normal,statewide,3.6952085494995117,1,7,CHIRPS Daily v2.0,Maharashtra,CHIRPS Rainfall
2020-08-05,2020-08-12,32.0,2020,P099,20.120253214034264,74.28296495117151,Nashik,normal,statewide,20.641704559326172,1,7,CHIRPS Daily v2.0,Maharashtra,CHIRPS Rainfall
2020-08-05,2020-08-12,32.0,2020,P100,20.389903972938242,73.99424261706194,Nashik,normal,statewide,4.86238956451416,1,7,CHIRPS Daily v2.0,Maharashtra,CHIRPS Rainfall
2020-08-05,2020-08-12,32.0,2020,P101,20.029015547379707,74.09216447619562,Nashik,normal,statewide,20.490467071533203,1,7,CHIRPS Daily v2.0,Maharashtra,CHIRPS Rainfall
2020-08-05,2020-08-12,32.0,2020,P102,17.85749130266526,76.36802722645965,Osmanabad,normal,statewide,17.60725975036621,1,7,CHIRPS Daily v2.0,Maharashtra,CHIRPS Rainfall
2020-08-05,2020-08-12,32.0,2020,P103,17.76644983645705,76.46164605307673,Osmanabad,normal,statewide,31.162174224853516,1,7,CHIRPS Daily v2.0,Maharashtra,CHIRPS Rainfall
2020-08-05,2020-08-12,32.0,2020,P104,17.949094615606196,76.17989775301476,Osmanabad,normal,statewide,24.236658096313477,1,7,CHIRPS Daily v2.0,Maharashtra,CHIRPS Rainfall
2020-08-05,2020-08-12,32.0,2020,P105,18.584360447185368,75.61558067829696,Osmanabad,normal,statewide,9.029296875,1,7,CHIRPS Daily v2.0,Maharashtra,CHIRPS Rainfall
2020-08-05,2020-08-12,32.0,2020,P106,19.031389786894366,76.47235681380711,Parbhani,normal,statewide,16.382583618164062,1,7,CHIRPS Daily v2.0,Maharashtra,CHIRPS Rainfall
2020-08-05,2020-08-12,32.0,2020,P107,19.120950831552832,76.56820519095093,Parbhani,normal,statewide,0.0,1,7,CHIRPS Daily v2.0,Maharashtra,CHIRPS Rainfall
2020-08-05,2020-08-12,32.0,2020,P108,19.208625676465683,76.85432786914635,Parbhani,normal,statewide,25.152578353881836,1,7,CHIRPS Daily v2.0,Maharashtra,CHIRPS Rainfall
2020-08-05,2020-08-12,32.0,2020,P109,19.212081479782103,76.47396209018636,Parbhani,normal,statewide,12.02103877067566,1,7,CHIRPS Daily v2.0,Maharashtra,CHIRPS Rainfall
2020-08-05,2020-08-12,32.0,2020,P110,18.133442771357757,75.04679558432363,Pune,normal,statewide,9.336284637451172,1,7,CHIRPS Daily v2.0,Maharashtra,CHIRPS Rainfall
2020-08-05,2020-08-12,32.0,2020,P111,18.584645829652782,74.47919215212944,Pune,normal,statewide,5.327124118804932,1,7,CHIRPS Daily v2.0,Maharashtra,CHIRPS Rainfall
2020-08-05,2020-08-12,32.0,2020,P112,18.132979024848197,74.57507620208169,Pune,normal,statewide,15.10384213924408,1,7,CHIRPS Daily v2.0,Maharashtra,CHIRPS Rainfall
2020-08-05,2020-08-12,32.0,2020,P113,18.314072036830744,74.76389683618987,Pune,normal,statewide,13.59779143333435,1,7,CHIRPS Daily v2.0,Maharashtra,CHIRPS Rainfall
2020-08-05,2020-08-12,32.0,2020,P114,18.48503397121986,73.0589238755964,Raigarh,normal,statewide,116.60946273803711,1,7,CHIRPS Daily v2.0,Maharashtra,CHIRPS Rainfall
2020-08-05,2020-08-12,32.0,2020,P115,18.665689991299164,73.05687714821288,Raigarh,normal,statewide,130.8202247619629,1,7,CHIRPS Daily v2.0,Maharashtra,CHIRPS Rainfall
2020-08-05,2020-08-12,32.0,2020,P116,18.306197264370358,73.25009891506079,Raigarh,normal,statewide,57.26252365112305,1,7,CHIRPS Daily v2.0,Maharashtra,CHIRPS Rainfall
2020-08-05,2020-08-12,32.0,2020,P117,18.21404102289879,73.06194714611064,Raigarh,normal,statewide,107.2712516784668,1,7,CHIRPS Daily v2.0,Maharashtra,CHIRPS Rainfall
2020-08-05,2020-08-12,32.0,2020,P118,17.138719885658215,75.42259970290594,Sangli,normal,statewide,9.892901420593262,1,7,CHIRPS Daily v2.0,Maharashtra,CHIRPS Rainfall
2020-08-05,2020-08-12,32.0,2020,P119,17.048761981005992,74.95348443567921,Sangli,normal,statewide,20.440179347991943,1,7,CHIRPS Daily v2.0,Maharashtra,CHIRPS Rainfall
2020-08-05,2020-08-12,32.0,2020,P120,16.86707144948229,74.39025538161847,Sangli,normal,statewide,43.503891468048096,1,7,CHIRPS Daily v2.0,Maharashtra,CHIRPS Rainfall
2020-08-05,2020-08-12,32.0,2020,P121,17.048503353144895,74.67157114887826,Sangli,normal,statewide,29.818081855773926,1,7,CHIRPS Daily v2.0,Maharashtra,CHIRPS Rainfall
2020-08-05,2020-08-12,32.0,2020,P148,17.67852974098626,76.08383979812143,Solapur,normal,statewide,35.91244411468506,1,7,CHIRPS Daily v2.0,Maharashtra,CHIRPS Rainfall
2020-08-05,2020-08-12,32.0,2020,P149,18.223365003201543,75.4251413905064,Solapur,normal,statewide,17.25833535194397,1,7,CHIRPS Daily v2.0,Maharashtra,CHIRPS Rainfall
2020-08-05,2020-08-12,32.0,2020,P150,17.952532582518405,75.23562067753285,Solapur,normal,statewide,15.027790784835815,1,7,CHIRPS Daily v2.0,Maharashtra,CHIRPS Rainfall
2020-08-05,2020-08-12,32.0,2020,P151,18.223690517578447,75.23598186471818,Solapur,normal,statewide,14.499977827072144,1,7,CHIRPS Daily v2.0,Maharashtra,CHIRPS Rainfall
2020-08-05,2020-08-12,32.0,2020,P152,19.658178867370932,72.94986318203122,Thane,normal,statewide,63.09292221069336,1,7,CHIRPS Daily v2.0,Maharashtra,CHIRPS Rainfall
2020-08-05,2020-08-12,32.0,2020,P153,19.65706409210757,72.8545320606096,Thane,normal,statewide,71.5170669555664,1,7,CHIRPS Daily v2.0,Maharashtra,CHIRPS Rainfall
2020-08-05,2020-08-12,32.0,2020,P154,19.477549601897948,72.95214624177059,Thane,normal,statewide,141.87197875976562,1,7,CHIRPS Daily v2.0,Maharashtra,CHIRPS Rainfall
2020-08-05,2020-08-12,32.0,2020,P155,19.83987385799569,73.0429959666335,Thane,normal,statewide,130.29486465454102,1,7,CHIRPS Daily v2.0,Maharashtra,CHIRPS Rainfall
2020-08-05,2020-08-12,32.0,2020,P156,20.806749657616468,78.60135461177485,Wardha,normal,statewide,88.44012928009033,1,7,CHIRPS Daily v2.0,Maharashtra,CHIRPS Rainfall
2020-08-05,2020-08-12,32.0,2020,P157,20.71031267913359,78.88671032458906,Wardha,normal,statewide,75.29615354537964,1,7,CHIRPS Daily v2.0,Maharashtra,CHIRPS Rainfall
2020-08-05,2020-08-12,32.0,2020,P158,21.081265295769754,78.41565980750515,Wardha,normal,statewide,78.85547542572021,1,7,CHIRPS Daily v2.0,Maharashtra,CHIRPS Rainfall
2020-08-05,2020-08-12,32.0,2020,P159,20.439854822938944,78.87986114537097,Wardha,normal,statewide,68.2332820892334,1,7,CHIRPS Daily v2.0,Maharashtra,CHIRPS Rainfall
2020-08-05,2020-08-12,32.0,2020,P160,20.289186257444058,77.15404188735265,Washim,normal,statewide,20.083768844604492,1,7,CHIRPS Daily v2.0,Maharashtra,CHIRPS Rainfall
2020-08-05,2020-08-12,32.0,2020,P161,20.464607292886615,77.53975858757677,Washim,normal,statewide,28.996790885925293,1,7,CHIRPS Daily v2.0,Maharashtra,CHIRPS Rainfall
2020-08-05,2020-08-12,32.0,2020,P162,20.107393166596125,77.2471479173486,Washim,normal,statewide,32.74020433425903,1,7,CHIRPS Daily v2.0,Maharashtra,CHIRPS Rainfall
2020-08-05,2020-08-12,32.0,2020,P163,20.198885002010726,77.1527933390577,Washim,normal,statewide,28.136220932006836,1,7,CHIRPS Daily v2.0,Maharashtra,CHIRPS Rainfall
2020-08-05,2020-08-12,32.0,2020,P164,20.182854533723592,78.20447678161395,Yavatmal,normal,statewide,59.93045616149902,1,7,CHIRPS Daily v2.0,Maharashtra,CHIRPS Rainfall
2020-08-05,2020-08-12,32.0,2020,P165,19.894658373538324,79.05709703494229,Yavatmal,normal,statewide,98.35851192474365,1,7,CHIRPS Daily v2.0,Maharashtra,CHIRPS Rainfall
2020-08-05,2020-08-12,32.0,2020,P166,19.468787468327925,77.71426550730338,Yavatmal,normal,statewide,62.774832248687744,1,7,CHIRPS Daily v2.0,Maharashtra,CHIRPS Rainfall
2020-08-05,2020-08-12,32.0,2020,P167,19.559057510053886,77.71577268345945,Yavatmal,normal,statewide,48.76314163208008,1,7,CHIRPS Daily v2.0,Maharashtra,CHIRPS Rainfall
2020-08-12,2020-08-19,33.0,2020,P147,17.927231643141155,73.94769852026607,Satara,case_study,case_study,165.08968353271484,1,7,CHIRPS Daily v2.0,Maharashtra,CHIRPS Rainfall
2020-08-12,2020-08-19,33.0,2020,P061,18.507855650411397,76.91766048140843,Latur,high,priority,90.9287748336792,1,7,CHIRPS Daily v2.0,Maharashtra,CHIRPS Rainfall
2020-08-12,2020-08-19,33.0,2020,P062,18.422405896924207,76.3487594508077,Latur,high,priority,79.89632034301758,1,7,CHIRPS Daily v2.0,Maharashtra,CHIRPS Rainfall
2020-08-12,2020-08-19,33.0,2020,P063,18.235391198742693,77.05646783810116,Latur,high,priority,108.03739547729492,1,7,CHIRPS Daily v2.0,Maharashtra,CHIRPS Rainfall
2020-08-12,2020-08-19,33.0,2020,P064,18.193056493341274,76.77240080549139,Latur,high,priority,85.38147354125977,1,7,CHIRPS Daily v2.0,Maharashtra,CHIRPS Rainfall
2020-08-12,2020-08-19,33.0,2020,P065,18.331355512513895,76.44266811899327,Latur,high,priority,77.208984375,1,7,CHIRPS Daily v2.0,Maharashtra,CHIRPS Rainfall
2020-08-12,2020-08-19,33.0,2020,P066,18.104739537876725,76.5352970251765,Latur,high,priority,64.74656915664673,1,7,CHIRPS Daily v2.0,Maharashtra,CHIRPS Rainfall
2020-08-12,2020-08-19,33.0,2020,P067,18.280552974211986,77.0569984711265,Latur,high,priority,78.21742630004883,1,7,CHIRPS Daily v2.0,Maharashtra,CHIRPS Rainfall
2020-08-12,2020-08-19,33.0,2020,P068,18.101823285787773,76.86595720469373,Latur,high,priority,77.25298404693604,1,7,CHIRPS Daily v2.0,Maharashtra,CHIRPS Rainfall
2020-08-12,2020-08-19,33.0,2020,P069,18.595075667016793,77.20284228928156,Latur,high,priority,92.54662322998047,1,7,CHIRPS Daily v2.0,Maharashtra,CHIRPS Rainfall
2020-08-12,2020-08-19,33.0,2020,P070,18.41499041187233,77.15322587185987,Latur,high,priority,66.986328125,1,7,CHIRPS Daily v2.0,Maharashtra,CHIRPS Rainfall
2020-08-12,2020-08-19,33.0,2020,P071,18.149138807065885,76.63019561379593,Latur,high,priority,70.51526641845703,1,7,CHIRPS Daily v2.0,Maharashtra,CHIRPS Rainfall
2020-08-12,2020-08-19,33.0,2020,P072,18.283393421583035,76.77331492120734,Latur,high,priority,72.4662857055664,1,7,CHIRPS Daily v2.0,Maharashtra,CHIRPS Rainfall
2020-08-12,2020-08-19,33.0,2020,P073,17.966315663874607,76.86453029235662,Latur,high,priority,76.46415710449219,1,7,CHIRPS Daily v2.0,Maharashtra,CHIRPS Rainfall
2020-08-12,2020-08-19,33.0,2020,P074,18.50832831512306,76.870318205524,Latur,high,priority,89.69836473464966,1,7,CHIRPS Daily v2.0,Maharashtra,CHIRPS Rainfall
2020-08-12,2020-08-19,33.0,2020,P075,18.41444640154381,77.20053247493588,Latur,high,priority,72.37138271331787,1,7,CHIRPS Daily v2.0,Maharashtra,CHIRPS Rainfall
2020-08-12,2020-08-19,33.0,2020,P076,18.377877313804504,76.25376722106614,Latur,high,priority,68.17726421356201,1,7,CHIRPS Daily v2.0,Maharashtra,CHIRPS Rainfall
2020-08-12,2020-08-19,33.0,2020,P077,18.059564385104267,76.5349046242838,Latur,high,priority,74.29324436187744,1,7,CHIRPS Daily v2.0,Maharashtra,CHIRPS Rainfall
2020-08-12,2020-08-19,33.0,2020,P078,18.1008824154655,76.96042326051098,Latur,high,priority,77.2882308959961,1,7,CHIRPS Daily v2.0,Maharashtra,CHIRPS Rainfall
2020-08-12,2020-08-19,33.0,2020,P079,18.73508698099394,76.77797468180819,Latur,high,priority,74.05735397338867,1,7,CHIRPS Daily v2.0,Maharashtra,CHIRPS Rainfall
2020-08-12,2020-08-19,33.0,2020,P080,18.46791548227568,76.3017694439065,Latur,high,priority,72.97049045562744,1,7,CHIRPS Daily v2.0,Maharashtra,CHIRPS Rainfall
2020-08-12,2020-08-19,33.0,2020,P081,18.10355787609756,76.67701617485712,Latur,high,priority,72.05784511566162,1,7,CHIRPS Daily v2.0,Maharashtra,CHIRPS Rainfall
2020-08-12,2020-08-19,33.0,2020,P082,18.23907887531389,76.67830931416262,Latur,high,priority,64.28036212921143,1,7,CHIRPS Daily v2.0,Maharashtra,CHIRPS Rainfall
2020-08-12,2020-08-19,33.0,2020,P083,18.369289085175563,77.19996171000103,Latur,high,priority,69.84302616119385,1,7,CHIRPS Daily v2.0,Maharashtra,CHIRPS Rainfall
2020-08-12,2020-08-19,33.0,2020,P084,18.46362582706226,76.82249880582684,Latur,high,priority,84.96487617492676,1,7,CHIRPS Daily v2.0,Maharashtra,CHIRPS Rainfall
2020-08-12,2020-08-19,33.0,2020,P085,18.14788579966987,76.77194597718393,Latur,high,priority,78.49155712127686,1,7,CHIRPS Daily v2.0,Maharashtra,CHIRPS Rainfall
2020-08-12,2020-08-19,33.0,2020,P122,17.88145897082753,73.8441448165019,Satara,high,priority,148.7282886505127,1,7,CHIRPS Daily v2.0,Maharashtra,CHIRPS Rainfall
2020-08-12,2020-08-19,33.0,2020,P123,17.386414030975025,74.27088970551878,Satara,high,priority,70.31587314605713,1,7,CHIRPS Daily v2.0,Maharashtra,CHIRPS Rainfall
2020-08-12,2020-08-19,33.0,2020,P124,17.43262815429294,74.647353771057,Satara,high,priority,54.33235740661621,1,7,CHIRPS Daily v2.0,Maharashtra,CHIRPS Rainfall
2020-08-12,2020-08-19,33.0,2020,P125,17.56734651531964,74.31728219287884,Satara,high,priority,53.01694107055664,1,7,CHIRPS Daily v2.0,Maharashtra,CHIRPS Rainfall
2020-08-12,2020-08-19,33.0,2020,P126,17.205080227535593,74.13053949986157,Satara,high,priority,89.63302993774414,1,7,CHIRPS Daily v2.0,Maharashtra,CHIRPS Rainfall
2020-08-12,2020-08-19,33.0,2020,P127,17.65773249367299,74.31694330119876,Satara,high,priority,74.58947849273682,1,7,CHIRPS Daily v2.0,Maharashtra,CHIRPS Rainfall
2020-08-12,2020-08-19,33.0,2020,P128,18.019949731345452,74.5517328080669,Satara,high,priority,45.207133293151855,1,7,CHIRPS Daily v2.0,Maharashtra,CHIRPS Rainfall
2020-08-12,2020-08-19,33.0,2020,P129,18.063234225271252,74.03192648006461,Satara,high,priority,122.70088768005371,1,7,CHIRPS Daily v2.0,Maharashtra,CHIRPS Rainfall
2020-08-12,2020-08-19,33.0,2020,P130,17.61135784271715,74.03436560834085,Satara,high,priority,118.46986198425293,1,7,CHIRPS Daily v2.0,Maharashtra,CHIRPS Rainfall
2020-08-12,2020-08-19,33.0,2020,P131,17.612539504496315,74.3171127470388,Satara,high,priority,74.18740653991699,1,7,CHIRPS Daily v2.0,Maharashtra,CHIRPS Rainfall
2020-08-12,2020-08-19,33.0,2020,P132,17.702176353872684,74.12817617630324,Satara,high,priority,96.71313858032227,1,7,CHIRPS Daily v2.0,Maharashtra,CHIRPS Rainfall
2020-08-12,2020-08-19,33.0,2020,P133,17.25006363896275,74.08329532420031,Satara,high,priority,98.6098575592041,1,7,CHIRPS Daily v2.0,Maharashtra,CHIRPS Rainfall
2020-08-12,2020-08-19,33.0,2020,P134,17.476429903940936,74.17634784498362,Satara,high,priority,44.84233808517456,1,7,CHIRPS Daily v2.0,Maharashtra,CHIRPS Rainfall
2020-08-12,2020-08-19,33.0,2020,P135,17.882716437324603,74.0801070669471,Satara,high,priority,110.0587387084961,1,7,CHIRPS Daily v2.0,Maharashtra,CHIRPS Rainfall
2020-08-12,2020-08-19,33.0,2020,P136,17.928520323345598,74.22149178404871,Satara,high,priority,63.48368215560913,1,7,CHIRPS Daily v2.0,Maharashtra,CHIRPS Rainfall
2020-08-12,2020-08-19,33.0,2020,P137,17.746687100588183,73.98648378122894,Satara,high,priority,102.73136234283447,1,7,CHIRPS Daily v2.0,Maharashtra,CHIRPS Rainfall
2020-08-12,2020-08-19,33.0,2020,P138,17.61269557303319,74.36423652697161,Satara,high,priority,66.38302421569824,1,7,CHIRPS Daily v2.0,Maharashtra,CHIRPS Rainfall
2020-08-12,2020-08-19,33.0,2020,P139,17.656773786946495,74.08126197411994,Satara,high,priority,124.74873542785645,1,7,CHIRPS Daily v2.0,Maharashtra,CHIRPS Rainfall
2020-08-12,2020-08-19,33.0,2020,P140,17.97464080554139,74.50462240543725,Satara,high,priority,52.29067325592041,1,7,CHIRPS Daily v2.0,Maharashtra,CHIRPS Rainfall
2020-08-12,2020-08-19,33.0,2020,P141,17.430826677467348,74.08239904488856,Satara,high,priority,72.72697925567627,1,7,CHIRPS Daily v2.0,Maharashtra,CHIRPS Rainfall
2020-08-12,2020-08-19,33.0,2020,P142,18.064447100757786,74.31538707493111,Satara,high,priority,68.79392910003662,1,7,CHIRPS Daily v2.0,Maharashtra,CHIRPS Rainfall
2020-08-12,2020-08-19,33.0,2020,P143,17.70379500755509,74.6468275971327,Satara,high,priority,43.91899394989014,1,7,CHIRPS Daily v2.0,Maharashtra,CHIRPS Rainfall
2020-08-12,2020-08-19,33.0,2020,P144,17.929452275465767,74.50474726026674,Satara,high,priority,45.344701528549194,1,7,CHIRPS Daily v2.0,Maharashtra,CHIRPS Rainfall
2020-08-12,2020-08-19,33.0,2020,P145,17.47773196144854,74.60017202281048,Satara,high,priority,40.96313762664795,1,7,CHIRPS Daily v2.0,Maharashtra,CHIRPS Rainfall
2020-08-12,2020-08-19,33.0,2020,P146,17.839182233739812,74.55218763637436,Satara,high,priority,52.18242931365967,1,7,CHIRPS Daily v2.0,Maharashtra,CHIRPS Rainfall
2020-08-12,2020-08-19,33.0,2020,P001,19.940457800458272,74.57045211428928,Ahmednagar,normal,statewide,89.5088119506836,1,7,CHIRPS Daily v2.0,Maharashtra,CHIRPS Rainfall
2020-08-12,2020-08-19,33.0,2020,P002,18.946729294293643,74.76302285238339,Ahmednagar,normal,statewide,84.25749015808105,1,7,CHIRPS Daily v2.0,Maharashtra,CHIRPS Rainfall
2020-08-12,2020-08-19,33.0,2020,P003,18.49469238410162,74.66892244285252,Ahmednagar,normal,statewide,56.65659046173096,1,7,CHIRPS Daily v2.0,Maharashtra,CHIRPS Rainfall
2020-08-12,2020-08-19,33.0,2020,P004,19.03720445466806,75.1420731965326,Ahmednagar,normal,statewide,38.3679633140564,1,7,CHIRPS Daily v2.0,Maharashtra,CHIRPS Rainfall
2020-08-12,2020-08-19,33.0,2020,P005,20.832153156317954,77.06560453615967,Akola,normal,statewide,60.4056339263916,1,7,CHIRPS Daily v2.0,Maharashtra,CHIRPS Rainfall
2020-08-12,2020-08-19,33.0,2020,P006,20.834360411339407,76.87349308547405,Akola,normal,statewide,60.69390392303467,1,7,CHIRPS Daily v2.0,Maharashtra,CHIRPS Rainfall
2020-08-12,2020-08-19,33.0,2020,P007,21.014976299509232,76.87574047240498,Akola,normal,statewide,54.7984561920166,1,7,CHIRPS Daily v2.0,Maharashtra,CHIRPS Rainfall
2020-08-12,2020-08-19,33.0,2020,P008,20.828434266039377,77.35372489162701,Akola,normal,statewide,54.25860357284546,1,7,CHIRPS Daily v2.0,Maharashtra,CHIRPS Rainfall
2020-08-12,2020-08-19,33.0,2020,P009,21.360971327549258,77.94039543992572,Amravati,normal,statewide,86.30524253845215,1,7,CHIRPS Daily v2.0,Maharashtra,CHIRPS Rainfall
2020-08-12,2020-08-19,33.0,2020,P010,21.178803672212837,78.03301542790685,Amravati,normal,statewide,72.93738603591919,1,7,CHIRPS Daily v2.0,Maharashtra,CHIRPS Rainfall
2020-08-12,2020-08-19,33.0,2020,P011,20.814388097721018,78.21764450702477,Amravati,normal,statewide,119.66530418395996,1,7,CHIRPS Daily v2.0,Maharashtra,CHIRPS Rainfall
2020-08-12,2020-08-19,33.0,2020,P012,21.180502589714195,77.93681032267875,Amravati,normal,statewide,67.9396390914917,1,7,CHIRPS Daily v2.0,Maharashtra,CHIRPS Rainfall
2020-08-12,2020-08-19,33.0,2020,P013,20.031289688916964,74.8570519162974,Aurangabad,normal,statewide,84.38768291473389,1,7,CHIRPS Daily v2.0,Maharashtra,CHIRPS Rainfall
2020-08-12,2020-08-19,33.0,2020,P014,19.760185263069562,75.14270192978114,Aurangabad,normal,statewide,68.96711349487305,1,7,CHIRPS Daily v2.0,Maharashtra,CHIRPS Rainfall
2020-08-12,2020-08-19,33.0,2020,P015,19.9408189876436,74.76157364454102,Aurangabad,normal,statewide,106.04944610595703,1,7,CHIRPS Daily v2.0,Maharashtra,CHIRPS Rainfall
2020-08-12,2020-08-19,33.0,2020,P016,19.66981712112043,75.14262166596218,Aurangabad,normal,statewide,69.98361253738403,1,7,CHIRPS Daily v2.0,Maharashtra,CHIRPS Rainfall
2020-08-12,2020-08-19,33.0,2020,P017,21.04613203856966,79.85576216552393,Bhandara,normal,statewide,166.91823959350586,1,7,CHIRPS Daily v2.0,Maharashtra,CHIRPS Rainfall
2020-08-12,2020-08-19,33.0,2020,P018,21.31897105472685,79.76852877161537,Bhandara,normal,statewide,145.3134593963623,1,7,CHIRPS Daily v2.0,Maharashtra,CHIRPS Rainfall
2020-08-12,2020-08-19,33.0,2020,P019,21.40900922319803,79.77144948280537,Bhandara,normal,statewide,159.99850177764893,1,7,CHIRPS Daily v2.0,Maharashtra,CHIRPS Rainfall
2020-08-12,2020-08-19,33.0,2020,P020,21.144196588937042,79.57074980349083,Bhandara,normal,statewide,179.06564140319824,1,7,CHIRPS Daily v2.0,Maharashtra,CHIRPS Rainfall
2020-08-12,2020-08-19,33.0,2020,P021,18.67502288980403,75.52108340877234,Bid,normal,statewide,41.33705711364746,1,7,CHIRPS Daily v2.0,Maharashtra,CHIRPS Rainfall
2020-08-12,2020-08-19,33.0,2020,P022,18.856499384477168,75.04699178476999,Bid,normal,statewide,28.00275182723999,1,7,CHIRPS Daily v2.0,Maharashtra,CHIRPS Rainfall
2020-08-12,2020-08-19,33.0,2020,P023,19.126596053486494,75.6175605191647,Bid,normal,statewide,89.32144260406494,1,7,CHIRPS Daily v2.0,Maharashtra,CHIRPS Rainfall
2020-08-12,2020-08-19,33.0,2020,P024,18.763955201213946,75.90084720909012,Bid,normal,statewide,63.720481872558594,1,7,CHIRPS Daily v2.0,Maharashtra,CHIRPS Rainfall
2020-08-12,2020-08-19,33.0,2020,P025,20.93073496240753,76.20164478885242,Buldana,normal,statewide,69.99602031707764,1,7,CHIRPS Daily v2.0,Maharashtra,CHIRPS Rainfall
2020-08-12,2020-08-19,33.0,2020,P026,20.838939908121294,76.39311412898633,Buldana,normal,statewide,54.17785167694092,1,7,CHIRPS Daily v2.0,Maharashtra,CHIRPS Rainfall
2020-08-12,2020-08-19,33.0,2020,P027,20.657476790751314,76.48742857536776,Buldana,normal,statewide,51.68525791168213,1,7,CHIRPS Daily v2.0,Maharashtra,CHIRPS Rainfall
2020-08-12,2020-08-19,33.0,2020,P028,20.47967013624516,76.10222021266374,Buldana,normal,statewide,63.488871574401855,1,7,CHIRPS Daily v2.0,Maharashtra,CHIRPS Rainfall
2020-08-12,2020-08-19,33.0,2020,P029,20.32317798477448,79.92829390325927,Chandrapur,normal,statewide,120.4192066192627,1,7,CHIRPS Daily v2.0,Maharashtra,CHIRPS Rainfall
2020-08-12,2020-08-19,33.0,2020,P030,20.60872097983294,79.36304041732026,Chandrapur,normal,statewide,98.27167987823486,1,7,CHIRPS Daily v2.0,Maharashtra,CHIRPS Rainfall
2020-08-12,2020-08-19,33.0,2020,P031,20.511160307884595,79.64732594588165,Chandrapur,normal,statewide,104.32167053222656,1,7,CHIRPS Daily v2.0,Maharashtra,CHIRPS Rainfall
2020-08-12,2020-08-19,33.0,2020,P032,20.598621115946884,79.74569817422172,Chandrapur,normal,statewide,100.87017917633057,1,7,CHIRPS Daily v2.0,Maharashtra,CHIRPS Rainfall
2020-08-12,2020-08-19,33.0,2020,P033,21.38667804512237,75.14422248324037,Dhule,normal,statewide,48.51918983459473,1,7,CHIRPS Daily v2.0,Maharashtra,CHIRPS Rainfall
2020-08-12,2020-08-19,33.0,2020,P034,21.025151968113196,74.75989256344387,Dhule,normal,statewide,83.06079292297363,1,7,CHIRPS Daily v2.0,Maharashtra,CHIRPS Rainfall
2020-08-12,2020-08-19,33.0,2020,P035,21.477028350667293,74.85568743137505,Dhule,normal,statewide,26.067298889160156,1,7,CHIRPS Daily v2.0,Maharashtra,CHIRPS Rainfall
2020-08-12,2020-08-19,33.0,2020,P036,20.933820660336515,74.37533522949364,Dhule,normal,statewide,49.88177680969238,1,7,CHIRPS Daily v2.0,Maharashtra,CHIRPS Rainfall
2020-08-12,2020-08-19,33.0,2020,P037,19.963056524597132,79.91698116388667,Garhchiroli,normal,statewide,69.81646537780762,1,7,CHIRPS Daily v2.0,Maharashtra,CHIRPS Rainfall
2020-08-12,2020-08-19,33.0,2020,P038,19.062661462582188,79.88977172925856,Garhchiroli,normal,statewide,71.38567066192627,1,7,CHIRPS Daily v2.0,Maharashtra,CHIRPS Rainfall
2020-08-12,2020-08-19,33.0,2020,P039,19.510270485428137,79.9981368030594,Garhchiroli,normal,statewide,53.2468204498291,1,7,CHIRPS Daily v2.0,Maharashtra,CHIRPS Rainfall
2020-08-12,2020-08-19,33.0,2020,P040,19.870365190999156,80.00935144220881,Garhchiroli,normal,statewide,74.95455932617188,1,7,CHIRPS Daily v2.0,Maharashtra,CHIRPS Rainfall
2020-08-12,2020-08-19,33.0,2020,P041,21.127639946725598,80.1465044724107,Gondiya,normal,statewide,152.84260368347168,1,7,CHIRPS Daily v2.0,Maharashtra,CHIRPS Rainfall
2020-08-12,2020-08-19,33.0,2020,P042,21.397598383602258,80.15591763473452,Gondiya,normal,statewide,165.76532173156738,1,7,CHIRPS Daily v2.0,Maharashtra,CHIRPS Rainfall
2020-08-12,2020-08-19,33.0,2020,P043,21.574548890706154,80.25847249986273,Gondiya,normal,statewide,176.13488149642944,1,7,CHIRPS Daily v2.0,Maharashtra,CHIRPS Rainfall
2020-08-12,2020-08-19,33.0,2020,P044,21.211649410572516,80.34153217518526,Gondiya,normal,statewide,143.63184070587158,1,7,CHIRPS Daily v2.0,Maharashtra,CHIRPS Rainfall
2020-08-12,2020-08-19,33.0,2020,P045,19.655900266732623,77.2407892392464,Hingoli,normal,statewide,142.43427991867065,1,7,CHIRPS Daily v2.0,Maharashtra,CHIRPS Rainfall
2020-08-12,2020-08-19,33.0,2020,P046,19.566758377573187,77.1442675378435,Hingoli,normal,statewide,150.1396040916443,1,7,CHIRPS Daily v2.0,Maharashtra,CHIRPS Rainfall
2020-08-12,2020-08-19,33.0,2020,P047,19.47860194974656,76.9526242927685,Hingoli,normal,statewide,112.00722408294678,1,7,CHIRPS Daily v2.0,Maharashtra,CHIRPS Rainfall
2020-08-12,2020-08-19,33.0,2020,P048,19.927981235710728,77.14910120338544,Hingoli,normal,statewide,146.18207168579102,1,7,CHIRPS Daily v2.0,Maharashtra,CHIRPS Rainfall
2020-08-12,2020-08-19,33.0,2020,P049,21.292738163229433,76.10816865346904,Jalgaon,normal,statewide,75.65924835205078,1,7,CHIRPS Daily v2.0,Maharashtra,CHIRPS Rainfall
2020-08-12,2020-08-19,33.0,2020,P050,21.386178625804387,75.43363151891216,Jalgaon,normal,statewide,49.809640884399414,1,7,CHIRPS Daily v2.0,Maharashtra,CHIRPS Rainfall
2020-08-12,2020-08-19,33.0,2020,P051,21.112064306745907,76.10682200495089,Jalgaon,normal,statewide,99.80598735809326,1,7,CHIRPS Daily v2.0,Maharashtra,CHIRPS Rainfall
2020-08-12,2020-08-19,33.0,2020,P052,20.844437979720194,75.23982115072519,Jalgaon,normal,statewide,64.5111083984375,1,7,CHIRPS Daily v2.0,Maharashtra,CHIRPS Rainfall
2020-08-12,2020-08-19,33.0,2020,P053,19.486369703781666,76.00005328932718,Jalna,normal,statewide,93.48900032043457,1,7,CHIRPS Daily v2.0,Maharashtra,CHIRPS Rainfall
2020-08-12,2020-08-19,33.0,2020,P054,20.028502750758555,76.00343774702675,Jalna,normal,statewide,106.79852104187012,1,7,CHIRPS Daily v2.0,Maharashtra,CHIRPS Rainfall
2020-08-12,2020-08-19,33.0,2020,P055,19.75743845682064,76.00172991132328,Jalna,normal,statewide,88.11772155761719,1,7,CHIRPS Daily v2.0,Maharashtra,CHIRPS Rainfall
2020-08-12,2020-08-19,33.0,2020,P056,19.57768317515413,75.80993951591351,Jalna,normal,statewide,96.13201427459717,1,7,CHIRPS Daily v2.0,Maharashtra,CHIRPS Rainfall
2020-08-12,2020-08-19,33.0,2020,P057,16.776377793156257,74.29671235971928,Kolhapur,normal,statewide,102.12499046325684,1,7,CHIRPS Daily v2.0,Maharashtra,CHIRPS Rainfall
2020-08-12,2020-08-19,33.0,2020,P058,16.324416687682138,74.29834884980589,Kolhapur,normal,statewide,132.4489459991455,1,7,CHIRPS Daily v2.0,Maharashtra,CHIRPS Rainfall
2020-08-12,2020-08-19,33.0,2020,P059,16.595891218916975,74.39111598812178,Kolhapur,normal,statewide,74.39144992828369,1,7,CHIRPS Daily v2.0,Maharashtra,CHIRPS Rainfall
2020-08-12,2020-08-19,33.0,2020,P060,16.414811584237594,74.29802779453004,Kolhapur,normal,statewide,108.44820785522461,1,7,CHIRPS Daily v2.0,Maharashtra,CHIRPS Rainfall
2020-08-12,2020-08-19,33.0,2020,P086,21.054127206758487,79.56798961993874,Nagpur,normal,statewide,160.9137134552002,1,7,CHIRPS Daily v2.0,Maharashtra,CHIRPS Rainfall
2020-08-12,2020-08-19,33.0,2020,P087,21.146765031143822,79.47473643960802,Nagpur,normal,statewide,139.94611740112305,1,7,CHIRPS Daily v2.0,Maharashtra,CHIRPS Rainfall
2020-08-12,2020-08-19,33.0,2020,P088,21.347803602138427,78.61442869606356,Nagpur,normal,statewide,126.13184070587158,1,7,CHIRPS Daily v2.0,Maharashtra,CHIRPS Rainfall
2020-08-12,2020-08-19,33.0,2020,P089,21.165377318940912,78.70615240473293,Nagpur,normal,statewide,163.29049491882324,1,7,CHIRPS Daily v2.0,Maharashtra,CHIRPS Rainfall
2020-08-12,2020-08-19,33.0,2020,P090,19.201968238592887,77.42470040309472,Nanded,normal,statewide,90.80912590026855,1,7,CHIRPS Daily v2.0,Maharashtra,CHIRPS Rainfall
2020-08-12,2020-08-19,33.0,2020,P091,18.566038000956755,77.69963965584807,Nanded,normal,statewide,75.52958536148071,1,7,CHIRPS Daily v2.0,Maharashtra,CHIRPS Rainfall
2020-08-12,2020-08-19,33.0,2020,P092,19.736596618496833,77.90946265591798,Nanded,normal,statewide,119.03704833984375,1,7,CHIRPS Daily v2.0,Maharashtra,CHIRPS Rainfall
2020-08-12,2020-08-19,33.0,2020,P093,18.93564842817583,77.04115528508362,Nanded,normal,statewide,78.50108671188354,1,7,CHIRPS Daily v2.0,Maharashtra,CHIRPS Rainfall
2020-08-12,2020-08-19,33.0,2020,P094,21.564917232430716,74.08292967791392,Nandurbar,normal,statewide,20.130237579345703,1,7,CHIRPS Daily v2.0,Maharashtra,CHIRPS Rainfall
2020-08-12,2020-08-19,33.0,2020,P095,21.5662594218478,74.37266422796263,Nandurbar,normal,statewide,31.95519256591797,1,7,CHIRPS Daily v2.0,Maharashtra,CHIRPS Rainfall
2020-08-12,2020-08-19,33.0,2020,P096,21.385179787168415,74.27697637845674,Nandurbar,normal,statewide,0.0,1,7,CHIRPS Daily v2.0,Maharashtra,CHIRPS Rainfall
2020-08-12,2020-08-19,33.0,2020,P097,21.565421110849755,74.17950488852946,Nandurbar,normal,statewide,18.339439392089844,1,7,CHIRPS Daily v2.0,Maharashtra,CHIRPS Rainfall
2020-08-12,2020-08-19,33.0,2020,P098,20.299553667393326,73.99482675929994,Nashik,normal,statewide,60.10313034057617,1,7,CHIRPS Daily v2.0,Maharashtra,CHIRPS Rainfall
2020-08-12,2020-08-19,33.0,2020,P099,20.120253214034264,74.28296495117151,Nashik,normal,statewide,85.98591423034668,1,7,CHIRPS Daily v2.0,Maharashtra,CHIRPS Rainfall
2020-08-12,2020-08-19,33.0,2020,P100,20.389903972938242,73.99424261706194,Nashik,normal,statewide,54.200239181518555,1,7,CHIRPS Daily v2.0,Maharashtra,CHIRPS Rainfall
2020-08-12,2020-08-19,33.0,2020,P101,20.029015547379707,74.09216447619562,Nashik,normal,statewide,88.3161563873291,1,7,CHIRPS Daily v2.0,Maharashtra,CHIRPS Rainfall
2020-08-12,2020-08-19,33.0,2020,P102,17.85749130266526,76.36802722645965,Osmanabad,normal,statewide,72.25760221481323,1,7,CHIRPS Daily v2.0,Maharashtra,CHIRPS Rainfall
2020-08-12,2020-08-19,33.0,2020,P103,17.76644983645705,76.46164605307673,Osmanabad,normal,statewide,87.91463375091553,1,7,CHIRPS Daily v2.0,Maharashtra,CHIRPS Rainfall
2020-08-12,2020-08-19,33.0,2020,P104,17.949094615606196,76.17989775301476,Osmanabad,normal,statewide,77.58288097381592,1,7,CHIRPS Daily v2.0,Maharashtra,CHIRPS Rainfall
2020-08-12,2020-08-19,33.0,2020,P105,18.584360447185368,75.61558067829696,Osmanabad,normal,statewide,40.0438449382782,1,7,CHIRPS Daily v2.0,Maharashtra,CHIRPS Rainfall
2020-08-12,2020-08-19,33.0,2020,P106,19.031389786894366,76.47235681380711,Parbhani,normal,statewide,70.94923686981201,1,7,CHIRPS Daily v2.0,Maharashtra,CHIRPS Rainfall
2020-08-12,2020-08-19,33.0,2020,P107,19.120950831552832,76.56820519095093,Parbhani,normal,statewide,109.38254833221436,1,7,CHIRPS Daily v2.0,Maharashtra,CHIRPS Rainfall
2020-08-12,2020-08-19,33.0,2020,P108,19.208625676465683,76.85432786914635,Parbhani,normal,statewide,105.80864429473877,1,7,CHIRPS Daily v2.0,Maharashtra,CHIRPS Rainfall
2020-08-12,2020-08-19,33.0,2020,P109,19.212081479782103,76.47396209018636,Parbhani,normal,statewide,96.47761392593384,1,7,CHIRPS Daily v2.0,Maharashtra,CHIRPS Rainfall
2020-08-12,2020-08-19,33.0,2020,P110,18.133442771357757,75.04679558432363,Pune,normal,statewide,18.2183735370636,1,7,CHIRPS Daily v2.0,Maharashtra,CHIRPS Rainfall
2020-08-12,2020-08-19,33.0,2020,P111,18.584645829652782,74.47919215212944,Pune,normal,statewide,86.14464998245239,1,7,CHIRPS Daily v2.0,Maharashtra,CHIRPS Rainfall
2020-08-12,2020-08-19,33.0,2020,P112,18.132979024848197,74.57507620208169,Pune,normal,statewide,34.737632274627686,1,7,CHIRPS Daily v2.0,Maharashtra,CHIRPS Rainfall
2020-08-12,2020-08-19,33.0,2020,P113,18.314072036830744,74.76389683618987,Pune,normal,statewide,43.14571762084961,1,7,CHIRPS Daily v2.0,Maharashtra,CHIRPS Rainfall
2020-08-12,2020-08-19,33.0,2020,P114,18.48503397121986,73.0589238755964,Raigarh,normal,statewide,296.455265045166,1,7,CHIRPS Daily v2.0,Maharashtra,CHIRPS Rainfall
2020-08-12,2020-08-19,33.0,2020,P115,18.665689991299164,73.05687714821288,Raigarh,normal,statewide,388.98412322998047,1,7,CHIRPS Daily v2.0,Maharashtra,CHIRPS Rainfall
2020-08-12,2020-08-19,33.0,2020,P116,18.306197264370358,73.25009891506079,Raigarh,normal,statewide,326.4906692504883,1,7,CHIRPS Daily v2.0,Maharashtra,CHIRPS Rainfall
2020-08-12,2020-08-19,33.0,2020,P117,18.21404102289879,73.06194714611064,Raigarh,normal,statewide,314.99789810180664,1,7,CHIRPS Daily v2.0,Maharashtra,CHIRPS Rainfall
2020-08-12,2020-08-19,33.0,2020,P118,17.138719885658215,75.42259970290594,Sangli,normal,statewide,18.506447315216064,1,7,CHIRPS Daily v2.0,Maharashtra,CHIRPS Rainfall
2020-08-12,2020-08-19,33.0,2020,P119,17.048761981005992,74.95348443567921,Sangli,normal,statewide,39.598384141922,1,7,CHIRPS Daily v2.0,Maharashtra,CHIRPS Rainfall
2020-08-12,2020-08-19,33.0,2020,P120,16.86707144948229,74.39025538161847,Sangli,normal,statewide,85.18698120117188,1,7,CHIRPS Daily v2.0,Maharashtra,CHIRPS Rainfall
2020-08-12,2020-08-19,33.0,2020,P121,17.048503353144895,74.67157114887826,Sangli,normal,statewide,46.23135948181152,1,7,CHIRPS Daily v2.0,Maharashtra,CHIRPS Rainfall
2020-08-12,2020-08-19,33.0,2020,P148,17.67852974098626,76.08383979812143,Solapur,normal,statewide,60.074087142944336,1,7,CHIRPS Daily v2.0,Maharashtra,CHIRPS Rainfall
2020-08-12,2020-08-19,33.0,2020,P149,18.223365003201543,75.4251413905064,Solapur,normal,statewide,30.054497718811035,1,7,CHIRPS Daily v2.0,Maharashtra,CHIRPS Rainfall
2020-08-12,2020-08-19,33.0,2020,P150,17.952532582518405,75.23562067753285,Solapur,normal,statewide,17.99925136566162,1,7,CHIRPS Daily v2.0,Maharashtra,CHIRPS Rainfall
2020-08-12,2020-08-19,33.0,2020,P151,18.223690517578447,75.23598186471818,Solapur,normal,statewide,25.830942630767822,1,7,CHIRPS Daily v2.0,Maharashtra,CHIRPS Rainfall
2020-08-12,2020-08-19,33.0,2020,P152,19.658178867370932,72.94986318203122,Thane,normal,statewide,253.02510452270508,1,7,CHIRPS Daily v2.0,Maharashtra,CHIRPS Rainfall
2020-08-12,2020-08-19,33.0,2020,P153,19.65706409210757,72.8545320606096,Thane,normal,statewide,298.90504455566406,1,7,CHIRPS Daily v2.0,Maharashtra,CHIRPS Rainfall
2020-08-12,2020-08-19,33.0,2020,P154,19.477549601897948,72.95214624177059,Thane,normal,statewide,352.17761611938477,1,7,CHIRPS Daily v2.0,Maharashtra,CHIRPS Rainfall
2020-08-12,2020-08-19,33.0,2020,P155,19.83987385799569,73.0429959666335,Thane,normal,statewide,285.3344478607178,1,7,CHIRPS Daily v2.0,Maharashtra,CHIRPS Rainfall
2020-08-12,2020-08-19,33.0,2020,P156,20.806749657616468,78.60135461177485,Wardha,normal,statewide,105.99385690689087,1,7,CHIRPS Daily v2.0,Maharashtra,CHIRPS Rainfall
2020-08-12,2020-08-19,33.0,2020,P157,20.71031267913359,78.88671032458906,Wardha,normal,statewide,98.78018569946289,1,7,CHIRPS Daily v2.0,Maharashtra,CHIRPS Rainfall
2020-08-12,2020-08-19,33.0,2020,P158,21.081265295769754,78.41565980750515,Wardha,normal,statewide,153.37860488891602,1,7,CHIRPS Daily v2.0,Maharashtra,CHIRPS Rainfall
2020-08-12,2020-08-19,33.0,2020,P159,20.439854822938944,78.87986114537097,Wardha,normal,statewide,82.0474624633789,1,7,CHIRPS Daily v2.0,Maharashtra,CHIRPS Rainfall
2020-08-12,2020-08-19,33.0,2020,P160,20.289186257444058,77.15404188735265,Washim,normal,statewide,103.0358362197876,1,7,CHIRPS Daily v2.0,Maharashtra,CHIRPS Rainfall
2020-08-12,2020-08-19,33.0,2020,P161,20.464607292886615,77.53975858757677,Washim,normal,statewide,94.46266174316406,1,7,CHIRPS Daily v2.0,Maharashtra,CHIRPS Rainfall
2020-08-12,2020-08-19,33.0,2020,P162,20.107393166596125,77.2471479173486,Washim,normal,statewide,107.05373907089233,1,7,CHIRPS Daily v2.0,Maharashtra,CHIRPS Rainfall
2020-08-12,2020-08-19,33.0,2020,P163,20.198885002010726,77.1527933390577,Washim,normal,statewide,96.35142993927002,1,7,CHIRPS Daily v2.0,Maharashtra,CHIRPS Rainfall
2020-08-12,2020-08-19,33.0,2020,P164,20.182854533723592,78.20447678161395,Yavatmal,normal,statewide,121.4286642074585,1,7,CHIRPS Daily v2.0,Maharashtra,CHIRPS Rainfall
2020-08-12,2020-08-19,33.0,2020,P165,19.894658373538324,79.05709703494229,Yavatmal,normal,statewide,101.35630989074707,1,7,CHIRPS Daily v2.0,Maharashtra,CHIRPS Rainfall
2020-08-12,2020-08-19,33.0,2020,P166,19.468787468327925,77.71426550730338,Yavatmal,normal,statewide,86.76002311706543,1,7,CHIRPS Daily v2.0,Maharashtra,CHIRPS Rainfall
2020-08-12,2020-08-19,33.0,2020,P167,19.559057510053886,77.71577268345945,Yavatmal,normal,statewide,113.22966194152832,1,7,CHIRPS Daily v2.0,Maharashtra,CHIRPS Rainfall
2020-08-19,2020-08-26,34.0,2020,P147,17.927231643141155,73.94769852026607,Satara,case_study,case_study,28.336875915527344,1,7,CHIRPS Daily v2.0,Maharashtra,CHIRPS Rainfall
2020-08-19,2020-08-26,34.0,2020,P061,18.507855650411397,76.91766048140843,Latur,high,priority,27.347108364105225,1,7,CHIRPS Daily v2.0,Maharashtra,CHIRPS Rainfall
2020-08-19,2020-08-26,34.0,2020,P062,18.422405896924207,76.3487594508077,Latur,high,priority,0.0,1,7,CHIRPS Daily v2.0,Maharashtra,CHIRPS Rainfall
2020-08-19,2020-08-26,34.0,2020,P063,18.235391198742693,77.05646783810116,Latur,high,priority,18.983264923095703,1,7,CHIRPS Daily v2.0,Maharashtra,CHIRPS Rainfall
2020-08-19,2020-08-26,34.0,2020,P064,18.193056493341274,76.77240080549139,Latur,high,priority,0.0,1,7,CHIRPS Daily v2.0,Maharashtra,CHIRPS Rainfall
2020-08-19,2020-08-26,34.0,2020,P065,18.331355512513895,76.44266811899327,Latur,high,priority,0.0,1,7,CHIRPS Daily v2.0,Maharashtra,CHIRPS Rainfall
2020-08-19,2020-08-26,34.0,2020,P066,18.104739537876725,76.5352970251765,Latur,high,priority,12.264729022979736,1,7,CHIRPS Daily v2.0,Maharashtra,CHIRPS Rainfall
2020-08-19,2020-08-26,34.0,2020,P067,18.280552974211986,77.0569984711265,Latur,high,priority,30.66659450531006,1,7,CHIRPS Daily v2.0,Maharashtra,CHIRPS Rainfall
2020-08-19,2020-08-26,34.0,2020,P068,18.101823285787773,76.86595720469373,Latur,high,priority,22.421101570129395,1,7,CHIRPS Daily v2.0,Maharashtra,CHIRPS Rainfall
2020-08-19,2020-08-26,34.0,2020,P069,18.595075667016793,77.20284228928156,Latur,high,priority,51.343417167663574,1,7,CHIRPS Daily v2.0,Maharashtra,CHIRPS Rainfall
2020-08-19,2020-08-26,34.0,2020,P070,18.41499041187233,77.15322587185987,Latur,high,priority,52.848751068115234,1,7,CHIRPS Daily v2.0,Maharashtra,CHIRPS Rainfall
2020-08-19,2020-08-26,34.0,2020,P071,18.149138807065885,76.63019561379593,Latur,high,priority,11.680821418762207,1,7,CHIRPS Daily v2.0,Maharashtra,CHIRPS Rainfall
2020-08-19,2020-08-26,34.0,2020,P072,18.283393421583035,76.77331492120734,Latur,high,priority,13.407424926757812,1,7,CHIRPS Daily v2.0,Maharashtra,CHIRPS Rainfall
2020-08-19,2020-08-26,34.0,2020,P073,17.966315663874607,76.86453029235662,Latur,high,priority,31.273841857910156,1,7,CHIRPS Daily v2.0,Maharashtra,CHIRPS Rainfall
2020-08-19,2020-08-26,34.0,2020,P074,18.50832831512306,76.870318205524,Latur,high,priority,22.642558574676514,1,7,CHIRPS Daily v2.0,Maharashtra,CHIRPS Rainfall
2020-08-19,2020-08-26,34.0,2020,P075,18.41444640154381,77.20053247493588,Latur,high,priority,57.15451622009277,1,7,CHIRPS Daily v2.0,Maharashtra,CHIRPS Rainfall
2020-08-19,2020-08-26,34.0,2020,P076,18.377877313804504,76.25376722106614,Latur,high,priority,0.0,1,7,CHIRPS Daily v2.0,Maharashtra,CHIRPS Rainfall
2020-08-19,2020-08-26,34.0,2020,P077,18.059564385104267,76.5349046242838,Latur,high,priority,12.616472244262695,1,7,CHIRPS Daily v2.0,Maharashtra,CHIRPS Rainfall
2020-08-19,2020-08-26,34.0,2020,P078,18.1008824154655,76.96042326051098,Latur,high,priority,35.62934875488281,1,7,CHIRPS Daily v2.0,Maharashtra,CHIRPS Rainfall
2020-08-19,2020-08-26,34.0,2020,P079,18.73508698099394,76.77797468180819,Latur,high,priority,17.54350709915161,1,7,CHIRPS Daily v2.0,Maharashtra,CHIRPS Rainfall
2020-08-19,2020-08-26,34.0,2020,P080,18.46791548227568,76.3017694439065,Latur,high,priority,6.8032612800598145,1,7,CHIRPS Daily v2.0,Maharashtra,CHIRPS Rainfall
2020-08-19,2020-08-26,34.0,2020,P081,18.10355787609756,76.67701617485712,Latur,high,priority,10.506796836853027,1,7,CHIRPS Daily v2.0,Maharashtra,CHIRPS Rainfall
2020-08-19,2020-08-26,34.0,2020,P082,18.23907887531389,76.67830931416262,Latur,high,priority,18.981703281402588,1,7,CHIRPS Daily v2.0,Maharashtra,CHIRPS Rainfall
2020-08-19,2020-08-26,34.0,2020,P083,18.369289085175563,77.19996171000103,Latur,high,priority,51.57199954986572,1,7,CHIRPS Daily v2.0,Maharashtra,CHIRPS Rainfall
2020-08-19,2020-08-26,34.0,2020,P084,18.46362582706226,76.82249880582684,Latur,high,priority,21.42940855026245,1,7,CHIRPS Daily v2.0,Maharashtra,CHIRPS Rainfall
2020-08-19,2020-08-26,34.0,2020,P085,18.14788579966987,76.77194597718393,Latur,high,priority,6.276108741760254,1,7,CHIRPS Daily v2.0,Maharashtra,CHIRPS Rainfall
2020-08-19,2020-08-26,34.0,2020,P122,17.88145897082753,73.8441448165019,Satara,high,priority,0.0,1,7,CHIRPS Daily v2.0,Maharashtra,CHIRPS Rainfall
2020-08-19,2020-08-26,34.0,2020,P123,17.386414030975025,74.27088970551878,Satara,high,priority,17.254791259765625,1,7,CHIRPS Daily v2.0,Maharashtra,CHIRPS Rainfall
2020-08-19,2020-08-26,34.0,2020,P124,17.43262815429294,74.647353771057,Satara,high,priority,0.0,1,7,CHIRPS Daily v2.0,Maharashtra,CHIRPS Rainfall
2020-08-19,2020-08-26,34.0,2020,P125,17.56734651531964,74.31728219287884,Satara,high,priority,24.001163482666016,1,7,CHIRPS Daily v2.0,Maharashtra,CHIRPS Rainfall
2020-08-19,2020-08-26,34.0,2020,P126,17.205080227535593,74.13053949986157,Satara,high,priority,17.30594825744629,1,7,CHIRPS Daily v2.0,Maharashtra,CHIRPS Rainfall
2020-08-19,2020-08-26,34.0,2020,P127,17.65773249367299,74.31694330119876,Satara,high,priority,26.8043155670166,1,7,CHIRPS Daily v2.0,Maharashtra,CHIRPS Rainfall
2020-08-19,2020-08-26,34.0,2020,P128,18.019949731345452,74.5517328080669,Satara,high,priority,0.0,1,7,CHIRPS Daily v2.0,Maharashtra,CHIRPS Rainfall
2020-08-19,2020-08-26,34.0,2020,P129,18.063234225271252,74.03192648006461,Satara,high,priority,37.83062744140625,1,7,CHIRPS Daily v2.0,Maharashtra,CHIRPS Rainfall
2020-08-19,2020-08-26,34.0,2020,P130,17.61135784271715,74.03436560834085,Satara,high,priority,0.0,1,7,CHIRPS Daily v2.0,Maharashtra,CHIRPS Rainfall
2020-08-19,2020-08-26,34.0,2020,P131,17.612539504496315,74.3171127470388,Satara,high,priority,29.915403366088867,1,7,CHIRPS Daily v2.0,Maharashtra,CHIRPS Rainfall
2020-08-19,2020-08-26,34.0,2020,P132,17.702176353872684,74.12817617630324,Satara,high,priority,10.197169303894043,1,7,CHIRPS Daily v2.0,Maharashtra,CHIRPS Rainfall
2020-08-19,2020-08-26,34.0,2020,P133,17.25006363896275,74.08329532420031,Satara,high,priority,26.50963592529297,1,7,CHIRPS Daily v2.0,Maharashtra,CHIRPS Rainfall
2020-08-19,2020-08-26,34.0,2020,P134,17.476429903940936,74.17634784498362,Satara,high,priority,19.540813446044922,1,7,CHIRPS Daily v2.0,Maharashtra,CHIRPS Rainfall
2020-08-19,2020-08-26,34.0,2020,P135,17.882716437324603,74.0801070669471,Satara,high,priority,20.47286605834961,1,7,CHIRPS Daily v2.0,Maharashtra,CHIRPS Rainfall
2020-08-19,2020-08-26,34.0,2020,P136,17.928520323345598,74.22149178404871,Satara,high,priority,17.261552810668945,1,7,CHIRPS Daily v2.0,Maharashtra,CHIRPS Rainfall
2020-08-19,2020-08-26,34.0,2020,P137,17.746687100588183,73.98648378122894,Satara,high,priority,0.0,1,7,CHIRPS Daily v2.0,Maharashtra,CHIRPS Rainfall
2020-08-19,2020-08-26,34.0,2020,P138,17.61269557303319,74.36423652697161,Satara,high,priority,29.14616584777832,1,7,CHIRPS Daily v2.0,Maharashtra,CHIRPS Rainfall
2020-08-19,2020-08-26,34.0,2020,P139,17.656773786946495,74.08126197411994,Satara,high,priority,0.0,1,7,CHIRPS Daily v2.0,Maharashtra,CHIRPS Rainfall
2020-08-19,2020-08-26,34.0,2020,P140,17.97464080554139,74.50462240543725,Satara,high,priority,16.052236557006836,1,7,CHIRPS Daily v2.0,Maharashtra,CHIRPS Rainfall
2020-08-19,2020-08-26,34.0,2020,P141,17.430826677467348,74.08239904488856,Satara,high,priority,29.315839767456055,1,7,CHIRPS Daily v2.0,Maharashtra,CHIRPS Rainfall
2020-08-19,2020-08-26,34.0,2020,P142,18.064447100757786,74.31538707493111,Satara,high,priority,0.0,1,7,CHIRPS Daily v2.0,Maharashtra,CHIRPS Rainfall
2020-08-19,2020-08-26,34.0,2020,P143,17.70379500755509,74.6468275971327,Satara,high,priority,17.891849517822266,1,7,CHIRPS Daily v2.0,Maharashtra,CHIRPS Rainfall
2020-08-19,2020-08-26,34.0,2020,P144,17.929452275465767,74.50474726026674,Satara,high,priority,12.549875259399414,1,7,CHIRPS Daily v2.0,Maharashtra,CHIRPS Rainfall
2020-08-19,2020-08-26,34.0,2020,P145,17.47773196144854,74.60017202281048,Satara,high,priority,14.993070602416992,1,7,CHIRPS Daily v2.0,Maharashtra,CHIRPS Rainfall
2020-08-19,2020-08-26,34.0,2020,P146,17.839182233739812,74.55218763637436,Satara,high,priority,19.44982147216797,1,7,CHIRPS Daily v2.0,Maharashtra,CHIRPS Rainfall
2020-08-19,2020-08-26,34.0,2020,P001,19.940457800458272,74.57045211428928,Ahmednagar,normal,statewide,26.50681495666504,1,7,CHIRPS Daily v2.0,Maharashtra,CHIRPS Rainfall
2020-08-19,2020-08-26,34.0,2020,P002,18.946729294293643,74.76302285238339,Ahmednagar,normal,statewide,27.077773094177246,1,7,CHIRPS Daily v2.0,Maharashtra,CHIRPS Rainfall
2020-08-19,2020-08-26,34.0,2020,P003,18.49469238410162,74.66892244285252,Ahmednagar,normal,statewide,5.514986991882324,1,7,CHIRPS Daily v2.0,Maharashtra,CHIRPS Rainfall
2020-08-19,2020-08-26,34.0,2020,P004,19.03720445466806,75.1420731965326,Ahmednagar,normal,statewide,8.001810431480408,1,7,CHIRPS Daily v2.0,Maharashtra,CHIRPS Rainfall
2020-08-19,2020-08-26,34.0,2020,P005,20.832153156317954,77.06560453615967,Akola,normal,statewide,75.06084275245667,1,7,CHIRPS Daily v2.0,Maharashtra,CHIRPS Rainfall
2020-08-19,2020-08-26,34.0,2020,P006,20.834360411339407,76.87349308547405,Akola,normal,statewide,71.36235308647156,1,7,CHIRPS Daily v2.0,Maharashtra,CHIRPS Rainfall
2020-08-19,2020-08-26,34.0,2020,P007,21.014976299509232,76.87574047240498,Akola,normal,statewide,71.6842679977417,1,7,CHIRPS Daily v2.0,Maharashtra,CHIRPS Rainfall
2020-08-19,2020-08-26,34.0,2020,P008,20.828434266039377,77.35372489162701,Akola,normal,statewide,92.71902179718018,1,7,CHIRPS Daily v2.0,Maharashtra,CHIRPS Rainfall
2020-08-19,2020-08-26,34.0,2020,P009,21.360971327549258,77.94039543992572,Amravati,normal,statewide,115.01954555511475,1,7,CHIRPS Daily v2.0,Maharashtra,CHIRPS Rainfall
2020-08-19,2020-08-26,34.0,2020,P010,21.178803672212837,78.03301542790685,Amravati,normal,statewide,94.32414150238037,1,7,CHIRPS Daily v2.0,Maharashtra,CHIRPS Rainfall
2020-08-19,2020-08-26,34.0,2020,P011,20.814388097721018,78.21764450702477,Amravati,normal,statewide,72.42064666748047,1,7,CHIRPS Daily v2.0,Maharashtra,CHIRPS Rainfall
2020-08-19,2020-08-26,34.0,2020,P012,21.180502589714195,77.93681032267875,Amravati,normal,statewide,83.5929970741272,1,7,CHIRPS Daily v2.0,Maharashtra,CHIRPS Rainfall
2020-08-19,2020-08-26,34.0,2020,P013,20.031289688916964,74.8570519162974,Aurangabad,normal,statewide,47.64712619781494,1,7,CHIRPS Daily v2.0,Maharashtra,CHIRPS Rainfall
2020-08-19,2020-08-26,34.0,2020,P014,19.760185263069562,75.14270192978114,Aurangabad,normal,statewide,27.022281646728516,1,7,CHIRPS Daily v2.0,Maharashtra,CHIRPS Rainfall
2020-08-19,2020-08-26,34.0,2020,P015,19.9408189876436,74.76157364454102,Aurangabad,normal,statewide,44.15066909790039,1,7,CHIRPS Daily v2.0,Maharashtra,CHIRPS Rainfall
2020-08-19,2020-08-26,34.0,2020,P016,19.66981712112043,75.14262166596218,Aurangabad,normal,statewide,30.99441933631897,1,7,CHIRPS Daily v2.0,Maharashtra,CHIRPS Rainfall
2020-08-19,2020-08-26,34.0,2020,P017,21.04613203856966,79.85576216552393,Bhandara,normal,statewide,142.8042812347412,1,7,CHIRPS Daily v2.0,Maharashtra,CHIRPS Rainfall
2020-08-19,2020-08-26,34.0,2020,P018,21.31897105472685,79.76852877161537,Bhandara,normal,statewide,90.94044399261475,1,7,CHIRPS Daily v2.0,Maharashtra,CHIRPS Rainfall
2020-08-19,2020-08-26,34.0,2020,P019,21.40900922319803,79.77144948280537,Bhandara,normal,statewide,97.21203231811523,1,7,CHIRPS Daily v2.0,Maharashtra,CHIRPS Rainfall
2020-08-19,2020-08-26,34.0,2020,P020,21.144196588937042,79.57074980349083,Bhandara,normal,statewide,110.32882690429688,1,7,CHIRPS Daily v2.0,Maharashtra,CHIRPS Rainfall
2020-08-19,2020-08-26,34.0,2020,P021,18.67502288980403,75.52108340877234,Bid,normal,statewide,7.298807144165039,1,7,CHIRPS Daily v2.0,Maharashtra,CHIRPS Rainfall
2020-08-19,2020-08-26,34.0,2020,P022,18.856499384477168,75.04699178476999,Bid,normal,statewide,7.805488586425781,1,7,CHIRPS Daily v2.0,Maharashtra,CHIRPS Rainfall
2020-08-19,2020-08-26,34.0,2020,P023,19.126596053486494,75.6175605191647,Bid,normal,statewide,8.309433221817017,1,7,CHIRPS Daily v2.0,Maharashtra,CHIRPS Rainfall
2020-08-19,2020-08-26,34.0,2020,P024,18.763955201213946,75.90084720909012,Bid,normal,statewide,6.169894695281982,1,7,CHIRPS Daily v2.0,Maharashtra,CHIRPS Rainfall
2020-08-19,2020-08-26,34.0,2020,P025,20.93073496240753,76.20164478885242,Buldana,normal,statewide,74.76934623718262,1,7,CHIRPS Daily v2.0,Maharashtra,CHIRPS Rainfall
2020-08-19,2020-08-26,34.0,2020,P026,20.838939908121294,76.39311412898633,Buldana,normal,statewide,67.58623504638672,1,7,CHIRPS Daily v2.0,Maharashtra,CHIRPS Rainfall
2020-08-19,2020-08-26,34.0,2020,P027,20.657476790751314,76.48742857536776,Buldana,normal,statewide,72.47622394561768,1,7,CHIRPS Daily v2.0,Maharashtra,CHIRPS Rainfall
2020-08-19,2020-08-26,34.0,2020,P028,20.47967013624516,76.10222021266374,Buldana,normal,statewide,83.550048828125,1,7,CHIRPS Daily v2.0,Maharashtra,CHIRPS Rainfall
2020-08-19,2020-08-26,34.0,2020,P029,20.32317798477448,79.92829390325927,Chandrapur,normal,statewide,100.92633438110352,1,7,CHIRPS Daily v2.0,Maharashtra,CHIRPS Rainfall
2020-08-19,2020-08-26,34.0,2020,P030,20.60872097983294,79.36304041732026,Chandrapur,normal,statewide,76.82707691192627,1,7,CHIRPS Daily v2.0,Maharashtra,CHIRPS Rainfall
2020-08-19,2020-08-26,34.0,2020,P031,20.511160307884595,79.64732594588165,Chandrapur,normal,statewide,106.5234375,1,7,CHIRPS Daily v2.0,Maharashtra,CHIRPS Rainfall
2020-08-19,2020-08-26,34.0,2020,P032,20.598621115946884,79.74569817422172,Chandrapur,normal,statewide,87.31975936889648,1,7,CHIRPS Daily v2.0,Maharashtra,CHIRPS Rainfall
2020-08-19,2020-08-26,34.0,2020,P033,21.38667804512237,75.14422248324037,Dhule,normal,statewide,82.55213356018066,1,7,CHIRPS Daily v2.0,Maharashtra,CHIRPS Rainfall
2020-08-19,2020-08-26,34.0,2020,P034,21.025151968113196,74.75989256344387,Dhule,normal,statewide,95.38895320892334,1,7,CHIRPS Daily v2.0,Maharashtra,CHIRPS Rainfall
2020-08-19,2020-08-26,34.0,2020,P035,21.477028350667293,74.85568743137505,Dhule,normal,statewide,96.61893844604492,1,7,CHIRPS Daily v2.0,Maharashtra,CHIRPS Rainfall
2020-08-19,2020-08-26,34.0,2020,P036,20.933820660336515,74.37533522949364,Dhule,normal,statewide,102.91515731811523,1,7,CHIRPS Daily v2.0,Maharashtra,CHIRPS Rainfall
2020-08-19,2020-08-26,34.0,2020,P037,19.963056524597132,79.91698116388667,Garhchiroli,normal,statewide,116.39334297180176,1,7,CHIRPS Daily v2.0,Maharashtra,CHIRPS Rainfall
2020-08-19,2020-08-26,34.0,2020,P038,19.062661462582188,79.88977172925856,Garhchiroli,normal,statewide,167.9715805053711,1,7,CHIRPS Daily v2.0,Maharashtra,CHIRPS Rainfall
2020-08-19,2020-08-26,34.0,2020,P039,19.510270485428137,79.9981368030594,Garhchiroli,normal,statewide,162.37944412231445,1,7,CHIRPS Daily v2.0,Maharashtra,CHIRPS Rainfall
2020-08-19,2020-08-26,34.0,2020,P040,19.870365190999156,80.00935144220881,Garhchiroli,normal,statewide,117.7860803604126,1,7,CHIRPS Daily v2.0,Maharashtra,CHIRPS Rainfall
2020-08-19,2020-08-26,34.0,2020,P041,21.127639946725598,80.1465044724107,Gondiya,normal,statewide,121.59661293029785,1,7,CHIRPS Daily v2.0,Maharashtra,CHIRPS Rainfall
2020-08-19,2020-08-26,34.0,2020,P042,21.397598383602258,80.15591763473452,Gondiya,normal,statewide,134.9386854171753,1,7,CHIRPS Daily v2.0,Maharashtra,CHIRPS Rainfall
2020-08-19,2020-08-26,34.0,2020,P043,21.574548890706154,80.25847249986273,Gondiya,normal,statewide,113.42300605773926,1,7,CHIRPS Daily v2.0,Maharashtra,CHIRPS Rainfall
2020-08-19,2020-08-26,34.0,2020,P044,21.211649410572516,80.34153217518526,Gondiya,normal,statewide,143.3617763519287,1,7,CHIRPS Daily v2.0,Maharashtra,CHIRPS Rainfall
2020-08-19,2020-08-26,34.0,2020,P045,19.655900266732623,77.2407892392464,Hingoli,normal,statewide,48.136406898498535,1,7,CHIRPS Daily v2.0,Maharashtra,CHIRPS Rainfall
2020-08-19,2020-08-26,34.0,2020,P046,19.566758377573187,77.1442675378435,Hingoli,normal,statewide,45.61336851119995,1,7,CHIRPS Daily v2.0,Maharashtra,CHIRPS Rainfall
2020-08-19,2020-08-26,34.0,2020,P047,19.47860194974656,76.9526242927685,Hingoli,normal,statewide,30.37214422225952,1,7,CHIRPS Daily v2.0,Maharashtra,CHIRPS Rainfall
2020-08-19,2020-08-26,34.0,2020,P048,19.927981235710728,77.14910120338544,Hingoli,normal,statewide,37.378722190856934,1,7,CHIRPS Daily v2.0,Maharashtra,CHIRPS Rainfall
2020-08-19,2020-08-26,34.0,2020,P049,21.292738163229433,76.10816865346904,Jalgaon,normal,statewide,77.162353515625,1,7,CHIRPS Daily v2.0,Maharashtra,CHIRPS Rainfall
2020-08-19,2020-08-26,34.0,2020,P050,21.386178625804387,75.43363151891216,Jalgaon,normal,statewide,88.22274971008301,1,7,CHIRPS Daily v2.0,Maharashtra,CHIRPS Rainfall
2020-08-19,2020-08-26,34.0,2020,P051,21.112064306745907,76.10682200495089,Jalgaon,normal,statewide,93.56236553192139,1,7,CHIRPS Daily v2.0,Maharashtra,CHIRPS Rainfall
2020-08-19,2020-08-26,34.0,2020,P052,20.844437979720194,75.23982115072519,Jalgaon,normal,statewide,62.119812965393066,1,7,CHIRPS Daily v2.0,Maharashtra,CHIRPS Rainfall
2020-08-19,2020-08-26,34.0,2020,P053,19.486369703781666,76.00005328932718,Jalna,normal,statewide,28.66189479827881,1,7,CHIRPS Daily v2.0,Maharashtra,CHIRPS Rainfall
2020-08-19,2020-08-26,34.0,2020,P054,20.028502750758555,76.00343774702675,Jalna,normal,statewide,72.50382137298584,1,7,CHIRPS Daily v2.0,Maharashtra,CHIRPS Rainfall
2020-08-19,2020-08-26,34.0,2020,P055,19.75743845682064,76.00172991132328,Jalna,normal,statewide,40.56973171234131,1,7,CHIRPS Daily v2.0,Maharashtra,CHIRPS Rainfall
2020-08-19,2020-08-26,34.0,2020,P056,19.57768317515413,75.80993951591351,Jalna,normal,statewide,33.31041955947876,1,7,CHIRPS Daily v2.0,Maharashtra,CHIRPS Rainfall
2020-08-19,2020-08-26,34.0,2020,P057,16.776377793156257,74.29671235971928,Kolhapur,normal,statewide,0.0,1,7,CHIRPS Daily v2.0,Maharashtra,CHIRPS Rainfall
2020-08-19,2020-08-26,34.0,2020,P058,16.324416687682138,74.29834884980589,Kolhapur,normal,statewide,0.0,1,7,CHIRPS Daily v2.0,Maharashtra,CHIRPS Rainfall
2020-08-19,2020-08-26,34.0,2020,P059,16.595891218916975,74.39111598812178,Kolhapur,normal,statewide,0.0,1,7,CHIRPS Daily v2.0,Maharashtra,CHIRPS Rainfall
2020-08-19,2020-08-26,34.0,2020,P060,16.414811584237594,74.29802779453004,Kolhapur,normal,statewide,0.0,1,7,CHIRPS Daily v2.0,Maharashtra,CHIRPS Rainfall
2020-08-19,2020-08-26,34.0,2020,P086,21.054127206758487,79.56798961993874,Nagpur,normal,statewide,109.42272663116455,1,7,CHIRPS Daily v2.0,Maharashtra,CHIRPS Rainfall
2020-08-19,2020-08-26,34.0,2020,P087,21.146765031143822,79.47473643960802,Nagpur,normal,statewide,82.59148216247559,1,7,CHIRPS Daily v2.0,Maharashtra,CHIRPS Rainfall
2020-08-19,2020-08-26,34.0,2020,P088,21.347803602138427,78.61442869606356,Nagpur,normal,statewide,76.44626998901367,1,7,CHIRPS Daily v2.0,Maharashtra,CHIRPS Rainfall
2020-08-19,2020-08-26,34.0,2020,P089,21.165377318940912,78.70615240473293,Nagpur,normal,statewide,68.49764728546143,1,7,CHIRPS Daily v2.0,Maharashtra,CHIRPS Rainfall
2020-08-19,2020-08-26,34.0,2020,P090,19.201968238592887,77.42470040309472,Nanded,normal,statewide,36.35485887527466,1,7,CHIRPS Daily v2.0,Maharashtra,CHIRPS Rainfall
2020-08-19,2020-08-26,34.0,2020,P091,18.566038000956755,77.69963965584807,Nanded,normal,statewide,56.094204902648926,1,7,CHIRPS Daily v2.0,Maharashtra,CHIRPS Rainfall
2020-08-19,2020-08-26,34.0,2020,P092,19.736596618496833,77.90946265591798,Nanded,normal,statewide,77.33768653869629,1,7,CHIRPS Daily v2.0,Maharashtra,CHIRPS Rainfall
2020-08-19,2020-08-26,34.0,2020,P093,18.93564842817583,77.04115528508362,Nanded,normal,statewide,19.57015371322632,1,7,CHIRPS Daily v2.0,Maharashtra,CHIRPS Rainfall
2020-08-19,2020-08-26,34.0,2020,P094,21.564917232430716,74.08292967791392,Nandurbar,normal,statewide,209.73380279541016,1,7,CHIRPS Daily v2.0,Maharashtra,CHIRPS Rainfall
2020-08-19,2020-08-26,34.0,2020,P095,21.5662594218478,74.37266422796263,Nandurbar,normal,statewide,164.73163604736328,1,7,CHIRPS Daily v2.0,Maharashtra,CHIRPS Rainfall
2020-08-19,2020-08-26,34.0,2020,P096,21.385179787168415,74.27697637845674,Nandurbar,normal,statewide,152.8816204071045,1,7,CHIRPS Daily v2.0,Maharashtra,CHIRPS Rainfall
2020-08-19,2020-08-26,34.0,2020,P097,21.565421110849755,74.17950488852946,Nandurbar,normal,statewide,203.8128604888916,1,7,CHIRPS Daily v2.0,Maharashtra,CHIRPS Rainfall
2020-08-19,2020-08-26,34.0,2020,P098,20.299553667393326,73.99482675929994,Nashik,normal,statewide,65.62176513671875,1,7,CHIRPS Daily v2.0,Maharashtra,CHIRPS Rainfall
2020-08-19,2020-08-26,34.0,2020,P099,20.120253214034264,74.28296495117151,Nashik,normal,statewide,34.92789173126221,1,7,CHIRPS Daily v2.0,Maharashtra,CHIRPS Rainfall
2020-08-19,2020-08-26,34.0,2020,P100,20.389903972938242,73.99424261706194,Nashik,normal,statewide,57.357147216796875,1,7,CHIRPS Daily v2.0,Maharashtra,CHIRPS Rainfall
2020-08-19,2020-08-26,34.0,2020,P101,20.029015547379707,74.09216447619562,Nashik,normal,statewide,47.10471487045288,1,7,CHIRPS Daily v2.0,Maharashtra,CHIRPS Rainfall
2020-08-19,2020-08-26,34.0,2020,P102,17.85749130266526,76.36802722645965,Osmanabad,normal,statewide,7.60933780670166,1,7,CHIRPS Daily v2.0,Maharashtra,CHIRPS Rainfall
2020-08-19,2020-08-26,34.0,2020,P103,17.76644983645705,76.46164605307673,Osmanabad,normal,statewide,0.0,1,7,CHIRPS Daily v2.0,Maharashtra,CHIRPS Rainfall
2020-08-19,2020-08-26,34.0,2020,P104,17.949094615606196,76.17989775301476,Osmanabad,normal,statewide,0.0,1,7,CHIRPS Daily v2.0,Maharashtra,CHIRPS Rainfall
2020-08-19,2020-08-26,34.0,2020,P105,18.584360447185368,75.61558067829696,Osmanabad,normal,statewide,6.258776664733887,1,7,CHIRPS Daily v2.0,Maharashtra,CHIRPS Rainfall
2020-08-19,2020-08-26,34.0,2020,P106,19.031389786894366,76.47235681380711,Parbhani,normal,statewide,21.783992767333984,1,7,CHIRPS Daily v2.0,Maharashtra,CHIRPS Rainfall
2020-08-19,2020-08-26,34.0,2020,P107,19.120950831552832,76.56820519095093,Parbhani,normal,statewide,17.893100023269653,1,7,CHIRPS Daily v2.0,Maharashtra,CHIRPS Rainfall
2020-08-19,2020-08-26,34.0,2020,P108,19.208625676465683,76.85432786914635,Parbhani,normal,statewide,22.87174654006958,1,7,CHIRPS Daily v2.0,Maharashtra,CHIRPS Rainfall
2020-08-19,2020-08-26,34.0,2020,P109,19.212081479782103,76.47396209018636,Parbhani,normal,statewide,17.534520626068115,1,7,CHIRPS Daily v2.0,Maharashtra,CHIRPS Rainfall
2020-08-19,2020-08-26,34.0,2020,P110,18.133442771357757,75.04679558432363,Pune,normal,statewide,8.957522988319397,1,7,CHIRPS Daily v2.0,Maharashtra,CHIRPS Rainfall
2020-08-19,2020-08-26,34.0,2020,P111,18.584645829652782,74.47919215212944,Pune,normal,statewide,10.924863815307617,1,7,CHIRPS Daily v2.0,Maharashtra,CHIRPS Rainfall
2020-08-19,2020-08-26,34.0,2020,P112,18.132979024848197,74.57507620208169,Pune,normal,statewide,0.0,1,7,CHIRPS Daily v2.0,Maharashtra,CHIRPS Rainfall
2020-08-19,2020-08-26,34.0,2020,P113,18.314072036830744,74.76389683618987,Pune,normal,statewide,9.460599899291992,1,7,CHIRPS Daily v2.0,Maharashtra,CHIRPS Rainfall
2020-08-19,2020-08-26,34.0,2020,P114,18.48503397121986,73.0589238755964,Raigarh,normal,statewide,152.39785957336426,1,7,CHIRPS Daily v2.0,Maharashtra,CHIRPS Rainfall
2020-08-19,2020-08-26,34.0,2020,P115,18.665689991299164,73.05687714821288,Raigarh,normal,statewide,143.0441436767578,1,7,CHIRPS Daily v2.0,Maharashtra,CHIRPS Rainfall
2020-08-19,2020-08-26,34.0,2020,P116,18.306197264370358,73.25009891506079,Raigarh,normal,statewide,55.56383514404297,1,7,CHIRPS Daily v2.0,Maharashtra,CHIRPS Rainfall
2020-08-19,2020-08-26,34.0,2020,P117,18.21404102289879,73.06194714611064,Raigarh,normal,statewide,91.46846008300781,1,7,CHIRPS Daily v2.0,Maharashtra,CHIRPS Rainfall
2020-08-19,2020-08-26,34.0,2020,P118,17.138719885658215,75.42259970290594,Sangli,normal,statewide,4.092607021331787,1,7,CHIRPS Daily v2.0,Maharashtra,CHIRPS Rainfall
2020-08-19,2020-08-26,34.0,2020,P119,17.048761981005992,74.95348443567921,Sangli,normal,statewide,0.0,1,7,CHIRPS Daily v2.0,Maharashtra,CHIRPS Rainfall
2020-08-19,2020-08-26,34.0,2020,P120,16.86707144948229,74.39025538161847,Sangli,normal,statewide,0.0,1,7,CHIRPS Daily v2.0,Maharashtra,CHIRPS Rainfall
2020-08-19,2020-08-26,34.0,2020,P121,17.048503353144895,74.67157114887826,Sangli,normal,statewide,0.0,1,7,CHIRPS Daily v2.0,Maharashtra,CHIRPS Rainfall
2020-08-19,2020-08-26,34.0,2020,P148,17.67852974098626,76.08383979812143,Solapur,normal,statewide,14.37113618850708,1,7,CHIRPS Daily v2.0,Maharashtra,CHIRPS Rainfall
2020-08-19,2020-08-26,34.0,2020,P149,18.223365003201543,75.4251413905064,Solapur,normal,statewide,0.0,1,7,CHIRPS Daily v2.0,Maharashtra,CHIRPS Rainfall
2020-08-19,2020-08-26,34.0,2020,P150,17.952532582518405,75.23562067753285,Solapur,normal,statewide,3.492741346359253,1,7,CHIRPS Daily v2.0,Maharashtra,CHIRPS Rainfall
2020-08-19,2020-08-26,34.0,2020,P151,18.223690517578447,75.23598186471818,Solapur,normal,statewide,6.191343307495117,1,7,CHIRPS Daily v2.0,Maharashtra,CHIRPS Rainfall
2020-08-19,2020-08-26,34.0,2020,P152,19.658178867370932,72.94986318203122,Thane,normal,statewide,420.50711822509766,1,7,CHIRPS Daily v2.0,Maharashtra,CHIRPS Rainfall
2020-08-19,2020-08-26,34.0,2020,P153,19.65706409210757,72.8545320606096,Thane,normal,statewide,458.9686279296875,1,7,CHIRPS Daily v2.0,Maharashtra,CHIRPS Rainfall
2020-08-19,2020-08-26,34.0,2020,P154,19.477549601897948,72.95214624177059,Thane,normal,statewide,370.43210220336914,1,7,CHIRPS Daily v2.0,Maharashtra,CHIRPS Rainfall
2020-08-19,2020-08-26,34.0,2020,P155,19.83987385799569,73.0429959666335,Thane,normal,statewide,286.6304626464844,1,7,CHIRPS Daily v2.0,Maharashtra,CHIRPS Rainfall
2020-08-19,2020-08-26,34.0,2020,P156,20.806749657616468,78.60135461177485,Wardha,normal,statewide,51.85771369934082,1,7,CHIRPS Daily v2.0,Maharashtra,CHIRPS Rainfall
2020-08-19,2020-08-26,34.0,2020,P157,20.71031267913359,78.88671032458906,Wardha,normal,statewide,58.425838470458984,1,7,CHIRPS Daily v2.0,Maharashtra,CHIRPS Rainfall
2020-08-19,2020-08-26,34.0,2020,P158,21.081265295769754,78.41565980750515,Wardha,normal,statewide,85.8505220413208,1,7,CHIRPS Daily v2.0,Maharashtra,CHIRPS Rainfall
2020-08-19,2020-08-26,34.0,2020,P159,20.439854822938944,78.87986114537097,Wardha,normal,statewide,64.94418525695801,1,7,CHIRPS Daily v2.0,Maharashtra,CHIRPS Rainfall
2020-08-19,2020-08-26,34.0,2020,P160,20.289186257444058,77.15404188735265,Washim,normal,statewide,79.06755542755127,1,7,CHIRPS Daily v2.0,Maharashtra,CHIRPS Rainfall
2020-08-19,2020-08-26,34.0,2020,P161,20.464607292886615,77.53975858757677,Washim,normal,statewide,79.42174530029297,1,7,CHIRPS Daily v2.0,Maharashtra,CHIRPS Rainfall
2020-08-19,2020-08-26,34.0,2020,P162,20.107393166596125,77.2471479173486,Washim,normal,statewide,52.92135953903198,1,7,CHIRPS Daily v2.0,Maharashtra,CHIRPS Rainfall
2020-08-19,2020-08-26,34.0,2020,P163,20.198885002010726,77.1527933390577,Washim,normal,statewide,64.5120644569397,1,7,CHIRPS Daily v2.0,Maharashtra,CHIRPS Rainfall
2020-08-19,2020-08-26,34.0,2020,P164,20.182854533723592,78.20447678161395,Yavatmal,normal,statewide,62.266300201416016,1,7,CHIRPS Daily v2.0,Maharashtra,CHIRPS Rainfall
2020-08-19,2020-08-26,34.0,2020,P165,19.894658373538324,79.05709703494229,Yavatmal,normal,statewide,87.36191463470459,1,7,CHIRPS Daily v2.0,Maharashtra,CHIRPS Rainfall
2020-08-19,2020-08-26,34.0,2020,P166,19.468787468327925,77.71426550730338,Yavatmal,normal,statewide,45.209872245788574,1,7,CHIRPS Daily v2.0,Maharashtra,CHIRPS Rainfall
2020-08-19,2020-08-26,34.0,2020,P167,19.559057510053886,77.71577268345945,Yavatmal,normal,statewide,54.6795654296875,1,7,CHIRPS Daily v2.0,Maharashtra,CHIRPS Rainfall
2020-08-26,2020-09-02,35.0,2020,P147,17.927231643141155,73.94769852026607,Satara,case_study,case_study,20.52077293395996,1,7,CHIRPS Daily v2.0,Maharashtra,CHIRPS Rainfall
2020-08-26,2020-09-02,35.0,2020,P061,18.507855650411397,76.91766048140843,Latur,high,priority,12.610816955566406,1,7,CHIRPS Daily v2.0,Maharashtra,CHIRPS Rainfall
2020-08-26,2020-09-02,35.0,2020,P062,18.422405896924207,76.3487594508077,Latur,high,priority,9.569941520690918,1,7,CHIRPS Daily v2.0,Maharashtra,CHIRPS Rainfall
2020-08-26,2020-09-02,35.0,2020,P063,18.235391198742693,77.05646783810116,Latur,high,priority,14.878871440887451,1,7,CHIRPS Daily v2.0,Maharashtra,CHIRPS Rainfall
2020-08-26,2020-09-02,35.0,2020,P064,18.193056493341274,76.77240080549139,Latur,high,priority,25.947118759155273,1,7,CHIRPS Daily v2.0,Maharashtra,CHIRPS Rainfall
2020-08-26,2020-09-02,35.0,2020,P065,18.331355512513895,76.44266811899327,Latur,high,priority,9.667746543884277,1,7,CHIRPS Daily v2.0,Maharashtra,CHIRPS Rainfall
2020-08-26,2020-09-02,35.0,2020,P066,18.104739537876725,76.5352970251765,Latur,high,priority,16.311039447784424,1,7,CHIRPS Daily v2.0,Maharashtra,CHIRPS Rainfall
2020-08-26,2020-09-02,35.0,2020,P067,18.280552974211986,77.0569984711265,Latur,high,priority,12.046442031860352,1,7,CHIRPS Daily v2.0,Maharashtra,CHIRPS Rainfall
2020-08-26,2020-09-02,35.0,2020,P068,18.101823285787773,76.86595720469373,Latur,high,priority,25.500967025756836,1,7,CHIRPS Daily v2.0,Maharashtra,CHIRPS Rainfall
2020-08-26,2020-09-02,35.0,2020,P069,18.595075667016793,77.20284228928156,Latur,high,priority,15.711873054504395,1,7,CHIRPS Daily v2.0,Maharashtra,CHIRPS Rainfall
2020-08-26,2020-09-02,35.0,2020,P070,18.41499041187233,77.15322587185987,Latur,high,priority,14.282279968261719,1,7,CHIRPS Daily v2.0,Maharashtra,CHIRPS Rainfall
2020-08-26,2020-09-02,35.0,2020,P071,18.149138807065885,76.63019561379593,Latur,high,priority,17.088512897491455,1,7,CHIRPS Daily v2.0,Maharashtra,CHIRPS Rainfall
2020-08-26,2020-09-02,35.0,2020,P072,18.283393421583035,76.77331492120734,Latur,high,priority,18.5900821685791,1,7,CHIRPS Daily v2.0,Maharashtra,CHIRPS Rainfall
2020-08-26,2020-09-02,35.0,2020,P073,17.966315663874607,76.86453029235662,Latur,high,priority,29.898371696472168,1,7,CHIRPS Daily v2.0,Maharashtra,CHIRPS Rainfall
2020-08-26,2020-09-02,35.0,2020,P074,18.50832831512306,76.870318205524,Latur,high,priority,14.34770393371582,1,7,CHIRPS Daily v2.0,Maharashtra,CHIRPS Rainfall
2020-08-26,2020-09-02,35.0,2020,P075,18.41444640154381,77.20053247493588,Latur,high,priority,15.65766716003418,1,7,CHIRPS Daily v2.0,Maharashtra,CHIRPS Rainfall
2020-08-26,2020-09-02,35.0,2020,P076,18.377877313804504,76.25376722106614,Latur,high,priority,15.28564977645874,1,7,CHIRPS Daily v2.0,Maharashtra,CHIRPS Rainfall
2020-08-26,2020-09-02,35.0,2020,P077,18.059564385104267,76.5349046242838,Latur,high,priority,13.359473705291748,1,7,CHIRPS Daily v2.0,Maharashtra,CHIRPS Rainfall
2020-08-26,2020-09-02,35.0,2020,P078,18.1008824154655,76.96042326051098,Latur,high,priority,26.90013313293457,1,7,CHIRPS Daily v2.0,Maharashtra,CHIRPS Rainfall
2020-08-26,2020-09-02,35.0,2020,P079,18.73508698099394,76.77797468180819,Latur,high,priority,22.11113739013672,1,7,CHIRPS Daily v2.0,Maharashtra,CHIRPS Rainfall
2020-08-26,2020-09-02,35.0,2020,P080,18.46791548227568,76.3017694439065,Latur,high,priority,7.968448877334595,1,7,CHIRPS Daily v2.0,Maharashtra,CHIRPS Rainfall
2020-08-26,2020-09-02,35.0,2020,P081,18.10355787609756,76.67701617485712,Latur,high,priority,19.54701852798462,1,7,CHIRPS Daily v2.0,Maharashtra,CHIRPS Rainfall
2020-08-26,2020-09-02,35.0,2020,P082,18.23907887531389,76.67830931416262,Latur,high,priority,18.03367280960083,1,7,CHIRPS Daily v2.0,Maharashtra,CHIRPS Rainfall
2020-08-26,2020-09-02,35.0,2020,P083,18.369289085175563,77.19996171000103,Latur,high,priority,16.267501831054688,1,7,CHIRPS Daily v2.0,Maharashtra,CHIRPS Rainfall
2020-08-26,2020-09-02,35.0,2020,P084,18.46362582706226,76.82249880582684,Latur,high,priority,11.872376918792725,1,7,CHIRPS Daily v2.0,Maharashtra,CHIRPS Rainfall
2020-08-26,2020-09-02,35.0,2020,P085,18.14788579966987,76.77194597718393,Latur,high,priority,25.916056632995605,1,7,CHIRPS Daily v2.0,Maharashtra,CHIRPS Rainfall
2020-08-26,2020-09-02,35.0,2020,P122,17.88145897082753,73.8441448165019,Satara,high,priority,0.0,1,7,CHIRPS Daily v2.0,Maharashtra,CHIRPS Rainfall
2020-08-26,2020-09-02,35.0,2020,P123,17.386414030975025,74.27088970551878,Satara,high,priority,0.0,1,7,CHIRPS Daily v2.0,Maharashtra,CHIRPS Rainfall
2020-08-26,2020-09-02,35.0,2020,P124,17.43262815429294,74.647353771057,Satara,high,priority,14.590839385986328,1,7,CHIRPS Daily v2.0,Maharashtra,CHIRPS Rainfall
2020-08-26,2020-09-02,35.0,2020,P125,17.56734651531964,74.31728219287884,Satara,high,priority,0.0,1,7,CHIRPS Daily v2.0,Maharashtra,CHIRPS Rainfall
2020-08-26,2020-09-02,35.0,2020,P126,17.205080227535593,74.13053949986157,Satara,high,priority,5.234646320343018,1,7,CHIRPS Daily v2.0,Maharashtra,CHIRPS Rainfall
2020-08-26,2020-09-02,35.0,2020,P127,17.65773249367299,74.31694330119876,Satara,high,priority,0.0,1,7,CHIRPS Daily v2.0,Maharashtra,CHIRPS Rainfall
2020-08-26,2020-09-02,35.0,2020,P128,18.019949731345452,74.5517328080669,Satara,high,priority,9.36173152923584,1,7,CHIRPS Daily v2.0,Maharashtra,CHIRPS Rainfall
2020-08-26,2020-09-02,35.0,2020,P129,18.063234225271252,74.03192648006461,Satara,high,priority,10.280081748962402,1,7,CHIRPS Daily v2.0,Maharashtra,CHIRPS Rainfall
2020-08-26,2020-09-02,35.0,2020,P130,17.61135784271715,74.03436560834085,Satara,high,priority,0.0,1,7,CHIRPS Daily v2.0,Maharashtra,CHIRPS Rainfall
2020-08-26,2020-09-02,35.0,2020,P131,17.612539504496315,74.3171127470388,Satara,high,priority,0.0,1,7,CHIRPS Daily v2.0,Maharashtra,CHIRPS Rainfall
2020-08-26,2020-09-02,35.0,2020,P132,17.702176353872684,74.12817617630324,Satara,high,priority,0.0,1,7,CHIRPS Daily v2.0,Maharashtra,CHIRPS Rainfall
2020-08-26,2020-09-02,35.0,2020,P133,17.25006363896275,74.08329532420031,Satara,high,priority,5.296142101287842,1,7,CHIRPS Daily v2.0,Maharashtra,CHIRPS Rainfall
2020-08-26,2020-09-02,35.0,2020,P134,17.476429903940936,74.17634784498362,Satara,high,priority,0.0,1,7,CHIRPS Daily v2.0,Maharashtra,CHIRPS Rainfall
2020-08-26,2020-09-02,35.0,2020,P135,17.882716437324603,74.0801070669471,Satara,high,priority,16.872068405151367,1,7,CHIRPS Daily v2.0,Maharashtra,CHIRPS Rainfall
2020-08-26,2020-09-02,35.0,2020,P136,17.928520323345598,74.22149178404871,Satara,high,priority,9.302362442016602,1,7,CHIRPS Daily v2.0,Maharashtra,CHIRPS Rainfall
2020-08-26,2020-09-02,35.0,2020,P137,17.746687100588183,73.98648378122894,Satara,high,priority,0.0,1,7,CHIRPS Daily v2.0,Maharashtra,CHIRPS Rainfall
2020-08-26,2020-09-02,35.0,2020,P138,17.61269557303319,74.36423652697161,Satara,high,priority,0.0,1,7,CHIRPS Daily v2.0,Maharashtra,CHIRPS Rainfall
2020-08-26,2020-09-02,35.0,2020,P139,17.656773786946495,74.08126197411994,Satara,high,priority,0.0,1,7,CHIRPS Daily v2.0,Maharashtra,CHIRPS Rainfall
2020-08-26,2020-09-02,35.0,2020,P140,17.97464080554139,74.50462240543725,Satara,high,priority,9.449250221252441,1,7,CHIRPS Daily v2.0,Maharashtra,CHIRPS Rainfall
2020-08-26,2020-09-02,35.0,2020,P141,17.430826677467348,74.08239904488856,Satara,high,priority,0.0,1,7,CHIRPS Daily v2.0,Maharashtra,CHIRPS Rainfall
2020-08-26,2020-09-02,35.0,2020,P142,18.064447100757786,74.31538707493111,Satara,high,priority,0.0,1,7,CHIRPS Daily v2.0,Maharashtra,CHIRPS Rainfall
2020-08-26,2020-09-02,35.0,2020,P143,17.70379500755509,74.6468275971327,Satara,high,priority,6.070601463317871,1,7,CHIRPS Daily v2.0,Maharashtra,CHIRPS Rainfall
2020-08-26,2020-09-02,35.0,2020,P144,17.929452275465767,74.50474726026674,Satara,high,priority,6.257390975952148,1,7,CHIRPS Daily v2.0,Maharashtra,CHIRPS Rainfall
2020-08-26,2020-09-02,35.0,2020,P145,17.47773196144854,74.60017202281048,Satara,high,priority,11.858631134033203,1,7,CHIRPS Daily v2.0,Maharashtra,CHIRPS Rainfall
2020-08-26,2020-09-02,35.0,2020,P146,17.839182233739812,74.55218763637436,Satara,high,priority,8.338519096374512,1,7,CHIRPS Daily v2.0,Maharashtra,CHIRPS Rainfall
2020-08-26,2020-09-02,35.0,2020,P001,19.940457800458272,74.57045211428928,Ahmednagar,normal,statewide,45.835317611694336,1,7,CHIRPS Daily v2.0,Maharashtra,CHIRPS Rainfall
2020-08-26,2020-09-02,35.0,2020,P002,18.946729294293643,74.76302285238339,Ahmednagar,normal,statewide,14.572144508361816,1,7,CHIRPS Daily v2.0,Maharashtra,CHIRPS Rainfall
2020-08-26,2020-09-02,35.0,2020,P003,18.49469238410162,74.66892244285252,Ahmednagar,normal,statewide,9.742183685302734,1,7,CHIRPS Daily v2.0,Maharashtra,CHIRPS Rainfall
2020-08-26,2020-09-02,35.0,2020,P004,19.03720445466806,75.1420731965326,Ahmednagar,normal,statewide,8.713567733764648,1,7,CHIRPS Daily v2.0,Maharashtra,CHIRPS Rainfall
2020-08-26,2020-09-02,35.0,2020,P005,20.832153156317954,77.06560453615967,Akola,normal,statewide,74.10196495056152,1,7,CHIRPS Daily v2.0,Maharashtra,CHIRPS Rainfall
2020-08-26,2020-09-02,35.0,2020,P006,20.834360411339407,76.87349308547405,Akola,normal,statewide,73.3435869216919,1,7,CHIRPS Daily v2.0,Maharashtra,CHIRPS Rainfall
2020-08-26,2020-09-02,35.0,2020,P007,21.014976299509232,76.87574047240498,Akola,normal,statewide,78.79288482666016,1,7,CHIRPS Daily v2.0,Maharashtra,CHIRPS Rainfall
2020-08-26,2020-09-02,35.0,2020,P008,20.828434266039377,77.35372489162701,Akola,normal,statewide,74.53394317626953,1,7,CHIRPS Daily v2.0,Maharashtra,CHIRPS Rainfall
2020-08-26,2020-09-02,35.0,2020,P009,21.360971327549258,77.94039543992572,Amravati,normal,statewide,167.4127655029297,1,7,CHIRPS Daily v2.0,Maharashtra,CHIRPS Rainfall
2020-08-26,2020-09-02,35.0,2020,P010,21.178803672212837,78.03301542790685,Amravati,normal,statewide,108.36131286621094,1,7,CHIRPS Daily v2.0,Maharashtra,CHIRPS Rainfall
2020-08-26,2020-09-02,35.0,2020,P011,20.814388097721018,78.21764450702477,Amravati,normal,statewide,125.17688179016113,1,7,CHIRPS Daily v2.0,Maharashtra,CHIRPS Rainfall
2020-08-26,2020-09-02,35.0,2020,P012,21.180502589714195,77.93681032267875,Amravati,normal,statewide,97.18816328048706,1,7,CHIRPS Daily v2.0,Maharashtra,CHIRPS Rainfall
2020-08-26,2020-09-02,35.0,2020,P013,20.031289688916964,74.8570519162974,Aurangabad,normal,statewide,57.03152656555176,1,7,CHIRPS Daily v2.0,Maharashtra,CHIRPS Rainfall
2020-08-26,2020-09-02,35.0,2020,P014,19.760185263069562,75.14270192978114,Aurangabad,normal,statewide,33.43460035324097,1,7,CHIRPS Daily v2.0,Maharashtra,CHIRPS Rainfall
2020-08-26,2020-09-02,35.0,2020,P015,19.9408189876436,74.76157364454102,Aurangabad,normal,statewide,62.16904258728027,1,7,CHIRPS Daily v2.0,Maharashtra,CHIRPS Rainfall
2020-08-26,2020-09-02,35.0,2020,P016,19.66981712112043,75.14262166596218,Aurangabad,normal,statewide,31.687201261520386,1,7,CHIRPS Daily v2.0,Maharashtra,CHIRPS Rainfall
2020-08-26,2020-09-02,35.0,2020,P017,21.04613203856966,79.85576216552393,Bhandara,normal,statewide,237.94949436187744,1,7,CHIRPS Daily v2.0,Maharashtra,CHIRPS Rainfall
2020-08-26,2020-09-02,35.0,2020,P018,21.31897105472685,79.76852877161537,Bhandara,normal,statewide,189.6925287246704,1,7,CHIRPS Daily v2.0,Maharashtra,CHIRPS Rainfall
2020-08-26,2020-09-02,35.0,2020,P019,21.40900922319803,79.77144948280537,Bhandara,normal,statewide,211.9793004989624,1,7,CHIRPS Daily v2.0,Maharashtra,CHIRPS Rainfall
2020-08-26,2020-09-02,35.0,2020,P020,21.144196588937042,79.57074980349083,Bhandara,normal,statewide,196.76329040527344,1,7,CHIRPS Daily v2.0,Maharashtra,CHIRPS Rainfall
2020-08-26,2020-09-02,35.0,2020,P021,18.67502288980403,75.52108340877234,Bid,normal,statewide,6.248960494995117,1,7,CHIRPS Daily v2.0,Maharashtra,CHIRPS Rainfall
2020-08-26,2020-09-02,35.0,2020,P022,18.856499384477168,75.04699178476999,Bid,normal,statewide,7.126863479614258,1,7,CHIRPS Daily v2.0,Maharashtra,CHIRPS Rainfall
2020-08-26,2020-09-02,35.0,2020,P023,19.126596053486494,75.6175605191647,Bid,normal,statewide,14.347847938537598,1,7,CHIRPS Daily v2.0,Maharashtra,CHIRPS Rainfall
2020-08-26,2020-09-02,35.0,2020,P024,18.763955201213946,75.90084720909012,Bid,normal,statewide,10.620731592178345,1,7,CHIRPS Daily v2.0,Maharashtra,CHIRPS Rainfall
2020-08-26,2020-09-02,35.0,2020,P025,20.93073496240753,76.20164478885242,Buldana,normal,statewide,79.14117240905762,1,7,CHIRPS Daily v2.0,Maharashtra,CHIRPS Rainfall
2020-08-26,2020-09-02,35.0,2020,P026,20.838939908121294,76.39311412898633,Buldana,normal,statewide,83.32463073730469,1,7,CHIRPS Daily v2.0,Maharashtra,CHIRPS Rainfall
2020-08-26,2020-09-02,35.0,2020,P027,20.657476790751314,76.48742857536776,Buldana,normal,statewide,71.51071786880493,1,7,CHIRPS Daily v2.0,Maharashtra,CHIRPS Rainfall
2020-08-26,2020-09-02,35.0,2020,P028,20.47967013624516,76.10222021266374,Buldana,normal,statewide,73.36960983276367,1,7,CHIRPS Daily v2.0,Maharashtra,CHIRPS Rainfall
2020-08-26,2020-09-02,35.0,2020,P029,20.32317798477448,79.92829390325927,Chandrapur,normal,statewide,153.44100332260132,1,7,CHIRPS Daily v2.0,Maharashtra,CHIRPS Rainfall
2020-08-26,2020-09-02,35.0,2020,P030,20.60872097983294,79.36304041732026,Chandrapur,normal,statewide,157.82294607162476,1,7,CHIRPS Daily v2.0,Maharashtra,CHIRPS Rainfall
2020-08-26,2020-09-02,35.0,2020,P031,20.511160307884595,79.64732594588165,Chandrapur,normal,statewide,170.3954200744629,1,7,CHIRPS Daily v2.0,Maharashtra,CHIRPS Rainfall
2020-08-26,2020-09-02,35.0,2020,P032,20.598621115946884,79.74569817422172,Chandrapur,normal,statewide,170.1322546005249,1,7,CHIRPS Daily v2.0,Maharashtra,CHIRPS Rainfall
2020-08-26,2020-09-02,35.0,2020,P033,21.38667804512237,75.14422248324037,Dhule,normal,statewide,91.50926303863525,1,7,CHIRPS Daily v2.0,Maharashtra,CHIRPS Rainfall
2020-08-26,2020-09-02,35.0,2020,P034,21.025151968113196,74.75989256344387,Dhule,normal,statewide,93.34880065917969,1,7,CHIRPS Daily v2.0,Maharashtra,CHIRPS Rainfall
2020-08-26,2020-09-02,35.0,2020,P035,21.477028350667293,74.85568743137505,Dhule,normal,statewide,91.16437435150146,1,7,CHIRPS Daily v2.0,Maharashtra,CHIRPS Rainfall
2020-08-26,2020-09-02,35.0,2020,P036,20.933820660336515,74.37533522949364,Dhule,normal,statewide,90.87522506713867,1,7,CHIRPS Daily v2.0,Maharashtra,CHIRPS Rainfall
2020-08-26,2020-09-02,35.0,2020,P037,19.963056524597132,79.91698116388667,Garhchiroli,normal,statewide,138.25477838516235,1,7,CHIRPS Daily v2.0,Maharashtra,CHIRPS Rainfall
2020-08-26,2020-09-02,35.0,2020,P038,19.062661462582188,79.88977172925856,Garhchiroli,normal,statewide,99.3556318283081,1,7,CHIRPS Daily v2.0,Maharashtra,CHIRPS Rainfall
2020-08-26,2020-09-02,35.0,2020,P039,19.510270485428137,79.9981368030594,Garhchiroli,normal,statewide,134.19311714172363,1,7,CHIRPS Daily v2.0,Maharashtra,CHIRPS Rainfall
2020-08-26,2020-09-02,35.0,2020,P040,19.870365190999156,80.00935144220881,Garhchiroli,normal,statewide,144.19472742080688,1,7,CHIRPS Daily v2.0,Maharashtra,CHIRPS Rainfall
2020-08-26,2020-09-02,35.0,2020,P041,21.127639946725598,80.1465044724107,Gondiya,normal,statewide,211.23788261413574,1,7,CHIRPS Daily v2.0,Maharashtra,CHIRPS Rainfall
2020-08-26,2020-09-02,35.0,2020,P042,21.397598383602258,80.15591763473452,Gondiya,normal,statewide,212.59212589263916,1,7,CHIRPS Daily v2.0,Maharashtra,CHIRPS Rainfall
2020-08-26,2020-09-02,35.0,2020,P043,21.574548890706154,80.25847249986273,Gondiya,normal,statewide,249.6701545715332,1,7,CHIRPS Daily v2.0,Maharashtra,CHIRPS Rainfall
2020-08-26,2020-09-02,35.0,2020,P044,21.211649410572516,80.34153217518526,Gondiya,normal,statewide,211.58237218856812,1,7,CHIRPS Daily v2.0,Maharashtra,CHIRPS Rainfall
2020-08-26,2020-09-02,35.0,2020,P045,19.655900266732623,77.2407892392464,Hingoli,normal,statewide,48.801124572753906,1,7,CHIRPS Daily v2.0,Maharashtra,CHIRPS Rainfall
2020-08-26,2020-09-02,35.0,2020,P046,19.566758377573187,77.1442675378435,Hingoli,normal,statewide,42.258914947509766,1,7,CHIRPS Daily v2.0,Maharashtra,CHIRPS Rainfall
2020-08-26,2020-09-02,35.0,2020,P047,19.47860194974656,76.9526242927685,Hingoli,normal,statewide,35.62365436553955,1,7,CHIRPS Daily v2.0,Maharashtra,CHIRPS Rainfall
2020-08-26,2020-09-02,35.0,2020,P048,19.927981235710728,77.14910120338544,Hingoli,normal,statewide,57.706756591796875,1,7,CHIRPS Daily v2.0,Maharashtra,CHIRPS Rainfall
2020-08-26,2020-09-02,35.0,2020,P049,21.292738163229433,76.10816865346904,Jalgaon,normal,statewide,100.83685302734375,1,7,CHIRPS Daily v2.0,Maharashtra,CHIRPS Rainfall
2020-08-26,2020-09-02,35.0,2020,P050,21.386178625804387,75.43363151891216,Jalgaon,normal,statewide,114.48753070831299,1,7,CHIRPS Daily v2.0,Maharashtra,CHIRPS Rainfall
2020-08-26,2020-09-02,35.0,2020,P051,21.112064306745907,76.10682200495089,Jalgaon,normal,statewide,94.47269821166992,1,7,CHIRPS Daily v2.0,Maharashtra,CHIRPS Rainfall
2020-08-26,2020-09-02,35.0,2020,P052,20.844437979720194,75.23982115072519,Jalgaon,normal,statewide,71.11467170715332,1,7,CHIRPS Daily v2.0,Maharashtra,CHIRPS Rainfall
2020-08-26,2020-09-02,35.0,2020,P053,19.486369703781666,76.00005328932718,Jalna,normal,statewide,27.29906463623047,1,7,CHIRPS Daily v2.0,Maharashtra,CHIRPS Rainfall
2020-08-26,2020-09-02,35.0,2020,P054,20.028502750758555,76.00343774702675,Jalna,normal,statewide,67.11057233810425,1,7,CHIRPS Daily v2.0,Maharashtra,CHIRPS Rainfall
2020-08-26,2020-09-02,35.0,2020,P055,19.75743845682064,76.00172991132328,Jalna,normal,statewide,37.57384490966797,1,7,CHIRPS Daily v2.0,Maharashtra,CHIRPS Rainfall
2020-08-26,2020-09-02,35.0,2020,P056,19.57768317515413,75.80993951591351,Jalna,normal,statewide,30.71403408050537,1,7,CHIRPS Daily v2.0,Maharashtra,CHIRPS Rainfall
2020-08-26,2020-09-02,35.0,2020,P057,16.776377793156257,74.29671235971928,Kolhapur,normal,statewide,0.0,1,7,CHIRPS Daily v2.0,Maharashtra,CHIRPS Rainfall
2020-08-26,2020-09-02,35.0,2020,P058,16.324416687682138,74.29834884980589,Kolhapur,normal,statewide,16.595102310180664,1,7,CHIRPS Daily v2.0,Maharashtra,CHIRPS Rainfall
2020-08-26,2020-09-02,35.0,2020,P059,16.595891218916975,74.39111598812178,Kolhapur,normal,statewide,20.87147331237793,1,7,CHIRPS Daily v2.0,Maharashtra,CHIRPS Rainfall
2020-08-26,2020-09-02,35.0,2020,P060,16.414811584237594,74.29802779453004,Kolhapur,normal,statewide,13.124356269836426,1,7,CHIRPS Daily v2.0,Maharashtra,CHIRPS Rainfall
2020-08-26,2020-09-02,35.0,2020,P086,21.054127206758487,79.56798961993874,Nagpur,normal,statewide,217.60200786590576,1,7,CHIRPS Daily v2.0,Maharashtra,CHIRPS Rainfall
2020-08-26,2020-09-02,35.0,2020,P087,21.146765031143822,79.47473643960802,Nagpur,normal,statewide,164.97696781158447,1,7,CHIRPS Daily v2.0,Maharashtra,CHIRPS Rainfall
2020-08-26,2020-09-02,35.0,2020,P088,21.347803602138427,78.61442869606356,Nagpur,normal,statewide,175.15686559677124,1,7,CHIRPS Daily v2.0,Maharashtra,CHIRPS Rainfall
2020-08-26,2020-09-02,35.0,2020,P089,21.165377318940912,78.70615240473293,Nagpur,normal,statewide,173.67980575561523,1,7,CHIRPS Daily v2.0,Maharashtra,CHIRPS Rainfall
2020-08-26,2020-09-02,35.0,2020,P090,19.201968238592887,77.42470040309472,Nanded,normal,statewide,48.253990173339844,1,7,CHIRPS Daily v2.0,Maharashtra,CHIRPS Rainfall
2020-08-26,2020-09-02,35.0,2020,P091,18.566038000956755,77.69963965584807,Nanded,normal,statewide,21.539510250091553,1,7,CHIRPS Daily v2.0,Maharashtra,CHIRPS Rainfall
2020-08-26,2020-09-02,35.0,2020,P092,19.736596618496833,77.90946265591798,Nanded,normal,statewide,70.59085178375244,1,7,CHIRPS Daily v2.0,Maharashtra,CHIRPS Rainfall
2020-08-26,2020-09-02,35.0,2020,P093,18.93564842817583,77.04115528508362,Nanded,normal,statewide,26.415183067321777,1,7,CHIRPS Daily v2.0,Maharashtra,CHIRPS Rainfall
2020-08-26,2020-09-02,35.0,2020,P094,21.564917232430716,74.08292967791392,Nandurbar,normal,statewide,146.52426147460938,1,7,CHIRPS Daily v2.0,Maharashtra,CHIRPS Rainfall
2020-08-26,2020-09-02,35.0,2020,P095,21.5662594218478,74.37266422796263,Nandurbar,normal,statewide,138.63586044311523,1,7,CHIRPS Daily v2.0,Maharashtra,CHIRPS Rainfall
2020-08-26,2020-09-02,35.0,2020,P096,21.385179787168415,74.27697637845674,Nandurbar,normal,statewide,116.56814193725586,1,7,CHIRPS Daily v2.0,Maharashtra,CHIRPS Rainfall
2020-08-26,2020-09-02,35.0,2020,P097,21.565421110849755,74.17950488852946,Nandurbar,normal,statewide,134.5662612915039,1,7,CHIRPS Daily v2.0,Maharashtra,CHIRPS Rainfall
2020-08-26,2020-09-02,35.0,2020,P098,20.299553667393326,73.99482675929994,Nashik,normal,statewide,57.0385799407959,1,7,CHIRPS Daily v2.0,Maharashtra,CHIRPS Rainfall
2020-08-26,2020-09-02,35.0,2020,P099,20.120253214034264,74.28296495117151,Nashik,normal,statewide,53.15312194824219,1,7,CHIRPS Daily v2.0,Maharashtra,CHIRPS Rainfall
2020-08-26,2020-09-02,35.0,2020,P100,20.389903972938242,73.99424261706194,Nashik,normal,statewide,52.68150329589844,1,7,CHIRPS Daily v2.0,Maharashtra,CHIRPS Rainfall
2020-08-26,2020-09-02,35.0,2020,P101,20.029015547379707,74.09216447619562,Nashik,normal,statewide,56.20599174499512,1,7,CHIRPS Daily v2.0,Maharashtra,CHIRPS Rainfall
2020-08-26,2020-09-02,35.0,2020,P102,17.85749130266526,76.36802722645965,Osmanabad,normal,statewide,6.891421794891357,1,7,CHIRPS Daily v2.0,Maharashtra,CHIRPS Rainfall
2020-08-26,2020-09-02,35.0,2020,P103,17.76644983645705,76.46164605307673,Osmanabad,normal,statewide,9.918684005737305,1,7,CHIRPS Daily v2.0,Maharashtra,CHIRPS Rainfall
2020-08-26,2020-09-02,35.0,2020,P104,17.949094615606196,76.17989775301476,Osmanabad,normal,statewide,0.0,1,7,CHIRPS Daily v2.0,Maharashtra,CHIRPS Rainfall
2020-08-26,2020-09-02,35.0,2020,P105,18.584360447185368,75.61558067829696,Osmanabad,normal,statewide,5.871518611907959,1,7,CHIRPS Daily v2.0,Maharashtra,CHIRPS Rainfall
2020-08-26,2020-09-02,35.0,2020,P106,19.031389786894366,76.47235681380711,Parbhani,normal,statewide,24.654895305633545,1,7,CHIRPS Daily v2.0,Maharashtra,CHIRPS Rainfall
2020-08-26,2020-09-02,35.0,2020,P107,19.120950831552832,76.56820519095093,Parbhani,normal,statewide,29.72034215927124,1,7,CHIRPS Daily v2.0,Maharashtra,CHIRPS Rainfall
2020-08-26,2020-09-02,35.0,2020,P108,19.208625676465683,76.85432786914635,Parbhani,normal,statewide,32.601348876953125,1,7,CHIRPS Daily v2.0,Maharashtra,CHIRPS Rainfall
2020-08-26,2020-09-02,35.0,2020,P109,19.212081479782103,76.47396209018636,Parbhani,normal,statewide,24.664961338043213,1,7,CHIRPS Daily v2.0,Maharashtra,CHIRPS Rainfall
2020-08-26,2020-09-02,35.0,2020,P110,18.133442771357757,75.04679558432363,Pune,normal,statewide,0.0,1,7,CHIRPS Daily v2.0,Maharashtra,CHIRPS Rainfall
2020-08-26,2020-09-02,35.0,2020,P111,18.584645829652782,74.47919215212944,Pune,normal,statewide,12.526836395263672,1,7,CHIRPS Daily v2.0,Maharashtra,CHIRPS Rainfall
2020-08-26,2020-09-02,35.0,2020,P112,18.132979024848197,74.57507620208169,Pune,normal,statewide,5.274267673492432,1,7,CHIRPS Daily v2.0,Maharashtra,CHIRPS Rainfall
2020-08-26,2020-09-02,35.0,2020,P113,18.314072036830744,74.76389683618987,Pune,normal,statewide,8.860685348510742,1,7,CHIRPS Daily v2.0,Maharashtra,CHIRPS Rainfall
2020-08-26,2020-09-02,35.0,2020,P114,18.48503397121986,73.0589238755964,Raigarh,normal,statewide,206.13809204101562,1,7,CHIRPS Daily v2.0,Maharashtra,CHIRPS Rainfall
2020-08-26,2020-09-02,35.0,2020,P115,18.665689991299164,73.05687714821288,Raigarh,normal,statewide,287.4200744628906,1,7,CHIRPS Daily v2.0,Maharashtra,CHIRPS Rainfall
2020-08-26,2020-09-02,35.0,2020,P116,18.306197264370358,73.25009891506079,Raigarh,normal,statewide,104.63322448730469,1,7,CHIRPS Daily v2.0,Maharashtra,CHIRPS Rainfall
2020-08-26,2020-09-02,35.0,2020,P117,18.21404102289879,73.06194714611064,Raigarh,normal,statewide,132.50421142578125,1,7,CHIRPS Daily v2.0,Maharashtra,CHIRPS Rainfall
2020-08-26,2020-09-02,35.0,2020,P118,17.138719885658215,75.42259970290594,Sangli,normal,statewide,18.420417070388794,1,7,CHIRPS Daily v2.0,Maharashtra,CHIRPS Rainfall
2020-08-26,2020-09-02,35.0,2020,P119,17.048761981005992,74.95348443567921,Sangli,normal,statewide,17.846540927886963,1,7,CHIRPS Daily v2.0,Maharashtra,CHIRPS Rainfall
2020-08-26,2020-09-02,35.0,2020,P120,16.86707144948229,74.39025538161847,Sangli,normal,statewide,5.730159759521484,1,7,CHIRPS Daily v2.0,Maharashtra,CHIRPS Rainfall
2020-08-26,2020-09-02,35.0,2020,P121,17.048503353144895,74.67157114887826,Sangli,normal,statewide,13.51376485824585,1,7,CHIRPS Daily v2.0,Maharashtra,CHIRPS Rainfall
2020-08-26,2020-09-02,35.0,2020,P148,17.67852974098626,76.08383979812143,Solapur,normal,statewide,19.297207832336426,1,7,CHIRPS Daily v2.0,Maharashtra,CHIRPS Rainfall
2020-08-26,2020-09-02,35.0,2020,P149,18.223365003201543,75.4251413905064,Solapur,normal,statewide,7.43944787979126,1,7,CHIRPS Daily v2.0,Maharashtra,CHIRPS Rainfall
2020-08-26,2020-09-02,35.0,2020,P150,17.952532582518405,75.23562067753285,Solapur,normal,statewide,0.0,1,7,CHIRPS Daily v2.0,Maharashtra,CHIRPS Rainfall
2020-08-26,2020-09-02,35.0,2020,P151,18.223690517578447,75.23598186471818,Solapur,normal,statewide,14.6326425075531,1,7,CHIRPS Daily v2.0,Maharashtra,CHIRPS Rainfall
2020-08-26,2020-09-02,35.0,2020,P152,19.658178867370932,72.94986318203122,Thane,normal,statewide,346.95545196533203,1,7,CHIRPS Daily v2.0,Maharashtra,CHIRPS Rainfall
2020-08-26,2020-09-02,35.0,2020,P153,19.65706409210757,72.8545320606096,Thane,normal,statewide,349.3035545349121,1,7,CHIRPS Daily v2.0,Maharashtra,CHIRPS Rainfall
2020-08-26,2020-09-02,35.0,2020,P154,19.477549601897948,72.95214624177059,Thane,normal,statewide,269.4728088378906,1,7,CHIRPS Daily v2.0,Maharashtra,CHIRPS Rainfall
2020-08-26,2020-09-02,35.0,2020,P155,19.83987385799569,73.0429959666335,Thane,normal,statewide,254.76224517822266,1,7,CHIRPS Daily v2.0,Maharashtra,CHIRPS Rainfall
2020-08-26,2020-09-02,35.0,2020,P156,20.806749657616468,78.60135461177485,Wardha,normal,statewide,133.47439193725586,1,7,CHIRPS Daily v2.0,Maharashtra,CHIRPS Rainfall
2020-08-26,2020-09-02,35.0,2020,P157,20.71031267913359,78.88671032458906,Wardha,normal,statewide,131.2244415283203,1,7,CHIRPS Daily v2.0,Maharashtra,CHIRPS Rainfall
2020-08-26,2020-09-02,35.0,2020,P158,21.081265295769754,78.41565980750515,Wardha,normal,statewide,165.48163223266602,1,7,CHIRPS Daily v2.0,Maharashtra,CHIRPS Rainfall
2020-08-26,2020-09-02,35.0,2020,P159,20.439854822938944,78.87986114537097,Wardha,normal,statewide,124.12246608734131,1,7,CHIRPS Daily v2.0,Maharashtra,CHIRPS Rainfall
2020-08-26,2020-09-02,35.0,2020,P160,20.289186257444058,77.15404188735265,Washim,normal,statewide,63.3743839263916,1,7,CHIRPS Daily v2.0,Maharashtra,CHIRPS Rainfall
2020-08-26,2020-09-02,35.0,2020,P161,20.464607292886615,77.53975858757677,Washim,normal,statewide,78.50445079803467,1,7,CHIRPS Daily v2.0,Maharashtra,CHIRPS Rainfall
2020-08-26,2020-09-02,35.0,2020,P162,20.107393166596125,77.2471479173486,Washim,normal,statewide,62.28841972351074,1,7,CHIRPS Daily v2.0,Maharashtra,CHIRPS Rainfall
2020-08-26,2020-09-02,35.0,2020,P163,20.198885002010726,77.1527933390577,Washim,normal,statewide,67.89310455322266,1,7,CHIRPS Daily v2.0,Maharashtra,CHIRPS Rainfall
2020-08-26,2020-09-02,35.0,2020,P164,20.182854533723592,78.20447678161395,Yavatmal,normal,statewide,98.3541350364685,1,7,CHIRPS Daily v2.0,Maharashtra,CHIRPS Rainfall
2020-08-26,2020-09-02,35.0,2020,P165,19.894658373538324,79.05709703494229,Yavatmal,normal,statewide,121.53901958465576,1,7,CHIRPS Daily v2.0,Maharashtra,CHIRPS Rainfall
2020-08-26,2020-09-02,35.0,2020,P166,19.468787468327925,77.71426550730338,Yavatmal,normal,statewide,46.457375049591064,1,7,CHIRPS Daily v2.0,Maharashtra,CHIRPS Rainfall
2020-08-26,2020-09-02,35.0,2020,P167,19.559057510053886,77.71577268345945,Yavatmal,normal,statewide,53.34819221496582,1,7,CHIRPS Daily v2.0,Maharashtra,CHIRPS Rainfall
2020-09-02,2020-09-09,36.0,2020,P147,17.927231643141155,73.94769852026607,Satara,case_study,case_study,53.96643590927124,1,7,CHIRPS Daily v2.0,Maharashtra,CHIRPS Rainfall
2020-09-02,2020-09-09,36.0,2020,P061,18.507855650411397,76.91766048140843,Latur,high,priority,24.268961906433105,1,7,CHIRPS Daily v2.0,Maharashtra,CHIRPS Rainfall
2020-09-02,2020-09-09,36.0,2020,P062,18.422405896924207,76.3487594508077,Latur,high,priority,56.268415451049805,1,7,CHIRPS Daily v2.0,Maharashtra,CHIRPS Rainfall
2020-09-02,2020-09-09,36.0,2020,P063,18.235391198742693,77.05646783810116,Latur,high,priority,27.19751811027527,1,7,CHIRPS Daily v2.0,Maharashtra,CHIRPS Rainfall
2020-09-02,2020-09-09,36.0,2020,P064,18.193056493341274,76.77240080549139,Latur,high,priority,20.30045509338379,1,7,CHIRPS Daily v2.0,Maharashtra,CHIRPS Rainfall
2020-09-02,2020-09-09,36.0,2020,P065,18.331355512513895,76.44266811899327,Latur,high,priority,48.7785530090332,1,7,CHIRPS Daily v2.0,Maharashtra,CHIRPS Rainfall
2020-09-02,2020-09-09,36.0,2020,P066,18.104739537876725,76.5352970251765,Latur,high,priority,42.060302734375,1,7,CHIRPS Daily v2.0,Maharashtra,CHIRPS Rainfall
2020-09-02,2020-09-09,36.0,2020,P067,18.280552974211986,77.0569984711265,Latur,high,priority,18.084976196289062,1,7,CHIRPS Daily v2.0,Maharashtra,CHIRPS Rainfall
2020-09-02,2020-09-09,36.0,2020,P068,18.101823285787773,76.86595720469373,Latur,high,priority,16.69291853904724,1,7,CHIRPS Daily v2.0,Maharashtra,CHIRPS Rainfall
2020-09-02,2020-09-09,36.0,2020,P069,18.595075667016793,77.20284228928156,Latur,high,priority,29.92022681236267,1,7,CHIRPS Daily v2.0,Maharashtra,CHIRPS Rainfall
2020-09-02,2020-09-09,36.0,2020,P070,18.41499041187233,77.15322587185987,Latur,high,priority,24.53583526611328,1,7,CHIRPS Daily v2.0,Maharashtra,CHIRPS Rainfall
2020-09-02,2020-09-09,36.0,2020,P071,18.149138807065885,76.63019561379593,Latur,high,priority,30.886582374572754,1,7,CHIRPS Daily v2.0,Maharashtra,CHIRPS Rainfall
2020-09-02,2020-09-09,36.0,2020,P072,18.283393421583035,76.77331492120734,Latur,high,priority,9.79234266281128,1,7,CHIRPS Daily v2.0,Maharashtra,CHIRPS Rainfall
2020-09-02,2020-09-09,36.0,2020,P073,17.966315663874607,76.86453029235662,Latur,high,priority,23.112319946289062,1,7,CHIRPS Daily v2.0,Maharashtra,CHIRPS Rainfall
2020-09-02,2020-09-09,36.0,2020,P074,18.50832831512306,76.870318205524,Latur,high,priority,21.816579341888428,1,7,CHIRPS Daily v2.0,Maharashtra,CHIRPS Rainfall
2020-09-02,2020-09-09,36.0,2020,P075,18.41444640154381,77.20053247493588,Latur,high,priority,24.97205924987793,1,7,CHIRPS Daily v2.0,Maharashtra,CHIRPS Rainfall
2020-09-02,2020-09-09,36.0,2020,P076,18.377877313804504,76.25376722106614,Latur,high,priority,56.30888509750366,1,7,CHIRPS Daily v2.0,Maharashtra,CHIRPS Rainfall
2020-09-02,2020-09-09,36.0,2020,P077,18.059564385104267,76.5349046242838,Latur,high,priority,44.826449394226074,1,7,CHIRPS Daily v2.0,Maharashtra,CHIRPS Rainfall
2020-09-02,2020-09-09,36.0,2020,P078,18.1008824154655,76.96042326051098,Latur,high,priority,15.539965152740479,1,7,CHIRPS Daily v2.0,Maharashtra,CHIRPS Rainfall
2020-09-02,2020-09-09,36.0,2020,P079,18.73508698099394,76.77797468180819,Latur,high,priority,6.735804080963135,1,7,CHIRPS Daily v2.0,Maharashtra,CHIRPS Rainfall
2020-09-02,2020-09-09,36.0,2020,P080,18.46791548227568,76.3017694439065,Latur,high,priority,54.37265396118164,1,7,CHIRPS Daily v2.0,Maharashtra,CHIRPS Rainfall
2020-09-02,2020-09-09,36.0,2020,P081,18.10355787609756,76.67701617485712,Latur,high,priority,26.72422695159912,1,7,CHIRPS Daily v2.0,Maharashtra,CHIRPS Rainfall
2020-09-02,2020-09-09,36.0,2020,P082,18.23907887531389,76.67830931416262,Latur,high,priority,26.993625164031982,1,7,CHIRPS Daily v2.0,Maharashtra,CHIRPS Rainfall
2020-09-02,2020-09-09,36.0,2020,P083,18.369289085175563,77.19996171000103,Latur,high,priority,18.706846237182617,1,7,CHIRPS Daily v2.0,Maharashtra,CHIRPS Rainfall
2020-09-02,2020-09-09,36.0,2020,P084,18.46362582706226,76.82249880582684,Latur,high,priority,27.006530284881592,1,7,CHIRPS Daily v2.0,Maharashtra,CHIRPS Rainfall
2020-09-02,2020-09-09,36.0,2020,P085,18.14788579966987,76.77194597718393,Latur,high,priority,17.579269409179688,1,7,CHIRPS Daily v2.0,Maharashtra,CHIRPS Rainfall
2020-09-02,2020-09-09,36.0,2020,P122,17.88145897082753,73.8441448165019,Satara,high,priority,56.52132701873779,1,7,CHIRPS Daily v2.0,Maharashtra,CHIRPS Rainfall
2020-09-02,2020-09-09,36.0,2020,P123,17.386414030975025,74.27088970551878,Satara,high,priority,65.41303062438965,1,7,CHIRPS Daily v2.0,Maharashtra,CHIRPS Rainfall
2020-09-02,2020-09-09,36.0,2020,P124,17.43262815429294,74.647353771057,Satara,high,priority,94.0139570236206,1,7,CHIRPS Daily v2.0,Maharashtra,CHIRPS Rainfall
2020-09-02,2020-09-09,36.0,2020,P125,17.56734651531964,74.31728219287884,Satara,high,priority,58.18905448913574,1,7,CHIRPS Daily v2.0,Maharashtra,CHIRPS Rainfall
2020-09-02,2020-09-09,36.0,2020,P126,17.205080227535593,74.13053949986157,Satara,high,priority,65.33857917785645,1,7,CHIRPS Daily v2.0,Maharashtra,CHIRPS Rainfall
2020-09-02,2020-09-09,36.0,2020,P127,17.65773249367299,74.31694330119876,Satara,high,priority,50.77508544921875,1,7,CHIRPS Daily v2.0,Maharashtra,CHIRPS Rainfall
2020-09-02,2020-09-09,36.0,2020,P128,18.019949731345452,74.5517328080669,Satara,high,priority,45.988162994384766,1,7,CHIRPS Daily v2.0,Maharashtra,CHIRPS Rainfall
2020-09-02,2020-09-09,36.0,2020,P129,18.063234225271252,74.03192648006461,Satara,high,priority,31.5046067237854,1,7,CHIRPS Daily v2.0,Maharashtra,CHIRPS Rainfall
2020-09-02,2020-09-09,36.0,2020,P130,17.61135784271715,74.03436560834085,Satara,high,priority,50.948214530944824,1,7,CHIRPS Daily v2.0,Maharashtra,CHIRPS Rainfall
2020-09-02,2020-09-09,36.0,2020,P131,17.612539504496315,74.3171127470388,Satara,high,priority,49.65993547439575,1,7,CHIRPS Daily v2.0,Maharashtra,CHIRPS Rainfall
2020-09-02,2020-09-09,36.0,2020,P132,17.702176353872684,74.12817617630324,Satara,high,priority,52.40193557739258,1,7,CHIRPS Daily v2.0,Maharashtra,CHIRPS Rainfall
2020-09-02,2020-09-09,36.0,2020,P133,17.25006363896275,74.08329532420031,Satara,high,priority,79.30306243896484,1,7,CHIRPS Daily v2.0,Maharashtra,CHIRPS Rainfall
2020-09-02,2020-09-09,36.0,2020,P134,17.476429903940936,74.17634784498362,Satara,high,priority,45.65852618217468,1,7,CHIRPS Daily v2.0,Maharashtra,CHIRPS Rainfall
2020-09-02,2020-09-09,36.0,2020,P135,17.882716437324603,74.0801070669471,Satara,high,priority,48.4522340297699,1,7,CHIRPS Daily v2.0,Maharashtra,CHIRPS Rainfall
2020-09-02,2020-09-09,36.0,2020,P136,17.928520323345598,74.22149178404871,Satara,high,priority,29.193270683288574,1,7,CHIRPS Daily v2.0,Maharashtra,CHIRPS Rainfall
2020-09-02,2020-09-09,36.0,2020,P137,17.746687100588183,73.98648378122894,Satara,high,priority,46.7038459777832,1,7,CHIRPS Daily v2.0,Maharashtra,CHIRPS Rainfall
2020-09-02,2020-09-09,36.0,2020,P138,17.61269557303319,74.36423652697161,Satara,high,priority,60.40100860595703,1,7,CHIRPS Daily v2.0,Maharashtra,CHIRPS Rainfall
2020-09-02,2020-09-09,36.0,2020,P139,17.656773786946495,74.08126197411994,Satara,high,priority,53.92787408828735,1,7,CHIRPS Daily v2.0,Maharashtra,CHIRPS Rainfall
2020-09-02,2020-09-09,36.0,2020,P140,17.97464080554139,74.50462240543725,Satara,high,priority,37.42059803009033,1,7,CHIRPS Daily v2.0,Maharashtra,CHIRPS Rainfall
2020-09-02,2020-09-09,36.0,2020,P141,17.430826677467348,74.08239904488856,Satara,high,priority,58.097896575927734,1,7,CHIRPS Daily v2.0,Maharashtra,CHIRPS Rainfall
2020-09-02,2020-09-09,36.0,2020,P142,18.064447100757786,74.31538707493111,Satara,high,priority,34.28886413574219,1,7,CHIRPS Daily v2.0,Maharashtra,CHIRPS Rainfall
2020-09-02,2020-09-09,36.0,2020,P143,17.70379500755509,74.6468275971327,Satara,high,priority,63.178110122680664,1,7,CHIRPS Daily v2.0,Maharashtra,CHIRPS Rainfall
2020-09-02,2020-09-09,36.0,2020,P144,17.929452275465767,74.50474726026674,Satara,high,priority,40.355234146118164,1,7,CHIRPS Daily v2.0,Maharashtra,CHIRPS Rainfall
2020-09-02,2020-09-09,36.0,2020,P145,17.47773196144854,74.60017202281048,Satara,high,priority,80.4841136932373,1,7,CHIRPS Daily v2.0,Maharashtra,CHIRPS Rainfall
2020-09-02,2020-09-09,36.0,2020,P146,17.839182233739812,74.55218763637436,Satara,high,priority,50.42573356628418,1,7,CHIRPS Daily v2.0,Maharashtra,CHIRPS Rainfall
2020-09-02,2020-09-09,36.0,2020,P001,19.940457800458272,74.57045211428928,Ahmednagar,normal,statewide,29.582144737243652,1,7,CHIRPS Daily v2.0,Maharashtra,CHIRPS Rainfall
2020-09-02,2020-09-09,36.0,2020,P002,18.946729294293643,74.76302285238339,Ahmednagar,normal,statewide,53.749207973480225,1,7,CHIRPS Daily v2.0,Maharashtra,CHIRPS Rainfall
2020-09-02,2020-09-09,36.0,2020,P003,18.49469238410162,74.66892244285252,Ahmednagar,normal,statewide,56.75145626068115,1,7,CHIRPS Daily v2.0,Maharashtra,CHIRPS Rainfall
2020-09-02,2020-09-09,36.0,2020,P004,19.03720445466806,75.1420731965326,Ahmednagar,normal,statewide,28.84399724006653,1,7,CHIRPS Daily v2.0,Maharashtra,CHIRPS Rainfall
2020-09-02,2020-09-09,36.0,2020,P005,20.832153156317954,77.06560453615967,Akola,normal,statewide,19.173158645629883,1,7,CHIRPS Daily v2.0,Maharashtra,CHIRPS Rainfall
2020-09-02,2020-09-09,36.0,2020,P006,20.834360411339407,76.87349308547405,Akola,normal,statewide,14.14438772201538,1,7,CHIRPS Daily v2.0,Maharashtra,CHIRPS Rainfall
2020-09-02,2020-09-09,36.0,2020,P007,21.014976299509232,76.87574047240498,Akola,normal,statewide,19.651936531066895,1,7,CHIRPS Daily v2.0,Maharashtra,CHIRPS Rainfall
2020-09-02,2020-09-09,36.0,2020,P008,20.828434266039377,77.35372489162701,Akola,normal,statewide,16.699405670166016,1,7,CHIRPS Daily v2.0,Maharashtra,CHIRPS Rainfall
2020-09-02,2020-09-09,36.0,2020,P009,21.360971327549258,77.94039543992572,Amravati,normal,statewide,21.83597421646118,1,7,CHIRPS Daily v2.0,Maharashtra,CHIRPS Rainfall
2020-09-02,2020-09-09,36.0,2020,P010,21.178803672212837,78.03301542790685,Amravati,normal,statewide,22.328084468841553,1,7,CHIRPS Daily v2.0,Maharashtra,CHIRPS Rainfall
2020-09-02,2020-09-09,36.0,2020,P011,20.814388097721018,78.21764450702477,Amravati,normal,statewide,22.539912700653076,1,7,CHIRPS Daily v2.0,Maharashtra,CHIRPS Rainfall
2020-09-02,2020-09-09,36.0,2020,P012,21.180502589714195,77.93681032267875,Amravati,normal,statewide,21.557708740234375,1,7,CHIRPS Daily v2.0,Maharashtra,CHIRPS Rainfall
2020-09-02,2020-09-09,36.0,2020,P013,20.031289688916964,74.8570519162974,Aurangabad,normal,statewide,28.613120555877686,1,7,CHIRPS Daily v2.0,Maharashtra,CHIRPS Rainfall
2020-09-02,2020-09-09,36.0,2020,P014,19.760185263069562,75.14270192978114,Aurangabad,normal,statewide,28.461270332336426,1,7,CHIRPS Daily v2.0,Maharashtra,CHIRPS Rainfall
2020-09-02,2020-09-09,36.0,2020,P015,19.9408189876436,74.76157364454102,Aurangabad,normal,statewide,29.22182607650757,1,7,CHIRPS Daily v2.0,Maharashtra,CHIRPS Rainfall
2020-09-02,2020-09-09,36.0,2020,P016,19.66981712112043,75.14262166596218,Aurangabad,normal,statewide,31.55863857269287,1,7,CHIRPS Daily v2.0,Maharashtra,CHIRPS Rainfall
2020-09-02,2020-09-09,36.0,2020,P017,21.04613203856966,79.85576216552393,Bhandara,normal,statewide,33.880003929138184,1,7,CHIRPS Daily v2.0,Maharashtra,CHIRPS Rainfall
2020-09-02,2020-09-09,36.0,2020,P018,21.31897105472685,79.76852877161537,Bhandara,normal,statewide,23.39628314971924,1,7,CHIRPS Daily v2.0,Maharashtra,CHIRPS Rainfall
2020-09-02,2020-09-09,36.0,2020,P019,21.40900922319803,79.77144948280537,Bhandara,normal,statewide,15.724648475646973,1,7,CHIRPS Daily v2.0,Maharashtra,CHIRPS Rainfall
2020-09-02,2020-09-09,36.0,2020,P020,21.144196588937042,79.57074980349083,Bhandara,normal,statewide,38.643455505371094,1,7,CHIRPS Daily v2.0,Maharashtra,CHIRPS Rainfall
2020-09-02,2020-09-09,36.0,2020,P021,18.67502288980403,75.52108340877234,Bid,normal,statewide,36.32596206665039,1,7,CHIRPS Daily v2.0,Maharashtra,CHIRPS Rainfall
2020-09-02,2020-09-09,36.0,2020,P022,18.856499384477168,75.04699178476999,Bid,normal,statewide,34.16549348831177,1,7,CHIRPS Daily v2.0,Maharashtra,CHIRPS Rainfall
2020-09-02,2020-09-09,36.0,2020,P023,19.126596053486494,75.6175605191647,Bid,normal,statewide,26.602264642715454,1,7,CHIRPS Daily v2.0,Maharashtra,CHIRPS Rainfall
2020-09-02,2020-09-09,36.0,2020,P024,18.763955201213946,75.90084720909012,Bid,normal,statewide,55.31975555419922,1,7,CHIRPS Daily v2.0,Maharashtra,CHIRPS Rainfall
2020-09-02,2020-09-09,36.0,2020,P025,20.93073496240753,76.20164478885242,Buldana,normal,statewide,27.54619026184082,1,7,CHIRPS Daily v2.0,Maharashtra,CHIRPS Rainfall
2020-09-02,2020-09-09,36.0,2020,P026,20.838939908121294,76.39311412898633,Buldana,normal,statewide,28.063069343566895,1,7,CHIRPS Daily v2.0,Maharashtra,CHIRPS Rainfall
2020-09-02,2020-09-09,36.0,2020,P027,20.657476790751314,76.48742857536776,Buldana,normal,statewide,18.270221710205078,1,7,CHIRPS Daily v2.0,Maharashtra,CHIRPS Rainfall
2020-09-02,2020-09-09,36.0,2020,P028,20.47967013624516,76.10222021266374,Buldana,normal,statewide,25.331618309020996,1,7,CHIRPS Daily v2.0,Maharashtra,CHIRPS Rainfall
2020-09-02,2020-09-09,36.0,2020,P029,20.32317798477448,79.92829390325927,Chandrapur,normal,statewide,81.34417963027954,1,7,CHIRPS Daily v2.0,Maharashtra,CHIRPS Rainfall
2020-09-02,2020-09-09,36.0,2020,P030,20.60872097983294,79.36304041732026,Chandrapur,normal,statewide,34.56608295440674,1,7,CHIRPS Daily v2.0,Maharashtra,CHIRPS Rainfall
2020-09-02,2020-09-09,36.0,2020,P031,20.511160307884595,79.64732594588165,Chandrapur,normal,statewide,54.61308670043945,1,7,CHIRPS Daily v2.0,Maharashtra,CHIRPS Rainfall
2020-09-02,2020-09-09,36.0,2020,P032,20.598621115946884,79.74569817422172,Chandrapur,normal,statewide,47.65431308746338,1,7,CHIRPS Daily v2.0,Maharashtra,CHIRPS Rainfall
2020-09-02,2020-09-09,36.0,2020,P033,21.38667804512237,75.14422248324037,Dhule,normal,statewide,24.481820106506348,1,7,CHIRPS Daily v2.0,Maharashtra,CHIRPS Rainfall
2020-09-02,2020-09-09,36.0,2020,P034,21.025151968113196,74.75989256344387,Dhule,normal,statewide,23.478116035461426,1,7,CHIRPS Daily v2.0,Maharashtra,CHIRPS Rainfall
2020-09-02,2020-09-09,36.0,2020,P035,21.477028350667293,74.85568743137505,Dhule,normal,statewide,19.71602201461792,1,7,CHIRPS Daily v2.0,Maharashtra,CHIRPS Rainfall
2020-09-02,2020-09-09,36.0,2020,P036,20.933820660336515,74.37533522949364,Dhule,normal,statewide,36.62205266952515,1,7,CHIRPS Daily v2.0,Maharashtra,CHIRPS Rainfall
2020-09-02,2020-09-09,36.0,2020,P037,19.963056524597132,79.91698116388667,Garhchiroli,normal,statewide,52.55308246612549,1,7,CHIRPS Daily v2.0,Maharashtra,CHIRPS Rainfall
2020-09-02,2020-09-09,36.0,2020,P038,19.062661462582188,79.88977172925856,Garhchiroli,normal,statewide,47.25316333770752,1,7,CHIRPS Daily v2.0,Maharashtra,CHIRPS Rainfall
2020-09-02,2020-09-09,36.0,2020,P039,19.510270485428137,79.9981368030594,Garhchiroli,normal,statewide,68.62476062774658,1,7,CHIRPS Daily v2.0,Maharashtra,CHIRPS Rainfall
2020-09-02,2020-09-09,36.0,2020,P040,19.870365190999156,80.00935144220881,Garhchiroli,normal,statewide,49.800776958465576,1,7,CHIRPS Daily v2.0,Maharashtra,CHIRPS Rainfall
2020-09-02,2020-09-09,36.0,2020,P041,21.127639946725598,80.1465044724107,Gondiya,normal,statewide,31.24769878387451,1,7,CHIRPS Daily v2.0,Maharashtra,CHIRPS Rainfall
2020-09-02,2020-09-09,36.0,2020,P042,21.397598383602258,80.15591763473452,Gondiya,normal,statewide,18.338716506958008,1,7,CHIRPS Daily v2.0,Maharashtra,CHIRPS Rainfall
2020-09-02,2020-09-09,36.0,2020,P043,21.574548890706154,80.25847249986273,Gondiya,normal,statewide,24.344916343688965,1,7,CHIRPS Daily v2.0,Maharashtra,CHIRPS Rainfall
2020-09-02,2020-09-09,36.0,2020,P044,21.211649410572516,80.34153217518526,Gondiya,normal,statewide,28.01705312728882,1,7,CHIRPS Daily v2.0,Maharashtra,CHIRPS Rainfall
2020-09-02,2020-09-09,36.0,2020,P045,19.655900266732623,77.2407892392464,Hingoli,normal,statewide,26.347267627716064,1,7,CHIRPS Daily v2.0,Maharashtra,CHIRPS Rainfall
2020-09-02,2020-09-09,36.0,2020,P046,19.566758377573187,77.1442675378435,Hingoli,normal,statewide,28.395416736602783,1,7,CHIRPS Daily v2.0,Maharashtra,CHIRPS Rainfall
2020-09-02,2020-09-09,36.0,2020,P047,19.47860194974656,76.9526242927685,Hingoli,normal,statewide,14.38775634765625,1,7,CHIRPS Daily v2.0,Maharashtra,CHIRPS Rainfall
2020-09-02,2020-09-09,36.0,2020,P048,19.927981235710728,77.14910120338544,Hingoli,normal,statewide,18.41518211364746,1,7,CHIRPS Daily v2.0,Maharashtra,CHIRPS Rainfall
2020-09-02,2020-09-09,36.0,2020,P049,21.292738163229433,76.10816865346904,Jalgaon,normal,statewide,29.166821002960205,1,7,CHIRPS Daily v2.0,Maharashtra,CHIRPS Rainfall
2020-09-02,2020-09-09,36.0,2020,P050,21.386178625804387,75.43363151891216,Jalgaon,normal,statewide,20.66375207901001,1,7,CHIRPS Daily v2.0,Maharashtra,CHIRPS Rainfall
2020-09-02,2020-09-09,36.0,2020,P051,21.112064306745907,76.10682200495089,Jalgaon,normal,statewide,28.761234283447266,1,7,CHIRPS Daily v2.0,Maharashtra,CHIRPS Rainfall
2020-09-02,2020-09-09,36.0,2020,P052,20.844437979720194,75.23982115072519,Jalgaon,normal,statewide,37.60239338874817,1,7,CHIRPS Daily v2.0,Maharashtra,CHIRPS Rainfall
2020-09-02,2020-09-09,36.0,2020,P053,19.486369703781666,76.00005328932718,Jalna,normal,statewide,4.636656761169434,1,7,CHIRPS Daily v2.0,Maharashtra,CHIRPS Rainfall
2020-09-02,2020-09-09,36.0,2020,P054,20.028502750758555,76.00343774702675,Jalna,normal,statewide,24.84152603149414,1,7,CHIRPS Daily v2.0,Maharashtra,CHIRPS Rainfall
2020-09-02,2020-09-09,36.0,2020,P055,19.75743845682064,76.00172991132328,Jalna,normal,statewide,12.555758953094482,1,7,CHIRPS Daily v2.0,Maharashtra,CHIRPS Rainfall
2020-09-02,2020-09-09,36.0,2020,P056,19.57768317515413,75.80993951591351,Jalna,normal,statewide,9.85811161994934,1,7,CHIRPS Daily v2.0,Maharashtra,CHIRPS Rainfall
2020-09-02,2020-09-09,36.0,2020,P057,16.776377793156257,74.29671235971928,Kolhapur,normal,statewide,83.98145198822021,1,7,CHIRPS Daily v2.0,Maharashtra,CHIRPS Rainfall
2020-09-02,2020-09-09,36.0,2020,P058,16.324416687682138,74.29834884980589,Kolhapur,normal,statewide,111.26389503479004,1,7,CHIRPS Daily v2.0,Maharashtra,CHIRPS Rainfall
2020-09-02,2020-09-09,36.0,2020,P059,16.595891218916975,74.39111598812178,Kolhapur,normal,statewide,76.56451225280762,1,7,CHIRPS Daily v2.0,Maharashtra,CHIRPS Rainfall
2020-09-02,2020-09-09,36.0,2020,P060,16.414811584237594,74.29802779453004,Kolhapur,normal,statewide,71.81984329223633,1,7,CHIRPS Daily v2.0,Maharashtra,CHIRPS Rainfall
2020-09-02,2020-09-09,36.0,2020,P086,21.054127206758487,79.56798961993874,Nagpur,normal,statewide,41.26157236099243,1,7,CHIRPS Daily v2.0,Maharashtra,CHIRPS Rainfall
2020-09-02,2020-09-09,36.0,2020,P087,21.146765031143822,79.47473643960802,Nagpur,normal,statewide,38.26333236694336,1,7,CHIRPS Daily v2.0,Maharashtra,CHIRPS Rainfall
2020-09-02,2020-09-09,36.0,2020,P088,21.347803602138427,78.61442869606356,Nagpur,normal,statewide,28.89040517807007,1,7,CHIRPS Daily v2.0,Maharashtra,CHIRPS Rainfall
2020-09-02,2020-09-09,36.0,2020,P089,21.165377318940912,78.70615240473293,Nagpur,normal,statewide,34.113903522491455,1,7,CHIRPS Daily v2.0,Maharashtra,CHIRPS Rainfall
2020-09-02,2020-09-09,36.0,2020,P090,19.201968238592887,77.42470040309472,Nanded,normal,statewide,11.080506563186646,1,7,CHIRPS Daily v2.0,Maharashtra,CHIRPS Rainfall
2020-09-02,2020-09-09,36.0,2020,P091,18.566038000956755,77.69963965584807,Nanded,normal,statewide,28.15145516395569,1,7,CHIRPS Daily v2.0,Maharashtra,CHIRPS Rainfall
2020-09-02,2020-09-09,36.0,2020,P092,19.736596618496833,77.90946265591798,Nanded,normal,statewide,41.17859935760498,1,7,CHIRPS Daily v2.0,Maharashtra,CHIRPS Rainfall
2020-09-02,2020-09-09,36.0,2020,P093,18.93564842817583,77.04115528508362,Nanded,normal,statewide,13.141835689544678,1,7,CHIRPS Daily v2.0,Maharashtra,CHIRPS Rainfall
2020-09-02,2020-09-09,36.0,2020,P094,21.564917232430716,74.08292967791392,Nandurbar,normal,statewide,16.61385488510132,1,7,CHIRPS Daily v2.0,Maharashtra,CHIRPS Rainfall
2020-09-02,2020-09-09,36.0,2020,P095,21.5662594218478,74.37266422796263,Nandurbar,normal,statewide,16.910075187683105,1,7,CHIRPS Daily v2.0,Maharashtra,CHIRPS Rainfall
2020-09-02,2020-09-09,36.0,2020,P096,21.385179787168415,74.27697637845674,Nandurbar,normal,statewide,28.25944995880127,1,7,CHIRPS Daily v2.0,Maharashtra,CHIRPS Rainfall
2020-09-02,2020-09-09,36.0,2020,P097,21.565421110849755,74.17950488852946,Nandurbar,normal,statewide,21.62411880493164,1,7,CHIRPS Daily v2.0,Maharashtra,CHIRPS Rainfall
2020-09-02,2020-09-09,36.0,2020,P098,20.299553667393326,73.99482675929994,Nashik,normal,statewide,36.013829946517944,1,7,CHIRPS Daily v2.0,Maharashtra,CHIRPS Rainfall
2020-09-02,2020-09-09,36.0,2020,P099,20.120253214034264,74.28296495117151,Nashik,normal,statewide,36.49042892456055,1,7,CHIRPS Daily v2.0,Maharashtra,CHIRPS Rainfall
2020-09-02,2020-09-09,36.0,2020,P100,20.389903972938242,73.99424261706194,Nashik,normal,statewide,30.89858913421631,1,7,CHIRPS Daily v2.0,Maharashtra,CHIRPS Rainfall
2020-09-02,2020-09-09,36.0,2020,P101,20.029015547379707,74.09216447619562,Nashik,normal,statewide,49.13428258895874,1,7,CHIRPS Daily v2.0,Maharashtra,CHIRPS Rainfall
2020-09-02,2020-09-09,36.0,2020,P102,17.85749130266526,76.36802722645965,Osmanabad,normal,statewide,50.082900047302246,1,7,CHIRPS Daily v2.0,Maharashtra,CHIRPS Rainfall
2020-09-02,2020-09-09,36.0,2020,P103,17.76644983645705,76.46164605307673,Osmanabad,normal,statewide,60.36901569366455,1,7,CHIRPS Daily v2.0,Maharashtra,CHIRPS Rainfall
2020-09-02,2020-09-09,36.0,2020,P104,17.949094615606196,76.17989775301476,Osmanabad,normal,statewide,62.3649582862854,1,7,CHIRPS Daily v2.0,Maharashtra,CHIRPS Rainfall
2020-09-02,2020-09-09,36.0,2020,P105,18.584360447185368,75.61558067829696,Osmanabad,normal,statewide,48.524704933166504,1,7,CHIRPS Daily v2.0,Maharashtra,CHIRPS Rainfall
2020-09-02,2020-09-09,36.0,2020,P106,19.031389786894366,76.47235681380711,Parbhani,normal,statewide,16.439229726791382,1,7,CHIRPS Daily v2.0,Maharashtra,CHIRPS Rainfall
2020-09-02,2020-09-09,36.0,2020,P107,19.120950831552832,76.56820519095093,Parbhani,normal,statewide,7.6490092277526855,1,7,CHIRPS Daily v2.0,Maharashtra,CHIRPS Rainfall
2020-09-02,2020-09-09,36.0,2020,P108,19.208625676465683,76.85432786914635,Parbhani,normal,statewide,17.8844051361084,1,7,CHIRPS Daily v2.0,Maharashtra,CHIRPS Rainfall
2020-09-02,2020-09-09,36.0,2020,P109,19.212081479782103,76.47396209018636,Parbhani,normal,statewide,5.909991264343262,1,7,CHIRPS Daily v2.0,Maharashtra,CHIRPS Rainfall
2020-09-02,2020-09-09,36.0,2020,P110,18.133442771357757,75.04679558432363,Pune,normal,statewide,53.00642967224121,1,7,CHIRPS Daily v2.0,Maharashtra,CHIRPS Rainfall
2020-09-02,2020-09-09,36.0,2020,P111,18.584645829652782,74.47919215212944,Pune,normal,statewide,34.81095027923584,1,7,CHIRPS Daily v2.0,Maharashtra,CHIRPS Rainfall
2020-09-02,2020-09-09,36.0,2020,P112,18.132979024848197,74.57507620208169,Pune,normal,statewide,40.451855182647705,1,7,CHIRPS Daily v2.0,Maharashtra,CHIRPS Rainfall
2020-09-02,2020-09-09,36.0,2020,P113,18.314072036830744,74.76389683618987,Pune,normal,statewide,50.733463287353516,1,7,CHIRPS Daily v2.0,Maharashtra,CHIRPS Rainfall
2020-09-02,2020-09-09,36.0,2020,P114,18.48503397121986,73.0589238755964,Raigarh,normal,statewide,109.93666076660156,1,7,CHIRPS Daily v2.0,Maharashtra,CHIRPS Rainfall
2020-09-02,2020-09-09,36.0,2020,P115,18.665689991299164,73.05687714821288,Raigarh,normal,statewide,142.34497451782227,1,7,CHIRPS Daily v2.0,Maharashtra,CHIRPS Rainfall
2020-09-02,2020-09-09,36.0,2020,P116,18.306197264370358,73.25009891506079,Raigarh,normal,statewide,76.04226970672607,1,7,CHIRPS Daily v2.0,Maharashtra,CHIRPS Rainfall
2020-09-02,2020-09-09,36.0,2020,P117,18.21404102289879,73.06194714611064,Raigarh,normal,statewide,96.2678165435791,1,7,CHIRPS Daily v2.0,Maharashtra,CHIRPS Rainfall
2020-09-02,2020-09-09,36.0,2020,P118,17.138719885658215,75.42259970290594,Sangli,normal,statewide,58.56544208526611,1,7,CHIRPS Daily v2.0,Maharashtra,CHIRPS Rainfall
2020-09-02,2020-09-09,36.0,2020,P119,17.048761981005992,74.95348443567921,Sangli,normal,statewide,77.82878637313843,1,7,CHIRPS Daily v2.0,Maharashtra,CHIRPS Rainfall
2020-09-02,2020-09-09,36.0,2020,P120,16.86707144948229,74.39025538161847,Sangli,normal,statewide,72.80796432495117,1,7,CHIRPS Daily v2.0,Maharashtra,CHIRPS Rainfall
2020-09-02,2020-09-09,36.0,2020,P121,17.048503353144895,74.67157114887826,Sangli,normal,statewide,71.02277517318726,1,7,CHIRPS Daily v2.0,Maharashtra,CHIRPS Rainfall
2020-09-02,2020-09-09,36.0,2020,P148,17.67852974098626,76.08383979812143,Solapur,normal,statewide,57.77383232116699,1,7,CHIRPS Daily v2.0,Maharashtra,CHIRPS Rainfall
2020-09-02,2020-09-09,36.0,2020,P149,18.223365003201543,75.4251413905064,Solapur,normal,statewide,49.51642417907715,1,7,CHIRPS Daily v2.0,Maharashtra,CHIRPS Rainfall
2020-09-02,2020-09-09,36.0,2020,P150,17.952532582518405,75.23562067753285,Solapur,normal,statewide,57.90595817565918,1,7,CHIRPS Daily v2.0,Maharashtra,CHIRPS Rainfall
2020-09-02,2020-09-09,36.0,2020,P151,18.223690517578447,75.23598186471818,Solapur,normal,statewide,40.181121826171875,1,7,CHIRPS Daily v2.0,Maharashtra,CHIRPS Rainfall
2020-09-02,2020-09-09,36.0,2020,P152,19.658178867370932,72.94986318203122,Thane,normal,statewide,90.08864402770996,1,7,CHIRPS Daily v2.0,Maharashtra,CHIRPS Rainfall
2020-09-02,2020-09-09,36.0,2020,P153,19.65706409210757,72.8545320606096,Thane,normal,statewide,86.86002922058105,1,7,CHIRPS Daily v2.0,Maharashtra,CHIRPS Rainfall
2020-09-02,2020-09-09,36.0,2020,P154,19.477549601897948,72.95214624177059,Thane,normal,statewide,112.47570323944092,1,7,CHIRPS Daily v2.0,Maharashtra,CHIRPS Rainfall
2020-09-02,2020-09-09,36.0,2020,P155,19.83987385799569,73.0429959666335,Thane,normal,statewide,69.25722551345825,1,7,CHIRPS Daily v2.0,Maharashtra,CHIRPS Rainfall
2020-09-02,2020-09-09,36.0,2020,P156,20.806749657616468,78.60135461177485,Wardha,normal,statewide,21.082602500915527,1,7,CHIRPS Daily v2.0,Maharashtra,CHIRPS Rainfall
2020-09-02,2020-09-09,36.0,2020,P157,20.71031267913359,78.88671032458906,Wardha,normal,statewide,21.975335597991943,1,7,CHIRPS Daily v2.0,Maharashtra,CHIRPS Rainfall
2020-09-02,2020-09-09,36.0,2020,P158,21.081265295769754,78.41565980750515,Wardha,normal,statewide,30.443275928497314,1,7,CHIRPS Daily v2.0,Maharashtra,CHIRPS Rainfall
2020-09-02,2020-09-09,36.0,2020,P159,20.439854822938944,78.87986114537097,Wardha,normal,statewide,27.588491916656494,1,7,CHIRPS Daily v2.0,Maharashtra,CHIRPS Rainfall
2020-09-02,2020-09-09,36.0,2020,P160,20.289186257444058,77.15404188735265,Washim,normal,statewide,29.614670276641846,1,7,CHIRPS Daily v2.0,Maharashtra,CHIRPS Rainfall
2020-09-02,2020-09-09,36.0,2020,P161,20.464607292886615,77.53975858757677,Washim,normal,statewide,32.37040948867798,1,7,CHIRPS Daily v2.0,Maharashtra,CHIRPS Rainfall
2020-09-02,2020-09-09,36.0,2020,P162,20.107393166596125,77.2471479173486,Washim,normal,statewide,28.575829029083252,1,7,CHIRPS Daily v2.0,Maharashtra,CHIRPS Rainfall
2020-09-02,2020-09-09,36.0,2020,P163,20.198885002010726,77.1527933390577,Washim,normal,statewide,29.593170642852783,1,7,CHIRPS Daily v2.0,Maharashtra,CHIRPS Rainfall
2020-09-02,2020-09-09,36.0,2020,P164,20.182854533723592,78.20447678161395,Yavatmal,normal,statewide,34.77059888839722,1,7,CHIRPS Daily v2.0,Maharashtra,CHIRPS Rainfall
2020-09-02,2020-09-09,36.0,2020,P165,19.894658373538324,79.05709703494229,Yavatmal,normal,statewide,36.58880424499512,1,7,CHIRPS Daily v2.0,Maharashtra,CHIRPS Rainfall
2020-09-02,2020-09-09,36.0,2020,P166,19.468787468327925,77.71426550730338,Yavatmal,normal,statewide,12.73992919921875,1,7,CHIRPS Daily v2.0,Maharashtra,CHIRPS Rainfall
2020-09-02,2020-09-09,36.0,2020,P167,19.559057510053886,77.71577268345945,Yavatmal,normal,statewide,34.139509439468384,1,7,CHIRPS Daily v2.0,Maharashtra,CHIRPS Rainfall
2020-09-09,2020-09-16,37.0,2020,P147,17.927231643141155,73.94769852026607,Satara,case_study,case_study,61.03164196014404,1,7,CHIRPS Daily v2.0,Maharashtra,CHIRPS Rainfall
2020-09-09,2020-09-16,37.0,2020,P061,18.507855650411397,76.91766048140843,Latur,high,priority,92.80665493011475,1,7,CHIRPS Daily v2.0,Maharashtra,CHIRPS Rainfall
2020-09-09,2020-09-16,37.0,2020,P062,18.422405896924207,76.3487594508077,Latur,high,priority,130.96725463867188,1,7,CHIRPS Daily v2.0,Maharashtra,CHIRPS Rainfall
2020-09-09,2020-09-16,37.0,2020,P063,18.235391198742693,77.05646783810116,Latur,high,priority,91.99747252464294,1,7,CHIRPS Daily v2.0,Maharashtra,CHIRPS Rainfall
2020-09-09,2020-09-16,37.0,2020,P064,18.193056493341274,76.77240080549139,Latur,high,priority,90.9711742401123,1,7,CHIRPS Daily v2.0,Maharashtra,CHIRPS Rainfall
2020-09-09,2020-09-16,37.0,2020,P065,18.331355512513895,76.44266811899327,Latur,high,priority,130.34708213806152,1,7,CHIRPS Daily v2.0,Maharashtra,CHIRPS Rainfall
2020-09-09,2020-09-16,37.0,2020,P066,18.104739537876725,76.5352970251765,Latur,high,priority,92.4672532081604,1,7,CHIRPS Daily v2.0,Maharashtra,CHIRPS Rainfall
2020-09-09,2020-09-16,37.0,2020,P067,18.280552974211986,77.0569984711265,Latur,high,priority,89.33245611190796,1,7,CHIRPS Daily v2.0,Maharashtra,CHIRPS Rainfall
2020-09-09,2020-09-16,37.0,2020,P068,18.101823285787773,76.86595720469373,Latur,high,priority,88.38570880889893,1,7,CHIRPS Daily v2.0,Maharashtra,CHIRPS Rainfall
2020-09-09,2020-09-16,37.0,2020,P069,18.595075667016793,77.20284228928156,Latur,high,priority,73.56537103652954,1,7,CHIRPS Daily v2.0,Maharashtra,CHIRPS Rainfall
2020-09-09,2020-09-16,37.0,2020,P070,18.41499041187233,77.15322587185987,Latur,high,priority,86.62273406982422,1,7,CHIRPS Daily v2.0,Maharashtra,CHIRPS Rainfall
2020-09-09,2020-09-16,37.0,2020,P071,18.149138807065885,76.63019561379593,Latur,high,priority,96.58673048019409,1,7,CHIRPS Daily v2.0,Maharashtra,CHIRPS Rainfall
2020-09-09,2020-09-16,37.0,2020,P072,18.283393421583035,76.77331492120734,Latur,high,priority,111.73703670501709,1,7,CHIRPS Daily v2.0,Maharashtra,CHIRPS Rainfall
2020-09-09,2020-09-16,37.0,2020,P073,17.966315663874607,76.86453029235662,Latur,high,priority,90.51203155517578,1,7,CHIRPS Daily v2.0,Maharashtra,CHIRPS Rainfall
2020-09-09,2020-09-16,37.0,2020,P074,18.50832831512306,76.870318205524,Latur,high,priority,98.6734528541565,1,7,CHIRPS Daily v2.0,Maharashtra,CHIRPS Rainfall
2020-09-09,2020-09-16,37.0,2020,P075,18.41444640154381,77.20053247493588,Latur,high,priority,83.9177131652832,1,7,CHIRPS Daily v2.0,Maharashtra,CHIRPS Rainfall
2020-09-09,2020-09-16,37.0,2020,P076,18.377877313804504,76.25376722106614,Latur,high,priority,124.92111206054688,1,7,CHIRPS Daily v2.0,Maharashtra,CHIRPS Rainfall
2020-09-09,2020-09-16,37.0,2020,P077,18.059564385104267,76.5349046242838,Latur,high,priority,88.4786286354065,1,7,CHIRPS Daily v2.0,Maharashtra,CHIRPS Rainfall
2020-09-09,2020-09-16,37.0,2020,P078,18.1008824154655,76.96042326051098,Latur,high,priority,90.27394580841064,1,7,CHIRPS Daily v2.0,Maharashtra,CHIRPS Rainfall
2020-09-09,2020-09-16,37.0,2020,P079,18.73508698099394,76.77797468180819,Latur,high,priority,93.17299365997314,1,7,CHIRPS Daily v2.0,Maharashtra,CHIRPS Rainfall
2020-09-09,2020-09-16,37.0,2020,P080,18.46791548227568,76.3017694439065,Latur,high,priority,124.33930730819702,1,7,CHIRPS Daily v2.0,Maharashtra,CHIRPS Rainfall
2020-09-09,2020-09-16,37.0,2020,P081,18.10355787609756,76.67701617485712,Latur,high,priority,92.36285161972046,1,7,CHIRPS Daily v2.0,Maharashtra,CHIRPS Rainfall
2020-09-09,2020-09-16,37.0,2020,P082,18.23907887531389,76.67830931416262,Latur,high,priority,109.19341278076172,1,7,CHIRPS Daily v2.0,Maharashtra,CHIRPS Rainfall
2020-09-09,2020-09-16,37.0,2020,P083,18.369289085175563,77.19996171000103,Latur,high,priority,93.18197822570801,1,7,CHIRPS Daily v2.0,Maharashtra,CHIRPS Rainfall
2020-09-09,2020-09-16,37.0,2020,P084,18.46362582706226,76.82249880582684,Latur,high,priority,107.3860764503479,1,7,CHIRPS Daily v2.0,Maharashtra,CHIRPS Rainfall
2020-09-09,2020-09-16,37.0,2020,P085,18.14788579966987,76.77194597718393,Latur,high,priority,93.09523820877075,1,7,CHIRPS Daily v2.0,Maharashtra,CHIRPS Rainfall
2020-09-09,2020-09-16,37.0,2020,P122,17.88145897082753,73.8441448165019,Satara,high,priority,57.308746337890625,1,7,CHIRPS Daily v2.0,Maharashtra,CHIRPS Rainfall
2020-09-09,2020-09-16,37.0,2020,P123,17.386414030975025,74.27088970551878,Satara,high,priority,69.58225584030151,1,7,CHIRPS Daily v2.0,Maharashtra,CHIRPS Rainfall
2020-09-09,2020-09-16,37.0,2020,P124,17.43262815429294,74.647353771057,Satara,high,priority,74.72135829925537,1,7,CHIRPS Daily v2.0,Maharashtra,CHIRPS Rainfall
2020-09-09,2020-09-16,37.0,2020,P125,17.56734651531964,74.31728219287884,Satara,high,priority,64.92066192626953,1,7,CHIRPS Daily v2.0,Maharashtra,CHIRPS Rainfall
2020-09-09,2020-09-16,37.0,2020,P126,17.205080227535593,74.13053949986157,Satara,high,priority,82.54415035247803,1,7,CHIRPS Daily v2.0,Maharashtra,CHIRPS Rainfall
2020-09-09,2020-09-16,37.0,2020,P127,17.65773249367299,74.31694330119876,Satara,high,priority,59.53648853302002,1,7,CHIRPS Daily v2.0,Maharashtra,CHIRPS Rainfall
2020-09-09,2020-09-16,37.0,2020,P128,18.019949731345452,74.5517328080669,Satara,high,priority,94.40369415283203,1,7,CHIRPS Daily v2.0,Maharashtra,CHIRPS Rainfall
2020-09-09,2020-09-16,37.0,2020,P129,18.063234225271252,74.03192648006461,Satara,high,priority,60.210476875305176,1,7,CHIRPS Daily v2.0,Maharashtra,CHIRPS Rainfall
2020-09-09,2020-09-16,37.0,2020,P130,17.61135784271715,74.03436560834085,Satara,high,priority,65.87893104553223,1,7,CHIRPS Daily v2.0,Maharashtra,CHIRPS Rainfall
2020-09-09,2020-09-16,37.0,2020,P131,17.612539504496315,74.3171127470388,Satara,high,priority,72.6899471282959,1,7,CHIRPS Daily v2.0,Maharashtra,CHIRPS Rainfall
2020-09-09,2020-09-16,37.0,2020,P132,17.702176353872684,74.12817617630324,Satara,high,priority,63.66371393203735,1,7,CHIRPS Daily v2.0,Maharashtra,CHIRPS Rainfall
2020-09-09,2020-09-16,37.0,2020,P133,17.25006363896275,74.08329532420031,Satara,high,priority,75.68968200683594,1,7,CHIRPS Daily v2.0,Maharashtra,CHIRPS Rainfall
2020-09-09,2020-09-16,37.0,2020,P134,17.476429903940936,74.17634784498362,Satara,high,priority,54.3537540435791,1,7,CHIRPS Daily v2.0,Maharashtra,CHIRPS Rainfall
2020-09-09,2020-09-16,37.0,2020,P135,17.882716437324603,74.0801070669471,Satara,high,priority,58.6374568939209,1,7,CHIRPS Daily v2.0,Maharashtra,CHIRPS Rainfall
2020-09-09,2020-09-16,37.0,2020,P136,17.928520323345598,74.22149178404871,Satara,high,priority,56.21928119659424,1,7,CHIRPS Daily v2.0,Maharashtra,CHIRPS Rainfall
2020-09-09,2020-09-16,37.0,2020,P137,17.746687100588183,73.98648378122894,Satara,high,priority,54.68232345581055,1,7,CHIRPS Daily v2.0,Maharashtra,CHIRPS Rainfall
2020-09-09,2020-09-16,37.0,2020,P138,17.61269557303319,74.36423652697161,Satara,high,priority,58.746378898620605,1,7,CHIRPS Daily v2.0,Maharashtra,CHIRPS Rainfall
2020-09-09,2020-09-16,37.0,2020,P139,17.656773786946495,74.08126197411994,Satara,high,priority,61.47973823547363,1,7,CHIRPS Daily v2.0,Maharashtra,CHIRPS Rainfall
2020-09-09,2020-09-16,37.0,2020,P140,17.97464080554139,74.50462240543725,Satara,high,priority,96.05172157287598,1,7,CHIRPS Daily v2.0,Maharashtra,CHIRPS Rainfall
2020-09-09,2020-09-16,37.0,2020,P141,17.430826677467348,74.08239904488856,Satara,high,priority,73.73137617111206,1,7,CHIRPS Daily v2.0,Maharashtra,CHIRPS Rainfall
2020-09-09,2020-09-16,37.0,2020,P142,18.064447100757786,74.31538707493111,Satara,high,priority,89.57984447479248,1,7,CHIRPS Daily v2.0,Maharashtra,CHIRPS Rainfall
2020-09-09,2020-09-16,37.0,2020,P143,17.70379500755509,74.6468275971327,Satara,high,priority,78.45297193527222,1,7,CHIRPS Daily v2.0,Maharashtra,CHIRPS Rainfall
2020-09-09,2020-09-16,37.0,2020,P144,17.929452275465767,74.50474726026674,Satara,high,priority,75.91910219192505,1,7,CHIRPS Daily v2.0,Maharashtra,CHIRPS Rainfall
2020-09-09,2020-09-16,37.0,2020,P145,17.47773196144854,74.60017202281048,Satara,high,priority,74.7518720626831,1,7,CHIRPS Daily v2.0,Maharashtra,CHIRPS Rainfall
2020-09-09,2020-09-16,37.0,2020,P146,17.839182233739812,74.55218763637436,Satara,high,priority,80.95135307312012,1,7,CHIRPS Daily v2.0,Maharashtra,CHIRPS Rainfall
2020-09-09,2020-09-16,37.0,2020,P001,19.940457800458272,74.57045211428928,Ahmednagar,normal,statewide,55.3024377822876,1,7,CHIRPS Daily v2.0,Maharashtra,CHIRPS Rainfall
2020-09-09,2020-09-16,37.0,2020,P002,18.946729294293643,74.76302285238339,Ahmednagar,normal,statewide,81.75858640670776,1,7,CHIRPS Daily v2.0,Maharashtra,CHIRPS Rainfall
2020-09-09,2020-09-16,37.0,2020,P003,18.49469238410162,74.66892244285252,Ahmednagar,normal,statewide,79.87270593643188,1,7,CHIRPS Daily v2.0,Maharashtra,CHIRPS Rainfall
2020-09-09,2020-09-16,37.0,2020,P004,19.03720445466806,75.1420731965326,Ahmednagar,normal,statewide,76.5007266998291,1,7,CHIRPS Daily v2.0,Maharashtra,CHIRPS Rainfall
2020-09-09,2020-09-16,37.0,2020,P005,20.832153156317954,77.06560453615967,Akola,normal,statewide,50.9027316570282,1,7,CHIRPS Daily v2.0,Maharashtra,CHIRPS Rainfall
2020-09-09,2020-09-16,37.0,2020,P006,20.834360411339407,76.87349308547405,Akola,normal,statewide,49.867197036743164,1,7,CHIRPS Daily v2.0,Maharashtra,CHIRPS Rainfall
2020-09-09,2020-09-16,37.0,2020,P007,21.014976299509232,76.87574047240498,Akola,normal,statewide,74.25674533843994,1,7,CHIRPS Daily v2.0,Maharashtra,CHIRPS Rainfall
2020-09-09,2020-09-16,37.0,2020,P008,20.828434266039377,77.35372489162701,Akola,normal,statewide,56.91773986816406,1,7,CHIRPS Daily v2.0,Maharashtra,CHIRPS Rainfall
2020-09-09,2020-09-16,37.0,2020,P009,21.360971327549258,77.94039543992572,Amravati,normal,statewide,57.60169553756714,1,7,CHIRPS Daily v2.0,Maharashtra,CHIRPS Rainfall
2020-09-09,2020-09-16,37.0,2020,P010,21.178803672212837,78.03301542790685,Amravati,normal,statewide,45.9388861656189,1,7,CHIRPS Daily v2.0,Maharashtra,CHIRPS Rainfall
2020-09-09,2020-09-16,37.0,2020,P011,20.814388097721018,78.21764450702477,Amravati,normal,statewide,54.74813365936279,1,7,CHIRPS Daily v2.0,Maharashtra,CHIRPS Rainfall
2020-09-09,2020-09-16,37.0,2020,P012,21.180502589714195,77.93681032267875,Amravati,normal,statewide,48.37825107574463,1,7,CHIRPS Daily v2.0,Maharashtra,CHIRPS Rainfall
2020-09-09,2020-09-16,37.0,2020,P013,20.031289688916964,74.8570519162974,Aurangabad,normal,statewide,51.79515361785889,1,7,CHIRPS Daily v2.0,Maharashtra,CHIRPS Rainfall
2020-09-09,2020-09-16,37.0,2020,P014,19.760185263069562,75.14270192978114,Aurangabad,normal,statewide,64.77436447143555,1,7,CHIRPS Daily v2.0,Maharashtra,CHIRPS Rainfall
2020-09-09,2020-09-16,37.0,2020,P015,19.9408189876436,74.76157364454102,Aurangabad,normal,statewide,50.891356468200684,1,7,CHIRPS Daily v2.0,Maharashtra,CHIRPS Rainfall
2020-09-09,2020-09-16,37.0,2020,P016,19.66981712112043,75.14262166596218,Aurangabad,normal,statewide,58.975300788879395,1,7,CHIRPS Daily v2.0,Maharashtra,CHIRPS Rainfall
2020-09-09,2020-09-16,37.0,2020,P017,21.04613203856966,79.85576216552393,Bhandara,normal,statewide,63.535062313079834,1,7,CHIRPS Daily v2.0,Maharashtra,CHIRPS Rainfall
2020-09-09,2020-09-16,37.0,2020,P018,21.31897105472685,79.76852877161537,Bhandara,normal,statewide,51.90261220932007,1,7,CHIRPS Daily v2.0,Maharashtra,CHIRPS Rainfall
2020-09-09,2020-09-16,37.0,2020,P019,21.40900922319803,79.77144948280537,Bhandara,normal,statewide,45.2720832824707,1,7,CHIRPS Daily v2.0,Maharashtra,CHIRPS Rainfall
2020-09-09,2020-09-16,37.0,2020,P020,21.144196588937042,79.57074980349083,Bhandara,normal,statewide,49.18987536430359,1,7,CHIRPS Daily v2.0,Maharashtra,CHIRPS Rainfall
2020-09-09,2020-09-16,37.0,2020,P021,18.67502288980403,75.52108340877234,Bid,normal,statewide,92.96293115615845,1,7,CHIRPS Daily v2.0,Maharashtra,CHIRPS Rainfall
2020-09-09,2020-09-16,37.0,2020,P022,18.856499384477168,75.04699178476999,Bid,normal,statewide,81.9639503955841,1,7,CHIRPS Daily v2.0,Maharashtra,CHIRPS Rainfall
2020-09-09,2020-09-16,37.0,2020,P023,19.126596053486494,75.6175605191647,Bid,normal,statewide,76.73603320121765,1,7,CHIRPS Daily v2.0,Maharashtra,CHIRPS Rainfall
2020-09-09,2020-09-16,37.0,2020,P024,18.763955201213946,75.90084720909012,Bid,normal,statewide,95.04906368255615,1,7,CHIRPS Daily v2.0,Maharashtra,CHIRPS Rainfall
2020-09-09,2020-09-16,37.0,2020,P025,20.93073496240753,76.20164478885242,Buldana,normal,statewide,67.8156213760376,1,7,CHIRPS Daily v2.0,Maharashtra,CHIRPS Rainfall
2020-09-09,2020-09-16,37.0,2020,P026,20.838939908121294,76.39311412898633,Buldana,normal,statewide,56.96117115020752,1,7,CHIRPS Daily v2.0,Maharashtra,CHIRPS Rainfall
2020-09-09,2020-09-16,37.0,2020,P027,20.657476790751314,76.48742857536776,Buldana,normal,statewide,55.63173723220825,1,7,CHIRPS Daily v2.0,Maharashtra,CHIRPS Rainfall
2020-09-09,2020-09-16,37.0,2020,P028,20.47967013624516,76.10222021266374,Buldana,normal,statewide,51.09162163734436,1,7,CHIRPS Daily v2.0,Maharashtra,CHIRPS Rainfall
2020-09-09,2020-09-16,37.0,2020,P029,20.32317798477448,79.92829390325927,Chandrapur,normal,statewide,58.709808349609375,1,7,CHIRPS Daily v2.0,Maharashtra,CHIRPS Rainfall
2020-09-09,2020-09-16,37.0,2020,P030,20.60872097983294,79.36304041732026,Chandrapur,normal,statewide,49.5771598815918,1,7,CHIRPS Daily v2.0,Maharashtra,CHIRPS Rainfall
2020-09-09,2020-09-16,37.0,2020,P031,20.511160307884595,79.64732594588165,Chandrapur,normal,statewide,77.4683895111084,1,7,CHIRPS Daily v2.0,Maharashtra,CHIRPS Rainfall
2020-09-09,2020-09-16,37.0,2020,P032,20.598621115946884,79.74569817422172,Chandrapur,normal,statewide,63.32246112823486,1,7,CHIRPS Daily v2.0,Maharashtra,CHIRPS Rainfall
2020-09-09,2020-09-16,37.0,2020,P033,21.38667804512237,75.14422248324037,Dhule,normal,statewide,73.9717926979065,1,7,CHIRPS Daily v2.0,Maharashtra,CHIRPS Rainfall
2020-09-09,2020-09-16,37.0,2020,P034,21.025151968113196,74.75989256344387,Dhule,normal,statewide,74.20960235595703,1,7,CHIRPS Daily v2.0,Maharashtra,CHIRPS Rainfall
2020-09-09,2020-09-16,37.0,2020,P035,21.477028350667293,74.85568743137505,Dhule,normal,statewide,79.31905889511108,1,7,CHIRPS Daily v2.0,Maharashtra,CHIRPS Rainfall
2020-09-09,2020-09-16,37.0,2020,P036,20.933820660336515,74.37533522949364,Dhule,normal,statewide,69.26594543457031,1,7,CHIRPS Daily v2.0,Maharashtra,CHIRPS Rainfall
2020-09-09,2020-09-16,37.0,2020,P037,19.963056524597132,79.91698116388667,Garhchiroli,normal,statewide,78.08312320709229,1,7,CHIRPS Daily v2.0,Maharashtra,CHIRPS Rainfall
2020-09-09,2020-09-16,37.0,2020,P038,19.062661462582188,79.88977172925856,Garhchiroli,normal,statewide,105.29468536376953,1,7,CHIRPS Daily v2.0,Maharashtra,CHIRPS Rainfall
2020-09-09,2020-09-16,37.0,2020,P039,19.510270485428137,79.9981368030594,Garhchiroli,normal,statewide,78.1956558227539,1,7,CHIRPS Daily v2.0,Maharashtra,CHIRPS Rainfall
2020-09-09,2020-09-16,37.0,2020,P040,19.870365190999156,80.00935144220881,Garhchiroli,normal,statewide,82.3229284286499,1,7,CHIRPS Daily v2.0,Maharashtra,CHIRPS Rainfall
2020-09-09,2020-09-16,37.0,2020,P041,21.127639946725598,80.1465044724107,Gondiya,normal,statewide,58.84505748748779,1,7,CHIRPS Daily v2.0,Maharashtra,CHIRPS Rainfall
2020-09-09,2020-09-16,37.0,2020,P042,21.397598383602258,80.15591763473452,Gondiya,normal,statewide,60.90232849121094,1,7,CHIRPS Daily v2.0,Maharashtra,CHIRPS Rainfall
2020-09-09,2020-09-16,37.0,2020,P043,21.574548890706154,80.25847249986273,Gondiya,normal,statewide,50.99154281616211,1,7,CHIRPS Daily v2.0,Maharashtra,CHIRPS Rainfall
2020-09-09,2020-09-16,37.0,2020,P044,21.211649410572516,80.34153217518526,Gondiya,normal,statewide,45.47838020324707,1,7,CHIRPS Daily v2.0,Maharashtra,CHIRPS Rainfall
2020-09-09,2020-09-16,37.0,2020,P045,19.655900266732623,77.2407892392464,Hingoli,normal,statewide,61.22982168197632,1,7,CHIRPS Daily v2.0,Maharashtra,CHIRPS Rainfall
2020-09-09,2020-09-16,37.0,2020,P046,19.566758377573187,77.1442675378435,Hingoli,normal,statewide,65.16711902618408,1,7,CHIRPS Daily v2.0,Maharashtra,CHIRPS Rainfall
2020-09-09,2020-09-16,37.0,2020,P047,19.47860194974656,76.9526242927685,Hingoli,normal,statewide,72.08070611953735,1,7,CHIRPS Daily v2.0,Maharashtra,CHIRPS Rainfall
2020-09-09,2020-09-16,37.0,2020,P048,19.927981235710728,77.14910120338544,Hingoli,normal,statewide,67.86802291870117,1,7,CHIRPS Daily v2.0,Maharashtra,CHIRPS Rainfall
2020-09-09,2020-09-16,37.0,2020,P049,21.292738163229433,76.10816865346904,Jalgaon,normal,statewide,89.5329155921936,1,7,CHIRPS Daily v2.0,Maharashtra,CHIRPS Rainfall
2020-09-09,2020-09-16,37.0,2020,P050,21.386178625804387,75.43363151891216,Jalgaon,normal,statewide,79.48745107650757,1,7,CHIRPS Daily v2.0,Maharashtra,CHIRPS Rainfall
2020-09-09,2020-09-16,37.0,2020,P051,21.112064306745907,76.10682200495089,Jalgaon,normal,statewide,85.11766338348389,1,7,CHIRPS Daily v2.0,Maharashtra,CHIRPS Rainfall
2020-09-09,2020-09-16,37.0,2020,P052,20.844437979720194,75.23982115072519,Jalgaon,normal,statewide,79.36577558517456,1,7,CHIRPS Daily v2.0,Maharashtra,CHIRPS Rainfall
2020-09-09,2020-09-16,37.0,2020,P053,19.486369703781666,76.00005328932718,Jalna,normal,statewide,64.70985126495361,1,7,CHIRPS Daily v2.0,Maharashtra,CHIRPS Rainfall
2020-09-09,2020-09-16,37.0,2020,P054,20.028502750758555,76.00343774702675,Jalna,normal,statewide,71.39827823638916,1,7,CHIRPS Daily v2.0,Maharashtra,CHIRPS Rainfall
2020-09-09,2020-09-16,37.0,2020,P055,19.75743845682064,76.00172991132328,Jalna,normal,statewide,56.33885097503662,1,7,CHIRPS Daily v2.0,Maharashtra,CHIRPS Rainfall
2020-09-09,2020-09-16,37.0,2020,P056,19.57768317515413,75.80993951591351,Jalna,normal,statewide,60.90714740753174,1,7,CHIRPS Daily v2.0,Maharashtra,CHIRPS Rainfall
2020-09-09,2020-09-16,37.0,2020,P057,16.776377793156257,74.29671235971928,Kolhapur,normal,statewide,86.6456651687622,1,7,CHIRPS Daily v2.0,Maharashtra,CHIRPS Rainfall
2020-09-09,2020-09-16,37.0,2020,P058,16.324416687682138,74.29834884980589,Kolhapur,normal,statewide,80.68229961395264,1,7,CHIRPS Daily v2.0,Maharashtra,CHIRPS Rainfall
2020-09-09,2020-09-16,37.0,2020,P059,16.595891218916975,74.39111598812178,Kolhapur,normal,statewide,69.36864614486694,1,7,CHIRPS Daily v2.0,Maharashtra,CHIRPS Rainfall
2020-09-09,2020-09-16,37.0,2020,P060,16.414811584237594,74.29802779453004,Kolhapur,normal,statewide,98.93843841552734,1,7,CHIRPS Daily v2.0,Maharashtra,CHIRPS Rainfall
2020-09-09,2020-09-16,37.0,2020,P086,21.054127206758487,79.56798961993874,Nagpur,normal,statewide,45.23048400878906,1,7,CHIRPS Daily v2.0,Maharashtra,CHIRPS Rainfall
2020-09-09,2020-09-16,37.0,2020,P087,21.146765031143822,79.47473643960802,Nagpur,normal,statewide,42.67836284637451,1,7,CHIRPS Daily v2.0,Maharashtra,CHIRPS Rainfall
2020-09-09,2020-09-16,37.0,2020,P088,21.347803602138427,78.61442869606356,Nagpur,normal,statewide,26.06884479522705,1,7,CHIRPS Daily v2.0,Maharashtra,CHIRPS Rainfall
2020-09-09,2020-09-16,37.0,2020,P089,21.165377318940912,78.70615240473293,Nagpur,normal,statewide,31.62472438812256,1,7,CHIRPS Daily v2.0,Maharashtra,CHIRPS Rainfall
2020-09-09,2020-09-16,37.0,2020,P090,19.201968238592887,77.42470040309472,Nanded,normal,statewide,68.14679098129272,1,7,CHIRPS Daily v2.0,Maharashtra,CHIRPS Rainfall
2020-09-09,2020-09-16,37.0,2020,P091,18.566038000956755,77.69963965584807,Nanded,normal,statewide,69.09226274490356,1,7,CHIRPS Daily v2.0,Maharashtra,CHIRPS Rainfall
2020-09-09,2020-09-16,37.0,2020,P092,19.736596618496833,77.90946265591798,Nanded,normal,statewide,47.99443292617798,1,7,CHIRPS Daily v2.0,Maharashtra,CHIRPS Rainfall
2020-09-09,2020-09-16,37.0,2020,P093,18.93564842817583,77.04115528508362,Nanded,normal,statewide,86.988205909729,1,7,CHIRPS Daily v2.0,Maharashtra,CHIRPS Rainfall
2020-09-09,2020-09-16,37.0,2020,P094,21.564917232430716,74.08292967791392,Nandurbar,normal,statewide,78.25831651687622,1,7,CHIRPS Daily v2.0,Maharashtra,CHIRPS Rainfall
2020-09-09,2020-09-16,37.0,2020,P095,21.5662594218478,74.37266422796263,Nandurbar,normal,statewide,90.82324695587158,1,7,CHIRPS Daily v2.0,Maharashtra,CHIRPS Rainfall
2020-09-09,2020-09-16,37.0,2020,P096,21.385179787168415,74.27697637845674,Nandurbar,normal,statewide,58.36892557144165,1,7,CHIRPS Daily v2.0,Maharashtra,CHIRPS Rainfall
2020-09-09,2020-09-16,37.0,2020,P097,21.565421110849755,74.17950488852946,Nandurbar,normal,statewide,85.3250846862793,1,7,CHIRPS Daily v2.0,Maharashtra,CHIRPS Rainfall
2020-09-09,2020-09-16,37.0,2020,P098,20.299553667393326,73.99482675929994,Nashik,normal,statewide,56.19292116165161,1,7,CHIRPS Daily v2.0,Maharashtra,CHIRPS Rainfall
2020-09-09,2020-09-16,37.0,2020,P099,20.120253214034264,74.28296495117151,Nashik,normal,statewide,52.83448362350464,1,7,CHIRPS Daily v2.0,Maharashtra,CHIRPS Rainfall
2020-09-09,2020-09-16,37.0,2020,P100,20.389903972938242,73.99424261706194,Nashik,normal,statewide,68.72118282318115,1,7,CHIRPS Daily v2.0,Maharashtra,CHIRPS Rainfall
2020-09-09,2020-09-16,37.0,2020,P101,20.029015547379707,74.09216447619562,Nashik,normal,statewide,70.59302234649658,1,7,CHIRPS Daily v2.0,Maharashtra,CHIRPS Rainfall
2020-09-09,2020-09-16,37.0,2020,P102,17.85749130266526,76.36802722645965,Osmanabad,normal,statewide,90.03760814666748,1,7,CHIRPS Daily v2.0,Maharashtra,CHIRPS Rainfall
2020-09-09,2020-09-16,37.0,2020,P103,17.76644983645705,76.46164605307673,Osmanabad,normal,statewide,100.92354440689087,1,7,CHIRPS Daily v2.0,Maharashtra,CHIRPS Rainfall
2020-09-09,2020-09-16,37.0,2020,P104,17.949094615606196,76.17989775301476,Osmanabad,normal,statewide,94.36890649795532,1,7,CHIRPS Daily v2.0,Maharashtra,CHIRPS Rainfall
2020-09-09,2020-09-16,37.0,2020,P105,18.584360447185368,75.61558067829696,Osmanabad,normal,statewide,88.69005537033081,1,7,CHIRPS Daily v2.0,Maharashtra,CHIRPS Rainfall
2020-09-09,2020-09-16,37.0,2020,P106,19.031389786894366,76.47235681380711,Parbhani,normal,statewide,87.17073178291321,1,7,CHIRPS Daily v2.0,Maharashtra,CHIRPS Rainfall
2020-09-09,2020-09-16,37.0,2020,P107,19.120950831552832,76.56820519095093,Parbhani,normal,statewide,91.86398696899414,1,7,CHIRPS Daily v2.0,Maharashtra,CHIRPS Rainfall
2020-09-09,2020-09-16,37.0,2020,P108,19.208625676465683,76.85432786914635,Parbhani,normal,statewide,74.06761455535889,1,7,CHIRPS Daily v2.0,Maharashtra,CHIRPS Rainfall
2020-09-09,2020-09-16,37.0,2020,P109,19.212081479782103,76.47396209018636,Parbhani,normal,statewide,82.38642263412476,1,7,CHIRPS Daily v2.0,Maharashtra,CHIRPS Rainfall
2020-09-09,2020-09-16,37.0,2020,P110,18.133442771357757,75.04679558432363,Pune,normal,statewide,96.8417444229126,1,7,CHIRPS Daily v2.0,Maharashtra,CHIRPS Rainfall
2020-09-09,2020-09-16,37.0,2020,P111,18.584645829652782,74.47919215212944,Pune,normal,statewide,85.03475093841553,1,7,CHIRPS Daily v2.0,Maharashtra,CHIRPS Rainfall
2020-09-09,2020-09-16,37.0,2020,P112,18.132979024848197,74.57507620208169,Pune,normal,statewide,84.97398376464844,1,7,CHIRPS Daily v2.0,Maharashtra,CHIRPS Rainfall
2020-09-09,2020-09-16,37.0,2020,P113,18.314072036830744,74.76389683618987,Pune,normal,statewide,81.91386270523071,1,7,CHIRPS Daily v2.0,Maharashtra,CHIRPS Rainfall
2020-09-09,2020-09-16,37.0,2020,P114,18.48503397121986,73.0589238755964,Raigarh,normal,statewide,117.62926578521729,1,7,CHIRPS Daily v2.0,Maharashtra,CHIRPS Rainfall
2020-09-09,2020-09-16,37.0,2020,P115,18.665689991299164,73.05687714821288,Raigarh,normal,statewide,131.06346321105957,1,7,CHIRPS Daily v2.0,Maharashtra,CHIRPS Rainfall
2020-09-09,2020-09-16,37.0,2020,P116,18.306197264370358,73.25009891506079,Raigarh,normal,statewide,79.88541984558105,1,7,CHIRPS Daily v2.0,Maharashtra,CHIRPS Rainfall
2020-09-09,2020-09-16,37.0,2020,P117,18.21404102289879,73.06194714611064,Raigarh,normal,statewide,99.33697462081909,1,7,CHIRPS Daily v2.0,Maharashtra,CHIRPS Rainfall
2020-09-09,2020-09-16,37.0,2020,P118,17.138719885658215,75.42259970290594,Sangli,normal,statewide,126.83721351623535,1,7,CHIRPS Daily v2.0,Maharashtra,CHIRPS Rainfall
2020-09-09,2020-09-16,37.0,2020,P119,17.048761981005992,74.95348443567921,Sangli,normal,statewide,102.75747108459473,1,7,CHIRPS Daily v2.0,Maharashtra,CHIRPS Rainfall
2020-09-09,2020-09-16,37.0,2020,P120,16.86707144948229,74.39025538161847,Sangli,normal,statewide,101.54024124145508,1,7,CHIRPS Daily v2.0,Maharashtra,CHIRPS Rainfall
2020-09-09,2020-09-16,37.0,2020,P121,17.048503353144895,74.67157114887826,Sangli,normal,statewide,93.89509010314941,1,7,CHIRPS Daily v2.0,Maharashtra,CHIRPS Rainfall
2020-09-09,2020-09-16,37.0,2020,P148,17.67852974098626,76.08383979812143,Solapur,normal,statewide,91.1632194519043,1,7,CHIRPS Daily v2.0,Maharashtra,CHIRPS Rainfall
2020-09-09,2020-09-16,37.0,2020,P149,18.223365003201543,75.4251413905064,Solapur,normal,statewide,89.35254859924316,1,7,CHIRPS Daily v2.0,Maharashtra,CHIRPS Rainfall
2020-09-09,2020-09-16,37.0,2020,P150,17.952532582518405,75.23562067753285,Solapur,normal,statewide,91.95964813232422,1,7,CHIRPS Daily v2.0,Maharashtra,CHIRPS Rainfall
2020-09-09,2020-09-16,37.0,2020,P151,18.223690517578447,75.23598186471818,Solapur,normal,statewide,71.08526229858398,1,7,CHIRPS Daily v2.0,Maharashtra,CHIRPS Rainfall
2020-09-09,2020-09-16,37.0,2020,P152,19.658178867370932,72.94986318203122,Thane,normal,statewide,65.48000621795654,1,7,CHIRPS Daily v2.0,Maharashtra,CHIRPS Rainfall
2020-09-09,2020-09-16,37.0,2020,P153,19.65706409210757,72.8545320606096,Thane,normal,statewide,64.51422166824341,1,7,CHIRPS Daily v2.0,Maharashtra,CHIRPS Rainfall
2020-09-09,2020-09-16,37.0,2020,P154,19.477549601897948,72.95214624177059,Thane,normal,statewide,107.89080858230591,1,7,CHIRPS Daily v2.0,Maharashtra,CHIRPS Rainfall
2020-09-09,2020-09-16,37.0,2020,P155,19.83987385799569,73.0429959666335,Thane,normal,statewide,65.13609504699707,1,7,CHIRPS Daily v2.0,Maharashtra,CHIRPS Rainfall
2020-09-09,2020-09-16,37.0,2020,P156,20.806749657616468,78.60135461177485,Wardha,normal,statewide,38.975626945495605,1,7,CHIRPS Daily v2.0,Maharashtra,CHIRPS Rainfall
2020-09-09,2020-09-16,37.0,2020,P157,20.71031267913359,78.88671032458906,Wardha,normal,statewide,36.382002115249634,1,7,CHIRPS Daily v2.0,Maharashtra,CHIRPS Rainfall
2020-09-09,2020-09-16,37.0,2020,P158,21.081265295769754,78.41565980750515,Wardha,normal,statewide,47.889002561569214,1,7,CHIRPS Daily v2.0,Maharashtra,CHIRPS Rainfall
2020-09-09,2020-09-16,37.0,2020,P159,20.439854822938944,78.87986114537097,Wardha,normal,statewide,49.99721050262451,1,7,CHIRPS Daily v2.0,Maharashtra,CHIRPS Rainfall
2020-09-09,2020-09-16,37.0,2020,P160,20.289186257444058,77.15404188735265,Washim,normal,statewide,62.025540828704834,1,7,CHIRPS Daily v2.0,Maharashtra,CHIRPS Rainfall
2020-09-09,2020-09-16,37.0,2020,P161,20.464607292886615,77.53975858757677,Washim,normal,statewide,72.5447416305542,1,7,CHIRPS Daily v2.0,Maharashtra,CHIRPS Rainfall
2020-09-09,2020-09-16,37.0,2020,P162,20.107393166596125,77.2471479173486,Washim,normal,statewide,50.24225568771362,1,7,CHIRPS Daily v2.0,Maharashtra,CHIRPS Rainfall
2020-09-09,2020-09-16,37.0,2020,P163,20.198885002010726,77.1527933390577,Washim,normal,statewide,58.33887219429016,1,7,CHIRPS Daily v2.0,Maharashtra,CHIRPS Rainfall
2020-09-09,2020-09-16,37.0,2020,P164,20.182854533723592,78.20447678161395,Yavatmal,normal,statewide,44.41251850128174,1,7,CHIRPS Daily v2.0,Maharashtra,CHIRPS Rainfall
2020-09-09,2020-09-16,37.0,2020,P165,19.894658373538324,79.05709703494229,Yavatmal,normal,statewide,77.23588371276855,1,7,CHIRPS Daily v2.0,Maharashtra,CHIRPS Rainfall
2020-09-09,2020-09-16,37.0,2020,P166,19.468787468327925,77.71426550730338,Yavatmal,normal,statewide,62.31781768798828,1,7,CHIRPS Daily v2.0,Maharashtra,CHIRPS Rainfall
2020-09-09,2020-09-16,37.0,2020,P167,19.559057510053886,77.71577268345945,Yavatmal,normal,statewide,58.21111607551575,1,7,CHIRPS Daily v2.0,Maharashtra,CHIRPS Rainfall
2020-09-16,2020-09-23,38.0,2020,P147,17.927231643141155,73.94769852026607,Satara,case_study,case_study,137.13423824310303,1,7,CHIRPS Daily v2.0,Maharashtra,CHIRPS Rainfall
2020-09-16,2020-09-23,38.0,2020,P061,18.507855650411397,76.91766048140843,Latur,high,priority,136.2922239303589,1,7,CHIRPS Daily v2.0,Maharashtra,CHIRPS Rainfall
2020-09-16,2020-09-23,38.0,2020,P062,18.422405896924207,76.3487594508077,Latur,high,priority,149.51360416412354,1,7,CHIRPS Daily v2.0,Maharashtra,CHIRPS Rainfall
2020-09-16,2020-09-23,38.0,2020,P063,18.235391198742693,77.05646783810116,Latur,high,priority,98.7011833190918,1,7,CHIRPS Daily v2.0,Maharashtra,CHIRPS Rainfall
2020-09-16,2020-09-23,38.0,2020,P064,18.193056493341274,76.77240080549139,Latur,high,priority,96.14986228942871,1,7,CHIRPS Daily v2.0,Maharashtra,CHIRPS Rainfall
2020-09-16,2020-09-23,38.0,2020,P065,18.331355512513895,76.44266811899327,Latur,high,priority,153.01093196868896,1,7,CHIRPS Daily v2.0,Maharashtra,CHIRPS Rainfall
2020-09-16,2020-09-23,38.0,2020,P066,18.104739537876725,76.5352970251765,Latur,high,priority,119.12732601165771,1,7,CHIRPS Daily v2.0,Maharashtra,CHIRPS Rainfall
2020-09-16,2020-09-23,38.0,2020,P067,18.280552974211986,77.0569984711265,Latur,high,priority,107.05936193466187,1,7,CHIRPS Daily v2.0,Maharashtra,CHIRPS Rainfall
2020-09-16,2020-09-23,38.0,2020,P068,18.101823285787773,76.86595720469373,Latur,high,priority,93.71228122711182,1,7,CHIRPS Daily v2.0,Maharashtra,CHIRPS Rainfall
2020-09-16,2020-09-23,38.0,2020,P069,18.595075667016793,77.20284228928156,Latur,high,priority,98.71296262741089,1,7,CHIRPS Daily v2.0,Maharashtra,CHIRPS Rainfall
2020-09-16,2020-09-23,38.0,2020,P070,18.41499041187233,77.15322587185987,Latur,high,priority,109.54902839660645,1,7,CHIRPS Daily v2.0,Maharashtra,CHIRPS Rainfall
2020-09-16,2020-09-23,38.0,2020,P071,18.149138807065885,76.63019561379593,Latur,high,priority,106.85825967788696,1,7,CHIRPS Daily v2.0,Maharashtra,CHIRPS Rainfall
2020-09-16,2020-09-23,38.0,2020,P072,18.283393421583035,76.77331492120734,Latur,high,priority,138.92782878875732,1,7,CHIRPS Daily v2.0,Maharashtra,CHIRPS Rainfall
2020-09-16,2020-09-23,38.0,2020,P073,17.966315663874607,76.86453029235662,Latur,high,priority,106.7774658203125,1,7,CHIRPS Daily v2.0,Maharashtra,CHIRPS Rainfall
2020-09-16,2020-09-23,38.0,2020,P074,18.50832831512306,76.870318205524,Latur,high,priority,139.16646099090576,1,7,CHIRPS Daily v2.0,Maharashtra,CHIRPS Rainfall
2020-09-16,2020-09-23,38.0,2020,P075,18.41444640154381,77.20053247493588,Latur,high,priority,108.12170743942261,1,7,CHIRPS Daily v2.0,Maharashtra,CHIRPS Rainfall
2020-09-16,2020-09-23,38.0,2020,P076,18.377877313804504,76.25376722106614,Latur,high,priority,160.09979152679443,1,7,CHIRPS Daily v2.0,Maharashtra,CHIRPS Rainfall
2020-09-16,2020-09-23,38.0,2020,P077,18.059564385104267,76.5349046242838,Latur,high,priority,123.01810455322266,1,7,CHIRPS Daily v2.0,Maharashtra,CHIRPS Rainfall
2020-09-16,2020-09-23,38.0,2020,P078,18.1008824154655,76.96042326051098,Latur,high,priority,93.5456600189209,1,7,CHIRPS Daily v2.0,Maharashtra,CHIRPS Rainfall
2020-09-16,2020-09-23,38.0,2020,P079,18.73508698099394,76.77797468180819,Latur,high,priority,119.13603401184082,1,7,CHIRPS Daily v2.0,Maharashtra,CHIRPS Rainfall
2020-09-16,2020-09-23,38.0,2020,P080,18.46791548227568,76.3017694439065,Latur,high,priority,139.39684343338013,1,7,CHIRPS Daily v2.0,Maharashtra,CHIRPS Rainfall
2020-09-16,2020-09-23,38.0,2020,P081,18.10355787609756,76.67701617485712,Latur,high,priority,103.56204605102539,1,7,CHIRPS Daily v2.0,Maharashtra,CHIRPS Rainfall
2020-09-16,2020-09-23,38.0,2020,P082,18.23907887531389,76.67830931416262,Latur,high,priority,129.10959815979004,1,7,CHIRPS Daily v2.0,Maharashtra,CHIRPS Rainfall
2020-09-16,2020-09-23,38.0,2020,P083,18.369289085175563,77.19996171000103,Latur,high,priority,111.35816669464111,1,7,CHIRPS Daily v2.0,Maharashtra,CHIRPS Rainfall
2020-09-16,2020-09-23,38.0,2020,P084,18.46362582706226,76.82249880582684,Latur,high,priority,147.5747365951538,1,7,CHIRPS Daily v2.0,Maharashtra,CHIRPS Rainfall
2020-09-16,2020-09-23,38.0,2020,P085,18.14788579966987,76.77194597718393,Latur,high,priority,109.24786472320557,1,7,CHIRPS Daily v2.0,Maharashtra,CHIRPS Rainfall
2020-09-16,2020-09-23,38.0,2020,P122,17.88145897082753,73.8441448165019,Satara,high,priority,143.615496635437,1,7,CHIRPS Daily v2.0,Maharashtra,CHIRPS Rainfall
2020-09-16,2020-09-23,38.0,2020,P123,17.386414030975025,74.27088970551878,Satara,high,priority,93.97637844085693,1,7,CHIRPS Daily v2.0,Maharashtra,CHIRPS Rainfall
2020-09-16,2020-09-23,38.0,2020,P124,17.43262815429294,74.647353771057,Satara,high,priority,114.4028205871582,1,7,CHIRPS Daily v2.0,Maharashtra,CHIRPS Rainfall
2020-09-16,2020-09-23,38.0,2020,P125,17.56734651531964,74.31728219287884,Satara,high,priority,85.8751654624939,1,7,CHIRPS Daily v2.0,Maharashtra,CHIRPS Rainfall
2020-09-16,2020-09-23,38.0,2020,P126,17.205080227535593,74.13053949986157,Satara,high,priority,134.89401054382324,1,7,CHIRPS Daily v2.0,Maharashtra,CHIRPS Rainfall
2020-09-16,2020-09-23,38.0,2020,P127,17.65773249367299,74.31694330119876,Satara,high,priority,99.43201780319214,1,7,CHIRPS Daily v2.0,Maharashtra,CHIRPS Rainfall
2020-09-16,2020-09-23,38.0,2020,P128,18.019949731345452,74.5517328080669,Satara,high,priority,117.67157745361328,1,7,CHIRPS Daily v2.0,Maharashtra,CHIRPS Rainfall
2020-09-16,2020-09-23,38.0,2020,P129,18.063234225271252,74.03192648006461,Satara,high,priority,70.40021133422852,1,7,CHIRPS Daily v2.0,Maharashtra,CHIRPS Rainfall
2020-09-16,2020-09-23,38.0,2020,P130,17.61135784271715,74.03436560834085,Satara,high,priority,92.20713329315186,1,7,CHIRPS Daily v2.0,Maharashtra,CHIRPS Rainfall
2020-09-16,2020-09-23,38.0,2020,P131,17.612539504496315,74.3171127470388,Satara,high,priority,85.76115798950195,1,7,CHIRPS Daily v2.0,Maharashtra,CHIRPS Rainfall
2020-09-16,2020-09-23,38.0,2020,P132,17.702176353872684,74.12817617630324,Satara,high,priority,112.79363346099854,1,7,CHIRPS Daily v2.0,Maharashtra,CHIRPS Rainfall
2020-09-16,2020-09-23,38.0,2020,P133,17.25006363896275,74.08329532420031,Satara,high,priority,131.23011016845703,1,7,CHIRPS Daily v2.0,Maharashtra,CHIRPS Rainfall
2020-09-16,2020-09-23,38.0,2020,P134,17.476429903940936,74.17634784498362,Satara,high,priority,95.90674877166748,1,7,CHIRPS Daily v2.0,Maharashtra,CHIRPS Rainfall
2020-09-16,2020-09-23,38.0,2020,P135,17.882716437324603,74.0801070669471,Satara,high,priority,111.61173057556152,1,7,CHIRPS Daily v2.0,Maharashtra,CHIRPS Rainfall
2020-09-16,2020-09-23,38.0,2020,P136,17.928520323345598,74.22149178404871,Satara,high,priority,99.91381120681763,1,7,CHIRPS Daily v2.0,Maharashtra,CHIRPS Rainfall
2020-09-16,2020-09-23,38.0,2020,P137,17.746687100588183,73.98648378122894,Satara,high,priority,111.1266508102417,1,7,CHIRPS Daily v2.0,Maharashtra,CHIRPS Rainfall
2020-09-16,2020-09-23,38.0,2020,P138,17.61269557303319,74.36423652697161,Satara,high,priority,106.10487174987793,1,7,CHIRPS Daily v2.0,Maharashtra,CHIRPS Rainfall
2020-09-16,2020-09-23,38.0,2020,P139,17.656773786946495,74.08126197411994,Satara,high,priority,93.37074327468872,1,7,CHIRPS Daily v2.0,Maharashtra,CHIRPS Rainfall
2020-09-16,2020-09-23,38.0,2020,P140,17.97464080554139,74.50462240543725,Satara,high,priority,112.47654628753662,1,7,CHIRPS Daily v2.0,Maharashtra,CHIRPS Rainfall
2020-09-16,2020-09-23,38.0,2020,P141,17.430826677467348,74.08239904488856,Satara,high,priority,101.86799144744873,1,7,CHIRPS Daily v2.0,Maharashtra,CHIRPS Rainfall
2020-09-16,2020-09-23,38.0,2020,P142,18.064447100757786,74.31538707493111,Satara,high,priority,99.82437038421631,1,7,CHIRPS Daily v2.0,Maharashtra,CHIRPS Rainfall
2020-09-16,2020-09-23,38.0,2020,P143,17.70379500755509,74.6468275971327,Satara,high,priority,110.52977180480957,1,7,CHIRPS Daily v2.0,Maharashtra,CHIRPS Rainfall
2020-09-16,2020-09-23,38.0,2020,P144,17.929452275465767,74.50474726026674,Satara,high,priority,97.360276222229,1,7,CHIRPS Daily v2.0,Maharashtra,CHIRPS Rainfall
2020-09-16,2020-09-23,38.0,2020,P145,17.47773196144854,74.60017202281048,Satara,high,priority,95.10998630523682,1,7,CHIRPS Daily v2.0,Maharashtra,CHIRPS Rainfall
2020-09-16,2020-09-23,38.0,2020,P146,17.839182233739812,74.55218763637436,Satara,high,priority,105.0119686126709,1,7,CHIRPS Daily v2.0,Maharashtra,CHIRPS Rainfall
2020-09-16,2020-09-23,38.0,2020,P001,19.940457800458272,74.57045211428928,Ahmednagar,normal,statewide,101.55352401733398,1,7,CHIRPS Daily v2.0,Maharashtra,CHIRPS Rainfall
2020-09-16,2020-09-23,38.0,2020,P002,18.946729294293643,74.76302285238339,Ahmednagar,normal,statewide,108.63776063919067,1,7,CHIRPS Daily v2.0,Maharashtra,CHIRPS Rainfall
2020-09-16,2020-09-23,38.0,2020,P003,18.49469238410162,74.66892244285252,Ahmednagar,normal,statewide,102.84413146972656,1,7,CHIRPS Daily v2.0,Maharashtra,CHIRPS Rainfall
2020-09-16,2020-09-23,38.0,2020,P004,19.03720445466806,75.1420731965326,Ahmednagar,normal,statewide,107.74004983901978,1,7,CHIRPS Daily v2.0,Maharashtra,CHIRPS Rainfall
2020-09-16,2020-09-23,38.0,2020,P005,20.832153156317954,77.06560453615967,Akola,normal,statewide,62.93836545944214,1,7,CHIRPS Daily v2.0,Maharashtra,CHIRPS Rainfall
2020-09-16,2020-09-23,38.0,2020,P006,20.834360411339407,76.87349308547405,Akola,normal,statewide,59.86399292945862,1,7,CHIRPS Daily v2.0,Maharashtra,CHIRPS Rainfall
2020-09-16,2020-09-23,38.0,2020,P007,21.014976299509232,76.87574047240498,Akola,normal,statewide,83.7237434387207,1,7,CHIRPS Daily v2.0,Maharashtra,CHIRPS Rainfall
2020-09-16,2020-09-23,38.0,2020,P008,20.828434266039377,77.35372489162701,Akola,normal,statewide,65.60468482971191,1,7,CHIRPS Daily v2.0,Maharashtra,CHIRPS Rainfall
2020-09-16,2020-09-23,38.0,2020,P009,21.360971327549258,77.94039543992572,Amravati,normal,statewide,68.10669875144958,1,7,CHIRPS Daily v2.0,Maharashtra,CHIRPS Rainfall
2020-09-16,2020-09-23,38.0,2020,P010,21.178803672212837,78.03301542790685,Amravati,normal,statewide,66.085196018219,1,7,CHIRPS Daily v2.0,Maharashtra,CHIRPS Rainfall
2020-09-16,2020-09-23,38.0,2020,P011,20.814388097721018,78.21764450702477,Amravati,normal,statewide,68.01176238059998,1,7,CHIRPS Daily v2.0,Maharashtra,CHIRPS Rainfall
2020-09-16,2020-09-23,38.0,2020,P012,21.180502589714195,77.93681032267875,Amravati,normal,statewide,72.49470663070679,1,7,CHIRPS Daily v2.0,Maharashtra,CHIRPS Rainfall
2020-09-16,2020-09-23,38.0,2020,P013,20.031289688916964,74.8570519162974,Aurangabad,normal,statewide,78.46080279350281,1,7,CHIRPS Daily v2.0,Maharashtra,CHIRPS Rainfall
2020-09-16,2020-09-23,38.0,2020,P014,19.760185263069562,75.14270192978114,Aurangabad,normal,statewide,66.86339712142944,1,7,CHIRPS Daily v2.0,Maharashtra,CHIRPS Rainfall
2020-09-16,2020-09-23,38.0,2020,P015,19.9408189876436,74.76157364454102,Aurangabad,normal,statewide,73.54035687446594,1,7,CHIRPS Daily v2.0,Maharashtra,CHIRPS Rainfall
2020-09-16,2020-09-23,38.0,2020,P016,19.66981712112043,75.14262166596218,Aurangabad,normal,statewide,74.7702898979187,1,7,CHIRPS Daily v2.0,Maharashtra,CHIRPS Rainfall
2020-09-16,2020-09-23,38.0,2020,P017,21.04613203856966,79.85576216552393,Bhandara,normal,statewide,56.207062125205994,1,7,CHIRPS Daily v2.0,Maharashtra,CHIRPS Rainfall
2020-09-16,2020-09-23,38.0,2020,P018,21.31897105472685,79.76852877161537,Bhandara,normal,statewide,44.35100547224283,1,7,CHIRPS Daily v2.0,Maharashtra,CHIRPS Rainfall
2020-09-16,2020-09-23,38.0,2020,P019,21.40900922319803,79.77144948280537,Bhandara,normal,statewide,48.42187702655792,1,7,CHIRPS Daily v2.0,Maharashtra,CHIRPS Rainfall
2020-09-16,2020-09-23,38.0,2020,P020,21.144196588937042,79.57074980349083,Bhandara,normal,statewide,43.30309557914734,1,7,CHIRPS Daily v2.0,Maharashtra,CHIRPS Rainfall
2020-09-16,2020-09-23,38.0,2020,P021,18.67502288980403,75.52108340877234,Bid,normal,statewide,103.01110553741455,1,7,CHIRPS Daily v2.0,Maharashtra,CHIRPS Rainfall
2020-09-16,2020-09-23,38.0,2020,P022,18.856499384477168,75.04699178476999,Bid,normal,statewide,117.35089349746704,1,7,CHIRPS Daily v2.0,Maharashtra,CHIRPS Rainfall
2020-09-16,2020-09-23,38.0,2020,P023,19.126596053486494,75.6175605191647,Bid,normal,statewide,89.32299757003784,1,7,CHIRPS Daily v2.0,Maharashtra,CHIRPS Rainfall
2020-09-16,2020-09-23,38.0,2020,P024,18.763955201213946,75.90084720909012,Bid,normal,statewide,107.6303825378418,1,7,CHIRPS Daily v2.0,Maharashtra,CHIRPS Rainfall
2020-09-16,2020-09-23,38.0,2020,P025,20.93073496240753,76.20164478885242,Buldana,normal,statewide,83.64952230453491,1,7,CHIRPS Daily v2.0,Maharashtra,CHIRPS Rainfall
2020-09-16,2020-09-23,38.0,2020,P026,20.838939908121294,76.39311412898633,Buldana,normal,statewide,67.0897433757782,1,7,CHIRPS Daily v2.0,Maharashtra,CHIRPS Rainfall
2020-09-16,2020-09-23,38.0,2020,P027,20.657476790751314,76.48742857536776,Buldana,normal,statewide,69.04149389266968,1,7,CHIRPS Daily v2.0,Maharashtra,CHIRPS Rainfall
2020-09-16,2020-09-23,38.0,2020,P028,20.47967013624516,76.10222021266374,Buldana,normal,statewide,65.82363605499268,1,7,CHIRPS Daily v2.0,Maharashtra,CHIRPS Rainfall
2020-09-16,2020-09-23,38.0,2020,P029,20.32317798477448,79.92829390325927,Chandrapur,normal,statewide,60.48050928115845,1,7,CHIRPS Daily v2.0,Maharashtra,CHIRPS Rainfall
2020-09-16,2020-09-23,38.0,2020,P030,20.60872097983294,79.36304041732026,Chandrapur,normal,statewide,51.59825372695923,1,7,CHIRPS Daily v2.0,Maharashtra,CHIRPS Rainfall
2020-09-16,2020-09-23,38.0,2020,P031,20.511160307884595,79.64732594588165,Chandrapur,normal,statewide,51.18450593948364,1,7,CHIRPS Daily v2.0,Maharashtra,CHIRPS Rainfall
2020-09-16,2020-09-23,38.0,2020,P032,20.598621115946884,79.74569817422172,Chandrapur,normal,statewide,49.14384436607361,1,7,CHIRPS Daily v2.0,Maharashtra,CHIRPS Rainfall
2020-09-16,2020-09-23,38.0,2020,P033,21.38667804512237,75.14422248324037,Dhule,normal,statewide,110.30226993560791,1,7,CHIRPS Daily v2.0,Maharashtra,CHIRPS Rainfall
2020-09-16,2020-09-23,38.0,2020,P034,21.025151968113196,74.75989256344387,Dhule,normal,statewide,112.59822273254395,1,7,CHIRPS Daily v2.0,Maharashtra,CHIRPS Rainfall
2020-09-16,2020-09-23,38.0,2020,P035,21.477028350667293,74.85568743137505,Dhule,normal,statewide,101.24857139587402,1,7,CHIRPS Daily v2.0,Maharashtra,CHIRPS Rainfall
2020-09-16,2020-09-23,38.0,2020,P036,20.933820660336515,74.37533522949364,Dhule,normal,statewide,119.20600891113281,1,7,CHIRPS Daily v2.0,Maharashtra,CHIRPS Rainfall
2020-09-16,2020-09-23,38.0,2020,P037,19.963056524597132,79.91698116388667,Garhchiroli,normal,statewide,64.65996718406677,1,7,CHIRPS Daily v2.0,Maharashtra,CHIRPS Rainfall
2020-09-16,2020-09-23,38.0,2020,P038,19.062661462582188,79.88977172925856,Garhchiroli,normal,statewide,72.60304737091064,1,7,CHIRPS Daily v2.0,Maharashtra,CHIRPS Rainfall
2020-09-16,2020-09-23,38.0,2020,P039,19.510270485428137,79.9981368030594,Garhchiroli,normal,statewide,65.87384700775146,1,7,CHIRPS Daily v2.0,Maharashtra,CHIRPS Rainfall
2020-09-16,2020-09-23,38.0,2020,P040,19.870365190999156,80.00935144220881,Garhchiroli,normal,statewide,78.91037917137146,1,7,CHIRPS Daily v2.0,Maharashtra,CHIRPS Rainfall
2020-09-16,2020-09-23,38.0,2020,P041,21.127639946725598,80.1465044724107,Gondiya,normal,statewide,63.18294036388397,1,7,CHIRPS Daily v2.0,Maharashtra,CHIRPS Rainfall
2020-09-16,2020-09-23,38.0,2020,P042,21.397598383602258,80.15591763473452,Gondiya,normal,statewide,67.89224529266357,1,7,CHIRPS Daily v2.0,Maharashtra,CHIRPS Rainfall
2020-09-16,2020-09-23,38.0,2020,P043,21.574548890706154,80.25847249986273,Gondiya,normal,statewide,51.93745535612106,1,7,CHIRPS Daily v2.0,Maharashtra,CHIRPS Rainfall
2020-09-16,2020-09-23,38.0,2020,P044,21.211649410572516,80.34153217518526,Gondiya,normal,statewide,54.97400773689151,1,7,CHIRPS Daily v2.0,Maharashtra,CHIRPS Rainfall
2020-09-16,2020-09-23,38.0,2020,P045,19.655900266732623,77.2407892392464,Hingoli,normal,statewide,67.29305648803711,1,7,CHIRPS Daily v2.0,Maharashtra,CHIRPS Rainfall
2020-09-16,2020-09-23,38.0,2020,P046,19.566758377573187,77.1442675378435,Hingoli,normal,statewide,69.1584153175354,1,7,CHIRPS Daily v2.0,Maharashtra,CHIRPS Rainfall
2020-09-16,2020-09-23,38.0,2020,P047,19.47860194974656,76.9526242927685,Hingoli,normal,statewide,94.27797555923462,1,7,CHIRPS Daily v2.0,Maharashtra,CHIRPS Rainfall
2020-09-16,2020-09-23,38.0,2020,P048,19.927981235710728,77.14910120338544,Hingoli,normal,statewide,84.6308765411377,1,7,CHIRPS Daily v2.0,Maharashtra,CHIRPS Rainfall
2020-09-16,2020-09-23,38.0,2020,P049,21.292738163229433,76.10816865346904,Jalgaon,normal,statewide,109.48988437652588,1,7,CHIRPS Daily v2.0,Maharashtra,CHIRPS Rainfall
2020-09-16,2020-09-23,38.0,2020,P050,21.386178625804387,75.43363151891216,Jalgaon,normal,statewide,113.94511127471924,1,7,CHIRPS Daily v2.0,Maharashtra,CHIRPS Rainfall
2020-09-16,2020-09-23,38.0,2020,P051,21.112064306745907,76.10682200495089,Jalgaon,normal,statewide,96.20438814163208,1,7,CHIRPS Daily v2.0,Maharashtra,CHIRPS Rainfall
2020-09-16,2020-09-23,38.0,2020,P052,20.844437979720194,75.23982115072519,Jalgaon,normal,statewide,97.81546545028687,1,7,CHIRPS Daily v2.0,Maharashtra,CHIRPS Rainfall
2020-09-16,2020-09-23,38.0,2020,P053,19.486369703781666,76.00005328932718,Jalna,normal,statewide,81.64819288253784,1,7,CHIRPS Daily v2.0,Maharashtra,CHIRPS Rainfall
2020-09-16,2020-09-23,38.0,2020,P054,20.028502750758555,76.00343774702675,Jalna,normal,statewide,90.36054039001465,1,7,CHIRPS Daily v2.0,Maharashtra,CHIRPS Rainfall
2020-09-16,2020-09-23,38.0,2020,P055,19.75743845682064,76.00172991132328,Jalna,normal,statewide,86.31381797790527,1,7,CHIRPS Daily v2.0,Maharashtra,CHIRPS Rainfall
2020-09-16,2020-09-23,38.0,2020,P056,19.57768317515413,75.80993951591351,Jalna,normal,statewide,71.6470537185669,1,7,CHIRPS Daily v2.0,Maharashtra,CHIRPS Rainfall
2020-09-16,2020-09-23,38.0,2020,P057,16.776377793156257,74.29671235971928,Kolhapur,normal,statewide,71.45371961593628,1,7,CHIRPS Daily v2.0,Maharashtra,CHIRPS Rainfall
2020-09-16,2020-09-23,38.0,2020,P058,16.324416687682138,74.29834884980589,Kolhapur,normal,statewide,71.61303186416626,1,7,CHIRPS Daily v2.0,Maharashtra,CHIRPS Rainfall
2020-09-16,2020-09-23,38.0,2020,P059,16.595891218916975,74.39111598812178,Kolhapur,normal,statewide,56.331586837768555,1,7,CHIRPS Daily v2.0,Maharashtra,CHIRPS Rainfall
2020-09-16,2020-09-23,38.0,2020,P060,16.414811584237594,74.29802779453004,Kolhapur,normal,statewide,46.18606090545654,1,7,CHIRPS Daily v2.0,Maharashtra,CHIRPS Rainfall
2020-09-16,2020-09-23,38.0,2020,P086,21.054127206758487,79.56798961993874,Nagpur,normal,statewide,47.975279688835144,1,7,CHIRPS Daily v2.0,Maharashtra,CHIRPS Rainfall
2020-09-16,2020-09-23,38.0,2020,P087,21.146765031143822,79.47473643960802,Nagpur,normal,statewide,46.325854420661926,1,7,CHIRPS Daily v2.0,Maharashtra,CHIRPS Rainfall
2020-09-16,2020-09-23,38.0,2020,P088,21.347803602138427,78.61442869606356,Nagpur,normal,statewide,43.41941058635712,1,7,CHIRPS Daily v2.0,Maharashtra,CHIRPS Rainfall
2020-09-16,2020-09-23,38.0,2020,P089,21.165377318940912,78.70615240473293,Nagpur,normal,statewide,37.4482980966568,1,7,CHIRPS Daily v2.0,Maharashtra,CHIRPS Rainfall
2020-09-16,2020-09-23,38.0,2020,P090,19.201968238592887,77.42470040309472,Nanded,normal,statewide,97.03048467636108,1,7,CHIRPS Daily v2.0,Maharashtra,CHIRPS Rainfall
2020-09-16,2020-09-23,38.0,2020,P091,18.566038000956755,77.69963965584807,Nanded,normal,statewide,73.77131700515747,1,7,CHIRPS Daily v2.0,Maharashtra,CHIRPS Rainfall
2020-09-16,2020-09-23,38.0,2020,P092,19.736596618496833,77.90946265591798,Nanded,normal,statewide,68.55011081695557,1,7,CHIRPS Daily v2.0,Maharashtra,CHIRPS Rainfall
2020-09-16,2020-09-23,38.0,2020,P093,18.93564842817583,77.04115528508362,Nanded,normal,statewide,103.50769329071045,1,7,CHIRPS Daily v2.0,Maharashtra,CHIRPS Rainfall
2020-09-16,2020-09-23,38.0,2020,P094,21.564917232430716,74.08292967791392,Nandurbar,normal,statewide,126.29508590698242,1,7,CHIRPS Daily v2.0,Maharashtra,CHIRPS Rainfall
2020-09-16,2020-09-23,38.0,2020,P095,21.5662594218478,74.37266422796263,Nandurbar,normal,statewide,123.26297616958618,1,7,CHIRPS Daily v2.0,Maharashtra,CHIRPS Rainfall
2020-09-16,2020-09-23,38.0,2020,P096,21.385179787168415,74.27697637845674,Nandurbar,normal,statewide,98.98778438568115,1,7,CHIRPS Daily v2.0,Maharashtra,CHIRPS Rainfall
2020-09-16,2020-09-23,38.0,2020,P097,21.565421110849755,74.17950488852946,Nandurbar,normal,statewide,129.46656799316406,1,7,CHIRPS Daily v2.0,Maharashtra,CHIRPS Rainfall
2020-09-16,2020-09-23,38.0,2020,P098,20.299553667393326,73.99482675929994,Nashik,normal,statewide,125.01666784286499,1,7,CHIRPS Daily v2.0,Maharashtra,CHIRPS Rainfall
2020-09-16,2020-09-23,38.0,2020,P099,20.120253214034264,74.28296495117151,Nashik,normal,statewide,110.09019041061401,1,7,CHIRPS Daily v2.0,Maharashtra,CHIRPS Rainfall
2020-09-16,2020-09-23,38.0,2020,P100,20.389903972938242,73.99424261706194,Nashik,normal,statewide,134.116961479187,1,7,CHIRPS Daily v2.0,Maharashtra,CHIRPS Rainfall
2020-09-16,2020-09-23,38.0,2020,P101,20.029015547379707,74.09216447619562,Nashik,normal,statewide,145.88040161132812,1,7,CHIRPS Daily v2.0,Maharashtra,CHIRPS Rainfall
2020-09-16,2020-09-23,38.0,2020,P102,17.85749130266526,76.36802722645965,Osmanabad,normal,statewide,139.24312114715576,1,7,CHIRPS Daily v2.0,Maharashtra,CHIRPS Rainfall
2020-09-16,2020-09-23,38.0,2020,P103,17.76644983645705,76.46164605307673,Osmanabad,normal,statewide,134.0588321685791,1,7,CHIRPS Daily v2.0,Maharashtra,CHIRPS Rainfall
2020-09-16,2020-09-23,38.0,2020,P104,17.949094615606196,76.17989775301476,Osmanabad,normal,statewide,142.16265487670898,1,7,CHIRPS Daily v2.0,Maharashtra,CHIRPS Rainfall
2020-09-16,2020-09-23,38.0,2020,P105,18.584360447185368,75.61558067829696,Osmanabad,normal,statewide,118.28589820861816,1,7,CHIRPS Daily v2.0,Maharashtra,CHIRPS Rainfall
2020-09-16,2020-09-23,38.0,2020,P106,19.031389786894366,76.47235681380711,Parbhani,normal,statewide,114.60129261016846,1,7,CHIRPS Daily v2.0,Maharashtra,CHIRPS Rainfall
2020-09-16,2020-09-23,38.0,2020,P107,19.120950831552832,76.56820519095093,Parbhani,normal,statewide,112.53271150588989,1,7,CHIRPS Daily v2.0,Maharashtra,CHIRPS Rainfall
2020-09-16,2020-09-23,38.0,2020,P108,19.208625676465683,76.85432786914635,Parbhani,normal,statewide,96.37428283691406,1,7,CHIRPS Daily v2.0,Maharashtra,CHIRPS Rainfall
2020-09-16,2020-09-23,38.0,2020,P109,19.212081479782103,76.47396209018636,Parbhani,normal,statewide,103.98959255218506,1,7,CHIRPS Daily v2.0,Maharashtra,CHIRPS Rainfall
2020-09-16,2020-09-23,38.0,2020,P110,18.133442771357757,75.04679558432363,Pune,normal,statewide,139.33345127105713,1,7,CHIRPS Daily v2.0,Maharashtra,CHIRPS Rainfall
2020-09-16,2020-09-23,38.0,2020,P111,18.584645829652782,74.47919215212944,Pune,normal,statewide,117.35634231567383,1,7,CHIRPS Daily v2.0,Maharashtra,CHIRPS Rainfall
2020-09-16,2020-09-23,38.0,2020,P112,18.132979024848197,74.57507620208169,Pune,normal,statewide,98.48728847503662,1,7,CHIRPS Daily v2.0,Maharashtra,CHIRPS Rainfall
2020-09-16,2020-09-23,38.0,2020,P113,18.314072036830744,74.76389683618987,Pune,normal,statewide,85.81566047668457,1,7,CHIRPS Daily v2.0,Maharashtra,CHIRPS Rainfall
2020-09-16,2020-09-23,38.0,2020,P114,18.48503397121986,73.0589238755964,Raigarh,normal,statewide,151.2572054862976,1,7,CHIRPS Daily v2.0,Maharashtra,CHIRPS Rainfall
2020-09-16,2020-09-23,38.0,2020,P115,18.665689991299164,73.05687714821288,Raigarh,normal,statewide,110.73461771011353,1,7,CHIRPS Daily v2.0,Maharashtra,CHIRPS Rainfall
2020-09-16,2020-09-23,38.0,2020,P116,18.306197264370358,73.25009891506079,Raigarh,normal,statewide,78.26739740371704,1,7,CHIRPS Daily v2.0,Maharashtra,CHIRPS Rainfall
2020-09-16,2020-09-23,38.0,2020,P117,18.21404102289879,73.06194714611064,Raigarh,normal,statewide,102.28835725784302,1,7,CHIRPS Daily v2.0,Maharashtra,CHIRPS Rainfall
2020-09-16,2020-09-23,38.0,2020,P118,17.138719885658215,75.42259970290594,Sangli,normal,statewide,158.03640174865723,1,7,CHIRPS Daily v2.0,Maharashtra,CHIRPS Rainfall
2020-09-16,2020-09-23,38.0,2020,P119,17.048761981005992,74.95348443567921,Sangli,normal,statewide,122.14329719543457,1,7,CHIRPS Daily v2.0,Maharashtra,CHIRPS Rainfall
2020-09-16,2020-09-23,38.0,2020,P120,16.86707144948229,74.39025538161847,Sangli,normal,statewide,113.3696961402893,1,7,CHIRPS Daily v2.0,Maharashtra,CHIRPS Rainfall
2020-09-16,2020-09-23,38.0,2020,P121,17.048503353144895,74.67157114887826,Sangli,normal,statewide,111.24244689941406,1,7,CHIRPS Daily v2.0,Maharashtra,CHIRPS Rainfall
2020-09-16,2020-09-23,38.0,2020,P148,17.67852974098626,76.08383979812143,Solapur,normal,statewide,108.74927520751953,1,7,CHIRPS Daily v2.0,Maharashtra,CHIRPS Rainfall
2020-09-16,2020-09-23,38.0,2020,P149,18.223365003201543,75.4251413905064,Solapur,normal,statewide,130.3980531692505,1,7,CHIRPS Daily v2.0,Maharashtra,CHIRPS Rainfall
2020-09-16,2020-09-23,38.0,2020,P150,17.952532582518405,75.23562067753285,Solapur,normal,statewide,157.71220588684082,1,7,CHIRPS Daily v2.0,Maharashtra,CHIRPS Rainfall
2020-09-16,2020-09-23,38.0,2020,P151,18.223690517578447,75.23598186471818,Solapur,normal,statewide,108.29366111755371,1,7,CHIRPS Daily v2.0,Maharashtra,CHIRPS Rainfall
2020-09-16,2020-09-23,38.0,2020,P152,19.658178867370932,72.94986318203122,Thane,normal,statewide,157.48404836654663,1,7,CHIRPS Daily v2.0,Maharashtra,CHIRPS Rainfall
2020-09-16,2020-09-23,38.0,2020,P153,19.65706409210757,72.8545320606096,Thane,normal,statewide,150.92400312423706,1,7,CHIRPS Daily v2.0,Maharashtra,CHIRPS Rainfall
2020-09-16,2020-09-23,38.0,2020,P154,19.477549601897948,72.95214624177059,Thane,normal,statewide,203.40338230133057,1,7,CHIRPS Daily v2.0,Maharashtra,CHIRPS Rainfall
2020-09-16,2020-09-23,38.0,2020,P155,19.83987385799569,73.0429959666335,Thane,normal,statewide,135.7116117477417,1,7,CHIRPS Daily v2.0,Maharashtra,CHIRPS Rainfall
2020-09-16,2020-09-23,38.0,2020,P156,20.806749657616468,78.60135461177485,Wardha,normal,statewide,45.80478119850159,1,7,CHIRPS Daily v2.0,Maharashtra,CHIRPS Rainfall
2020-09-16,2020-09-23,38.0,2020,P157,20.71031267913359,78.88671032458906,Wardha,normal,statewide,36.365594267845154,1,7,CHIRPS Daily v2.0,Maharashtra,CHIRPS Rainfall
2020-09-16,2020-09-23,38.0,2020,P158,21.081265295769754,78.41565980750515,Wardha,normal,statewide,43.36594343185425,1,7,CHIRPS Daily v2.0,Maharashtra,CHIRPS Rainfall
2020-09-16,2020-09-23,38.0,2020,P159,20.439854822938944,78.87986114537097,Wardha,normal,statewide,65.18007278442383,1,7,CHIRPS Daily v2.0,Maharashtra,CHIRPS Rainfall
2020-09-16,2020-09-23,38.0,2020,P160,20.289186257444058,77.15404188735265,Washim,normal,statewide,87.74680781364441,1,7,CHIRPS Daily v2.0,Maharashtra,CHIRPS Rainfall
2020-09-16,2020-09-23,38.0,2020,P161,20.464607292886615,77.53975858757677,Washim,normal,statewide,71.86024951934814,1,7,CHIRPS Daily v2.0,Maharashtra,CHIRPS Rainfall
2020-09-16,2020-09-23,38.0,2020,P162,20.107393166596125,77.2471479173486,Washim,normal,statewide,80.17294025421143,1,7,CHIRPS Daily v2.0,Maharashtra,CHIRPS Rainfall
2020-09-16,2020-09-23,38.0,2020,P163,20.198885002010726,77.1527933390577,Washim,normal,statewide,77.90357685089111,1,7,CHIRPS Daily v2.0,Maharashtra,CHIRPS Rainfall
2020-09-16,2020-09-23,38.0,2020,P164,20.182854533723592,78.20447678161395,Yavatmal,normal,statewide,60.25351619720459,1,7,CHIRPS Daily v2.0,Maharashtra,CHIRPS Rainfall
2020-09-16,2020-09-23,38.0,2020,P165,19.894658373538324,79.05709703494229,Yavatmal,normal,statewide,82.57716512680054,1,7,CHIRPS Daily v2.0,Maharashtra,CHIRPS Rainfall
2020-09-16,2020-09-23,38.0,2020,P166,19.468787468327925,77.71426550730338,Yavatmal,normal,statewide,77.58595991134644,1,7,CHIRPS Daily v2.0,Maharashtra,CHIRPS Rainfall
2020-09-16,2020-09-23,38.0,2020,P167,19.559057510053886,77.71577268345945,Yavatmal,normal,statewide,72.39602565765381,1,7,CHIRPS Daily v2.0,Maharashtra,CHIRPS Rainfall
2020-09-23,2020-09-30,39.0,2020,P147,17.927231643141155,73.94769852026607,Satara,case_study,case_study,79.63855075836182,1,7,CHIRPS Daily v2.0,Maharashtra,CHIRPS Rainfall
2020-09-23,2020-09-30,39.0,2020,P061,18.507855650411397,76.91766048140843,Latur,high,priority,44.894941329956055,1,7,CHIRPS Daily v2.0,Maharashtra,CHIRPS Rainfall
2020-09-23,2020-09-30,39.0,2020,P062,18.422405896924207,76.3487594508077,Latur,high,priority,68.4713249206543,1,7,CHIRPS Daily v2.0,Maharashtra,CHIRPS Rainfall
2020-09-23,2020-09-30,39.0,2020,P063,18.235391198742693,77.05646783810116,Latur,high,priority,63.57544136047363,1,7,CHIRPS Daily v2.0,Maharashtra,CHIRPS Rainfall
2020-09-23,2020-09-30,39.0,2020,P064,18.193056493341274,76.77240080549139,Latur,high,priority,52.31429052352905,1,7,CHIRPS Daily v2.0,Maharashtra,CHIRPS Rainfall
2020-09-23,2020-09-30,39.0,2020,P065,18.331355512513895,76.44266811899327,Latur,high,priority,50.332886695861816,1,7,CHIRPS Daily v2.0,Maharashtra,CHIRPS Rainfall
2020-09-23,2020-09-30,39.0,2020,P066,18.104739537876725,76.5352970251765,Latur,high,priority,51.47611427307129,1,7,CHIRPS Daily v2.0,Maharashtra,CHIRPS Rainfall
2020-09-23,2020-09-30,39.0,2020,P067,18.280552974211986,77.0569984711265,Latur,high,priority,59.6515097618103,1,7,CHIRPS Daily v2.0,Maharashtra,CHIRPS Rainfall
2020-09-23,2020-09-30,39.0,2020,P068,18.101823285787773,76.86595720469373,Latur,high,priority,51.90413761138916,1,7,CHIRPS Daily v2.0,Maharashtra,CHIRPS Rainfall
2020-09-23,2020-09-30,39.0,2020,P069,18.595075667016793,77.20284228928156,Latur,high,priority,38.42728042602539,1,7,CHIRPS Daily v2.0,Maharashtra,CHIRPS Rainfall
2020-09-23,2020-09-30,39.0,2020,P070,18.41499041187233,77.15322587185987,Latur,high,priority,42.52506351470947,1,7,CHIRPS Daily v2.0,Maharashtra,CHIRPS Rainfall
2020-09-23,2020-09-30,39.0,2020,P071,18.149138807065885,76.63019561379593,Latur,high,priority,57.01249551773071,1,7,CHIRPS Daily v2.0,Maharashtra,CHIRPS Rainfall
2020-09-23,2020-09-30,39.0,2020,P072,18.283393421583035,76.77331492120734,Latur,high,priority,45.64389610290527,1,7,CHIRPS Daily v2.0,Maharashtra,CHIRPS Rainfall
2020-09-23,2020-09-30,39.0,2020,P073,17.966315663874607,76.86453029235662,Latur,high,priority,40.047221183776855,1,7,CHIRPS Daily v2.0,Maharashtra,CHIRPS Rainfall
2020-09-23,2020-09-30,39.0,2020,P074,18.50832831512306,76.870318205524,Latur,high,priority,38.12123394012451,1,7,CHIRPS Daily v2.0,Maharashtra,CHIRPS Rainfall
2020-09-23,2020-09-30,39.0,2020,P075,18.41444640154381,77.20053247493588,Latur,high,priority,38.618812561035156,1,7,CHIRPS Daily v2.0,Maharashtra,CHIRPS Rainfall
2020-09-23,2020-09-30,39.0,2020,P076,18.377877313804504,76.25376722106614,Latur,high,priority,57.1801872253418,1,7,CHIRPS Daily v2.0,Maharashtra,CHIRPS Rainfall
2020-09-23,2020-09-30,39.0,2020,P077,18.059564385104267,76.5349046242838,Latur,high,priority,49.239014625549316,1,7,CHIRPS Daily v2.0,Maharashtra,CHIRPS Rainfall
2020-09-23,2020-09-30,39.0,2020,P078,18.1008824154655,76.96042326051098,Latur,high,priority,50.715210914611816,1,7,CHIRPS Daily v2.0,Maharashtra,CHIRPS Rainfall
2020-09-23,2020-09-30,39.0,2020,P079,18.73508698099394,76.77797468180819,Latur,high,priority,74.65225315093994,1,7,CHIRPS Daily v2.0,Maharashtra,CHIRPS Rainfall
2020-09-23,2020-09-30,39.0,2020,P080,18.46791548227568,76.3017694439065,Latur,high,priority,72.99011516571045,1,7,CHIRPS Daily v2.0,Maharashtra,CHIRPS Rainfall
2020-09-23,2020-09-30,39.0,2020,P081,18.10355787609756,76.67701617485712,Latur,high,priority,48.600711822509766,1,7,CHIRPS Daily v2.0,Maharashtra,CHIRPS Rainfall
2020-09-23,2020-09-30,39.0,2020,P082,18.23907887531389,76.67830931416262,Latur,high,priority,49.788825035095215,1,7,CHIRPS Daily v2.0,Maharashtra,CHIRPS Rainfall
2020-09-23,2020-09-30,39.0,2020,P083,18.369289085175563,77.19996171000103,Latur,high,priority,41.08515739440918,1,7,CHIRPS Daily v2.0,Maharashtra,CHIRPS Rainfall
2020-09-23,2020-09-30,39.0,2020,P084,18.46362582706226,76.82249880582684,Latur,high,priority,43.57751941680908,1,7,CHIRPS Daily v2.0,Maharashtra,CHIRPS Rainfall
2020-09-23,2020-09-30,39.0,2020,P085,18.14788579966987,76.77194597718393,Latur,high,priority,47.69046068191528,1,7,CHIRPS Daily v2.0,Maharashtra,CHIRPS Rainfall
2020-09-23,2020-09-30,39.0,2020,P122,17.88145897082753,73.8441448165019,Satara,high,priority,85.58261680603027,1,7,CHIRPS Daily v2.0,Maharashtra,CHIRPS Rainfall
2020-09-23,2020-09-30,39.0,2020,P123,17.386414030975025,74.27088970551878,Satara,high,priority,61.61620759963989,1,7,CHIRPS Daily v2.0,Maharashtra,CHIRPS Rainfall
2020-09-23,2020-09-30,39.0,2020,P124,17.43262815429294,74.647353771057,Satara,high,priority,79.72500610351562,1,7,CHIRPS Daily v2.0,Maharashtra,CHIRPS Rainfall
2020-09-23,2020-09-30,39.0,2020,P125,17.56734651531964,74.31728219287884,Satara,high,priority,77.21120357513428,1,7,CHIRPS Daily v2.0,Maharashtra,CHIRPS Rainfall
2020-09-23,2020-09-30,39.0,2020,P126,17.205080227535593,74.13053949986157,Satara,high,priority,58.858771324157715,1,7,CHIRPS Daily v2.0,Maharashtra,CHIRPS Rainfall
2020-09-23,2020-09-30,39.0,2020,P127,17.65773249367299,74.31694330119876,Satara,high,priority,70.65862464904785,1,7,CHIRPS Daily v2.0,Maharashtra,CHIRPS Rainfall
2020-09-23,2020-09-30,39.0,2020,P128,18.019949731345452,74.5517328080669,Satara,high,priority,97.85186100006104,1,7,CHIRPS Daily v2.0,Maharashtra,CHIRPS Rainfall
2020-09-23,2020-09-30,39.0,2020,P129,18.063234225271252,74.03192648006461,Satara,high,priority,67.40244197845459,1,7,CHIRPS Daily v2.0,Maharashtra,CHIRPS Rainfall
2020-09-23,2020-09-30,39.0,2020,P130,17.61135784271715,74.03436560834085,Satara,high,priority,84.46829509735107,1,7,CHIRPS Daily v2.0,Maharashtra,CHIRPS Rainfall
2020-09-23,2020-09-30,39.0,2020,P131,17.612539504496315,74.3171127470388,Satara,high,priority,76.17340278625488,1,7,CHIRPS Daily v2.0,Maharashtra,CHIRPS Rainfall
2020-09-23,2020-09-30,39.0,2020,P132,17.702176353872684,74.12817617630324,Satara,high,priority,72.24870014190674,1,7,CHIRPS Daily v2.0,Maharashtra,CHIRPS Rainfall
2020-09-23,2020-09-30,39.0,2020,P133,17.25006363896275,74.08329532420031,Satara,high,priority,63.75863552093506,1,7,CHIRPS Daily v2.0,Maharashtra,CHIRPS Rainfall
2020-09-23,2020-09-30,39.0,2020,P134,17.476429903940936,74.17634784498362,Satara,high,priority,50.94148063659668,1,7,CHIRPS Daily v2.0,Maharashtra,CHIRPS Rainfall
2020-09-23,2020-09-30,39.0,2020,P135,17.882716437324603,74.0801070669471,Satara,high,priority,80.5332612991333,1,7,CHIRPS Daily v2.0,Maharashtra,CHIRPS Rainfall
2020-09-23,2020-09-30,39.0,2020,P136,17.928520323345598,74.22149178404871,Satara,high,priority,70.99361801147461,1,7,CHIRPS Daily v2.0,Maharashtra,CHIRPS Rainfall
2020-09-23,2020-09-30,39.0,2020,P137,17.746687100588183,73.98648378122894,Satara,high,priority,87.30203914642334,1,7,CHIRPS Daily v2.0,Maharashtra,CHIRPS Rainfall
2020-09-23,2020-09-30,39.0,2020,P138,17.61269557303319,74.36423652697161,Satara,high,priority,73.214430809021,1,7,CHIRPS Daily v2.0,Maharashtra,CHIRPS Rainfall
2020-09-23,2020-09-30,39.0,2020,P139,17.656773786946495,74.08126197411994,Satara,high,priority,79.28156661987305,1,7,CHIRPS Daily v2.0,Maharashtra,CHIRPS Rainfall
2020-09-23,2020-09-30,39.0,2020,P140,17.97464080554139,74.50462240543725,Satara,high,priority,90.78430366516113,1,7,CHIRPS Daily v2.0,Maharashtra,CHIRPS Rainfall
2020-09-23,2020-09-30,39.0,2020,P141,17.430826677467348,74.08239904488856,Satara,high,priority,79.89861488342285,1,7,CHIRPS Daily v2.0,Maharashtra,CHIRPS Rainfall
2020-09-23,2020-09-30,39.0,2020,P142,18.064447100757786,74.31538707493111,Satara,high,priority,100.04353141784668,1,7,CHIRPS Daily v2.0,Maharashtra,CHIRPS Rainfall
2020-09-23,2020-09-30,39.0,2020,P143,17.70379500755509,74.6468275971327,Satara,high,priority,90.75647926330566,1,7,CHIRPS Daily v2.0,Maharashtra,CHIRPS Rainfall
2020-09-23,2020-09-30,39.0,2020,P144,17.929452275465767,74.50474726026674,Satara,high,priority,81.78790092468262,1,7,CHIRPS Daily v2.0,Maharashtra,CHIRPS Rainfall
2020-09-23,2020-09-30,39.0,2020,P145,17.47773196144854,74.60017202281048,Satara,high,priority,72.15873432159424,1,7,CHIRPS Daily v2.0,Maharashtra,CHIRPS Rainfall
2020-09-23,2020-09-30,39.0,2020,P146,17.839182233739812,74.55218763637436,Satara,high,priority,81.94483184814453,1,7,CHIRPS Daily v2.0,Maharashtra,CHIRPS Rainfall
2020-09-23,2020-09-30,39.0,2020,P001,19.940457800458272,74.57045211428928,Ahmednagar,normal,statewide,67.93175029754639,1,7,CHIRPS Daily v2.0,Maharashtra,CHIRPS Rainfall
2020-09-23,2020-09-30,39.0,2020,P002,18.946729294293643,74.76302285238339,Ahmednagar,normal,statewide,45.952542304992676,1,7,CHIRPS Daily v2.0,Maharashtra,CHIRPS Rainfall
2020-09-23,2020-09-30,39.0,2020,P003,18.49469238410162,74.66892244285252,Ahmednagar,normal,statewide,75.43033695220947,1,7,CHIRPS Daily v2.0,Maharashtra,CHIRPS Rainfall
2020-09-23,2020-09-30,39.0,2020,P004,19.03720445466806,75.1420731965326,Ahmednagar,normal,statewide,48.865768909454346,1,7,CHIRPS Daily v2.0,Maharashtra,CHIRPS Rainfall
2020-09-23,2020-09-30,39.0,2020,P005,20.832153156317954,77.06560453615967,Akola,normal,statewide,9.079635620117188,1,7,CHIRPS Daily v2.0,Maharashtra,CHIRPS Rainfall
2020-09-23,2020-09-30,39.0,2020,P006,20.834360411339407,76.87349308547405,Akola,normal,statewide,8.337984085083008,1,7,CHIRPS Daily v2.0,Maharashtra,CHIRPS Rainfall
2020-09-23,2020-09-30,39.0,2020,P007,21.014976299509232,76.87574047240498,Akola,normal,statewide,18.136207580566406,1,7,CHIRPS Daily v2.0,Maharashtra,CHIRPS Rainfall
2020-09-23,2020-09-30,39.0,2020,P008,20.828434266039377,77.35372489162701,Akola,normal,statewide,12.027314186096191,1,7,CHIRPS Daily v2.0,Maharashtra,CHIRPS Rainfall
2020-09-23,2020-09-30,39.0,2020,P009,21.360971327549258,77.94039543992572,Amravati,normal,statewide,23.431776523590088,1,7,CHIRPS Daily v2.0,Maharashtra,CHIRPS Rainfall
2020-09-23,2020-09-30,39.0,2020,P010,21.178803672212837,78.03301542790685,Amravati,normal,statewide,40.81991767883301,1,7,CHIRPS Daily v2.0,Maharashtra,CHIRPS Rainfall
2020-09-23,2020-09-30,39.0,2020,P011,20.814388097721018,78.21764450702477,Amravati,normal,statewide,12.903306007385254,1,7,CHIRPS Daily v2.0,Maharashtra,CHIRPS Rainfall
2020-09-23,2020-09-30,39.0,2020,P012,21.180502589714195,77.93681032267875,Amravati,normal,statewide,36.50754928588867,1,7,CHIRPS Daily v2.0,Maharashtra,CHIRPS Rainfall
2020-09-23,2020-09-30,39.0,2020,P013,20.031289688916964,74.8570519162974,Aurangabad,normal,statewide,57.4981734752655,1,7,CHIRPS Daily v2.0,Maharashtra,CHIRPS Rainfall
2020-09-23,2020-09-30,39.0,2020,P014,19.760185263069562,75.14270192978114,Aurangabad,normal,statewide,61.20074462890625,1,7,CHIRPS Daily v2.0,Maharashtra,CHIRPS Rainfall
2020-09-23,2020-09-30,39.0,2020,P015,19.9408189876436,74.76157364454102,Aurangabad,normal,statewide,61.549381256103516,1,7,CHIRPS Daily v2.0,Maharashtra,CHIRPS Rainfall
2020-09-23,2020-09-30,39.0,2020,P016,19.66981712112043,75.14262166596218,Aurangabad,normal,statewide,57.54255533218384,1,7,CHIRPS Daily v2.0,Maharashtra,CHIRPS Rainfall
2020-09-23,2020-09-30,39.0,2020,P017,21.04613203856966,79.85576216552393,Bhandara,normal,statewide,27.284417152404785,1,7,CHIRPS Daily v2.0,Maharashtra,CHIRPS Rainfall
2020-09-23,2020-09-30,39.0,2020,P018,21.31897105472685,79.76852877161537,Bhandara,normal,statewide,19.233389377593994,1,7,CHIRPS Daily v2.0,Maharashtra,CHIRPS Rainfall
2020-09-23,2020-09-30,39.0,2020,P019,21.40900922319803,79.77144948280537,Bhandara,normal,statewide,20.528034210205078,1,7,CHIRPS Daily v2.0,Maharashtra,CHIRPS Rainfall
2020-09-23,2020-09-30,39.0,2020,P020,21.144196588937042,79.57074980349083,Bhandara,normal,statewide,41.145339012145996,1,7,CHIRPS Daily v2.0,Maharashtra,CHIRPS Rainfall
2020-09-23,2020-09-30,39.0,2020,P021,18.67502288980403,75.52108340877234,Bid,normal,statewide,53.57162094116211,1,7,CHIRPS Daily v2.0,Maharashtra,CHIRPS Rainfall
2020-09-23,2020-09-30,39.0,2020,P022,18.856499384477168,75.04699178476999,Bid,normal,statewide,53.93768119812012,1,7,CHIRPS Daily v2.0,Maharashtra,CHIRPS Rainfall
2020-09-23,2020-09-30,39.0,2020,P023,19.126596053486494,75.6175605191647,Bid,normal,statewide,55.75400924682617,1,7,CHIRPS Daily v2.0,Maharashtra,CHIRPS Rainfall
2020-09-23,2020-09-30,39.0,2020,P024,18.763955201213946,75.90084720909012,Bid,normal,statewide,67.53196334838867,1,7,CHIRPS Daily v2.0,Maharashtra,CHIRPS Rainfall
2020-09-23,2020-09-30,39.0,2020,P025,20.93073496240753,76.20164478885242,Buldana,normal,statewide,6.588090896606445,1,7,CHIRPS Daily v2.0,Maharashtra,CHIRPS Rainfall
2020-09-23,2020-09-30,39.0,2020,P026,20.838939908121294,76.39311412898633,Buldana,normal,statewide,8.924355506896973,1,7,CHIRPS Daily v2.0,Maharashtra,CHIRPS Rainfall
2020-09-23,2020-09-30,39.0,2020,P027,20.657476790751314,76.48742857536776,Buldana,normal,statewide,16.0567569732666,1,7,CHIRPS Daily v2.0,Maharashtra,CHIRPS Rainfall
2020-09-23,2020-09-30,39.0,2020,P028,20.47967013624516,76.10222021266374,Buldana,normal,statewide,14.232425689697266,1,7,CHIRPS Daily v2.0,Maharashtra,CHIRPS Rainfall
2020-09-23,2020-09-30,39.0,2020,P029,20.32317798477448,79.92829390325927,Chandrapur,normal,statewide,40.79942035675049,1,7,CHIRPS Daily v2.0,Maharashtra,CHIRPS Rainfall
2020-09-23,2020-09-30,39.0,2020,P030,20.60872097983294,79.36304041732026,Chandrapur,normal,statewide,46.85677433013916,1,7,CHIRPS Daily v2.0,Maharashtra,CHIRPS Rainfall
2020-09-23,2020-09-30,39.0,2020,P031,20.511160307884595,79.64732594588165,Chandrapur,normal,statewide,63.170942306518555,1,7,CHIRPS Daily v2.0,Maharashtra,CHIRPS Rainfall
2020-09-23,2020-09-30,39.0,2020,P032,20.598621115946884,79.74569817422172,Chandrapur,normal,statewide,55.806344985961914,1,7,CHIRPS Daily v2.0,Maharashtra,CHIRPS Rainfall
2020-09-23,2020-09-30,39.0,2020,P033,21.38667804512237,75.14422248324037,Dhule,normal,statewide,31.779876708984375,1,7,CHIRPS Daily v2.0,Maharashtra,CHIRPS Rainfall
2020-09-23,2020-09-30,39.0,2020,P034,21.025151968113196,74.75989256344387,Dhule,normal,statewide,11.124090194702148,1,7,CHIRPS Daily v2.0,Maharashtra,CHIRPS Rainfall
2020-09-23,2020-09-30,39.0,2020,P035,21.477028350667293,74.85568743137505,Dhule,normal,statewide,43.010376930236816,1,7,CHIRPS Daily v2.0,Maharashtra,CHIRPS Rainfall
2020-09-23,2020-09-30,39.0,2020,P036,20.933820660336515,74.37533522949364,Dhule,normal,statewide,27.634884119033813,1,7,CHIRPS Daily v2.0,Maharashtra,CHIRPS Rainfall
2020-09-23,2020-09-30,39.0,2020,P037,19.963056524597132,79.91698116388667,Garhchiroli,normal,statewide,42.32965087890625,1,7,CHIRPS Daily v2.0,Maharashtra,CHIRPS Rainfall
2020-09-23,2020-09-30,39.0,2020,P038,19.062661462582188,79.88977172925856,Garhchiroli,normal,statewide,54.25587844848633,1,7,CHIRPS Daily v2.0,Maharashtra,CHIRPS Rainfall
2020-09-23,2020-09-30,39.0,2020,P039,19.510270485428137,79.9981368030594,Garhchiroli,normal,statewide,43.40570545196533,1,7,CHIRPS Daily v2.0,Maharashtra,CHIRPS Rainfall
2020-09-23,2020-09-30,39.0,2020,P040,19.870365190999156,80.00935144220881,Garhchiroli,normal,statewide,37.193429470062256,1,7,CHIRPS Daily v2.0,Maharashtra,CHIRPS Rainfall
2020-09-23,2020-09-30,39.0,2020,P041,21.127639946725598,80.1465044724107,Gondiya,normal,statewide,11.322847366333008,1,7,CHIRPS Daily v2.0,Maharashtra,CHIRPS Rainfall
2020-09-23,2020-09-30,39.0,2020,P042,21.397598383602258,80.15591763473452,Gondiya,normal,statewide,31.480546951293945,1,7,CHIRPS Daily v2.0,Maharashtra,CHIRPS Rainfall
2020-09-23,2020-09-30,39.0,2020,P043,21.574548890706154,80.25847249986273,Gondiya,normal,statewide,49.84354782104492,1,7,CHIRPS Daily v2.0,Maharashtra,CHIRPS Rainfall
2020-09-23,2020-09-30,39.0,2020,P044,21.211649410572516,80.34153217518526,Gondiya,normal,statewide,25.345613479614258,1,7,CHIRPS Daily v2.0,Maharashtra,CHIRPS Rainfall
2020-09-23,2020-09-30,39.0,2020,P045,19.655900266732623,77.2407892392464,Hingoli,normal,statewide,33.75619125366211,1,7,CHIRPS Daily v2.0,Maharashtra,CHIRPS Rainfall
2020-09-23,2020-09-30,39.0,2020,P046,19.566758377573187,77.1442675378435,Hingoli,normal,statewide,38.88489389419556,1,7,CHIRPS Daily v2.0,Maharashtra,CHIRPS Rainfall
2020-09-23,2020-09-30,39.0,2020,P047,19.47860194974656,76.9526242927685,Hingoli,normal,statewide,43.83914756774902,1,7,CHIRPS Daily v2.0,Maharashtra,CHIRPS Rainfall
2020-09-23,2020-09-30,39.0,2020,P048,19.927981235710728,77.14910120338544,Hingoli,normal,statewide,30.635404586791992,1,7,CHIRPS Daily v2.0,Maharashtra,CHIRPS Rainfall
2020-09-23,2020-09-30,39.0,2020,P049,21.292738163229433,76.10816865346904,Jalgaon,normal,statewide,0.0,1,7,CHIRPS Daily v2.0,Maharashtra,CHIRPS Rainfall
2020-09-23,2020-09-30,39.0,2020,P050,21.386178625804387,75.43363151891216,Jalgaon,normal,statewide,21.63511085510254,1,7,CHIRPS Daily v2.0,Maharashtra,CHIRPS Rainfall
2020-09-23,2020-09-30,39.0,2020,P051,21.112064306745907,76.10682200495089,Jalgaon,normal,statewide,8.656972885131836,1,7,CHIRPS Daily v2.0,Maharashtra,CHIRPS Rainfall
2020-09-23,2020-09-30,39.0,2020,P052,20.844437979720194,75.23982115072519,Jalgaon,normal,statewide,27.93735694885254,1,7,CHIRPS Daily v2.0,Maharashtra,CHIRPS Rainfall
2020-09-23,2020-09-30,39.0,2020,P053,19.486369703781666,76.00005328932718,Jalna,normal,statewide,64.04453420639038,1,7,CHIRPS Daily v2.0,Maharashtra,CHIRPS Rainfall
2020-09-23,2020-09-30,39.0,2020,P054,20.028502750758555,76.00343774702675,Jalna,normal,statewide,45.1614294052124,1,7,CHIRPS Daily v2.0,Maharashtra,CHIRPS Rainfall
2020-09-23,2020-09-30,39.0,2020,P055,19.75743845682064,76.00172991132328,Jalna,normal,statewide,57.34849548339844,1,7,CHIRPS Daily v2.0,Maharashtra,CHIRPS Rainfall
2020-09-23,2020-09-30,39.0,2020,P056,19.57768317515413,75.80993951591351,Jalna,normal,statewide,61.98869323730469,1,7,CHIRPS Daily v2.0,Maharashtra,CHIRPS Rainfall
2020-09-23,2020-09-30,39.0,2020,P057,16.776377793156257,74.29671235971928,Kolhapur,normal,statewide,62.56924533843994,1,7,CHIRPS Daily v2.0,Maharashtra,CHIRPS Rainfall
2020-09-23,2020-09-30,39.0,2020,P058,16.324416687682138,74.29834884980589,Kolhapur,normal,statewide,59.572453022003174,1,7,CHIRPS Daily v2.0,Maharashtra,CHIRPS Rainfall
2020-09-23,2020-09-30,39.0,2020,P059,16.595891218916975,74.39111598812178,Kolhapur,normal,statewide,63.21702194213867,1,7,CHIRPS Daily v2.0,Maharashtra,CHIRPS Rainfall
2020-09-23,2020-09-30,39.0,2020,P060,16.414811584237594,74.29802779453004,Kolhapur,normal,statewide,74.4604845046997,1,7,CHIRPS Daily v2.0,Maharashtra,CHIRPS Rainfall
2020-09-23,2020-09-30,39.0,2020,P086,21.054127206758487,79.56798961993874,Nagpur,normal,statewide,43.19341278076172,1,7,CHIRPS Daily v2.0,Maharashtra,CHIRPS Rainfall
2020-09-23,2020-09-30,39.0,2020,P087,21.146765031143822,79.47473643960802,Nagpur,normal,statewide,49.90229511260986,1,7,CHIRPS Daily v2.0,Maharashtra,CHIRPS Rainfall
2020-09-23,2020-09-30,39.0,2020,P088,21.347803602138427,78.61442869606356,Nagpur,normal,statewide,38.01200866699219,1,7,CHIRPS Daily v2.0,Maharashtra,CHIRPS Rainfall
2020-09-23,2020-09-30,39.0,2020,P089,21.165377318940912,78.70615240473293,Nagpur,normal,statewide,53.76875877380371,1,7,CHIRPS Daily v2.0,Maharashtra,CHIRPS Rainfall
2020-09-23,2020-09-30,39.0,2020,P090,19.201968238592887,77.42470040309472,Nanded,normal,statewide,54.259074211120605,1,7,CHIRPS Daily v2.0,Maharashtra,CHIRPS Rainfall
2020-09-23,2020-09-30,39.0,2020,P091,18.566038000956755,77.69963965584807,Nanded,normal,statewide,45.66510772705078,1,7,CHIRPS Daily v2.0,Maharashtra,CHIRPS Rainfall
2020-09-23,2020-09-30,39.0,2020,P092,19.736596618496833,77.90946265591798,Nanded,normal,statewide,25.081077575683594,1,7,CHIRPS Daily v2.0,Maharashtra,CHIRPS Rainfall
2020-09-23,2020-09-30,39.0,2020,P093,18.93564842817583,77.04115528508362,Nanded,normal,statewide,53.39395570755005,1,7,CHIRPS Daily v2.0,Maharashtra,CHIRPS Rainfall
2020-09-23,2020-09-30,39.0,2020,P094,21.564917232430716,74.08292967791392,Nandurbar,normal,statewide,45.95598888397217,1,7,CHIRPS Daily v2.0,Maharashtra,CHIRPS Rainfall
2020-09-23,2020-09-30,39.0,2020,P095,21.5662594218478,74.37266422796263,Nandurbar,normal,statewide,28.732810974121094,1,7,CHIRPS Daily v2.0,Maharashtra,CHIRPS Rainfall
2020-09-23,2020-09-30,39.0,2020,P096,21.385179787168415,74.27697637845674,Nandurbar,normal,statewide,28.16338348388672,1,7,CHIRPS Daily v2.0,Maharashtra,CHIRPS Rainfall
2020-09-23,2020-09-30,39.0,2020,P097,21.565421110849755,74.17950488852946,Nandurbar,normal,statewide,46.90676403045654,1,7,CHIRPS Daily v2.0,Maharashtra,CHIRPS Rainfall
2020-09-23,2020-09-30,39.0,2020,P098,20.299553667393326,73.99482675929994,Nashik,normal,statewide,60.47985649108887,1,7,CHIRPS Daily v2.0,Maharashtra,CHIRPS Rainfall
2020-09-23,2020-09-30,39.0,2020,P099,20.120253214034264,74.28296495117151,Nashik,normal,statewide,67.78506088256836,1,7,CHIRPS Daily v2.0,Maharashtra,CHIRPS Rainfall
2020-09-23,2020-09-30,39.0,2020,P100,20.389903972938242,73.99424261706194,Nashik,normal,statewide,64.93437194824219,1,7,CHIRPS Daily v2.0,Maharashtra,CHIRPS Rainfall
2020-09-23,2020-09-30,39.0,2020,P101,20.029015547379707,74.09216447619562,Nashik,normal,statewide,72.01492309570312,1,7,CHIRPS Daily v2.0,Maharashtra,CHIRPS Rainfall
2020-09-23,2020-09-30,39.0,2020,P102,17.85749130266526,76.36802722645965,Osmanabad,normal,statewide,39.90530443191528,1,7,CHIRPS Daily v2.0,Maharashtra,CHIRPS Rainfall
2020-09-23,2020-09-30,39.0,2020,P103,17.76644983645705,76.46164605307673,Osmanabad,normal,statewide,38.61573028564453,1,7,CHIRPS Daily v2.0,Maharashtra,CHIRPS Rainfall
2020-09-23,2020-09-30,39.0,2020,P104,17.949094615606196,76.17989775301476,Osmanabad,normal,statewide,28.70059823989868,1,7,CHIRPS Daily v2.0,Maharashtra,CHIRPS Rainfall
2020-09-23,2020-09-30,39.0,2020,P105,18.584360447185368,75.61558067829696,Osmanabad,normal,statewide,49.73272371292114,1,7,CHIRPS Daily v2.0,Maharashtra,CHIRPS Rainfall
2020-09-23,2020-09-30,39.0,2020,P106,19.031389786894366,76.47235681380711,Parbhani,normal,statewide,42.41719341278076,1,7,CHIRPS Daily v2.0,Maharashtra,CHIRPS Rainfall
2020-09-23,2020-09-30,39.0,2020,P107,19.120950831552832,76.56820519095093,Parbhani,normal,statewide,48.30953025817871,1,7,CHIRPS Daily v2.0,Maharashtra,CHIRPS Rainfall
2020-09-23,2020-09-30,39.0,2020,P108,19.208625676465683,76.85432786914635,Parbhani,normal,statewide,40.23445177078247,1,7,CHIRPS Daily v2.0,Maharashtra,CHIRPS Rainfall
2020-09-23,2020-09-30,39.0,2020,P109,19.212081479782103,76.47396209018636,Parbhani,normal,statewide,53.78338623046875,1,7,CHIRPS Daily v2.0,Maharashtra,CHIRPS Rainfall
2020-09-23,2020-09-30,39.0,2020,P110,18.133442771357757,75.04679558432363,Pune,normal,statewide,95.64938926696777,1,7,CHIRPS Daily v2.0,Maharashtra,CHIRPS Rainfall
2020-09-23,2020-09-30,39.0,2020,P111,18.584645829652782,74.47919215212944,Pune,normal,statewide,71.69253540039062,1,7,CHIRPS Daily v2.0,Maharashtra,CHIRPS Rainfall
2020-09-23,2020-09-30,39.0,2020,P112,18.132979024848197,74.57507620208169,Pune,normal,statewide,78.9560718536377,1,7,CHIRPS Daily v2.0,Maharashtra,CHIRPS Rainfall
2020-09-23,2020-09-30,39.0,2020,P113,18.314072036830744,74.76389683618987,Pune,normal,statewide,81.44794940948486,1,7,CHIRPS Daily v2.0,Maharashtra,CHIRPS Rainfall
2020-09-23,2020-09-30,39.0,2020,P114,18.48503397121986,73.0589238755964,Raigarh,normal,statewide,63.82468795776367,1,7,CHIRPS Daily v2.0,Maharashtra,CHIRPS Rainfall
2020-09-23,2020-09-30,39.0,2020,P115,18.665689991299164,73.05687714821288,Raigarh,normal,statewide,121.32597732543945,1,7,CHIRPS Daily v2.0,Maharashtra,CHIRPS Rainfall
2020-09-23,2020-09-30,39.0,2020,P116,18.306197264370358,73.25009891506079,Raigarh,normal,statewide,37.77473449707031,1,7,CHIRPS Daily v2.0,Maharashtra,CHIRPS Rainfall
2020-09-23,2020-09-30,39.0,2020,P117,18.21404102289879,73.06194714611064,Raigarh,normal,statewide,99.99616622924805,1,7,CHIRPS Daily v2.0,Maharashtra,CHIRPS Rainfall
2020-09-23,2020-09-30,39.0,2020,P118,17.138719885658215,75.42259970290594,Sangli,normal,statewide,74.76384353637695,1,7,CHIRPS Daily v2.0,Maharashtra,CHIRPS Rainfall
2020-09-23,2020-09-30,39.0,2020,P119,17.048761981005992,74.95348443567921,Sangli,normal,statewide,48.86053276062012,1,7,CHIRPS Daily v2.0,Maharashtra,CHIRPS Rainfall
2020-09-23,2020-09-30,39.0,2020,P120,16.86707144948229,74.39025538161847,Sangli,normal,statewide,61.02970504760742,1,7,CHIRPS Daily v2.0,Maharashtra,CHIRPS Rainfall
2020-09-23,2020-09-30,39.0,2020,P121,17.048503353144895,74.67157114887826,Sangli,normal,statewide,55.055073738098145,1,7,CHIRPS Daily v2.0,Maharashtra,CHIRPS Rainfall
2020-09-23,2020-09-30,39.0,2020,P148,17.67852974098626,76.08383979812143,Solapur,normal,statewide,57.72830104827881,1,7,CHIRPS Daily v2.0,Maharashtra,CHIRPS Rainfall
2020-09-23,2020-09-30,39.0,2020,P149,18.223365003201543,75.4251413905064,Solapur,normal,statewide,56.71939945220947,1,7,CHIRPS Daily v2.0,Maharashtra,CHIRPS Rainfall
2020-09-23,2020-09-30,39.0,2020,P150,17.952532582518405,75.23562067753285,Solapur,normal,statewide,61.083662033081055,1,7,CHIRPS Daily v2.0,Maharashtra,CHIRPS Rainfall
2020-09-23,2020-09-30,39.0,2020,P151,18.223690517578447,75.23598186471818,Solapur,normal,statewide,55.25040817260742,1,7,CHIRPS Daily v2.0,Maharashtra,CHIRPS Rainfall
2020-09-23,2020-09-30,39.0,2020,P152,19.658178867370932,72.94986318203122,Thane,normal,statewide,69.83897972106934,1,7,CHIRPS Daily v2.0,Maharashtra,CHIRPS Rainfall
2020-09-23,2020-09-30,39.0,2020,P153,19.65706409210757,72.8545320606096,Thane,normal,statewide,66.60835266113281,1,7,CHIRPS Daily v2.0,Maharashtra,CHIRPS Rainfall
2020-09-23,2020-09-30,39.0,2020,P154,19.477549601897948,72.95214624177059,Thane,normal,statewide,93.45730590820312,1,7,CHIRPS Daily v2.0,Maharashtra,CHIRPS Rainfall
2020-09-23,2020-09-30,39.0,2020,P155,19.83987385799569,73.0429959666335,Thane,normal,statewide,30.925869941711426,1,7,CHIRPS Daily v2.0,Maharashtra,CHIRPS Rainfall
2020-09-23,2020-09-30,39.0,2020,P156,20.806749657616468,78.60135461177485,Wardha,normal,statewide,12.8211030960083,1,7,CHIRPS Daily v2.0,Maharashtra,CHIRPS Rainfall
2020-09-23,2020-09-30,39.0,2020,P157,20.71031267913359,78.88671032458906,Wardha,normal,statewide,24.31493902206421,1,7,CHIRPS Daily v2.0,Maharashtra,CHIRPS Rainfall
2020-09-23,2020-09-30,39.0,2020,P158,21.081265295769754,78.41565980750515,Wardha,normal,statewide,36.810129165649414,1,7,CHIRPS Daily v2.0,Maharashtra,CHIRPS Rainfall
2020-09-23,2020-09-30,39.0,2020,P159,20.439854822938944,78.87986114537097,Wardha,normal,statewide,12.710517883300781,1,7,CHIRPS Daily v2.0,Maharashtra,CHIRPS Rainfall
2020-09-23,2020-09-30,39.0,2020,P160,20.289186257444058,77.15404188735265,Washim,normal,statewide,16.13023567199707,1,7,CHIRPS Daily v2.0,Maharashtra,CHIRPS Rainfall
2020-09-23,2020-09-30,39.0,2020,P161,20.464607292886615,77.53975858757677,Washim,normal,statewide,13.137924790382385,1,7,CHIRPS Daily v2.0,Maharashtra,CHIRPS Rainfall
2020-09-23,2020-09-30,39.0,2020,P162,20.107393166596125,77.2471479173486,Washim,normal,statewide,8.312003135681152,1,7,CHIRPS Daily v2.0,Maharashtra,CHIRPS Rainfall
2020-09-23,2020-09-30,39.0,2020,P163,20.198885002010726,77.1527933390577,Washim,normal,statewide,8.203688621520996,1,7,CHIRPS Daily v2.0,Maharashtra,CHIRPS Rainfall
2020-09-23,2020-09-30,39.0,2020,P164,20.182854533723592,78.20447678161395,Yavatmal,normal,statewide,16.640352249145508,1,7,CHIRPS Daily v2.0,Maharashtra,CHIRPS Rainfall
2020-09-23,2020-09-30,39.0,2020,P165,19.894658373538324,79.05709703494229,Yavatmal,normal,statewide,29.588024139404297,1,7,CHIRPS Daily v2.0,Maharashtra,CHIRPS Rainfall
2020-09-23,2020-09-30,39.0,2020,P166,19.468787468327925,77.71426550730338,Yavatmal,normal,statewide,43.638529777526855,1,7,CHIRPS Daily v2.0,Maharashtra,CHIRPS Rainfall
2020-09-23,2020-09-30,39.0,2020,P167,19.559057510053886,77.71577268345945,Yavatmal,normal,statewide,36.87161350250244,1,7,CHIRPS Daily v2.0,Maharashtra,CHIRPS Rainfall
2020-09-30,2020-10-07,40.0,2020,P147,17.927231643141155,73.94769852026607,Satara,case_study,case_study,6.441690444946289,1,7,CHIRPS Daily v2.0,Maharashtra,CHIRPS Rainfall
2020-09-30,2020-10-07,40.0,2020,P061,18.507855650411397,76.91766048140843,Latur,high,priority,0.0,1,7,CHIRPS Daily v2.0,Maharashtra,CHIRPS Rainfall
2020-09-30,2020-10-07,40.0,2020,P062,18.422405896924207,76.3487594508077,Latur,high,priority,0.0,1,7,CHIRPS Daily v2.0,Maharashtra,CHIRPS Rainfall
2020-09-30,2020-10-07,40.0,2020,P063,18.235391198742693,77.05646783810116,Latur,high,priority,11.252424240112305,1,7,CHIRPS Daily v2.0,Maharashtra,CHIRPS Rainfall
2020-09-30,2020-10-07,40.0,2020,P064,18.193056493341274,76.77240080549139,Latur,high,priority,6.99337911605835,1,7,CHIRPS Daily v2.0,Maharashtra,CHIRPS Rainfall
2020-09-30,2020-10-07,40.0,2020,P065,18.331355512513895,76.44266811899327,Latur,high,priority,0.0,1,7,CHIRPS Daily v2.0,Maharashtra,CHIRPS Rainfall
2020-09-30,2020-10-07,40.0,2020,P066,18.104739537876725,76.5352970251765,Latur,high,priority,6.10221004486084,1,7,CHIRPS Daily v2.0,Maharashtra,CHIRPS Rainfall
2020-09-30,2020-10-07,40.0,2020,P067,18.280552974211986,77.0569984711265,Latur,high,priority,0.0,1,7,CHIRPS Daily v2.0,Maharashtra,CHIRPS Rainfall
2020-09-30,2020-10-07,40.0,2020,P068,18.101823285787773,76.86595720469373,Latur,high,priority,5.439778804779053,1,7,CHIRPS Daily v2.0,Maharashtra,CHIRPS Rainfall
2020-09-30,2020-10-07,40.0,2020,P069,18.595075667016793,77.20284228928156,Latur,high,priority,11.532537460327148,1,7,CHIRPS Daily v2.0,Maharashtra,CHIRPS Rainfall
2020-09-30,2020-10-07,40.0,2020,P070,18.41499041187233,77.15322587185987,Latur,high,priority,6.229920387268066,1,7,CHIRPS Daily v2.0,Maharashtra,CHIRPS Rainfall
2020-09-30,2020-10-07,40.0,2020,P071,18.149138807065885,76.63019561379593,Latur,high,priority,0.0,1,7,CHIRPS Daily v2.0,Maharashtra,CHIRPS Rainfall
2020-09-30,2020-10-07,40.0,2020,P072,18.283393421583035,76.77331492120734,Latur,high,priority,6.069051742553711,1,7,CHIRPS Daily v2.0,Maharashtra,CHIRPS Rainfall
2020-09-30,2020-10-07,40.0,2020,P073,17.966315663874607,76.86453029235662,Latur,high,priority,12.892660140991211,1,7,CHIRPS Daily v2.0,Maharashtra,CHIRPS Rainfall
2020-09-30,2020-10-07,40.0,2020,P074,18.50832831512306,76.870318205524,Latur,high,priority,0.0,1,7,CHIRPS Daily v2.0,Maharashtra,CHIRPS Rainfall
2020-09-30,2020-10-07,40.0,2020,P075,18.41444640154381,77.20053247493588,Latur,high,priority,6.911306381225586,1,7,CHIRPS Daily v2.0,Maharashtra,CHIRPS Rainfall
2020-09-30,2020-10-07,40.0,2020,P076,18.377877313804504,76.25376722106614,Latur,high,priority,0.0,1,7,CHIRPS Daily v2.0,Maharashtra,CHIRPS Rainfall
2020-09-30,2020-10-07,40.0,2020,P077,18.059564385104267,76.5349046242838,Latur,high,priority,6.487855434417725,1,7,CHIRPS Daily v2.0,Maharashtra,CHIRPS Rainfall
2020-09-30,2020-10-07,40.0,2020,P078,18.1008824154655,76.96042326051098,Latur,high,priority,8.662698745727539,1,7,CHIRPS Daily v2.0,Maharashtra,CHIRPS Rainfall
2020-09-30,2020-10-07,40.0,2020,P079,18.73508698099394,76.77797468180819,Latur,high,priority,0.9525218605995178,1,7,CHIRPS Daily v2.0,Maharashtra,CHIRPS Rainfall
2020-09-30,2020-10-07,40.0,2020,P080,18.46791548227568,76.3017694439065,Latur,high,priority,0.0,1,7,CHIRPS Daily v2.0,Maharashtra,CHIRPS Rainfall
2020-09-30,2020-10-07,40.0,2020,P081,18.10355787609756,76.67701617485712,Latur,high,priority,5.793166160583496,1,7,CHIRPS Daily v2.0,Maharashtra,CHIRPS Rainfall
2020-09-30,2020-10-07,40.0,2020,P082,18.23907887531389,76.67830931416262,Latur,high,priority,6.844122886657715,1,7,CHIRPS Daily v2.0,Maharashtra,CHIRPS Rainfall
2020-09-30,2020-10-07,40.0,2020,P083,18.369289085175563,77.19996171000103,Latur,high,priority,4.078781604766846,1,7,CHIRPS Daily v2.0,Maharashtra,CHIRPS Rainfall
2020-09-30,2020-10-07,40.0,2020,P084,18.46362582706226,76.82249880582684,Latur,high,priority,0.0,1,7,CHIRPS Daily v2.0,Maharashtra,CHIRPS Rainfall
2020-09-30,2020-10-07,40.0,2020,P085,18.14788579966987,76.77194597718393,Latur,high,priority,3.937493324279785,1,7,CHIRPS Daily v2.0,Maharashtra,CHIRPS Rainfall
2020-09-30,2020-10-07,40.0,2020,P122,17.88145897082753,73.8441448165019,Satara,high,priority,8.856632232666016,1,7,CHIRPS Daily v2.0,Maharashtra,CHIRPS Rainfall
2020-09-30,2020-10-07,40.0,2020,P123,17.386414030975025,74.27088970551878,Satara,high,priority,4.424301624298096,1,7,CHIRPS Daily v2.0,Maharashtra,CHIRPS Rainfall
2020-09-30,2020-10-07,40.0,2020,P124,17.43262815429294,74.647353771057,Satara,high,priority,0.0,1,7,CHIRPS Daily v2.0,Maharashtra,CHIRPS Rainfall
2020-09-30,2020-10-07,40.0,2020,P125,17.56734651531964,74.31728219287884,Satara,high,priority,0.0,1,7,CHIRPS Daily v2.0,Maharashtra,CHIRPS Rainfall
2020-09-30,2020-10-07,40.0,2020,P126,17.205080227535593,74.13053949986157,Satara,high,priority,24.7514591217041,1,7,CHIRPS Daily v2.0,Maharashtra,CHIRPS Rainfall
2020-09-30,2020-10-07,40.0,2020,P127,17.65773249367299,74.31694330119876,Satara,high,priority,0.0,1,7,CHIRPS Daily v2.0,Maharashtra,CHIRPS Rainfall
2020-09-30,2020-10-07,40.0,2020,P128,18.019949731345452,74.5517328080669,Satara,high,priority,0.0,1,7,CHIRPS Daily v2.0,Maharashtra,CHIRPS Rainfall
2020-09-30,2020-10-07,40.0,2020,P129,18.063234225271252,74.03192648006461,Satara,high,priority,0.0,1,7,CHIRPS Daily v2.0,Maharashtra,CHIRPS Rainfall
2020-09-30,2020-10-07,40.0,2020,P130,17.61135784271715,74.03436560834085,Satara,high,priority,0.0,1,7,CHIRPS Daily v2.0,Maharashtra,CHIRPS Rainfall
2020-09-30,2020-10-07,40.0,2020,P131,17.612539504496315,74.3171127470388,Satara,high,priority,0.0,1,7,CHIRPS Daily v2.0,Maharashtra,CHIRPS Rainfall
2020-09-30,2020-10-07,40.0,2020,P132,17.702176353872684,74.12817617630324,Satara,high,priority,5.526398658752441,1,7,CHIRPS Daily v2.0,Maharashtra,CHIRPS Rainfall
2020-09-30,2020-10-07,40.0,2020,P133,17.25006363896275,74.08329532420031,Satara,high,priority,21.88413429260254,1,7,CHIRPS Daily v2.0,Maharashtra,CHIRPS Rainfall
2020-09-30,2020-10-07,40.0,2020,P134,17.476429903940936,74.17634784498362,Satara,high,priority,3.8352909088134766,1,7,CHIRPS Daily v2.0,Maharashtra,CHIRPS Rainfall
2020-09-30,2020-10-07,40.0,2020,P135,17.882716437324603,74.0801070669471,Satara,high,priority,0.0,1,7,CHIRPS Daily v2.0,Maharashtra,CHIRPS Rainfall
2020-09-30,2020-10-07,40.0,2020,P136,17.928520323345598,74.22149178404871,Satara,high,priority,0.0,1,7,CHIRPS Daily v2.0,Maharashtra,CHIRPS Rainfall
2020-09-30,2020-10-07,40.0,2020,P137,17.746687100588183,73.98648378122894,Satara,high,priority,0.0,1,7,CHIRPS Daily v2.0,Maharashtra,CHIRPS Rainfall
2020-09-30,2020-10-07,40.0,2020,P138,17.61269557303319,74.36423652697161,Satara,high,priority,0.0,1,7,CHIRPS Daily v2.0,Maharashtra,CHIRPS Rainfall
2020-09-30,2020-10-07,40.0,2020,P139,17.656773786946495,74.08126197411994,Satara,high,priority,0.0,1,7,CHIRPS Daily v2.0,Maharashtra,CHIRPS Rainfall
2020-09-30,2020-10-07,40.0,2020,P140,17.97464080554139,74.50462240543725,Satara,high,priority,0.0,1,7,CHIRPS Daily v2.0,Maharashtra,CHIRPS Rainfall
2020-09-30,2020-10-07,40.0,2020,P141,17.430826677467348,74.08239904488856,Satara,high,priority,16.645170211791992,1,7,CHIRPS Daily v2.0,Maharashtra,CHIRPS Rainfall
2020-09-30,2020-10-07,40.0,2020,P142,18.064447100757786,74.31538707493111,Satara,high,priority,0.0,1,7,CHIRPS Daily v2.0,Maharashtra,CHIRPS Rainfall
2020-09-30,2020-10-07,40.0,2020,P143,17.70379500755509,74.6468275971327,Satara,high,priority,0.0,1,7,CHIRPS Daily v2.0,Maharashtra,CHIRPS Rainfall
2020-09-30,2020-10-07,40.0,2020,P144,17.929452275465767,74.50474726026674,Satara,high,priority,0.0,1,7,CHIRPS Daily v2.0,Maharashtra,CHIRPS Rainfall
2020-09-30,2020-10-07,40.0,2020,P145,17.47773196144854,74.60017202281048,Satara,high,priority,0.0,1,7,CHIRPS Daily v2.0,Maharashtra,CHIRPS Rainfall
2020-09-30,2020-10-07,40.0,2020,P146,17.839182233739812,74.55218763637436,Satara,high,priority,0.0,1,7,CHIRPS Daily v2.0,Maharashtra,CHIRPS Rainfall
2020-09-30,2020-10-07,40.0,2020,P001,19.940457800458272,74.57045211428928,Ahmednagar,normal,statewide,7.035454273223877,1,7,CHIRPS Daily v2.0,Maharashtra,CHIRPS Rainfall
2020-09-30,2020-10-07,40.0,2020,P002,18.946729294293643,74.76302285238339,Ahmednagar,normal,statewide,0.0,1,7,CHIRPS Daily v2.0,Maharashtra,CHIRPS Rainfall
2020-09-30,2020-10-07,40.0,2020,P003,18.49469238410162,74.66892244285252,Ahmednagar,normal,statewide,0.0,1,7,CHIRPS Daily v2.0,Maharashtra,CHIRPS Rainfall
2020-09-30,2020-10-07,40.0,2020,P004,19.03720445466806,75.1420731965326,Ahmednagar,normal,statewide,0.0,1,7,CHIRPS Daily v2.0,Maharashtra,CHIRPS Rainfall
2020-09-30,2020-10-07,40.0,2020,P005,20.832153156317954,77.06560453615967,Akola,normal,statewide,0.0,1,7,CHIRPS Daily v2.0,Maharashtra,CHIRPS Rainfall
2020-09-30,2020-10-07,40.0,2020,P006,20.834360411339407,76.87349308547405,Akola,normal,statewide,0.0,1,7,CHIRPS Daily v2.0,Maharashtra,CHIRPS Rainfall
2020-09-30,2020-10-07,40.0,2020,P007,21.014976299509232,76.87574047240498,Akola,normal,statewide,0.0,1,7,CHIRPS Daily v2.0,Maharashtra,CHIRPS Rainfall
2020-09-30,2020-10-07,40.0,2020,P008,20.828434266039377,77.35372489162701,Akola,normal,statewide,2.586437225341797,1,7,CHIRPS Daily v2.0,Maharashtra,CHIRPS Rainfall
2020-09-30,2020-10-07,40.0,2020,P009,21.360971327549258,77.94039543992572,Amravati,normal,statewide,0.0,1,7,CHIRPS Daily v2.0,Maharashtra,CHIRPS Rainfall
2020-09-30,2020-10-07,40.0,2020,P010,21.178803672212837,78.03301542790685,Amravati,normal,statewide,0.0,1,7,CHIRPS Daily v2.0,Maharashtra,CHIRPS Rainfall
2020-09-30,2020-10-07,40.0,2020,P011,20.814388097721018,78.21764450702477,Amravati,normal,statewide,0.0,1,7,CHIRPS Daily v2.0,Maharashtra,CHIRPS Rainfall
2020-09-30,2020-10-07,40.0,2020,P012,21.180502589714195,77.93681032267875,Amravati,normal,statewide,0.0,1,7,CHIRPS Daily v2.0,Maharashtra,CHIRPS Rainfall
2020-09-30,2020-10-07,40.0,2020,P013,20.031289688916964,74.8570519162974,Aurangabad,normal,statewide,0.0,1,7,CHIRPS Daily v2.0,Maharashtra,CHIRPS Rainfall
2020-09-30,2020-10-07,40.0,2020,P014,19.760185263069562,75.14270192978114,Aurangabad,normal,statewide,7.662075042724609,1,7,CHIRPS Daily v2.0,Maharashtra,CHIRPS Rainfall
2020-09-30,2020-10-07,40.0,2020,P015,19.9408189876436,74.76157364454102,Aurangabad,normal,statewide,0.0,1,7,CHIRPS Daily v2.0,Maharashtra,CHIRPS Rainfall
2020-09-30,2020-10-07,40.0,2020,P016,19.66981712112043,75.14262166596218,Aurangabad,normal,statewide,0.0,1,7,CHIRPS Daily v2.0,Maharashtra,CHIRPS Rainfall
2020-09-30,2020-10-07,40.0,2020,P017,21.04613203856966,79.85576216552393,Bhandara,normal,statewide,25.76283073425293,1,7,CHIRPS Daily v2.0,Maharashtra,CHIRPS Rainfall
2020-09-30,2020-10-07,40.0,2020,P018,21.31897105472685,79.76852877161537,Bhandara,normal,statewide,10.011727571487427,1,7,CHIRPS Daily v2.0,Maharashtra,CHIRPS Rainfall
2020-09-30,2020-10-07,40.0,2020,P019,21.40900922319803,79.77144948280537,Bhandara,normal,statewide,18.01147174835205,1,7,CHIRPS Daily v2.0,Maharashtra,CHIRPS Rainfall
2020-09-30,2020-10-07,40.0,2020,P020,21.144196588937042,79.57074980349083,Bhandara,normal,statewide,18.44288921356201,1,7,CHIRPS Daily v2.0,Maharashtra,CHIRPS Rainfall
2020-09-30,2020-10-07,40.0,2020,P021,18.67502288980403,75.52108340877234,Bid,normal,statewide,6.100612640380859,1,7,CHIRPS Daily v2.0,Maharashtra,CHIRPS Rainfall
2020-09-30,2020-10-07,40.0,2020,P022,18.856499384477168,75.04699178476999,Bid,normal,statewide,0.0,1,7,CHIRPS Daily v2.0,Maharashtra,CHIRPS Rainfall
2020-09-30,2020-10-07,40.0,2020,P023,19.126596053486494,75.6175605191647,Bid,normal,statewide,0.0,1,7,CHIRPS Daily v2.0,Maharashtra,CHIRPS Rainfall
2020-09-30,2020-10-07,40.0,2020,P024,18.763955201213946,75.90084720909012,Bid,normal,statewide,0.0,1,7,CHIRPS Daily v2.0,Maharashtra,CHIRPS Rainfall
2020-09-30,2020-10-07,40.0,2020,P025,20.93073496240753,76.20164478885242,Buldana,normal,statewide,0.0,1,7,CHIRPS Daily v2.0,Maharashtra,CHIRPS Rainfall
2020-09-30,2020-10-07,40.0,2020,P026,20.838939908121294,76.39311412898633,Buldana,normal,statewide,0.0,1,7,CHIRPS Daily v2.0,Maharashtra,CHIRPS Rainfall
2020-09-30,2020-10-07,40.0,2020,P027,20.657476790751314,76.48742857536776,Buldana,normal,statewide,0.9003407955169678,1,7,CHIRPS Daily v2.0,Maharashtra,CHIRPS Rainfall
2020-09-30,2020-10-07,40.0,2020,P028,20.47967013624516,76.10222021266374,Buldana,normal,statewide,0.0,1,7,CHIRPS Daily v2.0,Maharashtra,CHIRPS Rainfall
2020-09-30,2020-10-07,40.0,2020,P029,20.32317798477448,79.92829390325927,Chandrapur,normal,statewide,9.632098197937012,1,7,CHIRPS Daily v2.0,Maharashtra,CHIRPS Rainfall
2020-09-30,2020-10-07,40.0,2020,P030,20.60872097983294,79.36304041732026,Chandrapur,normal,statewide,1.748504638671875,1,7,CHIRPS Daily v2.0,Maharashtra,CHIRPS Rainfall
2020-09-30,2020-10-07,40.0,2020,P031,20.511160307884595,79.64732594588165,Chandrapur,normal,statewide,5.6244425773620605,1,7,CHIRPS Daily v2.0,Maharashtra,CHIRPS Rainfall
2020-09-30,2020-10-07,40.0,2020,P032,20.598621115946884,79.74569817422172,Chandrapur,normal,statewide,9.611570358276367,1,7,CHIRPS Daily v2.0,Maharashtra,CHIRPS Rainfall
2020-09-30,2020-10-07,40.0,2020,P033,21.38667804512237,75.14422248324037,Dhule,normal,statewide,0.0,1,7,CHIRPS Daily v2.0,Maharashtra,CHIRPS Rainfall
2020-09-30,2020-10-07,40.0,2020,P034,21.025151968113196,74.75989256344387,Dhule,normal,statewide,0.0,1,7,CHIRPS Daily v2.0,Maharashtra,CHIRPS Rainfall
2020-09-30,2020-10-07,40.0,2020,P035,21.477028350667293,74.85568743137505,Dhule,normal,statewide,0.0,1,7,CHIRPS Daily v2.0,Maharashtra,CHIRPS Rainfall
2020-09-30,2020-10-07,40.0,2020,P036,20.933820660336515,74.37533522949364,Dhule,normal,statewide,0.0,1,7,CHIRPS Daily v2.0,Maharashtra,CHIRPS Rainfall
2020-09-30,2020-10-07,40.0,2020,P037,19.963056524597132,79.91698116388667,Garhchiroli,normal,statewide,20.061349868774414,1,7,CHIRPS Daily v2.0,Maharashtra,CHIRPS Rainfall
2020-09-30,2020-10-07,40.0,2020,P038,19.062661462582188,79.88977172925856,Garhchiroli,normal,statewide,34.65520668029785,1,7,CHIRPS Daily v2.0,Maharashtra,CHIRPS Rainfall
2020-09-30,2020-10-07,40.0,2020,P039,19.510270485428137,79.9981368030594,Garhchiroli,normal,statewide,30.115798711776733,1,7,CHIRPS Daily v2.0,Maharashtra,CHIRPS Rainfall
2020-09-30,2020-10-07,40.0,2020,P040,19.870365190999156,80.00935144220881,Garhchiroli,normal,statewide,25.676342964172363,1,7,CHIRPS Daily v2.0,Maharashtra,CHIRPS Rainfall
2020-09-30,2020-10-07,40.0,2020,P041,21.127639946725598,80.1465044724107,Gondiya,normal,statewide,20.709652423858643,1,7,CHIRPS Daily v2.0,Maharashtra,CHIRPS Rainfall
2020-09-30,2020-10-07,40.0,2020,P042,21.397598383602258,80.15591763473452,Gondiya,normal,statewide,28.000847101211548,1,7,CHIRPS Daily v2.0,Maharashtra,CHIRPS Rainfall
2020-09-30,2020-10-07,40.0,2020,P043,21.574548890706154,80.25847249986273,Gondiya,normal,statewide,27.652881622314453,1,7,CHIRPS Daily v2.0,Maharashtra,CHIRPS Rainfall
2020-09-30,2020-10-07,40.0,2020,P044,21.211649410572516,80.34153217518526,Gondiya,normal,statewide,43.753231048583984,1,7,CHIRPS Daily v2.0,Maharashtra,CHIRPS Rainfall
2020-09-30,2020-10-07,40.0,2020,P045,19.655900266732623,77.2407892392464,Hingoli,normal,statewide,0.0,1,7,CHIRPS Daily v2.0,Maharashtra,CHIRPS Rainfall
2020-09-30,2020-10-07,40.0,2020,P046,19.566758377573187,77.1442675378435,Hingoli,normal,statewide,7.797728061676025,1,7,CHIRPS Daily v2.0,Maharashtra,CHIRPS Rainfall
2020-09-30,2020-10-07,40.0,2020,P047,19.47860194974656,76.9526242927685,Hingoli,normal,statewide,10.057332277297974,1,7,CHIRPS Daily v2.0,Maharashtra,CHIRPS Rainfall
2020-09-30,2020-10-07,40.0,2020,P048,19.927981235710728,77.14910120338544,Hingoli,normal,statewide,0.0,1,7,CHIRPS Daily v2.0,Maharashtra,CHIRPS Rainfall
2020-09-30,2020-10-07,40.0,2020,P049,21.292738163229433,76.10816865346904,Jalgaon,normal,statewide,0.0,1,7,CHIRPS Daily v2.0,Maharashtra,CHIRPS Rainfall
2020-09-30,2020-10-07,40.0,2020,P050,21.386178625804387,75.43363151891216,Jalgaon,normal,statewide,7.310206413269043,1,7,CHIRPS Daily v2.0,Maharashtra,CHIRPS Rainfall
2020-09-30,2020-10-07,40.0,2020,P051,21.112064306745907,76.10682200495089,Jalgaon,normal,statewide,0.0,1,7,CHIRPS Daily v2.0,Maharashtra,CHIRPS Rainfall
2020-09-30,2020-10-07,40.0,2020,P052,20.844437979720194,75.23982115072519,Jalgaon,normal,statewide,0.0,1,7,CHIRPS Daily v2.0,Maharashtra,CHIRPS Rainfall
2020-09-30,2020-10-07,40.0,2020,P053,19.486369703781666,76.00005328932718,Jalna,normal,statewide,6.981061935424805,1,7,CHIRPS Daily v2.0,Maharashtra,CHIRPS Rainfall
2020-09-30,2020-10-07,40.0,2020,P054,20.028502750758555,76.00343774702675,Jalna,normal,statewide,0.0,1,7,CHIRPS Daily v2.0,Maharashtra,CHIRPS Rainfall
2020-09-30,2020-10-07,40.0,2020,P055,19.75743845682064,76.00172991132328,Jalna,normal,statewide,5.603529453277588,1,7,CHIRPS Daily v2.0,Maharashtra,CHIRPS Rainfall
2020-09-30,2020-10-07,40.0,2020,P056,19.57768317515413,75.80993951591351,Jalna,normal,statewide,7.342290878295898,1,7,CHIRPS Daily v2.0,Maharashtra,CHIRPS Rainfall
2020-09-30,2020-10-07,40.0,2020,P057,16.776377793156257,74.29671235971928,Kolhapur,normal,statewide,28.639644622802734,1,7,CHIRPS Daily v2.0,Maharashtra,CHIRPS Rainfall
2020-09-30,2020-10-07,40.0,2020,P058,16.324416687682138,74.29834884980589,Kolhapur,normal,statewide,22.611828327178955,1,7,CHIRPS Daily v2.0,Maharashtra,CHIRPS Rainfall
2020-09-30,2020-10-07,40.0,2020,P059,16.595891218916975,74.39111598812178,Kolhapur,normal,statewide,22.095691680908203,1,7,CHIRPS Daily v2.0,Maharashtra,CHIRPS Rainfall
2020-09-30,2020-10-07,40.0,2020,P060,16.414811584237594,74.29802779453004,Kolhapur,normal,statewide,26.432518482208252,1,7,CHIRPS Daily v2.0,Maharashtra,CHIRPS Rainfall
2020-09-30,2020-10-07,40.0,2020,P086,21.054127206758487,79.56798961993874,Nagpur,normal,statewide,17.172718048095703,1,7,CHIRPS Daily v2.0,Maharashtra,CHIRPS Rainfall
2020-09-30,2020-10-07,40.0,2020,P087,21.146765031143822,79.47473643960802,Nagpur,normal,statewide,9.30981159210205,1,7,CHIRPS Daily v2.0,Maharashtra,CHIRPS Rainfall
2020-09-30,2020-10-07,40.0,2020,P088,21.347803602138427,78.61442869606356,Nagpur,normal,statewide,0.0,1,7,CHIRPS Daily v2.0,Maharashtra,CHIRPS Rainfall
2020-09-30,2020-10-07,40.0,2020,P089,21.165377318940912,78.70615240473293,Nagpur,normal,statewide,0.0,1,7,CHIRPS Daily v2.0,Maharashtra,CHIRPS Rainfall
2020-09-30,2020-10-07,40.0,2020,P090,19.201968238592887,77.42470040309472,Nanded,normal,statewide,7.304481029510498,1,7,CHIRPS Daily v2.0,Maharashtra,CHIRPS Rainfall
2020-09-30,2020-10-07,40.0,2020,P091,18.566038000956755,77.69963965584807,Nanded,normal,statewide,7.588014841079712,1,7,CHIRPS Daily v2.0,Maharashtra,CHIRPS Rainfall
2020-09-30,2020-10-07,40.0,2020,P092,19.736596618496833,77.90946265591798,Nanded,normal,statewide,5.388721466064453,1,7,CHIRPS Daily v2.0,Maharashtra,CHIRPS Rainfall
2020-09-30,2020-10-07,40.0,2020,P093,18.93564842817583,77.04115528508362,Nanded,normal,statewide,10.994941711425781,1,7,CHIRPS Daily v2.0,Maharashtra,CHIRPS Rainfall
2020-09-30,2020-10-07,40.0,2020,P094,21.564917232430716,74.08292967791392,Nandurbar,normal,statewide,0.0,1,7,CHIRPS Daily v2.0,Maharashtra,CHIRPS Rainfall
2020-09-30,2020-10-07,40.0,2020,P095,21.5662594218478,74.37266422796263,Nandurbar,normal,statewide,0.0,1,7,CHIRPS Daily v2.0,Maharashtra,CHIRPS Rainfall
2020-09-30,2020-10-07,40.0,2020,P096,21.385179787168415,74.27697637845674,Nandurbar,normal,statewide,0.0,1,7,CHIRPS Daily v2.0,Maharashtra,CHIRPS Rainfall
2020-09-30,2020-10-07,40.0,2020,P097,21.565421110849755,74.17950488852946,Nandurbar,normal,statewide,0.0,1,7,CHIRPS Daily v2.0,Maharashtra,CHIRPS Rainfall
2020-09-30,2020-10-07,40.0,2020,P098,20.299553667393326,73.99482675929994,Nashik,normal,statewide,0.0,1,7,CHIRPS Daily v2.0,Maharashtra,CHIRPS Rainfall
2020-09-30,2020-10-07,40.0,2020,P099,20.120253214034264,74.28296495117151,Nashik,normal,statewide,0.0,1,7,CHIRPS Daily v2.0,Maharashtra,CHIRPS Rainfall
2020-09-30,2020-10-07,40.0,2020,P100,20.389903972938242,73.99424261706194,Nashik,normal,statewide,0.0,1,7,CHIRPS Daily v2.0,Maharashtra,CHIRPS Rainfall
2020-09-30,2020-10-07,40.0,2020,P101,20.029015547379707,74.09216447619562,Nashik,normal,statewide,0.0,1,7,CHIRPS Daily v2.0,Maharashtra,CHIRPS Rainfall
2020-09-30,2020-10-07,40.0,2020,P102,17.85749130266526,76.36802722645965,Osmanabad,normal,statewide,15.080630779266357,1,7,CHIRPS Daily v2.0,Maharashtra,CHIRPS Rainfall
2020-09-30,2020-10-07,40.0,2020,P103,17.76644983645705,76.46164605307673,Osmanabad,normal,statewide,13.14856767654419,1,7,CHIRPS Daily v2.0,Maharashtra,CHIRPS Rainfall
2020-09-30,2020-10-07,40.0,2020,P104,17.949094615606196,76.17989775301476,Osmanabad,normal,statewide,18.790030479431152,1,7,CHIRPS Daily v2.0,Maharashtra,CHIRPS Rainfall
2020-09-30,2020-10-07,40.0,2020,P105,18.584360447185368,75.61558067829696,Osmanabad,normal,statewide,5.446545124053955,1,7,CHIRPS Daily v2.0,Maharashtra,CHIRPS Rainfall
2020-09-30,2020-10-07,40.0,2020,P106,19.031389786894366,76.47235681380711,Parbhani,normal,statewide,4.44490385055542,1,7,CHIRPS Daily v2.0,Maharashtra,CHIRPS Rainfall
2020-09-30,2020-10-07,40.0,2020,P107,19.120950831552832,76.56820519095093,Parbhani,normal,statewide,13.351725578308105,1,7,CHIRPS Daily v2.0,Maharashtra,CHIRPS Rainfall
2020-09-30,2020-10-07,40.0,2020,P108,19.208625676465683,76.85432786914635,Parbhani,normal,statewide,6.24296236038208,1,7,CHIRPS Daily v2.0,Maharashtra,CHIRPS Rainfall
2020-09-30,2020-10-07,40.0,2020,P109,19.212081479782103,76.47396209018636,Parbhani,normal,statewide,10.012412071228027,1,7,CHIRPS Daily v2.0,Maharashtra,CHIRPS Rainfall
2020-09-30,2020-10-07,40.0,2020,P110,18.133442771357757,75.04679558432363,Pune,normal,statewide,0.0,1,7,CHIRPS Daily v2.0,Maharashtra,CHIRPS Rainfall
2020-09-30,2020-10-07,40.0,2020,P111,18.584645829652782,74.47919215212944,Pune,normal,statewide,0.0,1,7,CHIRPS Daily v2.0,Maharashtra,CHIRPS Rainfall
2020-09-30,2020-10-07,40.0,2020,P112,18.132979024848197,74.57507620208169,Pune,normal,statewide,2.96226167678833,1,7,CHIRPS Daily v2.0,Maharashtra,CHIRPS Rainfall
2020-09-30,2020-10-07,40.0,2020,P113,18.314072036830744,74.76389683618987,Pune,normal,statewide,0.0,1,7,CHIRPS Daily v2.0,Maharashtra,CHIRPS Rainfall
2020-09-30,2020-10-07,40.0,2020,P114,18.48503397121986,73.0589238755964,Raigarh,normal,statewide,13.36417293548584,1,7,CHIRPS Daily v2.0,Maharashtra,CHIRPS Rainfall
2020-09-30,2020-10-07,40.0,2020,P115,18.665689991299164,73.05687714821288,Raigarh,normal,statewide,15.977873802185059,1,7,CHIRPS Daily v2.0,Maharashtra,CHIRPS Rainfall
2020-09-30,2020-10-07,40.0,2020,P116,18.306197264370358,73.25009891506079,Raigarh,normal,statewide,4.940545082092285,1,7,CHIRPS Daily v2.0,Maharashtra,CHIRPS Rainfall
2020-09-30,2020-10-07,40.0,2020,P117,18.21404102289879,73.06194714611064,Raigarh,normal,statewide,0.0,1,7,CHIRPS Daily v2.0,Maharashtra,CHIRPS Rainfall
2020-09-30,2020-10-07,40.0,2020,P118,17.138719885658215,75.42259970290594,Sangli,normal,statewide,0.0,1,7,CHIRPS Daily v2.0,Maharashtra,CHIRPS Rainfall
2020-09-30,2020-10-07,40.0,2020,P119,17.048761981005992,74.95348443567921,Sangli,normal,statewide,11.097604751586914,1,7,CHIRPS Daily v2.0,Maharashtra,CHIRPS Rainfall
2020-09-30,2020-10-07,40.0,2020,P120,16.86707144948229,74.39025538161847,Sangli,normal,statewide,17.706514358520508,1,7,CHIRPS Daily v2.0,Maharashtra,CHIRPS Rainfall
2020-09-30,2020-10-07,40.0,2020,P121,17.048503353144895,74.67157114887826,Sangli,normal,statewide,9.115313529968262,1,7,CHIRPS Daily v2.0,Maharashtra,CHIRPS Rainfall
2020-09-30,2020-10-07,40.0,2020,P148,17.67852974098626,76.08383979812143,Solapur,normal,statewide,11.04528522491455,1,7,CHIRPS Daily v2.0,Maharashtra,CHIRPS Rainfall
2020-09-30,2020-10-07,40.0,2020,P149,18.223365003201543,75.4251413905064,Solapur,normal,statewide,0.0,1,7,CHIRPS Daily v2.0,Maharashtra,CHIRPS Rainfall
2020-09-30,2020-10-07,40.0,2020,P150,17.952532582518405,75.23562067753285,Solapur,normal,statewide,0.0,1,7,CHIRPS Daily v2.0,Maharashtra,CHIRPS Rainfall
2020-09-30,2020-10-07,40.0,2020,P151,18.223690517578447,75.23598186471818,Solapur,normal,statewide,0.0,1,7,CHIRPS Daily v2.0,Maharashtra,CHIRPS Rainfall
2020-09-30,2020-10-07,40.0,2020,P152,19.658178867370932,72.94986318203122,Thane,normal,statewide,8.849470138549805,1,7,CHIRPS Daily v2.0,Maharashtra,CHIRPS Rainfall
2020-09-30,2020-10-07,40.0,2020,P153,19.65706409210757,72.8545320606096,Thane,normal,statewide,8.837226867675781,1,7,CHIRPS Daily v2.0,Maharashtra,CHIRPS Rainfall
2020-09-30,2020-10-07,40.0,2020,P154,19.477549601897948,72.95214624177059,Thane,normal,statewide,9.356757164001465,1,7,CHIRPS Daily v2.0,Maharashtra,CHIRPS Rainfall
2020-09-30,2020-10-07,40.0,2020,P155,19.83987385799569,73.0429959666335,Thane,normal,statewide,9.487662315368652,1,7,CHIRPS Daily v2.0,Maharashtra,CHIRPS Rainfall
2020-09-30,2020-10-07,40.0,2020,P156,20.806749657616468,78.60135461177485,Wardha,normal,statewide,0.0,1,7,CHIRPS Daily v2.0,Maharashtra,CHIRPS Rainfall
2020-09-30,2020-10-07,40.0,2020,P157,20.71031267913359,78.88671032458906,Wardha,normal,statewide,0.0,1,7,CHIRPS Daily v2.0,Maharashtra,CHIRPS Rainfall
2020-09-30,2020-10-07,40.0,2020,P158,21.081265295769754,78.41565980750515,Wardha,normal,statewide,0.0,1,7,CHIRPS Daily v2.0,Maharashtra,CHIRPS Rainfall
2020-09-30,2020-10-07,40.0,2020,P159,20.439854822938944,78.87986114537097,Wardha,normal,statewide,0.0,1,7,CHIRPS Daily v2.0,Maharashtra,CHIRPS Rainfall
2020-09-30,2020-10-07,40.0,2020,P160,20.289186257444058,77.15404188735265,Washim,normal,statewide,5.178713321685791,1,7,CHIRPS Daily v2.0,Maharashtra,CHIRPS Rainfall
2020-09-30,2020-10-07,40.0,2020,P161,20.464607292886615,77.53975858757677,Washim,normal,statewide,1.5441747903823853,1,7,CHIRPS Daily v2.0,Maharashtra,CHIRPS Rainfall
2020-09-30,2020-10-07,40.0,2020,P162,20.107393166596125,77.2471479173486,Washim,normal,statewide,0.0,1,7,CHIRPS Daily v2.0,Maharashtra,CHIRPS Rainfall
2020-09-30,2020-10-07,40.0,2020,P163,20.198885002010726,77.1527933390577,Washim,normal,statewide,0.0,1,7,CHIRPS Daily v2.0,Maharashtra,CHIRPS Rainfall
2020-09-30,2020-10-07,40.0,2020,P164,20.182854533723592,78.20447678161395,Yavatmal,normal,statewide,16.919718265533447,1,7,CHIRPS Daily v2.0,Maharashtra,CHIRPS Rainfall
2020-09-30,2020-10-07,40.0,2020,P165,19.894658373538324,79.05709703494229,Yavatmal,normal,statewide,14.527567386627197,1,7,CHIRPS Daily v2.0,Maharashtra,CHIRPS Rainfall
2020-09-30,2020-10-07,40.0,2020,P166,19.468787468327925,77.71426550730338,Yavatmal,normal,statewide,12.608609199523926,1,7,CHIRPS Daily v2.0,Maharashtra,CHIRPS Rainfall
2020-09-30,2020-10-07,40.0,2020,P167,19.559057510053886,77.71577268345945,Yavatmal,normal,statewide,13.17091703414917,1,7,CHIRPS Daily v2.0,Maharashtra,CHIRPS Rainfall
2020-10-07,2020-10-14,41.0,2020,P147,17.927231643141155,73.94769852026607,Satara,case_study,case_study,85.50120258331299,1,7,CHIRPS Daily v2.0,Maharashtra,CHIRPS Rainfall
2020-10-07,2020-10-14,41.0,2020,P061,18.507855650411397,76.91766048140843,Latur,high,priority,99.21442127227783,1,7,CHIRPS Daily v2.0,Maharashtra,CHIRPS Rainfall
2020-10-07,2020-10-14,41.0,2020,P062,18.422405896924207,76.3487594508077,Latur,high,priority,112.57967948913574,1,7,CHIRPS Daily v2.0,Maharashtra,CHIRPS Rainfall
2020-10-07,2020-10-14,41.0,2020,P063,18.235391198742693,77.05646783810116,Latur,high,priority,111.12221336364746,1,7,CHIRPS Daily v2.0,Maharashtra,CHIRPS Rainfall
2020-10-07,2020-10-14,41.0,2020,P064,18.193056493341274,76.77240080549139,Latur,high,priority,117.92649364471436,1,7,CHIRPS Daily v2.0,Maharashtra,CHIRPS Rainfall
2020-10-07,2020-10-14,41.0,2020,P065,18.331355512513895,76.44266811899327,Latur,high,priority,115.10108041763306,1,7,CHIRPS Daily v2.0,Maharashtra,CHIRPS Rainfall
2020-10-07,2020-10-14,41.0,2020,P066,18.104739537876725,76.5352970251765,Latur,high,priority,120.92571640014648,1,7,CHIRPS Daily v2.0,Maharashtra,CHIRPS Rainfall
2020-10-07,2020-10-14,41.0,2020,P067,18.280552974211986,77.0569984711265,Latur,high,priority,111.1777868270874,1,7,CHIRPS Daily v2.0,Maharashtra,CHIRPS Rainfall
2020-10-07,2020-10-14,41.0,2020,P068,18.101823285787773,76.86595720469373,Latur,high,priority,115.59419250488281,1,7,CHIRPS Daily v2.0,Maharashtra,CHIRPS Rainfall
2020-10-07,2020-10-14,41.0,2020,P069,18.595075667016793,77.20284228928156,Latur,high,priority,116.81905317306519,1,7,CHIRPS Daily v2.0,Maharashtra,CHIRPS Rainfall
2020-10-07,2020-10-14,41.0,2020,P070,18.41499041187233,77.15322587185987,Latur,high,priority,115.75157833099365,1,7,CHIRPS Daily v2.0,Maharashtra,CHIRPS Rainfall
2020-10-07,2020-10-14,41.0,2020,P071,18.149138807065885,76.63019561379593,Latur,high,priority,121.9808349609375,1,7,CHIRPS Daily v2.0,Maharashtra,CHIRPS Rainfall
2020-10-07,2020-10-14,41.0,2020,P072,18.283393421583035,76.77331492120734,Latur,high,priority,110.68658638000488,1,7,CHIRPS Daily v2.0,Maharashtra,CHIRPS Rainfall
2020-10-07,2020-10-14,41.0,2020,P073,17.966315663874607,76.86453029235662,Latur,high,priority,122.16818046569824,1,7,CHIRPS Daily v2.0,Maharashtra,CHIRPS Rainfall
2020-10-07,2020-10-14,41.0,2020,P074,18.50832831512306,76.870318205524,Latur,high,priority,96.09281206130981,1,7,CHIRPS Daily v2.0,Maharashtra,CHIRPS Rainfall
2020-10-07,2020-10-14,41.0,2020,P075,18.41444640154381,77.20053247493588,Latur,high,priority,112.20657348632812,1,7,CHIRPS Daily v2.0,Maharashtra,CHIRPS Rainfall
2020-10-07,2020-10-14,41.0,2020,P076,18.377877313804504,76.25376722106614,Latur,high,priority,119.97851943969727,1,7,CHIRPS Daily v2.0,Maharashtra,CHIRPS Rainfall
2020-10-07,2020-10-14,41.0,2020,P077,18.059564385104267,76.5349046242838,Latur,high,priority,125.66944026947021,1,7,CHIRPS Daily v2.0,Maharashtra,CHIRPS Rainfall
2020-10-07,2020-10-14,41.0,2020,P078,18.1008824154655,76.96042326051098,Latur,high,priority,120.18956851959229,1,7,CHIRPS Daily v2.0,Maharashtra,CHIRPS Rainfall
2020-10-07,2020-10-14,41.0,2020,P079,18.73508698099394,76.77797468180819,Latur,high,priority,96.48282718658447,1,7,CHIRPS Daily v2.0,Maharashtra,CHIRPS Rainfall
2020-10-07,2020-10-14,41.0,2020,P080,18.46791548227568,76.3017694439065,Latur,high,priority,120.91248321533203,1,7,CHIRPS Daily v2.0,Maharashtra,CHIRPS Rainfall
2020-10-07,2020-10-14,41.0,2020,P081,18.10355787609756,76.67701617485712,Latur,high,priority,115.97990798950195,1,7,CHIRPS Daily v2.0,Maharashtra,CHIRPS Rainfall
2020-10-07,2020-10-14,41.0,2020,P082,18.23907887531389,76.67830931416262,Latur,high,priority,112.02855968475342,1,7,CHIRPS Daily v2.0,Maharashtra,CHIRPS Rainfall
2020-10-07,2020-10-14,41.0,2020,P083,18.369289085175563,77.19996171000103,Latur,high,priority,119.53028678894043,1,7,CHIRPS Daily v2.0,Maharashtra,CHIRPS Rainfall
2020-10-07,2020-10-14,41.0,2020,P084,18.46362582706226,76.82249880582684,Latur,high,priority,96.0171160697937,1,7,CHIRPS Daily v2.0,Maharashtra,CHIRPS Rainfall
2020-10-07,2020-10-14,41.0,2020,P085,18.14788579966987,76.77194597718393,Latur,high,priority,121.658522605896,1,7,CHIRPS Daily v2.0,Maharashtra,CHIRPS Rainfall
2020-10-07,2020-10-14,41.0,2020,P122,17.88145897082753,73.8441448165019,Satara,high,priority,89.68209934234619,1,7,CHIRPS Daily v2.0,Maharashtra,CHIRPS Rainfall
2020-10-07,2020-10-14,41.0,2020,P123,17.386414030975025,74.27088970551878,Satara,high,priority,99.59052658081055,1,7,CHIRPS Daily v2.0,Maharashtra,CHIRPS Rainfall
2020-10-07,2020-10-14,41.0,2020,P124,17.43262815429294,74.647353771057,Satara,high,priority,86.79741287231445,1,7,CHIRPS Daily v2.0,Maharashtra,CHIRPS Rainfall
2020-10-07,2020-10-14,41.0,2020,P125,17.56734651531964,74.31728219287884,Satara,high,priority,72.64362049102783,1,7,CHIRPS Daily v2.0,Maharashtra,CHIRPS Rainfall
2020-10-07,2020-10-14,41.0,2020,P126,17.205080227535593,74.13053949986157,Satara,high,priority,89.11824321746826,1,7,CHIRPS Daily v2.0,Maharashtra,CHIRPS Rainfall
2020-10-07,2020-10-14,41.0,2020,P127,17.65773249367299,74.31694330119876,Satara,high,priority,75.86066818237305,1,7,CHIRPS Daily v2.0,Maharashtra,CHIRPS Rainfall
2020-10-07,2020-10-14,41.0,2020,P128,18.019949731345452,74.5517328080669,Satara,high,priority,91.4827995300293,1,7,CHIRPS Daily v2.0,Maharashtra,CHIRPS Rainfall
2020-10-07,2020-10-14,41.0,2020,P129,18.063234225271252,74.03192648006461,Satara,high,priority,71.43957614898682,1,7,CHIRPS Daily v2.0,Maharashtra,CHIRPS Rainfall
2020-10-07,2020-10-14,41.0,2020,P130,17.61135784271715,74.03436560834085,Satara,high,priority,69.72689151763916,1,7,CHIRPS Daily v2.0,Maharashtra,CHIRPS Rainfall
2020-10-07,2020-10-14,41.0,2020,P131,17.612539504496315,74.3171127470388,Satara,high,priority,73.84845542907715,1,7,CHIRPS Daily v2.0,Maharashtra,CHIRPS Rainfall
2020-10-07,2020-10-14,41.0,2020,P132,17.702176353872684,74.12817617630324,Satara,high,priority,77.12504482269287,1,7,CHIRPS Daily v2.0,Maharashtra,CHIRPS Rainfall
2020-10-07,2020-10-14,41.0,2020,P133,17.25006363896275,74.08329532420031,Satara,high,priority,88.1587266921997,1,7,CHIRPS Daily v2.0,Maharashtra,CHIRPS Rainfall
2020-10-07,2020-10-14,41.0,2020,P134,17.476429903940936,74.17634784498362,Satara,high,priority,65.04781436920166,1,7,CHIRPS Daily v2.0,Maharashtra,CHIRPS Rainfall
2020-10-07,2020-10-14,41.0,2020,P135,17.882716437324603,74.0801070669471,Satara,high,priority,84.36694717407227,1,7,CHIRPS Daily v2.0,Maharashtra,CHIRPS Rainfall
2020-10-07,2020-10-14,41.0,2020,P136,17.928520323345598,74.22149178404871,Satara,high,priority,97.83877563476562,1,7,CHIRPS Daily v2.0,Maharashtra,CHIRPS Rainfall
2020-10-07,2020-10-14,41.0,2020,P137,17.746687100588183,73.98648378122894,Satara,high,priority,80.03625583648682,1,7,CHIRPS Daily v2.0,Maharashtra,CHIRPS Rainfall
2020-10-07,2020-10-14,41.0,2020,P138,17.61269557303319,74.36423652697161,Satara,high,priority,60.34964084625244,1,7,CHIRPS Daily v2.0,Maharashtra,CHIRPS Rainfall
2020-10-07,2020-10-14,41.0,2020,P139,17.656773786946495,74.08126197411994,Satara,high,priority,85.84084796905518,1,7,CHIRPS Daily v2.0,Maharashtra,CHIRPS Rainfall
2020-10-07,2020-10-14,41.0,2020,P140,17.97464080554139,74.50462240543725,Satara,high,priority,91.59735870361328,1,7,CHIRPS Daily v2.0,Maharashtra,CHIRPS Rainfall
2020-10-07,2020-10-14,41.0,2020,P141,17.430826677467348,74.08239904488856,Satara,high,priority,66.91048431396484,1,7,CHIRPS Daily v2.0,Maharashtra,CHIRPS Rainfall
2020-10-07,2020-10-14,41.0,2020,P142,18.064447100757786,74.31538707493111,Satara,high,priority,95.1841049194336,1,7,CHIRPS Daily v2.0,Maharashtra,CHIRPS Rainfall
2020-10-07,2020-10-14,41.0,2020,P143,17.70379500755509,74.6468275971327,Satara,high,priority,84.58960342407227,1,7,CHIRPS Daily v2.0,Maharashtra,CHIRPS Rainfall
2020-10-07,2020-10-14,41.0,2020,P144,17.929452275465767,74.50474726026674,Satara,high,priority,96.11917686462402,1,7,CHIRPS Daily v2.0,Maharashtra,CHIRPS Rainfall
2020-10-07,2020-10-14,41.0,2020,P145,17.47773196144854,74.60017202281048,Satara,high,priority,93.11354351043701,1,7,CHIRPS Daily v2.0,Maharashtra,CHIRPS Rainfall
2020-10-07,2020-10-14,41.0,2020,P146,17.839182233739812,74.55218763637436,Satara,high,priority,84.94527530670166,1,7,CHIRPS Daily v2.0,Maharashtra,CHIRPS Rainfall
2020-10-07,2020-10-14,41.0,2020,P001,19.940457800458272,74.57045211428928,Ahmednagar,normal,statewide,51.11320877075195,1,7,CHIRPS Daily v2.0,Maharashtra,CHIRPS Rainfall
2020-10-07,2020-10-14,41.0,2020,P002,18.946729294293643,74.76302285238339,Ahmednagar,normal,statewide,117.09187602996826,1,7,CHIRPS Daily v2.0,Maharashtra,CHIRPS Rainfall
2020-10-07,2020-10-14,41.0,2020,P003,18.49469238410162,74.66892244285252,Ahmednagar,normal,statewide,115.22531318664551,1,7,CHIRPS Daily v2.0,Maharashtra,CHIRPS Rainfall
2020-10-07,2020-10-14,41.0,2020,P004,19.03720445466806,75.1420731965326,Ahmednagar,normal,statewide,107.32251071929932,1,7,CHIRPS Daily v2.0,Maharashtra,CHIRPS Rainfall
2020-10-07,2020-10-14,41.0,2020,P005,20.832153156317954,77.06560453615967,Akola,normal,statewide,57.85943269729614,1,7,CHIRPS Daily v2.0,Maharashtra,CHIRPS Rainfall
2020-10-07,2020-10-14,41.0,2020,P006,20.834360411339407,76.87349308547405,Akola,normal,statewide,45.38617539405823,1,7,CHIRPS Daily v2.0,Maharashtra,CHIRPS Rainfall
2020-10-07,2020-10-14,41.0,2020,P007,21.014976299509232,76.87574047240498,Akola,normal,statewide,40.9161114692688,1,7,CHIRPS Daily v2.0,Maharashtra,CHIRPS Rainfall
2020-10-07,2020-10-14,41.0,2020,P008,20.828434266039377,77.35372489162701,Akola,normal,statewide,56.461360454559326,1,7,CHIRPS Daily v2.0,Maharashtra,CHIRPS Rainfall
2020-10-07,2020-10-14,41.0,2020,P009,21.360971327549258,77.94039543992572,Amravati,normal,statewide,54.34813976287842,1,7,CHIRPS Daily v2.0,Maharashtra,CHIRPS Rainfall
2020-10-07,2020-10-14,41.0,2020,P010,21.178803672212837,78.03301542790685,Amravati,normal,statewide,60.86431360244751,1,7,CHIRPS Daily v2.0,Maharashtra,CHIRPS Rainfall
2020-10-07,2020-10-14,41.0,2020,P011,20.814388097721018,78.21764450702477,Amravati,normal,statewide,58.52060031890869,1,7,CHIRPS Daily v2.0,Maharashtra,CHIRPS Rainfall
2020-10-07,2020-10-14,41.0,2020,P012,21.180502589714195,77.93681032267875,Amravati,normal,statewide,55.6033034324646,1,7,CHIRPS Daily v2.0,Maharashtra,CHIRPS Rainfall
2020-10-07,2020-10-14,41.0,2020,P013,20.031289688916964,74.8570519162974,Aurangabad,normal,statewide,74.58260917663574,1,7,CHIRPS Daily v2.0,Maharashtra,CHIRPS Rainfall
2020-10-07,2020-10-14,41.0,2020,P014,19.760185263069562,75.14270192978114,Aurangabad,normal,statewide,79.59886455535889,1,7,CHIRPS Daily v2.0,Maharashtra,CHIRPS Rainfall
2020-10-07,2020-10-14,41.0,2020,P015,19.9408189876436,74.76157364454102,Aurangabad,normal,statewide,56.637784004211426,1,7,CHIRPS Daily v2.0,Maharashtra,CHIRPS Rainfall
2020-10-07,2020-10-14,41.0,2020,P016,19.66981712112043,75.14262166596218,Aurangabad,normal,statewide,82.55247402191162,1,7,CHIRPS Daily v2.0,Maharashtra,CHIRPS Rainfall
2020-10-07,2020-10-14,41.0,2020,P017,21.04613203856966,79.85576216552393,Bhandara,normal,statewide,22.603187561035156,1,7,CHIRPS Daily v2.0,Maharashtra,CHIRPS Rainfall
2020-10-07,2020-10-14,41.0,2020,P018,21.31897105472685,79.76852877161537,Bhandara,normal,statewide,35.524181842803955,1,7,CHIRPS Daily v2.0,Maharashtra,CHIRPS Rainfall
2020-10-07,2020-10-14,41.0,2020,P019,21.40900922319803,79.77144948280537,Bhandara,normal,statewide,40.68227767944336,1,7,CHIRPS Daily v2.0,Maharashtra,CHIRPS Rainfall
2020-10-07,2020-10-14,41.0,2020,P020,21.144196588937042,79.57074980349083,Bhandara,normal,statewide,33.80411243438721,1,7,CHIRPS Daily v2.0,Maharashtra,CHIRPS Rainfall
2020-10-07,2020-10-14,41.0,2020,P021,18.67502288980403,75.52108340877234,Bid,normal,statewide,129.016206741333,1,7,CHIRPS Daily v2.0,Maharashtra,CHIRPS Rainfall
2020-10-07,2020-10-14,41.0,2020,P022,18.856499384477168,75.04699178476999,Bid,normal,statewide,132.62557315826416,1,7,CHIRPS Daily v2.0,Maharashtra,CHIRPS Rainfall
2020-10-07,2020-10-14,41.0,2020,P023,19.126596053486494,75.6175605191647,Bid,normal,statewide,107.05857467651367,1,7,CHIRPS Daily v2.0,Maharashtra,CHIRPS Rainfall
2020-10-07,2020-10-14,41.0,2020,P024,18.763955201213946,75.90084720909012,Bid,normal,statewide,101.96394729614258,1,7,CHIRPS Daily v2.0,Maharashtra,CHIRPS Rainfall
2020-10-07,2020-10-14,41.0,2020,P025,20.93073496240753,76.20164478885242,Buldana,normal,statewide,48.89493942260742,1,7,CHIRPS Daily v2.0,Maharashtra,CHIRPS Rainfall
2020-10-07,2020-10-14,41.0,2020,P026,20.838939908121294,76.39311412898633,Buldana,normal,statewide,43.84669542312622,1,7,CHIRPS Daily v2.0,Maharashtra,CHIRPS Rainfall
2020-10-07,2020-10-14,41.0,2020,P027,20.657476790751314,76.48742857536776,Buldana,normal,statewide,60.93659734725952,1,7,CHIRPS Daily v2.0,Maharashtra,CHIRPS Rainfall
2020-10-07,2020-10-14,41.0,2020,P028,20.47967013624516,76.10222021266374,Buldana,normal,statewide,83.1013970375061,1,7,CHIRPS Daily v2.0,Maharashtra,CHIRPS Rainfall
2020-10-07,2020-10-14,41.0,2020,P029,20.32317798477448,79.92829390325927,Chandrapur,normal,statewide,49.73973083496094,1,7,CHIRPS Daily v2.0,Maharashtra,CHIRPS Rainfall
2020-10-07,2020-10-14,41.0,2020,P030,20.60872097983294,79.36304041732026,Chandrapur,normal,statewide,38.05167245864868,1,7,CHIRPS Daily v2.0,Maharashtra,CHIRPS Rainfall
2020-10-07,2020-10-14,41.0,2020,P031,20.511160307884595,79.64732594588165,Chandrapur,normal,statewide,39.371097564697266,1,7,CHIRPS Daily v2.0,Maharashtra,CHIRPS Rainfall
2020-10-07,2020-10-14,41.0,2020,P032,20.598621115946884,79.74569817422172,Chandrapur,normal,statewide,36.5131311416626,1,7,CHIRPS Daily v2.0,Maharashtra,CHIRPS Rainfall
2020-10-07,2020-10-14,41.0,2020,P033,21.38667804512237,75.14422248324037,Dhule,normal,statewide,18.271636962890625,1,7,CHIRPS Daily v2.0,Maharashtra,CHIRPS Rainfall
2020-10-07,2020-10-14,41.0,2020,P034,21.025151968113196,74.75989256344387,Dhule,normal,statewide,28.76805353164673,1,7,CHIRPS Daily v2.0,Maharashtra,CHIRPS Rainfall
2020-10-07,2020-10-14,41.0,2020,P035,21.477028350667293,74.85568743137505,Dhule,normal,statewide,33.82744359970093,1,7,CHIRPS Daily v2.0,Maharashtra,CHIRPS Rainfall
2020-10-07,2020-10-14,41.0,2020,P036,20.933820660336515,74.37533522949364,Dhule,normal,statewide,28.442978858947754,1,7,CHIRPS Daily v2.0,Maharashtra,CHIRPS Rainfall
2020-10-07,2020-10-14,41.0,2020,P037,19.963056524597132,79.91698116388667,Garhchiroli,normal,statewide,52.430222511291504,1,7,CHIRPS Daily v2.0,Maharashtra,CHIRPS Rainfall
2020-10-07,2020-10-14,41.0,2020,P038,19.062661462582188,79.88977172925856,Garhchiroli,normal,statewide,75.61265182495117,1,7,CHIRPS Daily v2.0,Maharashtra,CHIRPS Rainfall
2020-10-07,2020-10-14,41.0,2020,P039,19.510270485428137,79.9981368030594,Garhchiroli,normal,statewide,65.15104007720947,1,7,CHIRPS Daily v2.0,Maharashtra,CHIRPS Rainfall
2020-10-07,2020-10-14,41.0,2020,P040,19.870365190999156,80.00935144220881,Garhchiroli,normal,statewide,56.37930679321289,1,7,CHIRPS Daily v2.0,Maharashtra,CHIRPS Rainfall
2020-10-07,2020-10-14,41.0,2020,P041,21.127639946725598,80.1465044724107,Gondiya,normal,statewide,36.114495277404785,1,7,CHIRPS Daily v2.0,Maharashtra,CHIRPS Rainfall
2020-10-07,2020-10-14,41.0,2020,P042,21.397598383602258,80.15591763473452,Gondiya,normal,statewide,33.60471153259277,1,7,CHIRPS Daily v2.0,Maharashtra,CHIRPS Rainfall
2020-10-07,2020-10-14,41.0,2020,P043,21.574548890706154,80.25847249986273,Gondiya,normal,statewide,32.56664562225342,1,7,CHIRPS Daily v2.0,Maharashtra,CHIRPS Rainfall
2020-10-07,2020-10-14,41.0,2020,P044,21.211649410572516,80.34153217518526,Gondiya,normal,statewide,25.68265438079834,1,7,CHIRPS Daily v2.0,Maharashtra,CHIRPS Rainfall
2020-10-07,2020-10-14,41.0,2020,P045,19.655900266732623,77.2407892392464,Hingoli,normal,statewide,100.87353801727295,1,7,CHIRPS Daily v2.0,Maharashtra,CHIRPS Rainfall
2020-10-07,2020-10-14,41.0,2020,P046,19.566758377573187,77.1442675378435,Hingoli,normal,statewide,100.33779048919678,1,7,CHIRPS Daily v2.0,Maharashtra,CHIRPS Rainfall
2020-10-07,2020-10-14,41.0,2020,P047,19.47860194974656,76.9526242927685,Hingoli,normal,statewide,111.3012523651123,1,7,CHIRPS Daily v2.0,Maharashtra,CHIRPS Rainfall
2020-10-07,2020-10-14,41.0,2020,P048,19.927981235710728,77.14910120338544,Hingoli,normal,statewide,87.19773483276367,1,7,CHIRPS Daily v2.0,Maharashtra,CHIRPS Rainfall
2020-10-07,2020-10-14,41.0,2020,P049,21.292738163229433,76.10816865346904,Jalgaon,normal,statewide,42.43077850341797,1,7,CHIRPS Daily v2.0,Maharashtra,CHIRPS Rainfall
2020-10-07,2020-10-14,41.0,2020,P050,21.386178625804387,75.43363151891216,Jalgaon,normal,statewide,40.02101135253906,1,7,CHIRPS Daily v2.0,Maharashtra,CHIRPS Rainfall
2020-10-07,2020-10-14,41.0,2020,P051,21.112064306745907,76.10682200495089,Jalgaon,normal,statewide,42.767823934555054,1,7,CHIRPS Daily v2.0,Maharashtra,CHIRPS Rainfall
2020-10-07,2020-10-14,41.0,2020,P052,20.844437979720194,75.23982115072519,Jalgaon,normal,statewide,33.40611124038696,1,7,CHIRPS Daily v2.0,Maharashtra,CHIRPS Rainfall
2020-10-07,2020-10-14,41.0,2020,P053,19.486369703781666,76.00005328932718,Jalna,normal,statewide,88.47202253341675,1,7,CHIRPS Daily v2.0,Maharashtra,CHIRPS Rainfall
2020-10-07,2020-10-14,41.0,2020,P054,20.028502750758555,76.00343774702675,Jalna,normal,statewide,87.38824462890625,1,7,CHIRPS Daily v2.0,Maharashtra,CHIRPS Rainfall
2020-10-07,2020-10-14,41.0,2020,P055,19.75743845682064,76.00172991132328,Jalna,normal,statewide,89.35190343856812,1,7,CHIRPS Daily v2.0,Maharashtra,CHIRPS Rainfall
2020-10-07,2020-10-14,41.0,2020,P056,19.57768317515413,75.80993951591351,Jalna,normal,statewide,91.19461250305176,1,7,CHIRPS Daily v2.0,Maharashtra,CHIRPS Rainfall
2020-10-07,2020-10-14,41.0,2020,P057,16.776377793156257,74.29671235971928,Kolhapur,normal,statewide,92.39982986450195,1,7,CHIRPS Daily v2.0,Maharashtra,CHIRPS Rainfall
2020-10-07,2020-10-14,41.0,2020,P058,16.324416687682138,74.29834884980589,Kolhapur,normal,statewide,66.14915490150452,1,7,CHIRPS Daily v2.0,Maharashtra,CHIRPS Rainfall
2020-10-07,2020-10-14,41.0,2020,P059,16.595891218916975,74.39111598812178,Kolhapur,normal,statewide,89.04418087005615,1,7,CHIRPS Daily v2.0,Maharashtra,CHIRPS Rainfall
2020-10-07,2020-10-14,41.0,2020,P060,16.414811584237594,74.29802779453004,Kolhapur,normal,statewide,75.18853950500488,1,7,CHIRPS Daily v2.0,Maharashtra,CHIRPS Rainfall
2020-10-07,2020-10-14,41.0,2020,P086,21.054127206758487,79.56798961993874,Nagpur,normal,statewide,39.09285068511963,1,7,CHIRPS Daily v2.0,Maharashtra,CHIRPS Rainfall
2020-10-07,2020-10-14,41.0,2020,P087,21.146765031143822,79.47473643960802,Nagpur,normal,statewide,27.929434776306152,1,7,CHIRPS Daily v2.0,Maharashtra,CHIRPS Rainfall
2020-10-07,2020-10-14,41.0,2020,P088,21.347803602138427,78.61442869606356,Nagpur,normal,statewide,55.00884294509888,1,7,CHIRPS Daily v2.0,Maharashtra,CHIRPS Rainfall
2020-10-07,2020-10-14,41.0,2020,P089,21.165377318940912,78.70615240473293,Nagpur,normal,statewide,65.4310712814331,1,7,CHIRPS Daily v2.0,Maharashtra,CHIRPS Rainfall
2020-10-07,2020-10-14,41.0,2020,P090,19.201968238592887,77.42470040309472,Nanded,normal,statewide,129.80421829223633,1,7,CHIRPS Daily v2.0,Maharashtra,CHIRPS Rainfall
2020-10-07,2020-10-14,41.0,2020,P091,18.566038000956755,77.69963965584807,Nanded,normal,statewide,132.4538722038269,1,7,CHIRPS Daily v2.0,Maharashtra,CHIRPS Rainfall
2020-10-07,2020-10-14,41.0,2020,P092,19.736596618496833,77.90946265591798,Nanded,normal,statewide,89.71203994750977,1,7,CHIRPS Daily v2.0,Maharashtra,CHIRPS Rainfall
2020-10-07,2020-10-14,41.0,2020,P093,18.93564842817583,77.04115528508362,Nanded,normal,statewide,117.53487825393677,1,7,CHIRPS Daily v2.0,Maharashtra,CHIRPS Rainfall
2020-10-07,2020-10-14,41.0,2020,P094,21.564917232430716,74.08292967791392,Nandurbar,normal,statewide,6.555951833724976,1,7,CHIRPS Daily v2.0,Maharashtra,CHIRPS Rainfall
2020-10-07,2020-10-14,41.0,2020,P095,21.5662594218478,74.37266422796263,Nandurbar,normal,statewide,13.392606735229492,1,7,CHIRPS Daily v2.0,Maharashtra,CHIRPS Rainfall
2020-10-07,2020-10-14,41.0,2020,P096,21.385179787168415,74.27697637845674,Nandurbar,normal,statewide,17.42088031768799,1,7,CHIRPS Daily v2.0,Maharashtra,CHIRPS Rainfall
2020-10-07,2020-10-14,41.0,2020,P097,21.565421110849755,74.17950488852946,Nandurbar,normal,statewide,8.99085021018982,1,7,CHIRPS Daily v2.0,Maharashtra,CHIRPS Rainfall
2020-10-07,2020-10-14,41.0,2020,P098,20.299553667393326,73.99482675929994,Nashik,normal,statewide,36.6303768157959,1,7,CHIRPS Daily v2.0,Maharashtra,CHIRPS Rainfall
2020-10-07,2020-10-14,41.0,2020,P099,20.120253214034264,74.28296495117151,Nashik,normal,statewide,60.092384338378906,1,7,CHIRPS Daily v2.0,Maharashtra,CHIRPS Rainfall
2020-10-07,2020-10-14,41.0,2020,P100,20.389903972938242,73.99424261706194,Nashik,normal,statewide,35.561485290527344,1,7,CHIRPS Daily v2.0,Maharashtra,CHIRPS Rainfall
2020-10-07,2020-10-14,41.0,2020,P101,20.029015547379707,74.09216447619562,Nashik,normal,statewide,41.01443862915039,1,7,CHIRPS Daily v2.0,Maharashtra,CHIRPS Rainfall
2020-10-07,2020-10-14,41.0,2020,P102,17.85749130266526,76.36802722645965,Osmanabad,normal,statewide,127.88562965393066,1,7,CHIRPS Daily v2.0,Maharashtra,CHIRPS Rainfall
2020-10-07,2020-10-14,41.0,2020,P103,17.76644983645705,76.46164605307673,Osmanabad,normal,statewide,124.76912117004395,1,7,CHIRPS Daily v2.0,Maharashtra,CHIRPS Rainfall
2020-10-07,2020-10-14,41.0,2020,P104,17.949094615606196,76.17989775301476,Osmanabad,normal,statewide,131.59991836547852,1,7,CHIRPS Daily v2.0,Maharashtra,CHIRPS Rainfall
2020-10-07,2020-10-14,41.0,2020,P105,18.584360447185368,75.61558067829696,Osmanabad,normal,statewide,110.10943794250488,1,7,CHIRPS Daily v2.0,Maharashtra,CHIRPS Rainfall
2020-10-07,2020-10-14,41.0,2020,P106,19.031389786894366,76.47235681380711,Parbhani,normal,statewide,121.04918384552002,1,7,CHIRPS Daily v2.0,Maharashtra,CHIRPS Rainfall
2020-10-07,2020-10-14,41.0,2020,P107,19.120950831552832,76.56820519095093,Parbhani,normal,statewide,133.71896171569824,1,7,CHIRPS Daily v2.0,Maharashtra,CHIRPS Rainfall
2020-10-07,2020-10-14,41.0,2020,P108,19.208625676465683,76.85432786914635,Parbhani,normal,statewide,139.7916603088379,1,7,CHIRPS Daily v2.0,Maharashtra,CHIRPS Rainfall
2020-10-07,2020-10-14,41.0,2020,P109,19.212081479782103,76.47396209018636,Parbhani,normal,statewide,146.15675735473633,1,7,CHIRPS Daily v2.0,Maharashtra,CHIRPS Rainfall
2020-10-07,2020-10-14,41.0,2020,P110,18.133442771357757,75.04679558432363,Pune,normal,statewide,88.70533752441406,1,7,CHIRPS Daily v2.0,Maharashtra,CHIRPS Rainfall
2020-10-07,2020-10-14,41.0,2020,P111,18.584645829652782,74.47919215212944,Pune,normal,statewide,102.88770580291748,1,7,CHIRPS Daily v2.0,Maharashtra,CHIRPS Rainfall
2020-10-07,2020-10-14,41.0,2020,P112,18.132979024848197,74.57507620208169,Pune,normal,statewide,96.77861976623535,1,7,CHIRPS Daily v2.0,Maharashtra,CHIRPS Rainfall
2020-10-07,2020-10-14,41.0,2020,P113,18.314072036830744,74.76389683618987,Pune,normal,statewide,94.4815502166748,1,7,CHIRPS Daily v2.0,Maharashtra,CHIRPS Rainfall
2020-10-07,2020-10-14,41.0,2020,P114,18.48503397121986,73.0589238755964,Raigarh,normal,statewide,95.23073983192444,1,7,CHIRPS Daily v2.0,Maharashtra,CHIRPS Rainfall
2020-10-07,2020-10-14,41.0,2020,P115,18.665689991299164,73.05687714821288,Raigarh,normal,statewide,76.04359817504883,1,7,CHIRPS Daily v2.0,Maharashtra,CHIRPS Rainfall
2020-10-07,2020-10-14,41.0,2020,P116,18.306197264370358,73.25009891506079,Raigarh,normal,statewide,80.18756866455078,1,7,CHIRPS Daily v2.0,Maharashtra,CHIRPS Rainfall
2020-10-07,2020-10-14,41.0,2020,P117,18.21404102289879,73.06194714611064,Raigarh,normal,statewide,94.30751132965088,1,7,CHIRPS Daily v2.0,Maharashtra,CHIRPS Rainfall
2020-10-07,2020-10-14,41.0,2020,P118,17.138719885658215,75.42259970290594,Sangli,normal,statewide,111.6877908706665,1,7,CHIRPS Daily v2.0,Maharashtra,CHIRPS Rainfall
2020-10-07,2020-10-14,41.0,2020,P119,17.048761981005992,74.95348443567921,Sangli,normal,statewide,103.26469802856445,1,7,CHIRPS Daily v2.0,Maharashtra,CHIRPS Rainfall
2020-10-07,2020-10-14,41.0,2020,P120,16.86707144948229,74.39025538161847,Sangli,normal,statewide,91.29392528533936,1,7,CHIRPS Daily v2.0,Maharashtra,CHIRPS Rainfall
2020-10-07,2020-10-14,41.0,2020,P121,17.048503353144895,74.67157114887826,Sangli,normal,statewide,96.44153118133545,1,7,CHIRPS Daily v2.0,Maharashtra,CHIRPS Rainfall
2020-10-07,2020-10-14,41.0,2020,P148,17.67852974098626,76.08383979812143,Solapur,normal,statewide,135.8579807281494,1,7,CHIRPS Daily v2.0,Maharashtra,CHIRPS Rainfall
2020-10-07,2020-10-14,41.0,2020,P149,18.223365003201543,75.4251413905064,Solapur,normal,statewide,101.22118949890137,1,7,CHIRPS Daily v2.0,Maharashtra,CHIRPS Rainfall
2020-10-07,2020-10-14,41.0,2020,P150,17.952532582518405,75.23562067753285,Solapur,normal,statewide,99.02742576599121,1,7,CHIRPS Daily v2.0,Maharashtra,CHIRPS Rainfall
2020-10-07,2020-10-14,41.0,2020,P151,18.223690517578447,75.23598186471818,Solapur,normal,statewide,86.83715009689331,1,7,CHIRPS Daily v2.0,Maharashtra,CHIRPS Rainfall
2020-10-07,2020-10-14,41.0,2020,P152,19.658178867370932,72.94986318203122,Thane,normal,statewide,45.36382579803467,1,7,CHIRPS Daily v2.0,Maharashtra,CHIRPS Rainfall
2020-10-07,2020-10-14,41.0,2020,P153,19.65706409210757,72.8545320606096,Thane,normal,statewide,40.992727279663086,1,7,CHIRPS Daily v2.0,Maharashtra,CHIRPS Rainfall
2020-10-07,2020-10-14,41.0,2020,P154,19.477549601897948,72.95214624177059,Thane,normal,statewide,38.812981605529785,1,7,CHIRPS Daily v2.0,Maharashtra,CHIRPS Rainfall
2020-10-07,2020-10-14,41.0,2020,P155,19.83987385799569,73.0429959666335,Thane,normal,statewide,36.11233329772949,1,7,CHIRPS Daily v2.0,Maharashtra,CHIRPS Rainfall
2020-10-07,2020-10-14,41.0,2020,P156,20.806749657616468,78.60135461177485,Wardha,normal,statewide,50.574814796447754,1,7,CHIRPS Daily v2.0,Maharashtra,CHIRPS Rainfall
2020-10-07,2020-10-14,41.0,2020,P157,20.71031267913359,78.88671032458906,Wardha,normal,statewide,53.88514566421509,1,7,CHIRPS Daily v2.0,Maharashtra,CHIRPS Rainfall
2020-10-07,2020-10-14,41.0,2020,P158,21.081265295769754,78.41565980750515,Wardha,normal,statewide,67.67030143737793,1,7,CHIRPS Daily v2.0,Maharashtra,CHIRPS Rainfall
2020-10-07,2020-10-14,41.0,2020,P159,20.439854822938944,78.87986114537097,Wardha,normal,statewide,53.14093542098999,1,7,CHIRPS Daily v2.0,Maharashtra,CHIRPS Rainfall
2020-10-07,2020-10-14,41.0,2020,P160,20.289186257444058,77.15404188735265,Washim,normal,statewide,67.02906799316406,1,7,CHIRPS Daily v2.0,Maharashtra,CHIRPS Rainfall
2020-10-07,2020-10-14,41.0,2020,P161,20.464607292886615,77.53975858757677,Washim,normal,statewide,63.756596088409424,1,7,CHIRPS Daily v2.0,Maharashtra,CHIRPS Rainfall
2020-10-07,2020-10-14,41.0,2020,P162,20.107393166596125,77.2471479173486,Washim,normal,statewide,76.40933179855347,1,7,CHIRPS Daily v2.0,Maharashtra,CHIRPS Rainfall
2020-10-07,2020-10-14,41.0,2020,P163,20.198885002010726,77.1527933390577,Washim,normal,statewide,75.95343685150146,1,7,CHIRPS Daily v2.0,Maharashtra,CHIRPS Rainfall
2020-10-07,2020-10-14,41.0,2020,P164,20.182854533723592,78.20447678161395,Yavatmal,normal,statewide,64.80694913864136,1,7,CHIRPS Daily v2.0,Maharashtra,CHIRPS Rainfall
2020-10-07,2020-10-14,41.0,2020,P165,19.894658373538324,79.05709703494229,Yavatmal,normal,statewide,66.1246190071106,1,7,CHIRPS Daily v2.0,Maharashtra,CHIRPS Rainfall
2020-10-07,2020-10-14,41.0,2020,P166,19.468787468327925,77.71426550730338,Yavatmal,normal,statewide,101.86933755874634,1,7,CHIRPS Daily v2.0,Maharashtra,CHIRPS Rainfall
2020-10-07,2020-10-14,41.0,2020,P167,19.559057510053886,77.71577268345945,Yavatmal,normal,statewide,91.0746898651123,1,7,CHIRPS Daily v2.0,Maharashtra,CHIRPS Rainfall
2020-10-14,2020-10-21,42.0,2020,P147,17.927231643141155,73.94769852026607,Satara,case_study,case_study,119.17354583740234,1,7,CHIRPS Daily v2.0,Maharashtra,CHIRPS Rainfall
2020-10-14,2020-10-21,42.0,2020,P061,18.507855650411397,76.91766048140843,Latur,high,priority,22.21736717224121,1,7,CHIRPS Daily v2.0,Maharashtra,CHIRPS Rainfall
2020-10-14,2020-10-21,42.0,2020,P062,18.422405896924207,76.3487594508077,Latur,high,priority,45.57159423828125,1,7,CHIRPS Daily v2.0,Maharashtra,CHIRPS Rainfall
2020-10-14,2020-10-21,42.0,2020,P063,18.235391198742693,77.05646783810116,Latur,high,priority,26.513596534729004,1,7,CHIRPS Daily v2.0,Maharashtra,CHIRPS Rainfall
2020-10-14,2020-10-21,42.0,2020,P064,18.193056493341274,76.77240080549139,Latur,high,priority,34.18597221374512,1,7,CHIRPS Daily v2.0,Maharashtra,CHIRPS Rainfall
2020-10-14,2020-10-21,42.0,2020,P065,18.331355512513895,76.44266811899327,Latur,high,priority,53.13394737243652,1,7,CHIRPS Daily v2.0,Maharashtra,CHIRPS Rainfall
2020-10-14,2020-10-21,42.0,2020,P066,18.104739537876725,76.5352970251765,Latur,high,priority,57.97955894470215,1,7,CHIRPS Daily v2.0,Maharashtra,CHIRPS Rainfall
2020-10-14,2020-10-21,42.0,2020,P067,18.280552974211986,77.0569984711265,Latur,high,priority,27.962504863739014,1,7,CHIRPS Daily v2.0,Maharashtra,CHIRPS Rainfall
2020-10-14,2020-10-21,42.0,2020,P068,18.101823285787773,76.86595720469373,Latur,high,priority,30.675167083740234,1,7,CHIRPS Daily v2.0,Maharashtra,CHIRPS Rainfall
2020-10-14,2020-10-21,42.0,2020,P069,18.595075667016793,77.20284228928156,Latur,high,priority,11.813826560974121,1,7,CHIRPS Daily v2.0,Maharashtra,CHIRPS Rainfall
2020-10-14,2020-10-21,42.0,2020,P070,18.41499041187233,77.15322587185987,Latur,high,priority,16.37412929534912,1,7,CHIRPS Daily v2.0,Maharashtra,CHIRPS Rainfall
2020-10-14,2020-10-21,42.0,2020,P071,18.149138807065885,76.63019561379593,Latur,high,priority,55.54887676239014,1,7,CHIRPS Daily v2.0,Maharashtra,CHIRPS Rainfall
2020-10-14,2020-10-21,42.0,2020,P072,18.283393421583035,76.77331492120734,Latur,high,priority,36.265482902526855,1,7,CHIRPS Daily v2.0,Maharashtra,CHIRPS Rainfall
2020-10-14,2020-10-21,42.0,2020,P073,17.966315663874607,76.86453029235662,Latur,high,priority,35.07247066497803,1,7,CHIRPS Daily v2.0,Maharashtra,CHIRPS Rainfall
2020-10-14,2020-10-21,42.0,2020,P074,18.50832831512306,76.870318205524,Latur,high,priority,22.162420749664307,1,7,CHIRPS Daily v2.0,Maharashtra,CHIRPS Rainfall
2020-10-14,2020-10-21,42.0,2020,P075,18.41444640154381,77.20053247493588,Latur,high,priority,17.381450653076172,1,7,CHIRPS Daily v2.0,Maharashtra,CHIRPS Rainfall
2020-10-14,2020-10-21,42.0,2020,P076,18.377877313804504,76.25376722106614,Latur,high,priority,52.01656150817871,1,7,CHIRPS Daily v2.0,Maharashtra,CHIRPS Rainfall
2020-10-14,2020-10-21,42.0,2020,P077,18.059564385104267,76.5349046242838,Latur,high,priority,57.925676345825195,1,7,CHIRPS Daily v2.0,Maharashtra,CHIRPS Rainfall
2020-10-14,2020-10-21,42.0,2020,P078,18.1008824154655,76.96042326051098,Latur,high,priority,27.23291826248169,1,7,CHIRPS Daily v2.0,Maharashtra,CHIRPS Rainfall
2020-10-14,2020-10-21,42.0,2020,P079,18.73508698099394,76.77797468180819,Latur,high,priority,16.392577171325684,1,7,CHIRPS Daily v2.0,Maharashtra,CHIRPS Rainfall
2020-10-14,2020-10-21,42.0,2020,P080,18.46791548227568,76.3017694439065,Latur,high,priority,38.71631050109863,1,7,CHIRPS Daily v2.0,Maharashtra,CHIRPS Rainfall
2020-10-14,2020-10-21,42.0,2020,P081,18.10355787609756,76.67701617485712,Latur,high,priority,48.26183223724365,1,7,CHIRPS Daily v2.0,Maharashtra,CHIRPS Rainfall
2020-10-14,2020-10-21,42.0,2020,P082,18.23907887531389,76.67830931416262,Latur,high,priority,47.257612228393555,1,7,CHIRPS Daily v2.0,Maharashtra,CHIRPS Rainfall
2020-10-14,2020-10-21,42.0,2020,P083,18.369289085175563,77.19996171000103,Latur,high,priority,17.58286428451538,1,7,CHIRPS Daily v2.0,Maharashtra,CHIRPS Rainfall
2020-10-14,2020-10-21,42.0,2020,P084,18.46362582706226,76.82249880582684,Latur,high,priority,25.93747854232788,1,7,CHIRPS Daily v2.0,Maharashtra,CHIRPS Rainfall
2020-10-14,2020-10-21,42.0,2020,P085,18.14788579966987,76.77194597718393,Latur,high,priority,34.94968032836914,1,7,CHIRPS Daily v2.0,Maharashtra,CHIRPS Rainfall
2020-10-14,2020-10-21,42.0,2020,P122,17.88145897082753,73.8441448165019,Satara,high,priority,141.80018997192383,1,7,CHIRPS Daily v2.0,Maharashtra,CHIRPS Rainfall
2020-10-14,2020-10-21,42.0,2020,P123,17.386414030975025,74.27088970551878,Satara,high,priority,86.60914850234985,1,7,CHIRPS Daily v2.0,Maharashtra,CHIRPS Rainfall
2020-10-14,2020-10-21,42.0,2020,P124,17.43262815429294,74.647353771057,Satara,high,priority,92.6086893081665,1,7,CHIRPS Daily v2.0,Maharashtra,CHIRPS Rainfall
2020-10-14,2020-10-21,42.0,2020,P125,17.56734651531964,74.31728219287884,Satara,high,priority,108.02320384979248,1,7,CHIRPS Daily v2.0,Maharashtra,CHIRPS Rainfall
2020-10-14,2020-10-21,42.0,2020,P126,17.205080227535593,74.13053949986157,Satara,high,priority,98.67840385437012,1,7,CHIRPS Daily v2.0,Maharashtra,CHIRPS Rainfall
2020-10-14,2020-10-21,42.0,2020,P127,17.65773249367299,74.31694330119876,Satara,high,priority,109.62008476257324,1,7,CHIRPS Daily v2.0,Maharashtra,CHIRPS Rainfall
2020-10-14,2020-10-21,42.0,2020,P128,18.019949731345452,74.5517328080669,Satara,high,priority,80.08675765991211,1,7,CHIRPS Daily v2.0,Maharashtra,CHIRPS Rainfall
2020-10-14,2020-10-21,42.0,2020,P129,18.063234225271252,74.03192648006461,Satara,high,priority,118.07739448547363,1,7,CHIRPS Daily v2.0,Maharashtra,CHIRPS Rainfall
2020-10-14,2020-10-21,42.0,2020,P130,17.61135784271715,74.03436560834085,Satara,high,priority,137.8690891265869,1,7,CHIRPS Daily v2.0,Maharashtra,CHIRPS Rainfall
2020-10-14,2020-10-21,42.0,2020,P131,17.612539504496315,74.3171127470388,Satara,high,priority,110.85512924194336,1,7,CHIRPS Daily v2.0,Maharashtra,CHIRPS Rainfall
2020-10-14,2020-10-21,42.0,2020,P132,17.702176353872684,74.12817617630324,Satara,high,priority,131.9442310333252,1,7,CHIRPS Daily v2.0,Maharashtra,CHIRPS Rainfall
2020-10-14,2020-10-21,42.0,2020,P133,17.25006363896275,74.08329532420031,Satara,high,priority,99.19404220581055,1,7,CHIRPS Daily v2.0,Maharashtra,CHIRPS Rainfall
2020-10-14,2020-10-21,42.0,2020,P134,17.476429903940936,74.17634784498362,Satara,high,priority,103.25523519515991,1,7,CHIRPS Daily v2.0,Maharashtra,CHIRPS Rainfall
2020-10-14,2020-10-21,42.0,2020,P135,17.882716437324603,74.0801070669471,Satara,high,priority,110.51393699645996,1,7,CHIRPS Daily v2.0,Maharashtra,CHIRPS Rainfall
2020-10-14,2020-10-21,42.0,2020,P136,17.928520323345598,74.22149178404871,Satara,high,priority,109.20552253723145,1,7,CHIRPS Daily v2.0,Maharashtra,CHIRPS Rainfall
2020-10-14,2020-10-21,42.0,2020,P137,17.746687100588183,73.98648378122894,Satara,high,priority,118.75669288635254,1,7,CHIRPS Daily v2.0,Maharashtra,CHIRPS Rainfall
2020-10-14,2020-10-21,42.0,2020,P138,17.61269557303319,74.36423652697161,Satara,high,priority,121.80567741394043,1,7,CHIRPS Daily v2.0,Maharashtra,CHIRPS Rainfall
2020-10-14,2020-10-21,42.0,2020,P139,17.656773786946495,74.08126197411994,Satara,high,priority,126.512038230896,1,7,CHIRPS Daily v2.0,Maharashtra,CHIRPS Rainfall
2020-10-14,2020-10-21,42.0,2020,P140,17.97464080554139,74.50462240543725,Satara,high,priority,86.98490524291992,1,7,CHIRPS Daily v2.0,Maharashtra,CHIRPS Rainfall
2020-10-14,2020-10-21,42.0,2020,P141,17.430826677467348,74.08239904488856,Satara,high,priority,105.74105834960938,1,7,CHIRPS Daily v2.0,Maharashtra,CHIRPS Rainfall
2020-10-14,2020-10-21,42.0,2020,P142,18.064447100757786,74.31538707493111,Satara,high,priority,91.5669116973877,1,7,CHIRPS Daily v2.0,Maharashtra,CHIRPS Rainfall
2020-10-14,2020-10-21,42.0,2020,P143,17.70379500755509,74.6468275971327,Satara,high,priority,99.50262069702148,1,7,CHIRPS Daily v2.0,Maharashtra,CHIRPS Rainfall
2020-10-14,2020-10-21,42.0,2020,P144,17.929452275465767,74.50474726026674,Satara,high,priority,90.99174499511719,1,7,CHIRPS Daily v2.0,Maharashtra,CHIRPS Rainfall
2020-10-14,2020-10-21,42.0,2020,P145,17.47773196144854,74.60017202281048,Satara,high,priority,91.22078227996826,1,7,CHIRPS Daily v2.0,Maharashtra,CHIRPS Rainfall
2020-10-14,2020-10-21,42.0,2020,P146,17.839182233739812,74.55218763637436,Satara,high,priority,101.3889045715332,1,7,CHIRPS Daily v2.0,Maharashtra,CHIRPS Rainfall
2020-10-14,2020-10-21,42.0,2020,P001,19.940457800458272,74.57045211428928,Ahmednagar,normal,statewide,85.49567031860352,1,7,CHIRPS Daily v2.0,Maharashtra,CHIRPS Rainfall
2020-10-14,2020-10-21,42.0,2020,P002,18.946729294293643,74.76302285238339,Ahmednagar,normal,statewide,68.5753402709961,1,7,CHIRPS Daily v2.0,Maharashtra,CHIRPS Rainfall
2020-10-14,2020-10-21,42.0,2020,P003,18.49469238410162,74.66892244285252,Ahmednagar,normal,statewide,77.70479393005371,1,7,CHIRPS Daily v2.0,Maharashtra,CHIRPS Rainfall
2020-10-14,2020-10-21,42.0,2020,P004,19.03720445466806,75.1420731965326,Ahmednagar,normal,statewide,51.03669261932373,1,7,CHIRPS Daily v2.0,Maharashtra,CHIRPS Rainfall
2020-10-14,2020-10-21,42.0,2020,P005,20.832153156317954,77.06560453615967,Akola,normal,statewide,11.576313495635986,1,7,CHIRPS Daily v2.0,Maharashtra,CHIRPS Rainfall
2020-10-14,2020-10-21,42.0,2020,P006,20.834360411339407,76.87349308547405,Akola,normal,statewide,11.730362176895142,1,7,CHIRPS Daily v2.0,Maharashtra,CHIRPS Rainfall
2020-10-14,2020-10-21,42.0,2020,P007,21.014976299509232,76.87574047240498,Akola,normal,statewide,23.46843433380127,1,7,CHIRPS Daily v2.0,Maharashtra,CHIRPS Rainfall
2020-10-14,2020-10-21,42.0,2020,P008,20.828434266039377,77.35372489162701,Akola,normal,statewide,9.198439121246338,1,7,CHIRPS Daily v2.0,Maharashtra,CHIRPS Rainfall
2020-10-14,2020-10-21,42.0,2020,P009,21.360971327549258,77.94039543992572,Amravati,normal,statewide,4.664896011352539,1,7,CHIRPS Daily v2.0,Maharashtra,CHIRPS Rainfall
2020-10-14,2020-10-21,42.0,2020,P010,21.178803672212837,78.03301542790685,Amravati,normal,statewide,0.0,1,7,CHIRPS Daily v2.0,Maharashtra,CHIRPS Rainfall
2020-10-14,2020-10-21,42.0,2020,P011,20.814388097721018,78.21764450702477,Amravati,normal,statewide,33.5783052444458,1,7,CHIRPS Daily v2.0,Maharashtra,CHIRPS Rainfall
2020-10-14,2020-10-21,42.0,2020,P012,21.180502589714195,77.93681032267875,Amravati,normal,statewide,11.607510089874268,1,7,CHIRPS Daily v2.0,Maharashtra,CHIRPS Rainfall
2020-10-14,2020-10-21,42.0,2020,P013,20.031289688916964,74.8570519162974,Aurangabad,normal,statewide,80.84171676635742,1,7,CHIRPS Daily v2.0,Maharashtra,CHIRPS Rainfall
2020-10-14,2020-10-21,42.0,2020,P014,19.760185263069562,75.14270192978114,Aurangabad,normal,statewide,72.02584171295166,1,7,CHIRPS Daily v2.0,Maharashtra,CHIRPS Rainfall
2020-10-14,2020-10-21,42.0,2020,P015,19.9408189876436,74.76157364454102,Aurangabad,normal,statewide,98.6552906036377,1,7,CHIRPS Daily v2.0,Maharashtra,CHIRPS Rainfall
2020-10-14,2020-10-21,42.0,2020,P016,19.66981712112043,75.14262166596218,Aurangabad,normal,statewide,54.37546253204346,1,7,CHIRPS Daily v2.0,Maharashtra,CHIRPS Rainfall
2020-10-14,2020-10-21,42.0,2020,P017,21.04613203856966,79.85576216552393,Bhandara,normal,statewide,22.649145126342773,1,7,CHIRPS Daily v2.0,Maharashtra,CHIRPS Rainfall
2020-10-14,2020-10-21,42.0,2020,P018,21.31897105472685,79.76852877161537,Bhandara,normal,statewide,9.2821044921875,1,7,CHIRPS Daily v2.0,Maharashtra,CHIRPS Rainfall
2020-10-14,2020-10-21,42.0,2020,P019,21.40900922319803,79.77144948280537,Bhandara,normal,statewide,0.0,1,7,CHIRPS Daily v2.0,Maharashtra,CHIRPS Rainfall
2020-10-14,2020-10-21,42.0,2020,P020,21.144196588937042,79.57074980349083,Bhandara,normal,statewide,11.829124450683594,1,7,CHIRPS Daily v2.0,Maharashtra,CHIRPS Rainfall
2020-10-14,2020-10-21,42.0,2020,P021,18.67502288980403,75.52108340877234,Bid,normal,statewide,47.56383514404297,1,7,CHIRPS Daily v2.0,Maharashtra,CHIRPS Rainfall
2020-10-14,2020-10-21,42.0,2020,P022,18.856499384477168,75.04699178476999,Bid,normal,statewide,51.181007385253906,1,7,CHIRPS Daily v2.0,Maharashtra,CHIRPS Rainfall
2020-10-14,2020-10-21,42.0,2020,P023,19.126596053486494,75.6175605191647,Bid,normal,statewide,42.605751037597656,1,7,CHIRPS Daily v2.0,Maharashtra,CHIRPS Rainfall
2020-10-14,2020-10-21,42.0,2020,P024,18.763955201213946,75.90084720909012,Bid,normal,statewide,26.9481258392334,1,7,CHIRPS Daily v2.0,Maharashtra,CHIRPS Rainfall
2020-10-14,2020-10-21,42.0,2020,P025,20.93073496240753,76.20164478885242,Buldana,normal,statewide,18.938278198242188,1,7,CHIRPS Daily v2.0,Maharashtra,CHIRPS Rainfall
2020-10-14,2020-10-21,42.0,2020,P026,20.838939908121294,76.39311412898633,Buldana,normal,statewide,20.554523229599,1,7,CHIRPS Daily v2.0,Maharashtra,CHIRPS Rainfall
2020-10-14,2020-10-21,42.0,2020,P027,20.657476790751314,76.48742857536776,Buldana,normal,statewide,3.293524742126465,1,7,CHIRPS Daily v2.0,Maharashtra,CHIRPS Rainfall
2020-10-14,2020-10-21,42.0,2020,P028,20.47967013624516,76.10222021266374,Buldana,normal,statewide,0.0,1,7,CHIRPS Daily v2.0,Maharashtra,CHIRPS Rainfall
2020-10-14,2020-10-21,42.0,2020,P029,20.32317798477448,79.92829390325927,Chandrapur,normal,statewide,24.90591049194336,1,7,CHIRPS Daily v2.0,Maharashtra,CHIRPS Rainfall
2020-10-14,2020-10-21,42.0,2020,P030,20.60872097983294,79.36304041732026,Chandrapur,normal,statewide,11.72961139678955,1,7,CHIRPS Daily v2.0,Maharashtra,CHIRPS Rainfall
2020-10-14,2020-10-21,42.0,2020,P031,20.511160307884595,79.64732594588165,Chandrapur,normal,statewide,26.786685466766357,1,7,CHIRPS Daily v2.0,Maharashtra,CHIRPS Rainfall
2020-10-14,2020-10-21,42.0,2020,P032,20.598621115946884,79.74569817422172,Chandrapur,normal,statewide,14.678898811340332,1,7,CHIRPS Daily v2.0,Maharashtra,CHIRPS Rainfall
2020-10-14,2020-10-21,42.0,2020,P033,21.38667804512237,75.14422248324037,Dhule,normal,statewide,32.27688980102539,1,7,CHIRPS Daily v2.0,Maharashtra,CHIRPS Rainfall
2020-10-14,2020-10-21,42.0,2020,P034,21.025151968113196,74.75989256344387,Dhule,normal,statewide,37.239195823669434,1,7,CHIRPS Daily v2.0,Maharashtra,CHIRPS Rainfall
2020-10-14,2020-10-21,42.0,2020,P035,21.477028350667293,74.85568743137505,Dhule,normal,statewide,6.027862071990967,1,7,CHIRPS Daily v2.0,Maharashtra,CHIRPS Rainfall
2020-10-14,2020-10-21,42.0,2020,P036,20.933820660336515,74.37533522949364,Dhule,normal,statewide,23.198741912841797,1,7,CHIRPS Daily v2.0,Maharashtra,CHIRPS Rainfall
2020-10-14,2020-10-21,42.0,2020,P037,19.963056524597132,79.91698116388667,Garhchiroli,normal,statewide,49.72355651855469,1,7,CHIRPS Daily v2.0,Maharashtra,CHIRPS Rainfall
2020-10-14,2020-10-21,42.0,2020,P038,19.062661462582188,79.88977172925856,Garhchiroli,normal,statewide,58.234307289123535,1,7,CHIRPS Daily v2.0,Maharashtra,CHIRPS Rainfall
2020-10-14,2020-10-21,42.0,2020,P039,19.510270485428137,79.9981368030594,Garhchiroli,normal,statewide,56.03496503829956,1,7,CHIRPS Daily v2.0,Maharashtra,CHIRPS Rainfall
2020-10-14,2020-10-21,42.0,2020,P040,19.870365190999156,80.00935144220881,Garhchiroli,normal,statewide,51.66342544555664,1,7,CHIRPS Daily v2.0,Maharashtra,CHIRPS Rainfall
2020-10-14,2020-10-21,42.0,2020,P041,21.127639946725598,80.1465044724107,Gondiya,normal,statewide,9.021656036376953,1,7,CHIRPS Daily v2.0,Maharashtra,CHIRPS Rainfall
2020-10-14,2020-10-21,42.0,2020,P042,21.397598383602258,80.15591763473452,Gondiya,normal,statewide,0.0,1,7,CHIRPS Daily v2.0,Maharashtra,CHIRPS Rainfall
2020-10-14,2020-10-21,42.0,2020,P043,21.574548890706154,80.25847249986273,Gondiya,normal,statewide,0.0,1,7,CHIRPS Daily v2.0,Maharashtra,CHIRPS Rainfall
2020-10-14,2020-10-21,42.0,2020,P044,21.211649410572516,80.34153217518526,Gondiya,normal,statewide,10.253549575805664,1,7,CHIRPS Daily v2.0,Maharashtra,CHIRPS Rainfall
2020-10-14,2020-10-21,42.0,2020,P045,19.655900266732623,77.2407892392464,Hingoli,normal,statewide,21.562477111816406,1,7,CHIRPS Daily v2.0,Maharashtra,CHIRPS Rainfall
2020-10-14,2020-10-21,42.0,2020,P046,19.566758377573187,77.1442675378435,Hingoli,normal,statewide,22.940582275390625,1,7,CHIRPS Daily v2.0,Maharashtra,CHIRPS Rainfall
2020-10-14,2020-10-21,42.0,2020,P047,19.47860194974656,76.9526242927685,Hingoli,normal,statewide,21.463347911834717,1,7,CHIRPS Daily v2.0,Maharashtra,CHIRPS Rainfall
2020-10-14,2020-10-21,42.0,2020,P048,19.927981235710728,77.14910120338544,Hingoli,normal,statewide,12.15892505645752,1,7,CHIRPS Daily v2.0,Maharashtra,CHIRPS Rainfall
2020-10-14,2020-10-21,42.0,2020,P049,21.292738163229433,76.10816865346904,Jalgaon,normal,statewide,28.67287826538086,1,7,CHIRPS Daily v2.0,Maharashtra,CHIRPS Rainfall
2020-10-14,2020-10-21,42.0,2020,P050,21.386178625804387,75.43363151891216,Jalgaon,normal,statewide,0.0,1,7,CHIRPS Daily v2.0,Maharashtra,CHIRPS Rainfall
2020-10-14,2020-10-21,42.0,2020,P051,21.112064306745907,76.10682200495089,Jalgaon,normal,statewide,35.6226909160614,1,7,CHIRPS Daily v2.0,Maharashtra,CHIRPS Rainfall
2020-10-14,2020-10-21,42.0,2020,P052,20.844437979720194,75.23982115072519,Jalgaon,normal,statewide,20.840606689453125,1,7,CHIRPS Daily v2.0,Maharashtra,CHIRPS Rainfall
2020-10-14,2020-10-21,42.0,2020,P053,19.486369703781666,76.00005328932718,Jalna,normal,statewide,30.81354808807373,1,7,CHIRPS Daily v2.0,Maharashtra,CHIRPS Rainfall
2020-10-14,2020-10-21,42.0,2020,P054,20.028502750758555,76.00343774702675,Jalna,normal,statewide,30.3303861618042,1,7,CHIRPS Daily v2.0,Maharashtra,CHIRPS Rainfall
2020-10-14,2020-10-21,42.0,2020,P055,19.75743845682064,76.00172991132328,Jalna,normal,statewide,32.4808988571167,1,7,CHIRPS Daily v2.0,Maharashtra,CHIRPS Rainfall
2020-10-14,2020-10-21,42.0,2020,P056,19.57768317515413,75.80993951591351,Jalna,normal,statewide,35.00083541870117,1,7,CHIRPS Daily v2.0,Maharashtra,CHIRPS Rainfall
2020-10-14,2020-10-21,42.0,2020,P057,16.776377793156257,74.29671235971928,Kolhapur,normal,statewide,95.80554389953613,1,7,CHIRPS Daily v2.0,Maharashtra,CHIRPS Rainfall
2020-10-14,2020-10-21,42.0,2020,P058,16.324416687682138,74.29834884980589,Kolhapur,normal,statewide,66.45297622680664,1,7,CHIRPS Daily v2.0,Maharashtra,CHIRPS Rainfall
2020-10-14,2020-10-21,42.0,2020,P059,16.595891218916975,74.39111598812178,Kolhapur,normal,statewide,59.764586448669434,1,7,CHIRPS Daily v2.0,Maharashtra,CHIRPS Rainfall
2020-10-14,2020-10-21,42.0,2020,P060,16.414811584237594,74.29802779453004,Kolhapur,normal,statewide,62.667558670043945,1,7,CHIRPS Daily v2.0,Maharashtra,CHIRPS Rainfall
2020-10-14,2020-10-21,42.0,2020,P086,21.054127206758487,79.56798961993874,Nagpur,normal,statewide,4.98736572265625,1,7,CHIRPS Daily v2.0,Maharashtra,CHIRPS Rainfall
2020-10-14,2020-10-21,42.0,2020,P087,21.146765031143822,79.47473643960802,Nagpur,normal,statewide,24.717628479003906,1,7,CHIRPS Daily v2.0,Maharashtra,CHIRPS Rainfall
2020-10-14,2020-10-21,42.0,2020,P088,21.347803602138427,78.61442869606356,Nagpur,normal,statewide,10.031560897827148,1,7,CHIRPS Daily v2.0,Maharashtra,CHIRPS Rainfall
2020-10-14,2020-10-21,42.0,2020,P089,21.165377318940912,78.70615240473293,Nagpur,normal,statewide,0.0,1,7,CHIRPS Daily v2.0,Maharashtra,CHIRPS Rainfall
2020-10-14,2020-10-21,42.0,2020,P090,19.201968238592887,77.42470040309472,Nanded,normal,statewide,13.926950454711914,1,7,CHIRPS Daily v2.0,Maharashtra,CHIRPS Rainfall
2020-10-14,2020-10-21,42.0,2020,P091,18.566038000956755,77.69963965584807,Nanded,normal,statewide,0.0,1,7,CHIRPS Daily v2.0,Maharashtra,CHIRPS Rainfall
2020-10-14,2020-10-21,42.0,2020,P092,19.736596618496833,77.90946265591798,Nanded,normal,statewide,18.734689235687256,1,7,CHIRPS Daily v2.0,Maharashtra,CHIRPS Rainfall
2020-10-14,2020-10-21,42.0,2020,P093,18.93564842817583,77.04115528508362,Nanded,normal,statewide,6.995859622955322,1,7,CHIRPS Daily v2.0,Maharashtra,CHIRPS Rainfall
2020-10-14,2020-10-21,42.0,2020,P094,21.564917232430716,74.08292967791392,Nandurbar,normal,statewide,21.21978259086609,1,7,CHIRPS Daily v2.0,Maharashtra,CHIRPS Rainfall
2020-10-14,2020-10-21,42.0,2020,P095,21.5662594218478,74.37266422796263,Nandurbar,normal,statewide,22.207170963287354,1,7,CHIRPS Daily v2.0,Maharashtra,CHIRPS Rainfall
2020-10-14,2020-10-21,42.0,2020,P096,21.385179787168415,74.27697637845674,Nandurbar,normal,statewide,16.588638305664062,1,7,CHIRPS Daily v2.0,Maharashtra,CHIRPS Rainfall
2020-10-14,2020-10-21,42.0,2020,P097,21.565421110849755,74.17950488852946,Nandurbar,normal,statewide,16.602655172348022,1,7,CHIRPS Daily v2.0,Maharashtra,CHIRPS Rainfall
2020-10-14,2020-10-21,42.0,2020,P098,20.299553667393326,73.99482675929994,Nashik,normal,statewide,41.675992012023926,1,7,CHIRPS Daily v2.0,Maharashtra,CHIRPS Rainfall
2020-10-14,2020-10-21,42.0,2020,P099,20.120253214034264,74.28296495117151,Nashik,normal,statewide,37.69484519958496,1,7,CHIRPS Daily v2.0,Maharashtra,CHIRPS Rainfall
2020-10-14,2020-10-21,42.0,2020,P100,20.389903972938242,73.99424261706194,Nashik,normal,statewide,48.26738357543945,1,7,CHIRPS Daily v2.0,Maharashtra,CHIRPS Rainfall
2020-10-14,2020-10-21,42.0,2020,P101,20.029015547379707,74.09216447619562,Nashik,normal,statewide,81.44539260864258,1,7,CHIRPS Daily v2.0,Maharashtra,CHIRPS Rainfall
2020-10-14,2020-10-21,42.0,2020,P102,17.85749130266526,76.36802722645965,Osmanabad,normal,statewide,76.19028091430664,1,7,CHIRPS Daily v2.0,Maharashtra,CHIRPS Rainfall
2020-10-14,2020-10-21,42.0,2020,P103,17.76644983645705,76.46164605307673,Osmanabad,normal,statewide,66.4854621887207,1,7,CHIRPS Daily v2.0,Maharashtra,CHIRPS Rainfall
2020-10-14,2020-10-21,42.0,2020,P104,17.949094615606196,76.17989775301476,Osmanabad,normal,statewide,76.91053581237793,1,7,CHIRPS Daily v2.0,Maharashtra,CHIRPS Rainfall
2020-10-14,2020-10-21,42.0,2020,P105,18.584360447185368,75.61558067829696,Osmanabad,normal,statewide,68.32213020324707,1,7,CHIRPS Daily v2.0,Maharashtra,CHIRPS Rainfall
2020-10-14,2020-10-21,42.0,2020,P106,19.031389786894366,76.47235681380711,Parbhani,normal,statewide,10.33584976196289,1,7,CHIRPS Daily v2.0,Maharashtra,CHIRPS Rainfall
2020-10-14,2020-10-21,42.0,2020,P107,19.120950831552832,76.56820519095093,Parbhani,normal,statewide,20.958918571472168,1,7,CHIRPS Daily v2.0,Maharashtra,CHIRPS Rainfall
2020-10-14,2020-10-21,42.0,2020,P108,19.208625676465683,76.85432786914635,Parbhani,normal,statewide,10.632107734680176,1,7,CHIRPS Daily v2.0,Maharashtra,CHIRPS Rainfall
2020-10-14,2020-10-21,42.0,2020,P109,19.212081479782103,76.47396209018636,Parbhani,normal,statewide,9.76111125946045,1,7,CHIRPS Daily v2.0,Maharashtra,CHIRPS Rainfall
2020-10-14,2020-10-21,42.0,2020,P110,18.133442771357757,75.04679558432363,Pune,normal,statewide,69.28568267822266,1,7,CHIRPS Daily v2.0,Maharashtra,CHIRPS Rainfall
2020-10-14,2020-10-21,42.0,2020,P111,18.584645829652782,74.47919215212944,Pune,normal,statewide,98.04177856445312,1,7,CHIRPS Daily v2.0,Maharashtra,CHIRPS Rainfall
2020-10-14,2020-10-21,42.0,2020,P112,18.132979024848197,74.57507620208169,Pune,normal,statewide,70.66819763183594,1,7,CHIRPS Daily v2.0,Maharashtra,CHIRPS Rainfall
2020-10-14,2020-10-21,42.0,2020,P113,18.314072036830744,74.76389683618987,Pune,normal,statewide,82.78997611999512,1,7,CHIRPS Daily v2.0,Maharashtra,CHIRPS Rainfall
2020-10-14,2020-10-21,42.0,2020,P114,18.48503397121986,73.0589238755964,Raigarh,normal,statewide,97.23269939422607,1,7,CHIRPS Daily v2.0,Maharashtra,CHIRPS Rainfall
2020-10-14,2020-10-21,42.0,2020,P115,18.665689991299164,73.05687714821288,Raigarh,normal,statewide,105.5933256149292,1,7,CHIRPS Daily v2.0,Maharashtra,CHIRPS Rainfall
2020-10-14,2020-10-21,42.0,2020,P116,18.306197264370358,73.25009891506079,Raigarh,normal,statewide,125.52876663208008,1,7,CHIRPS Daily v2.0,Maharashtra,CHIRPS Rainfall
2020-10-14,2020-10-21,42.0,2020,P117,18.21404102289879,73.06194714611064,Raigarh,normal,statewide,95.9860486984253,1,7,CHIRPS Daily v2.0,Maharashtra,CHIRPS Rainfall
2020-10-14,2020-10-21,42.0,2020,P118,17.138719885658215,75.42259970290594,Sangli,normal,statewide,82.97797393798828,1,7,CHIRPS Daily v2.0,Maharashtra,CHIRPS Rainfall
2020-10-14,2020-10-21,42.0,2020,P119,17.048761981005992,74.95348443567921,Sangli,normal,statewide,83.11779022216797,1,7,CHIRPS Daily v2.0,Maharashtra,CHIRPS Rainfall
2020-10-14,2020-10-21,42.0,2020,P120,16.86707144948229,74.39025538161847,Sangli,normal,statewide,97.13386344909668,1,7,CHIRPS Daily v2.0,Maharashtra,CHIRPS Rainfall
2020-10-14,2020-10-21,42.0,2020,P121,17.048503353144895,74.67157114887826,Sangli,normal,statewide,79.79858589172363,1,7,CHIRPS Daily v2.0,Maharashtra,CHIRPS Rainfall
2020-10-14,2020-10-21,42.0,2020,P148,17.67852974098626,76.08383979812143,Solapur,normal,statewide,47.23640823364258,1,7,CHIRPS Daily v2.0,Maharashtra,CHIRPS Rainfall
2020-10-14,2020-10-21,42.0,2020,P149,18.223365003201543,75.4251413905064,Solapur,normal,statewide,66.78550720214844,1,7,CHIRPS Daily v2.0,Maharashtra,CHIRPS Rainfall
2020-10-14,2020-10-21,42.0,2020,P150,17.952532582518405,75.23562067753285,Solapur,normal,statewide,77.61554050445557,1,7,CHIRPS Daily v2.0,Maharashtra,CHIRPS Rainfall
2020-10-14,2020-10-21,42.0,2020,P151,18.223690517578447,75.23598186471818,Solapur,normal,statewide,55.139108657836914,1,7,CHIRPS Daily v2.0,Maharashtra,CHIRPS Rainfall
2020-10-14,2020-10-21,42.0,2020,P152,19.658178867370932,72.94986318203122,Thane,normal,statewide,45.81413745880127,1,7,CHIRPS Daily v2.0,Maharashtra,CHIRPS Rainfall
2020-10-14,2020-10-21,42.0,2020,P153,19.65706409210757,72.8545320606096,Thane,normal,statewide,49.687010765075684,1,7,CHIRPS Daily v2.0,Maharashtra,CHIRPS Rainfall
2020-10-14,2020-10-21,42.0,2020,P154,19.477549601897948,72.95214624177059,Thane,normal,statewide,71.22046089172363,1,7,CHIRPS Daily v2.0,Maharashtra,CHIRPS Rainfall
2020-10-14,2020-10-21,42.0,2020,P155,19.83987385799569,73.0429959666335,Thane,normal,statewide,65.12781429290771,1,7,CHIRPS Daily v2.0,Maharashtra,CHIRPS Rainfall
2020-10-14,2020-10-21,42.0,2020,P156,20.806749657616468,78.60135461177485,Wardha,normal,statewide,15.117644309997559,1,7,CHIRPS Daily v2.0,Maharashtra,CHIRPS Rainfall
2020-10-14,2020-10-21,42.0,2020,P157,20.71031267913359,78.88671032458906,Wardha,normal,statewide,8.833898544311523,1,7,CHIRPS Daily v2.0,Maharashtra,CHIRPS Rainfall
2020-10-14,2020-10-21,42.0,2020,P158,21.081265295769754,78.41565980750515,Wardha,normal,statewide,0.0,1,7,CHIRPS Daily v2.0,Maharashtra,CHIRPS Rainfall
2020-10-14,2020-10-21,42.0,2020,P159,20.439854822938944,78.87986114537097,Wardha,normal,statewide,23.39871883392334,1,7,CHIRPS Daily v2.0,Maharashtra,CHIRPS Rainfall
2020-10-14,2020-10-21,42.0,2020,P160,20.289186257444058,77.15404188735265,Washim,normal,statewide,12.104798316955566,1,7,CHIRPS Daily v2.0,Maharashtra,CHIRPS Rainfall
2020-10-14,2020-10-21,42.0,2020,P161,20.464607292886615,77.53975858757677,Washim,normal,statewide,9.700197219848633,1,7,CHIRPS Daily v2.0,Maharashtra,CHIRPS Rainfall
2020-10-14,2020-10-21,42.0,2020,P162,20.107393166596125,77.2471479173486,Washim,normal,statewide,11.058147668838501,1,7,CHIRPS Daily v2.0,Maharashtra,CHIRPS Rainfall
2020-10-14,2020-10-21,42.0,2020,P163,20.198885002010726,77.1527933390577,Washim,normal,statewide,11.694588661193848,1,7,CHIRPS Daily v2.0,Maharashtra,CHIRPS Rainfall
2020-10-14,2020-10-21,42.0,2020,P164,20.182854533723592,78.20447678161395,Yavatmal,normal,statewide,24.184450149536133,1,7,CHIRPS Daily v2.0,Maharashtra,CHIRPS Rainfall
2020-10-14,2020-10-21,42.0,2020,P165,19.894658373538324,79.05709703494229,Yavatmal,normal,statewide,37.9337215423584,1,7,CHIRPS Daily v2.0,Maharashtra,CHIRPS Rainfall
2020-10-14,2020-10-21,42.0,2020,P166,19.468787468327925,77.71426550730338,Yavatmal,normal,statewide,23.438226222991943,1,7,CHIRPS Daily v2.0,Maharashtra,CHIRPS Rainfall
2020-10-14,2020-10-21,42.0,2020,P167,19.559057510053886,77.71577268345945,Yavatmal,normal,statewide,24.749640941619873,1,7,CHIRPS Daily v2.0,Maharashtra,CHIRPS Rainfall
2020-10-21,2020-10-28,43.0,2020,P147,17.927231643141155,73.94769852026607,Satara,case_study,case_study,7.3643639087677,1,7,CHIRPS Daily v2.0,Maharashtra,CHIRPS Rainfall
2020-10-21,2020-10-28,43.0,2020,P061,18.507855650411397,76.91766048140843,Latur,high,priority,2.21857101470232,1,7,CHIRPS Daily v2.0,Maharashtra,CHIRPS Rainfall
2020-10-21,2020-10-28,43.0,2020,P062,18.422405896924207,76.3487594508077,Latur,high,priority,3.2213734686374664,1,7,CHIRPS Daily v2.0,Maharashtra,CHIRPS Rainfall
2020-10-21,2020-10-28,43.0,2020,P063,18.235391198742693,77.05646783810116,Latur,high,priority,3.88008089363575,1,7,CHIRPS Daily v2.0,Maharashtra,CHIRPS Rainfall
2020-10-21,2020-10-28,43.0,2020,P064,18.193056493341274,76.77240080549139,Latur,high,priority,3.8646638691425323,1,7,CHIRPS Daily v2.0,Maharashtra,CHIRPS Rainfall
2020-10-21,2020-10-28,43.0,2020,P065,18.331355512513895,76.44266811899327,Latur,high,priority,2.981422483921051,1,7,CHIRPS Daily v2.0,Maharashtra,CHIRPS Rainfall
2020-10-21,2020-10-28,43.0,2020,P066,18.104739537876725,76.5352970251765,Latur,high,priority,3.064660668373108,1,7,CHIRPS Daily v2.0,Maharashtra,CHIRPS Rainfall
2020-10-21,2020-10-28,43.0,2020,P067,18.280552974211986,77.0569984711265,Latur,high,priority,3.8717270493507385,1,7,CHIRPS Daily v2.0,Maharashtra,CHIRPS Rainfall
2020-10-21,2020-10-28,43.0,2020,P068,18.101823285787773,76.86595720469373,Latur,high,priority,3.9229204654693604,1,7,CHIRPS Daily v2.0,Maharashtra,CHIRPS Rainfall
2020-10-21,2020-10-28,43.0,2020,P069,18.595075667016793,77.20284228928156,Latur,high,priority,3.860053673386574,1,7,CHIRPS Daily v2.0,Maharashtra,CHIRPS Rainfall
2020-10-21,2020-10-28,43.0,2020,P070,18.41499041187233,77.15322587185987,Latur,high,priority,2.8540299721062183,1,7,CHIRPS Daily v2.0,Maharashtra,CHIRPS Rainfall
2020-10-21,2020-10-28,43.0,2020,P071,18.149138807065885,76.63019561379593,Latur,high,priority,4.8393213748931885,1,7,CHIRPS Daily v2.0,Maharashtra,CHIRPS Rainfall
2020-10-21,2020-10-28,43.0,2020,P072,18.283393421583035,76.77331492120734,Latur,high,priority,3.7884891033172607,1,7,CHIRPS Daily v2.0,Maharashtra,CHIRPS Rainfall
2020-10-21,2020-10-28,43.0,2020,P073,17.966315663874607,76.86453029235662,Latur,high,priority,4.018953502178192,1,7,CHIRPS Daily v2.0,Maharashtra,CHIRPS Rainfall
2020-10-21,2020-10-28,43.0,2020,P074,18.50832831512306,76.870318205524,Latur,high,priority,2.3373594358563423,1,7,CHIRPS Daily v2.0,Maharashtra,CHIRPS Rainfall
2020-10-21,2020-10-28,43.0,2020,P075,18.41444640154381,77.20053247493588,Latur,high,priority,2.6749687008559704,1,7,CHIRPS Daily v2.0,Maharashtra,CHIRPS Rainfall
2020-10-21,2020-10-28,43.0,2020,P076,18.377877313804504,76.25376722106614,Latur,high,priority,3.455967277288437,1,7,CHIRPS Daily v2.0,Maharashtra,CHIRPS Rainfall
2020-10-21,2020-10-28,43.0,2020,P077,18.059564385104267,76.5349046242838,Latur,high,priority,3.115116208791733,1,7,CHIRPS Daily v2.0,Maharashtra,CHIRPS Rainfall
2020-10-21,2020-10-28,43.0,2020,P078,18.1008824154655,76.96042326051098,Latur,high,priority,3.8858835101127625,1,7,CHIRPS Daily v2.0,Maharashtra,CHIRPS Rainfall
2020-10-21,2020-10-28,43.0,2020,P079,18.73508698099394,76.77797468180819,Latur,high,priority,2.4964678436517715,1,7,CHIRPS Daily v2.0,Maharashtra,CHIRPS Rainfall
2020-10-21,2020-10-28,43.0,2020,P080,18.46791548227568,76.3017694439065,Latur,high,priority,3.082276165485382,1,7,CHIRPS Daily v2.0,Maharashtra,CHIRPS Rainfall
2020-10-21,2020-10-28,43.0,2020,P081,18.10355787609756,76.67701617485712,Latur,high,priority,4.628484547138214,1,7,CHIRPS Daily v2.0,Maharashtra,CHIRPS Rainfall
2020-10-21,2020-10-28,43.0,2020,P082,18.23907887531389,76.67830931416262,Latur,high,priority,2.4460421353578568,1,7,CHIRPS Daily v2.0,Maharashtra,CHIRPS Rainfall
2020-10-21,2020-10-28,43.0,2020,P083,18.369289085175563,77.19996171000103,Latur,high,priority,3.234960936009884,1,7,CHIRPS Daily v2.0,Maharashtra,CHIRPS Rainfall
2020-10-21,2020-10-28,43.0,2020,P084,18.46362582706226,76.82249880582684,Latur,high,priority,2.3327447921037674,1,7,CHIRPS Daily v2.0,Maharashtra,CHIRPS Rainfall
2020-10-21,2020-10-28,43.0,2020,P085,18.14788579966987,76.77194597718393,Latur,high,priority,4.005567014217377,1,7,CHIRPS Daily v2.0,Maharashtra,CHIRPS Rainfall
2020-10-21,2020-10-28,43.0,2020,P122,17.88145897082753,73.8441448165019,Satara,high,priority,10.940576314926147,1,7,CHIRPS Daily v2.0,Maharashtra,CHIRPS Rainfall
2020-10-21,2020-10-28,43.0,2020,P123,17.386414030975025,74.27088970551878,Satara,high,priority,4.242784261703491,1,7,CHIRPS Daily v2.0,Maharashtra,CHIRPS Rainfall
2020-10-21,2020-10-28,43.0,2020,P124,17.43262815429294,74.647353771057,Satara,high,priority,4.770150542259216,1,7,CHIRPS Daily v2.0,Maharashtra,CHIRPS Rainfall
2020-10-21,2020-10-28,43.0,2020,P125,17.56734651531964,74.31728219287884,Satara,high,priority,4.044760644435883,1,7,CHIRPS Daily v2.0,Maharashtra,CHIRPS Rainfall
2020-10-21,2020-10-28,43.0,2020,P126,17.205080227535593,74.13053949986157,Satara,high,priority,12.213245749473572,1,7,CHIRPS Daily v2.0,Maharashtra,CHIRPS Rainfall
2020-10-21,2020-10-28,43.0,2020,P127,17.65773249367299,74.31694330119876,Satara,high,priority,3.717833399772644,1,7,CHIRPS Daily v2.0,Maharashtra,CHIRPS Rainfall
2020-10-21,2020-10-28,43.0,2020,P128,18.019949731345452,74.5517328080669,Satara,high,priority,2.971415638923645,1,7,CHIRPS Daily v2.0,Maharashtra,CHIRPS Rainfall
2020-10-21,2020-10-28,43.0,2020,P129,18.063234225271252,74.03192648006461,Satara,high,priority,2.731472373008728,1,7,CHIRPS Daily v2.0,Maharashtra,CHIRPS Rainfall
2020-10-21,2020-10-28,43.0,2020,P130,17.61135784271715,74.03436560834085,Satara,high,priority,3.2597469091415405,1,7,CHIRPS Daily v2.0,Maharashtra,CHIRPS Rainfall
2020-10-21,2020-10-28,43.0,2020,P131,17.612539504496315,74.3171127470388,Satara,high,priority,3.9205771684646606,1,7,CHIRPS Daily v2.0,Maharashtra,CHIRPS Rainfall
2020-10-21,2020-10-28,43.0,2020,P132,17.702176353872684,74.12817617630324,Satara,high,priority,3.418760359287262,1,7,CHIRPS Daily v2.0,Maharashtra,CHIRPS Rainfall
2020-10-21,2020-10-28,43.0,2020,P133,17.25006363896275,74.08329532420031,Satara,high,priority,12.625340163707733,1,7,CHIRPS Daily v2.0,Maharashtra,CHIRPS Rainfall
2020-10-21,2020-10-28,43.0,2020,P134,17.476429903940936,74.17634784498362,Satara,high,priority,15.372357189655304,1,7,CHIRPS Daily v2.0,Maharashtra,CHIRPS Rainfall
2020-10-21,2020-10-28,43.0,2020,P135,17.882716437324603,74.0801070669471,Satara,high,priority,2.8094706535339355,1,7,CHIRPS Daily v2.0,Maharashtra,CHIRPS Rainfall
2020-10-21,2020-10-28,43.0,2020,P136,17.928520323345598,74.22149178404871,Satara,high,priority,3.1679084300994873,1,7,CHIRPS Daily v2.0,Maharashtra,CHIRPS Rainfall
2020-10-21,2020-10-28,43.0,2020,P137,17.746687100588183,73.98648378122894,Satara,high,priority,2.6472532749176025,1,7,CHIRPS Daily v2.0,Maharashtra,CHIRPS Rainfall
2020-10-21,2020-10-28,43.0,2020,P138,17.61269557303319,74.36423652697161,Satara,high,priority,3.914060652256012,1,7,CHIRPS Daily v2.0,Maharashtra,CHIRPS Rainfall
2020-10-21,2020-10-28,43.0,2020,P139,17.656773786946495,74.08126197411994,Satara,high,priority,3.6231858134269714,1,7,CHIRPS Daily v2.0,Maharashtra,CHIRPS Rainfall
2020-10-21,2020-10-28,43.0,2020,P140,17.97464080554139,74.50462240543725,Satara,high,priority,3.050918221473694,1,7,CHIRPS Daily v2.0,Maharashtra,CHIRPS Rainfall
2020-10-21,2020-10-28,43.0,2020,P141,17.430826677467348,74.08239904488856,Satara,high,priority,17.45229345560074,1,7,CHIRPS Daily v2.0,Maharashtra,CHIRPS Rainfall
2020-10-21,2020-10-28,43.0,2020,P142,18.064447100757786,74.31538707493111,Satara,high,priority,2.805004596710205,1,7,CHIRPS Daily v2.0,Maharashtra,CHIRPS Rainfall
2020-10-21,2020-10-28,43.0,2020,P143,17.70379500755509,74.6468275971327,Satara,high,priority,7.144828677177429,1,7,CHIRPS Daily v2.0,Maharashtra,CHIRPS Rainfall
2020-10-21,2020-10-28,43.0,2020,P144,17.929452275465767,74.50474726026674,Satara,high,priority,3.4002556204795837,1,7,CHIRPS Daily v2.0,Maharashtra,CHIRPS Rainfall
2020-10-21,2020-10-28,43.0,2020,P145,17.47773196144854,74.60017202281048,Satara,high,priority,4.683458924293518,1,7,CHIRPS Daily v2.0,Maharashtra,CHIRPS Rainfall
2020-10-21,2020-10-28,43.0,2020,P146,17.839182233739812,74.55218763637436,Satara,high,priority,6.206931233406067,1,7,CHIRPS Daily v2.0,Maharashtra,CHIRPS Rainfall
2020-10-21,2020-10-28,43.0,2020,P001,19.940457800458272,74.57045211428928,Ahmednagar,normal,statewide,16.682098507881165,1,7,CHIRPS Daily v2.0,Maharashtra,CHIRPS Rainfall
2020-10-21,2020-10-28,43.0,2020,P002,18.946729294293643,74.76302285238339,Ahmednagar,normal,statewide,2.9096582531929016,1,7,CHIRPS Daily v2.0,Maharashtra,CHIRPS Rainfall
2020-10-21,2020-10-28,43.0,2020,P003,18.49469238410162,74.66892244285252,Ahmednagar,normal,statewide,2.6751171946525574,1,7,CHIRPS Daily v2.0,Maharashtra,CHIRPS Rainfall
2020-10-21,2020-10-28,43.0,2020,P004,19.03720445466806,75.1420731965326,Ahmednagar,normal,statewide,2.531184121966362,1,7,CHIRPS Daily v2.0,Maharashtra,CHIRPS Rainfall
2020-10-21,2020-10-28,43.0,2020,P005,20.832153156317954,77.06560453615967,Akola,normal,statewide,2.2865586280822754,1,7,CHIRPS Daily v2.0,Maharashtra,CHIRPS Rainfall
2020-10-21,2020-10-28,43.0,2020,P006,20.834360411339407,76.87349308547405,Akola,normal,statewide,2.5901505947113037,1,7,CHIRPS Daily v2.0,Maharashtra,CHIRPS Rainfall
2020-10-21,2020-10-28,43.0,2020,P007,21.014976299509232,76.87574047240498,Akola,normal,statewide,8.49913076116718,1,7,CHIRPS Daily v2.0,Maharashtra,CHIRPS Rainfall
2020-10-21,2020-10-28,43.0,2020,P008,20.828434266039377,77.35372489162701,Akola,normal,statewide,1.9611035585403442,1,7,CHIRPS Daily v2.0,Maharashtra,CHIRPS Rainfall
2020-10-21,2020-10-28,43.0,2020,P009,21.360971327549258,77.94039543992572,Amravati,normal,statewide,2.2067711098352447,1,7,CHIRPS Daily v2.0,Maharashtra,CHIRPS Rainfall
2020-10-21,2020-10-28,43.0,2020,P010,21.178803672212837,78.03301542790685,Amravati,normal,statewide,1.304521747821127,1,7,CHIRPS Daily v2.0,Maharashtra,CHIRPS Rainfall
2020-10-21,2020-10-28,43.0,2020,P011,20.814388097721018,78.21764450702477,Amravati,normal,statewide,1.4320241212844849,1,7,CHIRPS Daily v2.0,Maharashtra,CHIRPS Rainfall
2020-10-21,2020-10-28,43.0,2020,P012,21.180502589714195,77.93681032267875,Amravati,normal,statewide,2.0495516771479743,1,7,CHIRPS Daily v2.0,Maharashtra,CHIRPS Rainfall
2020-10-21,2020-10-28,43.0,2020,P013,20.031289688916964,74.8570519162974,Aurangabad,normal,statewide,2.329643964767456,1,7,CHIRPS Daily v2.0,Maharashtra,CHIRPS Rainfall
2020-10-21,2020-10-28,43.0,2020,P014,19.760185263069562,75.14270192978114,Aurangabad,normal,statewide,4.379483222961426,1,7,CHIRPS Daily v2.0,Maharashtra,CHIRPS Rainfall
2020-10-21,2020-10-28,43.0,2020,P015,19.9408189876436,74.76157364454102,Aurangabad,normal,statewide,9.894972562789917,1,7,CHIRPS Daily v2.0,Maharashtra,CHIRPS Rainfall
2020-10-21,2020-10-28,43.0,2020,P016,19.66981712112043,75.14262166596218,Aurangabad,normal,statewide,4.255095958709717,1,7,CHIRPS Daily v2.0,Maharashtra,CHIRPS Rainfall
2020-10-21,2020-10-28,43.0,2020,P017,21.04613203856966,79.85576216552393,Bhandara,normal,statewide,1.1639854311943054,1,7,CHIRPS Daily v2.0,Maharashtra,CHIRPS Rainfall
2020-10-21,2020-10-28,43.0,2020,P018,21.31897105472685,79.76852877161537,Bhandara,normal,statewide,1.3784518837928772,1,7,CHIRPS Daily v2.0,Maharashtra,CHIRPS Rainfall
2020-10-21,2020-10-28,43.0,2020,P019,21.40900922319803,79.77144948280537,Bhandara,normal,statewide,1.5852020978927612,1,7,CHIRPS Daily v2.0,Maharashtra,CHIRPS Rainfall
2020-10-21,2020-10-28,43.0,2020,P020,21.144196588937042,79.57074980349083,Bhandara,normal,statewide,1.3363127708435059,1,7,CHIRPS Daily v2.0,Maharashtra,CHIRPS Rainfall
2020-10-21,2020-10-28,43.0,2020,P021,18.67502288980403,75.52108340877234,Bid,normal,statewide,13.058660477399826,1,7,CHIRPS Daily v2.0,Maharashtra,CHIRPS Rainfall
2020-10-21,2020-10-28,43.0,2020,P022,18.856499384477168,75.04699178476999,Bid,normal,statewide,3.2315772473812103,1,7,CHIRPS Daily v2.0,Maharashtra,CHIRPS Rainfall
2020-10-21,2020-10-28,43.0,2020,P023,19.126596053486494,75.6175605191647,Bid,normal,statewide,3.1439636573195457,1,7,CHIRPS Daily v2.0,Maharashtra,CHIRPS Rainfall
2020-10-21,2020-10-28,43.0,2020,P024,18.763955201213946,75.90084720909012,Bid,normal,statewide,3.349933236837387,1,7,CHIRPS Daily v2.0,Maharashtra,CHIRPS Rainfall
2020-10-21,2020-10-28,43.0,2020,P025,20.93073496240753,76.20164478885242,Buldana,normal,statewide,3.0667004585266113,1,7,CHIRPS Daily v2.0,Maharashtra,CHIRPS Rainfall
2020-10-21,2020-10-28,43.0,2020,P026,20.838939908121294,76.39311412898633,Buldana,normal,statewide,2.5954198837280273,1,7,CHIRPS Daily v2.0,Maharashtra,CHIRPS Rainfall
2020-10-21,2020-10-28,43.0,2020,P027,20.657476790751314,76.48742857536776,Buldana,normal,statewide,2.98405122756958,1,7,CHIRPS Daily v2.0,Maharashtra,CHIRPS Rainfall
2020-10-21,2020-10-28,43.0,2020,P028,20.47967013624516,76.10222021266374,Buldana,normal,statewide,3.6699094772338867,1,7,CHIRPS Daily v2.0,Maharashtra,CHIRPS Rainfall
2020-10-21,2020-10-28,43.0,2020,P029,20.32317798477448,79.92829390325927,Chandrapur,normal,statewide,3.9648094177246094,1,7,CHIRPS Daily v2.0,Maharashtra,CHIRPS Rainfall
2020-10-21,2020-10-28,43.0,2020,P030,20.60872097983294,79.36304041732026,Chandrapur,normal,statewide,0.0,1,7,CHIRPS Daily v2.0,Maharashtra,CHIRPS Rainfall
2020-10-21,2020-10-28,43.0,2020,P031,20.511160307884595,79.64732594588165,Chandrapur,normal,statewide,0.0,1,7,CHIRPS Daily v2.0,Maharashtra,CHIRPS Rainfall
2020-10-21,2020-10-28,43.0,2020,P032,20.598621115946884,79.74569817422172,Chandrapur,normal,statewide,0.0,1,7,CHIRPS Daily v2.0,Maharashtra,CHIRPS Rainfall
2020-10-21,2020-10-28,43.0,2020,P033,21.38667804512237,75.14422248324037,Dhule,normal,statewide,0.606017529964447,1,7,CHIRPS Daily v2.0,Maharashtra,CHIRPS Rainfall
2020-10-21,2020-10-28,43.0,2020,P034,21.025151968113196,74.75989256344387,Dhule,normal,statewide,0.9405301213264465,1,7,CHIRPS Daily v2.0,Maharashtra,CHIRPS Rainfall
2020-10-21,2020-10-28,43.0,2020,P035,21.477028350667293,74.85568743137505,Dhule,normal,statewide,0.41055727005004883,1,7,CHIRPS Daily v2.0,Maharashtra,CHIRPS Rainfall
2020-10-21,2020-10-28,43.0,2020,P036,20.933820660336515,74.37533522949364,Dhule,normal,statewide,0.0,1,7,CHIRPS Daily v2.0,Maharashtra,CHIRPS Rainfall
2020-10-21,2020-10-28,43.0,2020,P037,19.963056524597132,79.91698116388667,Garhchiroli,normal,statewide,0.18505176901817322,1,7,CHIRPS Daily v2.0,Maharashtra,CHIRPS Rainfall
2020-10-21,2020-10-28,43.0,2020,P038,19.062661462582188,79.88977172925856,Garhchiroli,normal,statewide,5.752090096473694,1,7,CHIRPS Daily v2.0,Maharashtra,CHIRPS Rainfall
2020-10-21,2020-10-28,43.0,2020,P039,19.510270485428137,79.9981368030594,Garhchiroli,normal,statewide,0.0,1,7,CHIRPS Daily v2.0,Maharashtra,CHIRPS Rainfall
2020-10-21,2020-10-28,43.0,2020,P040,19.870365190999156,80.00935144220881,Garhchiroli,normal,statewide,0.0,1,7,CHIRPS Daily v2.0,Maharashtra,CHIRPS Rainfall
2020-10-21,2020-10-28,43.0,2020,P041,21.127639946725598,80.1465044724107,Gondiya,normal,statewide,1.1856040358543396,1,7,CHIRPS Daily v2.0,Maharashtra,CHIRPS Rainfall
2020-10-21,2020-10-28,43.0,2020,P042,21.397598383602258,80.15591763473452,Gondiya,normal,statewide,2.3609455823898315,1,7,CHIRPS Daily v2.0,Maharashtra,CHIRPS Rainfall
2020-10-21,2020-10-28,43.0,2020,P043,21.574548890706154,80.25847249986273,Gondiya,normal,statewide,2.216252624988556,1,7,CHIRPS Daily v2.0,Maharashtra,CHIRPS Rainfall
2020-10-21,2020-10-28,43.0,2020,P044,21.211649410572516,80.34153217518526,Gondiya,normal,statewide,2.489654541015625,1,7,CHIRPS Daily v2.0,Maharashtra,CHIRPS Rainfall
2020-10-21,2020-10-28,43.0,2020,P045,19.655900266732623,77.2407892392464,Hingoli,normal,statewide,2.8080506324768066,1,7,CHIRPS Daily v2.0,Maharashtra,CHIRPS Rainfall
2020-10-21,2020-10-28,43.0,2020,P046,19.566758377573187,77.1442675378435,Hingoli,normal,statewide,2.95117449760437,1,7,CHIRPS Daily v2.0,Maharashtra,CHIRPS Rainfall
2020-10-21,2020-10-28,43.0,2020,P047,19.47860194974656,76.9526242927685,Hingoli,normal,statewide,2.837585926055908,1,7,CHIRPS Daily v2.0,Maharashtra,CHIRPS Rainfall
2020-10-21,2020-10-28,43.0,2020,P048,19.927981235710728,77.14910120338544,Hingoli,normal,statewide,7.212406384534006,1,7,CHIRPS Daily v2.0,Maharashtra,CHIRPS Rainfall
2020-10-21,2020-10-28,43.0,2020,P049,21.292738163229433,76.10816865346904,Jalgaon,normal,statewide,9.934144258499146,1,7,CHIRPS Daily v2.0,Maharashtra,CHIRPS Rainfall
2020-10-21,2020-10-28,43.0,2020,P050,21.386178625804387,75.43363151891216,Jalgaon,normal,statewide,14.015062808990479,1,7,CHIRPS Daily v2.0,Maharashtra,CHIRPS Rainfall
2020-10-21,2020-10-28,43.0,2020,P051,21.112064306745907,76.10682200495089,Jalgaon,normal,statewide,2.6803452040767297,1,7,CHIRPS Daily v2.0,Maharashtra,CHIRPS Rainfall
2020-10-21,2020-10-28,43.0,2020,P052,20.844437979720194,75.23982115072519,Jalgaon,normal,statewide,4.869847297668457,1,7,CHIRPS Daily v2.0,Maharashtra,CHIRPS Rainfall
2020-10-21,2020-10-28,43.0,2020,P053,19.486369703781666,76.00005328932718,Jalna,normal,statewide,2.675816297531128,1,7,CHIRPS Daily v2.0,Maharashtra,CHIRPS Rainfall
2020-10-21,2020-10-28,43.0,2020,P054,20.028502750758555,76.00343774702675,Jalna,normal,statewide,11.849740505218506,1,7,CHIRPS Daily v2.0,Maharashtra,CHIRPS Rainfall
2020-10-21,2020-10-28,43.0,2020,P055,19.75743845682064,76.00172991132328,Jalna,normal,statewide,15.742231845855713,1,7,CHIRPS Daily v2.0,Maharashtra,CHIRPS Rainfall
2020-10-21,2020-10-28,43.0,2020,P056,19.57768317515413,75.80993951591351,Jalna,normal,statewide,2.8392062187194824,1,7,CHIRPS Daily v2.0,Maharashtra,CHIRPS Rainfall
2020-10-21,2020-10-28,43.0,2020,P057,16.776377793156257,74.29671235971928,Kolhapur,normal,statewide,8.316183090209961,1,7,CHIRPS Daily v2.0,Maharashtra,CHIRPS Rainfall
2020-10-21,2020-10-28,43.0,2020,P058,16.324416687682138,74.29834884980589,Kolhapur,normal,statewide,11.570924520492554,1,7,CHIRPS Daily v2.0,Maharashtra,CHIRPS Rainfall
2020-10-21,2020-10-28,43.0,2020,P059,16.595891218916975,74.39111598812178,Kolhapur,normal,statewide,24.074158191680908,1,7,CHIRPS Daily v2.0,Maharashtra,CHIRPS Rainfall
2020-10-21,2020-10-28,43.0,2020,P060,16.414811584237594,74.29802779453004,Kolhapur,normal,statewide,11.872692108154297,1,7,CHIRPS Daily v2.0,Maharashtra,CHIRPS Rainfall
2020-10-21,2020-10-28,43.0,2020,P086,21.054127206758487,79.56798961993874,Nagpur,normal,statewide,1.3104504346847534,1,7,CHIRPS Daily v2.0,Maharashtra,CHIRPS Rainfall
2020-10-21,2020-10-28,43.0,2020,P087,21.146765031143822,79.47473643960802,Nagpur,normal,statewide,1.5080264806747437,1,7,CHIRPS Daily v2.0,Maharashtra,CHIRPS Rainfall
2020-10-21,2020-10-28,43.0,2020,P088,21.347803602138427,78.61442869606356,Nagpur,normal,statewide,2.0444660022039898,1,7,CHIRPS Daily v2.0,Maharashtra,CHIRPS Rainfall
2020-10-21,2020-10-28,43.0,2020,P089,21.165377318940912,78.70615240473293,Nagpur,normal,statewide,1.915491727006156,1,7,CHIRPS Daily v2.0,Maharashtra,CHIRPS Rainfall
2020-10-21,2020-10-28,43.0,2020,P090,19.201968238592887,77.42470040309472,Nanded,normal,statewide,2.981123447418213,1,7,CHIRPS Daily v2.0,Maharashtra,CHIRPS Rainfall
2020-10-21,2020-10-28,43.0,2020,P091,18.566038000956755,77.69963965584807,Nanded,normal,statewide,1.4449084997177124,1,7,CHIRPS Daily v2.0,Maharashtra,CHIRPS Rainfall
2020-10-21,2020-10-28,43.0,2020,P092,19.736596618496833,77.90946265591798,Nanded,normal,statewide,2.192065954208374,1,7,CHIRPS Daily v2.0,Maharashtra,CHIRPS Rainfall
2020-10-21,2020-10-28,43.0,2020,P093,18.93564842817583,77.04115528508362,Nanded,normal,statewide,1.7795039899647236,1,7,CHIRPS Daily v2.0,Maharashtra,CHIRPS Rainfall
2020-10-21,2020-10-28,43.0,2020,P094,21.564917232430716,74.08292967791392,Nandurbar,normal,statewide,0.034990739077329636,1,7,CHIRPS Daily v2.0,Maharashtra,CHIRPS Rainfall
2020-10-21,2020-10-28,43.0,2020,P095,21.5662594218478,74.37266422796263,Nandurbar,normal,statewide,0.047227665316313505,1,7,CHIRPS Daily v2.0,Maharashtra,CHIRPS Rainfall
2020-10-21,2020-10-28,43.0,2020,P096,21.385179787168415,74.27697637845674,Nandurbar,normal,statewide,0.004295852966606617,1,7,CHIRPS Daily v2.0,Maharashtra,CHIRPS Rainfall
2020-10-21,2020-10-28,43.0,2020,P097,21.565421110849755,74.17950488852946,Nandurbar,normal,statewide,0.0307248393073678,1,7,CHIRPS Daily v2.0,Maharashtra,CHIRPS Rainfall
2020-10-21,2020-10-28,43.0,2020,P098,20.299553667393326,73.99482675929994,Nashik,normal,statewide,15.24982738494873,1,7,CHIRPS Daily v2.0,Maharashtra,CHIRPS Rainfall
2020-10-21,2020-10-28,43.0,2020,P099,20.120253214034264,74.28296495117151,Nashik,normal,statewide,17.625292919576168,1,7,CHIRPS Daily v2.0,Maharashtra,CHIRPS Rainfall
2020-10-21,2020-10-28,43.0,2020,P100,20.389903972938242,73.99424261706194,Nashik,normal,statewide,0.0,1,7,CHIRPS Daily v2.0,Maharashtra,CHIRPS Rainfall
2020-10-21,2020-10-28,43.0,2020,P101,20.029015547379707,74.09216447619562,Nashik,normal,statewide,21.52909241989255,1,7,CHIRPS Daily v2.0,Maharashtra,CHIRPS Rainfall
2020-10-21,2020-10-28,43.0,2020,P102,17.85749130266526,76.36802722645965,Osmanabad,normal,statewide,3.2174020409584045,1,7,CHIRPS Daily v2.0,Maharashtra,CHIRPS Rainfall
2020-10-21,2020-10-28,43.0,2020,P103,17.76644983645705,76.46164605307673,Osmanabad,normal,statewide,4.81942093372345,1,7,CHIRPS Daily v2.0,Maharashtra,CHIRPS Rainfall
2020-10-21,2020-10-28,43.0,2020,P104,17.949094615606196,76.17989775301476,Osmanabad,normal,statewide,3.7296714186668396,1,7,CHIRPS Daily v2.0,Maharashtra,CHIRPS Rainfall
2020-10-21,2020-10-28,43.0,2020,P105,18.584360447185368,75.61558067829696,Osmanabad,normal,statewide,13.385863870382309,1,7,CHIRPS Daily v2.0,Maharashtra,CHIRPS Rainfall
2020-10-21,2020-10-28,43.0,2020,P106,19.031389786894366,76.47235681380711,Parbhani,normal,statewide,2.356021750718355,1,7,CHIRPS Daily v2.0,Maharashtra,CHIRPS Rainfall
2020-10-21,2020-10-28,43.0,2020,P107,19.120950831552832,76.56820519095093,Parbhani,normal,statewide,9.729216573759913,1,7,CHIRPS Daily v2.0,Maharashtra,CHIRPS Rainfall
2020-10-21,2020-10-28,43.0,2020,P108,19.208625676465683,76.85432786914635,Parbhani,normal,statewide,8.99022388458252,1,7,CHIRPS Daily v2.0,Maharashtra,CHIRPS Rainfall
2020-10-21,2020-10-28,43.0,2020,P109,19.212081479782103,76.47396209018636,Parbhani,normal,statewide,2.9771130227018148,1,7,CHIRPS Daily v2.0,Maharashtra,CHIRPS Rainfall
2020-10-21,2020-10-28,43.0,2020,P110,18.133442771357757,75.04679558432363,Pune,normal,statewide,4.975541949272156,1,7,CHIRPS Daily v2.0,Maharashtra,CHIRPS Rainfall
2020-10-21,2020-10-28,43.0,2020,P111,18.584645829652782,74.47919215212944,Pune,normal,statewide,2.3044585585594177,1,7,CHIRPS Daily v2.0,Maharashtra,CHIRPS Rainfall
2020-10-21,2020-10-28,43.0,2020,P112,18.132979024848197,74.57507620208169,Pune,normal,statewide,2.9997440576553345,1,7,CHIRPS Daily v2.0,Maharashtra,CHIRPS Rainfall
2020-10-21,2020-10-28,43.0,2020,P113,18.314072036830744,74.76389683618987,Pune,normal,statewide,2.95988392829895,1,7,CHIRPS Daily v2.0,Maharashtra,CHIRPS Rainfall
2020-10-21,2020-10-28,43.0,2020,P114,18.48503397121986,73.0589238755964,Raigarh,normal,statewide,53.383266031742096,1,7,CHIRPS Daily v2.0,Maharashtra,CHIRPS Rainfall
2020-10-21,2020-10-28,43.0,2020,P115,18.665689991299164,73.05687714821288,Raigarh,normal,statewide,38.90487080812454,1,7,CHIRPS Daily v2.0,Maharashtra,CHIRPS Rainfall
2020-10-21,2020-10-28,43.0,2020,P116,18.306197264370358,73.25009891506079,Raigarh,normal,statewide,59.30472981929779,1,7,CHIRPS Daily v2.0,Maharashtra,CHIRPS Rainfall
2020-10-21,2020-10-28,43.0,2020,P117,18.21404102289879,73.06194714611064,Raigarh,normal,statewide,37.47356599569321,1,7,CHIRPS Daily v2.0,Maharashtra,CHIRPS Rainfall
2020-10-21,2020-10-28,43.0,2020,P118,17.138719885658215,75.42259970290594,Sangli,normal,statewide,3.4114036560058594,1,7,CHIRPS Daily v2.0,Maharashtra,CHIRPS Rainfall
2020-10-21,2020-10-28,43.0,2020,P119,17.048761981005992,74.95348443567921,Sangli,normal,statewide,3.590988874435425,1,7,CHIRPS Daily v2.0,Maharashtra,CHIRPS Rainfall
2020-10-21,2020-10-28,43.0,2020,P120,16.86707144948229,74.39025538161847,Sangli,normal,statewide,6.893109560012817,1,7,CHIRPS Daily v2.0,Maharashtra,CHIRPS Rainfall
2020-10-21,2020-10-28,43.0,2020,P121,17.048503353144895,74.67157114887826,Sangli,normal,statewide,13.838918685913086,1,7,CHIRPS Daily v2.0,Maharashtra,CHIRPS Rainfall
2020-10-21,2020-10-28,43.0,2020,P148,17.67852974098626,76.08383979812143,Solapur,normal,statewide,3.629141926765442,1,7,CHIRPS Daily v2.0,Maharashtra,CHIRPS Rainfall
2020-10-21,2020-10-28,43.0,2020,P149,18.223365003201543,75.4251413905064,Solapur,normal,statewide,3.168810248374939,1,7,CHIRPS Daily v2.0,Maharashtra,CHIRPS Rainfall
2020-10-21,2020-10-28,43.0,2020,P150,17.952532582518405,75.23562067753285,Solapur,normal,statewide,6.023439884185791,1,7,CHIRPS Daily v2.0,Maharashtra,CHIRPS Rainfall
2020-10-21,2020-10-28,43.0,2020,P151,18.223690517578447,75.23598186471818,Solapur,normal,statewide,2.777772843837738,1,7,CHIRPS Daily v2.0,Maharashtra,CHIRPS Rainfall
2020-10-21,2020-10-28,43.0,2020,P152,19.658178867370932,72.94986318203122,Thane,normal,statewide,36.064673490822315,1,7,CHIRPS Daily v2.0,Maharashtra,CHIRPS Rainfall
2020-10-21,2020-10-28,43.0,2020,P153,19.65706409210757,72.8545320606096,Thane,normal,statewide,35.19397721067071,1,7,CHIRPS Daily v2.0,Maharashtra,CHIRPS Rainfall
2020-10-21,2020-10-28,43.0,2020,P154,19.477549601897948,72.95214624177059,Thane,normal,statewide,32.91663705930114,1,7,CHIRPS Daily v2.0,Maharashtra,CHIRPS Rainfall
2020-10-21,2020-10-28,43.0,2020,P155,19.83987385799569,73.0429959666335,Thane,normal,statewide,27.920226799789816,1,7,CHIRPS Daily v2.0,Maharashtra,CHIRPS Rainfall
2020-10-21,2020-10-28,43.0,2020,P156,20.806749657616468,78.60135461177485,Wardha,normal,statewide,1.6503827571868896,1,7,CHIRPS Daily v2.0,Maharashtra,CHIRPS Rainfall
2020-10-21,2020-10-28,43.0,2020,P157,20.71031267913359,78.88671032458906,Wardha,normal,statewide,1.75882887840271,1,7,CHIRPS Daily v2.0,Maharashtra,CHIRPS Rainfall
2020-10-21,2020-10-28,43.0,2020,P158,21.081265295769754,78.41565980750515,Wardha,normal,statewide,3.4582051955512725,1,7,CHIRPS Daily v2.0,Maharashtra,CHIRPS Rainfall
2020-10-21,2020-10-28,43.0,2020,P159,20.439854822938944,78.87986114537097,Wardha,normal,statewide,3.3043510038551176,1,7,CHIRPS Daily v2.0,Maharashtra,CHIRPS Rainfall
2020-10-21,2020-10-28,43.0,2020,P160,20.289186257444058,77.15404188735265,Washim,normal,statewide,0.9911426130238397,1,7,CHIRPS Daily v2.0,Maharashtra,CHIRPS Rainfall
2020-10-21,2020-10-28,43.0,2020,P161,20.464607292886615,77.53975858757677,Washim,normal,statewide,1.0642242431640625,1,7,CHIRPS Daily v2.0,Maharashtra,CHIRPS Rainfall
2020-10-21,2020-10-28,43.0,2020,P162,20.107393166596125,77.2471479173486,Washim,normal,statewide,0.9754894460716059,1,7,CHIRPS Daily v2.0,Maharashtra,CHIRPS Rainfall
2020-10-21,2020-10-28,43.0,2020,P163,20.198885002010726,77.1527933390577,Washim,normal,statewide,1.0243447084812942,1,7,CHIRPS Daily v2.0,Maharashtra,CHIRPS Rainfall
2020-10-21,2020-10-28,43.0,2020,P164,20.182854533723592,78.20447678161395,Yavatmal,normal,statewide,1.1939350280517829,1,7,CHIRPS Daily v2.0,Maharashtra,CHIRPS Rainfall
2020-10-21,2020-10-28,43.0,2020,P165,19.894658373538324,79.05709703494229,Yavatmal,normal,statewide,1.2622462511062622,1,7,CHIRPS Daily v2.0,Maharashtra,CHIRPS Rainfall
2020-10-21,2020-10-28,43.0,2020,P166,19.468787468327925,77.71426550730338,Yavatmal,normal,statewide,2.6390888690948486,1,7,CHIRPS Daily v2.0,Maharashtra,CHIRPS Rainfall
2020-10-21,2020-10-28,43.0,2020,P167,19.559057510053886,77.71577268345945,Yavatmal,normal,statewide,2.3435616493225098,1,7,CHIRPS Daily v2.0,Maharashtra,CHIRPS Rainfall
2020-10-28,2020-11-04,44.0,2020,P147,17.927231643141155,73.94769852026607,Satara,case_study,case_study,2.170207031071186,1,7,CHIRPS Daily v2.0,Maharashtra,CHIRPS Rainfall
2020-10-28,2020-11-04,44.0,2020,P061,18.507855650411397,76.91766048140843,Latur,high,priority,5.767782363363949E-5,1,7,CHIRPS Daily v2.0,Maharashtra,CHIRPS Rainfall
2020-10-28,2020-11-04,44.0,2020,P062,18.422405896924207,76.3487594508077,Latur,high,priority,0.013502830781817465,1,7,CHIRPS Daily v2.0,Maharashtra,CHIRPS Rainfall
2020-10-28,2020-11-04,44.0,2020,P063,18.235391198742693,77.05646783810116,Latur,high,priority,1.0049203592643607E-4,1,7,CHIRPS Daily v2.0,Maharashtra,CHIRPS Rainfall
2020-10-28,2020-11-04,44.0,2020,P064,18.193056493341274,76.77240080549139,Latur,high,priority,9.158492503047455E-5,1,7,CHIRPS Daily v2.0,Maharashtra,CHIRPS Rainfall
2020-10-28,2020-11-04,44.0,2020,P065,18.331355512513895,76.44266811899327,Latur,high,priority,0.008769605514316936,1,7,CHIRPS Daily v2.0,Maharashtra,CHIRPS Rainfall
2020-10-28,2020-11-04,44.0,2020,P066,18.104739537876725,76.5352970251765,Latur,high,priority,0.005195588423703157,1,7,CHIRPS Daily v2.0,Maharashtra,CHIRPS Rainfall
2020-10-28,2020-11-04,44.0,2020,P067,18.280552974211986,77.0569984711265,Latur,high,priority,1.512117942183977E-4,1,7,CHIRPS Daily v2.0,Maharashtra,CHIRPS Rainfall
2020-10-28,2020-11-04,44.0,2020,P068,18.101823285787773,76.86595720469373,Latur,high,priority,4.360160710348282E-5,1,7,CHIRPS Daily v2.0,Maharashtra,CHIRPS Rainfall
2020-10-28,2020-11-04,44.0,2020,P069,18.595075667016793,77.20284228928156,Latur,high,priority,3.362965583164623E-5,1,7,CHIRPS Daily v2.0,Maharashtra,CHIRPS Rainfall
2020-10-28,2020-11-04,44.0,2020,P070,18.41499041187233,77.15322587185987,Latur,high,priority,9.88821830105735E-5,1,7,CHIRPS Daily v2.0,Maharashtra,CHIRPS Rainfall
2020-10-28,2020-11-04,44.0,2020,P071,18.149138807065885,76.63019561379593,Latur,high,priority,0.005368977197576896,1,7,CHIRPS Daily v2.0,Maharashtra,CHIRPS Rainfall
2020-10-28,2020-11-04,44.0,2020,P072,18.283393421583035,76.77331492120734,Latur,high,priority,1.0120884144271258E-4,1,7,CHIRPS Daily v2.0,Maharashtra,CHIRPS Rainfall
2020-10-28,2020-11-04,44.0,2020,P073,17.966315663874607,76.86453029235662,Latur,high,priority,3.579022268240806E-5,1,7,CHIRPS Daily v2.0,Maharashtra,CHIRPS Rainfall
2020-10-28,2020-11-04,44.0,2020,P074,18.50832831512306,76.870318205524,Latur,high,priority,5.1922497050327365E-5,1,7,CHIRPS Daily v2.0,Maharashtra,CHIRPS Rainfall
2020-10-28,2020-11-04,44.0,2020,P075,18.41444640154381,77.20053247493588,Latur,high,priority,8.699300269654486E-5,1,7,CHIRPS Daily v2.0,Maharashtra,CHIRPS Rainfall
2020-10-28,2020-11-04,44.0,2020,P076,18.377877313804504,76.25376722106614,Latur,high,priority,0.016504205726050714,1,7,CHIRPS Daily v2.0,Maharashtra,CHIRPS Rainfall
2020-10-28,2020-11-04,44.0,2020,P077,18.059564385104267,76.5349046242838,Latur,high,priority,0.0052028282298124395,1,7,CHIRPS Daily v2.0,Maharashtra,CHIRPS Rainfall
2020-10-28,2020-11-04,44.0,2020,P078,18.1008824154655,76.96042326051098,Latur,high,priority,5.3989680054655764E-5,1,7,CHIRPS Daily v2.0,Maharashtra,CHIRPS Rainfall
2020-10-28,2020-11-04,44.0,2020,P079,18.73508698099394,76.77797468180819,Latur,high,priority,1.888218378098827E-5,1,7,CHIRPS Daily v2.0,Maharashtra,CHIRPS Rainfall
2020-10-28,2020-11-04,44.0,2020,P080,18.46791548227568,76.3017694439065,Latur,high,priority,0.013044390355616997,1,7,CHIRPS Daily v2.0,Maharashtra,CHIRPS Rainfall
2020-10-28,2020-11-04,44.0,2020,P081,18.10355787609756,76.67701617485712,Latur,high,priority,0.004000217077191337,1,7,CHIRPS Daily v2.0,Maharashtra,CHIRPS Rainfall
2020-10-28,2020-11-04,44.0,2020,P082,18.23907887531389,76.67830931416262,Latur,high,priority,0.0020892233715130715,1,7,CHIRPS Daily v2.0,Maharashtra,CHIRPS Rainfall
2020-10-28,2020-11-04,44.0,2020,P083,18.369289085175563,77.19996171000103,Latur,high,priority,1.2297883949941024E-4,1,7,CHIRPS Daily v2.0,Maharashtra,CHIRPS Rainfall
2020-10-28,2020-11-04,44.0,2020,P084,18.46362582706226,76.82249880582684,Latur,high,priority,4.7903313316055574E-5,1,7,CHIRPS Daily v2.0,Maharashtra,CHIRPS Rainfall
2020-10-28,2020-11-04,44.0,2020,P085,18.14788579966987,76.77194597718393,Latur,high,priority,9.955207315215375E-5,1,7,CHIRPS Daily v2.0,Maharashtra,CHIRPS Rainfall
2020-10-28,2020-11-04,44.0,2020,P122,17.88145897082753,73.8441448165019,Satara,high,priority,3.3404660844244063,1,7,CHIRPS Daily v2.0,Maharashtra,CHIRPS Rainfall
2020-10-28,2020-11-04,44.0,2020,P123,17.386414030975025,74.27088970551878,Satara,high,priority,5.4397833570837975,1,7,CHIRPS Daily v2.0,Maharashtra,CHIRPS Rainfall
2020-10-28,2020-11-04,44.0,2020,P124,17.43262815429294,74.647353771057,Satara,high,priority,5.8939143642783165,1,7,CHIRPS Daily v2.0,Maharashtra,CHIRPS Rainfall
2020-10-28,2020-11-04,44.0,2020,P125,17.56734651531964,74.31728219287884,Satara,high,priority,3.823246404528618,1,7,CHIRPS Daily v2.0,Maharashtra,CHIRPS Rainfall
2020-10-28,2020-11-04,44.0,2020,P126,17.205080227535593,74.13053949986157,Satara,high,priority,5.609767141751945,1,7,CHIRPS Daily v2.0,Maharashtra,CHIRPS Rainfall
2020-10-28,2020-11-04,44.0,2020,P127,17.65773249367299,74.31694330119876,Satara,high,priority,3.9630287811160088,1,7,CHIRPS Daily v2.0,Maharashtra,CHIRPS Rainfall
2020-10-28,2020-11-04,44.0,2020,P128,18.019949731345452,74.5517328080669,Satara,high,priority,0.4645174741744995,1,7,CHIRPS Daily v2.0,Maharashtra,CHIRPS Rainfall
2020-10-28,2020-11-04,44.0,2020,P129,18.063234225271252,74.03192648006461,Satara,high,priority,0.8011470073834062,1,7,CHIRPS Daily v2.0,Maharashtra,CHIRPS Rainfall
2020-10-28,2020-11-04,44.0,2020,P130,17.61135784271715,74.03436560834085,Satara,high,priority,0.7968597542494535,1,7,CHIRPS Daily v2.0,Maharashtra,CHIRPS Rainfall
2020-10-28,2020-11-04,44.0,2020,P131,17.612539504496315,74.3171127470388,Satara,high,priority,4.07864485681057,1,7,CHIRPS Daily v2.0,Maharashtra,CHIRPS Rainfall
2020-10-28,2020-11-04,44.0,2020,P132,17.702176353872684,74.12817617630324,Satara,high,priority,3.78615340590477,1,7,CHIRPS Daily v2.0,Maharashtra,CHIRPS Rainfall
2020-10-28,2020-11-04,44.0,2020,P133,17.25006363896275,74.08329532420031,Satara,high,priority,5.523179112467915,1,7,CHIRPS Daily v2.0,Maharashtra,CHIRPS Rainfall
2020-10-28,2020-11-04,44.0,2020,P134,17.476429903940936,74.17634784498362,Satara,high,priority,3.5713668670505285,1,7,CHIRPS Daily v2.0,Maharashtra,CHIRPS Rainfall
2020-10-28,2020-11-04,44.0,2020,P135,17.882716437324603,74.0801070669471,Satara,high,priority,0.7293562609702349,1,7,CHIRPS Daily v2.0,Maharashtra,CHIRPS Rainfall
2020-10-28,2020-11-04,44.0,2020,P136,17.928520323345598,74.22149178404871,Satara,high,priority,0.7423498164862394,1,7,CHIRPS Daily v2.0,Maharashtra,CHIRPS Rainfall
2020-10-28,2020-11-04,44.0,2020,P137,17.746687100588183,73.98648378122894,Satara,high,priority,3.450972552411258,1,7,CHIRPS Daily v2.0,Maharashtra,CHIRPS Rainfall
2020-10-28,2020-11-04,44.0,2020,P138,17.61269557303319,74.36423652697161,Satara,high,priority,4.101282205432653,1,7,CHIRPS Daily v2.0,Maharashtra,CHIRPS Rainfall
2020-10-28,2020-11-04,44.0,2020,P139,17.656773786946495,74.08126197411994,Satara,high,priority,3.9696687143296003,1,7,CHIRPS Daily v2.0,Maharashtra,CHIRPS Rainfall
2020-10-28,2020-11-04,44.0,2020,P140,17.97464080554139,74.50462240543725,Satara,high,priority,0.5170024149119854,1,7,CHIRPS Daily v2.0,Maharashtra,CHIRPS Rainfall
2020-10-28,2020-11-04,44.0,2020,P141,17.430826677467348,74.08239904488856,Satara,high,priority,3.7818694319576025,1,7,CHIRPS Daily v2.0,Maharashtra,CHIRPS Rainfall
2020-10-28,2020-11-04,44.0,2020,P142,18.064447100757786,74.31538707493111,Satara,high,priority,0.6181543748825788,1,7,CHIRPS Daily v2.0,Maharashtra,CHIRPS Rainfall
2020-10-28,2020-11-04,44.0,2020,P143,17.70379500755509,74.6468275971327,Satara,high,priority,6.044522628188133,1,7,CHIRPS Daily v2.0,Maharashtra,CHIRPS Rainfall
2020-10-28,2020-11-04,44.0,2020,P144,17.929452275465767,74.50474726026674,Satara,high,priority,3.3613049127161503,1,7,CHIRPS Daily v2.0,Maharashtra,CHIRPS Rainfall
2020-10-28,2020-11-04,44.0,2020,P145,17.47773196144854,74.60017202281048,Satara,high,priority,0.6961009874939919,1,7,CHIRPS Daily v2.0,Maharashtra,CHIRPS Rainfall
2020-10-28,2020-11-04,44.0,2020,P146,17.839182233739812,74.55218763637436,Satara,high,priority,0.9539899230003357,1,7,CHIRPS Daily v2.0,Maharashtra,CHIRPS Rainfall
2020-10-28,2020-11-04,44.0,2020,P001,19.940457800458272,74.57045211428928,Ahmednagar,normal,statewide,2.5725840404629707,1,7,CHIRPS Daily v2.0,Maharashtra,CHIRPS Rainfall
2020-10-28,2020-11-04,44.0,2020,P002,18.946729294293643,74.76302285238339,Ahmednagar,normal,statewide,0.08903901901021527,1,7,CHIRPS Daily v2.0,Maharashtra,CHIRPS Rainfall
2020-10-28,2020-11-04,44.0,2020,P003,18.49469238410162,74.66892244285252,Ahmednagar,normal,statewide,0.2850085369009321,1,7,CHIRPS Daily v2.0,Maharashtra,CHIRPS Rainfall
2020-10-28,2020-11-04,44.0,2020,P004,19.03720445466806,75.1420731965326,Ahmednagar,normal,statewide,2.2516353945511582,1,7,CHIRPS Daily v2.0,Maharashtra,CHIRPS Rainfall
2020-10-28,2020-11-04,44.0,2020,P005,20.832153156317954,77.06560453615967,Akola,normal,statewide,5.687895566097723E-6,1,7,CHIRPS Daily v2.0,Maharashtra,CHIRPS Rainfall
2020-10-28,2020-11-04,44.0,2020,P006,20.834360411339407,76.87349308547405,Akola,normal,statewide,6.047177407708659E-6,1,7,CHIRPS Daily v2.0,Maharashtra,CHIRPS Rainfall
2020-10-28,2020-11-04,44.0,2020,P007,21.014976299509232,76.87574047240498,Akola,normal,statewide,4.8970405259751715E-6,1,7,CHIRPS Daily v2.0,Maharashtra,CHIRPS Rainfall
2020-10-28,2020-11-04,44.0,2020,P008,20.828434266039377,77.35372489162701,Akola,normal,statewide,5.6269661570240714E-6,1,7,CHIRPS Daily v2.0,Maharashtra,CHIRPS Rainfall
2020-10-28,2020-11-04,44.0,2020,P009,21.360971327549258,77.94039543992572,Amravati,normal,statewide,0.0,1,7,CHIRPS Daily v2.0,Maharashtra,CHIRPS Rainfall
2020-10-28,2020-11-04,44.0,2020,P010,21.178803672212837,78.03301542790685,Amravati,normal,statewide,3.5186130844522268E-6,1,7,CHIRPS Daily v2.0,Maharashtra,CHIRPS Rainfall
2020-10-28,2020-11-04,44.0,2020,P011,20.814388097721018,78.21764450702477,Amravati,normal,statewide,1.3045860555394029E-5,1,7,CHIRPS Daily v2.0,Maharashtra,CHIRPS Rainfall
2020-10-28,2020-11-04,44.0,2020,P012,21.180502589714195,77.93681032267875,Amravati,normal,statewide,5.177426828595344E-6,1,7,CHIRPS Daily v2.0,Maharashtra,CHIRPS Rainfall
2020-10-28,2020-11-04,44.0,2020,P013,20.031289688916964,74.8570519162974,Aurangabad,normal,statewide,2.6081202030181885,1,7,CHIRPS Daily v2.0,Maharashtra,CHIRPS Rainfall
2020-10-28,2020-11-04,44.0,2020,P014,19.760185263069562,75.14270192978114,Aurangabad,normal,statewide,0.0,1,7,CHIRPS Daily v2.0,Maharashtra,CHIRPS Rainfall
2020-10-28,2020-11-04,44.0,2020,P015,19.9408189876436,74.76157364454102,Aurangabad,normal,statewide,0.12613881582910835,1,7,CHIRPS Daily v2.0,Maharashtra,CHIRPS Rainfall
2020-10-28,2020-11-04,44.0,2020,P016,19.66981712112043,75.14262166596218,Aurangabad,normal,statewide,0.0,1,7,CHIRPS Daily v2.0,Maharashtra,CHIRPS Rainfall
2020-10-28,2020-11-04,44.0,2020,P017,21.04613203856966,79.85576216552393,Bhandara,normal,statewide,0.059185984544456005,1,7,CHIRPS Daily v2.0,Maharashtra,CHIRPS Rainfall
2020-10-28,2020-11-04,44.0,2020,P018,21.31897105472685,79.76852877161537,Bhandara,normal,statewide,0.0,1,7,CHIRPS Daily v2.0,Maharashtra,CHIRPS Rainfall
2020-10-28,2020-11-04,44.0,2020,P019,21.40900922319803,79.77144948280537,Bhandara,normal,statewide,0.0,1,7,CHIRPS Daily v2.0,Maharashtra,CHIRPS Rainfall
2020-10-28,2020-11-04,44.0,2020,P020,21.144196588937042,79.57074980349083,Bhandara,normal,statewide,0.0654839500784874,1,7,CHIRPS Daily v2.0,Maharashtra,CHIRPS Rainfall
2020-10-28,2020-11-04,44.0,2020,P021,18.67502288980403,75.52108340877234,Bid,normal,statewide,0.05768865719437599,1,7,CHIRPS Daily v2.0,Maharashtra,CHIRPS Rainfall
2020-10-28,2020-11-04,44.0,2020,P022,18.856499384477168,75.04699178476999,Bid,normal,statewide,0.027992420615873925,1,7,CHIRPS Daily v2.0,Maharashtra,CHIRPS Rainfall
2020-10-28,2020-11-04,44.0,2020,P023,19.126596053486494,75.6175605191647,Bid,normal,statewide,3.223929637395514,1,7,CHIRPS Daily v2.0,Maharashtra,CHIRPS Rainfall
2020-10-28,2020-11-04,44.0,2020,P024,18.763955201213946,75.90084720909012,Bid,normal,statewide,0.01792522532696239,1,7,CHIRPS Daily v2.0,Maharashtra,CHIRPS Rainfall
2020-10-28,2020-11-04,44.0,2020,P025,20.93073496240753,76.20164478885242,Buldana,normal,statewide,2.4716199728264314,1,7,CHIRPS Daily v2.0,Maharashtra,CHIRPS Rainfall
2020-10-28,2020-11-04,44.0,2020,P026,20.838939908121294,76.39311412898633,Buldana,normal,statewide,8.85306349118764E-6,1,7,CHIRPS Daily v2.0,Maharashtra,CHIRPS Rainfall
2020-10-28,2020-11-04,44.0,2020,P027,20.657476790751314,76.48742857536776,Buldana,normal,statewide,1.4045441616872267E-5,1,7,CHIRPS Daily v2.0,Maharashtra,CHIRPS Rainfall
2020-10-28,2020-11-04,44.0,2020,P028,20.47967013624516,76.10222021266374,Buldana,normal,statewide,4.172820292774418,1,7,CHIRPS Daily v2.0,Maharashtra,CHIRPS Rainfall
2020-10-28,2020-11-04,44.0,2020,P029,20.32317798477448,79.92829390325927,Chandrapur,normal,statewide,0.7964026741683483,1,7,CHIRPS Daily v2.0,Maharashtra,CHIRPS Rainfall
2020-10-28,2020-11-04,44.0,2020,P030,20.60872097983294,79.36304041732026,Chandrapur,normal,statewide,1.2233490645885468,1,7,CHIRPS Daily v2.0,Maharashtra,CHIRPS Rainfall
2020-10-28,2020-11-04,44.0,2020,P031,20.511160307884595,79.64732594588165,Chandrapur,normal,statewide,1.4311237409710884,1,7,CHIRPS Daily v2.0,Maharashtra,CHIRPS Rainfall
2020-10-28,2020-11-04,44.0,2020,P032,20.598621115946884,79.74569817422172,Chandrapur,normal,statewide,1.2668377831578255,1,7,CHIRPS Daily v2.0,Maharashtra,CHIRPS Rainfall
2020-10-28,2020-11-04,44.0,2020,P033,21.38667804512237,75.14422248324037,Dhule,normal,statewide,1.7796272039413452,1,7,CHIRPS Daily v2.0,Maharashtra,CHIRPS Rainfall
2020-10-28,2020-11-04,44.0,2020,P034,21.025151968113196,74.75989256344387,Dhule,normal,statewide,0.13128343224525452,1,7,CHIRPS Daily v2.0,Maharashtra,CHIRPS Rainfall
2020-10-28,2020-11-04,44.0,2020,P035,21.477028350667293,74.85568743137505,Dhule,normal,statewide,3.0290539264678955,1,7,CHIRPS Daily v2.0,Maharashtra,CHIRPS Rainfall
2020-10-28,2020-11-04,44.0,2020,P036,20.933820660336515,74.37533522949364,Dhule,normal,statewide,1.1711864927237912,1,7,CHIRPS Daily v2.0,Maharashtra,CHIRPS Rainfall
2020-10-28,2020-11-04,44.0,2020,P037,19.963056524597132,79.91698116388667,Garhchiroli,normal,statewide,1.3123368173837662,1,7,CHIRPS Daily v2.0,Maharashtra,CHIRPS Rainfall
2020-10-28,2020-11-04,44.0,2020,P038,19.062661462582188,79.88977172925856,Garhchiroli,normal,statewide,5.173374772071838,1,7,CHIRPS Daily v2.0,Maharashtra,CHIRPS Rainfall
2020-10-28,2020-11-04,44.0,2020,P039,19.510270485428137,79.9981368030594,Garhchiroli,normal,statewide,2.805046796798706,1,7,CHIRPS Daily v2.0,Maharashtra,CHIRPS Rainfall
2020-10-28,2020-11-04,44.0,2020,P040,19.870365190999156,80.00935144220881,Garhchiroli,normal,statewide,5.73552280664444,1,7,CHIRPS Daily v2.0,Maharashtra,CHIRPS Rainfall
2020-10-28,2020-11-04,44.0,2020,P041,21.127639946725598,80.1465044724107,Gondiya,normal,statewide,0.028574904426932335,1,7,CHIRPS Daily v2.0,Maharashtra,CHIRPS Rainfall
2020-10-28,2020-11-04,44.0,2020,P042,21.397598383602258,80.15591763473452,Gondiya,normal,statewide,0.0,1,7,CHIRPS Daily v2.0,Maharashtra,CHIRPS Rainfall
2020-10-28,2020-11-04,44.0,2020,P043,21.574548890706154,80.25847249986273,Gondiya,normal,statewide,3.0517630875110626,1,7,CHIRPS Daily v2.0,Maharashtra,CHIRPS Rainfall
2020-10-28,2020-11-04,44.0,2020,P044,21.211649410572516,80.34153217518526,Gondiya,normal,statewide,0.030924437567591667,1,7,CHIRPS Daily v2.0,Maharashtra,CHIRPS Rainfall
2020-10-28,2020-11-04,44.0,2020,P045,19.655900266732623,77.2407892392464,Hingoli,normal,statewide,9.286294812227425E-6,1,7,CHIRPS Daily v2.0,Maharashtra,CHIRPS Rainfall
2020-10-28,2020-11-04,44.0,2020,P046,19.566758377573187,77.1442675378435,Hingoli,normal,statewide,2.7127721295983065E-5,1,7,CHIRPS Daily v2.0,Maharashtra,CHIRPS Rainfall
2020-10-28,2020-11-04,44.0,2020,P047,19.47860194974656,76.9526242927685,Hingoli,normal,statewide,8.059392621362349E-5,1,7,CHIRPS Daily v2.0,Maharashtra,CHIRPS Rainfall
2020-10-28,2020-11-04,44.0,2020,P048,19.927981235710728,77.14910120338544,Hingoli,normal,statewide,4.347205195789343,1,7,CHIRPS Daily v2.0,Maharashtra,CHIRPS Rainfall
2020-10-28,2020-11-04,44.0,2020,P049,21.292738163229433,76.10816865346904,Jalgaon,normal,statewide,0.02422778494656086,1,7,CHIRPS Daily v2.0,Maharashtra,CHIRPS Rainfall
2020-10-28,2020-11-04,44.0,2020,P050,21.386178625804387,75.43363151891216,Jalgaon,normal,statewide,0.0,1,7,CHIRPS Daily v2.0,Maharashtra,CHIRPS Rainfall
2020-10-28,2020-11-04,44.0,2020,P051,21.112064306745907,76.10682200495089,Jalgaon,normal,statewide,2.9290809834492393E-5,1,7,CHIRPS Daily v2.0,Maharashtra,CHIRPS Rainfall
2020-10-28,2020-11-04,44.0,2020,P052,20.844437979720194,75.23982115072519,Jalgaon,normal,statewide,0.9328941106796265,1,7,CHIRPS Daily v2.0,Maharashtra,CHIRPS Rainfall
2020-10-28,2020-11-04,44.0,2020,P053,19.486369703781666,76.00005328932718,Jalna,normal,statewide,2.6310036822978873,1,7,CHIRPS Daily v2.0,Maharashtra,CHIRPS Rainfall
2020-10-28,2020-11-04,44.0,2020,P054,20.028502750758555,76.00343774702675,Jalna,normal,statewide,2.750440717136371E-5,1,7,CHIRPS Daily v2.0,Maharashtra,CHIRPS Rainfall
2020-10-28,2020-11-04,44.0,2020,P055,19.75743845682064,76.00172991132328,Jalna,normal,statewide,2.7477145067678066E-5,1,7,CHIRPS Daily v2.0,Maharashtra,CHIRPS Rainfall
2020-10-28,2020-11-04,44.0,2020,P056,19.57768317515413,75.80993951591351,Jalna,normal,statewide,7.02919060131535E-5,1,7,CHIRPS Daily v2.0,Maharashtra,CHIRPS Rainfall
2020-10-28,2020-11-04,44.0,2020,P057,16.776377793156257,74.29671235971928,Kolhapur,normal,statewide,6.237096481025219,1,7,CHIRPS Daily v2.0,Maharashtra,CHIRPS Rainfall
2020-10-28,2020-11-04,44.0,2020,P058,16.324416687682138,74.29834884980589,Kolhapur,normal,statewide,6.505563952028751,1,7,CHIRPS Daily v2.0,Maharashtra,CHIRPS Rainfall
2020-10-28,2020-11-04,44.0,2020,P059,16.595891218916975,74.39111598812178,Kolhapur,normal,statewide,4.550769671797752,1,7,CHIRPS Daily v2.0,Maharashtra,CHIRPS Rainfall
2020-10-28,2020-11-04,44.0,2020,P060,16.414811584237594,74.29802779453004,Kolhapur,normal,statewide,6.212692949920893,1,7,CHIRPS Daily v2.0,Maharashtra,CHIRPS Rainfall
2020-10-28,2020-11-04,44.0,2020,P086,21.054127206758487,79.56798961993874,Nagpur,normal,statewide,0.096083864569664,1,7,CHIRPS Daily v2.0,Maharashtra,CHIRPS Rainfall
2020-10-28,2020-11-04,44.0,2020,P087,21.146765031143822,79.47473643960802,Nagpur,normal,statewide,0.07369216531515121,1,7,CHIRPS Daily v2.0,Maharashtra,CHIRPS Rainfall
2020-10-28,2020-11-04,44.0,2020,P088,21.347803602138427,78.61442869606356,Nagpur,normal,statewide,0.0,1,7,CHIRPS Daily v2.0,Maharashtra,CHIRPS Rainfall
2020-10-28,2020-11-04,44.0,2020,P089,21.165377318940912,78.70615240473293,Nagpur,normal,statewide,1.9904306100215763E-5,1,7,CHIRPS Daily v2.0,Maharashtra,CHIRPS Rainfall
2020-10-28,2020-11-04,44.0,2020,P090,19.201968238592887,77.42470040309472,Nanded,normal,statewide,3.358127381949089,1,7,CHIRPS Daily v2.0,Maharashtra,CHIRPS Rainfall
2020-10-28,2020-11-04,44.0,2020,P091,18.566038000956755,77.69963965584807,Nanded,normal,statewide,1.4388471186066454E-4,1,7,CHIRPS Daily v2.0,Maharashtra,CHIRPS Rainfall
2020-10-28,2020-11-04,44.0,2020,P092,19.736596618496833,77.90946265591798,Nanded,normal,statewide,2.3655035647607292E-5,1,7,CHIRPS Daily v2.0,Maharashtra,CHIRPS Rainfall
2020-10-28,2020-11-04,44.0,2020,P093,18.93564842817583,77.04115528508362,Nanded,normal,statewide,1.3017092442169087E-5,1,7,CHIRPS Daily v2.0,Maharashtra,CHIRPS Rainfall
2020-10-28,2020-11-04,44.0,2020,P094,21.564917232430716,74.08292967791392,Nandurbar,normal,statewide,1.7171893119812012,1,7,CHIRPS Daily v2.0,Maharashtra,CHIRPS Rainfall
2020-10-28,2020-11-04,44.0,2020,P095,21.5662594218478,74.37266422796263,Nandurbar,normal,statewide,2.1904714703559875,1,7,CHIRPS Daily v2.0,Maharashtra,CHIRPS Rainfall
2020-10-28,2020-11-04,44.0,2020,P096,21.385179787168415,74.27697637845674,Nandurbar,normal,statewide,2.0719740986824036,1,7,CHIRPS Daily v2.0,Maharashtra,CHIRPS Rainfall
2020-10-28,2020-11-04,44.0,2020,P097,21.565421110849755,74.17950488852946,Nandurbar,normal,statewide,1.8472545742988586,1,7,CHIRPS Daily v2.0,Maharashtra,CHIRPS Rainfall
2020-10-28,2020-11-04,44.0,2020,P098,20.299553667393326,73.99482675929994,Nashik,normal,statewide,2.9315882548689842,1,7,CHIRPS Daily v2.0,Maharashtra,CHIRPS Rainfall
2020-10-28,2020-11-04,44.0,2020,P099,20.120253214034264,74.28296495117151,Nashik,normal,statewide,3.8966021314263344,1,7,CHIRPS Daily v2.0,Maharashtra,CHIRPS Rainfall
2020-10-28,2020-11-04,44.0,2020,P100,20.389903972938242,73.99424261706194,Nashik,normal,statewide,2.767277440304099,1,7,CHIRPS Daily v2.0,Maharashtra,CHIRPS Rainfall
2020-10-28,2020-11-04,44.0,2020,P101,20.029015547379707,74.09216447619562,Nashik,normal,statewide,4.32384117692709,1,7,CHIRPS Daily v2.0,Maharashtra,CHIRPS Rainfall
2020-10-28,2020-11-04,44.0,2020,P102,17.85749130266526,76.36802722645965,Osmanabad,normal,statewide,0.013664230703284375,1,7,CHIRPS Daily v2.0,Maharashtra,CHIRPS Rainfall
2020-10-28,2020-11-04,44.0,2020,P103,17.76644983645705,76.46164605307673,Osmanabad,normal,statewide,0.013514142949134111,1,7,CHIRPS Daily v2.0,Maharashtra,CHIRPS Rainfall
2020-10-28,2020-11-04,44.0,2020,P104,17.949094615606196,76.17989775301476,Osmanabad,normal,statewide,0.04263334304141608,1,7,CHIRPS Daily v2.0,Maharashtra,CHIRPS Rainfall
2020-10-28,2020-11-04,44.0,2020,P105,18.584360447185368,75.61558067829696,Osmanabad,normal,statewide,2.6929979976266623,1,7,CHIRPS Daily v2.0,Maharashtra,CHIRPS Rainfall
2020-10-28,2020-11-04,44.0,2020,P106,19.031389786894366,76.47235681380711,Parbhani,normal,statewide,3.2002607176840456,1,7,CHIRPS Daily v2.0,Maharashtra,CHIRPS Rainfall
2020-10-28,2020-11-04,44.0,2020,P107,19.120950831552832,76.56820519095093,Parbhani,normal,statewide,3.418111092814911,1,7,CHIRPS Daily v2.0,Maharashtra,CHIRPS Rainfall
2020-10-28,2020-11-04,44.0,2020,P108,19.208625676465683,76.85432786914635,Parbhani,normal,statewide,3.2153805844309318,1,7,CHIRPS Daily v2.0,Maharashtra,CHIRPS Rainfall
2020-10-28,2020-11-04,44.0,2020,P109,19.212081479782103,76.47396209018636,Parbhani,normal,statewide,6.726072115270654E-6,1,7,CHIRPS Daily v2.0,Maharashtra,CHIRPS Rainfall
2020-10-28,2020-11-04,44.0,2020,P110,18.133442771357757,75.04679558432363,Pune,normal,statewide,0.3609987050294876,1,7,CHIRPS Daily v2.0,Maharashtra,CHIRPS Rainfall
2020-10-28,2020-11-04,44.0,2020,P111,18.584645829652782,74.47919215212944,Pune,normal,statewide,0.41837232610805586,1,7,CHIRPS Daily v2.0,Maharashtra,CHIRPS Rainfall
2020-10-28,2020-11-04,44.0,2020,P112,18.132979024848197,74.57507620208169,Pune,normal,statewide,0.47082479298114777,1,7,CHIRPS Daily v2.0,Maharashtra,CHIRPS Rainfall
2020-10-28,2020-11-04,44.0,2020,P113,18.314072036830744,74.76389683618987,Pune,normal,statewide,0.27373763680952834,1,7,CHIRPS Daily v2.0,Maharashtra,CHIRPS Rainfall
2020-10-28,2020-11-04,44.0,2020,P114,18.48503397121986,73.0589238755964,Raigarh,normal,statewide,1.8411231700883945,1,7,CHIRPS Daily v2.0,Maharashtra,CHIRPS Rainfall
2020-10-28,2020-11-04,44.0,2020,P115,18.665689991299164,73.05687714821288,Raigarh,normal,statewide,3.3576781064155057,1,7,CHIRPS Daily v2.0,Maharashtra,CHIRPS Rainfall
2020-10-28,2020-11-04,44.0,2020,P116,18.306197264370358,73.25009891506079,Raigarh,normal,statewide,1.8407913833689236,1,7,CHIRPS Daily v2.0,Maharashtra,CHIRPS Rainfall
2020-10-28,2020-11-04,44.0,2020,P117,18.21404102289879,73.06194714611064,Raigarh,normal,statewide,1.82435122969423,1,7,CHIRPS Daily v2.0,Maharashtra,CHIRPS Rainfall
2020-10-28,2020-11-04,44.0,2020,P118,17.138719885658215,75.42259970290594,Sangli,normal,statewide,0.3046650364995003,1,7,CHIRPS Daily v2.0,Maharashtra,CHIRPS Rainfall
2020-10-28,2020-11-04,44.0,2020,P119,17.048761981005992,74.95348443567921,Sangli,normal,statewide,0.3939843103289604,1,7,CHIRPS Daily v2.0,Maharashtra,CHIRPS Rainfall
2020-10-28,2020-11-04,44.0,2020,P120,16.86707144948229,74.39025538161847,Sangli,normal,statewide,1.107194535434246,1,7,CHIRPS Daily v2.0,Maharashtra,CHIRPS Rainfall
2020-10-28,2020-11-04,44.0,2020,P121,17.048503353144895,74.67157114887826,Sangli,normal,statewide,0.534134054556489,1,7,CHIRPS Daily v2.0,Maharashtra,CHIRPS Rainfall
2020-10-28,2020-11-04,44.0,2020,P148,17.67852974098626,76.08383979812143,Solapur,normal,statewide,0.08918147254735231,1,7,CHIRPS Daily v2.0,Maharashtra,CHIRPS Rainfall
2020-10-28,2020-11-04,44.0,2020,P149,18.223365003201543,75.4251413905064,Solapur,normal,statewide,3.759363560251586,1,7,CHIRPS Daily v2.0,Maharashtra,CHIRPS Rainfall
2020-10-28,2020-11-04,44.0,2020,P150,17.952532582518405,75.23562067753285,Solapur,normal,statewide,4.970425128936768,1,7,CHIRPS Daily v2.0,Maharashtra,CHIRPS Rainfall
2020-10-28,2020-11-04,44.0,2020,P151,18.223690517578447,75.23598186471818,Solapur,normal,statewide,2.6248011720063005,1,7,CHIRPS Daily v2.0,Maharashtra,CHIRPS Rainfall
2020-10-28,2020-11-04,44.0,2020,P152,19.658178867370932,72.94986318203122,Thane,normal,statewide,4.334623295813799,1,7,CHIRPS Daily v2.0,Maharashtra,CHIRPS Rainfall
2020-10-28,2020-11-04,44.0,2020,P153,19.65706409210757,72.8545320606096,Thane,normal,statewide,4.044676463119686,1,7,CHIRPS Daily v2.0,Maharashtra,CHIRPS Rainfall
2020-10-28,2020-11-04,44.0,2020,P154,19.477549601897948,72.95214624177059,Thane,normal,statewide,2.729949059896171,1,7,CHIRPS Daily v2.0,Maharashtra,CHIRPS Rainfall
2020-10-28,2020-11-04,44.0,2020,P155,19.83987385799569,73.0429959666335,Thane,normal,statewide,3.9270083010196686,1,7,CHIRPS Daily v2.0,Maharashtra,CHIRPS Rainfall
2020-10-28,2020-11-04,44.0,2020,P156,20.806749657616468,78.60135461177485,Wardha,normal,statewide,3.875717743540008E-5,1,7,CHIRPS Daily v2.0,Maharashtra,CHIRPS Rainfall
2020-10-28,2020-11-04,44.0,2020,P157,20.71031267913359,78.88671032458906,Wardha,normal,statewide,2.1176762675167993E-4,1,7,CHIRPS Daily v2.0,Maharashtra,CHIRPS Rainfall
2020-10-28,2020-11-04,44.0,2020,P158,21.081265295769754,78.41565980750515,Wardha,normal,statewide,1.846182203735225E-5,1,7,CHIRPS Daily v2.0,Maharashtra,CHIRPS Rainfall
2020-10-28,2020-11-04,44.0,2020,P159,20.439854822938944,78.87986114537097,Wardha,normal,statewide,8.958637990872376E-4,1,7,CHIRPS Daily v2.0,Maharashtra,CHIRPS Rainfall
2020-10-28,2020-11-04,44.0,2020,P160,20.289186257444058,77.15404188735265,Washim,normal,statewide,4.197805237469694,1,7,CHIRPS Daily v2.0,Maharashtra,CHIRPS Rainfall
2020-10-28,2020-11-04,44.0,2020,P161,20.464607292886615,77.53975858757677,Washim,normal,statewide,8.890624599189323E-6,1,7,CHIRPS Daily v2.0,Maharashtra,CHIRPS Rainfall
2020-10-28,2020-11-04,44.0,2020,P162,20.107393166596125,77.2471479173486,Washim,normal,statewide,4.530718728398142,1,7,CHIRPS Daily v2.0,Maharashtra,CHIRPS Rainfall
2020-10-28,2020-11-04,44.0,2020,P163,20.198885002010726,77.1527933390577,Washim,normal,statewide,4.683718137825963,1,7,CHIRPS Daily v2.0,Maharashtra,CHIRPS Rainfall
2020-10-28,2020-11-04,44.0,2020,P164,20.182854533723592,78.20447678161395,Yavatmal,normal,statewide,3.1718467022037657,1,7,CHIRPS Daily v2.0,Maharashtra,CHIRPS Rainfall
2020-10-28,2020-11-04,44.0,2020,P165,19.894658373538324,79.05709703494229,Yavatmal,normal,statewide,0.005265264306217432,1,7,CHIRPS Daily v2.0,Maharashtra,CHIRPS Rainfall
2020-10-28,2020-11-04,44.0,2020,P166,19.468787468327925,77.71426550730338,Yavatmal,normal,statewide,2.761997347988654E-5,1,7,CHIRPS Daily v2.0,Maharashtra,CHIRPS Rainfall
2020-10-28,2020-11-04,44.0,2020,P167,19.559057510053886,77.71577268345945,Yavatmal,normal,statewide,1.9913675714633428E-5,1,7,CHIRPS Daily v2.0,Maharashtra,CHIRPS Rainfall
2020-11-04,2020-11-11,45.0,2020,P147,17.927231643141155,73.94769852026607,Satara,case_study,case_study,0.0,1,7,CHIRPS Daily v2.0,Maharashtra,CHIRPS Rainfall
2020-11-04,2020-11-11,45.0,2020,P061,18.507855650411397,76.91766048140843,Latur,high,priority,6.147017955780029,1,7,CHIRPS Daily v2.0,Maharashtra,CHIRPS Rainfall
2020-11-04,2020-11-11,45.0,2020,P062,18.422405896924207,76.3487594508077,Latur,high,priority,9.888344764709473,1,7,CHIRPS Daily v2.0,Maharashtra,CHIRPS Rainfall
2020-11-04,2020-11-11,45.0,2020,P063,18.235391198742693,77.05646783810116,Latur,high,priority,6.367318868637085,1,7,CHIRPS Daily v2.0,Maharashtra,CHIRPS Rainfall
2020-11-04,2020-11-11,45.0,2020,P064,18.193056493341274,76.77240080549139,Latur,high,priority,3.112443685531616,1,7,CHIRPS Daily v2.0,Maharashtra,CHIRPS Rainfall
2020-11-04,2020-11-11,45.0,2020,P065,18.331355512513895,76.44266811899327,Latur,high,priority,5.27360987663269,1,7,CHIRPS Daily v2.0,Maharashtra,CHIRPS Rainfall
2020-11-04,2020-11-11,45.0,2020,P066,18.104739537876725,76.5352970251765,Latur,high,priority,2.560065746307373,1,7,CHIRPS Daily v2.0,Maharashtra,CHIRPS Rainfall
2020-11-04,2020-11-11,45.0,2020,P067,18.280552974211986,77.0569984711265,Latur,high,priority,6.460536241531372,1,7,CHIRPS Daily v2.0,Maharashtra,CHIRPS Rainfall
2020-11-04,2020-11-11,45.0,2020,P068,18.101823285787773,76.86595720469373,Latur,high,priority,3.4090020656585693,1,7,CHIRPS Daily v2.0,Maharashtra,CHIRPS Rainfall
2020-11-04,2020-11-11,45.0,2020,P069,18.595075667016793,77.20284228928156,Latur,high,priority,5.5172600746154785,1,7,CHIRPS Daily v2.0,Maharashtra,CHIRPS Rainfall
2020-11-04,2020-11-11,45.0,2020,P070,18.41499041187233,77.15322587185987,Latur,high,priority,10.901118755340576,1,7,CHIRPS Daily v2.0,Maharashtra,CHIRPS Rainfall
2020-11-04,2020-11-11,45.0,2020,P071,18.149138807065885,76.63019561379593,Latur,high,priority,2.6824657917022705,1,7,CHIRPS Daily v2.0,Maharashtra,CHIRPS Rainfall
2020-11-04,2020-11-11,45.0,2020,P072,18.283393421583035,76.77331492120734,Latur,high,priority,6.084205627441406,1,7,CHIRPS Daily v2.0,Maharashtra,CHIRPS Rainfall
2020-11-04,2020-11-11,45.0,2020,P073,17.966315663874607,76.86453029235662,Latur,high,priority,3.200807809829712,1,7,CHIRPS Daily v2.0,Maharashtra,CHIRPS Rainfall
2020-11-04,2020-11-11,45.0,2020,P074,18.50832831512306,76.870318205524,Latur,high,priority,3.820721387863159,1,7,CHIRPS Daily v2.0,Maharashtra,CHIRPS Rainfall
2020-11-04,2020-11-11,45.0,2020,P075,18.41444640154381,77.20053247493588,Latur,high,priority,10.688890933990479,1,7,CHIRPS Daily v2.0,Maharashtra,CHIRPS Rainfall
2020-11-04,2020-11-11,45.0,2020,P076,18.377877313804504,76.25376722106614,Latur,high,priority,9.387728214263916,1,7,CHIRPS Daily v2.0,Maharashtra,CHIRPS Rainfall
2020-11-04,2020-11-11,45.0,2020,P077,18.059564385104267,76.5349046242838,Latur,high,priority,0.0,1,7,CHIRPS Daily v2.0,Maharashtra,CHIRPS Rainfall
2020-11-04,2020-11-11,45.0,2020,P078,18.1008824154655,76.96042326051098,Latur,high,priority,3.504432201385498,1,7,CHIRPS Daily v2.0,Maharashtra,CHIRPS Rainfall
2020-11-04,2020-11-11,45.0,2020,P079,18.73508698099394,76.77797468180819,Latur,high,priority,3.754769802093506,1,7,CHIRPS Daily v2.0,Maharashtra,CHIRPS Rainfall
2020-11-04,2020-11-11,45.0,2020,P080,18.46791548227568,76.3017694439065,Latur,high,priority,6.037585258483887,1,7,CHIRPS Daily v2.0,Maharashtra,CHIRPS Rainfall
2020-11-04,2020-11-11,45.0,2020,P081,18.10355787609756,76.67701617485712,Latur,high,priority,2.7485015392303467,1,7,CHIRPS Daily v2.0,Maharashtra,CHIRPS Rainfall
2020-11-04,2020-11-11,45.0,2020,P082,18.23907887531389,76.67830931416262,Latur,high,priority,5.246708154678345,1,7,CHIRPS Daily v2.0,Maharashtra,CHIRPS Rainfall
2020-11-04,2020-11-11,45.0,2020,P083,18.369289085175563,77.19996171000103,Latur,high,priority,6.647511005401611,1,7,CHIRPS Daily v2.0,Maharashtra,CHIRPS Rainfall
2020-11-04,2020-11-11,45.0,2020,P084,18.46362582706226,76.82249880582684,Latur,high,priority,3.6647775173187256,1,7,CHIRPS Daily v2.0,Maharashtra,CHIRPS Rainfall
2020-11-04,2020-11-11,45.0,2020,P085,18.14788579966987,76.77194597718393,Latur,high,priority,0.0,1,7,CHIRPS Daily v2.0,Maharashtra,CHIRPS Rainfall
2020-11-04,2020-11-11,45.0,2020,P122,17.88145897082753,73.8441448165019,Satara,high,priority,0.0,1,7,CHIRPS Daily v2.0,Maharashtra,CHIRPS Rainfall
2020-11-04,2020-11-11,45.0,2020,P123,17.386414030975025,74.27088970551878,Satara,high,priority,0.0,1,7,CHIRPS Daily v2.0,Maharashtra,CHIRPS Rainfall
2020-11-04,2020-11-11,45.0,2020,P124,17.43262815429294,74.647353771057,Satara,high,priority,0.0,1,7,CHIRPS Daily v2.0,Maharashtra,CHIRPS Rainfall
2020-11-04,2020-11-11,45.0,2020,P125,17.56734651531964,74.31728219287884,Satara,high,priority,0.0,1,7,CHIRPS Daily v2.0,Maharashtra,CHIRPS Rainfall
2020-11-04,2020-11-11,45.0,2020,P126,17.205080227535593,74.13053949986157,Satara,high,priority,0.0,1,7,CHIRPS Daily v2.0,Maharashtra,CHIRPS Rainfall
2020-11-04,2020-11-11,45.0,2020,P127,17.65773249367299,74.31694330119876,Satara,high,priority,0.0,1,7,CHIRPS Daily v2.0,Maharashtra,CHIRPS Rainfall
2020-11-04,2020-11-11,45.0,2020,P128,18.019949731345452,74.5517328080669,Satara,high,priority,0.0,1,7,CHIRPS Daily v2.0,Maharashtra,CHIRPS Rainfall
2020-11-04,2020-11-11,45.0,2020,P129,18.063234225271252,74.03192648006461,Satara,high,priority,0.0,1,7,CHIRPS Daily v2.0,Maharashtra,CHIRPS Rainfall
2020-11-04,2020-11-11,45.0,2020,P130,17.61135784271715,74.03436560834085,Satara,high,priority,0.0,1,7,CHIRPS Daily v2.0,Maharashtra,CHIRPS Rainfall
2020-11-04,2020-11-11,45.0,2020,P131,17.612539504496315,74.3171127470388,Satara,high,priority,0.0,1,7,CHIRPS Daily v2.0,Maharashtra,CHIRPS Rainfall
2020-11-04,2020-11-11,45.0,2020,P132,17.702176353872684,74.12817617630324,Satara,high,priority,0.0,1,7,CHIRPS Daily v2.0,Maharashtra,CHIRPS Rainfall
2020-11-04,2020-11-11,45.0,2020,P133,17.25006363896275,74.08329532420031,Satara,high,priority,0.0,1,7,CHIRPS Daily v2.0,Maharashtra,CHIRPS Rainfall
2020-11-04,2020-11-11,45.0,2020,P134,17.476429903940936,74.17634784498362,Satara,high,priority,0.0,1,7,CHIRPS Daily v2.0,Maharashtra,CHIRPS Rainfall
2020-11-04,2020-11-11,45.0,2020,P135,17.882716437324603,74.0801070669471,Satara,high,priority,0.0,1,7,CHIRPS Daily v2.0,Maharashtra,CHIRPS Rainfall
2020-11-04,2020-11-11,45.0,2020,P136,17.928520323345598,74.22149178404871,Satara,high,priority,0.0,1,7,CHIRPS Daily v2.0,Maharashtra,CHIRPS Rainfall
2020-11-04,2020-11-11,45.0,2020,P137,17.746687100588183,73.98648378122894,Satara,high,priority,0.0,1,7,CHIRPS Daily v2.0,Maharashtra,CHIRPS Rainfall
2020-11-04,2020-11-11,45.0,2020,P138,17.61269557303319,74.36423652697161,Satara,high,priority,0.0,1,7,CHIRPS Daily v2.0,Maharashtra,CHIRPS Rainfall
2020-11-04,2020-11-11,45.0,2020,P139,17.656773786946495,74.08126197411994,Satara,high,priority,0.0,1,7,CHIRPS Daily v2.0,Maharashtra,CHIRPS Rainfall
2020-11-04,2020-11-11,45.0,2020,P140,17.97464080554139,74.50462240543725,Satara,high,priority,0.0,1,7,CHIRPS Daily v2.0,Maharashtra,CHIRPS Rainfall
2020-11-04,2020-11-11,45.0,2020,P141,17.430826677467348,74.08239904488856,Satara,high,priority,0.0,1,7,CHIRPS Daily v2.0,Maharashtra,CHIRPS Rainfall
2020-11-04,2020-11-11,45.0,2020,P142,18.064447100757786,74.31538707493111,Satara,high,priority,0.0,1,7,CHIRPS Daily v2.0,Maharashtra,CHIRPS Rainfall
2020-11-04,2020-11-11,45.0,2020,P143,17.70379500755509,74.6468275971327,Satara,high,priority,0.0,1,7,CHIRPS Daily v2.0,Maharashtra,CHIRPS Rainfall
2020-11-04,2020-11-11,45.0,2020,P144,17.929452275465767,74.50474726026674,Satara,high,priority,0.0,1,7,CHIRPS Daily v2.0,Maharashtra,CHIRPS Rainfall
2020-11-04,2020-11-11,45.0,2020,P145,17.47773196144854,74.60017202281048,Satara,high,priority,0.0,1,7,CHIRPS Daily v2.0,Maharashtra,CHIRPS Rainfall
2020-11-04,2020-11-11,45.0,2020,P146,17.839182233739812,74.55218763637436,Satara,high,priority,0.0,1,7,CHIRPS Daily v2.0,Maharashtra,CHIRPS Rainfall
2020-11-04,2020-11-11,45.0,2020,P001,19.940457800458272,74.57045211428928,Ahmednagar,normal,statewide,0.0,1,7,CHIRPS Daily v2.0,Maharashtra,CHIRPS Rainfall
2020-11-04,2020-11-11,45.0,2020,P002,18.946729294293643,74.76302285238339,Ahmednagar,normal,statewide,0.0,1,7,CHIRPS Daily v2.0,Maharashtra,CHIRPS Rainfall
2020-11-04,2020-11-11,45.0,2020,P003,18.49469238410162,74.66892244285252,Ahmednagar,normal,statewide,0.0,1,7,CHIRPS Daily v2.0,Maharashtra,CHIRPS Rainfall
2020-11-04,2020-11-11,45.0,2020,P004,19.03720445466806,75.1420731965326,Ahmednagar,normal,statewide,0.0,1,7,CHIRPS Daily v2.0,Maharashtra,CHIRPS Rainfall
2020-11-04,2020-11-11,45.0,2020,P005,20.832153156317954,77.06560453615967,Akola,normal,statewide,0.0,1,7,CHIRPS Daily v2.0,Maharashtra,CHIRPS Rainfall
2020-11-04,2020-11-11,45.0,2020,P006,20.834360411339407,76.87349308547405,Akola,normal,statewide,0.0,1,7,CHIRPS Daily v2.0,Maharashtra,CHIRPS Rainfall
2020-11-04,2020-11-11,45.0,2020,P007,21.014976299509232,76.87574047240498,Akola,normal,statewide,0.0,1,7,CHIRPS Daily v2.0,Maharashtra,CHIRPS Rainfall
2020-11-04,2020-11-11,45.0,2020,P008,20.828434266039377,77.35372489162701,Akola,normal,statewide,0.0,1,7,CHIRPS Daily v2.0,Maharashtra,CHIRPS Rainfall
2020-11-04,2020-11-11,45.0,2020,P009,21.360971327549258,77.94039543992572,Amravati,normal,statewide,0.0,1,7,CHIRPS Daily v2.0,Maharashtra,CHIRPS Rainfall
2020-11-04,2020-11-11,45.0,2020,P010,21.178803672212837,78.03301542790685,Amravati,normal,statewide,0.0,1,7,CHIRPS Daily v2.0,Maharashtra,CHIRPS Rainfall
2020-11-04,2020-11-11,45.0,2020,P011,20.814388097721018,78.21764450702477,Amravati,normal,statewide,0.0,1,7,CHIRPS Daily v2.0,Maharashtra,CHIRPS Rainfall
2020-11-04,2020-11-11,45.0,2020,P012,21.180502589714195,77.93681032267875,Amravati,normal,statewide,0.0,1,7,CHIRPS Daily v2.0,Maharashtra,CHIRPS Rainfall
2020-11-04,2020-11-11,45.0,2020,P013,20.031289688916964,74.8570519162974,Aurangabad,normal,statewide,0.0,1,7,CHIRPS Daily v2.0,Maharashtra,CHIRPS Rainfall
2020-11-04,2020-11-11,45.0,2020,P014,19.760185263069562,75.14270192978114,Aurangabad,normal,statewide,0.0,1,7,CHIRPS Daily v2.0,Maharashtra,CHIRPS Rainfall
2020-11-04,2020-11-11,45.0,2020,P015,19.9408189876436,74.76157364454102,Aurangabad,normal,statewide,0.0,1,7,CHIRPS Daily v2.0,Maharashtra,CHIRPS Rainfall
2020-11-04,2020-11-11,45.0,2020,P016,19.66981712112043,75.14262166596218,Aurangabad,normal,statewide,0.0,1,7,CHIRPS Daily v2.0,Maharashtra,CHIRPS Rainfall
2020-11-04,2020-11-11,45.0,2020,P017,21.04613203856966,79.85576216552393,Bhandara,normal,statewide,0.0,1,7,CHIRPS Daily v2.0,Maharashtra,CHIRPS Rainfall
2020-11-04,2020-11-11,45.0,2020,P018,21.31897105472685,79.76852877161537,Bhandara,normal,statewide,0.0,1,7,CHIRPS Daily v2.0,Maharashtra,CHIRPS Rainfall
2020-11-04,2020-11-11,45.0,2020,P019,21.40900922319803,79.77144948280537,Bhandara,normal,statewide,0.0,1,7,CHIRPS Daily v2.0,Maharashtra,CHIRPS Rainfall
2020-11-04,2020-11-11,45.0,2020,P020,21.144196588937042,79.57074980349083,Bhandara,normal,statewide,0.0,1,7,CHIRPS Daily v2.0,Maharashtra,CHIRPS Rainfall
2020-11-04,2020-11-11,45.0,2020,P021,18.67502288980403,75.52108340877234,Bid,normal,statewide,2.583652973175049,1,7,CHIRPS Daily v2.0,Maharashtra,CHIRPS Rainfall
2020-11-04,2020-11-11,45.0,2020,P022,18.856499384477168,75.04699178476999,Bid,normal,statewide,0.0,1,7,CHIRPS Daily v2.0,Maharashtra,CHIRPS Rainfall
2020-11-04,2020-11-11,45.0,2020,P023,19.126596053486494,75.6175605191647,Bid,normal,statewide,0.0,1,7,CHIRPS Daily v2.0,Maharashtra,CHIRPS Rainfall
2020-11-04,2020-11-11,45.0,2020,P024,18.763955201213946,75.90084720909012,Bid,normal,statewide,5.429617881774902,1,7,CHIRPS Daily v2.0,Maharashtra,CHIRPS Rainfall
2020-11-04,2020-11-11,45.0,2020,P025,20.93073496240753,76.20164478885242,Buldana,normal,statewide,0.0,1,7,CHIRPS Daily v2.0,Maharashtra,CHIRPS Rainfall
2020-11-04,2020-11-11,45.0,2020,P026,20.838939908121294,76.39311412898633,Buldana,normal,statewide,0.0,1,7,CHIRPS Daily v2.0,Maharashtra,CHIRPS Rainfall
2020-11-04,2020-11-11,45.0,2020,P027,20.657476790751314,76.48742857536776,Buldana,normal,statewide,3.237194061279297,1,7,CHIRPS Daily v2.0,Maharashtra,CHIRPS Rainfall
2020-11-04,2020-11-11,45.0,2020,P028,20.47967013624516,76.10222021266374,Buldana,normal,statewide,0.0,1,7,CHIRPS Daily v2.0,Maharashtra,CHIRPS Rainfall
2020-11-04,2020-11-11,45.0,2020,P029,20.32317798477448,79.92829390325927,Chandrapur,normal,statewide,0.0,1,7,CHIRPS Daily v2.0,Maharashtra,CHIRPS Rainfall
2020-11-04,2020-11-11,45.0,2020,P030,20.60872097983294,79.36304041732026,Chandrapur,normal,statewide,0.0,1,7,CHIRPS Daily v2.0,Maharashtra,CHIRPS Rainfall
2020-11-04,2020-11-11,45.0,2020,P031,20.511160307884595,79.64732594588165,Chandrapur,normal,statewide,0.0,1,7,CHIRPS Daily v2.0,Maharashtra,CHIRPS Rainfall
2020-11-04,2020-11-11,45.0,2020,P032,20.598621115946884,79.74569817422172,Chandrapur,normal,statewide,0.0,1,7,CHIRPS Daily v2.0,Maharashtra,CHIRPS Rainfall
2020-11-04,2020-11-11,45.0,2020,P033,21.38667804512237,75.14422248324037,Dhule,normal,statewide,0.0,1,7,CHIRPS Daily v2.0,Maharashtra,CHIRPS Rainfall
2020-11-04,2020-11-11,45.0,2020,P034,21.025151968113196,74.75989256344387,Dhule,normal,statewide,0.0,1,7,CHIRPS Daily v2.0,Maharashtra,CHIRPS Rainfall
2020-11-04,2020-11-11,45.0,2020,P035,21.477028350667293,74.85568743137505,Dhule,normal,statewide,0.0,1,7,CHIRPS Daily v2.0,Maharashtra,CHIRPS Rainfall
2020-11-04,2020-11-11,45.0,2020,P036,20.933820660336515,74.37533522949364,Dhule,normal,statewide,0.0,1,7,CHIRPS Daily v2.0,Maharashtra,CHIRPS Rainfall
2020-11-04,2020-11-11,45.0,2020,P037,19.963056524597132,79.91698116388667,Garhchiroli,normal,statewide,6.312959671020508,1,7,CHIRPS Daily v2.0,Maharashtra,CHIRPS Rainfall
2020-11-04,2020-11-11,45.0,2020,P038,19.062661462582188,79.88977172925856,Garhchiroli,normal,statewide,3.142894983291626,1,7,CHIRPS Daily v2.0,Maharashtra,CHIRPS Rainfall
2020-11-04,2020-11-11,45.0,2020,P039,19.510270485428137,79.9981368030594,Garhchiroli,normal,statewide,0.0,1,7,CHIRPS Daily v2.0,Maharashtra,CHIRPS Rainfall
2020-11-04,2020-11-11,45.0,2020,P040,19.870365190999156,80.00935144220881,Garhchiroli,normal,statewide,3.3212544918060303,1,7,CHIRPS Daily v2.0,Maharashtra,CHIRPS Rainfall
2020-11-04,2020-11-11,45.0,2020,P041,21.127639946725598,80.1465044724107,Gondiya,normal,statewide,0.0,1,7,CHIRPS Daily v2.0,Maharashtra,CHIRPS Rainfall
2020-11-04,2020-11-11,45.0,2020,P042,21.397598383602258,80.15591763473452,Gondiya,normal,statewide,0.0,1,7,CHIRPS Daily v2.0,Maharashtra,CHIRPS Rainfall
2020-11-04,2020-11-11,45.0,2020,P043,21.574548890706154,80.25847249986273,Gondiya,normal,statewide,2.7713468074798584,1,7,CHIRPS Daily v2.0,Maharashtra,CHIRPS Rainfall
2020-11-04,2020-11-11,45.0,2020,P044,21.211649410572516,80.34153217518526,Gondiya,normal,statewide,0.0,1,7,CHIRPS Daily v2.0,Maharashtra,CHIRPS Rainfall
2020-11-04,2020-11-11,45.0,2020,P045,19.655900266732623,77.2407892392464,Hingoli,normal,statewide,0.0,1,7,CHIRPS Daily v2.0,Maharashtra,CHIRPS Rainfall
2020-11-04,2020-11-11,45.0,2020,P046,19.566758377573187,77.1442675378435,Hingoli,normal,statewide,2.7411179542541504,1,7,CHIRPS Daily v2.0,Maharashtra,CHIRPS Rainfall
2020-11-04,2020-11-11,45.0,2020,P047,19.47860194974656,76.9526242927685,Hingoli,normal,statewide,2.9233615398406982,1,7,CHIRPS Daily v2.0,Maharashtra,CHIRPS Rainfall
2020-11-04,2020-11-11,45.0,2020,P048,19.927981235710728,77.14910120338544,Hingoli,normal,statewide,0.0,1,7,CHIRPS Daily v2.0,Maharashtra,CHIRPS Rainfall
2020-11-04,2020-11-11,45.0,2020,P049,21.292738163229433,76.10816865346904,Jalgaon,normal,statewide,0.0,1,7,CHIRPS Daily v2.0,Maharashtra,CHIRPS Rainfall
2020-11-04,2020-11-11,45.0,2020,P050,21.386178625804387,75.43363151891216,Jalgaon,normal,statewide,0.0,1,7,CHIRPS Daily v2.0,Maharashtra,CHIRPS Rainfall
2020-11-04,2020-11-11,45.0,2020,P051,21.112064306745907,76.10682200495089,Jalgaon,normal,statewide,0.0,1,7,CHIRPS Daily v2.0,Maharashtra,CHIRPS Rainfall
2020-11-04,2020-11-11,45.0,2020,P052,20.844437979720194,75.23982115072519,Jalgaon,normal,statewide,0.0,1,7,CHIRPS Daily v2.0,Maharashtra,CHIRPS Rainfall
2020-11-04,2020-11-11,45.0,2020,P053,19.486369703781666,76.00005328932718,Jalna,normal,statewide,0.0,1,7,CHIRPS Daily v2.0,Maharashtra,CHIRPS Rainfall
2020-11-04,2020-11-11,45.0,2020,P054,20.028502750758555,76.00343774702675,Jalna,normal,statewide,0.0,1,7,CHIRPS Daily v2.0,Maharashtra,CHIRPS Rainfall
2020-11-04,2020-11-11,45.0,2020,P055,19.75743845682064,76.00172991132328,Jalna,normal,statewide,0.0,1,7,CHIRPS Daily v2.0,Maharashtra,CHIRPS Rainfall
2020-11-04,2020-11-11,45.0,2020,P056,19.57768317515413,75.80993951591351,Jalna,normal,statewide,0.0,1,7,CHIRPS Daily v2.0,Maharashtra,CHIRPS Rainfall
2020-11-04,2020-11-11,45.0,2020,P057,16.776377793156257,74.29671235971928,Kolhapur,normal,statewide,0.0,1,7,CHIRPS Daily v2.0,Maharashtra,CHIRPS Rainfall
2020-11-04,2020-11-11,45.0,2020,P058,16.324416687682138,74.29834884980589,Kolhapur,normal,statewide,0.0,1,7,CHIRPS Daily v2.0,Maharashtra,CHIRPS Rainfall
2020-11-04,2020-11-11,45.0,2020,P059,16.595891218916975,74.39111598812178,Kolhapur,normal,statewide,0.0,1,7,CHIRPS Daily v2.0,Maharashtra,CHIRPS Rainfall
2020-11-04,2020-11-11,45.0,2020,P060,16.414811584237594,74.29802779453004,Kolhapur,normal,statewide,0.0,1,7,CHIRPS Daily v2.0,Maharashtra,CHIRPS Rainfall
2020-11-04,2020-11-11,45.0,2020,P086,21.054127206758487,79.56798961993874,Nagpur,normal,statewide,0.0,1,7,CHIRPS Daily v2.0,Maharashtra,CHIRPS Rainfall
2020-11-04,2020-11-11,45.0,2020,P087,21.146765031143822,79.47473643960802,Nagpur,normal,statewide,0.0,1,7,CHIRPS Daily v2.0,Maharashtra,CHIRPS Rainfall
2020-11-04,2020-11-11,45.0,2020,P088,21.347803602138427,78.61442869606356,Nagpur,normal,statewide,0.0,1,7,CHIRPS Daily v2.0,Maharashtra,CHIRPS Rainfall
2020-11-04,2020-11-11,45.0,2020,P089,21.165377318940912,78.70615240473293,Nagpur,normal,statewide,0.0,1,7,CHIRPS Daily v2.0,Maharashtra,CHIRPS Rainfall
2020-11-04,2020-11-11,45.0,2020,P090,19.201968238592887,77.42470040309472,Nanded,normal,statewide,0.0,1,7,CHIRPS Daily v2.0,Maharashtra,CHIRPS Rainfall
2020-11-04,2020-11-11,45.0,2020,P091,18.566038000956755,77.69963965584807,Nanded,normal,statewide,4.907824993133545,1,7,CHIRPS Daily v2.0,Maharashtra,CHIRPS Rainfall
2020-11-04,2020-11-11,45.0,2020,P092,19.736596618496833,77.90946265591798,Nanded,normal,statewide,0.0,1,7,CHIRPS Daily v2.0,Maharashtra,CHIRPS Rainfall
2020-11-04,2020-11-11,45.0,2020,P093,18.93564842817583,77.04115528508362,Nanded,normal,statewide,0.0,1,7,CHIRPS Daily v2.0,Maharashtra,CHIRPS Rainfall
2020-11-04,2020-11-11,45.0,2020,P094,21.564917232430716,74.08292967791392,Nandurbar,normal,statewide,0.0,1,7,CHIRPS Daily v2.0,Maharashtra,CHIRPS Rainfall
2020-11-04,2020-11-11,45.0,2020,P095,21.5662594218478,74.37266422796263,Nandurbar,normal,statewide,0.0,1,7,CHIRPS Daily v2.0,Maharashtra,CHIRPS Rainfall
2020-11-04,2020-11-11,45.0,2020,P096,21.385179787168415,74.27697637845674,Nandurbar,normal,statewide,0.0,1,7,CHIRPS Daily v2.0,Maharashtra,CHIRPS Rainfall
2020-11-04,2020-11-11,45.0,2020,P097,21.565421110849755,74.17950488852946,Nandurbar,normal,statewide,0.0,1,7,CHIRPS Daily v2.0,Maharashtra,CHIRPS Rainfall
2020-11-04,2020-11-11,45.0,2020,P098,20.299553667393326,73.99482675929994,Nashik,normal,statewide,0.0,1,7,CHIRPS Daily v2.0,Maharashtra,CHIRPS Rainfall
2020-11-04,2020-11-11,45.0,2020,P099,20.120253214034264,74.28296495117151,Nashik,normal,statewide,0.0,1,7,CHIRPS Daily v2.0,Maharashtra,CHIRPS Rainfall
2020-11-04,2020-11-11,45.0,2020,P100,20.389903972938242,73.99424261706194,Nashik,normal,statewide,0.0,1,7,CHIRPS Daily v2.0,Maharashtra,CHIRPS Rainfall
2020-11-04,2020-11-11,45.0,2020,P101,20.029015547379707,74.09216447619562,Nashik,normal,statewide,0.0,1,7,CHIRPS Daily v2.0,Maharashtra,CHIRPS Rainfall
2020-11-04,2020-11-11,45.0,2020,P102,17.85749130266526,76.36802722645965,Osmanabad,normal,statewide,0.0,1,7,CHIRPS Daily v2.0,Maharashtra,CHIRPS Rainfall
2020-11-04,2020-11-11,45.0,2020,P103,17.76644983645705,76.46164605307673,Osmanabad,normal,statewide,0.0,1,7,CHIRPS Daily v2.0,Maharashtra,CHIRPS Rainfall
2020-11-04,2020-11-11,45.0,2020,P104,17.949094615606196,76.17989775301476,Osmanabad,normal,statewide,0.0,1,7,CHIRPS Daily v2.0,Maharashtra,CHIRPS Rainfall
2020-11-04,2020-11-11,45.0,2020,P105,18.584360447185368,75.61558067829696,Osmanabad,normal,statewide,2.533592700958252,1,7,CHIRPS Daily v2.0,Maharashtra,CHIRPS Rainfall
2020-11-04,2020-11-11,45.0,2020,P106,19.031389786894366,76.47235681380711,Parbhani,normal,statewide,0.0,1,7,CHIRPS Daily v2.0,Maharashtra,CHIRPS Rainfall
2020-11-04,2020-11-11,45.0,2020,P107,19.120950831552832,76.56820519095093,Parbhani,normal,statewide,0.0,1,7,CHIRPS Daily v2.0,Maharashtra,CHIRPS Rainfall
2020-11-04,2020-11-11,45.0,2020,P108,19.208625676465683,76.85432786914635,Parbhani,normal,statewide,0.0,1,7,CHIRPS Daily v2.0,Maharashtra,CHIRPS Rainfall
2020-11-04,2020-11-11,45.0,2020,P109,19.212081479782103,76.47396209018636,Parbhani,normal,statewide,0.0,1,7,CHIRPS Daily v2.0,Maharashtra,CHIRPS Rainfall
2020-11-04,2020-11-11,45.0,2020,P110,18.133442771357757,75.04679558432363,Pune,normal,statewide,0.0,1,7,CHIRPS Daily v2.0,Maharashtra,CHIRPS Rainfall
2020-11-04,2020-11-11,45.0,2020,P111,18.584645829652782,74.47919215212944,Pune,normal,statewide,0.0,1,7,CHIRPS Daily v2.0,Maharashtra,CHIRPS Rainfall
2020-11-04,2020-11-11,45.0,2020,P112,18.132979024848197,74.57507620208169,Pune,normal,statewide,0.0,1,7,CHIRPS Daily v2.0,Maharashtra,CHIRPS Rainfall
2020-11-04,2020-11-11,45.0,2020,P113,18.314072036830744,74.76389683618987,Pune,normal,statewide,0.0,1,7,CHIRPS Daily v2.0,Maharashtra,CHIRPS Rainfall
2020-11-04,2020-11-11,45.0,2020,P114,18.48503397121986,73.0589238755964,Raigarh,normal,statewide,2.4310860633850098,1,7,CHIRPS Daily v2.0,Maharashtra,CHIRPS Rainfall
2020-11-04,2020-11-11,45.0,2020,P115,18.665689991299164,73.05687714821288,Raigarh,normal,statewide,0.0,1,7,CHIRPS Daily v2.0,Maharashtra,CHIRPS Rainfall
2020-11-04,2020-11-11,45.0,2020,P116,18.306197264370358,73.25009891506079,Raigarh,normal,statewide,0.0,1,7,CHIRPS Daily v2.0,Maharashtra,CHIRPS Rainfall
2020-11-04,2020-11-11,45.0,2020,P117,18.21404102289879,73.06194714611064,Raigarh,normal,statewide,0.0,1,7,CHIRPS Daily v2.0,Maharashtra,CHIRPS Rainfall
2020-11-04,2020-11-11,45.0,2020,P118,17.138719885658215,75.42259970290594,Sangli,normal,statewide,0.0,1,7,CHIRPS Daily v2.0,Maharashtra,CHIRPS Rainfall
2020-11-04,2020-11-11,45.0,2020,P119,17.048761981005992,74.95348443567921,Sangli,normal,statewide,0.0,1,7,CHIRPS Daily v2.0,Maharashtra,CHIRPS Rainfall
2020-11-04,2020-11-11,45.0,2020,P120,16.86707144948229,74.39025538161847,Sangli,normal,statewide,0.0,1,7,CHIRPS Daily v2.0,Maharashtra,CHIRPS Rainfall
2020-11-04,2020-11-11,45.0,2020,P121,17.048503353144895,74.67157114887826,Sangli,normal,statewide,0.0,1,7,CHIRPS Daily v2.0,Maharashtra,CHIRPS Rainfall
2020-11-04,2020-11-11,45.0,2020,P148,17.67852974098626,76.08383979812143,Solapur,normal,statewide,0.0,1,7,CHIRPS Daily v2.0,Maharashtra,CHIRPS Rainfall
2020-11-04,2020-11-11,45.0,2020,P149,18.223365003201543,75.4251413905064,Solapur,normal,statewide,2.76857852935791,1,7,CHIRPS Daily v2.0,Maharashtra,CHIRPS Rainfall
2020-11-04,2020-11-11,45.0,2020,P150,17.952532582518405,75.23562067753285,Solapur,normal,statewide,3.4707117080688477,1,7,CHIRPS Daily v2.0,Maharashtra,CHIRPS Rainfall
2020-11-04,2020-11-11,45.0,2020,P151,18.223690517578447,75.23598186471818,Solapur,normal,statewide,0.0,1,7,CHIRPS Daily v2.0,Maharashtra,CHIRPS Rainfall
2020-11-04,2020-11-11,45.0,2020,P152,19.658178867370932,72.94986318203122,Thane,normal,statewide,0.0,1,7,CHIRPS Daily v2.0,Maharashtra,CHIRPS Rainfall
2020-11-04,2020-11-11,45.0,2020,P153,19.65706409210757,72.8545320606096,Thane,normal,statewide,0.0,1,7,CHIRPS Daily v2.0,Maharashtra,CHIRPS Rainfall
2020-11-04,2020-11-11,45.0,2020,P154,19.477549601897948,72.95214624177059,Thane,normal,statewide,0.0,1,7,CHIRPS Daily v2.0,Maharashtra,CHIRPS Rainfall
2020-11-04,2020-11-11,45.0,2020,P155,19.83987385799569,73.0429959666335,Thane,normal,statewide,0.0,1,7,CHIRPS Daily v2.0,Maharashtra,CHIRPS Rainfall
2020-11-04,2020-11-11,45.0,2020,P156,20.806749657616468,78.60135461177485,Wardha,normal,statewide,2.457024574279785,1,7,CHIRPS Daily v2.0,Maharashtra,CHIRPS Rainfall
2020-11-04,2020-11-11,45.0,2020,P157,20.71031267913359,78.88671032458906,Wardha,normal,statewide,2.573396921157837,1,7,CHIRPS Daily v2.0,Maharashtra,CHIRPS Rainfall
2020-11-04,2020-11-11,45.0,2020,P158,21.081265295769754,78.41565980750515,Wardha,normal,statewide,0.0,1,7,CHIRPS Daily v2.0,Maharashtra,CHIRPS Rainfall
2020-11-04,2020-11-11,45.0,2020,P159,20.439854822938944,78.87986114537097,Wardha,normal,statewide,0.0,1,7,CHIRPS Daily v2.0,Maharashtra,CHIRPS Rainfall
2020-11-04,2020-11-11,45.0,2020,P160,20.289186257444058,77.15404188735265,Washim,normal,statewide,0.0,1,7,CHIRPS Daily v2.0,Maharashtra,CHIRPS Rainfall
2020-11-04,2020-11-11,45.0,2020,P161,20.464607292886615,77.53975858757677,Washim,normal,statewide,4.051188945770264,1,7,CHIRPS Daily v2.0,Maharashtra,CHIRPS Rainfall
2020-11-04,2020-11-11,45.0,2020,P162,20.107393166596125,77.2471479173486,Washim,normal,statewide,0.0,1,7,CHIRPS Daily v2.0,Maharashtra,CHIRPS Rainfall
2020-11-04,2020-11-11,45.0,2020,P163,20.198885002010726,77.1527933390577,Washim,normal,statewide,0.0,1,7,CHIRPS Daily v2.0,Maharashtra,CHIRPS Rainfall
2020-11-04,2020-11-11,45.0,2020,P164,20.182854533723592,78.20447678161395,Yavatmal,normal,statewide,0.0,1,7,CHIRPS Daily v2.0,Maharashtra,CHIRPS Rainfall
2020-11-04,2020-11-11,45.0,2020,P165,19.894658373538324,79.05709703494229,Yavatmal,normal,statewide,0.0,1,7,CHIRPS Daily v2.0,Maharashtra,CHIRPS Rainfall
2020-11-04,2020-11-11,45.0,2020,P166,19.468787468327925,77.71426550730338,Yavatmal,normal,statewide,3.1868274211883545,1,7,CHIRPS Daily v2.0,Maharashtra,CHIRPS Rainfall
2020-11-04,2020-11-11,45.0,2020,P167,19.559057510053886,77.71577268345945,Yavatmal,normal,statewide,0.0,1,7,CHIRPS Daily v2.0,Maharashtra,CHIRPS Rainfall
2020-11-11,2020-11-18,46.0,2020,P147,17.927231643141155,73.94769852026607,Satara,case_study,case_study,0.0,1,7,CHIRPS Daily v2.0,Maharashtra,CHIRPS Rainfall
2020-11-11,2020-11-18,46.0,2020,P061,18.507855650411397,76.91766048140843,Latur,high,priority,0.0,1,7,CHIRPS Daily v2.0,Maharashtra,CHIRPS Rainfall
2020-11-11,2020-11-18,46.0,2020,P062,18.422405896924207,76.3487594508077,Latur,high,priority,0.0,1,7,CHIRPS Daily v2.0,Maharashtra,CHIRPS Rainfall
2020-11-11,2020-11-18,46.0,2020,P063,18.235391198742693,77.05646783810116,Latur,high,priority,0.0,1,7,CHIRPS Daily v2.0,Maharashtra,CHIRPS Rainfall
2020-11-11,2020-11-18,46.0,2020,P064,18.193056493341274,76.77240080549139,Latur,high,priority,3.0675623416900635,1,7,CHIRPS Daily v2.0,Maharashtra,CHIRPS Rainfall
2020-11-11,2020-11-18,46.0,2020,P065,18.331355512513895,76.44266811899327,Latur,high,priority,0.0,1,7,CHIRPS Daily v2.0,Maharashtra,CHIRPS Rainfall
2020-11-11,2020-11-18,46.0,2020,P066,18.104739537876725,76.5352970251765,Latur,high,priority,2.497968912124634,1,7,CHIRPS Daily v2.0,Maharashtra,CHIRPS Rainfall
2020-11-11,2020-11-18,46.0,2020,P067,18.280552974211986,77.0569984711265,Latur,high,priority,0.0,1,7,CHIRPS Daily v2.0,Maharashtra,CHIRPS Rainfall
2020-11-11,2020-11-18,46.0,2020,P068,18.101823285787773,76.86595720469373,Latur,high,priority,3.2487077713012695,1,7,CHIRPS Daily v2.0,Maharashtra,CHIRPS Rainfall
2020-11-11,2020-11-18,46.0,2020,P069,18.595075667016793,77.20284228928156,Latur,high,priority,0.0,1,7,CHIRPS Daily v2.0,Maharashtra,CHIRPS Rainfall
2020-11-11,2020-11-18,46.0,2020,P070,18.41499041187233,77.15322587185987,Latur,high,priority,0.0,1,7,CHIRPS Daily v2.0,Maharashtra,CHIRPS Rainfall
2020-11-11,2020-11-18,46.0,2020,P071,18.149138807065885,76.63019561379593,Latur,high,priority,2.5885567665100098,1,7,CHIRPS Daily v2.0,Maharashtra,CHIRPS Rainfall
2020-11-11,2020-11-18,46.0,2020,P072,18.283393421583035,76.77331492120734,Latur,high,priority,0.0,1,7,CHIRPS Daily v2.0,Maharashtra,CHIRPS Rainfall
2020-11-11,2020-11-18,46.0,2020,P073,17.966315663874607,76.86453029235662,Latur,high,priority,3.2742316722869873,1,7,CHIRPS Daily v2.0,Maharashtra,CHIRPS Rainfall
2020-11-11,2020-11-18,46.0,2020,P074,18.50832831512306,76.870318205524,Latur,high,priority,0.0,1,7,CHIRPS Daily v2.0,Maharashtra,CHIRPS Rainfall
2020-11-11,2020-11-18,46.0,2020,P075,18.41444640154381,77.20053247493588,Latur,high,priority,0.0,1,7,CHIRPS Daily v2.0,Maharashtra,CHIRPS Rainfall
2020-11-11,2020-11-18,46.0,2020,P076,18.377877313804504,76.25376722106614,Latur,high,priority,0.0,1,7,CHIRPS Daily v2.0,Maharashtra,CHIRPS Rainfall
2020-11-11,2020-11-18,46.0,2020,P077,18.059564385104267,76.5349046242838,Latur,high,priority,0.0,1,7,CHIRPS Daily v2.0,Maharashtra,CHIRPS Rainfall
2020-11-11,2020-11-18,46.0,2020,P078,18.1008824154655,76.96042326051098,Latur,high,priority,0.0,1,7,CHIRPS Daily v2.0,Maharashtra,CHIRPS Rainfall
2020-11-11,2020-11-18,46.0,2020,P079,18.73508698099394,76.77797468180819,Latur,high,priority,0.0,1,7,CHIRPS Daily v2.0,Maharashtra,CHIRPS Rainfall
2020-11-11,2020-11-18,46.0,2020,P080,18.46791548227568,76.3017694439065,Latur,high,priority,3.798800230026245,1,7,CHIRPS Daily v2.0,Maharashtra,CHIRPS Rainfall
2020-11-11,2020-11-18,46.0,2020,P081,18.10355787609756,76.67701617485712,Latur,high,priority,2.5794870853424072,1,7,CHIRPS Daily v2.0,Maharashtra,CHIRPS Rainfall
2020-11-11,2020-11-18,46.0,2020,P082,18.23907887531389,76.67830931416262,Latur,high,priority,0.0,1,7,CHIRPS Daily v2.0,Maharashtra,CHIRPS Rainfall
2020-11-11,2020-11-18,46.0,2020,P083,18.369289085175563,77.19996171000103,Latur,high,priority,0.0,1,7,CHIRPS Daily v2.0,Maharashtra,CHIRPS Rainfall
2020-11-11,2020-11-18,46.0,2020,P084,18.46362582706226,76.82249880582684,Latur,high,priority,0.0,1,7,CHIRPS Daily v2.0,Maharashtra,CHIRPS Rainfall
2020-11-11,2020-11-18,46.0,2020,P085,18.14788579966987,76.77194597718393,Latur,high,priority,6.478559970855713,1,7,CHIRPS Daily v2.0,Maharashtra,CHIRPS Rainfall
2020-11-11,2020-11-18,46.0,2020,P122,17.88145897082753,73.8441448165019,Satara,high,priority,0.0,1,7,CHIRPS Daily v2.0,Maharashtra,CHIRPS Rainfall
2020-11-11,2020-11-18,46.0,2020,P123,17.386414030975025,74.27088970551878,Satara,high,priority,0.0,1,7,CHIRPS Daily v2.0,Maharashtra,CHIRPS Rainfall
2020-11-11,2020-11-18,46.0,2020,P124,17.43262815429294,74.647353771057,Satara,high,priority,4.8990278244018555,1,7,CHIRPS Daily v2.0,Maharashtra,CHIRPS Rainfall
2020-11-11,2020-11-18,46.0,2020,P125,17.56734651531964,74.31728219287884,Satara,high,priority,0.0,1,7,CHIRPS Daily v2.0,Maharashtra,CHIRPS Rainfall
2020-11-11,2020-11-18,46.0,2020,P126,17.205080227535593,74.13053949986157,Satara,high,priority,0.0,1,7,CHIRPS Daily v2.0,Maharashtra,CHIRPS Rainfall
2020-11-11,2020-11-18,46.0,2020,P127,17.65773249367299,74.31694330119876,Satara,high,priority,0.0,1,7,CHIRPS Daily v2.0,Maharashtra,CHIRPS Rainfall
2020-11-11,2020-11-18,46.0,2020,P128,18.019949731345452,74.5517328080669,Satara,high,priority,0.0,1,7,CHIRPS Daily v2.0,Maharashtra,CHIRPS Rainfall
2020-11-11,2020-11-18,46.0,2020,P129,18.063234225271252,74.03192648006461,Satara,high,priority,0.0,1,7,CHIRPS Daily v2.0,Maharashtra,CHIRPS Rainfall
2020-11-11,2020-11-18,46.0,2020,P130,17.61135784271715,74.03436560834085,Satara,high,priority,2.9482083320617676,1,7,CHIRPS Daily v2.0,Maharashtra,CHIRPS Rainfall
2020-11-11,2020-11-18,46.0,2020,P131,17.612539504496315,74.3171127470388,Satara,high,priority,0.0,1,7,CHIRPS Daily v2.0,Maharashtra,CHIRPS Rainfall
2020-11-11,2020-11-18,46.0,2020,P132,17.702176353872684,74.12817617630324,Satara,high,priority,0.0,1,7,CHIRPS Daily v2.0,Maharashtra,CHIRPS Rainfall
2020-11-11,2020-11-18,46.0,2020,P133,17.25006363896275,74.08329532420031,Satara,high,priority,0.0,1,7,CHIRPS Daily v2.0,Maharashtra,CHIRPS Rainfall
2020-11-11,2020-11-18,46.0,2020,P134,17.476429903940936,74.17634784498362,Satara,high,priority,0.0,1,7,CHIRPS Daily v2.0,Maharashtra,CHIRPS Rainfall
2020-11-11,2020-11-18,46.0,2020,P135,17.882716437324603,74.0801070669471,Satara,high,priority,0.0,1,7,CHIRPS Daily v2.0,Maharashtra,CHIRPS Rainfall
2020-11-11,2020-11-18,46.0,2020,P136,17.928520323345598,74.22149178404871,Satara,high,priority,0.0,1,7,CHIRPS Daily v2.0,Maharashtra,CHIRPS Rainfall
2020-11-11,2020-11-18,46.0,2020,P137,17.746687100588183,73.98648378122894,Satara,high,priority,0.0,1,7,CHIRPS Daily v2.0,Maharashtra,CHIRPS Rainfall
2020-11-11,2020-11-18,46.0,2020,P138,17.61269557303319,74.36423652697161,Satara,high,priority,0.0,1,7,CHIRPS Daily v2.0,Maharashtra,CHIRPS Rainfall
2020-11-11,2020-11-18,46.0,2020,P139,17.656773786946495,74.08126197411994,Satara,high,priority,0.0,1,7,CHIRPS Daily v2.0,Maharashtra,CHIRPS Rainfall
2020-11-11,2020-11-18,46.0,2020,P140,17.97464080554139,74.50462240543725,Satara,high,priority,0.0,1,7,CHIRPS Daily v2.0,Maharashtra,CHIRPS Rainfall
2020-11-11,2020-11-18,46.0,2020,P141,17.430826677467348,74.08239904488856,Satara,high,priority,0.0,1,7,CHIRPS Daily v2.0,Maharashtra,CHIRPS Rainfall
2020-11-11,2020-11-18,46.0,2020,P142,18.064447100757786,74.31538707493111,Satara,high,priority,0.0,1,7,CHIRPS Daily v2.0,Maharashtra,CHIRPS Rainfall
2020-11-11,2020-11-18,46.0,2020,P143,17.70379500755509,74.6468275971327,Satara,high,priority,3.603245973587036,1,7,CHIRPS Daily v2.0,Maharashtra,CHIRPS Rainfall
2020-11-11,2020-11-18,46.0,2020,P144,17.929452275465767,74.50474726026674,Satara,high,priority,2.3483340740203857,1,7,CHIRPS Daily v2.0,Maharashtra,CHIRPS Rainfall
2020-11-11,2020-11-18,46.0,2020,P145,17.47773196144854,74.60017202281048,Satara,high,priority,0.0,1,7,CHIRPS Daily v2.0,Maharashtra,CHIRPS Rainfall
2020-11-11,2020-11-18,46.0,2020,P146,17.839182233739812,74.55218763637436,Satara,high,priority,0.0,1,7,CHIRPS Daily v2.0,Maharashtra,CHIRPS Rainfall
2020-11-11,2020-11-18,46.0,2020,P001,19.940457800458272,74.57045211428928,Ahmednagar,normal,statewide,0.0,1,7,CHIRPS Daily v2.0,Maharashtra,CHIRPS Rainfall
2020-11-11,2020-11-18,46.0,2020,P002,18.946729294293643,74.76302285238339,Ahmednagar,normal,statewide,0.0,1,7,CHIRPS Daily v2.0,Maharashtra,CHIRPS Rainfall
2020-11-11,2020-11-18,46.0,2020,P003,18.49469238410162,74.66892244285252,Ahmednagar,normal,statewide,0.0,1,7,CHIRPS Daily v2.0,Maharashtra,CHIRPS Rainfall
2020-11-11,2020-11-18,46.0,2020,P004,19.03720445466806,75.1420731965326,Ahmednagar,normal,statewide,0.0,1,7,CHIRPS Daily v2.0,Maharashtra,CHIRPS Rainfall
2020-11-11,2020-11-18,46.0,2020,P005,20.832153156317954,77.06560453615967,Akola,normal,statewide,0.0,1,7,CHIRPS Daily v2.0,Maharashtra,CHIRPS Rainfall
2020-11-11,2020-11-18,46.0,2020,P006,20.834360411339407,76.87349308547405,Akola,normal,statewide,0.0,1,7,CHIRPS Daily v2.0,Maharashtra,CHIRPS Rainfall
2020-11-11,2020-11-18,46.0,2020,P007,21.014976299509232,76.87574047240498,Akola,normal,statewide,0.0,1,7,CHIRPS Daily v2.0,Maharashtra,CHIRPS Rainfall
2020-11-11,2020-11-18,46.0,2020,P008,20.828434266039377,77.35372489162701,Akola,normal,statewide,0.0,1,7,CHIRPS Daily v2.0,Maharashtra,CHIRPS Rainfall
2020-11-11,2020-11-18,46.0,2020,P009,21.360971327549258,77.94039543992572,Amravati,normal,statewide,0.0,1,7,CHIRPS Daily v2.0,Maharashtra,CHIRPS Rainfall
2020-11-11,2020-11-18,46.0,2020,P010,21.178803672212837,78.03301542790685,Amravati,normal,statewide,0.0,1,7,CHIRPS Daily v2.0,Maharashtra,CHIRPS Rainfall
2020-11-11,2020-11-18,46.0,2020,P011,20.814388097721018,78.21764450702477,Amravati,normal,statewide,0.0,1,7,CHIRPS Daily v2.0,Maharashtra,CHIRPS Rainfall
2020-11-11,2020-11-18,46.0,2020,P012,21.180502589714195,77.93681032267875,Amravati,normal,statewide,0.0,1,7,CHIRPS Daily v2.0,Maharashtra,CHIRPS Rainfall
2020-11-11,2020-11-18,46.0,2020,P013,20.031289688916964,74.8570519162974,Aurangabad,normal,statewide,0.0,1,7,CHIRPS Daily v2.0,Maharashtra,CHIRPS Rainfall
2020-11-11,2020-11-18,46.0,2020,P014,19.760185263069562,75.14270192978114,Aurangabad,normal,statewide,0.0,1,7,CHIRPS Daily v2.0,Maharashtra,CHIRPS Rainfall
2020-11-11,2020-11-18,46.0,2020,P015,19.9408189876436,74.76157364454102,Aurangabad,normal,statewide,0.0,1,7,CHIRPS Daily v2.0,Maharashtra,CHIRPS Rainfall
2020-11-11,2020-11-18,46.0,2020,P016,19.66981712112043,75.14262166596218,Aurangabad,normal,statewide,0.0,1,7,CHIRPS Daily v2.0,Maharashtra,CHIRPS Rainfall
2020-11-11,2020-11-18,46.0,2020,P017,21.04613203856966,79.85576216552393,Bhandara,normal,statewide,0.0,1,7,CHIRPS Daily v2.0,Maharashtra,CHIRPS Rainfall
2020-11-11,2020-11-18,46.0,2020,P018,21.31897105472685,79.76852877161537,Bhandara,normal,statewide,0.0,1,7,CHIRPS Daily v2.0,Maharashtra,CHIRPS Rainfall
2020-11-11,2020-11-18,46.0,2020,P019,21.40900922319803,79.77144948280537,Bhandara,normal,statewide,0.0,1,7,CHIRPS Daily v2.0,Maharashtra,CHIRPS Rainfall
2020-11-11,2020-11-18,46.0,2020,P020,21.144196588937042,79.57074980349083,Bhandara,normal,statewide,0.0,1,7,CHIRPS Daily v2.0,Maharashtra,CHIRPS Rainfall
2020-11-11,2020-11-18,46.0,2020,P021,18.67502288980403,75.52108340877234,Bid,normal,statewide,0.0,1,7,CHIRPS Daily v2.0,Maharashtra,CHIRPS Rainfall
2020-11-11,2020-11-18,46.0,2020,P022,18.856499384477168,75.04699178476999,Bid,normal,statewide,0.0,1,7,CHIRPS Daily v2.0,Maharashtra,CHIRPS Rainfall
2020-11-11,2020-11-18,46.0,2020,P023,19.126596053486494,75.6175605191647,Bid,normal,statewide,0.0,1,7,CHIRPS Daily v2.0,Maharashtra,CHIRPS Rainfall
2020-11-11,2020-11-18,46.0,2020,P024,18.763955201213946,75.90084720909012,Bid,normal,statewide,0.0,1,7,CHIRPS Daily v2.0,Maharashtra,CHIRPS Rainfall
2020-11-11,2020-11-18,46.0,2020,P025,20.93073496240753,76.20164478885242,Buldana,normal,statewide,0.0,1,7,CHIRPS Daily v2.0,Maharashtra,CHIRPS Rainfall
2020-11-11,2020-11-18,46.0,2020,P026,20.838939908121294,76.39311412898633,Buldana,normal,statewide,0.0,1,7,CHIRPS Daily v2.0,Maharashtra,CHIRPS Rainfall
2020-11-11,2020-11-18,46.0,2020,P027,20.657476790751314,76.48742857536776,Buldana,normal,statewide,0.0,1,7,CHIRPS Daily v2.0,Maharashtra,CHIRPS Rainfall
2020-11-11,2020-11-18,46.0,2020,P028,20.47967013624516,76.10222021266374,Buldana,normal,statewide,0.0,1,7,CHIRPS Daily v2.0,Maharashtra,CHIRPS Rainfall
2020-11-11,2020-11-18,46.0,2020,P029,20.32317798477448,79.92829390325927,Chandrapur,normal,statewide,0.0,1,7,CHIRPS Daily v2.0,Maharashtra,CHIRPS Rainfall
2020-11-11,2020-11-18,46.0,2020,P030,20.60872097983294,79.36304041732026,Chandrapur,normal,statewide,0.0,1,7,CHIRPS Daily v2.0,Maharashtra,CHIRPS Rainfall
2020-11-11,2020-11-18,46.0,2020,P031,20.511160307884595,79.64732594588165,Chandrapur,normal,statewide,0.0,1,7,CHIRPS Daily v2.0,Maharashtra,CHIRPS Rainfall
2020-11-11,2020-11-18,46.0,2020,P032,20.598621115946884,79.74569817422172,Chandrapur,normal,statewide,0.0,1,7,CHIRPS Daily v2.0,Maharashtra,CHIRPS Rainfall
2020-11-11,2020-11-18,46.0,2020,P033,21.38667804512237,75.14422248324037,Dhule,normal,statewide,0.0,1,7,CHIRPS Daily v2.0,Maharashtra,CHIRPS Rainfall
2020-11-11,2020-11-18,46.0,2020,P034,21.025151968113196,74.75989256344387,Dhule,normal,statewide,0.0,1,7,CHIRPS Daily v2.0,Maharashtra,CHIRPS Rainfall
2020-11-11,2020-11-18,46.0,2020,P035,21.477028350667293,74.85568743137505,Dhule,normal,statewide,0.0,1,7,CHIRPS Daily v2.0,Maharashtra,CHIRPS Rainfall
2020-11-11,2020-11-18,46.0,2020,P036,20.933820660336515,74.37533522949364,Dhule,normal,statewide,0.0,1,7,CHIRPS Daily v2.0,Maharashtra,CHIRPS Rainfall
2020-11-11,2020-11-18,46.0,2020,P037,19.963056524597132,79.91698116388667,Garhchiroli,normal,statewide,0.0,1,7,CHIRPS Daily v2.0,Maharashtra,CHIRPS Rainfall
2020-11-11,2020-11-18,46.0,2020,P038,19.062661462582188,79.88977172925856,Garhchiroli,normal,statewide,0.0,1,7,CHIRPS Daily v2.0,Maharashtra,CHIRPS Rainfall
2020-11-11,2020-11-18,46.0,2020,P039,19.510270485428137,79.9981368030594,Garhchiroli,normal,statewide,2.9024946689605713,1,7,CHIRPS Daily v2.0,Maharashtra,CHIRPS Rainfall
2020-11-11,2020-11-18,46.0,2020,P040,19.870365190999156,80.00935144220881,Garhchiroli,normal,statewide,0.0,1,7,CHIRPS Daily v2.0,Maharashtra,CHIRPS Rainfall
2020-11-11,2020-11-18,46.0,2020,P041,21.127639946725598,80.1465044724107,Gondiya,normal,statewide,0.0,1,7,CHIRPS Daily v2.0,Maharashtra,CHIRPS Rainfall
2020-11-11,2020-11-18,46.0,2020,P042,21.397598383602258,80.15591763473452,Gondiya,normal,statewide,0.0,1,7,CHIRPS Daily v2.0,Maharashtra,CHIRPS Rainfall
2020-11-11,2020-11-18,46.0,2020,P043,21.574548890706154,80.25847249986273,Gondiya,normal,statewide,0.0,1,7,CHIRPS Daily v2.0,Maharashtra,CHIRPS Rainfall
2020-11-11,2020-11-18,46.0,2020,P044,21.211649410572516,80.34153217518526,Gondiya,normal,statewide,0.0,1,7,CHIRPS Daily v2.0,Maharashtra,CHIRPS Rainfall
2020-11-11,2020-11-18,46.0,2020,P045,19.655900266732623,77.2407892392464,Hingoli,normal,statewide,2.557370185852051,1,7,CHIRPS Daily v2.0,Maharashtra,CHIRPS Rainfall
2020-11-11,2020-11-18,46.0,2020,P046,19.566758377573187,77.1442675378435,Hingoli,normal,statewide,0.0,1,7,CHIRPS Daily v2.0,Maharashtra,CHIRPS Rainfall
2020-11-11,2020-11-18,46.0,2020,P047,19.47860194974656,76.9526242927685,Hingoli,normal,statewide,2.6307015419006348,1,7,CHIRPS Daily v2.0,Maharashtra,CHIRPS Rainfall
2020-11-11,2020-11-18,46.0,2020,P048,19.927981235710728,77.14910120338544,Hingoli,normal,statewide,0.0,1,7,CHIRPS Daily v2.0,Maharashtra,CHIRPS Rainfall
2020-11-11,2020-11-18,46.0,2020,P049,21.292738163229433,76.10816865346904,Jalgaon,normal,statewide,0.0,1,7,CHIRPS Daily v2.0,Maharashtra,CHIRPS Rainfall
2020-11-11,2020-11-18,46.0,2020,P050,21.386178625804387,75.43363151891216,Jalgaon,normal,statewide,0.0,1,7,CHIRPS Daily v2.0,Maharashtra,CHIRPS Rainfall
2020-11-11,2020-11-18,46.0,2020,P051,21.112064306745907,76.10682200495089,Jalgaon,normal,statewide,0.0,1,7,CHIRPS Daily v2.0,Maharashtra,CHIRPS Rainfall
2020-11-11,2020-11-18,46.0,2020,P052,20.844437979720194,75.23982115072519,Jalgaon,normal,statewide,0.0,1,7,CHIRPS Daily v2.0,Maharashtra,CHIRPS Rainfall
2020-11-11,2020-11-18,46.0,2020,P053,19.486369703781666,76.00005328932718,Jalna,normal,statewide,0.0,1,7,CHIRPS Daily v2.0,Maharashtra,CHIRPS Rainfall
2020-11-11,2020-11-18,46.0,2020,P054,20.028502750758555,76.00343774702675,Jalna,normal,statewide,0.0,1,7,CHIRPS Daily v2.0,Maharashtra,CHIRPS Rainfall
2020-11-11,2020-11-18,46.0,2020,P055,19.75743845682064,76.00172991132328,Jalna,normal,statewide,0.0,1,7,CHIRPS Daily v2.0,Maharashtra,CHIRPS Rainfall
2020-11-11,2020-11-18,46.0,2020,P056,19.57768317515413,75.80993951591351,Jalna,normal,statewide,0.0,1,7,CHIRPS Daily v2.0,Maharashtra,CHIRPS Rainfall
2020-11-11,2020-11-18,46.0,2020,P057,16.776377793156257,74.29671235971928,Kolhapur,normal,statewide,0.0,1,7,CHIRPS Daily v2.0,Maharashtra,CHIRPS Rainfall
2020-11-11,2020-11-18,46.0,2020,P058,16.324416687682138,74.29834884980589,Kolhapur,normal,statewide,0.0,1,7,CHIRPS Daily v2.0,Maharashtra,CHIRPS Rainfall
2020-11-11,2020-11-18,46.0,2020,P059,16.595891218916975,74.39111598812178,Kolhapur,normal,statewide,0.0,1,7,CHIRPS Daily v2.0,Maharashtra,CHIRPS Rainfall
2020-11-11,2020-11-18,46.0,2020,P060,16.414811584237594,74.29802779453004,Kolhapur,normal,statewide,0.0,1,7,CHIRPS Daily v2.0,Maharashtra,CHIRPS Rainfall
2020-11-11,2020-11-18,46.0,2020,P086,21.054127206758487,79.56798961993874,Nagpur,normal,statewide,0.0,1,7,CHIRPS Daily v2.0,Maharashtra,CHIRPS Rainfall
2020-11-11,2020-11-18,46.0,2020,P087,21.146765031143822,79.47473643960802,Nagpur,normal,statewide,0.0,1,7,CHIRPS Daily v2.0,Maharashtra,CHIRPS Rainfall
2020-11-11,2020-11-18,46.0,2020,P088,21.347803602138427,78.61442869606356,Nagpur,normal,statewide,0.0,1,7,CHIRPS Daily v2.0,Maharashtra,CHIRPS Rainfall
2020-11-11,2020-11-18,46.0,2020,P089,21.165377318940912,78.70615240473293,Nagpur,normal,statewide,0.0,1,7,CHIRPS Daily v2.0,Maharashtra,CHIRPS Rainfall
2020-11-11,2020-11-18,46.0,2020,P090,19.201968238592887,77.42470040309472,Nanded,normal,statewide,2.0094215869903564,1,7,CHIRPS Daily v2.0,Maharashtra,CHIRPS Rainfall
2020-11-11,2020-11-18,46.0,2020,P091,18.566038000956755,77.69963965584807,Nanded,normal,statewide,3.1802127361297607,1,7,CHIRPS Daily v2.0,Maharashtra,CHIRPS Rainfall
2020-11-11,2020-11-18,46.0,2020,P092,19.736596618496833,77.90946265591798,Nanded,normal,statewide,0.0,1,7,CHIRPS Daily v2.0,Maharashtra,CHIRPS Rainfall
2020-11-11,2020-11-18,46.0,2020,P093,18.93564842817583,77.04115528508362,Nanded,normal,statewide,2.6272170543670654,1,7,CHIRPS Daily v2.0,Maharashtra,CHIRPS Rainfall
2020-11-11,2020-11-18,46.0,2020,P094,21.564917232430716,74.08292967791392,Nandurbar,normal,statewide,0.0,1,7,CHIRPS Daily v2.0,Maharashtra,CHIRPS Rainfall
2020-11-11,2020-11-18,46.0,2020,P095,21.5662594218478,74.37266422796263,Nandurbar,normal,statewide,0.0,1,7,CHIRPS Daily v2.0,Maharashtra,CHIRPS Rainfall
2020-11-11,2020-11-18,46.0,2020,P096,21.385179787168415,74.27697637845674,Nandurbar,normal,statewide,0.0,1,7,CHIRPS Daily v2.0,Maharashtra,CHIRPS Rainfall
2020-11-11,2020-11-18,46.0,2020,P097,21.565421110849755,74.17950488852946,Nandurbar,normal,statewide,0.0,1,7,CHIRPS Daily v2.0,Maharashtra,CHIRPS Rainfall
2020-11-11,2020-11-18,46.0,2020,P098,20.299553667393326,73.99482675929994,Nashik,normal,statewide,0.0,1,7,CHIRPS Daily v2.0,Maharashtra,CHIRPS Rainfall
2020-11-11,2020-11-18,46.0,2020,P099,20.120253214034264,74.28296495117151,Nashik,normal,statewide,0.0,1,7,CHIRPS Daily v2.0,Maharashtra,CHIRPS Rainfall
2020-11-11,2020-11-18,46.0,2020,P100,20.389903972938242,73.99424261706194,Nashik,normal,statewide,0.0,1,7,CHIRPS Daily v2.0,Maharashtra,CHIRPS Rainfall
2020-11-11,2020-11-18,46.0,2020,P101,20.029015547379707,74.09216447619562,Nashik,normal,statewide,0.0,1,7,CHIRPS Daily v2.0,Maharashtra,CHIRPS Rainfall
2020-11-11,2020-11-18,46.0,2020,P102,17.85749130266526,76.36802722645965,Osmanabad,normal,statewide,0.0,1,7,CHIRPS Daily v2.0,Maharashtra,CHIRPS Rainfall
2020-11-11,2020-11-18,46.0,2020,P103,17.76644983645705,76.46164605307673,Osmanabad,normal,statewide,2.7861711978912354,1,7,CHIRPS Daily v2.0,Maharashtra,CHIRPS Rainfall
2020-11-11,2020-11-18,46.0,2020,P104,17.949094615606196,76.17989775301476,Osmanabad,normal,statewide,0.0,1,7,CHIRPS Daily v2.0,Maharashtra,CHIRPS Rainfall
2020-11-11,2020-11-18,46.0,2020,P105,18.584360447185368,75.61558067829696,Osmanabad,normal,statewide,0.0,1,7,CHIRPS Daily v2.0,Maharashtra,CHIRPS Rainfall
2020-11-11,2020-11-18,46.0,2020,P106,19.031389786894366,76.47235681380711,Parbhani,normal,statewide,0.0,1,7,CHIRPS Daily v2.0,Maharashtra,CHIRPS Rainfall
2020-11-11,2020-11-18,46.0,2020,P107,19.120950831552832,76.56820519095093,Parbhani,normal,statewide,0.0,1,7,CHIRPS Daily v2.0,Maharashtra,CHIRPS Rainfall
2020-11-11,2020-11-18,46.0,2020,P108,19.208625676465683,76.85432786914635,Parbhani,normal,statewide,1.8360244035720825,1,7,CHIRPS Daily v2.0,Maharashtra,CHIRPS Rainfall
2020-11-11,2020-11-18,46.0,2020,P109,19.212081479782103,76.47396209018636,Parbhani,normal,statewide,0.0,1,7,CHIRPS Daily v2.0,Maharashtra,CHIRPS Rainfall
2020-11-11,2020-11-18,46.0,2020,P110,18.133442771357757,75.04679558432363,Pune,normal,statewide,0.0,1,7,CHIRPS Daily v2.0,Maharashtra,CHIRPS Rainfall
2020-11-11,2020-11-18,46.0,2020,P111,18.584645829652782,74.47919215212944,Pune,normal,statewide,0.0,1,7,CHIRPS Daily v2.0,Maharashtra,CHIRPS Rainfall
2020-11-11,2020-11-18,46.0,2020,P112,18.132979024848197,74.57507620208169,Pune,normal,statewide,2.7190334796905518,1,7,CHIRPS Daily v2.0,Maharashtra,CHIRPS Rainfall
2020-11-11,2020-11-18,46.0,2020,P113,18.314072036830744,74.76389683618987,Pune,normal,statewide,0.0,1,7,CHIRPS Daily v2.0,Maharashtra,CHIRPS Rainfall
2020-11-11,2020-11-18,46.0,2020,P114,18.48503397121986,73.0589238755964,Raigarh,normal,statewide,0.0,1,7,CHIRPS Daily v2.0,Maharashtra,CHIRPS Rainfall
2020-11-11,2020-11-18,46.0,2020,P115,18.665689991299164,73.05687714821288,Raigarh,normal,statewide,0.0,1,7,CHIRPS Daily v2.0,Maharashtra,CHIRPS Rainfall
2020-11-11,2020-11-18,46.0,2020,P116,18.306197264370358,73.25009891506079,Raigarh,normal,statewide,0.0,1,7,CHIRPS Daily v2.0,Maharashtra,CHIRPS Rainfall
2020-11-11,2020-11-18,46.0,2020,P117,18.21404102289879,73.06194714611064,Raigarh,normal,statewide,0.0,1,7,CHIRPS Daily v2.0,Maharashtra,CHIRPS Rainfall
2020-11-11,2020-11-18,46.0,2020,P118,17.138719885658215,75.42259970290594,Sangli,normal,statewide,0.0,1,7,CHIRPS Daily v2.0,Maharashtra,CHIRPS Rainfall
2020-11-11,2020-11-18,46.0,2020,P119,17.048761981005992,74.95348443567921,Sangli,normal,statewide,0.0,1,7,CHIRPS Daily v2.0,Maharashtra,CHIRPS Rainfall
2020-11-11,2020-11-18,46.0,2020,P120,16.86707144948229,74.39025538161847,Sangli,normal,statewide,0.0,1,7,CHIRPS Daily v2.0,Maharashtra,CHIRPS Rainfall
2020-11-11,2020-11-18,46.0,2020,P121,17.048503353144895,74.67157114887826,Sangli,normal,statewide,0.0,1,7,CHIRPS Daily v2.0,Maharashtra,CHIRPS Rainfall
2020-11-11,2020-11-18,46.0,2020,P148,17.67852974098626,76.08383979812143,Solapur,normal,statewide,0.0,1,7,CHIRPS Daily v2.0,Maharashtra,CHIRPS Rainfall
2020-11-11,2020-11-18,46.0,2020,P149,18.223365003201543,75.4251413905064,Solapur,normal,statewide,0.0,1,7,CHIRPS Daily v2.0,Maharashtra,CHIRPS Rainfall
2020-11-11,2020-11-18,46.0,2020,P150,17.952532582518405,75.23562067753285,Solapur,normal,statewide,0.0,1,7,CHIRPS Daily v2.0,Maharashtra,CHIRPS Rainfall
2020-11-11,2020-11-18,46.0,2020,P151,18.223690517578447,75.23598186471818,Solapur,normal,statewide,0.0,1,7,CHIRPS Daily v2.0,Maharashtra,CHIRPS Rainfall
2020-11-11,2020-11-18,46.0,2020,P152,19.658178867370932,72.94986318203122,Thane,normal,statewide,0.0,1,7,CHIRPS Daily v2.0,Maharashtra,CHIRPS Rainfall
2020-11-11,2020-11-18,46.0,2020,P153,19.65706409210757,72.8545320606096,Thane,normal,statewide,0.0,1,7,CHIRPS Daily v2.0,Maharashtra,CHIRPS Rainfall
2020-11-11,2020-11-18,46.0,2020,P154,19.477549601897948,72.95214624177059,Thane,normal,statewide,0.0,1,7,CHIRPS Daily v2.0,Maharashtra,CHIRPS Rainfall
2020-11-11,2020-11-18,46.0,2020,P155,19.83987385799569,73.0429959666335,Thane,normal,statewide,0.0,1,7,CHIRPS Daily v2.0,Maharashtra,CHIRPS Rainfall
2020-11-11,2020-11-18,46.0,2020,P156,20.806749657616468,78.60135461177485,Wardha,normal,statewide,0.0,1,7,CHIRPS Daily v2.0,Maharashtra,CHIRPS Rainfall
2020-11-11,2020-11-18,46.0,2020,P157,20.71031267913359,78.88671032458906,Wardha,normal,statewide,0.0,1,7,CHIRPS Daily v2.0,Maharashtra,CHIRPS Rainfall
2020-11-11,2020-11-18,46.0,2020,P158,21.081265295769754,78.41565980750515,Wardha,normal,statewide,0.0,1,7,CHIRPS Daily v2.0,Maharashtra,CHIRPS Rainfall
2020-11-11,2020-11-18,46.0,2020,P159,20.439854822938944,78.87986114537097,Wardha,normal,statewide,0.0,1,7,CHIRPS Daily v2.0,Maharashtra,CHIRPS Rainfall
2020-11-11,2020-11-18,46.0,2020,P160,20.289186257444058,77.15404188735265,Washim,normal,statewide,0.0,1,7,CHIRPS Daily v2.0,Maharashtra,CHIRPS Rainfall
2020-11-11,2020-11-18,46.0,2020,P161,20.464607292886615,77.53975858757677,Washim,normal,statewide,0.0,1,7,CHIRPS Daily v2.0,Maharashtra,CHIRPS Rainfall
2020-11-11,2020-11-18,46.0,2020,P162,20.107393166596125,77.2471479173486,Washim,normal,statewide,0.0,1,7,CHIRPS Daily v2.0,Maharashtra,CHIRPS Rainfall
2020-11-11,2020-11-18,46.0,2020,P163,20.198885002010726,77.1527933390577,Washim,normal,statewide,0.0,1,7,CHIRPS Daily v2.0,Maharashtra,CHIRPS Rainfall
2020-11-11,2020-11-18,46.0,2020,P164,20.182854533723592,78.20447678161395,Yavatmal,normal,statewide,0.0,1,7,CHIRPS Daily v2.0,Maharashtra,CHIRPS Rainfall
2020-11-11,2020-11-18,46.0,2020,P165,19.894658373538324,79.05709703494229,Yavatmal,normal,statewide,0.0,1,7,CHIRPS Daily v2.0,Maharashtra,CHIRPS Rainfall
2020-11-11,2020-11-18,46.0,2020,P166,19.468787468327925,77.71426550730338,Yavatmal,normal,statewide,0.0,1,7,CHIRPS Daily v2.0,Maharashtra,CHIRPS Rainfall
2020-11-11,2020-11-18,46.0,2020,P167,19.559057510053886,77.71577268345945,Yavatmal,normal,statewide,0.0,1,7,CHIRPS Daily v2.0,Maharashtra,CHIRPS Rainfall
2020-11-18,2020-11-25,47.0,2020,P147,17.927231643141155,73.94769852026607,Satara,case_study,case_study,8.698726654052734,1,7,CHIRPS Daily v2.0,Maharashtra,CHIRPS Rainfall
2020-11-18,2020-11-25,47.0,2020,P061,18.507855650411397,76.91766048140843,Latur,high,priority,4.201382160186768,1,7,CHIRPS Daily v2.0,Maharashtra,CHIRPS Rainfall
2020-11-18,2020-11-25,47.0,2020,P062,18.422405896924207,76.3487594508077,Latur,high,priority,0.0,1,7,CHIRPS Daily v2.0,Maharashtra,CHIRPS Rainfall
2020-11-18,2020-11-25,47.0,2020,P063,18.235391198742693,77.05646783810116,Latur,high,priority,0.0,1,7,CHIRPS Daily v2.0,Maharashtra,CHIRPS Rainfall
2020-11-18,2020-11-25,47.0,2020,P064,18.193056493341274,76.77240080549139,Latur,high,priority,0.0,1,7,CHIRPS Daily v2.0,Maharashtra,CHIRPS Rainfall
2020-11-18,2020-11-25,47.0,2020,P065,18.331355512513895,76.44266811899327,Latur,high,priority,0.0,1,7,CHIRPS Daily v2.0,Maharashtra,CHIRPS Rainfall
2020-11-18,2020-11-25,47.0,2020,P066,18.104739537876725,76.5352970251765,Latur,high,priority,0.0,1,7,CHIRPS Daily v2.0,Maharashtra,CHIRPS Rainfall
2020-11-18,2020-11-25,47.0,2020,P067,18.280552974211986,77.0569984711265,Latur,high,priority,0.0,1,7,CHIRPS Daily v2.0,Maharashtra,CHIRPS Rainfall
2020-11-18,2020-11-25,47.0,2020,P068,18.101823285787773,76.86595720469373,Latur,high,priority,0.0,1,7,CHIRPS Daily v2.0,Maharashtra,CHIRPS Rainfall
2020-11-18,2020-11-25,47.0,2020,P069,18.595075667016793,77.20284228928156,Latur,high,priority,4.475833415985107,1,7,CHIRPS Daily v2.0,Maharashtra,CHIRPS Rainfall
2020-11-18,2020-11-25,47.0,2020,P070,18.41499041187233,77.15322587185987,Latur,high,priority,0.0,1,7,CHIRPS Daily v2.0,Maharashtra,CHIRPS Rainfall
2020-11-18,2020-11-25,47.0,2020,P071,18.149138807065885,76.63019561379593,Latur,high,priority,0.0,1,7,CHIRPS Daily v2.0,Maharashtra,CHIRPS Rainfall
2020-11-18,2020-11-25,47.0,2020,P072,18.283393421583035,76.77331492120734,Latur,high,priority,0.0,1,7,CHIRPS Daily v2.0,Maharashtra,CHIRPS Rainfall
2020-11-18,2020-11-25,47.0,2020,P073,17.966315663874607,76.86453029235662,Latur,high,priority,0.0,1,7,CHIRPS Daily v2.0,Maharashtra,CHIRPS Rainfall
2020-11-18,2020-11-25,47.0,2020,P074,18.50832831512306,76.870318205524,Latur,high,priority,2.7567739486694336,1,7,CHIRPS Daily v2.0,Maharashtra,CHIRPS Rainfall
2020-11-18,2020-11-25,47.0,2020,P075,18.41444640154381,77.20053247493588,Latur,high,priority,0.0,1,7,CHIRPS Daily v2.0,Maharashtra,CHIRPS Rainfall
2020-11-18,2020-11-25,47.0,2020,P076,18.377877313804504,76.25376722106614,Latur,high,priority,0.0,1,7,CHIRPS Daily v2.0,Maharashtra,CHIRPS Rainfall
2020-11-18,2020-11-25,47.0,2020,P077,18.059564385104267,76.5349046242838,Latur,high,priority,0.0,1,7,CHIRPS Daily v2.0,Maharashtra,CHIRPS Rainfall
2020-11-18,2020-11-25,47.0,2020,P078,18.1008824154655,76.96042326051098,Latur,high,priority,3.02848219871521,1,7,CHIRPS Daily v2.0,Maharashtra,CHIRPS Rainfall
2020-11-18,2020-11-25,47.0,2020,P079,18.73508698099394,76.77797468180819,Latur,high,priority,3.3839566707611084,1,7,CHIRPS Daily v2.0,Maharashtra,CHIRPS Rainfall
2020-11-18,2020-11-25,47.0,2020,P080,18.46791548227568,76.3017694439065,Latur,high,priority,0.0,1,7,CHIRPS Daily v2.0,Maharashtra,CHIRPS Rainfall
2020-11-18,2020-11-25,47.0,2020,P081,18.10355787609756,76.67701617485712,Latur,high,priority,0.0,1,7,CHIRPS Daily v2.0,Maharashtra,CHIRPS Rainfall
2020-11-18,2020-11-25,47.0,2020,P082,18.23907887531389,76.67830931416262,Latur,high,priority,0.0,1,7,CHIRPS Daily v2.0,Maharashtra,CHIRPS Rainfall
2020-11-18,2020-11-25,47.0,2020,P083,18.369289085175563,77.19996171000103,Latur,high,priority,0.0,1,7,CHIRPS Daily v2.0,Maharashtra,CHIRPS Rainfall
2020-11-18,2020-11-25,47.0,2020,P084,18.46362582706226,76.82249880582684,Latur,high,priority,2.5553221702575684,1,7,CHIRPS Daily v2.0,Maharashtra,CHIRPS Rainfall
2020-11-18,2020-11-25,47.0,2020,P085,18.14788579966987,76.77194597718393,Latur,high,priority,0.0,1,7,CHIRPS Daily v2.0,Maharashtra,CHIRPS Rainfall
2020-11-18,2020-11-25,47.0,2020,P122,17.88145897082753,73.8441448165019,Satara,high,priority,9.601663589477539,1,7,CHIRPS Daily v2.0,Maharashtra,CHIRPS Rainfall
2020-11-18,2020-11-25,47.0,2020,P123,17.386414030975025,74.27088970551878,Satara,high,priority,6.062897682189941,1,7,CHIRPS Daily v2.0,Maharashtra,CHIRPS Rainfall
2020-11-18,2020-11-25,47.0,2020,P124,17.43262815429294,74.647353771057,Satara,high,priority,0.0,1,7,CHIRPS Daily v2.0,Maharashtra,CHIRPS Rainfall
2020-11-18,2020-11-25,47.0,2020,P125,17.56734651531964,74.31728219287884,Satara,high,priority,4.023733139038086,1,7,CHIRPS Daily v2.0,Maharashtra,CHIRPS Rainfall
2020-11-18,2020-11-25,47.0,2020,P126,17.205080227535593,74.13053949986157,Satara,high,priority,4.9020280838012695,1,7,CHIRPS Daily v2.0,Maharashtra,CHIRPS Rainfall
2020-11-18,2020-11-25,47.0,2020,P127,17.65773249367299,74.31694330119876,Satara,high,priority,3.5934512615203857,1,7,CHIRPS Daily v2.0,Maharashtra,CHIRPS Rainfall
2020-11-18,2020-11-25,47.0,2020,P128,18.019949731345452,74.5517328080669,Satara,high,priority,7.110815048217773,1,7,CHIRPS Daily v2.0,Maharashtra,CHIRPS Rainfall
2020-11-18,2020-11-25,47.0,2020,P129,18.063234225271252,74.03192648006461,Satara,high,priority,8.239981651306152,1,7,CHIRPS Daily v2.0,Maharashtra,CHIRPS Rainfall
2020-11-18,2020-11-25,47.0,2020,P130,17.61135784271715,74.03436560834085,Satara,high,priority,6.020759582519531,1,7,CHIRPS Daily v2.0,Maharashtra,CHIRPS Rainfall
2020-11-18,2020-11-25,47.0,2020,P131,17.612539504496315,74.3171127470388,Satara,high,priority,3.562304973602295,1,7,CHIRPS Daily v2.0,Maharashtra,CHIRPS Rainfall
2020-11-18,2020-11-25,47.0,2020,P132,17.702176353872684,74.12817617630324,Satara,high,priority,5.656724452972412,1,7,CHIRPS Daily v2.0,Maharashtra,CHIRPS Rainfall
2020-11-18,2020-11-25,47.0,2020,P133,17.25006363896275,74.08329532420031,Satara,high,priority,5.754908084869385,1,7,CHIRPS Daily v2.0,Maharashtra,CHIRPS Rainfall
2020-11-18,2020-11-25,47.0,2020,P134,17.476429903940936,74.17634784498362,Satara,high,priority,4.441874027252197,1,7,CHIRPS Daily v2.0,Maharashtra,CHIRPS Rainfall
2020-11-18,2020-11-25,47.0,2020,P135,17.882716437324603,74.0801070669471,Satara,high,priority,9.127782821655273,1,7,CHIRPS Daily v2.0,Maharashtra,CHIRPS Rainfall
2020-11-18,2020-11-25,47.0,2020,P136,17.928520323345598,74.22149178404871,Satara,high,priority,7.474928855895996,1,7,CHIRPS Daily v2.0,Maharashtra,CHIRPS Rainfall
2020-11-18,2020-11-25,47.0,2020,P137,17.746687100588183,73.98648378122894,Satara,high,priority,5.08707857131958,1,7,CHIRPS Daily v2.0,Maharashtra,CHIRPS Rainfall
2020-11-18,2020-11-25,47.0,2020,P138,17.61269557303319,74.36423652697161,Satara,high,priority,3.7676894664764404,1,7,CHIRPS Daily v2.0,Maharashtra,CHIRPS Rainfall
2020-11-18,2020-11-25,47.0,2020,P139,17.656773786946495,74.08126197411994,Satara,high,priority,6.011361122131348,1,7,CHIRPS Daily v2.0,Maharashtra,CHIRPS Rainfall
2020-11-18,2020-11-25,47.0,2020,P140,17.97464080554139,74.50462240543725,Satara,high,priority,5.947566986083984,1,7,CHIRPS Daily v2.0,Maharashtra,CHIRPS Rainfall
2020-11-18,2020-11-25,47.0,2020,P141,17.430826677467348,74.08239904488856,Satara,high,priority,3.936802387237549,1,7,CHIRPS Daily v2.0,Maharashtra,CHIRPS Rainfall
2020-11-18,2020-11-25,47.0,2020,P142,18.064447100757786,74.31538707493111,Satara,high,priority,7.584861755371094,1,7,CHIRPS Daily v2.0,Maharashtra,CHIRPS Rainfall
2020-11-18,2020-11-25,47.0,2020,P143,17.70379500755509,74.6468275971327,Satara,high,priority,0.0,1,7,CHIRPS Daily v2.0,Maharashtra,CHIRPS Rainfall
2020-11-18,2020-11-25,47.0,2020,P144,17.929452275465767,74.50474726026674,Satara,high,priority,0.0,1,7,CHIRPS Daily v2.0,Maharashtra,CHIRPS Rainfall
2020-11-18,2020-11-25,47.0,2020,P145,17.47773196144854,74.60017202281048,Satara,high,priority,10.14432144165039,1,7,CHIRPS Daily v2.0,Maharashtra,CHIRPS Rainfall
2020-11-18,2020-11-25,47.0,2020,P146,17.839182233739812,74.55218763637436,Satara,high,priority,6.286215782165527,1,7,CHIRPS Daily v2.0,Maharashtra,CHIRPS Rainfall
2020-11-18,2020-11-25,47.0,2020,P001,19.940457800458272,74.57045211428928,Ahmednagar,normal,statewide,6.36452579498291,1,7,CHIRPS Daily v2.0,Maharashtra,CHIRPS Rainfall
2020-11-18,2020-11-25,47.0,2020,P002,18.946729294293643,74.76302285238339,Ahmednagar,normal,statewide,7.3972859382629395,1,7,CHIRPS Daily v2.0,Maharashtra,CHIRPS Rainfall
2020-11-18,2020-11-25,47.0,2020,P003,18.49469238410162,74.66892244285252,Ahmednagar,normal,statewide,7.585032224655151,1,7,CHIRPS Daily v2.0,Maharashtra,CHIRPS Rainfall
2020-11-18,2020-11-25,47.0,2020,P004,19.03720445466806,75.1420731965326,Ahmednagar,normal,statewide,3.3981716632843018,1,7,CHIRPS Daily v2.0,Maharashtra,CHIRPS Rainfall
2020-11-18,2020-11-25,47.0,2020,P005,20.832153156317954,77.06560453615967,Akola,normal,statewide,6.663025379180908,1,7,CHIRPS Daily v2.0,Maharashtra,CHIRPS Rainfall
2020-11-18,2020-11-25,47.0,2020,P006,20.834360411339407,76.87349308547405,Akola,normal,statewide,0.0,1,7,CHIRPS Daily v2.0,Maharashtra,CHIRPS Rainfall
2020-11-18,2020-11-25,47.0,2020,P007,21.014976299509232,76.87574047240498,Akola,normal,statewide,0.0,1,7,CHIRPS Daily v2.0,Maharashtra,CHIRPS Rainfall
2020-11-18,2020-11-25,47.0,2020,P008,20.828434266039377,77.35372489162701,Akola,normal,statewide,0.0,1,7,CHIRPS Daily v2.0,Maharashtra,CHIRPS Rainfall
2020-11-18,2020-11-25,47.0,2020,P009,21.360971327549258,77.94039543992572,Amravati,normal,statewide,2.541522264480591,1,7,CHIRPS Daily v2.0,Maharashtra,CHIRPS Rainfall
2020-11-18,2020-11-25,47.0,2020,P010,21.178803672212837,78.03301542790685,Amravati,normal,statewide,1.9887827634811401,1,7,CHIRPS Daily v2.0,Maharashtra,CHIRPS Rainfall
2020-11-18,2020-11-25,47.0,2020,P011,20.814388097721018,78.21764450702477,Amravati,normal,statewide,2.779644012451172,1,7,CHIRPS Daily v2.0,Maharashtra,CHIRPS Rainfall
2020-11-18,2020-11-25,47.0,2020,P012,21.180502589714195,77.93681032267875,Amravati,normal,statewide,2.8964810371398926,1,7,CHIRPS Daily v2.0,Maharashtra,CHIRPS Rainfall
2020-11-18,2020-11-25,47.0,2020,P013,20.031289688916964,74.8570519162974,Aurangabad,normal,statewide,2.96663761138916,1,7,CHIRPS Daily v2.0,Maharashtra,CHIRPS Rainfall
2020-11-18,2020-11-25,47.0,2020,P014,19.760185263069562,75.14270192978114,Aurangabad,normal,statewide,7.45534610748291,1,7,CHIRPS Daily v2.0,Maharashtra,CHIRPS Rainfall
2020-11-18,2020-11-25,47.0,2020,P015,19.9408189876436,74.76157364454102,Aurangabad,normal,statewide,7.664978981018066,1,7,CHIRPS Daily v2.0,Maharashtra,CHIRPS Rainfall
2020-11-18,2020-11-25,47.0,2020,P016,19.66981712112043,75.14262166596218,Aurangabad,normal,statewide,0.0,1,7,CHIRPS Daily v2.0,Maharashtra,CHIRPS Rainfall
2020-11-18,2020-11-25,47.0,2020,P017,21.04613203856966,79.85576216552393,Bhandara,normal,statewide,0.0,1,7,CHIRPS Daily v2.0,Maharashtra,CHIRPS Rainfall
2020-11-18,2020-11-25,47.0,2020,P018,21.31897105472685,79.76852877161537,Bhandara,normal,statewide,2.4529244899749756,1,7,CHIRPS Daily v2.0,Maharashtra,CHIRPS Rainfall
2020-11-18,2020-11-25,47.0,2020,P019,21.40900922319803,79.77144948280537,Bhandara,normal,statewide,2.507310628890991,1,7,CHIRPS Daily v2.0,Maharashtra,CHIRPS Rainfall
2020-11-18,2020-11-25,47.0,2020,P020,21.144196588937042,79.57074980349083,Bhandara,normal,statewide,0.0,1,7,CHIRPS Daily v2.0,Maharashtra,CHIRPS Rainfall
2020-11-18,2020-11-25,47.0,2020,P021,18.67502288980403,75.52108340877234,Bid,normal,statewide,2.846532106399536,1,7,CHIRPS Daily v2.0,Maharashtra,CHIRPS Rainfall
2020-11-18,2020-11-25,47.0,2020,P022,18.856499384477168,75.04699178476999,Bid,normal,statewide,7.719876050949097,1,7,CHIRPS Daily v2.0,Maharashtra,CHIRPS Rainfall
2020-11-18,2020-11-25,47.0,2020,P023,19.126596053486494,75.6175605191647,Bid,normal,statewide,2.6692841053009033,1,7,CHIRPS Daily v2.0,Maharashtra,CHIRPS Rainfall
2020-11-18,2020-11-25,47.0,2020,P024,18.763955201213946,75.90084720909012,Bid,normal,statewide,5.278663158416748,1,7,CHIRPS Daily v2.0,Maharashtra,CHIRPS Rainfall
2020-11-18,2020-11-25,47.0,2020,P025,20.93073496240753,76.20164478885242,Buldana,normal,statewide,2.5444347858428955,1,7,CHIRPS Daily v2.0,Maharashtra,CHIRPS Rainfall
2020-11-18,2020-11-25,47.0,2020,P026,20.838939908121294,76.39311412898633,Buldana,normal,statewide,0.0,1,7,CHIRPS Daily v2.0,Maharashtra,CHIRPS Rainfall
2020-11-18,2020-11-25,47.0,2020,P027,20.657476790751314,76.48742857536776,Buldana,normal,statewide,3.4837327003479004,1,7,CHIRPS Daily v2.0,Maharashtra,CHIRPS Rainfall
2020-11-18,2020-11-25,47.0,2020,P028,20.47967013624516,76.10222021266374,Buldana,normal,statewide,3.7982981204986572,1,7,CHIRPS Daily v2.0,Maharashtra,CHIRPS Rainfall
2020-11-18,2020-11-25,47.0,2020,P029,20.32317798477448,79.92829390325927,Chandrapur,normal,statewide,0.0,1,7,CHIRPS Daily v2.0,Maharashtra,CHIRPS Rainfall
2020-11-18,2020-11-25,47.0,2020,P030,20.60872097983294,79.36304041732026,Chandrapur,normal,statewide,0.0,1,7,CHIRPS Daily v2.0,Maharashtra,CHIRPS Rainfall
2020-11-18,2020-11-25,47.0,2020,P031,20.511160307884595,79.64732594588165,Chandrapur,normal,statewide,0.0,1,7,CHIRPS Daily v2.0,Maharashtra,CHIRPS Rainfall
2020-11-18,2020-11-25,47.0,2020,P032,20.598621115946884,79.74569817422172,Chandrapur,normal,statewide,0.0,1,7,CHIRPS Daily v2.0,Maharashtra,CHIRPS Rainfall
2020-11-18,2020-11-25,47.0,2020,P033,21.38667804512237,75.14422248324037,Dhule,normal,statewide,0.0,1,7,CHIRPS Daily v2.0,Maharashtra,CHIRPS Rainfall
2020-11-18,2020-11-25,47.0,2020,P034,21.025151968113196,74.75989256344387,Dhule,normal,statewide,0.0,1,7,CHIRPS Daily v2.0,Maharashtra,CHIRPS Rainfall
2020-11-18,2020-11-25,47.0,2020,P035,21.477028350667293,74.85568743137505,Dhule,normal,statewide,0.0,1,7,CHIRPS Daily v2.0,Maharashtra,CHIRPS Rainfall
2020-11-18,2020-11-25,47.0,2020,P036,20.933820660336515,74.37533522949364,Dhule,normal,statewide,5.0591607093811035,1,7,CHIRPS Daily v2.0,Maharashtra,CHIRPS Rainfall
2020-11-18,2020-11-25,47.0,2020,P037,19.963056524597132,79.91698116388667,Garhchiroli,normal,statewide,0.0,1,7,CHIRPS Daily v2.0,Maharashtra,CHIRPS Rainfall
2020-11-18,2020-11-25,47.0,2020,P038,19.062661462582188,79.88977172925856,Garhchiroli,normal,statewide,0.0,1,7,CHIRPS Daily v2.0,Maharashtra,CHIRPS Rainfall
2020-11-18,2020-11-25,47.0,2020,P039,19.510270485428137,79.9981368030594,Garhchiroli,normal,statewide,2.9857122898101807,1,7,CHIRPS Daily v2.0,Maharashtra,CHIRPS Rainfall
2020-11-18,2020-11-25,47.0,2020,P040,19.870365190999156,80.00935144220881,Garhchiroli,normal,statewide,0.0,1,7,CHIRPS Daily v2.0,Maharashtra,CHIRPS Rainfall
2020-11-18,2020-11-25,47.0,2020,P041,21.127639946725598,80.1465044724107,Gondiya,normal,statewide,0.0,1,7,CHIRPS Daily v2.0,Maharashtra,CHIRPS Rainfall
2020-11-18,2020-11-25,47.0,2020,P042,21.397598383602258,80.15591763473452,Gondiya,normal,statewide,2.704824686050415,1,7,CHIRPS Daily v2.0,Maharashtra,CHIRPS Rainfall
2020-11-18,2020-11-25,47.0,2020,P043,21.574548890706154,80.25847249986273,Gondiya,normal,statewide,0.0,1,7,CHIRPS Daily v2.0,Maharashtra,CHIRPS Rainfall
2020-11-18,2020-11-25,47.0,2020,P044,21.211649410572516,80.34153217518526,Gondiya,normal,statewide,0.0,1,7,CHIRPS Daily v2.0,Maharashtra,CHIRPS Rainfall
2020-11-18,2020-11-25,47.0,2020,P045,19.655900266732623,77.2407892392464,Hingoli,normal,statewide,3.3406872749328613,1,7,CHIRPS Daily v2.0,Maharashtra,CHIRPS Rainfall
2020-11-18,2020-11-25,47.0,2020,P046,19.566758377573187,77.1442675378435,Hingoli,normal,statewide,2.817765474319458,1,7,CHIRPS Daily v2.0,Maharashtra,CHIRPS Rainfall
2020-11-18,2020-11-25,47.0,2020,P047,19.47860194974656,76.9526242927685,Hingoli,normal,statewide,0.0,1,7,CHIRPS Daily v2.0,Maharashtra,CHIRPS Rainfall
2020-11-18,2020-11-25,47.0,2020,P048,19.927981235710728,77.14910120338544,Hingoli,normal,statewide,4.5363569259643555,1,7,CHIRPS Daily v2.0,Maharashtra,CHIRPS Rainfall
2020-11-18,2020-11-25,47.0,2020,P049,21.292738163229433,76.10816865346904,Jalgaon,normal,statewide,4.622809886932373,1,7,CHIRPS Daily v2.0,Maharashtra,CHIRPS Rainfall
2020-11-18,2020-11-25,47.0,2020,P050,21.386178625804387,75.43363151891216,Jalgaon,normal,statewide,0.0,1,7,CHIRPS Daily v2.0,Maharashtra,CHIRPS Rainfall
2020-11-18,2020-11-25,47.0,2020,P051,21.112064306745907,76.10682200495089,Jalgaon,normal,statewide,0.0,1,7,CHIRPS Daily v2.0,Maharashtra,CHIRPS Rainfall
2020-11-18,2020-11-25,47.0,2020,P052,20.844437979720194,75.23982115072519,Jalgaon,normal,statewide,4.373433589935303,1,7,CHIRPS Daily v2.0,Maharashtra,CHIRPS Rainfall
2020-11-18,2020-11-25,47.0,2020,P053,19.486369703781666,76.00005328932718,Jalna,normal,statewide,2.4799232482910156,1,7,CHIRPS Daily v2.0,Maharashtra,CHIRPS Rainfall
2020-11-18,2020-11-25,47.0,2020,P054,20.028502750758555,76.00343774702675,Jalna,normal,statewide,6.029219627380371,1,7,CHIRPS Daily v2.0,Maharashtra,CHIRPS Rainfall
2020-11-18,2020-11-25,47.0,2020,P055,19.75743845682064,76.00172991132328,Jalna,normal,statewide,0.0,1,7,CHIRPS Daily v2.0,Maharashtra,CHIRPS Rainfall
2020-11-18,2020-11-25,47.0,2020,P056,19.57768317515413,75.80993951591351,Jalna,normal,statewide,0.0,1,7,CHIRPS Daily v2.0,Maharashtra,CHIRPS Rainfall
2020-11-18,2020-11-25,47.0,2020,P057,16.776377793156257,74.29671235971928,Kolhapur,normal,statewide,5.164732456207275,1,7,CHIRPS Daily v2.0,Maharashtra,CHIRPS Rainfall
2020-11-18,2020-11-25,47.0,2020,P058,16.324416687682138,74.29834884980589,Kolhapur,normal,statewide,4.1297383308410645,1,7,CHIRPS Daily v2.0,Maharashtra,CHIRPS Rainfall
2020-11-18,2020-11-25,47.0,2020,P059,16.595891218916975,74.39111598812178,Kolhapur,normal,statewide,2.6067562103271484,1,7,CHIRPS Daily v2.0,Maharashtra,CHIRPS Rainfall
2020-11-18,2020-11-25,47.0,2020,P060,16.414811584237594,74.29802779453004,Kolhapur,normal,statewide,4.0066375732421875,1,7,CHIRPS Daily v2.0,Maharashtra,CHIRPS Rainfall
2020-11-18,2020-11-25,47.0,2020,P086,21.054127206758487,79.56798961993874,Nagpur,normal,statewide,0.0,1,7,CHIRPS Daily v2.0,Maharashtra,CHIRPS Rainfall
2020-11-18,2020-11-25,47.0,2020,P087,21.146765031143822,79.47473643960802,Nagpur,normal,statewide,0.0,1,7,CHIRPS Daily v2.0,Maharashtra,CHIRPS Rainfall
2020-11-18,2020-11-25,47.0,2020,P088,21.347803602138427,78.61442869606356,Nagpur,normal,statewide,2.7195558547973633,1,7,CHIRPS Daily v2.0,Maharashtra,CHIRPS Rainfall
2020-11-18,2020-11-25,47.0,2020,P089,21.165377318940912,78.70615240473293,Nagpur,normal,statewide,2.655689239501953,1,7,CHIRPS Daily v2.0,Maharashtra,CHIRPS Rainfall
2020-11-18,2020-11-25,47.0,2020,P090,19.201968238592887,77.42470040309472,Nanded,normal,statewide,0.0,1,7,CHIRPS Daily v2.0,Maharashtra,CHIRPS Rainfall
2020-11-18,2020-11-25,47.0,2020,P091,18.566038000956755,77.69963965584807,Nanded,normal,statewide,0.0,1,7,CHIRPS Daily v2.0,Maharashtra,CHIRPS Rainfall
2020-11-18,2020-11-25,47.0,2020,P092,19.736596618496833,77.90946265591798,Nanded,normal,statewide,5.8275816440582275,1,7,CHIRPS Daily v2.0,Maharashtra,CHIRPS Rainfall
2020-11-18,2020-11-25,47.0,2020,P093,18.93564842817583,77.04115528508362,Nanded,normal,statewide,2.7475974559783936,1,7,CHIRPS Daily v2.0,Maharashtra,CHIRPS Rainfall
2020-11-18,2020-11-25,47.0,2020,P094,21.564917232430716,74.08292967791392,Nandurbar,normal,statewide,4.382063865661621,1,7,CHIRPS Daily v2.0,Maharashtra,CHIRPS Rainfall
2020-11-18,2020-11-25,47.0,2020,P095,21.5662594218478,74.37266422796263,Nandurbar,normal,statewide,5.344875335693359,1,7,CHIRPS Daily v2.0,Maharashtra,CHIRPS Rainfall
2020-11-18,2020-11-25,47.0,2020,P096,21.385179787168415,74.27697637845674,Nandurbar,normal,statewide,0.0,1,7,CHIRPS Daily v2.0,Maharashtra,CHIRPS Rainfall
2020-11-18,2020-11-25,47.0,2020,P097,21.565421110849755,74.17950488852946,Nandurbar,normal,statewide,6.07894229888916,1,7,CHIRPS Daily v2.0,Maharashtra,CHIRPS Rainfall
2020-11-18,2020-11-25,47.0,2020,P098,20.299553667393326,73.99482675929994,Nashik,normal,statewide,4.305045127868652,1,7,CHIRPS Daily v2.0,Maharashtra,CHIRPS Rainfall
2020-11-18,2020-11-25,47.0,2020,P099,20.120253214034264,74.28296495117151,Nashik,normal,statewide,6.614174842834473,1,7,CHIRPS Daily v2.0,Maharashtra,CHIRPS Rainfall
2020-11-18,2020-11-25,47.0,2020,P100,20.389903972938242,73.99424261706194,Nashik,normal,statewide,4.158714294433594,1,7,CHIRPS Daily v2.0,Maharashtra,CHIRPS Rainfall
2020-11-18,2020-11-25,47.0,2020,P101,20.029015547379707,74.09216447619562,Nashik,normal,statewide,2.833869695663452,1,7,CHIRPS Daily v2.0,Maharashtra,CHIRPS Rainfall
2020-11-18,2020-11-25,47.0,2020,P102,17.85749130266526,76.36802722645965,Osmanabad,normal,statewide,0.0,1,7,CHIRPS Daily v2.0,Maharashtra,CHIRPS Rainfall
2020-11-18,2020-11-25,47.0,2020,P103,17.76644983645705,76.46164605307673,Osmanabad,normal,statewide,2.781451940536499,1,7,CHIRPS Daily v2.0,Maharashtra,CHIRPS Rainfall
2020-11-18,2020-11-25,47.0,2020,P104,17.949094615606196,76.17989775301476,Osmanabad,normal,statewide,0.0,1,7,CHIRPS Daily v2.0,Maharashtra,CHIRPS Rainfall
2020-11-18,2020-11-25,47.0,2020,P105,18.584360447185368,75.61558067829696,Osmanabad,normal,statewide,0.0,1,7,CHIRPS Daily v2.0,Maharashtra,CHIRPS Rainfall
2020-11-18,2020-11-25,47.0,2020,P106,19.031389786894366,76.47235681380711,Parbhani,normal,statewide,2.262756824493408,1,7,CHIRPS Daily v2.0,Maharashtra,CHIRPS Rainfall
2020-11-18,2020-11-25,47.0,2020,P107,19.120950831552832,76.56820519095093,Parbhani,normal,statewide,2.1111581325531006,1,7,CHIRPS Daily v2.0,Maharashtra,CHIRPS Rainfall
2020-11-18,2020-11-25,47.0,2020,P108,19.208625676465683,76.85432786914635,Parbhani,normal,statewide,0.0,1,7,CHIRPS Daily v2.0,Maharashtra,CHIRPS Rainfall
2020-11-18,2020-11-25,47.0,2020,P109,19.212081479782103,76.47396209018636,Parbhani,normal,statewide,0.0,1,7,CHIRPS Daily v2.0,Maharashtra,CHIRPS Rainfall
2020-11-18,2020-11-25,47.0,2020,P110,18.133442771357757,75.04679558432363,Pune,normal,statewide,0.0,1,7,CHIRPS Daily v2.0,Maharashtra,CHIRPS Rainfall
2020-11-18,2020-11-25,47.0,2020,P111,18.584645829652782,74.47919215212944,Pune,normal,statewide,9.08314299583435,1,7,CHIRPS Daily v2.0,Maharashtra,CHIRPS Rainfall
2020-11-18,2020-11-25,47.0,2020,P112,18.132979024848197,74.57507620208169,Pune,normal,statewide,5.387773513793945,1,7,CHIRPS Daily v2.0,Maharashtra,CHIRPS Rainfall
2020-11-18,2020-11-25,47.0,2020,P113,18.314072036830744,74.76389683618987,Pune,normal,statewide,6.934303045272827,1,7,CHIRPS Daily v2.0,Maharashtra,CHIRPS Rainfall
2020-11-18,2020-11-25,47.0,2020,P114,18.48503397121986,73.0589238755964,Raigarh,normal,statewide,2.5806939601898193,1,7,CHIRPS Daily v2.0,Maharashtra,CHIRPS Rainfall
2020-11-18,2020-11-25,47.0,2020,P115,18.665689991299164,73.05687714821288,Raigarh,normal,statewide,3.6600494384765625,1,7,CHIRPS Daily v2.0,Maharashtra,CHIRPS Rainfall
2020-11-18,2020-11-25,47.0,2020,P116,18.306197264370358,73.25009891506079,Raigarh,normal,statewide,0.0,1,7,CHIRPS Daily v2.0,Maharashtra,CHIRPS Rainfall
2020-11-18,2020-11-25,47.0,2020,P117,18.21404102289879,73.06194714611064,Raigarh,normal,statewide,0.0,1,7,CHIRPS Daily v2.0,Maharashtra,CHIRPS Rainfall
2020-11-18,2020-11-25,47.0,2020,P118,17.138719885658215,75.42259970290594,Sangli,normal,statewide,0.0,1,7,CHIRPS Daily v2.0,Maharashtra,CHIRPS Rainfall
2020-11-18,2020-11-25,47.0,2020,P119,17.048761981005992,74.95348443567921,Sangli,normal,statewide,0.0,1,7,CHIRPS Daily v2.0,Maharashtra,CHIRPS Rainfall
2020-11-18,2020-11-25,47.0,2020,P120,16.86707144948229,74.39025538161847,Sangli,normal,statewide,6.5096964836120605,1,7,CHIRPS Daily v2.0,Maharashtra,CHIRPS Rainfall
2020-11-18,2020-11-25,47.0,2020,P121,17.048503353144895,74.67157114887826,Sangli,normal,statewide,0.0,1,7,CHIRPS Daily v2.0,Maharashtra,CHIRPS Rainfall
2020-11-18,2020-11-25,47.0,2020,P148,17.67852974098626,76.08383979812143,Solapur,normal,statewide,0.0,1,7,CHIRPS Daily v2.0,Maharashtra,CHIRPS Rainfall
2020-11-18,2020-11-25,47.0,2020,P149,18.223365003201543,75.4251413905064,Solapur,normal,statewide,0.0,1,7,CHIRPS Daily v2.0,Maharashtra,CHIRPS Rainfall
2020-11-18,2020-11-25,47.0,2020,P150,17.952532582518405,75.23562067753285,Solapur,normal,statewide,0.0,1,7,CHIRPS Daily v2.0,Maharashtra,CHIRPS Rainfall
2020-11-18,2020-11-25,47.0,2020,P151,18.223690517578447,75.23598186471818,Solapur,normal,statewide,2.945354461669922,1,7,CHIRPS Daily v2.0,Maharashtra,CHIRPS Rainfall
2020-11-18,2020-11-25,47.0,2020,P152,19.658178867370932,72.94986318203122,Thane,normal,statewide,5.824462413787842,1,7,CHIRPS Daily v2.0,Maharashtra,CHIRPS Rainfall
2020-11-18,2020-11-25,47.0,2020,P153,19.65706409210757,72.8545320606096,Thane,normal,statewide,5.532864570617676,1,7,CHIRPS Daily v2.0,Maharashtra,CHIRPS Rainfall
2020-11-18,2020-11-25,47.0,2020,P154,19.477549601897948,72.95214624177059,Thane,normal,statewide,6.079906463623047,1,7,CHIRPS Daily v2.0,Maharashtra,CHIRPS Rainfall
2020-11-18,2020-11-25,47.0,2020,P155,19.83987385799569,73.0429959666335,Thane,normal,statewide,4.889767169952393,1,7,CHIRPS Daily v2.0,Maharashtra,CHIRPS Rainfall
2020-11-18,2020-11-25,47.0,2020,P156,20.806749657616468,78.60135461177485,Wardha,normal,statewide,0.0,1,7,CHIRPS Daily v2.0,Maharashtra,CHIRPS Rainfall
2020-11-18,2020-11-25,47.0,2020,P157,20.71031267913359,78.88671032458906,Wardha,normal,statewide,0.0,1,7,CHIRPS Daily v2.0,Maharashtra,CHIRPS Rainfall
2020-11-18,2020-11-25,47.0,2020,P158,21.081265295769754,78.41565980750515,Wardha,normal,statewide,2.248929262161255,1,7,CHIRPS Daily v2.0,Maharashtra,CHIRPS Rainfall
2020-11-18,2020-11-25,47.0,2020,P159,20.439854822938944,78.87986114537097,Wardha,normal,statewide,0.0,1,7,CHIRPS Daily v2.0,Maharashtra,CHIRPS Rainfall
2020-11-18,2020-11-25,47.0,2020,P160,20.289186257444058,77.15404188735265,Washim,normal,statewide,4.458306789398193,1,7,CHIRPS Daily v2.0,Maharashtra,CHIRPS Rainfall
2020-11-18,2020-11-25,47.0,2020,P161,20.464607292886615,77.53975858757677,Washim,normal,statewide,4.842744827270508,1,7,CHIRPS Daily v2.0,Maharashtra,CHIRPS Rainfall
2020-11-18,2020-11-25,47.0,2020,P162,20.107393166596125,77.2471479173486,Washim,normal,statewide,4.496255874633789,1,7,CHIRPS Daily v2.0,Maharashtra,CHIRPS Rainfall
2020-11-18,2020-11-25,47.0,2020,P163,20.198885002010726,77.1527933390577,Washim,normal,statewide,4.576964378356934,1,7,CHIRPS Daily v2.0,Maharashtra,CHIRPS Rainfall
2020-11-18,2020-11-25,47.0,2020,P164,20.182854533723592,78.20447678161395,Yavatmal,normal,statewide,2.680809497833252,1,7,CHIRPS Daily v2.0,Maharashtra,CHIRPS Rainfall
2020-11-18,2020-11-25,47.0,2020,P165,19.894658373538324,79.05709703494229,Yavatmal,normal,statewide,0.0,1,7,CHIRPS Daily v2.0,Maharashtra,CHIRPS Rainfall
2020-11-18,2020-11-25,47.0,2020,P166,19.468787468327925,77.71426550730338,Yavatmal,normal,statewide,3.8958542346954346,1,7,CHIRPS Daily v2.0,Maharashtra,CHIRPS Rainfall
2020-11-18,2020-11-25,47.0,2020,P167,19.559057510053886,77.71577268345945,Yavatmal,normal,statewide,6.696805477142334,1,7,CHIRPS Daily v2.0,Maharashtra,CHIRPS Rainfall
2020-11-25,2020-12-02,48.0,2020,P147,17.927231643141155,73.94769852026607,Satara,case_study,case_study,0.0,1,7,CHIRPS Daily v2.0,Maharashtra,CHIRPS Rainfall
2020-11-25,2020-12-02,48.0,2020,P061,18.507855650411397,76.91766048140843,Latur,high,priority,0.0,1,7,CHIRPS Daily v2.0,Maharashtra,CHIRPS Rainfall
2020-11-25,2020-12-02,48.0,2020,P062,18.422405896924207,76.3487594508077,Latur,high,priority,0.0,1,7,CHIRPS Daily v2.0,Maharashtra,CHIRPS Rainfall
2020-11-25,2020-12-02,48.0,2020,P063,18.235391198742693,77.05646783810116,Latur,high,priority,0.0,1,7,CHIRPS Daily v2.0,Maharashtra,CHIRPS Rainfall
2020-11-25,2020-12-02,48.0,2020,P064,18.193056493341274,76.77240080549139,Latur,high,priority,0.0,1,7,CHIRPS Daily v2.0,Maharashtra,CHIRPS Rainfall
2020-11-25,2020-12-02,48.0,2020,P065,18.331355512513895,76.44266811899327,Latur,high,priority,0.0,1,7,CHIRPS Daily v2.0,Maharashtra,CHIRPS Rainfall
2020-11-25,2020-12-02,48.0,2020,P066,18.104739537876725,76.5352970251765,Latur,high,priority,0.0,1,7,CHIRPS Daily v2.0,Maharashtra,CHIRPS Rainfall
2020-11-25,2020-12-02,48.0,2020,P067,18.280552974211986,77.0569984711265,Latur,high,priority,0.0,1,7,CHIRPS Daily v2.0,Maharashtra,CHIRPS Rainfall
2020-11-25,2020-12-02,48.0,2020,P068,18.101823285787773,76.86595720469373,Latur,high,priority,0.0,1,7,CHIRPS Daily v2.0,Maharashtra,CHIRPS Rainfall
2020-11-25,2020-12-02,48.0,2020,P069,18.595075667016793,77.20284228928156,Latur,high,priority,0.0,1,7,CHIRPS Daily v2.0,Maharashtra,CHIRPS Rainfall
2020-11-25,2020-12-02,48.0,2020,P070,18.41499041187233,77.15322587185987,Latur,high,priority,0.0,1,7,CHIRPS Daily v2.0,Maharashtra,CHIRPS Rainfall
2020-11-25,2020-12-02,48.0,2020,P071,18.149138807065885,76.63019561379593,Latur,high,priority,0.0,1,7,CHIRPS Daily v2.0,Maharashtra,CHIRPS Rainfall
2020-11-25,2020-12-02,48.0,2020,P072,18.283393421583035,76.77331492120734,Latur,high,priority,0.0,1,7,CHIRPS Daily v2.0,Maharashtra,CHIRPS Rainfall
2020-11-25,2020-12-02,48.0,2020,P073,17.966315663874607,76.86453029235662,Latur,high,priority,2.847377061843872,1,7,CHIRPS Daily v2.0,Maharashtra,CHIRPS Rainfall
2020-11-25,2020-12-02,48.0,2020,P074,18.50832831512306,76.870318205524,Latur,high,priority,2.907139301300049,1,7,CHIRPS Daily v2.0,Maharashtra,CHIRPS Rainfall
2020-11-25,2020-12-02,48.0,2020,P075,18.41444640154381,77.20053247493588,Latur,high,priority,0.0,1,7,CHIRPS Daily v2.0,Maharashtra,CHIRPS Rainfall
2020-11-25,2020-12-02,48.0,2020,P076,18.377877313804504,76.25376722106614,Latur,high,priority,0.0,1,7,CHIRPS Daily v2.0,Maharashtra,CHIRPS Rainfall
2020-11-25,2020-12-02,48.0,2020,P077,18.059564385104267,76.5349046242838,Latur,high,priority,0.0,1,7,CHIRPS Daily v2.0,Maharashtra,CHIRPS Rainfall
2020-11-25,2020-12-02,48.0,2020,P078,18.1008824154655,76.96042326051098,Latur,high,priority,2.749335527420044,1,7,CHIRPS Daily v2.0,Maharashtra,CHIRPS Rainfall
2020-11-25,2020-12-02,48.0,2020,P079,18.73508698099394,76.77797468180819,Latur,high,priority,0.0,1,7,CHIRPS Daily v2.0,Maharashtra,CHIRPS Rainfall
2020-11-25,2020-12-02,48.0,2020,P080,18.46791548227568,76.3017694439065,Latur,high,priority,0.0,1,7,CHIRPS Daily v2.0,Maharashtra,CHIRPS Rainfall
2020-11-25,2020-12-02,48.0,2020,P081,18.10355787609756,76.67701617485712,Latur,high,priority,0.0,1,7,CHIRPS Daily v2.0,Maharashtra,CHIRPS Rainfall
2020-11-25,2020-12-02,48.0,2020,P082,18.23907887531389,76.67830931416262,Latur,high,priority,0.0,1,7,CHIRPS Daily v2.0,Maharashtra,CHIRPS Rainfall
2020-11-25,2020-12-02,48.0,2020,P083,18.369289085175563,77.19996171000103,Latur,high,priority,0.0,1,7,CHIRPS Daily v2.0,Maharashtra,CHIRPS Rainfall
2020-11-25,2020-12-02,48.0,2020,P084,18.46362582706226,76.82249880582684,Latur,high,priority,2.973762035369873,1,7,CHIRPS Daily v2.0,Maharashtra,CHIRPS Rainfall
2020-11-25,2020-12-02,48.0,2020,P085,18.14788579966987,76.77194597718393,Latur,high,priority,0.0,1,7,CHIRPS Daily v2.0,Maharashtra,CHIRPS Rainfall
2020-11-25,2020-12-02,48.0,2020,P122,17.88145897082753,73.8441448165019,Satara,high,priority,0.0,1,7,CHIRPS Daily v2.0,Maharashtra,CHIRPS Rainfall
2020-11-25,2020-12-02,48.0,2020,P123,17.386414030975025,74.27088970551878,Satara,high,priority,0.0,1,7,CHIRPS Daily v2.0,Maharashtra,CHIRPS Rainfall
2020-11-25,2020-12-02,48.0,2020,P124,17.43262815429294,74.647353771057,Satara,high,priority,0.0,1,7,CHIRPS Daily v2.0,Maharashtra,CHIRPS Rainfall
2020-11-25,2020-12-02,48.0,2020,P125,17.56734651531964,74.31728219287884,Satara,high,priority,0.0,1,7,CHIRPS Daily v2.0,Maharashtra,CHIRPS Rainfall
2020-11-25,2020-12-02,48.0,2020,P126,17.205080227535593,74.13053949986157,Satara,high,priority,0.0,1,7,CHIRPS Daily v2.0,Maharashtra,CHIRPS Rainfall
2020-11-25,2020-12-02,48.0,2020,P127,17.65773249367299,74.31694330119876,Satara,high,priority,2.9256012439727783,1,7,CHIRPS Daily v2.0,Maharashtra,CHIRPS Rainfall
2020-11-25,2020-12-02,48.0,2020,P128,18.019949731345452,74.5517328080669,Satara,high,priority,0.0,1,7,CHIRPS Daily v2.0,Maharashtra,CHIRPS Rainfall
2020-11-25,2020-12-02,48.0,2020,P129,18.063234225271252,74.03192648006461,Satara,high,priority,0.0,1,7,CHIRPS Daily v2.0,Maharashtra,CHIRPS Rainfall
2020-11-25,2020-12-02,48.0,2020,P130,17.61135784271715,74.03436560834085,Satara,high,priority,0.0,1,7,CHIRPS Daily v2.0,Maharashtra,CHIRPS Rainfall
2020-11-25,2020-12-02,48.0,2020,P131,17.612539504496315,74.3171127470388,Satara,high,priority,0.0,1,7,CHIRPS Daily v2.0,Maharashtra,CHIRPS Rainfall
2020-11-25,2020-12-02,48.0,2020,P132,17.702176353872684,74.12817617630324,Satara,high,priority,0.0,1,7,CHIRPS Daily v2.0,Maharashtra,CHIRPS Rainfall
2020-11-25,2020-12-02,48.0,2020,P133,17.25006363896275,74.08329532420031,Satara,high,priority,0.0,1,7,CHIRPS Daily v2.0,Maharashtra,CHIRPS Rainfall
2020-11-25,2020-12-02,48.0,2020,P134,17.476429903940936,74.17634784498362,Satara,high,priority,0.0,1,7,CHIRPS Daily v2.0,Maharashtra,CHIRPS Rainfall
2020-11-25,2020-12-02,48.0,2020,P135,17.882716437324603,74.0801070669471,Satara,high,priority,0.0,1,7,CHIRPS Daily v2.0,Maharashtra,CHIRPS Rainfall
2020-11-25,2020-12-02,48.0,2020,P136,17.928520323345598,74.22149178404871,Satara,high,priority,3.500622034072876,1,7,CHIRPS Daily v2.0,Maharashtra,CHIRPS Rainfall
2020-11-25,2020-12-02,48.0,2020,P137,17.746687100588183,73.98648378122894,Satara,high,priority,0.0,1,7,CHIRPS Daily v2.0,Maharashtra,CHIRPS Rainfall
2020-11-25,2020-12-02,48.0,2020,P138,17.61269557303319,74.36423652697161,Satara,high,priority,0.0,1,7,CHIRPS Daily v2.0,Maharashtra,CHIRPS Rainfall
2020-11-25,2020-12-02,48.0,2020,P139,17.656773786946495,74.08126197411994,Satara,high,priority,0.0,1,7,CHIRPS Daily v2.0,Maharashtra,CHIRPS Rainfall
2020-11-25,2020-12-02,48.0,2020,P140,17.97464080554139,74.50462240543725,Satara,high,priority,0.0,1,7,CHIRPS Daily v2.0,Maharashtra,CHIRPS Rainfall
2020-11-25,2020-12-02,48.0,2020,P141,17.430826677467348,74.08239904488856,Satara,high,priority,0.0,1,7,CHIRPS Daily v2.0,Maharashtra,CHIRPS Rainfall
2020-11-25,2020-12-02,48.0,2020,P142,18.064447100757786,74.31538707493111,Satara,high,priority,0.0,1,7,CHIRPS Daily v2.0,Maharashtra,CHIRPS Rainfall
2020-11-25,2020-12-02,48.0,2020,P143,17.70379500755509,74.6468275971327,Satara,high,priority,0.0,1,7,CHIRPS Daily v2.0,Maharashtra,CHIRPS Rainfall
2020-11-25,2020-12-02,48.0,2020,P144,17.929452275465767,74.50474726026674,Satara,high,priority,0.0,1,7,CHIRPS Daily v2.0,Maharashtra,CHIRPS Rainfall
2020-11-25,2020-12-02,48.0,2020,P145,17.47773196144854,74.60017202281048,Satara,high,priority,0.0,1,7,CHIRPS Daily v2.0,Maharashtra,CHIRPS Rainfall
2020-11-25,2020-12-02,48.0,2020,P146,17.839182233739812,74.55218763637436,Satara,high,priority,0.0,1,7,CHIRPS Daily v2.0,Maharashtra,CHIRPS Rainfall
2020-11-25,2020-12-02,48.0,2020,P001,19.940457800458272,74.57045211428928,Ahmednagar,normal,statewide,0.0,1,7,CHIRPS Daily v2.0,Maharashtra,CHIRPS Rainfall
2020-11-25,2020-12-02,48.0,2020,P002,18.946729294293643,74.76302285238339,Ahmednagar,normal,statewide,0.0,1,7,CHIRPS Daily v2.0,Maharashtra,CHIRPS Rainfall
2020-11-25,2020-12-02,48.0,2020,P003,18.49469238410162,74.66892244285252,Ahmednagar,normal,statewide,0.0,1,7,CHIRPS Daily v2.0,Maharashtra,CHIRPS Rainfall
2020-11-25,2020-12-02,48.0,2020,P004,19.03720445466806,75.1420731965326,Ahmednagar,normal,statewide,0.0,1,7,CHIRPS Daily v2.0,Maharashtra,CHIRPS Rainfall
2020-11-25,2020-12-02,48.0,2020,P005,20.832153156317954,77.06560453615967,Akola,normal,statewide,0.0,1,7,CHIRPS Daily v2.0,Maharashtra,CHIRPS Rainfall
2020-11-25,2020-12-02,48.0,2020,P006,20.834360411339407,76.87349308547405,Akola,normal,statewide,0.0,1,7,CHIRPS Daily v2.0,Maharashtra,CHIRPS Rainfall
2020-11-25,2020-12-02,48.0,2020,P007,21.014976299509232,76.87574047240498,Akola,normal,statewide,0.0,1,7,CHIRPS Daily v2.0,Maharashtra,CHIRPS Rainfall
2020-11-25,2020-12-02,48.0,2020,P008,20.828434266039377,77.35372489162701,Akola,normal,statewide,0.0,1,7,CHIRPS Daily v2.0,Maharashtra,CHIRPS Rainfall
2020-11-25,2020-12-02,48.0,2020,P009,21.360971327549258,77.94039543992572,Amravati,normal,statewide,2.8106565475463867,1,7,CHIRPS Daily v2.0,Maharashtra,CHIRPS Rainfall
2020-11-25,2020-12-02,48.0,2020,P010,21.178803672212837,78.03301542790685,Amravati,normal,statewide,6.014747619628906,1,7,CHIRPS Daily v2.0,Maharashtra,CHIRPS Rainfall
2020-11-25,2020-12-02,48.0,2020,P011,20.814388097721018,78.21764450702477,Amravati,normal,statewide,3.1190924644470215,1,7,CHIRPS Daily v2.0,Maharashtra,CHIRPS Rainfall
2020-11-25,2020-12-02,48.0,2020,P012,21.180502589714195,77.93681032267875,Amravati,normal,statewide,2.8355939388275146,1,7,CHIRPS Daily v2.0,Maharashtra,CHIRPS Rainfall
2020-11-25,2020-12-02,48.0,2020,P013,20.031289688916964,74.8570519162974,Aurangabad,normal,statewide,0.0,1,7,CHIRPS Daily v2.0,Maharashtra,CHIRPS Rainfall
2020-11-25,2020-12-02,48.0,2020,P014,19.760185263069562,75.14270192978114,Aurangabad,normal,statewide,0.0,1,7,CHIRPS Daily v2.0,Maharashtra,CHIRPS Rainfall
2020-11-25,2020-12-02,48.0,2020,P015,19.9408189876436,74.76157364454102,Aurangabad,normal,statewide,0.0,1,7,CHIRPS Daily v2.0,Maharashtra,CHIRPS Rainfall
2020-11-25,2020-12-02,48.0,2020,P016,19.66981712112043,75.14262166596218,Aurangabad,normal,statewide,0.0,1,7,CHIRPS Daily v2.0,Maharashtra,CHIRPS Rainfall
2020-11-25,2020-12-02,48.0,2020,P017,21.04613203856966,79.85576216552393,Bhandara,normal,statewide,0.0,1,7,CHIRPS Daily v2.0,Maharashtra,CHIRPS Rainfall
2020-11-25,2020-12-02,48.0,2020,P018,21.31897105472685,79.76852877161537,Bhandara,normal,statewide,2.892688035964966,1,7,CHIRPS Daily v2.0,Maharashtra,CHIRPS Rainfall
2020-11-25,2020-12-02,48.0,2020,P019,21.40900922319803,79.77144948280537,Bhandara,normal,statewide,2.903264284133911,1,7,CHIRPS Daily v2.0,Maharashtra,CHIRPS Rainfall
2020-11-25,2020-12-02,48.0,2020,P020,21.144196588937042,79.57074980349083,Bhandara,normal,statewide,0.0,1,7,CHIRPS Daily v2.0,Maharashtra,CHIRPS Rainfall
2020-11-25,2020-12-02,48.0,2020,P021,18.67502288980403,75.52108340877234,Bid,normal,statewide,0.0,1,7,CHIRPS Daily v2.0,Maharashtra,CHIRPS Rainfall
2020-11-25,2020-12-02,48.0,2020,P022,18.856499384477168,75.04699178476999,Bid,normal,statewide,0.0,1,7,CHIRPS Daily v2.0,Maharashtra,CHIRPS Rainfall
2020-11-25,2020-12-02,48.0,2020,P023,19.126596053486494,75.6175605191647,Bid,normal,statewide,0.0,1,7,CHIRPS Daily v2.0,Maharashtra,CHIRPS Rainfall
2020-11-25,2020-12-02,48.0,2020,P024,18.763955201213946,75.90084720909012,Bid,normal,statewide,0.0,1,7,CHIRPS Daily v2.0,Maharashtra,CHIRPS Rainfall
2020-11-25,2020-12-02,48.0,2020,P025,20.93073496240753,76.20164478885242,Buldana,normal,statewide,0.0,1,7,CHIRPS Daily v2.0,Maharashtra,CHIRPS Rainfall
2020-11-25,2020-12-02,48.0,2020,P026,20.838939908121294,76.39311412898633,Buldana,normal,statewide,0.0,1,7,CHIRPS Daily v2.0,Maharashtra,CHIRPS Rainfall
2020-11-25,2020-12-02,48.0,2020,P027,20.657476790751314,76.48742857536776,Buldana,normal,statewide,0.0,1,7,CHIRPS Daily v2.0,Maharashtra,CHIRPS Rainfall
2020-11-25,2020-12-02,48.0,2020,P028,20.47967013624516,76.10222021266374,Buldana,normal,statewide,0.0,1,7,CHIRPS Daily v2.0,Maharashtra,CHIRPS Rainfall
2020-11-25,2020-12-02,48.0,2020,P029,20.32317798477448,79.92829390325927,Chandrapur,normal,statewide,0.0,1,7,CHIRPS Daily v2.0,Maharashtra,CHIRPS Rainfall
2020-11-25,2020-12-02,48.0,2020,P030,20.60872097983294,79.36304041732026,Chandrapur,normal,statewide,0.0,1,7,CHIRPS Daily v2.0,Maharashtra,CHIRPS Rainfall
2020-11-25,2020-12-02,48.0,2020,P031,20.511160307884595,79.64732594588165,Chandrapur,normal,statewide,0.0,1,7,CHIRPS Daily v2.0,Maharashtra,CHIRPS Rainfall
2020-11-25,2020-12-02,48.0,2020,P032,20.598621115946884,79.74569817422172,Chandrapur,normal,statewide,0.0,1,7,CHIRPS Daily v2.0,Maharashtra,CHIRPS Rainfall
2020-11-25,2020-12-02,48.0,2020,P033,21.38667804512237,75.14422248324037,Dhule,normal,statewide,0.0,1,7,CHIRPS Daily v2.0,Maharashtra,CHIRPS Rainfall
2020-11-25,2020-12-02,48.0,2020,P034,21.025151968113196,74.75989256344387,Dhule,normal,statewide,0.0,1,7,CHIRPS Daily v2.0,Maharashtra,CHIRPS Rainfall
2020-11-25,2020-12-02,48.0,2020,P035,21.477028350667293,74.85568743137505,Dhule,normal,statewide,0.0,1,7,CHIRPS Daily v2.0,Maharashtra,CHIRPS Rainfall
2020-11-25,2020-12-02,48.0,2020,P036,20.933820660336515,74.37533522949364,Dhule,normal,statewide,0.0,1,7,CHIRPS Daily v2.0,Maharashtra,CHIRPS Rainfall
2020-11-25,2020-12-02,48.0,2020,P037,19.963056524597132,79.91698116388667,Garhchiroli,normal,statewide,0.0,1,7,CHIRPS Daily v2.0,Maharashtra,CHIRPS Rainfall
2020-11-25,2020-12-02,48.0,2020,P038,19.062661462582188,79.88977172925856,Garhchiroli,normal,statewide,0.0,1,7,CHIRPS Daily v2.0,Maharashtra,CHIRPS Rainfall
2020-11-25,2020-12-02,48.0,2020,P039,19.510270485428137,79.9981368030594,Garhchiroli,normal,statewide,0.0,1,7,CHIRPS Daily v2.0,Maharashtra,CHIRPS Rainfall
2020-11-25,2020-12-02,48.0,2020,P040,19.870365190999156,80.00935144220881,Garhchiroli,normal,statewide,0.0,1,7,CHIRPS Daily v2.0,Maharashtra,CHIRPS Rainfall
2020-11-25,2020-12-02,48.0,2020,P041,21.127639946725598,80.1465044724107,Gondiya,normal,statewide,0.0,1,7,CHIRPS Daily v2.0,Maharashtra,CHIRPS Rainfall
2020-11-25,2020-12-02,48.0,2020,P042,21.397598383602258,80.15591763473452,Gondiya,normal,statewide,2.868091583251953,1,7,CHIRPS Daily v2.0,Maharashtra,CHIRPS Rainfall
2020-11-25,2020-12-02,48.0,2020,P043,21.574548890706154,80.25847249986273,Gondiya,normal,statewide,0.0,1,7,CHIRPS Daily v2.0,Maharashtra,CHIRPS Rainfall
2020-11-25,2020-12-02,48.0,2020,P044,21.211649410572516,80.34153217518526,Gondiya,normal,statewide,0.0,1,7,CHIRPS Daily v2.0,Maharashtra,CHIRPS Rainfall
2020-11-25,2020-12-02,48.0,2020,P045,19.655900266732623,77.2407892392464,Hingoli,normal,statewide,0.0,1,7,CHIRPS Daily v2.0,Maharashtra,CHIRPS Rainfall
2020-11-25,2020-12-02,48.0,2020,P046,19.566758377573187,77.1442675378435,Hingoli,normal,statewide,0.0,1,7,CHIRPS Daily v2.0,Maharashtra,CHIRPS Rainfall
2020-11-25,2020-12-02,48.0,2020,P047,19.47860194974656,76.9526242927685,Hingoli,normal,statewide,0.0,1,7,CHIRPS Daily v2.0,Maharashtra,CHIRPS Rainfall
2020-11-25,2020-12-02,48.0,2020,P048,19.927981235710728,77.14910120338544,Hingoli,normal,statewide,0.0,1,7,CHIRPS Daily v2.0,Maharashtra,CHIRPS Rainfall
2020-11-25,2020-12-02,48.0,2020,P049,21.292738163229433,76.10816865346904,Jalgaon,normal,statewide,1.6290996074676514,1,7,CHIRPS Daily v2.0,Maharashtra,CHIRPS Rainfall
2020-11-25,2020-12-02,48.0,2020,P050,21.386178625804387,75.43363151891216,Jalgaon,normal,statewide,0.0,1,7,CHIRPS Daily v2.0,Maharashtra,CHIRPS Rainfall
2020-11-25,2020-12-02,48.0,2020,P051,21.112064306745907,76.10682200495089,Jalgaon,normal,statewide,0.0,1,7,CHIRPS Daily v2.0,Maharashtra,CHIRPS Rainfall
2020-11-25,2020-12-02,48.0,2020,P052,20.844437979720194,75.23982115072519,Jalgaon,normal,statewide,0.0,1,7,CHIRPS Daily v2.0,Maharashtra,CHIRPS Rainfall
2020-11-25,2020-12-02,48.0,2020,P053,19.486369703781666,76.00005328932718,Jalna,normal,statewide,0.0,1,7,CHIRPS Daily v2.0,Maharashtra,CHIRPS Rainfall
2020-11-25,2020-12-02,48.0,2020,P054,20.028502750758555,76.00343774702675,Jalna,normal,statewide,0.0,1,7,CHIRPS Daily v2.0,Maharashtra,CHIRPS Rainfall
2020-11-25,2020-12-02,48.0,2020,P055,19.75743845682064,76.00172991132328,Jalna,normal,statewide,0.0,1,7,CHIRPS Daily v2.0,Maharashtra,CHIRPS Rainfall
2020-11-25,2020-12-02,48.0,2020,P056,19.57768317515413,75.80993951591351,Jalna,normal,statewide,0.0,1,7,CHIRPS Daily v2.0,Maharashtra,CHIRPS Rainfall
2020-11-25,2020-12-02,48.0,2020,P057,16.776377793156257,74.29671235971928,Kolhapur,normal,statewide,0.0,1,7,CHIRPS Daily v2.0,Maharashtra,CHIRPS Rainfall
2020-11-25,2020-12-02,48.0,2020,P058,16.324416687682138,74.29834884980589,Kolhapur,normal,statewide,2.4372475147247314,1,7,CHIRPS Daily v2.0,Maharashtra,CHIRPS Rainfall
2020-11-25,2020-12-02,48.0,2020,P059,16.595891218916975,74.39111598812178,Kolhapur,normal,statewide,0.0,1,7,CHIRPS Daily v2.0,Maharashtra,CHIRPS Rainfall
2020-11-25,2020-12-02,48.0,2020,P060,16.414811584237594,74.29802779453004,Kolhapur,normal,statewide,0.0,1,7,CHIRPS Daily v2.0,Maharashtra,CHIRPS Rainfall
2020-11-25,2020-12-02,48.0,2020,P086,21.054127206758487,79.56798961993874,Nagpur,normal,statewide,0.0,1,7,CHIRPS Daily v2.0,Maharashtra,CHIRPS Rainfall
2020-11-25,2020-12-02,48.0,2020,P087,21.146765031143822,79.47473643960802,Nagpur,normal,statewide,0.0,1,7,CHIRPS Daily v2.0,Maharashtra,CHIRPS Rainfall
2020-11-25,2020-12-02,48.0,2020,P088,21.347803602138427,78.61442869606356,Nagpur,normal,statewide,3.19124174118042,1,7,CHIRPS Daily v2.0,Maharashtra,CHIRPS Rainfall
2020-11-25,2020-12-02,48.0,2020,P089,21.165377318940912,78.70615240473293,Nagpur,normal,statewide,3.2890818119049072,1,7,CHIRPS Daily v2.0,Maharashtra,CHIRPS Rainfall
2020-11-25,2020-12-02,48.0,2020,P090,19.201968238592887,77.42470040309472,Nanded,normal,statewide,0.0,1,7,CHIRPS Daily v2.0,Maharashtra,CHIRPS Rainfall
2020-11-25,2020-12-02,48.0,2020,P091,18.566038000956755,77.69963965584807,Nanded,normal,statewide,0.0,1,7,CHIRPS Daily v2.0,Maharashtra,CHIRPS Rainfall
2020-11-25,2020-12-02,48.0,2020,P092,19.736596618496833,77.90946265591798,Nanded,normal,statewide,0.0,1,7,CHIRPS Daily v2.0,Maharashtra,CHIRPS Rainfall
2020-11-25,2020-12-02,48.0,2020,P093,18.93564842817583,77.04115528508362,Nanded,normal,statewide,0.0,1,7,CHIRPS Daily v2.0,Maharashtra,CHIRPS Rainfall
2020-11-25,2020-12-02,48.0,2020,P094,21.564917232430716,74.08292967791392,Nandurbar,normal,statewide,0.0,1,7,CHIRPS Daily v2.0,Maharashtra,CHIRPS Rainfall
2020-11-25,2020-12-02,48.0,2020,P095,21.5662594218478,74.37266422796263,Nandurbar,normal,statewide,0.0,1,7,CHIRPS Daily v2.0,Maharashtra,CHIRPS Rainfall
2020-11-25,2020-12-02,48.0,2020,P096,21.385179787168415,74.27697637845674,Nandurbar,normal,statewide,0.0,1,7,CHIRPS Daily v2.0,Maharashtra,CHIRPS Rainfall
2020-11-25,2020-12-02,48.0,2020,P097,21.565421110849755,74.17950488852946,Nandurbar,normal,statewide,0.0,1,7,CHIRPS Daily v2.0,Maharashtra,CHIRPS Rainfall
2020-11-25,2020-12-02,48.0,2020,P098,20.299553667393326,73.99482675929994,Nashik,normal,statewide,1.1559122800827026,1,7,CHIRPS Daily v2.0,Maharashtra,CHIRPS Rainfall
2020-11-25,2020-12-02,48.0,2020,P099,20.120253214034264,74.28296495117151,Nashik,normal,statewide,0.0,1,7,CHIRPS Daily v2.0,Maharashtra,CHIRPS Rainfall
2020-11-25,2020-12-02,48.0,2020,P100,20.389903972938242,73.99424261706194,Nashik,normal,statewide,1.0949246883392334,1,7,CHIRPS Daily v2.0,Maharashtra,CHIRPS Rainfall
2020-11-25,2020-12-02,48.0,2020,P101,20.029015547379707,74.09216447619562,Nashik,normal,statewide,2.4595468044281006,1,7,CHIRPS Daily v2.0,Maharashtra,CHIRPS Rainfall
2020-11-25,2020-12-02,48.0,2020,P102,17.85749130266526,76.36802722645965,Osmanabad,normal,statewide,0.0,1,7,CHIRPS Daily v2.0,Maharashtra,CHIRPS Rainfall
2020-11-25,2020-12-02,48.0,2020,P103,17.76644983645705,76.46164605307673,Osmanabad,normal,statewide,0.0,1,7,CHIRPS Daily v2.0,Maharashtra,CHIRPS Rainfall
2020-11-25,2020-12-02,48.0,2020,P104,17.949094615606196,76.17989775301476,Osmanabad,normal,statewide,0.0,1,7,CHIRPS Daily v2.0,Maharashtra,CHIRPS Rainfall
2020-11-25,2020-12-02,48.0,2020,P105,18.584360447185368,75.61558067829696,Osmanabad,normal,statewide,0.0,1,7,CHIRPS Daily v2.0,Maharashtra,CHIRPS Rainfall
2020-11-25,2020-12-02,48.0,2020,P106,19.031389786894366,76.47235681380711,Parbhani,normal,statewide,0.0,1,7,CHIRPS Daily v2.0,Maharashtra,CHIRPS Rainfall
2020-11-25,2020-12-02,48.0,2020,P107,19.120950831552832,76.56820519095093,Parbhani,normal,statewide,0.0,1,7,CHIRPS Daily v2.0,Maharashtra,CHIRPS Rainfall
2020-11-25,2020-12-02,48.0,2020,P108,19.208625676465683,76.85432786914635,Parbhani,normal,statewide,0.0,1,7,CHIRPS Daily v2.0,Maharashtra,CHIRPS Rainfall
2020-11-25,2020-12-02,48.0,2020,P109,19.212081479782103,76.47396209018636,Parbhani,normal,statewide,0.0,1,7,CHIRPS Daily v2.0,Maharashtra,CHIRPS Rainfall
2020-11-25,2020-12-02,48.0,2020,P110,18.133442771357757,75.04679558432363,Pune,normal,statewide,0.0,1,7,CHIRPS Daily v2.0,Maharashtra,CHIRPS Rainfall
2020-11-25,2020-12-02,48.0,2020,P111,18.584645829652782,74.47919215212944,Pune,normal,statewide,0.0,1,7,CHIRPS Daily v2.0,Maharashtra,CHIRPS Rainfall
2020-11-25,2020-12-02,48.0,2020,P112,18.132979024848197,74.57507620208169,Pune,normal,statewide,0.0,1,7,CHIRPS Daily v2.0,Maharashtra,CHIRPS Rainfall
2020-11-25,2020-12-02,48.0,2020,P113,18.314072036830744,74.76389683618987,Pune,normal,statewide,0.0,1,7,CHIRPS Daily v2.0,Maharashtra,CHIRPS Rainfall
2020-11-25,2020-12-02,48.0,2020,P114,18.48503397121986,73.0589238755964,Raigarh,normal,statewide,0.0,1,7,CHIRPS Daily v2.0,Maharashtra,CHIRPS Rainfall
2020-11-25,2020-12-02,48.0,2020,P115,18.665689991299164,73.05687714821288,Raigarh,normal,statewide,0.0,1,7,CHIRPS Daily v2.0,Maharashtra,CHIRPS Rainfall
2020-11-25,2020-12-02,48.0,2020,P116,18.306197264370358,73.25009891506079,Raigarh,normal,statewide,0.0,1,7,CHIRPS Daily v2.0,Maharashtra,CHIRPS Rainfall
2020-11-25,2020-12-02,48.0,2020,P117,18.21404102289879,73.06194714611064,Raigarh,normal,statewide,0.0,1,7,CHIRPS Daily v2.0,Maharashtra,CHIRPS Rainfall
2020-11-25,2020-12-02,48.0,2020,P118,17.138719885658215,75.42259970290594,Sangli,normal,statewide,0.0,1,7,CHIRPS Daily v2.0,Maharashtra,CHIRPS Rainfall
2020-11-25,2020-12-02,48.0,2020,P119,17.048761981005992,74.95348443567921,Sangli,normal,statewide,0.0,1,7,CHIRPS Daily v2.0,Maharashtra,CHIRPS Rainfall
2020-11-25,2020-12-02,48.0,2020,P120,16.86707144948229,74.39025538161847,Sangli,normal,statewide,0.0,1,7,CHIRPS Daily v2.0,Maharashtra,CHIRPS Rainfall
2020-11-25,2020-12-02,48.0,2020,P121,17.048503353144895,74.67157114887826,Sangli,normal,statewide,0.0,1,7,CHIRPS Daily v2.0,Maharashtra,CHIRPS Rainfall
2020-11-25,2020-12-02,48.0,2020,P148,17.67852974098626,76.08383979812143,Solapur,normal,statewide,0.0,1,7,CHIRPS Daily v2.0,Maharashtra,CHIRPS Rainfall
2020-11-25,2020-12-02,48.0,2020,P149,18.223365003201543,75.4251413905064,Solapur,normal,statewide,0.0,1,7,CHIRPS Daily v2.0,Maharashtra,CHIRPS Rainfall
2020-11-25,2020-12-02,48.0,2020,P150,17.952532582518405,75.23562067753285,Solapur,normal,statewide,0.0,1,7,CHIRPS Daily v2.0,Maharashtra,CHIRPS Rainfall
2020-11-25,2020-12-02,48.0,2020,P151,18.223690517578447,75.23598186471818,Solapur,normal,statewide,0.0,1,7,CHIRPS Daily v2.0,Maharashtra,CHIRPS Rainfall
2020-11-25,2020-12-02,48.0,2020,P152,19.658178867370932,72.94986318203122,Thane,normal,statewide,0.0,1,7,CHIRPS Daily v2.0,Maharashtra,CHIRPS Rainfall
2020-11-25,2020-12-02,48.0,2020,P153,19.65706409210757,72.8545320606096,Thane,normal,statewide,0.0,1,7,CHIRPS Daily v2.0,Maharashtra,CHIRPS Rainfall
2020-11-25,2020-12-02,48.0,2020,P154,19.477549601897948,72.95214624177059,Thane,normal,statewide,2.940185546875,1,7,CHIRPS Daily v2.0,Maharashtra,CHIRPS Rainfall
2020-11-25,2020-12-02,48.0,2020,P155,19.83987385799569,73.0429959666335,Thane,normal,statewide,0.0,1,7,CHIRPS Daily v2.0,Maharashtra,CHIRPS Rainfall
2020-11-25,2020-12-02,48.0,2020,P156,20.806749657616468,78.60135461177485,Wardha,normal,statewide,2.746913433074951,1,7,CHIRPS Daily v2.0,Maharashtra,CHIRPS Rainfall
2020-11-25,2020-12-02,48.0,2020,P157,20.71031267913359,78.88671032458906,Wardha,normal,statewide,2.5868659019470215,1,7,CHIRPS Daily v2.0,Maharashtra,CHIRPS Rainfall
2020-11-25,2020-12-02,48.0,2020,P158,21.081265295769754,78.41565980750515,Wardha,normal,statewide,6.568078994750977,1,7,CHIRPS Daily v2.0,Maharashtra,CHIRPS Rainfall
2020-11-25,2020-12-02,48.0,2020,P159,20.439854822938944,78.87986114537097,Wardha,normal,statewide,0.0,1,7,CHIRPS Daily v2.0,Maharashtra,CHIRPS Rainfall
2020-11-25,2020-12-02,48.0,2020,P160,20.289186257444058,77.15404188735265,Washim,normal,statewide,0.0,1,7,CHIRPS Daily v2.0,Maharashtra,CHIRPS Rainfall
2020-11-25,2020-12-02,48.0,2020,P161,20.464607292886615,77.53975858757677,Washim,normal,statewide,0.0,1,7,CHIRPS Daily v2.0,Maharashtra,CHIRPS Rainfall
2020-11-25,2020-12-02,48.0,2020,P162,20.107393166596125,77.2471479173486,Washim,normal,statewide,0.0,1,7,CHIRPS Daily v2.0,Maharashtra,CHIRPS Rainfall
2020-11-25,2020-12-02,48.0,2020,P163,20.198885002010726,77.1527933390577,Washim,normal,statewide,0.0,1,7,CHIRPS Daily v2.0,Maharashtra,CHIRPS Rainfall
2020-11-25,2020-12-02,48.0,2020,P164,20.182854533723592,78.20447678161395,Yavatmal,normal,statewide,0.0,1,7,CHIRPS Daily v2.0,Maharashtra,CHIRPS Rainfall
2020-11-25,2020-12-02,48.0,2020,P165,19.894658373538324,79.05709703494229,Yavatmal,normal,statewide,0.0,1,7,CHIRPS Daily v2.0,Maharashtra,CHIRPS Rainfall
2020-11-25,2020-12-02,48.0,2020,P166,19.468787468327925,77.71426550730338,Yavatmal,normal,statewide,0.0,1,7,CHIRPS Daily v2.0,Maharashtra,CHIRPS Rainfall
2020-11-25,2020-12-02,48.0,2020,P167,19.559057510053886,77.71577268345945,Yavatmal,normal,statewide,0.0,1,7,CHIRPS Daily v2.0,Maharashtra,CHIRPS Rainfall
2020-12-02,2020-12-09,49.0,2020,P147,17.927231643141155,73.94769852026607,Satara,case_study,case_study,0.0,1,7,CHIRPS Daily v2.0,Maharashtra,CHIRPS Rainfall
2020-12-02,2020-12-09,49.0,2020,P061,18.507855650411397,76.91766048140843,Latur,high,priority,0.0,1,7,CHIRPS Daily v2.0,Maharashtra,CHIRPS Rainfall
2020-12-02,2020-12-09,49.0,2020,P062,18.422405896924207,76.3487594508077,Latur,high,priority,0.0,1,7,CHIRPS Daily v2.0,Maharashtra,CHIRPS Rainfall
2020-12-02,2020-12-09,49.0,2020,P063,18.235391198742693,77.05646783810116,Latur,high,priority,0.0,1,7,CHIRPS Daily v2.0,Maharashtra,CHIRPS Rainfall
2020-12-02,2020-12-09,49.0,2020,P064,18.193056493341274,76.77240080549139,Latur,high,priority,0.0,1,7,CHIRPS Daily v2.0,Maharashtra,CHIRPS Rainfall
2020-12-02,2020-12-09,49.0,2020,P065,18.331355512513895,76.44266811899327,Latur,high,priority,0.0,1,7,CHIRPS Daily v2.0,Maharashtra,CHIRPS Rainfall
2020-12-02,2020-12-09,49.0,2020,P066,18.104739537876725,76.5352970251765,Latur,high,priority,0.0,1,7,CHIRPS Daily v2.0,Maharashtra,CHIRPS Rainfall
2020-12-02,2020-12-09,49.0,2020,P067,18.280552974211986,77.0569984711265,Latur,high,priority,0.0,1,7,CHIRPS Daily v2.0,Maharashtra,CHIRPS Rainfall
2020-12-02,2020-12-09,49.0,2020,P068,18.101823285787773,76.86595720469373,Latur,high,priority,0.0,1,7,CHIRPS Daily v2.0,Maharashtra,CHIRPS Rainfall
2020-12-02,2020-12-09,49.0,2020,P069,18.595075667016793,77.20284228928156,Latur,high,priority,0.0,1,7,CHIRPS Daily v2.0,Maharashtra,CHIRPS Rainfall
2020-12-02,2020-12-09,49.0,2020,P070,18.41499041187233,77.15322587185987,Latur,high,priority,0.0,1,7,CHIRPS Daily v2.0,Maharashtra,CHIRPS Rainfall
2020-12-02,2020-12-09,49.0,2020,P071,18.149138807065885,76.63019561379593,Latur,high,priority,0.0,1,7,CHIRPS Daily v2.0,Maharashtra,CHIRPS Rainfall
2020-12-02,2020-12-09,49.0,2020,P072,18.283393421583035,76.77331492120734,Latur,high,priority,0.0,1,7,CHIRPS Daily v2.0,Maharashtra,CHIRPS Rainfall
2020-12-02,2020-12-09,49.0,2020,P073,17.966315663874607,76.86453029235662,Latur,high,priority,0.0,1,7,CHIRPS Daily v2.0,Maharashtra,CHIRPS Rainfall
2020-12-02,2020-12-09,49.0,2020,P074,18.50832831512306,76.870318205524,Latur,high,priority,0.0,1,7,CHIRPS Daily v2.0,Maharashtra,CHIRPS Rainfall
2020-12-02,2020-12-09,49.0,2020,P075,18.41444640154381,77.20053247493588,Latur,high,priority,0.0,1,7,CHIRPS Daily v2.0,Maharashtra,CHIRPS Rainfall
2020-12-02,2020-12-09,49.0,2020,P076,18.377877313804504,76.25376722106614,Latur,high,priority,0.0,1,7,CHIRPS Daily v2.0,Maharashtra,CHIRPS Rainfall
2020-12-02,2020-12-09,49.0,2020,P077,18.059564385104267,76.5349046242838,Latur,high,priority,0.0,1,7,CHIRPS Daily v2.0,Maharashtra,CHIRPS Rainfall
2020-12-02,2020-12-09,49.0,2020,P078,18.1008824154655,76.96042326051098,Latur,high,priority,0.0,1,7,CHIRPS Daily v2.0,Maharashtra,CHIRPS Rainfall
2020-12-02,2020-12-09,49.0,2020,P079,18.73508698099394,76.77797468180819,Latur,high,priority,0.0,1,7,CHIRPS Daily v2.0,Maharashtra,CHIRPS Rainfall
2020-12-02,2020-12-09,49.0,2020,P080,18.46791548227568,76.3017694439065,Latur,high,priority,0.0,1,7,CHIRPS Daily v2.0,Maharashtra,CHIRPS Rainfall
2020-12-02,2020-12-09,49.0,2020,P081,18.10355787609756,76.67701617485712,Latur,high,priority,0.0,1,7,CHIRPS Daily v2.0,Maharashtra,CHIRPS Rainfall
2020-12-02,2020-12-09,49.0,2020,P082,18.23907887531389,76.67830931416262,Latur,high,priority,0.0,1,7,CHIRPS Daily v2.0,Maharashtra,CHIRPS Rainfall
2020-12-02,2020-12-09,49.0,2020,P083,18.369289085175563,77.19996171000103,Latur,high,priority,0.0,1,7,CHIRPS Daily v2.0,Maharashtra,CHIRPS Rainfall
2020-12-02,2020-12-09,49.0,2020,P084,18.46362582706226,76.82249880582684,Latur,high,priority,0.0,1,7,CHIRPS Daily v2.0,Maharashtra,CHIRPS Rainfall
2020-12-02,2020-12-09,49.0,2020,P085,18.14788579966987,76.77194597718393,Latur,high,priority,0.0,1,7,CHIRPS Daily v2.0,Maharashtra,CHIRPS Rainfall
2020-12-02,2020-12-09,49.0,2020,P122,17.88145897082753,73.8441448165019,Satara,high,priority,0.0,1,7,CHIRPS Daily v2.0,Maharashtra,CHIRPS Rainfall
2020-12-02,2020-12-09,49.0,2020,P123,17.386414030975025,74.27088970551878,Satara,high,priority,0.0,1,7,CHIRPS Daily v2.0,Maharashtra,CHIRPS Rainfall
2020-12-02,2020-12-09,49.0,2020,P124,17.43262815429294,74.647353771057,Satara,high,priority,0.0,1,7,CHIRPS Daily v2.0,Maharashtra,CHIRPS Rainfall
2020-12-02,2020-12-09,49.0,2020,P125,17.56734651531964,74.31728219287884,Satara,high,priority,0.0,1,7,CHIRPS Daily v2.0,Maharashtra,CHIRPS Rainfall
2020-12-02,2020-12-09,49.0,2020,P126,17.205080227535593,74.13053949986157,Satara,high,priority,0.0,1,7,CHIRPS Daily v2.0,Maharashtra,CHIRPS Rainfall
2020-12-02,2020-12-09,49.0,2020,P127,17.65773249367299,74.31694330119876,Satara,high,priority,0.0,1,7,CHIRPS Daily v2.0,Maharashtra,CHIRPS Rainfall
2020-12-02,2020-12-09,49.0,2020,P128,18.019949731345452,74.5517328080669,Satara,high,priority,0.0,1,7,CHIRPS Daily v2.0,Maharashtra,CHIRPS Rainfall
2020-12-02,2020-12-09,49.0,2020,P129,18.063234225271252,74.03192648006461,Satara,high,priority,0.0,1,7,CHIRPS Daily v2.0,Maharashtra,CHIRPS Rainfall
2020-12-02,2020-12-09,49.0,2020,P130,17.61135784271715,74.03436560834085,Satara,high,priority,3.717672348022461,1,7,CHIRPS Daily v2.0,Maharashtra,CHIRPS Rainfall
2020-12-02,2020-12-09,49.0,2020,P131,17.612539504496315,74.3171127470388,Satara,high,priority,0.0,1,7,CHIRPS Daily v2.0,Maharashtra,CHIRPS Rainfall
2020-12-02,2020-12-09,49.0,2020,P132,17.702176353872684,74.12817617630324,Satara,high,priority,3.5557873249053955,1,7,CHIRPS Daily v2.0,Maharashtra,CHIRPS Rainfall
2020-12-02,2020-12-09,49.0,2020,P133,17.25006363896275,74.08329532420031,Satara,high,priority,0.0,1,7,CHIRPS Daily v2.0,Maharashtra,CHIRPS Rainfall
2020-12-02,2020-12-09,49.0,2020,P134,17.476429903940936,74.17634784498362,Satara,high,priority,0.0,1,7,CHIRPS Daily v2.0,Maharashtra,CHIRPS Rainfall
2020-12-02,2020-12-09,49.0,2020,P135,17.882716437324603,74.0801070669471,Satara,high,priority,0.0,1,7,CHIRPS Daily v2.0,Maharashtra,CHIRPS Rainfall
2020-12-02,2020-12-09,49.0,2020,P136,17.928520323345598,74.22149178404871,Satara,high,priority,0.0,1,7,CHIRPS Daily v2.0,Maharashtra,CHIRPS Rainfall
2020-12-02,2020-12-09,49.0,2020,P137,17.746687100588183,73.98648378122894,Satara,high,priority,3.74641752243042,1,7,CHIRPS Daily v2.0,Maharashtra,CHIRPS Rainfall
2020-12-02,2020-12-09,49.0,2020,P138,17.61269557303319,74.36423652697161,Satara,high,priority,0.0,1,7,CHIRPS Daily v2.0,Maharashtra,CHIRPS Rainfall
2020-12-02,2020-12-09,49.0,2020,P139,17.656773786946495,74.08126197411994,Satara,high,priority,3.5073118209838867,1,7,CHIRPS Daily v2.0,Maharashtra,CHIRPS Rainfall
2020-12-02,2020-12-09,49.0,2020,P140,17.97464080554139,74.50462240543725,Satara,high,priority,0.0,1,7,CHIRPS Daily v2.0,Maharashtra,CHIRPS Rainfall
2020-12-02,2020-12-09,49.0,2020,P141,17.430826677467348,74.08239904488856,Satara,high,priority,0.0,1,7,CHIRPS Daily v2.0,Maharashtra,CHIRPS Rainfall
2020-12-02,2020-12-09,49.0,2020,P142,18.064447100757786,74.31538707493111,Satara,high,priority,0.0,1,7,CHIRPS Daily v2.0,Maharashtra,CHIRPS Rainfall
2020-12-02,2020-12-09,49.0,2020,P143,17.70379500755509,74.6468275971327,Satara,high,priority,0.0,1,7,CHIRPS Daily v2.0,Maharashtra,CHIRPS Rainfall
2020-12-02,2020-12-09,49.0,2020,P144,17.929452275465767,74.50474726026674,Satara,high,priority,0.0,1,7,CHIRPS Daily v2.0,Maharashtra,CHIRPS Rainfall
2020-12-02,2020-12-09,49.0,2020,P145,17.47773196144854,74.60017202281048,Satara,high,priority,0.0,1,7,CHIRPS Daily v2.0,Maharashtra,CHIRPS Rainfall
2020-12-02,2020-12-09,49.0,2020,P146,17.839182233739812,74.55218763637436,Satara,high,priority,0.0,1,7,CHIRPS Daily v2.0,Maharashtra,CHIRPS Rainfall
2020-12-02,2020-12-09,49.0,2020,P001,19.940457800458272,74.57045211428928,Ahmednagar,normal,statewide,0.0,1,7,CHIRPS Daily v2.0,Maharashtra,CHIRPS Rainfall
2020-12-02,2020-12-09,49.0,2020,P002,18.946729294293643,74.76302285238339,Ahmednagar,normal,statewide,0.0,1,7,CHIRPS Daily v2.0,Maharashtra,CHIRPS Rainfall
2020-12-02,2020-12-09,49.0,2020,P003,18.49469238410162,74.66892244285252,Ahmednagar,normal,statewide,0.0,1,7,CHIRPS Daily v2.0,Maharashtra,CHIRPS Rainfall
2020-12-02,2020-12-09,49.0,2020,P004,19.03720445466806,75.1420731965326,Ahmednagar,normal,statewide,0.0,1,7,CHIRPS Daily v2.0,Maharashtra,CHIRPS Rainfall
2020-12-02,2020-12-09,49.0,2020,P005,20.832153156317954,77.06560453615967,Akola,normal,statewide,0.0,1,7,CHIRPS Daily v2.0,Maharashtra,CHIRPS Rainfall
2020-12-02,2020-12-09,49.0,2020,P006,20.834360411339407,76.87349308547405,Akola,normal,statewide,0.0,1,7,CHIRPS Daily v2.0,Maharashtra,CHIRPS Rainfall
2020-12-02,2020-12-09,49.0,2020,P007,21.014976299509232,76.87574047240498,Akola,normal,statewide,5.133392572402954,1,7,CHIRPS Daily v2.0,Maharashtra,CHIRPS Rainfall
2020-12-02,2020-12-09,49.0,2020,P008,20.828434266039377,77.35372489162701,Akola,normal,statewide,0.0,1,7,CHIRPS Daily v2.0,Maharashtra,CHIRPS Rainfall
2020-12-02,2020-12-09,49.0,2020,P009,21.360971327549258,77.94039543992572,Amravati,normal,statewide,0.0,1,7,CHIRPS Daily v2.0,Maharashtra,CHIRPS Rainfall
2020-12-02,2020-12-09,49.0,2020,P010,21.178803672212837,78.03301542790685,Amravati,normal,statewide,0.0,1,7,CHIRPS Daily v2.0,Maharashtra,CHIRPS Rainfall
2020-12-02,2020-12-09,49.0,2020,P011,20.814388097721018,78.21764450702477,Amravati,normal,statewide,0.0,1,7,CHIRPS Daily v2.0,Maharashtra,CHIRPS Rainfall
2020-12-02,2020-12-09,49.0,2020,P012,21.180502589714195,77.93681032267875,Amravati,normal,statewide,3.1590323448181152,1,7,CHIRPS Daily v2.0,Maharashtra,CHIRPS Rainfall
2020-12-02,2020-12-09,49.0,2020,P013,20.031289688916964,74.8570519162974,Aurangabad,normal,statewide,0.0,1,7,CHIRPS Daily v2.0,Maharashtra,CHIRPS Rainfall
2020-12-02,2020-12-09,49.0,2020,P014,19.760185263069562,75.14270192978114,Aurangabad,normal,statewide,0.0,1,7,CHIRPS Daily v2.0,Maharashtra,CHIRPS Rainfall
2020-12-02,2020-12-09,49.0,2020,P015,19.9408189876436,74.76157364454102,Aurangabad,normal,statewide,0.0,1,7,CHIRPS Daily v2.0,Maharashtra,CHIRPS Rainfall
2020-12-02,2020-12-09,49.0,2020,P016,19.66981712112043,75.14262166596218,Aurangabad,normal,statewide,0.0,1,7,CHIRPS Daily v2.0,Maharashtra,CHIRPS Rainfall
2020-12-02,2020-12-09,49.0,2020,P017,21.04613203856966,79.85576216552393,Bhandara,normal,statewide,0.0,1,7,CHIRPS Daily v2.0,Maharashtra,CHIRPS Rainfall
2020-12-02,2020-12-09,49.0,2020,P018,21.31897105472685,79.76852877161537,Bhandara,normal,statewide,0.0,1,7,CHIRPS Daily v2.0,Maharashtra,CHIRPS Rainfall
2020-12-02,2020-12-09,49.0,2020,P019,21.40900922319803,79.77144948280537,Bhandara,normal,statewide,0.0,1,7,CHIRPS Daily v2.0,Maharashtra,CHIRPS Rainfall
2020-12-02,2020-12-09,49.0,2020,P020,21.144196588937042,79.57074980349083,Bhandara,normal,statewide,2.701949119567871,1,7,CHIRPS Daily v2.0,Maharashtra,CHIRPS Rainfall
2020-12-02,2020-12-09,49.0,2020,P021,18.67502288980403,75.52108340877234,Bid,normal,statewide,0.0,1,7,CHIRPS Daily v2.0,Maharashtra,CHIRPS Rainfall
2020-12-02,2020-12-09,49.0,2020,P022,18.856499384477168,75.04699178476999,Bid,normal,statewide,0.0,1,7,CHIRPS Daily v2.0,Maharashtra,CHIRPS Rainfall
2020-12-02,2020-12-09,49.0,2020,P023,19.126596053486494,75.6175605191647,Bid,normal,statewide,5.4823548793792725,1,7,CHIRPS Daily v2.0,Maharashtra,CHIRPS Rainfall
2020-12-02,2020-12-09,49.0,2020,P024,18.763955201213946,75.90084720909012,Bid,normal,statewide,3.410857915878296,1,7,CHIRPS Daily v2.0,Maharashtra,CHIRPS Rainfall
2020-12-02,2020-12-09,49.0,2020,P025,20.93073496240753,76.20164478885242,Buldana,normal,statewide,2.674349308013916,1,7,CHIRPS Daily v2.0,Maharashtra,CHIRPS Rainfall
2020-12-02,2020-12-09,49.0,2020,P026,20.838939908121294,76.39311412898633,Buldana,normal,statewide,0.0,1,7,CHIRPS Daily v2.0,Maharashtra,CHIRPS Rainfall
2020-12-02,2020-12-09,49.0,2020,P027,20.657476790751314,76.48742857536776,Buldana,normal,statewide,0.0,1,7,CHIRPS Daily v2.0,Maharashtra,CHIRPS Rainfall
2020-12-02,2020-12-09,49.0,2020,P028,20.47967013624516,76.10222021266374,Buldana,normal,statewide,0.0,1,7,CHIRPS Daily v2.0,Maharashtra,CHIRPS Rainfall
2020-12-02,2020-12-09,49.0,2020,P029,20.32317798477448,79.92829390325927,Chandrapur,normal,statewide,2.85184907913208,1,7,CHIRPS Daily v2.0,Maharashtra,CHIRPS Rainfall
2020-12-02,2020-12-09,49.0,2020,P030,20.60872097983294,79.36304041732026,Chandrapur,normal,statewide,2.372607707977295,1,7,CHIRPS Daily v2.0,Maharashtra,CHIRPS Rainfall
2020-12-02,2020-12-09,49.0,2020,P031,20.511160307884595,79.64732594588165,Chandrapur,normal,statewide,0.0,1,7,CHIRPS Daily v2.0,Maharashtra,CHIRPS Rainfall
2020-12-02,2020-12-09,49.0,2020,P032,20.598621115946884,79.74569817422172,Chandrapur,normal,statewide,2.692192554473877,1,7,CHIRPS Daily v2.0,Maharashtra,CHIRPS Rainfall
2020-12-02,2020-12-09,49.0,2020,P033,21.38667804512237,75.14422248324037,Dhule,normal,statewide,5.611790895462036,1,7,CHIRPS Daily v2.0,Maharashtra,CHIRPS Rainfall
2020-12-02,2020-12-09,49.0,2020,P034,21.025151968113196,74.75989256344387,Dhule,normal,statewide,5.154003620147705,1,7,CHIRPS Daily v2.0,Maharashtra,CHIRPS Rainfall
2020-12-02,2020-12-09,49.0,2020,P035,21.477028350667293,74.85568743137505,Dhule,normal,statewide,0.0,1,7,CHIRPS Daily v2.0,Maharashtra,CHIRPS Rainfall
2020-12-02,2020-12-09,49.0,2020,P036,20.933820660336515,74.37533522949364,Dhule,normal,statewide,3.246208906173706,1,7,CHIRPS Daily v2.0,Maharashtra,CHIRPS Rainfall
2020-12-02,2020-12-09,49.0,2020,P037,19.963056524597132,79.91698116388667,Garhchiroli,normal,statewide,0.0,1,7,CHIRPS Daily v2.0,Maharashtra,CHIRPS Rainfall
2020-12-02,2020-12-09,49.0,2020,P038,19.062661462582188,79.88977172925856,Garhchiroli,normal,statewide,0.0,1,7,CHIRPS Daily v2.0,Maharashtra,CHIRPS Rainfall
2020-12-02,2020-12-09,49.0,2020,P039,19.510270485428137,79.9981368030594,Garhchiroli,normal,statewide,0.0,1,7,CHIRPS Daily v2.0,Maharashtra,CHIRPS Rainfall
2020-12-02,2020-12-09,49.0,2020,P040,19.870365190999156,80.00935144220881,Garhchiroli,normal,statewide,0.0,1,7,CHIRPS Daily v2.0,Maharashtra,CHIRPS Rainfall
2020-12-02,2020-12-09,49.0,2020,P041,21.127639946725598,80.1465044724107,Gondiya,normal,statewide,3.115678548812866,1,7,CHIRPS Daily v2.0,Maharashtra,CHIRPS Rainfall
2020-12-02,2020-12-09,49.0,2020,P042,21.397598383602258,80.15591763473452,Gondiya,normal,statewide,0.0,1,7,CHIRPS Daily v2.0,Maharashtra,CHIRPS Rainfall
2020-12-02,2020-12-09,49.0,2020,P043,21.574548890706154,80.25847249986273,Gondiya,normal,statewide,0.0,1,7,CHIRPS Daily v2.0,Maharashtra,CHIRPS Rainfall
2020-12-02,2020-12-09,49.0,2020,P044,21.211649410572516,80.34153217518526,Gondiya,normal,statewide,3.0213136672973633,1,7,CHIRPS Daily v2.0,Maharashtra,CHIRPS Rainfall
2020-12-02,2020-12-09,49.0,2020,P045,19.655900266732623,77.2407892392464,Hingoli,normal,statewide,0.0,1,7,CHIRPS Daily v2.0,Maharashtra,CHIRPS Rainfall
2020-12-02,2020-12-09,49.0,2020,P046,19.566758377573187,77.1442675378435,Hingoli,normal,statewide,0.0,1,7,CHIRPS Daily v2.0,Maharashtra,CHIRPS Rainfall
2020-12-02,2020-12-09,49.0,2020,P047,19.47860194974656,76.9526242927685,Hingoli,normal,statewide,5.007052898406982,1,7,CHIRPS Daily v2.0,Maharashtra,CHIRPS Rainfall
2020-12-02,2020-12-09,49.0,2020,P048,19.927981235710728,77.14910120338544,Hingoli,normal,statewide,0.0,1,7,CHIRPS Daily v2.0,Maharashtra,CHIRPS Rainfall
2020-12-02,2020-12-09,49.0,2020,P049,21.292738163229433,76.10816865346904,Jalgaon,normal,statewide,3.323786497116089,1,7,CHIRPS Daily v2.0,Maharashtra,CHIRPS Rainfall
2020-12-02,2020-12-09,49.0,2020,P050,21.386178625804387,75.43363151891216,Jalgaon,normal,statewide,6.5439348220825195,1,7,CHIRPS Daily v2.0,Maharashtra,CHIRPS Rainfall
2020-12-02,2020-12-09,49.0,2020,P051,21.112064306745907,76.10682200495089,Jalgaon,normal,statewide,3.098482131958008,1,7,CHIRPS Daily v2.0,Maharashtra,CHIRPS Rainfall
2020-12-02,2020-12-09,49.0,2020,P052,20.844437979720194,75.23982115072519,Jalgaon,normal,statewide,0.0,1,7,CHIRPS Daily v2.0,Maharashtra,CHIRPS Rainfall
2020-12-02,2020-12-09,49.0,2020,P053,19.486369703781666,76.00005328932718,Jalna,normal,statewide,0.0,1,7,CHIRPS Daily v2.0,Maharashtra,CHIRPS Rainfall
2020-12-02,2020-12-09,49.0,2020,P054,20.028502750758555,76.00343774702675,Jalna,normal,statewide,0.0,1,7,CHIRPS Daily v2.0,Maharashtra,CHIRPS Rainfall
2020-12-02,2020-12-09,49.0,2020,P055,19.75743845682064,76.00172991132328,Jalna,normal,statewide,0.0,1,7,CHIRPS Daily v2.0,Maharashtra,CHIRPS Rainfall
2020-12-02,2020-12-09,49.0,2020,P056,19.57768317515413,75.80993951591351,Jalna,normal,statewide,0.0,1,7,CHIRPS Daily v2.0,Maharashtra,CHIRPS Rainfall
2020-12-02,2020-12-09,49.0,2020,P057,16.776377793156257,74.29671235971928,Kolhapur,normal,statewide,0.0,1,7,CHIRPS Daily v2.0,Maharashtra,CHIRPS Rainfall
2020-12-02,2020-12-09,49.0,2020,P058,16.324416687682138,74.29834884980589,Kolhapur,normal,statewide,0.0,1,7,CHIRPS Daily v2.0,Maharashtra,CHIRPS Rainfall
2020-12-02,2020-12-09,49.0,2020,P059,16.595891218916975,74.39111598812178,Kolhapur,normal,statewide,0.0,1,7,CHIRPS Daily v2.0,Maharashtra,CHIRPS Rainfall
2020-12-02,2020-12-09,49.0,2020,P060,16.414811584237594,74.29802779453004,Kolhapur,normal,statewide,4.542796611785889,1,7,CHIRPS Daily v2.0,Maharashtra,CHIRPS Rainfall
2020-12-02,2020-12-09,49.0,2020,P086,21.054127206758487,79.56798961993874,Nagpur,normal,statewide,0.0,1,7,CHIRPS Daily v2.0,Maharashtra,CHIRPS Rainfall
2020-12-02,2020-12-09,49.0,2020,P087,21.146765031143822,79.47473643960802,Nagpur,normal,statewide,3.0168962478637695,1,7,CHIRPS Daily v2.0,Maharashtra,CHIRPS Rainfall
2020-12-02,2020-12-09,49.0,2020,P088,21.347803602138427,78.61442869606356,Nagpur,normal,statewide,0.0,1,7,CHIRPS Daily v2.0,Maharashtra,CHIRPS Rainfall
2020-12-02,2020-12-09,49.0,2020,P089,21.165377318940912,78.70615240473293,Nagpur,normal,statewide,2.7339107990264893,1,7,CHIRPS Daily v2.0,Maharashtra,CHIRPS Rainfall
2020-12-02,2020-12-09,49.0,2020,P090,19.201968238592887,77.42470040309472,Nanded,normal,statewide,0.0,1,7,CHIRPS Daily v2.0,Maharashtra,CHIRPS Rainfall
2020-12-02,2020-12-09,49.0,2020,P091,18.566038000956755,77.69963965584807,Nanded,normal,statewide,0.0,1,7,CHIRPS Daily v2.0,Maharashtra,CHIRPS Rainfall
2020-12-02,2020-12-09,49.0,2020,P092,19.736596618496833,77.90946265591798,Nanded,normal,statewide,0.0,1,7,CHIRPS Daily v2.0,Maharashtra,CHIRPS Rainfall
2020-12-02,2020-12-09,49.0,2020,P093,18.93564842817583,77.04115528508362,Nanded,normal,statewide,0.0,1,7,CHIRPS Daily v2.0,Maharashtra,CHIRPS Rainfall
2020-12-02,2020-12-09,49.0,2020,P094,21.564917232430716,74.08292967791392,Nandurbar,normal,statewide,0.0,1,7,CHIRPS Daily v2.0,Maharashtra,CHIRPS Rainfall
2020-12-02,2020-12-09,49.0,2020,P095,21.5662594218478,74.37266422796263,Nandurbar,normal,statewide,0.0,1,7,CHIRPS Daily v2.0,Maharashtra,CHIRPS Rainfall
2020-12-02,2020-12-09,49.0,2020,P096,21.385179787168415,74.27697637845674,Nandurbar,normal,statewide,0.0,1,7,CHIRPS Daily v2.0,Maharashtra,CHIRPS Rainfall
2020-12-02,2020-12-09,49.0,2020,P097,21.565421110849755,74.17950488852946,Nandurbar,normal,statewide,0.0,1,7,CHIRPS Daily v2.0,Maharashtra,CHIRPS Rainfall
2020-12-02,2020-12-09,49.0,2020,P098,20.299553667393326,73.99482675929994,Nashik,normal,statewide,5.164916038513184,1,7,CHIRPS Daily v2.0,Maharashtra,CHIRPS Rainfall
2020-12-02,2020-12-09,49.0,2020,P099,20.120253214034264,74.28296495117151,Nashik,normal,statewide,5.002586364746094,1,7,CHIRPS Daily v2.0,Maharashtra,CHIRPS Rainfall
2020-12-02,2020-12-09,49.0,2020,P100,20.389903972938242,73.99424261706194,Nashik,normal,statewide,5.296933650970459,1,7,CHIRPS Daily v2.0,Maharashtra,CHIRPS Rainfall
2020-12-02,2020-12-09,49.0,2020,P101,20.029015547379707,74.09216447619562,Nashik,normal,statewide,5.195945501327515,1,7,CHIRPS Daily v2.0,Maharashtra,CHIRPS Rainfall
2020-12-02,2020-12-09,49.0,2020,P102,17.85749130266526,76.36802722645965,Osmanabad,normal,statewide,0.0,1,7,CHIRPS Daily v2.0,Maharashtra,CHIRPS Rainfall
2020-12-02,2020-12-09,49.0,2020,P103,17.76644983645705,76.46164605307673,Osmanabad,normal,statewide,0.0,1,7,CHIRPS Daily v2.0,Maharashtra,CHIRPS Rainfall
2020-12-02,2020-12-09,49.0,2020,P104,17.949094615606196,76.17989775301476,Osmanabad,normal,statewide,0.0,1,7,CHIRPS Daily v2.0,Maharashtra,CHIRPS Rainfall
2020-12-02,2020-12-09,49.0,2020,P105,18.584360447185368,75.61558067829696,Osmanabad,normal,statewide,0.0,1,7,CHIRPS Daily v2.0,Maharashtra,CHIRPS Rainfall
2020-12-02,2020-12-09,49.0,2020,P106,19.031389786894366,76.47235681380711,Parbhani,normal,statewide,3.112865686416626,1,7,CHIRPS Daily v2.0,Maharashtra,CHIRPS Rainfall
2020-12-02,2020-12-09,49.0,2020,P107,19.120950831552832,76.56820519095093,Parbhani,normal,statewide,2.8309342861175537,1,7,CHIRPS Daily v2.0,Maharashtra,CHIRPS Rainfall
2020-12-02,2020-12-09,49.0,2020,P108,19.208625676465683,76.85432786914635,Parbhani,normal,statewide,0.0,1,7,CHIRPS Daily v2.0,Maharashtra,CHIRPS Rainfall
2020-12-02,2020-12-09,49.0,2020,P109,19.212081479782103,76.47396209018636,Parbhani,normal,statewide,2.7993340492248535,1,7,CHIRPS Daily v2.0,Maharashtra,CHIRPS Rainfall
2020-12-02,2020-12-09,49.0,2020,P110,18.133442771357757,75.04679558432363,Pune,normal,statewide,0.0,1,7,CHIRPS Daily v2.0,Maharashtra,CHIRPS Rainfall
2020-12-02,2020-12-09,49.0,2020,P111,18.584645829652782,74.47919215212944,Pune,normal,statewide,0.0,1,7,CHIRPS Daily v2.0,Maharashtra,CHIRPS Rainfall
2020-12-02,2020-12-09,49.0,2020,P112,18.132979024848197,74.57507620208169,Pune,normal,statewide,3.734492301940918,1,7,CHIRPS Daily v2.0,Maharashtra,CHIRPS Rainfall
2020-12-02,2020-12-09,49.0,2020,P113,18.314072036830744,74.76389683618987,Pune,normal,statewide,0.0,1,7,CHIRPS Daily v2.0,Maharashtra,CHIRPS Rainfall
2020-12-02,2020-12-09,49.0,2020,P114,18.48503397121986,73.0589238755964,Raigarh,normal,statewide,0.0,1,7,CHIRPS Daily v2.0,Maharashtra,CHIRPS Rainfall
2020-12-02,2020-12-09,49.0,2020,P115,18.665689991299164,73.05687714821288,Raigarh,normal,statewide,0.0,1,7,CHIRPS Daily v2.0,Maharashtra,CHIRPS Rainfall
2020-12-02,2020-12-09,49.0,2020,P116,18.306197264370358,73.25009891506079,Raigarh,normal,statewide,0.0,1,7,CHIRPS Daily v2.0,Maharashtra,CHIRPS Rainfall
2020-12-02,2020-12-09,49.0,2020,P117,18.21404102289879,73.06194714611064,Raigarh,normal,statewide,0.0,1,7,CHIRPS Daily v2.0,Maharashtra,CHIRPS Rainfall
2020-12-02,2020-12-09,49.0,2020,P118,17.138719885658215,75.42259970290594,Sangli,normal,statewide,0.0,1,7,CHIRPS Daily v2.0,Maharashtra,CHIRPS Rainfall
2020-12-02,2020-12-09,49.0,2020,P119,17.048761981005992,74.95348443567921,Sangli,normal,statewide,0.0,1,7,CHIRPS Daily v2.0,Maharashtra,CHIRPS Rainfall
2020-12-02,2020-12-09,49.0,2020,P120,16.86707144948229,74.39025538161847,Sangli,normal,statewide,0.0,1,7,CHIRPS Daily v2.0,Maharashtra,CHIRPS Rainfall
2020-12-02,2020-12-09,49.0,2020,P121,17.048503353144895,74.67157114887826,Sangli,normal,statewide,0.0,1,7,CHIRPS Daily v2.0,Maharashtra,CHIRPS Rainfall
2020-12-02,2020-12-09,49.0,2020,P148,17.67852974098626,76.08383979812143,Solapur,normal,statewide,0.0,1,7,CHIRPS Daily v2.0,Maharashtra,CHIRPS Rainfall
2020-12-02,2020-12-09,49.0,2020,P149,18.223365003201543,75.4251413905064,Solapur,normal,statewide,0.0,1,7,CHIRPS Daily v2.0,Maharashtra,CHIRPS Rainfall
2020-12-02,2020-12-09,49.0,2020,P150,17.952532582518405,75.23562067753285,Solapur,normal,statewide,0.0,1,7,CHIRPS Daily v2.0,Maharashtra,CHIRPS Rainfall
2020-12-02,2020-12-09,49.0,2020,P151,18.223690517578447,75.23598186471818,Solapur,normal,statewide,0.0,1,7,CHIRPS Daily v2.0,Maharashtra,CHIRPS Rainfall
2020-12-02,2020-12-09,49.0,2020,P152,19.658178867370932,72.94986318203122,Thane,normal,statewide,0.0,1,7,CHIRPS Daily v2.0,Maharashtra,CHIRPS Rainfall
2020-12-02,2020-12-09,49.0,2020,P153,19.65706409210757,72.8545320606096,Thane,normal,statewide,0.0,1,7,CHIRPS Daily v2.0,Maharashtra,CHIRPS Rainfall
2020-12-02,2020-12-09,49.0,2020,P154,19.477549601897948,72.95214624177059,Thane,normal,statewide,0.0,1,7,CHIRPS Daily v2.0,Maharashtra,CHIRPS Rainfall
2020-12-02,2020-12-09,49.0,2020,P155,19.83987385799569,73.0429959666335,Thane,normal,statewide,0.0,1,7,CHIRPS Daily v2.0,Maharashtra,CHIRPS Rainfall
2020-12-02,2020-12-09,49.0,2020,P156,20.806749657616468,78.60135461177485,Wardha,normal,statewide,0.0,1,7,CHIRPS Daily v2.0,Maharashtra,CHIRPS Rainfall
2020-12-02,2020-12-09,49.0,2020,P157,20.71031267913359,78.88671032458906,Wardha,normal,statewide,0.0,1,7,CHIRPS Daily v2.0,Maharashtra,CHIRPS Rainfall
2020-12-02,2020-12-09,49.0,2020,P158,21.081265295769754,78.41565980750515,Wardha,normal,statewide,0.0,1,7,CHIRPS Daily v2.0,Maharashtra,CHIRPS Rainfall
2020-12-02,2020-12-09,49.0,2020,P159,20.439854822938944,78.87986114537097,Wardha,normal,statewide,2.718897581100464,1,7,CHIRPS Daily v2.0,Maharashtra,CHIRPS Rainfall
2020-12-02,2020-12-09,49.0,2020,P160,20.289186257444058,77.15404188735265,Washim,normal,statewide,0.0,1,7,CHIRPS Daily v2.0,Maharashtra,CHIRPS Rainfall
2020-12-02,2020-12-09,49.0,2020,P161,20.464607292886615,77.53975858757677,Washim,normal,statewide,0.0,1,7,CHIRPS Daily v2.0,Maharashtra,CHIRPS Rainfall
2020-12-02,2020-12-09,49.0,2020,P162,20.107393166596125,77.2471479173486,Washim,normal,statewide,0.0,1,7,CHIRPS Daily v2.0,Maharashtra,CHIRPS Rainfall
2020-12-02,2020-12-09,49.0,2020,P163,20.198885002010726,77.1527933390577,Washim,normal,statewide,0.0,1,7,CHIRPS Daily v2.0,Maharashtra,CHIRPS Rainfall
2020-12-02,2020-12-09,49.0,2020,P164,20.182854533723592,78.20447678161395,Yavatmal,normal,statewide,2.7465920448303223,1,7,CHIRPS Daily v2.0,Maharashtra,CHIRPS Rainfall
2020-12-02,2020-12-09,49.0,2020,P165,19.894658373538324,79.05709703494229,Yavatmal,normal,statewide,0.0,1,7,CHIRPS Daily v2.0,Maharashtra,CHIRPS Rainfall
2020-12-02,2020-12-09,49.0,2020,P166,19.468787468327925,77.71426550730338,Yavatmal,normal,statewide,5.790571451187134,1,7,CHIRPS Daily v2.0,Maharashtra,CHIRPS Rainfall
2020-12-02,2020-12-09,49.0,2020,P167,19.559057510053886,77.71577268345945,Yavatmal,normal,statewide,0.0,1,7,CHIRPS Daily v2.0,Maharashtra,CHIRPS Rainfall
2020-12-09,2020-12-16,50.0,2020,P147,17.927231643141155,73.94769852026607,Satara,case_study,case_study,9.452429294586182,1,7,CHIRPS Daily v2.0,Maharashtra,CHIRPS Rainfall
2020-12-09,2020-12-16,50.0,2020,P061,18.507855650411397,76.91766048140843,Latur,high,priority,2.534231424331665,1,7,CHIRPS Daily v2.0,Maharashtra,CHIRPS Rainfall
2020-12-09,2020-12-16,50.0,2020,P062,18.422405896924207,76.3487594508077,Latur,high,priority,0.0,1,7,CHIRPS Daily v2.0,Maharashtra,CHIRPS Rainfall
2020-12-09,2020-12-16,50.0,2020,P063,18.235391198742693,77.05646783810116,Latur,high,priority,0.0,1,7,CHIRPS Daily v2.0,Maharashtra,CHIRPS Rainfall
2020-12-09,2020-12-16,50.0,2020,P064,18.193056493341274,76.77240080549139,Latur,high,priority,0.0,1,7,CHIRPS Daily v2.0,Maharashtra,CHIRPS Rainfall
2020-12-09,2020-12-16,50.0,2020,P065,18.331355512513895,76.44266811899327,Latur,high,priority,0.0,1,7,CHIRPS Daily v2.0,Maharashtra,CHIRPS Rainfall
2020-12-09,2020-12-16,50.0,2020,P066,18.104739537876725,76.5352970251765,Latur,high,priority,0.0,1,7,CHIRPS Daily v2.0,Maharashtra,CHIRPS Rainfall
2020-12-09,2020-12-16,50.0,2020,P067,18.280552974211986,77.0569984711265,Latur,high,priority,0.0,1,7,CHIRPS Daily v2.0,Maharashtra,CHIRPS Rainfall
2020-12-09,2020-12-16,50.0,2020,P068,18.101823285787773,76.86595720469373,Latur,high,priority,0.0,1,7,CHIRPS Daily v2.0,Maharashtra,CHIRPS Rainfall
2020-12-09,2020-12-16,50.0,2020,P069,18.595075667016793,77.20284228928156,Latur,high,priority,0.0,1,7,CHIRPS Daily v2.0,Maharashtra,CHIRPS Rainfall
2020-12-09,2020-12-16,50.0,2020,P070,18.41499041187233,77.15322587185987,Latur,high,priority,0.0,1,7,CHIRPS Daily v2.0,Maharashtra,CHIRPS Rainfall
2020-12-09,2020-12-16,50.0,2020,P071,18.149138807065885,76.63019561379593,Latur,high,priority,0.0,1,7,CHIRPS Daily v2.0,Maharashtra,CHIRPS Rainfall
2020-12-09,2020-12-16,50.0,2020,P072,18.283393421583035,76.77331492120734,Latur,high,priority,2.8227646350860596,1,7,CHIRPS Daily v2.0,Maharashtra,CHIRPS Rainfall
2020-12-09,2020-12-16,50.0,2020,P073,17.966315663874607,76.86453029235662,Latur,high,priority,2.208775281906128,1,7,CHIRPS Daily v2.0,Maharashtra,CHIRPS Rainfall
2020-12-09,2020-12-16,50.0,2020,P074,18.50832831512306,76.870318205524,Latur,high,priority,2.1759326457977295,1,7,CHIRPS Daily v2.0,Maharashtra,CHIRPS Rainfall
2020-12-09,2020-12-16,50.0,2020,P075,18.41444640154381,77.20053247493588,Latur,high,priority,0.0,1,7,CHIRPS Daily v2.0,Maharashtra,CHIRPS Rainfall
2020-12-09,2020-12-16,50.0,2020,P076,18.377877313804504,76.25376722106614,Latur,high,priority,0.0,1,7,CHIRPS Daily v2.0,Maharashtra,CHIRPS Rainfall
2020-12-09,2020-12-16,50.0,2020,P077,18.059564385104267,76.5349046242838,Latur,high,priority,0.0,1,7,CHIRPS Daily v2.0,Maharashtra,CHIRPS Rainfall
2020-12-09,2020-12-16,50.0,2020,P078,18.1008824154655,76.96042326051098,Latur,high,priority,0.0,1,7,CHIRPS Daily v2.0,Maharashtra,CHIRPS Rainfall
2020-12-09,2020-12-16,50.0,2020,P079,18.73508698099394,76.77797468180819,Latur,high,priority,0.0,1,7,CHIRPS Daily v2.0,Maharashtra,CHIRPS Rainfall
2020-12-09,2020-12-16,50.0,2020,P080,18.46791548227568,76.3017694439065,Latur,high,priority,0.0,1,7,CHIRPS Daily v2.0,Maharashtra,CHIRPS Rainfall
2020-12-09,2020-12-16,50.0,2020,P081,18.10355787609756,76.67701617485712,Latur,high,priority,0.0,1,7,CHIRPS Daily v2.0,Maharashtra,CHIRPS Rainfall
2020-12-09,2020-12-16,50.0,2020,P082,18.23907887531389,76.67830931416262,Latur,high,priority,0.0,1,7,CHIRPS Daily v2.0,Maharashtra,CHIRPS Rainfall
2020-12-09,2020-12-16,50.0,2020,P083,18.369289085175563,77.19996171000103,Latur,high,priority,0.0,1,7,CHIRPS Daily v2.0,Maharashtra,CHIRPS Rainfall
2020-12-09,2020-12-16,50.0,2020,P084,18.46362582706226,76.82249880582684,Latur,high,priority,2.2604942321777344,1,7,CHIRPS Daily v2.0,Maharashtra,CHIRPS Rainfall
2020-12-09,2020-12-16,50.0,2020,P085,18.14788579966987,76.77194597718393,Latur,high,priority,0.0,1,7,CHIRPS Daily v2.0,Maharashtra,CHIRPS Rainfall
2020-12-09,2020-12-16,50.0,2020,P122,17.88145897082753,73.8441448165019,Satara,high,priority,14.444355964660645,1,7,CHIRPS Daily v2.0,Maharashtra,CHIRPS Rainfall
2020-12-09,2020-12-16,50.0,2020,P123,17.386414030975025,74.27088970551878,Satara,high,priority,0.0,1,7,CHIRPS Daily v2.0,Maharashtra,CHIRPS Rainfall
2020-12-09,2020-12-16,50.0,2020,P124,17.43262815429294,74.647353771057,Satara,high,priority,0.0,1,7,CHIRPS Daily v2.0,Maharashtra,CHIRPS Rainfall
2020-12-09,2020-12-16,50.0,2020,P125,17.56734651531964,74.31728219287884,Satara,high,priority,3.6717822551727295,1,7,CHIRPS Daily v2.0,Maharashtra,CHIRPS Rainfall
2020-12-09,2020-12-16,50.0,2020,P126,17.205080227535593,74.13053949986157,Satara,high,priority,0.0,1,7,CHIRPS Daily v2.0,Maharashtra,CHIRPS Rainfall
2020-12-09,2020-12-16,50.0,2020,P127,17.65773249367299,74.31694330119876,Satara,high,priority,2.2397987842559814,1,7,CHIRPS Daily v2.0,Maharashtra,CHIRPS Rainfall
2020-12-09,2020-12-16,50.0,2020,P128,18.019949731345452,74.5517328080669,Satara,high,priority,3.4576845169067383,1,7,CHIRPS Daily v2.0,Maharashtra,CHIRPS Rainfall
2020-12-09,2020-12-16,50.0,2020,P129,18.063234225271252,74.03192648006461,Satara,high,priority,9.227739572525024,1,7,CHIRPS Daily v2.0,Maharashtra,CHIRPS Rainfall
2020-12-09,2020-12-16,50.0,2020,P130,17.61135784271715,74.03436560834085,Satara,high,priority,2.3139429092407227,1,7,CHIRPS Daily v2.0,Maharashtra,CHIRPS Rainfall
2020-12-09,2020-12-16,50.0,2020,P131,17.612539504496315,74.3171127470388,Satara,high,priority,3.866316080093384,1,7,CHIRPS Daily v2.0,Maharashtra,CHIRPS Rainfall
2020-12-09,2020-12-16,50.0,2020,P132,17.702176353872684,74.12817617630324,Satara,high,priority,2.436143636703491,1,7,CHIRPS Daily v2.0,Maharashtra,CHIRPS Rainfall
2020-12-09,2020-12-16,50.0,2020,P133,17.25006363896275,74.08329532420031,Satara,high,priority,0.0,1,7,CHIRPS Daily v2.0,Maharashtra,CHIRPS Rainfall
2020-12-09,2020-12-16,50.0,2020,P134,17.476429903940936,74.17634784498362,Satara,high,priority,3.61877703666687,1,7,CHIRPS Daily v2.0,Maharashtra,CHIRPS Rainfall
2020-12-09,2020-12-16,50.0,2020,P135,17.882716437324603,74.0801070669471,Satara,high,priority,8.332015991210938,1,7,CHIRPS Daily v2.0,Maharashtra,CHIRPS Rainfall
2020-12-09,2020-12-16,50.0,2020,P136,17.928520323345598,74.22149178404871,Satara,high,priority,2.534090042114258,1,7,CHIRPS Daily v2.0,Maharashtra,CHIRPS Rainfall
2020-12-09,2020-12-16,50.0,2020,P137,17.746687100588183,73.98648378122894,Satara,high,priority,2.525639295578003,1,7,CHIRPS Daily v2.0,Maharashtra,CHIRPS Rainfall
2020-12-09,2020-12-16,50.0,2020,P138,17.61269557303319,74.36423652697161,Satara,high,priority,0.0,1,7,CHIRPS Daily v2.0,Maharashtra,CHIRPS Rainfall
2020-12-09,2020-12-16,50.0,2020,P139,17.656773786946495,74.08126197411994,Satara,high,priority,2.2690060138702393,1,7,CHIRPS Daily v2.0,Maharashtra,CHIRPS Rainfall
2020-12-09,2020-12-16,50.0,2020,P140,17.97464080554139,74.50462240543725,Satara,high,priority,4.023048400878906,1,7,CHIRPS Daily v2.0,Maharashtra,CHIRPS Rainfall
2020-12-09,2020-12-16,50.0,2020,P141,17.430826677467348,74.08239904488856,Satara,high,priority,3.4206221103668213,1,7,CHIRPS Daily v2.0,Maharashtra,CHIRPS Rainfall
2020-12-09,2020-12-16,50.0,2020,P142,18.064447100757786,74.31538707493111,Satara,high,priority,3.7832396030426025,1,7,CHIRPS Daily v2.0,Maharashtra,CHIRPS Rainfall
2020-12-09,2020-12-16,50.0,2020,P143,17.70379500755509,74.6468275971327,Satara,high,priority,0.0,1,7,CHIRPS Daily v2.0,Maharashtra,CHIRPS Rainfall
2020-12-09,2020-12-16,50.0,2020,P144,17.929452275465767,74.50474726026674,Satara,high,priority,3.9133732318878174,1,7,CHIRPS Daily v2.0,Maharashtra,CHIRPS Rainfall
2020-12-09,2020-12-16,50.0,2020,P145,17.47773196144854,74.60017202281048,Satara,high,priority,0.0,1,7,CHIRPS Daily v2.0,Maharashtra,CHIRPS Rainfall
2020-12-09,2020-12-16,50.0,2020,P146,17.839182233739812,74.55218763637436,Satara,high,priority,0.0,1,7,CHIRPS Daily v2.0,Maharashtra,CHIRPS Rainfall
2020-12-09,2020-12-16,50.0,2020,P001,19.940457800458272,74.57045211428928,Ahmednagar,normal,statewide,0.0,1,7,CHIRPS Daily v2.0,Maharashtra,CHIRPS Rainfall
2020-12-09,2020-12-16,50.0,2020,P002,18.946729294293643,74.76302285238339,Ahmednagar,normal,statewide,0.0,1,7,CHIRPS Daily v2.0,Maharashtra,CHIRPS Rainfall
2020-12-09,2020-12-16,50.0,2020,P003,18.49469238410162,74.66892244285252,Ahmednagar,normal,statewide,3.7236428260803223,1,7,CHIRPS Daily v2.0,Maharashtra,CHIRPS Rainfall
2020-12-09,2020-12-16,50.0,2020,P004,19.03720445466806,75.1420731965326,Ahmednagar,normal,statewide,0.0,1,7,CHIRPS Daily v2.0,Maharashtra,CHIRPS Rainfall
2020-12-09,2020-12-16,50.0,2020,P005,20.832153156317954,77.06560453615967,Akola,normal,statewide,0.0,1,7,CHIRPS Daily v2.0,Maharashtra,CHIRPS Rainfall
2020-12-09,2020-12-16,50.0,2020,P006,20.834360411339407,76.87349308547405,Akola,normal,statewide,0.0,1,7,CHIRPS Daily v2.0,Maharashtra,CHIRPS Rainfall
2020-12-09,2020-12-16,50.0,2020,P007,21.014976299509232,76.87574047240498,Akola,normal,statewide,0.0,1,7,CHIRPS Daily v2.0,Maharashtra,CHIRPS Rainfall
2020-12-09,2020-12-16,50.0,2020,P008,20.828434266039377,77.35372489162701,Akola,normal,statewide,0.0,1,7,CHIRPS Daily v2.0,Maharashtra,CHIRPS Rainfall
2020-12-09,2020-12-16,50.0,2020,P009,21.360971327549258,77.94039543992572,Amravati,normal,statewide,0.0,1,7,CHIRPS Daily v2.0,Maharashtra,CHIRPS Rainfall
2020-12-09,2020-12-16,50.0,2020,P010,21.178803672212837,78.03301542790685,Amravati,normal,statewide,0.0,1,7,CHIRPS Daily v2.0,Maharashtra,CHIRPS Rainfall
2020-12-09,2020-12-16,50.0,2020,P011,20.814388097721018,78.21764450702477,Amravati,normal,statewide,2.998859167098999,1,7,CHIRPS Daily v2.0,Maharashtra,CHIRPS Rainfall
2020-12-09,2020-12-16,50.0,2020,P012,21.180502589714195,77.93681032267875,Amravati,normal,statewide,2.2925472259521484,1,7,CHIRPS Daily v2.0,Maharashtra,CHIRPS Rainfall
2020-12-09,2020-12-16,50.0,2020,P013,20.031289688916964,74.8570519162974,Aurangabad,normal,statewide,0.0,1,7,CHIRPS Daily v2.0,Maharashtra,CHIRPS Rainfall
2020-12-09,2020-12-16,50.0,2020,P014,19.760185263069562,75.14270192978114,Aurangabad,normal,statewide,0.0,1,7,CHIRPS Daily v2.0,Maharashtra,CHIRPS Rainfall
2020-12-09,2020-12-16,50.0,2020,P015,19.9408189876436,74.76157364454102,Aurangabad,normal,statewide,0.0,1,7,CHIRPS Daily v2.0,Maharashtra,CHIRPS Rainfall
2020-12-09,2020-12-16,50.0,2020,P016,19.66981712112043,75.14262166596218,Aurangabad,normal,statewide,0.0,1,7,CHIRPS Daily v2.0,Maharashtra,CHIRPS Rainfall
2020-12-09,2020-12-16,50.0,2020,P017,21.04613203856966,79.85576216552393,Bhandara,normal,statewide,0.0,1,7,CHIRPS Daily v2.0,Maharashtra,CHIRPS Rainfall
2020-12-09,2020-12-16,50.0,2020,P018,21.31897105472685,79.76852877161537,Bhandara,normal,statewide,0.0,1,7,CHIRPS Daily v2.0,Maharashtra,CHIRPS Rainfall
2020-12-09,2020-12-16,50.0,2020,P019,21.40900922319803,79.77144948280537,Bhandara,normal,statewide,2.8610990047454834,1,7,CHIRPS Daily v2.0,Maharashtra,CHIRPS Rainfall
2020-12-09,2020-12-16,50.0,2020,P020,21.144196588937042,79.57074980349083,Bhandara,normal,statewide,2.6721677780151367,1,7,CHIRPS Daily v2.0,Maharashtra,CHIRPS Rainfall
2020-12-09,2020-12-16,50.0,2020,P021,18.67502288980403,75.52108340877234,Bid,normal,statewide,0.0,1,7,CHIRPS Daily v2.0,Maharashtra,CHIRPS Rainfall
2020-12-09,2020-12-16,50.0,2020,P022,18.856499384477168,75.04699178476999,Bid,normal,statewide,0.0,1,7,CHIRPS Daily v2.0,Maharashtra,CHIRPS Rainfall
2020-12-09,2020-12-16,50.0,2020,P023,19.126596053486494,75.6175605191647,Bid,normal,statewide,0.0,1,7,CHIRPS Daily v2.0,Maharashtra,CHIRPS Rainfall
2020-12-09,2020-12-16,50.0,2020,P024,18.763955201213946,75.90084720909012,Bid,normal,statewide,2.7998530864715576,1,7,CHIRPS Daily v2.0,Maharashtra,CHIRPS Rainfall
2020-12-09,2020-12-16,50.0,2020,P025,20.93073496240753,76.20164478885242,Buldana,normal,statewide,0.0,1,7,CHIRPS Daily v2.0,Maharashtra,CHIRPS Rainfall
2020-12-09,2020-12-16,50.0,2020,P026,20.838939908121294,76.39311412898633,Buldana,normal,statewide,0.0,1,7,CHIRPS Daily v2.0,Maharashtra,CHIRPS Rainfall
2020-12-09,2020-12-16,50.0,2020,P027,20.657476790751314,76.48742857536776,Buldana,normal,statewide,0.0,1,7,CHIRPS Daily v2.0,Maharashtra,CHIRPS Rainfall
2020-12-09,2020-12-16,50.0,2020,P028,20.47967013624516,76.10222021266374,Buldana,normal,statewide,0.0,1,7,CHIRPS Daily v2.0,Maharashtra,CHIRPS Rainfall
2020-12-09,2020-12-16,50.0,2020,P029,20.32317798477448,79.92829390325927,Chandrapur,normal,statewide,2.4884250164031982,1,7,CHIRPS Daily v2.0,Maharashtra,CHIRPS Rainfall
2020-12-09,2020-12-16,50.0,2020,P030,20.60872097983294,79.36304041732026,Chandrapur,normal,statewide,2.702298879623413,1,7,CHIRPS Daily v2.0,Maharashtra,CHIRPS Rainfall
2020-12-09,2020-12-16,50.0,2020,P031,20.511160307884595,79.64732594588165,Chandrapur,normal,statewide,0.0,1,7,CHIRPS Daily v2.0,Maharashtra,CHIRPS Rainfall
2020-12-09,2020-12-16,50.0,2020,P032,20.598621115946884,79.74569817422172,Chandrapur,normal,statewide,2.8362159729003906,1,7,CHIRPS Daily v2.0,Maharashtra,CHIRPS Rainfall
2020-12-09,2020-12-16,50.0,2020,P033,21.38667804512237,75.14422248324037,Dhule,normal,statewide,0.0,1,7,CHIRPS Daily v2.0,Maharashtra,CHIRPS Rainfall
2020-12-09,2020-12-16,50.0,2020,P034,21.025151968113196,74.75989256344387,Dhule,normal,statewide,0.0,1,7,CHIRPS Daily v2.0,Maharashtra,CHIRPS Rainfall
2020-12-09,2020-12-16,50.0,2020,P035,21.477028350667293,74.85568743137505,Dhule,normal,statewide,0.0,1,7,CHIRPS Daily v2.0,Maharashtra,CHIRPS Rainfall
2020-12-09,2020-12-16,50.0,2020,P036,20.933820660336515,74.37533522949364,Dhule,normal,statewide,0.0,1,7,CHIRPS Daily v2.0,Maharashtra,CHIRPS Rainfall
2020-12-09,2020-12-16,50.0,2020,P037,19.963056524597132,79.91698116388667,Garhchiroli,normal,statewide,0.0,1,7,CHIRPS Daily v2.0,Maharashtra,CHIRPS Rainfall
2020-12-09,2020-12-16,50.0,2020,P038,19.062661462582188,79.88977172925856,Garhchiroli,normal,statewide,0.0,1,7,CHIRPS Daily v2.0,Maharashtra,CHIRPS Rainfall
2020-12-09,2020-12-16,50.0,2020,P039,19.510270485428137,79.9981368030594,Garhchiroli,normal,statewide,0.0,1,7,CHIRPS Daily v2.0,Maharashtra,CHIRPS Rainfall
2020-12-09,2020-12-16,50.0,2020,P040,19.870365190999156,80.00935144220881,Garhchiroli,normal,statewide,0.0,1,7,CHIRPS Daily v2.0,Maharashtra,CHIRPS Rainfall
2020-12-09,2020-12-16,50.0,2020,P041,21.127639946725598,80.1465044724107,Gondiya,normal,statewide,3.148184299468994,1,7,CHIRPS Daily v2.0,Maharashtra,CHIRPS Rainfall
2020-12-09,2020-12-16,50.0,2020,P042,21.397598383602258,80.15591763473452,Gondiya,normal,statewide,0.0,1,7,CHIRPS Daily v2.0,Maharashtra,CHIRPS Rainfall
2020-12-09,2020-12-16,50.0,2020,P043,21.574548890706154,80.25847249986273,Gondiya,normal,statewide,0.0,1,7,CHIRPS Daily v2.0,Maharashtra,CHIRPS Rainfall
2020-12-09,2020-12-16,50.0,2020,P044,21.211649410572516,80.34153217518526,Gondiya,normal,statewide,0.0,1,7,CHIRPS Daily v2.0,Maharashtra,CHIRPS Rainfall
2020-12-09,2020-12-16,50.0,2020,P045,19.655900266732623,77.2407892392464,Hingoli,normal,statewide,0.0,1,7,CHIRPS Daily v2.0,Maharashtra,CHIRPS Rainfall
2020-12-09,2020-12-16,50.0,2020,P046,19.566758377573187,77.1442675378435,Hingoli,normal,statewide,0.0,1,7,CHIRPS Daily v2.0,Maharashtra,CHIRPS Rainfall
2020-12-09,2020-12-16,50.0,2020,P047,19.47860194974656,76.9526242927685,Hingoli,normal,statewide,0.0,1,7,CHIRPS Daily v2.0,Maharashtra,CHIRPS Rainfall
2020-12-09,2020-12-16,50.0,2020,P048,19.927981235710728,77.14910120338544,Hingoli,normal,statewide,0.0,1,7,CHIRPS Daily v2.0,Maharashtra,CHIRPS Rainfall
2020-12-09,2020-12-16,50.0,2020,P049,21.292738163229433,76.10816865346904,Jalgaon,normal,statewide,2.6709160804748535,1,7,CHIRPS Daily v2.0,Maharashtra,CHIRPS Rainfall
2020-12-09,2020-12-16,50.0,2020,P050,21.386178625804387,75.43363151891216,Jalgaon,normal,statewide,0.0,1,7,CHIRPS Daily v2.0,Maharashtra,CHIRPS Rainfall
2020-12-09,2020-12-16,50.0,2020,P051,21.112064306745907,76.10682200495089,Jalgaon,normal,statewide,0.0,1,7,CHIRPS Daily v2.0,Maharashtra,CHIRPS Rainfall
2020-12-09,2020-12-16,50.0,2020,P052,20.844437979720194,75.23982115072519,Jalgaon,normal,statewide,0.0,1,7,CHIRPS Daily v2.0,Maharashtra,CHIRPS Rainfall
2020-12-09,2020-12-16,50.0,2020,P053,19.486369703781666,76.00005328932718,Jalna,normal,statewide,0.0,1,7,CHIRPS Daily v2.0,Maharashtra,CHIRPS Rainfall
2020-12-09,2020-12-16,50.0,2020,P054,20.028502750758555,76.00343774702675,Jalna,normal,statewide,0.0,1,7,CHIRPS Daily v2.0,Maharashtra,CHIRPS Rainfall
2020-12-09,2020-12-16,50.0,2020,P055,19.75743845682064,76.00172991132328,Jalna,normal,statewide,0.0,1,7,CHIRPS Daily v2.0,Maharashtra,CHIRPS Rainfall
2020-12-09,2020-12-16,50.0,2020,P056,19.57768317515413,75.80993951591351,Jalna,normal,statewide,0.0,1,7,CHIRPS Daily v2.0,Maharashtra,CHIRPS Rainfall
2020-12-09,2020-12-16,50.0,2020,P057,16.776377793156257,74.29671235971928,Kolhapur,normal,statewide,0.0,1,7,CHIRPS Daily v2.0,Maharashtra,CHIRPS Rainfall
2020-12-09,2020-12-16,50.0,2020,P058,16.324416687682138,74.29834884980589,Kolhapur,normal,statewide,2.6376917362213135,1,7,CHIRPS Daily v2.0,Maharashtra,CHIRPS Rainfall
2020-12-09,2020-12-16,50.0,2020,P059,16.595891218916975,74.39111598812178,Kolhapur,normal,statewide,0.0,1,7,CHIRPS Daily v2.0,Maharashtra,CHIRPS Rainfall
2020-12-09,2020-12-16,50.0,2020,P060,16.414811584237594,74.29802779453004,Kolhapur,normal,statewide,0.0,1,7,CHIRPS Daily v2.0,Maharashtra,CHIRPS Rainfall
2020-12-09,2020-12-16,50.0,2020,P086,21.054127206758487,79.56798961993874,Nagpur,normal,statewide,2.5302507877349854,1,7,CHIRPS Daily v2.0,Maharashtra,CHIRPS Rainfall
2020-12-09,2020-12-16,50.0,2020,P087,21.146765031143822,79.47473643960802,Nagpur,normal,statewide,3.2437336444854736,1,7,CHIRPS Daily v2.0,Maharashtra,CHIRPS Rainfall
2020-12-09,2020-12-16,50.0,2020,P088,21.347803602138427,78.61442869606356,Nagpur,normal,statewide,0.0,1,7,CHIRPS Daily v2.0,Maharashtra,CHIRPS Rainfall
2020-12-09,2020-12-16,50.0,2020,P089,21.165377318940912,78.70615240473293,Nagpur,normal,statewide,2.3508999347686768,1,7,CHIRPS Daily v2.0,Maharashtra,CHIRPS Rainfall
2020-12-09,2020-12-16,50.0,2020,P090,19.201968238592887,77.42470040309472,Nanded,normal,statewide,0.0,1,7,CHIRPS Daily v2.0,Maharashtra,CHIRPS Rainfall
2020-12-09,2020-12-16,50.0,2020,P091,18.566038000956755,77.69963965584807,Nanded,normal,statewide,0.0,1,7,CHIRPS Daily v2.0,Maharashtra,CHIRPS Rainfall
2020-12-09,2020-12-16,50.0,2020,P092,19.736596618496833,77.90946265591798,Nanded,normal,statewide,0.0,1,7,CHIRPS Daily v2.0,Maharashtra,CHIRPS Rainfall
2020-12-09,2020-12-16,50.0,2020,P093,18.93564842817583,77.04115528508362,Nanded,normal,statewide,0.0,1,7,CHIRPS Daily v2.0,Maharashtra,CHIRPS Rainfall
2020-12-09,2020-12-16,50.0,2020,P094,21.564917232430716,74.08292967791392,Nandurbar,normal,statewide,0.0,1,7,CHIRPS Daily v2.0,Maharashtra,CHIRPS Rainfall
2020-12-09,2020-12-16,50.0,2020,P095,21.5662594218478,74.37266422796263,Nandurbar,normal,statewide,2.629366636276245,1,7,CHIRPS Daily v2.0,Maharashtra,CHIRPS Rainfall
2020-12-09,2020-12-16,50.0,2020,P096,21.385179787168415,74.27697637845674,Nandurbar,normal,statewide,0.0,1,7,CHIRPS Daily v2.0,Maharashtra,CHIRPS Rainfall
2020-12-09,2020-12-16,50.0,2020,P097,21.565421110849755,74.17950488852946,Nandurbar,normal,statewide,0.0,1,7,CHIRPS Daily v2.0,Maharashtra,CHIRPS Rainfall
2020-12-09,2020-12-16,50.0,2020,P098,20.299553667393326,73.99482675929994,Nashik,normal,statewide,0.0,1,7,CHIRPS Daily v2.0,Maharashtra,CHIRPS Rainfall
2020-12-09,2020-12-16,50.0,2020,P099,20.120253214034264,74.28296495117151,Nashik,normal,statewide,0.0,1,7,CHIRPS Daily v2.0,Maharashtra,CHIRPS Rainfall
2020-12-09,2020-12-16,50.0,2020,P100,20.389903972938242,73.99424261706194,Nashik,normal,statewide,0.0,1,7,CHIRPS Daily v2.0,Maharashtra,CHIRPS Rainfall
2020-12-09,2020-12-16,50.0,2020,P101,20.029015547379707,74.09216447619562,Nashik,normal,statewide,0.0,1,7,CHIRPS Daily v2.0,Maharashtra,CHIRPS Rainfall
2020-12-09,2020-12-16,50.0,2020,P102,17.85749130266526,76.36802722645965,Osmanabad,normal,statewide,0.0,1,7,CHIRPS Daily v2.0,Maharashtra,CHIRPS Rainfall
2020-12-09,2020-12-16,50.0,2020,P103,17.76644983645705,76.46164605307673,Osmanabad,normal,statewide,0.0,1,7,CHIRPS Daily v2.0,Maharashtra,CHIRPS Rainfall
2020-12-09,2020-12-16,50.0,2020,P104,17.949094615606196,76.17989775301476,Osmanabad,normal,statewide,0.0,1,7,CHIRPS Daily v2.0,Maharashtra,CHIRPS Rainfall
2020-12-09,2020-12-16,50.0,2020,P105,18.584360447185368,75.61558067829696,Osmanabad,normal,statewide,0.0,1,7,CHIRPS Daily v2.0,Maharashtra,CHIRPS Rainfall
2020-12-09,2020-12-16,50.0,2020,P106,19.031389786894366,76.47235681380711,Parbhani,normal,statewide,2.4070591926574707,1,7,CHIRPS Daily v2.0,Maharashtra,CHIRPS Rainfall
2020-12-09,2020-12-16,50.0,2020,P107,19.120950831552832,76.56820519095093,Parbhani,normal,statewide,0.0,1,7,CHIRPS Daily v2.0,Maharashtra,CHIRPS Rainfall
2020-12-09,2020-12-16,50.0,2020,P108,19.208625676465683,76.85432786914635,Parbhani,normal,statewide,0.0,1,7,CHIRPS Daily v2.0,Maharashtra,CHIRPS Rainfall
2020-12-09,2020-12-16,50.0,2020,P109,19.212081479782103,76.47396209018636,Parbhani,normal,statewide,0.0,1,7,CHIRPS Daily v2.0,Maharashtra,CHIRPS Rainfall
2020-12-09,2020-12-16,50.0,2020,P110,18.133442771357757,75.04679558432363,Pune,normal,statewide,0.0,1,7,CHIRPS Daily v2.0,Maharashtra,CHIRPS Rainfall
2020-12-09,2020-12-16,50.0,2020,P111,18.584645829652782,74.47919215212944,Pune,normal,statewide,3.958613157272339,1,7,CHIRPS Daily v2.0,Maharashtra,CHIRPS Rainfall
2020-12-09,2020-12-16,50.0,2020,P112,18.132979024848197,74.57507620208169,Pune,normal,statewide,2.862673759460449,1,7,CHIRPS Daily v2.0,Maharashtra,CHIRPS Rainfall
2020-12-09,2020-12-16,50.0,2020,P113,18.314072036830744,74.76389683618987,Pune,normal,statewide,0.0,1,7,CHIRPS Daily v2.0,Maharashtra,CHIRPS Rainfall
2020-12-09,2020-12-16,50.0,2020,P114,18.48503397121986,73.0589238755964,Raigarh,normal,statewide,9.328710556030273,1,7,CHIRPS Daily v2.0,Maharashtra,CHIRPS Rainfall
2020-12-09,2020-12-16,50.0,2020,P115,18.665689991299164,73.05687714821288,Raigarh,normal,statewide,8.238836288452148,1,7,CHIRPS Daily v2.0,Maharashtra,CHIRPS Rainfall
2020-12-09,2020-12-16,50.0,2020,P116,18.306197264370358,73.25009891506079,Raigarh,normal,statewide,6.103785753250122,1,7,CHIRPS Daily v2.0,Maharashtra,CHIRPS Rainfall
2020-12-09,2020-12-16,50.0,2020,P117,18.21404102289879,73.06194714611064,Raigarh,normal,statewide,8.021190166473389,1,7,CHIRPS Daily v2.0,Maharashtra,CHIRPS Rainfall
2020-12-09,2020-12-16,50.0,2020,P118,17.138719885658215,75.42259970290594,Sangli,normal,statewide,0.0,1,7,CHIRPS Daily v2.0,Maharashtra,CHIRPS Rainfall
2020-12-09,2020-12-16,50.0,2020,P119,17.048761981005992,74.95348443567921,Sangli,normal,statewide,0.0,1,7,CHIRPS Daily v2.0,Maharashtra,CHIRPS Rainfall
2020-12-09,2020-12-16,50.0,2020,P120,16.86707144948229,74.39025538161847,Sangli,normal,statewide,0.0,1,7,CHIRPS Daily v2.0,Maharashtra,CHIRPS Rainfall
2020-12-09,2020-12-16,50.0,2020,P121,17.048503353144895,74.67157114887826,Sangli,normal,statewide,2.7941648960113525,1,7,CHIRPS Daily v2.0,Maharashtra,CHIRPS Rainfall
2020-12-09,2020-12-16,50.0,2020,P148,17.67852974098626,76.08383979812143,Solapur,normal,statewide,0.0,1,7,CHIRPS Daily v2.0,Maharashtra,CHIRPS Rainfall
2020-12-09,2020-12-16,50.0,2020,P149,18.223365003201543,75.4251413905064,Solapur,normal,statewide,0.0,1,7,CHIRPS Daily v2.0,Maharashtra,CHIRPS Rainfall
2020-12-09,2020-12-16,50.0,2020,P150,17.952532582518405,75.23562067753285,Solapur,normal,statewide,0.0,1,7,CHIRPS Daily v2.0,Maharashtra,CHIRPS Rainfall
2020-12-09,2020-12-16,50.0,2020,P151,18.223690517578447,75.23598186471818,Solapur,normal,statewide,0.0,1,7,CHIRPS Daily v2.0,Maharashtra,CHIRPS Rainfall
2020-12-09,2020-12-16,50.0,2020,P152,19.658178867370932,72.94986318203122,Thane,normal,statewide,0.0,1,7,CHIRPS Daily v2.0,Maharashtra,CHIRPS Rainfall
2020-12-09,2020-12-16,50.0,2020,P153,19.65706409210757,72.8545320606096,Thane,normal,statewide,0.0,1,7,CHIRPS Daily v2.0,Maharashtra,CHIRPS Rainfall
2020-12-09,2020-12-16,50.0,2020,P154,19.477549601897948,72.95214624177059,Thane,normal,statewide,2.118124008178711,1,7,CHIRPS Daily v2.0,Maharashtra,CHIRPS Rainfall
2020-12-09,2020-12-16,50.0,2020,P155,19.83987385799569,73.0429959666335,Thane,normal,statewide,0.0,1,7,CHIRPS Daily v2.0,Maharashtra,CHIRPS Rainfall
2020-12-09,2020-12-16,50.0,2020,P156,20.806749657616468,78.60135461177485,Wardha,normal,statewide,2.9666342735290527,1,7,CHIRPS Daily v2.0,Maharashtra,CHIRPS Rainfall
2020-12-09,2020-12-16,50.0,2020,P157,20.71031267913359,78.88671032458906,Wardha,normal,statewide,3.296020269393921,1,7,CHIRPS Daily v2.0,Maharashtra,CHIRPS Rainfall
2020-12-09,2020-12-16,50.0,2020,P158,21.081265295769754,78.41565980750515,Wardha,normal,statewide,0.0,1,7,CHIRPS Daily v2.0,Maharashtra,CHIRPS Rainfall
2020-12-09,2020-12-16,50.0,2020,P159,20.439854822938944,78.87986114537097,Wardha,normal,statewide,2.6232669353485107,1,7,CHIRPS Daily v2.0,Maharashtra,CHIRPS Rainfall
2020-12-09,2020-12-16,50.0,2020,P160,20.289186257444058,77.15404188735265,Washim,normal,statewide,0.0,1,7,CHIRPS Daily v2.0,Maharashtra,CHIRPS Rainfall
2020-12-09,2020-12-16,50.0,2020,P161,20.464607292886615,77.53975858757677,Washim,normal,statewide,0.0,1,7,CHIRPS Daily v2.0,Maharashtra,CHIRPS Rainfall
2020-12-09,2020-12-16,50.0,2020,P162,20.107393166596125,77.2471479173486,Washim,normal,statewide,0.0,1,7,CHIRPS Daily v2.0,Maharashtra,CHIRPS Rainfall
2020-12-09,2020-12-16,50.0,2020,P163,20.198885002010726,77.1527933390577,Washim,normal,statewide,0.0,1,7,CHIRPS Daily v2.0,Maharashtra,CHIRPS Rainfall
2020-12-09,2020-12-16,50.0,2020,P164,20.182854533723592,78.20447678161395,Yavatmal,normal,statewide,2.350472927093506,1,7,CHIRPS Daily v2.0,Maharashtra,CHIRPS Rainfall
2020-12-09,2020-12-16,50.0,2020,P165,19.894658373538324,79.05709703494229,Yavatmal,normal,statewide,0.0,1,7,CHIRPS Daily v2.0,Maharashtra,CHIRPS Rainfall
2020-12-09,2020-12-16,50.0,2020,P166,19.468787468327925,77.71426550730338,Yavatmal,normal,statewide,0.0,1,7,CHIRPS Daily v2.0,Maharashtra,CHIRPS Rainfall
2020-12-09,2020-12-16,50.0,2020,P167,19.559057510053886,77.71577268345945,Yavatmal,normal,statewide,0.0,1,7,CHIRPS Daily v2.0,Maharashtra,CHIRPS Rainfall
2020-12-16,2020-12-23,51.0,2020,P147,17.927231643141155,73.94769852026607,Satara,case_study,case_study,0.0,1,7,CHIRPS Daily v2.0,Maharashtra,CHIRPS Rainfall
2020-12-16,2020-12-23,51.0,2020,P061,18.507855650411397,76.91766048140843,Latur,high,priority,0.0,1,7,CHIRPS Daily v2.0,Maharashtra,CHIRPS Rainfall
2020-12-16,2020-12-23,51.0,2020,P062,18.422405896924207,76.3487594508077,Latur,high,priority,0.0,1,7,CHIRPS Daily v2.0,Maharashtra,CHIRPS Rainfall
2020-12-16,2020-12-23,51.0,2020,P063,18.235391198742693,77.05646783810116,Latur,high,priority,0.0,1,7,CHIRPS Daily v2.0,Maharashtra,CHIRPS Rainfall
2020-12-16,2020-12-23,51.0,2020,P064,18.193056493341274,76.77240080549139,Latur,high,priority,0.0,1,7,CHIRPS Daily v2.0,Maharashtra,CHIRPS Rainfall
2020-12-16,2020-12-23,51.0,2020,P065,18.331355512513895,76.44266811899327,Latur,high,priority,0.0,1,7,CHIRPS Daily v2.0,Maharashtra,CHIRPS Rainfall
2020-12-16,2020-12-23,51.0,2020,P066,18.104739537876725,76.5352970251765,Latur,high,priority,0.0,1,7,CHIRPS Daily v2.0,Maharashtra,CHIRPS Rainfall
2020-12-16,2020-12-23,51.0,2020,P067,18.280552974211986,77.0569984711265,Latur,high,priority,0.0,1,7,CHIRPS Daily v2.0,Maharashtra,CHIRPS Rainfall
2020-12-16,2020-12-23,51.0,2020,P068,18.101823285787773,76.86595720469373,Latur,high,priority,0.0,1,7,CHIRPS Daily v2.0,Maharashtra,CHIRPS Rainfall
2020-12-16,2020-12-23,51.0,2020,P069,18.595075667016793,77.20284228928156,Latur,high,priority,0.0,1,7,CHIRPS Daily v2.0,Maharashtra,CHIRPS Rainfall
2020-12-16,2020-12-23,51.0,2020,P070,18.41499041187233,77.15322587185987,Latur,high,priority,0.0,1,7,CHIRPS Daily v2.0,Maharashtra,CHIRPS Rainfall
2020-12-16,2020-12-23,51.0,2020,P071,18.149138807065885,76.63019561379593,Latur,high,priority,0.0,1,7,CHIRPS Daily v2.0,Maharashtra,CHIRPS Rainfall
2020-12-16,2020-12-23,51.0,2020,P072,18.283393421583035,76.77331492120734,Latur,high,priority,2.333885669708252,1,7,CHIRPS Daily v2.0,Maharashtra,CHIRPS Rainfall
2020-12-16,2020-12-23,51.0,2020,P073,17.966315663874607,76.86453029235662,Latur,high,priority,0.0,1,7,CHIRPS Daily v2.0,Maharashtra,CHIRPS Rainfall
2020-12-16,2020-12-23,51.0,2020,P074,18.50832831512306,76.870318205524,Latur,high,priority,0.0,1,7,CHIRPS Daily v2.0,Maharashtra,CHIRPS Rainfall
2020-12-16,2020-12-23,51.0,2020,P075,18.41444640154381,77.20053247493588,Latur,high,priority,0.0,1,7,CHIRPS Daily v2.0,Maharashtra,CHIRPS Rainfall
2020-12-16,2020-12-23,51.0,2020,P076,18.377877313804504,76.25376722106614,Latur,high,priority,0.0,1,7,CHIRPS Daily v2.0,Maharashtra,CHIRPS Rainfall
2020-12-16,2020-12-23,51.0,2020,P077,18.059564385104267,76.5349046242838,Latur,high,priority,0.0,1,7,CHIRPS Daily v2.0,Maharashtra,CHIRPS Rainfall
2020-12-16,2020-12-23,51.0,2020,P078,18.1008824154655,76.96042326051098,Latur,high,priority,2.5670483112335205,1,7,CHIRPS Daily v2.0,Maharashtra,CHIRPS Rainfall
2020-12-16,2020-12-23,51.0,2020,P079,18.73508698099394,76.77797468180819,Latur,high,priority,0.0,1,7,CHIRPS Daily v2.0,Maharashtra,CHIRPS Rainfall
2020-12-16,2020-12-23,51.0,2020,P080,18.46791548227568,76.3017694439065,Latur,high,priority,0.0,1,7,CHIRPS Daily v2.0,Maharashtra,CHIRPS Rainfall
2020-12-16,2020-12-23,51.0,2020,P081,18.10355787609756,76.67701617485712,Latur,high,priority,0.0,1,7,CHIRPS Daily v2.0,Maharashtra,CHIRPS Rainfall
2020-12-16,2020-12-23,51.0,2020,P082,18.23907887531389,76.67830931416262,Latur,high,priority,0.0,1,7,CHIRPS Daily v2.0,Maharashtra,CHIRPS Rainfall
2020-12-16,2020-12-23,51.0,2020,P083,18.369289085175563,77.19996171000103,Latur,high,priority,0.0,1,7,CHIRPS Daily v2.0,Maharashtra,CHIRPS Rainfall
2020-12-16,2020-12-23,51.0,2020,P084,18.46362582706226,76.82249880582684,Latur,high,priority,0.0,1,7,CHIRPS Daily v2.0,Maharashtra,CHIRPS Rainfall
2020-12-16,2020-12-23,51.0,2020,P085,18.14788579966987,76.77194597718393,Latur,high,priority,0.0,1,7,CHIRPS Daily v2.0,Maharashtra,CHIRPS Rainfall
2020-12-16,2020-12-23,51.0,2020,P122,17.88145897082753,73.8441448165019,Satara,high,priority,0.0,1,7,CHIRPS Daily v2.0,Maharashtra,CHIRPS Rainfall
2020-12-16,2020-12-23,51.0,2020,P123,17.386414030975025,74.27088970551878,Satara,high,priority,0.0,1,7,CHIRPS Daily v2.0,Maharashtra,CHIRPS Rainfall
2020-12-16,2020-12-23,51.0,2020,P124,17.43262815429294,74.647353771057,Satara,high,priority,0.0,1,7,CHIRPS Daily v2.0,Maharashtra,CHIRPS Rainfall
2020-12-16,2020-12-23,51.0,2020,P125,17.56734651531964,74.31728219287884,Satara,high,priority,0.0,1,7,CHIRPS Daily v2.0,Maharashtra,CHIRPS Rainfall
2020-12-16,2020-12-23,51.0,2020,P126,17.205080227535593,74.13053949986157,Satara,high,priority,0.0,1,7,CHIRPS Daily v2.0,Maharashtra,CHIRPS Rainfall
2020-12-16,2020-12-23,51.0,2020,P127,17.65773249367299,74.31694330119876,Satara,high,priority,0.0,1,7,CHIRPS Daily v2.0,Maharashtra,CHIRPS Rainfall
2020-12-16,2020-12-23,51.0,2020,P128,18.019949731345452,74.5517328080669,Satara,high,priority,2.673785924911499,1,7,CHIRPS Daily v2.0,Maharashtra,CHIRPS Rainfall
2020-12-16,2020-12-23,51.0,2020,P129,18.063234225271252,74.03192648006461,Satara,high,priority,0.0,1,7,CHIRPS Daily v2.0,Maharashtra,CHIRPS Rainfall
2020-12-16,2020-12-23,51.0,2020,P130,17.61135784271715,74.03436560834085,Satara,high,priority,0.0,1,7,CHIRPS Daily v2.0,Maharashtra,CHIRPS Rainfall
2020-12-16,2020-12-23,51.0,2020,P131,17.612539504496315,74.3171127470388,Satara,high,priority,0.0,1,7,CHIRPS Daily v2.0,Maharashtra,CHIRPS Rainfall
2020-12-16,2020-12-23,51.0,2020,P132,17.702176353872684,74.12817617630324,Satara,high,priority,0.0,1,7,CHIRPS Daily v2.0,Maharashtra,CHIRPS Rainfall
2020-12-16,2020-12-23,51.0,2020,P133,17.25006363896275,74.08329532420031,Satara,high,priority,0.0,1,7,CHIRPS Daily v2.0,Maharashtra,CHIRPS Rainfall
2020-12-16,2020-12-23,51.0,2020,P134,17.476429903940936,74.17634784498362,Satara,high,priority,0.0,1,7,CHIRPS Daily v2.0,Maharashtra,CHIRPS Rainfall
2020-12-16,2020-12-23,51.0,2020,P135,17.882716437324603,74.0801070669471,Satara,high,priority,0.0,1,7,CHIRPS Daily v2.0,Maharashtra,CHIRPS Rainfall
2020-12-16,2020-12-23,51.0,2020,P136,17.928520323345598,74.22149178404871,Satara,high,priority,0.0,1,7,CHIRPS Daily v2.0,Maharashtra,CHIRPS Rainfall
2020-12-16,2020-12-23,51.0,2020,P137,17.746687100588183,73.98648378122894,Satara,high,priority,0.0,1,7,CHIRPS Daily v2.0,Maharashtra,CHIRPS Rainfall
2020-12-16,2020-12-23,51.0,2020,P138,17.61269557303319,74.36423652697161,Satara,high,priority,0.0,1,7,CHIRPS Daily v2.0,Maharashtra,CHIRPS Rainfall
2020-12-16,2020-12-23,51.0,2020,P139,17.656773786946495,74.08126197411994,Satara,high,priority,0.0,1,7,CHIRPS Daily v2.0,Maharashtra,CHIRPS Rainfall
2020-12-16,2020-12-23,51.0,2020,P140,17.97464080554139,74.50462240543725,Satara,high,priority,0.0,1,7,CHIRPS Daily v2.0,Maharashtra,CHIRPS Rainfall
2020-12-16,2020-12-23,51.0,2020,P141,17.430826677467348,74.08239904488856,Satara,high,priority,0.0,1,7,CHIRPS Daily v2.0,Maharashtra,CHIRPS Rainfall
2020-12-16,2020-12-23,51.0,2020,P142,18.064447100757786,74.31538707493111,Satara,high,priority,2.9023237228393555,1,7,CHIRPS Daily v2.0,Maharashtra,CHIRPS Rainfall
2020-12-16,2020-12-23,51.0,2020,P143,17.70379500755509,74.6468275971327,Satara,high,priority,0.0,1,7,CHIRPS Daily v2.0,Maharashtra,CHIRPS Rainfall
2020-12-16,2020-12-23,51.0,2020,P144,17.929452275465767,74.50474726026674,Satara,high,priority,0.0,1,7,CHIRPS Daily v2.0,Maharashtra,CHIRPS Rainfall
2020-12-16,2020-12-23,51.0,2020,P145,17.47773196144854,74.60017202281048,Satara,high,priority,0.0,1,7,CHIRPS Daily v2.0,Maharashtra,CHIRPS Rainfall
2020-12-16,2020-12-23,51.0,2020,P146,17.839182233739812,74.55218763637436,Satara,high,priority,0.0,1,7,CHIRPS Daily v2.0,Maharashtra,CHIRPS Rainfall
2020-12-16,2020-12-23,51.0,2020,P001,19.940457800458272,74.57045211428928,Ahmednagar,normal,statewide,0.0,1,7,CHIRPS Daily v2.0,Maharashtra,CHIRPS Rainfall
2020-12-16,2020-12-23,51.0,2020,P002,18.946729294293643,74.76302285238339,Ahmednagar,normal,statewide,0.0,1,7,CHIRPS Daily v2.0,Maharashtra,CHIRPS Rainfall
2020-12-16,2020-12-23,51.0,2020,P003,18.49469238410162,74.66892244285252,Ahmednagar,normal,statewide,0.0,1,7,CHIRPS Daily v2.0,Maharashtra,CHIRPS Rainfall
2020-12-16,2020-12-23,51.0,2020,P004,19.03720445466806,75.1420731965326,Ahmednagar,normal,statewide,0.0,1,7,CHIRPS Daily v2.0,Maharashtra,CHIRPS Rainfall
2020-12-16,2020-12-23,51.0,2020,P005,20.832153156317954,77.06560453615967,Akola,normal,statewide,0.0,1,7,CHIRPS Daily v2.0,Maharashtra,CHIRPS Rainfall
2020-12-16,2020-12-23,51.0,2020,P006,20.834360411339407,76.87349308547405,Akola,normal,statewide,0.0,1,7,CHIRPS Daily v2.0,Maharashtra,CHIRPS Rainfall
2020-12-16,2020-12-23,51.0,2020,P007,21.014976299509232,76.87574047240498,Akola,normal,statewide,0.0,1,7,CHIRPS Daily v2.0,Maharashtra,CHIRPS Rainfall
2020-12-16,2020-12-23,51.0,2020,P008,20.828434266039377,77.35372489162701,Akola,normal,statewide,0.0,1,7,CHIRPS Daily v2.0,Maharashtra,CHIRPS Rainfall
2020-12-16,2020-12-23,51.0,2020,P009,21.360971327549258,77.94039543992572,Amravati,normal,statewide,0.0,1,7,CHIRPS Daily v2.0,Maharashtra,CHIRPS Rainfall
2020-12-16,2020-12-23,51.0,2020,P010,21.178803672212837,78.03301542790685,Amravati,normal,statewide,0.0,1,7,CHIRPS Daily v2.0,Maharashtra,CHIRPS Rainfall
2020-12-16,2020-12-23,51.0,2020,P011,20.814388097721018,78.21764450702477,Amravati,normal,statewide,2.4479541778564453,1,7,CHIRPS Daily v2.0,Maharashtra,CHIRPS Rainfall
2020-12-16,2020-12-23,51.0,2020,P012,21.180502589714195,77.93681032267875,Amravati,normal,statewide,0.0,1,7,CHIRPS Daily v2.0,Maharashtra,CHIRPS Rainfall
2020-12-16,2020-12-23,51.0,2020,P013,20.031289688916964,74.8570519162974,Aurangabad,normal,statewide,0.0,1,7,CHIRPS Daily v2.0,Maharashtra,CHIRPS Rainfall
2020-12-16,2020-12-23,51.0,2020,P014,19.760185263069562,75.14270192978114,Aurangabad,normal,statewide,0.0,1,7,CHIRPS Daily v2.0,Maharashtra,CHIRPS Rainfall
2020-12-16,2020-12-23,51.0,2020,P015,19.9408189876436,74.76157364454102,Aurangabad,normal,statewide,0.0,1,7,CHIRPS Daily v2.0,Maharashtra,CHIRPS Rainfall
2020-12-16,2020-12-23,51.0,2020,P016,19.66981712112043,75.14262166596218,Aurangabad,normal,statewide,0.0,1,7,CHIRPS Daily v2.0,Maharashtra,CHIRPS Rainfall
2020-12-16,2020-12-23,51.0,2020,P017,21.04613203856966,79.85576216552393,Bhandara,normal,statewide,0.0,1,7,CHIRPS Daily v2.0,Maharashtra,CHIRPS Rainfall
2020-12-16,2020-12-23,51.0,2020,P018,21.31897105472685,79.76852877161537,Bhandara,normal,statewide,3.069359302520752,1,7,CHIRPS Daily v2.0,Maharashtra,CHIRPS Rainfall
2020-12-16,2020-12-23,51.0,2020,P019,21.40900922319803,79.77144948280537,Bhandara,normal,statewide,0.0,1,7,CHIRPS Daily v2.0,Maharashtra,CHIRPS Rainfall
2020-12-16,2020-12-23,51.0,2020,P020,21.144196588937042,79.57074980349083,Bhandara,normal,statewide,0.0,1,7,CHIRPS Daily v2.0,Maharashtra,CHIRPS Rainfall
2020-12-16,2020-12-23,51.0,2020,P021,18.67502288980403,75.52108340877234,Bid,normal,statewide,0.0,1,7,CHIRPS Daily v2.0,Maharashtra,CHIRPS Rainfall
2020-12-16,2020-12-23,51.0,2020,P022,18.856499384477168,75.04699178476999,Bid,normal,statewide,0.0,1,7,CHIRPS Daily v2.0,Maharashtra,CHIRPS Rainfall
2020-12-16,2020-12-23,51.0,2020,P023,19.126596053486494,75.6175605191647,Bid,normal,statewide,0.0,1,7,CHIRPS Daily v2.0,Maharashtra,CHIRPS Rainfall
2020-12-16,2020-12-23,51.0,2020,P024,18.763955201213946,75.90084720909012,Bid,normal,statewide,0.0,1,7,CHIRPS Daily v2.0,Maharashtra,CHIRPS Rainfall
2020-12-16,2020-12-23,51.0,2020,P025,20.93073496240753,76.20164478885242,Buldana,normal,statewide,2.6977365016937256,1,7,CHIRPS Daily v2.0,Maharashtra,CHIRPS Rainfall
2020-12-16,2020-12-23,51.0,2020,P026,20.838939908121294,76.39311412898633,Buldana,normal,statewide,0.0,1,7,CHIRPS Daily v2.0,Maharashtra,CHIRPS Rainfall
2020-12-16,2020-12-23,51.0,2020,P027,20.657476790751314,76.48742857536776,Buldana,normal,statewide,0.0,1,7,CHIRPS Daily v2.0,Maharashtra,CHIRPS Rainfall
2020-12-16,2020-12-23,51.0,2020,P028,20.47967013624516,76.10222021266374,Buldana,normal,statewide,0.0,1,7,CHIRPS Daily v2.0,Maharashtra,CHIRPS Rainfall
2020-12-16,2020-12-23,51.0,2020,P029,20.32317798477448,79.92829390325927,Chandrapur,normal,statewide,0.0,1,7,CHIRPS Daily v2.0,Maharashtra,CHIRPS Rainfall
2020-12-16,2020-12-23,51.0,2020,P030,20.60872097983294,79.36304041732026,Chandrapur,normal,statewide,0.0,1,7,CHIRPS Daily v2.0,Maharashtra,CHIRPS Rainfall
2020-12-16,2020-12-23,51.0,2020,P031,20.511160307884595,79.64732594588165,Chandrapur,normal,statewide,0.0,1,7,CHIRPS Daily v2.0,Maharashtra,CHIRPS Rainfall
2020-12-16,2020-12-23,51.0,2020,P032,20.598621115946884,79.74569817422172,Chandrapur,normal,statewide,0.0,1,7,CHIRPS Daily v2.0,Maharashtra,CHIRPS Rainfall
2020-12-16,2020-12-23,51.0,2020,P033,21.38667804512237,75.14422248324037,Dhule,normal,statewide,0.0,1,7,CHIRPS Daily v2.0,Maharashtra,CHIRPS Rainfall
2020-12-16,2020-12-23,51.0,2020,P034,21.025151968113196,74.75989256344387,Dhule,normal,statewide,0.0,1,7,CHIRPS Daily v2.0,Maharashtra,CHIRPS Rainfall
2020-12-16,2020-12-23,51.0,2020,P035,21.477028350667293,74.85568743137505,Dhule,normal,statewide,0.0,1,7,CHIRPS Daily v2.0,Maharashtra,CHIRPS Rainfall
2020-12-16,2020-12-23,51.0,2020,P036,20.933820660336515,74.37533522949364,Dhule,normal,statewide,2.6594204902648926,1,7,CHIRPS Daily v2.0,Maharashtra,CHIRPS Rainfall
2020-12-16,2020-12-23,51.0,2020,P037,19.963056524597132,79.91698116388667,Garhchiroli,normal,statewide,0.0,1,7,CHIRPS Daily v2.0,Maharashtra,CHIRPS Rainfall
2020-12-16,2020-12-23,51.0,2020,P038,19.062661462582188,79.88977172925856,Garhchiroli,normal,statewide,0.0,1,7,CHIRPS Daily v2.0,Maharashtra,CHIRPS Rainfall
2020-12-16,2020-12-23,51.0,2020,P039,19.510270485428137,79.9981368030594,Garhchiroli,normal,statewide,0.0,1,7,CHIRPS Daily v2.0,Maharashtra,CHIRPS Rainfall
2020-12-16,2020-12-23,51.0,2020,P040,19.870365190999156,80.00935144220881,Garhchiroli,normal,statewide,0.0,1,7,CHIRPS Daily v2.0,Maharashtra,CHIRPS Rainfall
2020-12-16,2020-12-23,51.0,2020,P041,21.127639946725598,80.1465044724107,Gondiya,normal,statewide,0.0,1,7,CHIRPS Daily v2.0,Maharashtra,CHIRPS Rainfall
2020-12-16,2020-12-23,51.0,2020,P042,21.397598383602258,80.15591763473452,Gondiya,normal,statewide,3.43849778175354,1,7,CHIRPS Daily v2.0,Maharashtra,CHIRPS Rainfall
2020-12-16,2020-12-23,51.0,2020,P043,21.574548890706154,80.25847249986273,Gondiya,normal,statewide,0.0,1,7,CHIRPS Daily v2.0,Maharashtra,CHIRPS Rainfall
2020-12-16,2020-12-23,51.0,2020,P044,21.211649410572516,80.34153217518526,Gondiya,normal,statewide,2.947094678878784,1,7,CHIRPS Daily v2.0,Maharashtra,CHIRPS Rainfall
2020-12-16,2020-12-23,51.0,2020,P045,19.655900266732623,77.2407892392464,Hingoli,normal,statewide,0.0,1,7,CHIRPS Daily v2.0,Maharashtra,CHIRPS Rainfall
2020-12-16,2020-12-23,51.0,2020,P046,19.566758377573187,77.1442675378435,Hingoli,normal,statewide,0.0,1,7,CHIRPS Daily v2.0,Maharashtra,CHIRPS Rainfall
2020-12-16,2020-12-23,51.0,2020,P047,19.47860194974656,76.9526242927685,Hingoli,normal,statewide,0.0,1,7,CHIRPS Daily v2.0,Maharashtra,CHIRPS Rainfall
2020-12-16,2020-12-23,51.0,2020,P048,19.927981235710728,77.14910120338544,Hingoli,normal,statewide,0.0,1,7,CHIRPS Daily v2.0,Maharashtra,CHIRPS Rainfall
2020-12-16,2020-12-23,51.0,2020,P049,21.292738163229433,76.10816865346904,Jalgaon,normal,statewide,0.0,1,7,CHIRPS Daily v2.0,Maharashtra,CHIRPS Rainfall
2020-12-16,2020-12-23,51.0,2020,P050,21.386178625804387,75.43363151891216,Jalgaon,normal,statewide,0.0,1,7,CHIRPS Daily v2.0,Maharashtra,CHIRPS Rainfall
2020-12-16,2020-12-23,51.0,2020,P051,21.112064306745907,76.10682200495089,Jalgaon,normal,statewide,0.0,1,7,CHIRPS Daily v2.0,Maharashtra,CHIRPS Rainfall
2020-12-16,2020-12-23,51.0,2020,P052,20.844437979720194,75.23982115072519,Jalgaon,normal,statewide,5.679596662521362,1,7,CHIRPS Daily v2.0,Maharashtra,CHIRPS Rainfall
2020-12-16,2020-12-23,51.0,2020,P053,19.486369703781666,76.00005328932718,Jalna,normal,statewide,0.0,1,7,CHIRPS Daily v2.0,Maharashtra,CHIRPS Rainfall
2020-12-16,2020-12-23,51.0,2020,P054,20.028502750758555,76.00343774702675,Jalna,normal,statewide,0.0,1,7,CHIRPS Daily v2.0,Maharashtra,CHIRPS Rainfall
2020-12-16,2020-12-23,51.0,2020,P055,19.75743845682064,76.00172991132328,Jalna,normal,statewide,0.0,1,7,CHIRPS Daily v2.0,Maharashtra,CHIRPS Rainfall
2020-12-16,2020-12-23,51.0,2020,P056,19.57768317515413,75.80993951591351,Jalna,normal,statewide,0.0,1,7,CHIRPS Daily v2.0,Maharashtra,CHIRPS Rainfall
2020-12-16,2020-12-23,51.0,2020,P057,16.776377793156257,74.29671235971928,Kolhapur,normal,statewide,0.0,1,7,CHIRPS Daily v2.0,Maharashtra,CHIRPS Rainfall
2020-12-16,2020-12-23,51.0,2020,P058,16.324416687682138,74.29834884980589,Kolhapur,normal,statewide,0.0,1,7,CHIRPS Daily v2.0,Maharashtra,CHIRPS Rainfall
2020-12-16,2020-12-23,51.0,2020,P059,16.595891218916975,74.39111598812178,Kolhapur,normal,statewide,0.0,1,7,CHIRPS Daily v2.0,Maharashtra,CHIRPS Rainfall
2020-12-16,2020-12-23,51.0,2020,P060,16.414811584237594,74.29802779453004,Kolhapur,normal,statewide,0.0,1,7,CHIRPS Daily v2.0,Maharashtra,CHIRPS Rainfall
2020-12-16,2020-12-23,51.0,2020,P086,21.054127206758487,79.56798961993874,Nagpur,normal,statewide,2.7244458198547363,1,7,CHIRPS Daily v2.0,Maharashtra,CHIRPS Rainfall
2020-12-16,2020-12-23,51.0,2020,P087,21.146765031143822,79.47473643960802,Nagpur,normal,statewide,0.0,1,7,CHIRPS Daily v2.0,Maharashtra,CHIRPS Rainfall
2020-12-16,2020-12-23,51.0,2020,P088,21.347803602138427,78.61442869606356,Nagpur,normal,statewide,0.0,1,7,CHIRPS Daily v2.0,Maharashtra,CHIRPS Rainfall
2020-12-16,2020-12-23,51.0,2020,P089,21.165377318940912,78.70615240473293,Nagpur,normal,statewide,0.0,1,7,CHIRPS Daily v2.0,Maharashtra,CHIRPS Rainfall
2020-12-16,2020-12-23,51.0,2020,P090,19.201968238592887,77.42470040309472,Nanded,normal,statewide,0.0,1,7,CHIRPS Daily v2.0,Maharashtra,CHIRPS Rainfall
2020-12-16,2020-12-23,51.0,2020,P091,18.566038000956755,77.69963965584807,Nanded,normal,statewide,0.0,1,7,CHIRPS Daily v2.0,Maharashtra,CHIRPS Rainfall
2020-12-16,2020-12-23,51.0,2020,P092,19.736596618496833,77.90946265591798,Nanded,normal,statewide,0.0,1,7,CHIRPS Daily v2.0,Maharashtra,CHIRPS Rainfall
2020-12-16,2020-12-23,51.0,2020,P093,18.93564842817583,77.04115528508362,Nanded,normal,statewide,0.0,1,7,CHIRPS Daily v2.0,Maharashtra,CHIRPS Rainfall
2020-12-16,2020-12-23,51.0,2020,P094,21.564917232430716,74.08292967791392,Nandurbar,normal,statewide,0.0,1,7,CHIRPS Daily v2.0,Maharashtra,CHIRPS Rainfall
2020-12-16,2020-12-23,51.0,2020,P095,21.5662594218478,74.37266422796263,Nandurbar,normal,statewide,0.0,1,7,CHIRPS Daily v2.0,Maharashtra,CHIRPS Rainfall
2020-12-16,2020-12-23,51.0,2020,P096,21.385179787168415,74.27697637845674,Nandurbar,normal,statewide,0.0,1,7,CHIRPS Daily v2.0,Maharashtra,CHIRPS Rainfall
2020-12-16,2020-12-23,51.0,2020,P097,21.565421110849755,74.17950488852946,Nandurbar,normal,statewide,0.0,1,7,CHIRPS Daily v2.0,Maharashtra,CHIRPS Rainfall
2020-12-16,2020-12-23,51.0,2020,P098,20.299553667393326,73.99482675929994,Nashik,normal,statewide,0.0,1,7,CHIRPS Daily v2.0,Maharashtra,CHIRPS Rainfall
2020-12-16,2020-12-23,51.0,2020,P099,20.120253214034264,74.28296495117151,Nashik,normal,statewide,0.0,1,7,CHIRPS Daily v2.0,Maharashtra,CHIRPS Rainfall
2020-12-16,2020-12-23,51.0,2020,P100,20.389903972938242,73.99424261706194,Nashik,normal,statewide,0.0,1,7,CHIRPS Daily v2.0,Maharashtra,CHIRPS Rainfall
2020-12-16,2020-12-23,51.0,2020,P101,20.029015547379707,74.09216447619562,Nashik,normal,statewide,0.0,1,7,CHIRPS Daily v2.0,Maharashtra,CHIRPS Rainfall
2020-12-16,2020-12-23,51.0,2020,P102,17.85749130266526,76.36802722645965,Osmanabad,normal,statewide,0.0,1,7,CHIRPS Daily v2.0,Maharashtra,CHIRPS Rainfall
2020-12-16,2020-12-23,51.0,2020,P103,17.76644983645705,76.46164605307673,Osmanabad,normal,statewide,0.0,1,7,CHIRPS Daily v2.0,Maharashtra,CHIRPS Rainfall
2020-12-16,2020-12-23,51.0,2020,P104,17.949094615606196,76.17989775301476,Osmanabad,normal,statewide,0.0,1,7,CHIRPS Daily v2.0,Maharashtra,CHIRPS Rainfall
2020-12-16,2020-12-23,51.0,2020,P105,18.584360447185368,75.61558067829696,Osmanabad,normal,statewide,0.0,1,7,CHIRPS Daily v2.0,Maharashtra,CHIRPS Rainfall
2020-12-16,2020-12-23,51.0,2020,P106,19.031389786894366,76.47235681380711,Parbhani,normal,statewide,0.0,1,7,CHIRPS Daily v2.0,Maharashtra,CHIRPS Rainfall
2020-12-16,2020-12-23,51.0,2020,P107,19.120950831552832,76.56820519095093,Parbhani,normal,statewide,2.466596841812134,1,7,CHIRPS Daily v2.0,Maharashtra,CHIRPS Rainfall
2020-12-16,2020-12-23,51.0,2020,P108,19.208625676465683,76.85432786914635,Parbhani,normal,statewide,0.0,1,7,CHIRPS Daily v2.0,Maharashtra,CHIRPS Rainfall
2020-12-16,2020-12-23,51.0,2020,P109,19.212081479782103,76.47396209018636,Parbhani,normal,statewide,2.8347671031951904,1,7,CHIRPS Daily v2.0,Maharashtra,CHIRPS Rainfall
2020-12-16,2020-12-23,51.0,2020,P110,18.133442771357757,75.04679558432363,Pune,normal,statewide,0.0,1,7,CHIRPS Daily v2.0,Maharashtra,CHIRPS Rainfall
2020-12-16,2020-12-23,51.0,2020,P111,18.584645829652782,74.47919215212944,Pune,normal,statewide,2.3218116760253906,1,7,CHIRPS Daily v2.0,Maharashtra,CHIRPS Rainfall
2020-12-16,2020-12-23,51.0,2020,P112,18.132979024848197,74.57507620208169,Pune,normal,statewide,0.0,1,7,CHIRPS Daily v2.0,Maharashtra,CHIRPS Rainfall
2020-12-16,2020-12-23,51.0,2020,P113,18.314072036830744,74.76389683618987,Pune,normal,statewide,0.0,1,7,CHIRPS Daily v2.0,Maharashtra,CHIRPS Rainfall
2020-12-16,2020-12-23,51.0,2020,P114,18.48503397121986,73.0589238755964,Raigarh,normal,statewide,0.0,1,7,CHIRPS Daily v2.0,Maharashtra,CHIRPS Rainfall
2020-12-16,2020-12-23,51.0,2020,P115,18.665689991299164,73.05687714821288,Raigarh,normal,statewide,0.0,1,7,CHIRPS Daily v2.0,Maharashtra,CHIRPS Rainfall
2020-12-16,2020-12-23,51.0,2020,P116,18.306197264370358,73.25009891506079,Raigarh,normal,statewide,0.0,1,7,CHIRPS Daily v2.0,Maharashtra,CHIRPS Rainfall
2020-12-16,2020-12-23,51.0,2020,P117,18.21404102289879,73.06194714611064,Raigarh,normal,statewide,0.0,1,7,CHIRPS Daily v2.0,Maharashtra,CHIRPS Rainfall
2020-12-16,2020-12-23,51.0,2020,P118,17.138719885658215,75.42259970290594,Sangli,normal,statewide,0.0,1,7,CHIRPS Daily v2.0,Maharashtra,CHIRPS Rainfall
2020-12-16,2020-12-23,51.0,2020,P119,17.048761981005992,74.95348443567921,Sangli,normal,statewide,0.0,1,7,CHIRPS Daily v2.0,Maharashtra,CHIRPS Rainfall
2020-12-16,2020-12-23,51.0,2020,P120,16.86707144948229,74.39025538161847,Sangli,normal,statewide,0.0,1,7,CHIRPS Daily v2.0,Maharashtra,CHIRPS Rainfall
2020-12-16,2020-12-23,51.0,2020,P121,17.048503353144895,74.67157114887826,Sangli,normal,statewide,0.0,1,7,CHIRPS Daily v2.0,Maharashtra,CHIRPS Rainfall
2020-12-16,2020-12-23,51.0,2020,P148,17.67852974098626,76.08383979812143,Solapur,normal,statewide,0.0,1,7,CHIRPS Daily v2.0,Maharashtra,CHIRPS Rainfall
2020-12-16,2020-12-23,51.0,2020,P149,18.223365003201543,75.4251413905064,Solapur,normal,statewide,0.0,1,7,CHIRPS Daily v2.0,Maharashtra,CHIRPS Rainfall
2020-12-16,2020-12-23,51.0,2020,P150,17.952532582518405,75.23562067753285,Solapur,normal,statewide,0.0,1,7,CHIRPS Daily v2.0,Maharashtra,CHIRPS Rainfall
2020-12-16,2020-12-23,51.0,2020,P151,18.223690517578447,75.23598186471818,Solapur,normal,statewide,0.0,1,7,CHIRPS Daily v2.0,Maharashtra,CHIRPS Rainfall
2020-12-16,2020-12-23,51.0,2020,P152,19.658178867370932,72.94986318203122,Thane,normal,statewide,0.0,1,7,CHIRPS Daily v2.0,Maharashtra,CHIRPS Rainfall
2020-12-16,2020-12-23,51.0,2020,P153,19.65706409210757,72.8545320606096,Thane,normal,statewide,0.0,1,7,CHIRPS Daily v2.0,Maharashtra,CHIRPS Rainfall
2020-12-16,2020-12-23,51.0,2020,P154,19.477549601897948,72.95214624177059,Thane,normal,statewide,0.0,1,7,CHIRPS Daily v2.0,Maharashtra,CHIRPS Rainfall
2020-12-16,2020-12-23,51.0,2020,P155,19.83987385799569,73.0429959666335,Thane,normal,statewide,0.0,1,7,CHIRPS Daily v2.0,Maharashtra,CHIRPS Rainfall
2020-12-16,2020-12-23,51.0,2020,P156,20.806749657616468,78.60135461177485,Wardha,normal,statewide,2.4126808643341064,1,7,CHIRPS Daily v2.0,Maharashtra,CHIRPS Rainfall
2020-12-16,2020-12-23,51.0,2020,P157,20.71031267913359,78.88671032458906,Wardha,normal,statewide,2.548574209213257,1,7,CHIRPS Daily v2.0,Maharashtra,CHIRPS Rainfall
2020-12-16,2020-12-23,51.0,2020,P158,21.081265295769754,78.41565980750515,Wardha,normal,statewide,0.0,1,7,CHIRPS Daily v2.0,Maharashtra,CHIRPS Rainfall
2020-12-16,2020-12-23,51.0,2020,P159,20.439854822938944,78.87986114537097,Wardha,normal,statewide,0.0,1,7,CHIRPS Daily v2.0,Maharashtra,CHIRPS Rainfall
2020-12-16,2020-12-23,51.0,2020,P160,20.289186257444058,77.15404188735265,Washim,normal,statewide,0.0,1,7,CHIRPS Daily v2.0,Maharashtra,CHIRPS Rainfall
2020-12-16,2020-12-23,51.0,2020,P161,20.464607292886615,77.53975858757677,Washim,normal,statewide,0.0,1,7,CHIRPS Daily v2.0,Maharashtra,CHIRPS Rainfall
2020-12-16,2020-12-23,51.0,2020,P162,20.107393166596125,77.2471479173486,Washim,normal,statewide,0.0,1,7,CHIRPS Daily v2.0,Maharashtra,CHIRPS Rainfall
2020-12-16,2020-12-23,51.0,2020,P163,20.198885002010726,77.1527933390577,Washim,normal,statewide,0.0,1,7,CHIRPS Daily v2.0,Maharashtra,CHIRPS Rainfall
2020-12-16,2020-12-23,51.0,2020,P164,20.182854533723592,78.20447678161395,Yavatmal,normal,statewide,0.0,1,7,CHIRPS Daily v2.0,Maharashtra,CHIRPS Rainfall
2020-12-16,2020-12-23,51.0,2020,P165,19.894658373538324,79.05709703494229,Yavatmal,normal,statewide,0.0,1,7,CHIRPS Daily v2.0,Maharashtra,CHIRPS Rainfall
2020-12-16,2020-12-23,51.0,2020,P166,19.468787468327925,77.71426550730338,Yavatmal,normal,statewide,0.0,1,7,CHIRPS Daily v2.0,Maharashtra,CHIRPS Rainfall
2020-12-16,2020-12-23,51.0,2020,P167,19.559057510053886,77.71577268345945,Yavatmal,normal,statewide,0.0,1,7,CHIRPS Daily v2.0,Maharashtra,CHIRPS Rainfall
2020-12-23,2020-12-30,52.0,2020,P147,17.927231643141155,73.94769852026607,Satara,case_study,case_study,0.0,1,7,CHIRPS Daily v2.0,Maharashtra,CHIRPS Rainfall
2020-12-23,2020-12-30,52.0,2020,P061,18.507855650411397,76.91766048140843,Latur,high,priority,0.0,1,7,CHIRPS Daily v2.0,Maharashtra,CHIRPS Rainfall
2020-12-23,2020-12-30,52.0,2020,P062,18.422405896924207,76.3487594508077,Latur,high,priority,0.0,1,7,CHIRPS Daily v2.0,Maharashtra,CHIRPS Rainfall
2020-12-23,2020-12-30,52.0,2020,P063,18.235391198742693,77.05646783810116,Latur,high,priority,0.0,1,7,CHIRPS Daily v2.0,Maharashtra,CHIRPS Rainfall
2020-12-23,2020-12-30,52.0,2020,P064,18.193056493341274,76.77240080549139,Latur,high,priority,0.0,1,7,CHIRPS Daily v2.0,Maharashtra,CHIRPS Rainfall
2020-12-23,2020-12-30,52.0,2020,P065,18.331355512513895,76.44266811899327,Latur,high,priority,0.0,1,7,CHIRPS Daily v2.0,Maharashtra,CHIRPS Rainfall
2020-12-23,2020-12-30,52.0,2020,P066,18.104739537876725,76.5352970251765,Latur,high,priority,0.0,1,7,CHIRPS Daily v2.0,Maharashtra,CHIRPS Rainfall
2020-12-23,2020-12-30,52.0,2020,P067,18.280552974211986,77.0569984711265,Latur,high,priority,0.0,1,7,CHIRPS Daily v2.0,Maharashtra,CHIRPS Rainfall
2020-12-23,2020-12-30,52.0,2020,P068,18.101823285787773,76.86595720469373,Latur,high,priority,0.0,1,7,CHIRPS Daily v2.0,Maharashtra,CHIRPS Rainfall
2020-12-23,2020-12-30,52.0,2020,P069,18.595075667016793,77.20284228928156,Latur,high,priority,0.0,1,7,CHIRPS Daily v2.0,Maharashtra,CHIRPS Rainfall
2020-12-23,2020-12-30,52.0,2020,P070,18.41499041187233,77.15322587185987,Latur,high,priority,0.0,1,7,CHIRPS Daily v2.0,Maharashtra,CHIRPS Rainfall
2020-12-23,2020-12-30,52.0,2020,P071,18.149138807065885,76.63019561379593,Latur,high,priority,0.0,1,7,CHIRPS Daily v2.0,Maharashtra,CHIRPS Rainfall
2020-12-23,2020-12-30,52.0,2020,P072,18.283393421583035,76.77331492120734,Latur,high,priority,0.0,1,7,CHIRPS Daily v2.0,Maharashtra,CHIRPS Rainfall
2020-12-23,2020-12-30,52.0,2020,P073,17.966315663874607,76.86453029235662,Latur,high,priority,0.0,1,7,CHIRPS Daily v2.0,Maharashtra,CHIRPS Rainfall
2020-12-23,2020-12-30,52.0,2020,P074,18.50832831512306,76.870318205524,Latur,high,priority,0.0,1,7,CHIRPS Daily v2.0,Maharashtra,CHIRPS Rainfall
2020-12-23,2020-12-30,52.0,2020,P075,18.41444640154381,77.20053247493588,Latur,high,priority,0.0,1,7,CHIRPS Daily v2.0,Maharashtra,CHIRPS Rainfall
2020-12-23,2020-12-30,52.0,2020,P076,18.377877313804504,76.25376722106614,Latur,high,priority,0.0,1,7,CHIRPS Daily v2.0,Maharashtra,CHIRPS Rainfall
2020-12-23,2020-12-30,52.0,2020,P077,18.059564385104267,76.5349046242838,Latur,high,priority,0.0,1,7,CHIRPS Daily v2.0,Maharashtra,CHIRPS Rainfall
2020-12-23,2020-12-30,52.0,2020,P078,18.1008824154655,76.96042326051098,Latur,high,priority,0.0,1,7,CHIRPS Daily v2.0,Maharashtra,CHIRPS Rainfall
2020-12-23,2020-12-30,52.0,2020,P079,18.73508698099394,76.77797468180819,Latur,high,priority,0.0,1,7,CHIRPS Daily v2.0,Maharashtra,CHIRPS Rainfall
2020-12-23,2020-12-30,52.0,2020,P080,18.46791548227568,76.3017694439065,Latur,high,priority,0.0,1,7,CHIRPS Daily v2.0,Maharashtra,CHIRPS Rainfall
2020-12-23,2020-12-30,52.0,2020,P081,18.10355787609756,76.67701617485712,Latur,high,priority,0.0,1,7,CHIRPS Daily v2.0,Maharashtra,CHIRPS Rainfall
2020-12-23,2020-12-30,52.0,2020,P082,18.23907887531389,76.67830931416262,Latur,high,priority,0.0,1,7,CHIRPS Daily v2.0,Maharashtra,CHIRPS Rainfall
2020-12-23,2020-12-30,52.0,2020,P083,18.369289085175563,77.19996171000103,Latur,high,priority,0.0,1,7,CHIRPS Daily v2.0,Maharashtra,CHIRPS Rainfall
2020-12-23,2020-12-30,52.0,2020,P084,18.46362582706226,76.82249880582684,Latur,high,priority,0.0,1,7,CHIRPS Daily v2.0,Maharashtra,CHIRPS Rainfall
2020-12-23,2020-12-30,52.0,2020,P085,18.14788579966987,76.77194597718393,Latur,high,priority,0.0,1,7,CHIRPS Daily v2.0,Maharashtra,CHIRPS Rainfall
2020-12-23,2020-12-30,52.0,2020,P122,17.88145897082753,73.8441448165019,Satara,high,priority,0.0,1,7,CHIRPS Daily v2.0,Maharashtra,CHIRPS Rainfall
2020-12-23,2020-12-30,52.0,2020,P123,17.386414030975025,74.27088970551878,Satara,high,priority,0.0,1,7,CHIRPS Daily v2.0,Maharashtra,CHIRPS Rainfall
2020-12-23,2020-12-30,52.0,2020,P124,17.43262815429294,74.647353771057,Satara,high,priority,0.0,1,7,CHIRPS Daily v2.0,Maharashtra,CHIRPS Rainfall
2020-12-23,2020-12-30,52.0,2020,P125,17.56734651531964,74.31728219287884,Satara,high,priority,0.0,1,7,CHIRPS Daily v2.0,Maharashtra,CHIRPS Rainfall
2020-12-23,2020-12-30,52.0,2020,P126,17.205080227535593,74.13053949986157,Satara,high,priority,0.0,1,7,CHIRPS Daily v2.0,Maharashtra,CHIRPS Rainfall
2020-12-23,2020-12-30,52.0,2020,P127,17.65773249367299,74.31694330119876,Satara,high,priority,0.0,1,7,CHIRPS Daily v2.0,Maharashtra,CHIRPS Rainfall
2020-12-23,2020-12-30,52.0,2020,P128,18.019949731345452,74.5517328080669,Satara,high,priority,0.0,1,7,CHIRPS Daily v2.0,Maharashtra,CHIRPS Rainfall
2020-12-23,2020-12-30,52.0,2020,P129,18.063234225271252,74.03192648006461,Satara,high,priority,0.0,1,7,CHIRPS Daily v2.0,Maharashtra,CHIRPS Rainfall
2020-12-23,2020-12-30,52.0,2020,P130,17.61135784271715,74.03436560834085,Satara,high,priority,0.0,1,7,CHIRPS Daily v2.0,Maharashtra,CHIRPS Rainfall
2020-12-23,2020-12-30,52.0,2020,P131,17.612539504496315,74.3171127470388,Satara,high,priority,0.0,1,7,CHIRPS Daily v2.0,Maharashtra,CHIRPS Rainfall
2020-12-23,2020-12-30,52.0,2020,P132,17.702176353872684,74.12817617630324,Satara,high,priority,0.0,1,7,CHIRPS Daily v2.0,Maharashtra,CHIRPS Rainfall
2020-12-23,2020-12-30,52.0,2020,P133,17.25006363896275,74.08329532420031,Satara,high,priority,0.0,1,7,CHIRPS Daily v2.0,Maharashtra,CHIRPS Rainfall
2020-12-23,2020-12-30,52.0,2020,P134,17.476429903940936,74.17634784498362,Satara,high,priority,0.0,1,7,CHIRPS Daily v2.0,Maharashtra,CHIRPS Rainfall
2020-12-23,2020-12-30,52.0,2020,P135,17.882716437324603,74.0801070669471,Satara,high,priority,0.0,1,7,CHIRPS Daily v2.0,Maharashtra,CHIRPS Rainfall
2020-12-23,2020-12-30,52.0,2020,P136,17.928520323345598,74.22149178404871,Satara,high,priority,0.0,1,7,CHIRPS Daily v2.0,Maharashtra,CHIRPS Rainfall
2020-12-23,2020-12-30,52.0,2020,P137,17.746687100588183,73.98648378122894,Satara,high,priority,0.0,1,7,CHIRPS Daily v2.0,Maharashtra,CHIRPS Rainfall
2020-12-23,2020-12-30,52.0,2020,P138,17.61269557303319,74.36423652697161,Satara,high,priority,0.0,1,7,CHIRPS Daily v2.0,Maharashtra,CHIRPS Rainfall
2020-12-23,2020-12-30,52.0,2020,P139,17.656773786946495,74.08126197411994,Satara,high,priority,0.0,1,7,CHIRPS Daily v2.0,Maharashtra,CHIRPS Rainfall
2020-12-23,2020-12-30,52.0,2020,P140,17.97464080554139,74.50462240543725,Satara,high,priority,0.0,1,7,CHIRPS Daily v2.0,Maharashtra,CHIRPS Rainfall
2020-12-23,2020-12-30,52.0,2020,P141,17.430826677467348,74.08239904488856,Satara,high,priority,0.0,1,7,CHIRPS Daily v2.0,Maharashtra,CHIRPS Rainfall
2020-12-23,2020-12-30,52.0,2020,P142,18.064447100757786,74.31538707493111,Satara,high,priority,0.0,1,7,CHIRPS Daily v2.0,Maharashtra,CHIRPS Rainfall
2020-12-23,2020-12-30,52.0,2020,P143,17.70379500755509,74.6468275971327,Satara,high,priority,0.0,1,7,CHIRPS Daily v2.0,Maharashtra,CHIRPS Rainfall
2020-12-23,2020-12-30,52.0,2020,P144,17.929452275465767,74.50474726026674,Satara,high,priority,0.0,1,7,CHIRPS Daily v2.0,Maharashtra,CHIRPS Rainfall
2020-12-23,2020-12-30,52.0,2020,P145,17.47773196144854,74.60017202281048,Satara,high,priority,0.0,1,7,CHIRPS Daily v2.0,Maharashtra,CHIRPS Rainfall
2020-12-23,2020-12-30,52.0,2020,P146,17.839182233739812,74.55218763637436,Satara,high,priority,0.0,1,7,CHIRPS Daily v2.0,Maharashtra,CHIRPS Rainfall
2020-12-23,2020-12-30,52.0,2020,P001,19.940457800458272,74.57045211428928,Ahmednagar,normal,statewide,0.0,1,7,CHIRPS Daily v2.0,Maharashtra,CHIRPS Rainfall
2020-12-23,2020-12-30,52.0,2020,P002,18.946729294293643,74.76302285238339,Ahmednagar,normal,statewide,0.0,1,7,CHIRPS Daily v2.0,Maharashtra,CHIRPS Rainfall
2020-12-23,2020-12-30,52.0,2020,P003,18.49469238410162,74.66892244285252,Ahmednagar,normal,statewide,2.1985106468200684,1,7,CHIRPS Daily v2.0,Maharashtra,CHIRPS Rainfall
2020-12-23,2020-12-30,52.0,2020,P004,19.03720445466806,75.1420731965326,Ahmednagar,normal,statewide,0.0,1,7,CHIRPS Daily v2.0,Maharashtra,CHIRPS Rainfall
2020-12-23,2020-12-30,52.0,2020,P005,20.832153156317954,77.06560453615967,Akola,normal,statewide,0.0,1,7,CHIRPS Daily v2.0,Maharashtra,CHIRPS Rainfall
2020-12-23,2020-12-30,52.0,2020,P006,20.834360411339407,76.87349308547405,Akola,normal,statewide,0.0,1,7,CHIRPS Daily v2.0,Maharashtra,CHIRPS Rainfall
2020-12-23,2020-12-30,52.0,2020,P007,21.014976299509232,76.87574047240498,Akola,normal,statewide,0.0,1,7,CHIRPS Daily v2.0,Maharashtra,CHIRPS Rainfall
2020-12-23,2020-12-30,52.0,2020,P008,20.828434266039377,77.35372489162701,Akola,normal,statewide,0.0,1,7,CHIRPS Daily v2.0,Maharashtra,CHIRPS Rainfall
2020-12-23,2020-12-30,52.0,2020,P009,21.360971327549258,77.94039543992572,Amravati,normal,statewide,0.0,1,7,CHIRPS Daily v2.0,Maharashtra,CHIRPS Rainfall
2020-12-23,2020-12-30,52.0,2020,P010,21.178803672212837,78.03301542790685,Amravati,normal,statewide,0.0,1,7,CHIRPS Daily v2.0,Maharashtra,CHIRPS Rainfall
2020-12-23,2020-12-30,52.0,2020,P011,20.814388097721018,78.21764450702477,Amravati,normal,statewide,0.0,1,7,CHIRPS Daily v2.0,Maharashtra,CHIRPS Rainfall
2020-12-23,2020-12-30,52.0,2020,P012,21.180502589714195,77.93681032267875,Amravati,normal,statewide,0.0,1,7,CHIRPS Daily v2.0,Maharashtra,CHIRPS Rainfall
2020-12-23,2020-12-30,52.0,2020,P013,20.031289688916964,74.8570519162974,Aurangabad,normal,statewide,0.0,1,7,CHIRPS Daily v2.0,Maharashtra,CHIRPS Rainfall
2020-12-23,2020-12-30,52.0,2020,P014,19.760185263069562,75.14270192978114,Aurangabad,normal,statewide,0.0,1,7,CHIRPS Daily v2.0,Maharashtra,CHIRPS Rainfall
2020-12-23,2020-12-30,52.0,2020,P015,19.9408189876436,74.76157364454102,Aurangabad,normal,statewide,0.0,1,7,CHIRPS Daily v2.0,Maharashtra,CHIRPS Rainfall
2020-12-23,2020-12-30,52.0,2020,P016,19.66981712112043,75.14262166596218,Aurangabad,normal,statewide,0.0,1,7,CHIRPS Daily v2.0,Maharashtra,CHIRPS Rainfall
2020-12-23,2020-12-30,52.0,2020,P017,21.04613203856966,79.85576216552393,Bhandara,normal,statewide,0.0,1,7,CHIRPS Daily v2.0,Maharashtra,CHIRPS Rainfall
2020-12-23,2020-12-30,52.0,2020,P018,21.31897105472685,79.76852877161537,Bhandara,normal,statewide,3.2648022174835205,1,7,CHIRPS Daily v2.0,Maharashtra,CHIRPS Rainfall
2020-12-23,2020-12-30,52.0,2020,P019,21.40900922319803,79.77144948280537,Bhandara,normal,statewide,3.3378727436065674,1,7,CHIRPS Daily v2.0,Maharashtra,CHIRPS Rainfall
2020-12-23,2020-12-30,52.0,2020,P020,21.144196588937042,79.57074980349083,Bhandara,normal,statewide,0.0,1,7,CHIRPS Daily v2.0,Maharashtra,CHIRPS Rainfall
2020-12-23,2020-12-30,52.0,2020,P021,18.67502288980403,75.52108340877234,Bid,normal,statewide,0.0,1,7,CHIRPS Daily v2.0,Maharashtra,CHIRPS Rainfall
2020-12-23,2020-12-30,52.0,2020,P022,18.856499384477168,75.04699178476999,Bid,normal,statewide,0.0,1,7,CHIRPS Daily v2.0,Maharashtra,CHIRPS Rainfall
2020-12-23,2020-12-30,52.0,2020,P023,19.126596053486494,75.6175605191647,Bid,normal,statewide,0.0,1,7,CHIRPS Daily v2.0,Maharashtra,CHIRPS Rainfall
2020-12-23,2020-12-30,52.0,2020,P024,18.763955201213946,75.90084720909012,Bid,normal,statewide,0.0,1,7,CHIRPS Daily v2.0,Maharashtra,CHIRPS Rainfall
2020-12-23,2020-12-30,52.0,2020,P025,20.93073496240753,76.20164478885242,Buldana,normal,statewide,0.0,1,7,CHIRPS Daily v2.0,Maharashtra,CHIRPS Rainfall
2020-12-23,2020-12-30,52.0,2020,P026,20.838939908121294,76.39311412898633,Buldana,normal,statewide,0.0,1,7,CHIRPS Daily v2.0,Maharashtra,CHIRPS Rainfall
2020-12-23,2020-12-30,52.0,2020,P027,20.657476790751314,76.48742857536776,Buldana,normal,statewide,0.0,1,7,CHIRPS Daily v2.0,Maharashtra,CHIRPS Rainfall
2020-12-23,2020-12-30,52.0,2020,P028,20.47967013624516,76.10222021266374,Buldana,normal,statewide,0.0,1,7,CHIRPS Daily v2.0,Maharashtra,CHIRPS Rainfall
2020-12-23,2020-12-30,52.0,2020,P029,20.32317798477448,79.92829390325927,Chandrapur,normal,statewide,0.0,1,7,CHIRPS Daily v2.0,Maharashtra,CHIRPS Rainfall
2020-12-23,2020-12-30,52.0,2020,P030,20.60872097983294,79.36304041732026,Chandrapur,normal,statewide,0.0,1,7,CHIRPS Daily v2.0,Maharashtra,CHIRPS Rainfall
2020-12-23,2020-12-30,52.0,2020,P031,20.511160307884595,79.64732594588165,Chandrapur,normal,statewide,0.0,1,7,CHIRPS Daily v2.0,Maharashtra,CHIRPS Rainfall
2020-12-23,2020-12-30,52.0,2020,P032,20.598621115946884,79.74569817422172,Chandrapur,normal,statewide,0.0,1,7,CHIRPS Daily v2.0,Maharashtra,CHIRPS Rainfall
2020-12-23,2020-12-30,52.0,2020,P033,21.38667804512237,75.14422248324037,Dhule,normal,statewide,0.0,1,7,CHIRPS Daily v2.0,Maharashtra,CHIRPS Rainfall
2020-12-23,2020-12-30,52.0,2020,P034,21.025151968113196,74.75989256344387,Dhule,normal,statewide,0.0,1,7,CHIRPS Daily v2.0,Maharashtra,CHIRPS Rainfall
2020-12-23,2020-12-30,52.0,2020,P035,21.477028350667293,74.85568743137505,Dhule,normal,statewide,0.0,1,7,CHIRPS Daily v2.0,Maharashtra,CHIRPS Rainfall
2020-12-23,2020-12-30,52.0,2020,P036,20.933820660336515,74.37533522949364,Dhule,normal,statewide,0.0,1,7,CHIRPS Daily v2.0,Maharashtra,CHIRPS Rainfall
2020-12-23,2020-12-30,52.0,2020,P037,19.963056524597132,79.91698116388667,Garhchiroli,normal,statewide,0.0,1,7,CHIRPS Daily v2.0,Maharashtra,CHIRPS Rainfall
2020-12-23,2020-12-30,52.0,2020,P038,19.062661462582188,79.88977172925856,Garhchiroli,normal,statewide,0.0,1,7,CHIRPS Daily v2.0,Maharashtra,CHIRPS Rainfall
2020-12-23,2020-12-30,52.0,2020,P039,19.510270485428137,79.9981368030594,Garhchiroli,normal,statewide,0.0,1,7,CHIRPS Daily v2.0,Maharashtra,CHIRPS Rainfall
2020-12-23,2020-12-30,52.0,2020,P040,19.870365190999156,80.00935144220881,Garhchiroli,normal,statewide,0.0,1,7,CHIRPS Daily v2.0,Maharashtra,CHIRPS Rainfall
2020-12-23,2020-12-30,52.0,2020,P041,21.127639946725598,80.1465044724107,Gondiya,normal,statewide,0.0,1,7,CHIRPS Daily v2.0,Maharashtra,CHIRPS Rainfall
2020-12-23,2020-12-30,52.0,2020,P042,21.397598383602258,80.15591763473452,Gondiya,normal,statewide,3.686957597732544,1,7,CHIRPS Daily v2.0,Maharashtra,CHIRPS Rainfall
2020-12-23,2020-12-30,52.0,2020,P043,21.574548890706154,80.25847249986273,Gondiya,normal,statewide,3.363701343536377,1,7,CHIRPS Daily v2.0,Maharashtra,CHIRPS Rainfall
2020-12-23,2020-12-30,52.0,2020,P044,21.211649410572516,80.34153217518526,Gondiya,normal,statewide,0.0,1,7,CHIRPS Daily v2.0,Maharashtra,CHIRPS Rainfall
2020-12-23,2020-12-30,52.0,2020,P045,19.655900266732623,77.2407892392464,Hingoli,normal,statewide,0.0,1,7,CHIRPS Daily v2.0,Maharashtra,CHIRPS Rainfall
2020-12-23,2020-12-30,52.0,2020,P046,19.566758377573187,77.1442675378435,Hingoli,normal,statewide,0.0,1,7,CHIRPS Daily v2.0,Maharashtra,CHIRPS Rainfall
2020-12-23,2020-12-30,52.0,2020,P047,19.47860194974656,76.9526242927685,Hingoli,normal,statewide,0.0,1,7,CHIRPS Daily v2.0,Maharashtra,CHIRPS Rainfall
2020-12-23,2020-12-30,52.0,2020,P048,19.927981235710728,77.14910120338544,Hingoli,normal,statewide,0.0,1,7,CHIRPS Daily v2.0,Maharashtra,CHIRPS Rainfall
2020-12-23,2020-12-30,52.0,2020,P049,21.292738163229433,76.10816865346904,Jalgaon,normal,statewide,0.0,1,7,CHIRPS Daily v2.0,Maharashtra,CHIRPS Rainfall
2020-12-23,2020-12-30,52.0,2020,P050,21.386178625804387,75.43363151891216,Jalgaon,normal,statewide,0.0,1,7,CHIRPS Daily v2.0,Maharashtra,CHIRPS Rainfall
2020-12-23,2020-12-30,52.0,2020,P051,21.112064306745907,76.10682200495089,Jalgaon,normal,statewide,2.244328498840332,1,7,CHIRPS Daily v2.0,Maharashtra,CHIRPS Rainfall
2020-12-23,2020-12-30,52.0,2020,P052,20.844437979720194,75.23982115072519,Jalgaon,normal,statewide,0.0,1,7,CHIRPS Daily v2.0,Maharashtra,CHIRPS Rainfall
2020-12-23,2020-12-30,52.0,2020,P053,19.486369703781666,76.00005328932718,Jalna,normal,statewide,0.0,1,7,CHIRPS Daily v2.0,Maharashtra,CHIRPS Rainfall
2020-12-23,2020-12-30,52.0,2020,P054,20.028502750758555,76.00343774702675,Jalna,normal,statewide,0.0,1,7,CHIRPS Daily v2.0,Maharashtra,CHIRPS Rainfall
2020-12-23,2020-12-30,52.0,2020,P055,19.75743845682064,76.00172991132328,Jalna,normal,statewide,0.0,1,7,CHIRPS Daily v2.0,Maharashtra,CHIRPS Rainfall
2020-12-23,2020-12-30,52.0,2020,P056,19.57768317515413,75.80993951591351,Jalna,normal,statewide,0.0,1,7,CHIRPS Daily v2.0,Maharashtra,CHIRPS Rainfall
2020-12-23,2020-12-30,52.0,2020,P057,16.776377793156257,74.29671235971928,Kolhapur,normal,statewide,0.0,1,7,CHIRPS Daily v2.0,Maharashtra,CHIRPS Rainfall
2020-12-23,2020-12-30,52.0,2020,P058,16.324416687682138,74.29834884980589,Kolhapur,normal,statewide,0.0,1,7,CHIRPS Daily v2.0,Maharashtra,CHIRPS Rainfall
2020-12-23,2020-12-30,52.0,2020,P059,16.595891218916975,74.39111598812178,Kolhapur,normal,statewide,0.0,1,7,CHIRPS Daily v2.0,Maharashtra,CHIRPS Rainfall
2020-12-23,2020-12-30,52.0,2020,P060,16.414811584237594,74.29802779453004,Kolhapur,normal,statewide,0.0,1,7,CHIRPS Daily v2.0,Maharashtra,CHIRPS Rainfall
2020-12-23,2020-12-30,52.0,2020,P086,21.054127206758487,79.56798961993874,Nagpur,normal,statewide,0.0,1,7,CHIRPS Daily v2.0,Maharashtra,CHIRPS Rainfall
2020-12-23,2020-12-30,52.0,2020,P087,21.146765031143822,79.47473643960802,Nagpur,normal,statewide,0.0,1,7,CHIRPS Daily v2.0,Maharashtra,CHIRPS Rainfall
2020-12-23,2020-12-30,52.0,2020,P088,21.347803602138427,78.61442869606356,Nagpur,normal,statewide,0.0,1,7,CHIRPS Daily v2.0,Maharashtra,CHIRPS Rainfall
2020-12-23,2020-12-30,52.0,2020,P089,21.165377318940912,78.70615240473293,Nagpur,normal,statewide,0.0,1,7,CHIRPS Daily v2.0,Maharashtra,CHIRPS Rainfall
2020-12-23,2020-12-30,52.0,2020,P090,19.201968238592887,77.42470040309472,Nanded,normal,statewide,0.0,1,7,CHIRPS Daily v2.0,Maharashtra,CHIRPS Rainfall
2020-12-23,2020-12-30,52.0,2020,P091,18.566038000956755,77.69963965584807,Nanded,normal,statewide,0.0,1,7,CHIRPS Daily v2.0,Maharashtra,CHIRPS Rainfall
2020-12-23,2020-12-30,52.0,2020,P092,19.736596618496833,77.90946265591798,Nanded,normal,statewide,0.0,1,7,CHIRPS Daily v2.0,Maharashtra,CHIRPS Rainfall
2020-12-23,2020-12-30,52.0,2020,P093,18.93564842817583,77.04115528508362,Nanded,normal,statewide,0.0,1,7,CHIRPS Daily v2.0,Maharashtra,CHIRPS Rainfall
2020-12-23,2020-12-30,52.0,2020,P094,21.564917232430716,74.08292967791392,Nandurbar,normal,statewide,0.0,1,7,CHIRPS Daily v2.0,Maharashtra,CHIRPS Rainfall
2020-12-23,2020-12-30,52.0,2020,P095,21.5662594218478,74.37266422796263,Nandurbar,normal,statewide,0.0,1,7,CHIRPS Daily v2.0,Maharashtra,CHIRPS Rainfall
2020-12-23,2020-12-30,52.0,2020,P096,21.385179787168415,74.27697637845674,Nandurbar,normal,statewide,0.0,1,7,CHIRPS Daily v2.0,Maharashtra,CHIRPS Rainfall
2020-12-23,2020-12-30,52.0,2020,P097,21.565421110849755,74.17950488852946,Nandurbar,normal,statewide,0.0,1,7,CHIRPS Daily v2.0,Maharashtra,CHIRPS Rainfall
2020-12-23,2020-12-30,52.0,2020,P098,20.299553667393326,73.99482675929994,Nashik,normal,statewide,0.0,1,7,CHIRPS Daily v2.0,Maharashtra,CHIRPS Rainfall
2020-12-23,2020-12-30,52.0,2020,P099,20.120253214034264,74.28296495117151,Nashik,normal,statewide,0.0,1,7,CHIRPS Daily v2.0,Maharashtra,CHIRPS Rainfall
2020-12-23,2020-12-30,52.0,2020,P100,20.389903972938242,73.99424261706194,Nashik,normal,statewide,0.0,1,7,CHIRPS Daily v2.0,Maharashtra,CHIRPS Rainfall
2020-12-23,2020-12-30,52.0,2020,P101,20.029015547379707,74.09216447619562,Nashik,normal,statewide,0.0,1,7,CHIRPS Daily v2.0,Maharashtra,CHIRPS Rainfall
2020-12-23,2020-12-30,52.0,2020,P102,17.85749130266526,76.36802722645965,Osmanabad,normal,statewide,0.0,1,7,CHIRPS Daily v2.0,Maharashtra,CHIRPS Rainfall
2020-12-23,2020-12-30,52.0,2020,P103,17.76644983645705,76.46164605307673,Osmanabad,normal,statewide,0.0,1,7,CHIRPS Daily v2.0,Maharashtra,CHIRPS Rainfall
2020-12-23,2020-12-30,52.0,2020,P104,17.949094615606196,76.17989775301476,Osmanabad,normal,statewide,0.0,1,7,CHIRPS Daily v2.0,Maharashtra,CHIRPS Rainfall
2020-12-23,2020-12-30,52.0,2020,P105,18.584360447185368,75.61558067829696,Osmanabad,normal,statewide,0.0,1,7,CHIRPS Daily v2.0,Maharashtra,CHIRPS Rainfall
2020-12-23,2020-12-30,52.0,2020,P106,19.031389786894366,76.47235681380711,Parbhani,normal,statewide,0.0,1,7,CHIRPS Daily v2.0,Maharashtra,CHIRPS Rainfall
2020-12-23,2020-12-30,52.0,2020,P107,19.120950831552832,76.56820519095093,Parbhani,normal,statewide,0.0,1,7,CHIRPS Daily v2.0,Maharashtra,CHIRPS Rainfall
2020-12-23,2020-12-30,52.0,2020,P108,19.208625676465683,76.85432786914635,Parbhani,normal,statewide,0.0,1,7,CHIRPS Daily v2.0,Maharashtra,CHIRPS Rainfall
2020-12-23,2020-12-30,52.0,2020,P109,19.212081479782103,76.47396209018636,Parbhani,normal,statewide,0.0,1,7,CHIRPS Daily v2.0,Maharashtra,CHIRPS Rainfall
2020-12-23,2020-12-30,52.0,2020,P110,18.133442771357757,75.04679558432363,Pune,normal,statewide,0.0,1,7,CHIRPS Daily v2.0,Maharashtra,CHIRPS Rainfall
2020-12-23,2020-12-30,52.0,2020,P111,18.584645829652782,74.47919215212944,Pune,normal,statewide,0.0,1,7,CHIRPS Daily v2.0,Maharashtra,CHIRPS Rainfall
2020-12-23,2020-12-30,52.0,2020,P112,18.132979024848197,74.57507620208169,Pune,normal,statewide,0.0,1,7,CHIRPS Daily v2.0,Maharashtra,CHIRPS Rainfall
2020-12-23,2020-12-30,52.0,2020,P113,18.314072036830744,74.76389683618987,Pune,normal,statewide,0.0,1,7,CHIRPS Daily v2.0,Maharashtra,CHIRPS Rainfall
2020-12-23,2020-12-30,52.0,2020,P114,18.48503397121986,73.0589238755964,Raigarh,normal,statewide,0.0,1,7,CHIRPS Daily v2.0,Maharashtra,CHIRPS Rainfall
2020-12-23,2020-12-30,52.0,2020,P115,18.665689991299164,73.05687714821288,Raigarh,normal,statewide,0.0,1,7,CHIRPS Daily v2.0,Maharashtra,CHIRPS Rainfall
2020-12-23,2020-12-30,52.0,2020,P116,18.306197264370358,73.25009891506079,Raigarh,normal,statewide,0.0,1,7,CHIRPS Daily v2.0,Maharashtra,CHIRPS Rainfall
2020-12-23,2020-12-30,52.0,2020,P117,18.21404102289879,73.06194714611064,Raigarh,normal,statewide,0.0,1,7,CHIRPS Daily v2.0,Maharashtra,CHIRPS Rainfall
2020-12-23,2020-12-30,52.0,2020,P118,17.138719885658215,75.42259970290594,Sangli,normal,statewide,0.0,1,7,CHIRPS Daily v2.0,Maharashtra,CHIRPS Rainfall
2020-12-23,2020-12-30,52.0,2020,P119,17.048761981005992,74.95348443567921,Sangli,normal,statewide,0.0,1,7,CHIRPS Daily v2.0,Maharashtra,CHIRPS Rainfall
2020-12-23,2020-12-30,52.0,2020,P120,16.86707144948229,74.39025538161847,Sangli,normal,statewide,0.0,1,7,CHIRPS Daily v2.0,Maharashtra,CHIRPS Rainfall
2020-12-23,2020-12-30,52.0,2020,P121,17.048503353144895,74.67157114887826,Sangli,normal,statewide,0.0,1,7,CHIRPS Daily v2.0,Maharashtra,CHIRPS Rainfall
2020-12-23,2020-12-30,52.0,2020,P148,17.67852974098626,76.08383979812143,Solapur,normal,statewide,0.0,1,7,CHIRPS Daily v2.0,Maharashtra,CHIRPS Rainfall
2020-12-23,2020-12-30,52.0,2020,P149,18.223365003201543,75.4251413905064,Solapur,normal,statewide,0.0,1,7,CHIRPS Daily v2.0,Maharashtra,CHIRPS Rainfall
2020-12-23,2020-12-30,52.0,2020,P150,17.952532582518405,75.23562067753285,Solapur,normal,statewide,0.0,1,7,CHIRPS Daily v2.0,Maharashtra,CHIRPS Rainfall
2020-12-23,2020-12-30,52.0,2020,P151,18.223690517578447,75.23598186471818,Solapur,normal,statewide,0.0,1,7,CHIRPS Daily v2.0,Maharashtra,CHIRPS Rainfall
2020-12-23,2020-12-30,52.0,2020,P152,19.658178867370932,72.94986318203122,Thane,normal,statewide,0.0,1,7,CHIRPS Daily v2.0,Maharashtra,CHIRPS Rainfall
2020-12-23,2020-12-30,52.0,2020,P153,19.65706409210757,72.8545320606096,Thane,normal,statewide,0.0,1,7,CHIRPS Daily v2.0,Maharashtra,CHIRPS Rainfall
2020-12-23,2020-12-30,52.0,2020,P154,19.477549601897948,72.95214624177059,Thane,normal,statewide,0.0,1,7,CHIRPS Daily v2.0,Maharashtra,CHIRPS Rainfall
2020-12-23,2020-12-30,52.0,2020,P155,19.83987385799569,73.0429959666335,Thane,normal,statewide,0.0,1,7,CHIRPS Daily v2.0,Maharashtra,CHIRPS Rainfall
2020-12-23,2020-12-30,52.0,2020,P156,20.806749657616468,78.60135461177485,Wardha,normal,statewide,0.0,1,7,CHIRPS Daily v2.0,Maharashtra,CHIRPS Rainfall
2020-12-23,2020-12-30,52.0,2020,P157,20.71031267913359,78.88671032458906,Wardha,normal,statewide,0.0,1,7,CHIRPS Daily v2.0,Maharashtra,CHIRPS Rainfall
2020-12-23,2020-12-30,52.0,2020,P158,21.081265295769754,78.41565980750515,Wardha,normal,statewide,0.0,1,7,CHIRPS Daily v2.0,Maharashtra,CHIRPS Rainfall
2020-12-23,2020-12-30,52.0,2020,P159,20.439854822938944,78.87986114537097,Wardha,normal,statewide,0.0,1,7,CHIRPS Daily v2.0,Maharashtra,CHIRPS Rainfall
2020-12-23,2020-12-30,52.0,2020,P160,20.289186257444058,77.15404188735265,Washim,normal,statewide,0.0,1,7,CHIRPS Daily v2.0,Maharashtra,CHIRPS Rainfall
2020-12-23,2020-12-30,52.0,2020,P161,20.464607292886615,77.53975858757677,Washim,normal,statewide,0.0,1,7,CHIRPS Daily v2.0,Maharashtra,CHIRPS Rainfall
2020-12-23,2020-12-30,52.0,2020,P162,20.107393166596125,77.2471479173486,Washim,normal,statewide,0.0,1,7,CHIRPS Daily v2.0,Maharashtra,CHIRPS Rainfall
2020-12-23,2020-12-30,52.0,2020,P163,20.198885002010726,77.1527933390577,Washim,normal,statewide,0.0,1,7,CHIRPS Daily v2.0,Maharashtra,CHIRPS Rainfall
2020-12-23,2020-12-30,52.0,2020,P164,20.182854533723592,78.20447678161395,Yavatmal,normal,statewide,0.0,1,7,CHIRPS Daily v2.0,Maharashtra,CHIRPS Rainfall
2020-12-23,2020-12-30,52.0,2020,P165,19.894658373538324,79.05709703494229,Yavatmal,normal,statewide,0.0,1,7,CHIRPS Daily v2.0,Maharashtra,CHIRPS Rainfall
2020-12-23,2020-12-30,52.0,2020,P166,19.468787468327925,77.71426550730338,Yavatmal,normal,statewide,0.0,1,7,CHIRPS Daily v2.0,Maharashtra,CHIRPS Rainfall
2020-12-23,2020-12-30,52.0,2020,P167,19.559057510053886,77.71577268345945,Yavatmal,normal,statewide,0.0,1,7,CHIRPS Daily v2.0,Maharashtra,CHIRPS Rainfall
