Week_Start,Week_End,Week_Number,Year,point_id,latitude,longitude,district,sampling_priority,region_type,Rainfall_mm,Rainfall_Valid,CHIRPS_Days,rainfall_source,study_area,dataset
2025-01-01,2025-01-08,1.0,2025,P147,17.927231643141155,73.94769852026607,Satara,case_study,case_study,0.0,1,7,CHIRPS Daily v2.0,Maharashtra,CHIRPS Rainfall
2025-01-01,2025-01-08,1.0,2025,P061,18.507855650411397,76.91766048140843,Latur,high,priority,0.0,1,7,CHIRPS Daily v2.0,Maharashtra,CHIRPS Rainfall
2025-01-01,2025-01-08,1.0,2025,P062,18.422405896924207,76.3487594508077,Latur,high,priority,0.0,1,7,CHIRPS Daily v2.0,Maharashtra,CHIRPS Rainfall
2025-01-01,2025-01-08,1.0,2025,P063,18.235391198742693,77.05646783810116,Latur,high,priority,0.0,1,7,CHIRPS Daily v2.0,Maharashtra,CHIRPS Rainfall
2025-01-01,2025-01-08,1.0,2025,P064,18.193056493341274,76.77240080549139,Latur,high,priority,0.0,1,7,CHIRPS Daily v2.0,Maharashtra,CHIRPS Rainfall
2025-01-01,2025-01-08,1.0,2025,P065,18.331355512513895,76.44266811899327,Latur,high,priority,0.0,1,7,CHIRPS Daily v2.0,Maharashtra,CHIRPS Rainfall
2025-01-01,2025-01-08,1.0,2025,P066,18.104739537876725,76.5352970251765,Latur,high,priority,0.0,1,7,CHIRPS Daily v2.0,Maharashtra,CHIRPS Rainfall
2025-01-01,2025-01-08,1.0,2025,P067,18.280552974211986,77.0569984711265,Latur,high,priority,0.0,1,7,CHIRPS Daily v2.0,Maharashtra,CHIRPS Rainfall
2025-01-01,2025-01-08,1.0,2025,P068,18.101823285787773,76.86595720469373,Latur,high,priority,0.0,1,7,CHIRPS Daily v2.0,Maharashtra,CHIRPS Rainfall
2025-01-01,2025-01-08,1.0,2025,P069,18.595075667016793,77.20284228928156,Latur,high,priority,4.421696662902832,1,7,CHIRPS Daily v2.0,Maharashtra,CHIRPS Rainfall
2025-01-01,2025-01-08,1.0,2025,P070,18.41499041187233,77.15322587185987,Latur,high,priority,0.0,1,7,CHIRPS Daily v2.0,Maharashtra,CHIRPS Rainfall
2025-01-01,2025-01-08,1.0,2025,P071,18.149138807065885,76.63019561379593,Latur,high,priority,0.0,1,7,CHIRPS Daily v2.0,Maharashtra,CHIRPS Rainfall
2025-01-01,2025-01-08,1.0,2025,P072,18.283393421583035,76.77331492120734,Latur,high,priority,0.0,1,7,CHIRPS Daily v2.0,Maharashtra,CHIRPS Rainfall
2025-01-01,2025-01-08,1.0,2025,P073,17.966315663874607,76.86453029235662,Latur,high,priority,0.0,1,7,CHIRPS Daily v2.0,Maharashtra,CHIRPS Rainfall
2025-01-01,2025-01-08,1.0,2025,P074,18.50832831512306,76.870318205524,Latur,high,priority,0.0,1,7,CHIRPS Daily v2.0,Maharashtra,CHIRPS Rainfall
2025-01-01,2025-01-08,1.0,2025,P075,18.41444640154381,77.20053247493588,Latur,high,priority,2.6622886657714844,1,7,CHIRPS Daily v2.0,Maharashtra,CHIRPS Rainfall
2025-01-01,2025-01-08,1.0,2025,P076,18.377877313804504,76.25376722106614,Latur,high,priority,0.0,1,7,CHIRPS Daily v2.0,Maharashtra,CHIRPS Rainfall
2025-01-01,2025-01-08,1.0,2025,P077,18.059564385104267,76.5349046242838,Latur,high,priority,0.0,1,7,CHIRPS Daily v2.0,Maharashtra,CHIRPS Rainfall
2025-01-01,2025-01-08,1.0,2025,P078,18.1008824154655,76.96042326051098,Latur,high,priority,0.0,1,7,CHIRPS Daily v2.0,Maharashtra,CHIRPS Rainfall
2025-01-01,2025-01-08,1.0,2025,P079,18.73508698099394,76.77797468180819,Latur,high,priority,0.0,1,7,CHIRPS Daily v2.0,Maharashtra,CHIRPS Rainfall
2025-01-01,2025-01-08,1.0,2025,P080,18.46791548227568,76.3017694439065,Latur,high,priority,0.0,1,7,CHIRPS Daily v2.0,Maharashtra,CHIRPS Rainfall
2025-01-01,2025-01-08,1.0,2025,P081,18.10355787609756,76.67701617485712,Latur,high,priority,0.0,1,7,CHIRPS Daily v2.0,Maharashtra,CHIRPS Rainfall
2025-01-01,2025-01-08,1.0,2025,P082,18.23907887531389,76.67830931416262,Latur,high,priority,0.0,1,7,CHIRPS Daily v2.0,Maharashtra,CHIRPS Rainfall
2025-01-01,2025-01-08,1.0,2025,P083,18.369289085175563,77.19996171000103,Latur,high,priority,2.9983205795288086,1,7,CHIRPS Daily v2.0,Maharashtra,CHIRPS Rainfall
2025-01-01,2025-01-08,1.0,2025,P084,18.46362582706226,76.82249880582684,Latur,high,priority,0.0,1,7,CHIRPS Daily v2.0,Maharashtra,CHIRPS Rainfall
2025-01-01,2025-01-08,1.0,2025,P085,18.14788579966987,76.77194597718393,Latur,high,priority,0.0,1,7,CHIRPS Daily v2.0,Maharashtra,CHIRPS Rainfall
2025-01-01,2025-01-08,1.0,2025,P122,17.88145897082753,73.8441448165019,Satara,high,priority,0.0,1,7,CHIRPS Daily v2.0,Maharashtra,CHIRPS Rainfall
2025-01-01,2025-01-08,1.0,2025,P123,17.386414030975025,74.27088970551878,Satara,high,priority,0.0,1,7,CHIRPS Daily v2.0,Maharashtra,CHIRPS Rainfall
2025-01-01,2025-01-08,1.0,2025,P124,17.43262815429294,74.647353771057,Satara,high,priority,0.0,1,7,CHIRPS Daily v2.0,Maharashtra,CHIRPS Rainfall
2025-01-01,2025-01-08,1.0,2025,P125,17.56734651531964,74.31728219287884,Satara,high,priority,0.0,1,7,CHIRPS Daily v2.0,Maharashtra,CHIRPS Rainfall
2025-01-01,2025-01-08,1.0,2025,P126,17.205080227535593,74.13053949986157,Satara,high,priority,0.0,1,7,CHIRPS Daily v2.0,Maharashtra,CHIRPS Rainfall
2025-01-01,2025-01-08,1.0,2025,P127,17.65773249367299,74.31694330119876,Satara,high,priority,0.0,1,7,CHIRPS Daily v2.0,Maharashtra,CHIRPS Rainfall
2025-01-01,2025-01-08,1.0,2025,P128,18.019949731345452,74.5517328080669,Satara,high,priority,0.0,1,7,CHIRPS Daily v2.0,Maharashtra,CHIRPS Rainfall
2025-01-01,2025-01-08,1.0,2025,P129,18.063234225271252,74.03192648006461,Satara,high,priority,0.0,1,7,CHIRPS Daily v2.0,Maharashtra,CHIRPS Rainfall
2025-01-01,2025-01-08,1.0,2025,P130,17.61135784271715,74.03436560834085,Satara,high,priority,0.0,1,7,CHIRPS Daily v2.0,Maharashtra,CHIRPS Rainfall
2025-01-01,2025-01-08,1.0,2025,P131,17.612539504496315,74.3171127470388,Satara,high,priority,0.0,1,7,CHIRPS Daily v2.0,Maharashtra,CHIRPS Rainfall
2025-01-01,2025-01-08,1.0,2025,P132,17.702176353872684,74.12817617630324,Satara,high,priority,0.0,1,7,CHIRPS Daily v2.0,Maharashtra,CHIRPS Rainfall
2025-01-01,2025-01-08,1.0,2025,P133,17.25006363896275,74.08329532420031,Satara,high,priority,0.0,1,7,CHIRPS Daily v2.0,Maharashtra,CHIRPS Rainfall
2025-01-01,2025-01-08,1.0,2025,P134,17.476429903940936,74.17634784498362,Satara,high,priority,0.0,1,7,CHIRPS Daily v2.0,Maharashtra,CHIRPS Rainfall
2025-01-01,2025-01-08,1.0,2025,P135,17.882716437324603,74.0801070669471,Satara,high,priority,0.0,1,7,CHIRPS Daily v2.0,Maharashtra,CHIRPS Rainfall
2025-01-01,2025-01-08,1.0,2025,P136,17.928520323345598,74.22149178404871,Satara,high,priority,0.0,1,7,CHIRPS Daily v2.0,Maharashtra,CHIRPS Rainfall
2025-01-01,2025-01-08,1.0,2025,P137,17.746687100588183,73.98648378122894,Satara,high,priority,0.0,1,7,CHIRPS Daily v2.0,Maharashtra,CHIRPS Rainfall
2025-01-01,2025-01-08,1.0,2025,P138,17.61269557303319,74.36423652697161,Satara,high,priority,0.0,1,7,CHIRPS Daily v2.0,Maharashtra,CHIRPS Rainfall
2025-01-01,2025-01-08,1.0,2025,P139,17.656773786946495,74.08126197411994,Satara,high,priority,0.0,1,7,CHIRPS Daily v2.0,Maharashtra,CHIRPS Rainfall
2025-01-01,2025-01-08,1.0,2025,P140,17.97464080554139,74.50462240543725,Satara,high,priority,0.0,1,7,CHIRPS Daily v2.0,Maharashtra,CHIRPS Rainfall
2025-01-01,2025-01-08,1.0,2025,P141,17.430826677467348,74.08239904488856,Satara,high,priority,0.0,1,7,CHIRPS Daily v2.0,Maharashtra,CHIRPS Rainfall
2025-01-01,2025-01-08,1.0,2025,P142,18.064447100757786,74.31538707493111,Satara,high,priority,0.0,1,7,CHIRPS Daily v2.0,Maharashtra,CHIRPS Rainfall
2025-01-01,2025-01-08,1.0,2025,P143,17.70379500755509,74.6468275971327,Satara,high,priority,0.0,1,7,CHIRPS Daily v2.0,Maharashtra,CHIRPS Rainfall
2025-01-01,2025-01-08,1.0,2025,P144,17.929452275465767,74.50474726026674,Satara,high,priority,0.0,1,7,CHIRPS Daily v2.0,Maharashtra,CHIRPS Rainfall
2025-01-01,2025-01-08,1.0,2025,P145,17.47773196144854,74.60017202281048,Satara,high,priority,0.0,1,7,CHIRPS Daily v2.0,Maharashtra,CHIRPS Rainfall
2025-01-01,2025-01-08,1.0,2025,P146,17.839182233739812,74.55218763637436,Satara,high,priority,0.0,1,7,CHIRPS Daily v2.0,Maharashtra,CHIRPS Rainfall
2025-01-01,2025-01-08,1.0,2025,P001,19.940457800458272,74.57045211428928,Ahmednagar,normal,statewide,0.0,1,7,CHIRPS Daily v2.0,Maharashtra,CHIRPS Rainfall
2025-01-01,2025-01-08,1.0,2025,P002,18.946729294293643,74.76302285238339,Ahmednagar,normal,statewide,0.0,1,7,CHIRPS Daily v2.0,Maharashtra,CHIRPS Rainfall
2025-01-01,2025-01-08,1.0,2025,P003,18.49469238410162,74.66892244285252,Ahmednagar,normal,statewide,0.0,1,7,CHIRPS Daily v2.0,Maharashtra,CHIRPS Rainfall
2025-01-01,2025-01-08,1.0,2025,P004,19.03720445466806,75.1420731965326,Ahmednagar,normal,statewide,0.0,1,7,CHIRPS Daily v2.0,Maharashtra,CHIRPS Rainfall
2025-01-01,2025-01-08,1.0,2025,P005,20.832153156317954,77.06560453615967,Akola,normal,statewide,3.161787271499634,1,7,CHIRPS Daily v2.0,Maharashtra,CHIRPS Rainfall
2025-01-01,2025-01-08,1.0,2025,P006,20.834360411339407,76.87349308547405,Akola,normal,statewide,3.212770938873291,1,7,CHIRPS Daily v2.0,Maharashtra,CHIRPS Rainfall
2025-01-01,2025-01-08,1.0,2025,P007,21.014976299509232,76.87574047240498,Akola,normal,statewide,0.0,1,7,CHIRPS Daily v2.0,Maharashtra,CHIRPS Rainfall
2025-01-01,2025-01-08,1.0,2025,P008,20.828434266039377,77.35372489162701,Akola,normal,statewide,3.357341766357422,1,7,CHIRPS Daily v2.0,Maharashtra,CHIRPS Rainfall
2025-01-01,2025-01-08,1.0,2025,P009,21.360971327549258,77.94039543992572,Amravati,normal,statewide,0.0,1,7,CHIRPS Daily v2.0,Maharashtra,CHIRPS Rainfall
2025-01-01,2025-01-08,1.0,2025,P010,21.178803672212837,78.03301542790685,Amravati,normal,statewide,4.8212785720825195,1,7,CHIRPS Daily v2.0,Maharashtra,CHIRPS Rainfall
2025-01-01,2025-01-08,1.0,2025,P011,20.814388097721018,78.21764450702477,Amravati,normal,statewide,0.0,1,7,CHIRPS Daily v2.0,Maharashtra,CHIRPS Rainfall
2025-01-01,2025-01-08,1.0,2025,P012,21.180502589714195,77.93681032267875,Amravati,normal,statewide,4.811144828796387,1,7,CHIRPS Daily v2.0,Maharashtra,CHIRPS Rainfall
2025-01-01,2025-01-08,1.0,2025,P013,20.031289688916964,74.8570519162974,Aurangabad,normal,statewide,0.0,1,7,CHIRPS Daily v2.0,Maharashtra,CHIRPS Rainfall
2025-01-01,2025-01-08,1.0,2025,P014,19.760185263069562,75.14270192978114,Aurangabad,normal,statewide,0.0,1,7,CHIRPS Daily v2.0,Maharashtra,CHIRPS Rainfall
2025-01-01,2025-01-08,1.0,2025,P015,19.9408189876436,74.76157364454102,Aurangabad,normal,statewide,0.0,1,7,CHIRPS Daily v2.0,Maharashtra,CHIRPS Rainfall
2025-01-01,2025-01-08,1.0,2025,P016,19.66981712112043,75.14262166596218,Aurangabad,normal,statewide,0.0,1,7,CHIRPS Daily v2.0,Maharashtra,CHIRPS Rainfall
2025-01-01,2025-01-08,1.0,2025,P017,21.04613203856966,79.85576216552393,Bhandara,normal,statewide,0.0,1,7,CHIRPS Daily v2.0,Maharashtra,CHIRPS Rainfall
2025-01-01,2025-01-08,1.0,2025,P018,21.31897105472685,79.76852877161537,Bhandara,normal,statewide,0.0,1,7,CHIRPS Daily v2.0,Maharashtra,CHIRPS Rainfall
2025-01-01,2025-01-08,1.0,2025,P019,21.40900922319803,79.77144948280537,Bhandara,normal,statewide,3.1347880363464355,1,7,CHIRPS Daily v2.0,Maharashtra,CHIRPS Rainfall
2025-01-01,2025-01-08,1.0,2025,P020,21.144196588937042,79.57074980349083,Bhandara,normal,statewide,0.0,1,7,CHIRPS Daily v2.0,Maharashtra,CHIRPS Rainfall
2025-01-01,2025-01-08,1.0,2025,P021,18.67502288980403,75.52108340877234,Bid,normal,statewide,0.0,1,7,CHIRPS Daily v2.0,Maharashtra,CHIRPS Rainfall
2025-01-01,2025-01-08,1.0,2025,P022,18.856499384477168,75.04699178476999,Bid,normal,statewide,0.0,1,7,CHIRPS Daily v2.0,Maharashtra,CHIRPS Rainfall
2025-01-01,2025-01-08,1.0,2025,P023,19.126596053486494,75.6175605191647,Bid,normal,statewide,0.0,1,7,CHIRPS Daily v2.0,Maharashtra,CHIRPS Rainfall
2025-01-01,2025-01-08,1.0,2025,P024,18.763955201213946,75.90084720909012,Bid,normal,statewide,0.0,1,7,CHIRPS Daily v2.0,Maharashtra,CHIRPS Rainfall
2025-01-01,2025-01-08,1.0,2025,P025,20.93073496240753,76.20164478885242,Buldana,normal,statewide,0.0,1,7,CHIRPS Daily v2.0,Maharashtra,CHIRPS Rainfall
2025-01-01,2025-01-08,1.0,2025,P026,20.838939908121294,76.39311412898633,Buldana,normal,statewide,0.0,1,7,CHIRPS Daily v2.0,Maharashtra,CHIRPS Rainfall
2025-01-01,2025-01-08,1.0,2025,P027,20.657476790751314,76.48742857536776,Buldana,normal,statewide,5.930189609527588,1,7,CHIRPS Daily v2.0,Maharashtra,CHIRPS Rainfall
2025-01-01,2025-01-08,1.0,2025,P028,20.47967013624516,76.10222021266374,Buldana,normal,statewide,3.986837863922119,1,7,CHIRPS Daily v2.0,Maharashtra,CHIRPS Rainfall
2025-01-01,2025-01-08,1.0,2025,P029,20.32317798477448,79.92829390325927,Chandrapur,normal,statewide,0.0,1,7,CHIRPS Daily v2.0,Maharashtra,CHIRPS Rainfall
2025-01-01,2025-01-08,1.0,2025,P030,20.60872097983294,79.36304041732026,Chandrapur,normal,statewide,0.0,1,7,CHIRPS Daily v2.0,Maharashtra,CHIRPS Rainfall
2025-01-01,2025-01-08,1.0,2025,P031,20.511160307884595,79.64732594588165,Chandrapur,normal,statewide,1.8447338342666626,1,7,CHIRPS Daily v2.0,Maharashtra,CHIRPS Rainfall
2025-01-01,2025-01-08,1.0,2025,P032,20.598621115946884,79.74569817422172,Chandrapur,normal,statewide,5.201873302459717,1,7,CHIRPS Daily v2.0,Maharashtra,CHIRPS Rainfall
2025-01-01,2025-01-08,1.0,2025,P033,21.38667804512237,75.14422248324037,Dhule,normal,statewide,0.0,1,7,CHIRPS Daily v2.0,Maharashtra,CHIRPS Rainfall
2025-01-01,2025-01-08,1.0,2025,P034,21.025151968113196,74.75989256344387,Dhule,normal,statewide,0.0,1,7,CHIRPS Daily v2.0,Maharashtra,CHIRPS Rainfall
2025-01-01,2025-01-08,1.0,2025,P035,21.477028350667293,74.85568743137505,Dhule,normal,statewide,0.0,1,7,CHIRPS Daily v2.0,Maharashtra,CHIRPS Rainfall
2025-01-01,2025-01-08,1.0,2025,P036,20.933820660336515,74.37533522949364,Dhule,normal,statewide,0.0,1,7,CHIRPS Daily v2.0,Maharashtra,CHIRPS Rainfall
2025-01-01,2025-01-08,1.0,2025,P037,19.963056524597132,79.91698116388667,Garhchiroli,normal,statewide,3.391209602355957,1,7,CHIRPS Daily v2.0,Maharashtra,CHIRPS Rainfall
2025-01-01,2025-01-08,1.0,2025,P038,19.062661462582188,79.88977172925856,Garhchiroli,normal,statewide,0.0,1,7,CHIRPS Daily v2.0,Maharashtra,CHIRPS Rainfall
2025-01-01,2025-01-08,1.0,2025,P039,19.510270485428137,79.9981368030594,Garhchiroli,normal,statewide,0.0,1,7,CHIRPS Daily v2.0,Maharashtra,CHIRPS Rainfall
2025-01-01,2025-01-08,1.0,2025,P040,19.870365190999156,80.00935144220881,Garhchiroli,normal,statewide,0.0,1,7,CHIRPS Daily v2.0,Maharashtra,CHIRPS Rainfall
2025-01-01,2025-01-08,1.0,2025,P041,21.127639946725598,80.1465044724107,Gondiya,normal,statewide,0.0,1,7,CHIRPS Daily v2.0,Maharashtra,CHIRPS Rainfall
2025-01-01,2025-01-08,1.0,2025,P042,21.397598383602258,80.15591763473452,Gondiya,normal,statewide,2.495954751968384,1,7,CHIRPS Daily v2.0,Maharashtra,CHIRPS Rainfall
2025-01-01,2025-01-08,1.0,2025,P043,21.574548890706154,80.25847249986273,Gondiya,normal,statewide,4.8725762367248535,1,7,CHIRPS Daily v2.0,Maharashtra,CHIRPS Rainfall
2025-01-01,2025-01-08,1.0,2025,P044,21.211649410572516,80.34153217518526,Gondiya,normal,statewide,0.0,1,7,CHIRPS Daily v2.0,Maharashtra,CHIRPS Rainfall
2025-01-01,2025-01-08,1.0,2025,P045,19.655900266732623,77.2407892392464,Hingoli,normal,statewide,0.0,1,7,CHIRPS Daily v2.0,Maharashtra,CHIRPS Rainfall
2025-01-01,2025-01-08,1.0,2025,P046,19.566758377573187,77.1442675378435,Hingoli,normal,statewide,0.0,1,7,CHIRPS Daily v2.0,Maharashtra,CHIRPS Rainfall
2025-01-01,2025-01-08,1.0,2025,P047,19.47860194974656,76.9526242927685,Hingoli,normal,statewide,0.0,1,7,CHIRPS Daily v2.0,Maharashtra,CHIRPS Rainfall
2025-01-01,2025-01-08,1.0,2025,P048,19.927981235710728,77.14910120338544,Hingoli,normal,statewide,3.190255880355835,1,7,CHIRPS Daily v2.0,Maharashtra,CHIRPS Rainfall
2025-01-01,2025-01-08,1.0,2025,P049,21.292738163229433,76.10816865346904,Jalgaon,normal,statewide,2.5585803985595703,1,7,CHIRPS Daily v2.0,Maharashtra,CHIRPS Rainfall
2025-01-01,2025-01-08,1.0,2025,P050,21.386178625804387,75.43363151891216,Jalgaon,normal,statewide,0.0,1,7,CHIRPS Daily v2.0,Maharashtra,CHIRPS Rainfall
2025-01-01,2025-01-08,1.0,2025,P051,21.112064306745907,76.10682200495089,Jalgaon,normal,statewide,2.7945358753204346,1,7,CHIRPS Daily v2.0,Maharashtra,CHIRPS Rainfall
2025-01-01,2025-01-08,1.0,2025,P052,20.844437979720194,75.23982115072519,Jalgaon,normal,statewide,0.0,1,7,CHIRPS Daily v2.0,Maharashtra,CHIRPS Rainfall
2025-01-01,2025-01-08,1.0,2025,P053,19.486369703781666,76.00005328932718,Jalna,normal,statewide,0.0,1,7,CHIRPS Daily v2.0,Maharashtra,CHIRPS Rainfall
2025-01-01,2025-01-08,1.0,2025,P054,20.028502750758555,76.00343774702675,Jalna,normal,statewide,0.0,1,7,CHIRPS Daily v2.0,Maharashtra,CHIRPS Rainfall
2025-01-01,2025-01-08,1.0,2025,P055,19.75743845682064,76.00172991132328,Jalna,normal,statewide,0.0,1,7,CHIRPS Daily v2.0,Maharashtra,CHIRPS Rainfall
2025-01-01,2025-01-08,1.0,2025,P056,19.57768317515413,75.80993951591351,Jalna,normal,statewide,0.0,1,7,CHIRPS Daily v2.0,Maharashtra,CHIRPS Rainfall
2025-01-01,2025-01-08,1.0,2025,P057,16.776377793156257,74.29671235971928,Kolhapur,normal,statewide,0.9439738392829895,1,7,CHIRPS Daily v2.0,Maharashtra,CHIRPS Rainfall
2025-01-01,2025-01-08,1.0,2025,P058,16.324416687682138,74.29834884980589,Kolhapur,normal,statewide,0.0,1,7,CHIRPS Daily v2.0,Maharashtra,CHIRPS Rainfall
2025-01-01,2025-01-08,1.0,2025,P059,16.595891218916975,74.39111598812178,Kolhapur,normal,statewide,0.0,1,7,CHIRPS Daily v2.0,Maharashtra,CHIRPS Rainfall
2025-01-01,2025-01-08,1.0,2025,P060,16.414811584237594,74.29802779453004,Kolhapur,normal,statewide,0.0,1,7,CHIRPS Daily v2.0,Maharashtra,CHIRPS Rainfall
2025-01-01,2025-01-08,1.0,2025,P086,21.054127206758487,79.56798961993874,Nagpur,normal,statewide,0.0,1,7,CHIRPS Daily v2.0,Maharashtra,CHIRPS Rainfall
2025-01-01,2025-01-08,1.0,2025,P087,21.146765031143822,79.47473643960802,Nagpur,normal,statewide,0.0,1,7,CHIRPS Daily v2.0,Maharashtra,CHIRPS Rainfall
2025-01-01,2025-01-08,1.0,2025,P088,21.347803602138427,78.61442869606356,Nagpur,normal,statewide,5.626572132110596,1,7,CHIRPS Daily v2.0,Maharashtra,CHIRPS Rainfall
2025-01-01,2025-01-08,1.0,2025,P089,21.165377318940912,78.70615240473293,Nagpur,normal,statewide,4.856987953186035,1,7,CHIRPS Daily v2.0,Maharashtra,CHIRPS Rainfall
2025-01-01,2025-01-08,1.0,2025,P090,19.201968238592887,77.42470040309472,Nanded,normal,statewide,0.0,1,7,CHIRPS Daily v2.0,Maharashtra,CHIRPS Rainfall
2025-01-01,2025-01-08,1.0,2025,P091,18.566038000956755,77.69963965584807,Nanded,normal,statewide,0.0,1,7,CHIRPS Daily v2.0,Maharashtra,CHIRPS Rainfall
2025-01-01,2025-01-08,1.0,2025,P092,19.736596618496833,77.90946265591798,Nanded,normal,statewide,0.0,1,7,CHIRPS Daily v2.0,Maharashtra,CHIRPS Rainfall
2025-01-01,2025-01-08,1.0,2025,P093,18.93564842817583,77.04115528508362,Nanded,normal,statewide,3.801750659942627,1,7,CHIRPS Daily v2.0,Maharashtra,CHIRPS Rainfall
2025-01-01,2025-01-08,1.0,2025,P094,21.564917232430716,74.08292967791392,Nandurbar,normal,statewide,0.0,1,7,CHIRPS Daily v2.0,Maharashtra,CHIRPS Rainfall
2025-01-01,2025-01-08,1.0,2025,P095,21.5662594218478,74.37266422796263,Nandurbar,normal,statewide,0.0,1,7,CHIRPS Daily v2.0,Maharashtra,CHIRPS Rainfall
2025-01-01,2025-01-08,1.0,2025,P096,21.385179787168415,74.27697637845674,Nandurbar,normal,statewide,0.0,1,7,CHIRPS Daily v2.0,Maharashtra,CHIRPS Rainfall
2025-01-01,2025-01-08,1.0,2025,P097,21.565421110849755,74.17950488852946,Nandurbar,normal,statewide,0.0,1,7,CHIRPS Daily v2.0,Maharashtra,CHIRPS Rainfall
2025-01-01,2025-01-08,1.0,2025,P098,20.299553667393326,73.99482675929994,Nashik,normal,statewide,0.0,1,7,CHIRPS Daily v2.0,Maharashtra,CHIRPS Rainfall
2025-01-01,2025-01-08,1.0,2025,P099,20.120253214034264,74.28296495117151,Nashik,normal,statewide,0.0,1,7,CHIRPS Daily v2.0,Maharashtra,CHIRPS Rainfall
2025-01-01,2025-01-08,1.0,2025,P100,20.389903972938242,73.99424261706194,Nashik,normal,statewide,0.0,1,7,CHIRPS Daily v2.0,Maharashtra,CHIRPS Rainfall
2025-01-01,2025-01-08,1.0,2025,P101,20.029015547379707,74.09216447619562,Nashik,normal,statewide,0.0,1,7,CHIRPS Daily v2.0,Maharashtra,CHIRPS Rainfall
2025-01-01,2025-01-08,1.0,2025,P102,17.85749130266526,76.36802722645965,Osmanabad,normal,statewide,0.0,1,7,CHIRPS Daily v2.0,Maharashtra,CHIRPS Rainfall
2025-01-01,2025-01-08,1.0,2025,P103,17.76644983645705,76.46164605307673,Osmanabad,normal,statewide,0.0,1,7,CHIRPS Daily v2.0,Maharashtra,CHIRPS Rainfall
2025-01-01,2025-01-08,1.0,2025,P104,17.949094615606196,76.17989775301476,Osmanabad,normal,statewide,0.0,1,7,CHIRPS Daily v2.0,Maharashtra,CHIRPS Rainfall
2025-01-01,2025-01-08,1.0,2025,P105,18.584360447185368,75.61558067829696,Osmanabad,normal,statewide,0.0,1,7,CHIRPS Daily v2.0,Maharashtra,CHIRPS Rainfall
2025-01-01,2025-01-08,1.0,2025,P106,19.031389786894366,76.47235681380711,Parbhani,normal,statewide,0.0,1,7,CHIRPS Daily v2.0,Maharashtra,CHIRPS Rainfall
2025-01-01,2025-01-08,1.0,2025,P107,19.120950831552832,76.56820519095093,Parbhani,normal,statewide,0.0,1,7,CHIRPS Daily v2.0,Maharashtra,CHIRPS Rainfall
2025-01-01,2025-01-08,1.0,2025,P108,19.208625676465683,76.85432786914635,Parbhani,normal,statewide,0.0,1,7,CHIRPS Daily v2.0,Maharashtra,CHIRPS Rainfall
2025-01-01,2025-01-08,1.0,2025,P109,19.212081479782103,76.47396209018636,Parbhani,normal,statewide,0.0,1,7,CHIRPS Daily v2.0,Maharashtra,CHIRPS Rainfall
2025-01-01,2025-01-08,1.0,2025,P110,18.133442771357757,75.04679558432363,Pune,normal,statewide,0.0,1,7,CHIRPS Daily v2.0,Maharashtra,CHIRPS Rainfall
2025-01-01,2025-01-08,1.0,2025,P111,18.584645829652782,74.47919215212944,Pune,normal,statewide,0.0,1,7,CHIRPS Daily v2.0,Maharashtra,CHIRPS Rainfall
2025-01-01,2025-01-08,1.0,2025,P112,18.132979024848197,74.57507620208169,Pune,normal,statewide,0.0,1,7,CHIRPS Daily v2.0,Maharashtra,CHIRPS Rainfall
2025-01-01,2025-01-08,1.0,2025,P113,18.314072036830744,74.76389683618987,Pune,normal,statewide,0.0,1,7,CHIRPS Daily v2.0,Maharashtra,CHIRPS Rainfall
2025-01-01,2025-01-08,1.0,2025,P114,18.48503397121986,73.0589238755964,Raigarh,normal,statewide,0.0,1,7,CHIRPS Daily v2.0,Maharashtra,CHIRPS Rainfall
2025-01-01,2025-01-08,1.0,2025,P115,18.665689991299164,73.05687714821288,Raigarh,normal,statewide,0.0,1,7,CHIRPS Daily v2.0,Maharashtra,CHIRPS Rainfall
2025-01-01,2025-01-08,1.0,2025,P116,18.306197264370358,73.25009891506079,Raigarh,normal,statewide,0.0,1,7,CHIRPS Daily v2.0,Maharashtra,CHIRPS Rainfall
2025-01-01,2025-01-08,1.0,2025,P117,18.21404102289879,73.06194714611064,Raigarh,normal,statewide,0.0,1,7,CHIRPS Daily v2.0,Maharashtra,CHIRPS Rainfall
2025-01-01,2025-01-08,1.0,2025,P118,17.138719885658215,75.42259970290594,Sangli,normal,statewide,0.0,1,7,CHIRPS Daily v2.0,Maharashtra,CHIRPS Rainfall
2025-01-01,2025-01-08,1.0,2025,P119,17.048761981005992,74.95348443567921,Sangli,normal,statewide,0.0,1,7,CHIRPS Daily v2.0,Maharashtra,CHIRPS Rainfall
2025-01-01,2025-01-08,1.0,2025,P120,16.86707144948229,74.39025538161847,Sangli,normal,statewide,0.0,1,7,CHIRPS Daily v2.0,Maharashtra,CHIRPS Rainfall
2025-01-01,2025-01-08,1.0,2025,P121,17.048503353144895,74.67157114887826,Sangli,normal,statewide,0.0,1,7,CHIRPS Daily v2.0,Maharashtra,CHIRPS Rainfall
2025-01-01,2025-01-08,1.0,2025,P148,17.67852974098626,76.08383979812143,Solapur,normal,statewide,0.0,1,7,CHIRPS Daily v2.0,Maharashtra,CHIRPS Rainfall
2025-01-01,2025-01-08,1.0,2025,P149,18.223365003201543,75.4251413905064,Solapur,normal,statewide,0.0,1,7,CHIRPS Daily v2.0,Maharashtra,CHIRPS Rainfall
2025-01-01,2025-01-08,1.0,2025,P150,17.952532582518405,75.23562067753285,Solapur,normal,statewide,0.0,1,7,CHIRPS Daily v2.0,Maharashtra,CHIRPS Rainfall
2025-01-01,2025-01-08,1.0,2025,P151,18.223690517578447,75.23598186471818,Solapur,normal,statewide,0.0,1,7,CHIRPS Daily v2.0,Maharashtra,CHIRPS Rainfall
2025-01-01,2025-01-08,1.0,2025,P152,19.658178867370932,72.94986318203122,Thane,normal,statewide,0.0,1,7,CHIRPS Daily v2.0,Maharashtra,CHIRPS Rainfall
2025-01-01,2025-01-08,1.0,2025,P153,19.65706409210757,72.8545320606096,Thane,normal,statewide,0.0,1,7,CHIRPS Daily v2.0,Maharashtra,CHIRPS Rainfall
2025-01-01,2025-01-08,1.0,2025,P154,19.477549601897948,72.95214624177059,Thane,normal,statewide,0.0,1,7,CHIRPS Daily v2.0,Maharashtra,CHIRPS Rainfall
2025-01-01,2025-01-08,1.0,2025,P155,19.83987385799569,73.0429959666335,Thane,normal,statewide,0.0,1,7,CHIRPS Daily v2.0,Maharashtra,CHIRPS Rainfall
2025-01-01,2025-01-08,1.0,2025,P156,20.806749657616468,78.60135461177485,Wardha,normal,statewide,0.0,1,7,CHIRPS Daily v2.0,Maharashtra,CHIRPS Rainfall
2025-01-01,2025-01-08,1.0,2025,P157,20.71031267913359,78.88671032458906,Wardha,normal,statewide,0.0,1,7,CHIRPS Daily v2.0,Maharashtra,CHIRPS Rainfall
2025-01-01,2025-01-08,1.0,2025,P158,21.081265295769754,78.41565980750515,Wardha,normal,statewide,5.026113986968994,1,7,CHIRPS Daily v2.0,Maharashtra,CHIRPS Rainfall
2025-01-01,2025-01-08,1.0,2025,P159,20.439854822938944,78.87986114537097,Wardha,normal,statewide,0.0,1,7,CHIRPS Daily v2.0,Maharashtra,CHIRPS Rainfall
2025-01-01,2025-01-08,1.0,2025,P160,20.289186257444058,77.15404188735265,Washim,normal,statewide,3.1262409687042236,1,7,CHIRPS Daily v2.0,Maharashtra,CHIRPS Rainfall
2025-01-01,2025-01-08,1.0,2025,P161,20.464607292886615,77.53975858757677,Washim,normal,statewide,3.0837318897247314,1,7,CHIRPS Daily v2.0,Maharashtra,CHIRPS Rainfall
2025-01-01,2025-01-08,1.0,2025,P162,20.107393166596125,77.2471479173486,Washim,normal,statewide,3.6787097454071045,1,7,CHIRPS Daily v2.0,Maharashtra,CHIRPS Rainfall
2025-01-01,2025-01-08,1.0,2025,P163,20.198885002010726,77.1527933390577,Washim,normal,statewide,4.143120765686035,1,7,CHIRPS Daily v2.0,Maharashtra,CHIRPS Rainfall
2025-01-01,2025-01-08,1.0,2025,P164,20.182854533723592,78.20447678161395,Yavatmal,normal,statewide,0.0,1,7,CHIRPS Daily v2.0,Maharashtra,CHIRPS Rainfall
2025-01-01,2025-01-08,1.0,2025,P165,19.894658373538324,79.05709703494229,Yavatmal,normal,statewide,0.0,1,7,CHIRPS Daily v2.0,Maharashtra,CHIRPS Rainfall
2025-01-01,2025-01-08,1.0,2025,P166,19.468787468327925,77.71426550730338,Yavatmal,normal,statewide,0.0,1,7,CHIRPS Daily v2.0,Maharashtra,CHIRPS Rainfall
2025-01-01,2025-01-08,1.0,2025,P167,19.559057510053886,77.71577268345945,Yavatmal,normal,statewide,0.0,1,7,CHIRPS Daily v2.0,Maharashtra,CHIRPS Rainfall
2025-01-08,2025-01-15,2.0,2025,P147,17.927231643141155,73.94769852026607,Satara,case_study,case_study,0.0,1,7,CHIRPS Daily v2.0,Maharashtra,CHIRPS Rainfall
2025-01-08,2025-01-15,2.0,2025,P061,18.507855650411397,76.91766048140843,Latur,high,priority,2.4203877449035645,1,7,CHIRPS Daily v2.0,Maharashtra,CHIRPS Rainfall
2025-01-08,2025-01-15,2.0,2025,P062,18.422405896924207,76.3487594508077,Latur,high,priority,0.0,1,7,CHIRPS Daily v2.0,Maharashtra,CHIRPS Rainfall
2025-01-08,2025-01-15,2.0,2025,P063,18.235391198742693,77.05646783810116,Latur,high,priority,0.0,1,7,CHIRPS Daily v2.0,Maharashtra,CHIRPS Rainfall
2025-01-08,2025-01-15,2.0,2025,P064,18.193056493341274,76.77240080549139,Latur,high,priority,0.0,1,7,CHIRPS Daily v2.0,Maharashtra,CHIRPS Rainfall
2025-01-08,2025-01-15,2.0,2025,P065,18.331355512513895,76.44266811899327,Latur,high,priority,0.0,1,7,CHIRPS Daily v2.0,Maharashtra,CHIRPS Rainfall
2025-01-08,2025-01-15,2.0,2025,P066,18.104739537876725,76.5352970251765,Latur,high,priority,0.0,1,7,CHIRPS Daily v2.0,Maharashtra,CHIRPS Rainfall
2025-01-08,2025-01-15,2.0,2025,P067,18.280552974211986,77.0569984711265,Latur,high,priority,0.0,1,7,CHIRPS Daily v2.0,Maharashtra,CHIRPS Rainfall
2025-01-08,2025-01-15,2.0,2025,P068,18.101823285787773,76.86595720469373,Latur,high,priority,0.0,1,7,CHIRPS Daily v2.0,Maharashtra,CHIRPS Rainfall
2025-01-08,2025-01-15,2.0,2025,P069,18.595075667016793,77.20284228928156,Latur,high,priority,0.0,1,7,CHIRPS Daily v2.0,Maharashtra,CHIRPS Rainfall
2025-01-08,2025-01-15,2.0,2025,P070,18.41499041187233,77.15322587185987,Latur,high,priority,3.0427088737487793,1,7,CHIRPS Daily v2.0,Maharashtra,CHIRPS Rainfall
2025-01-08,2025-01-15,2.0,2025,P071,18.149138807065885,76.63019561379593,Latur,high,priority,0.0,1,7,CHIRPS Daily v2.0,Maharashtra,CHIRPS Rainfall
2025-01-08,2025-01-15,2.0,2025,P072,18.283393421583035,76.77331492120734,Latur,high,priority,0.0,1,7,CHIRPS Daily v2.0,Maharashtra,CHIRPS Rainfall
2025-01-08,2025-01-15,2.0,2025,P073,17.966315663874607,76.86453029235662,Latur,high,priority,0.0,1,7,CHIRPS Daily v2.0,Maharashtra,CHIRPS Rainfall
2025-01-08,2025-01-15,2.0,2025,P074,18.50832831512306,76.870318205524,Latur,high,priority,0.0,1,7,CHIRPS Daily v2.0,Maharashtra,CHIRPS Rainfall
2025-01-08,2025-01-15,2.0,2025,P075,18.41444640154381,77.20053247493588,Latur,high,priority,0.0,1,7,CHIRPS Daily v2.0,Maharashtra,CHIRPS Rainfall
2025-01-08,2025-01-15,2.0,2025,P076,18.377877313804504,76.25376722106614,Latur,high,priority,0.0,1,7,CHIRPS Daily v2.0,Maharashtra,CHIRPS Rainfall
2025-01-08,2025-01-15,2.0,2025,P077,18.059564385104267,76.5349046242838,Latur,high,priority,0.0,1,7,CHIRPS Daily v2.0,Maharashtra,CHIRPS Rainfall
2025-01-08,2025-01-15,2.0,2025,P078,18.1008824154655,76.96042326051098,Latur,high,priority,0.0,1,7,CHIRPS Daily v2.0,Maharashtra,CHIRPS Rainfall
2025-01-08,2025-01-15,2.0,2025,P079,18.73508698099394,76.77797468180819,Latur,high,priority,0.0,1,7,CHIRPS Daily v2.0,Maharashtra,CHIRPS Rainfall
2025-01-08,2025-01-15,2.0,2025,P080,18.46791548227568,76.3017694439065,Latur,high,priority,0.0,1,7,CHIRPS Daily v2.0,Maharashtra,CHIRPS Rainfall
2025-01-08,2025-01-15,2.0,2025,P081,18.10355787609756,76.67701617485712,Latur,high,priority,0.0,1,7,CHIRPS Daily v2.0,Maharashtra,CHIRPS Rainfall
2025-01-08,2025-01-15,2.0,2025,P082,18.23907887531389,76.67830931416262,Latur,high,priority,0.0,1,7,CHIRPS Daily v2.0,Maharashtra,CHIRPS Rainfall
2025-01-08,2025-01-15,2.0,2025,P083,18.369289085175563,77.19996171000103,Latur,high,priority,3.100720167160034,1,7,CHIRPS Daily v2.0,Maharashtra,CHIRPS Rainfall
2025-01-08,2025-01-15,2.0,2025,P084,18.46362582706226,76.82249880582684,Latur,high,priority,0.0,1,7,CHIRPS Daily v2.0,Maharashtra,CHIRPS Rainfall
2025-01-08,2025-01-15,2.0,2025,P085,18.14788579966987,76.77194597718393,Latur,high,priority,0.0,1,7,CHIRPS Daily v2.0,Maharashtra,CHIRPS Rainfall
2025-01-08,2025-01-15,2.0,2025,P122,17.88145897082753,73.8441448165019,Satara,high,priority,0.0,1,7,CHIRPS Daily v2.0,Maharashtra,CHIRPS Rainfall
2025-01-08,2025-01-15,2.0,2025,P123,17.386414030975025,74.27088970551878,Satara,high,priority,0.0,1,7,CHIRPS Daily v2.0,Maharashtra,CHIRPS Rainfall
2025-01-08,2025-01-15,2.0,2025,P124,17.43262815429294,74.647353771057,Satara,high,priority,0.0,1,7,CHIRPS Daily v2.0,Maharashtra,CHIRPS Rainfall
2025-01-08,2025-01-15,2.0,2025,P125,17.56734651531964,74.31728219287884,Satara,high,priority,0.0,1,7,CHIRPS Daily v2.0,Maharashtra,CHIRPS Rainfall
2025-01-08,2025-01-15,2.0,2025,P126,17.205080227535593,74.13053949986157,Satara,high,priority,0.0,1,7,CHIRPS Daily v2.0,Maharashtra,CHIRPS Rainfall
2025-01-08,2025-01-15,2.0,2025,P127,17.65773249367299,74.31694330119876,Satara,high,priority,0.0,1,7,CHIRPS Daily v2.0,Maharashtra,CHIRPS Rainfall
2025-01-08,2025-01-15,2.0,2025,P128,18.019949731345452,74.5517328080669,Satara,high,priority,0.0,1,7,CHIRPS Daily v2.0,Maharashtra,CHIRPS Rainfall
2025-01-08,2025-01-15,2.0,2025,P129,18.063234225271252,74.03192648006461,Satara,high,priority,0.0,1,7,CHIRPS Daily v2.0,Maharashtra,CHIRPS Rainfall
2025-01-08,2025-01-15,2.0,2025,P130,17.61135784271715,74.03436560834085,Satara,high,priority,0.0,1,7,CHIRPS Daily v2.0,Maharashtra,CHIRPS Rainfall
2025-01-08,2025-01-15,2.0,2025,P131,17.612539504496315,74.3171127470388,Satara,high,priority,0.0,1,7,CHIRPS Daily v2.0,Maharashtra,CHIRPS Rainfall
2025-01-08,2025-01-15,2.0,2025,P132,17.702176353872684,74.12817617630324,Satara,high,priority,0.0,1,7,CHIRPS Daily v2.0,Maharashtra,CHIRPS Rainfall
2025-01-08,2025-01-15,2.0,2025,P133,17.25006363896275,74.08329532420031,Satara,high,priority,0.0,1,7,CHIRPS Daily v2.0,Maharashtra,CHIRPS Rainfall
2025-01-08,2025-01-15,2.0,2025,P134,17.476429903940936,74.17634784498362,Satara,high,priority,0.0,1,7,CHIRPS Daily v2.0,Maharashtra,CHIRPS Rainfall
2025-01-08,2025-01-15,2.0,2025,P135,17.882716437324603,74.0801070669471,Satara,high,priority,0.0,1,7,CHIRPS Daily v2.0,Maharashtra,CHIRPS Rainfall
2025-01-08,2025-01-15,2.0,2025,P136,17.928520323345598,74.22149178404871,Satara,high,priority,0.0,1,7,CHIRPS Daily v2.0,Maharashtra,CHIRPS Rainfall
2025-01-08,2025-01-15,2.0,2025,P137,17.746687100588183,73.98648378122894,Satara,high,priority,0.0,1,7,CHIRPS Daily v2.0,Maharashtra,CHIRPS Rainfall
2025-01-08,2025-01-15,2.0,2025,P138,17.61269557303319,74.36423652697161,Satara,high,priority,0.0,1,7,CHIRPS Daily v2.0,Maharashtra,CHIRPS Rainfall
2025-01-08,2025-01-15,2.0,2025,P139,17.656773786946495,74.08126197411994,Satara,high,priority,0.0,1,7,CHIRPS Daily v2.0,Maharashtra,CHIRPS Rainfall
2025-01-08,2025-01-15,2.0,2025,P140,17.97464080554139,74.50462240543725,Satara,high,priority,0.0,1,7,CHIRPS Daily v2.0,Maharashtra,CHIRPS Rainfall
2025-01-08,2025-01-15,2.0,2025,P141,17.430826677467348,74.08239904488856,Satara,high,priority,0.0,1,7,CHIRPS Daily v2.0,Maharashtra,CHIRPS Rainfall
2025-01-08,2025-01-15,2.0,2025,P142,18.064447100757786,74.31538707493111,Satara,high,priority,0.0,1,7,CHIRPS Daily v2.0,Maharashtra,CHIRPS Rainfall
2025-01-08,2025-01-15,2.0,2025,P143,17.70379500755509,74.6468275971327,Satara,high,priority,0.0,1,7,CHIRPS Daily v2.0,Maharashtra,CHIRPS Rainfall
2025-01-08,2025-01-15,2.0,2025,P144,17.929452275465767,74.50474726026674,Satara,high,priority,0.0,1,7,CHIRPS Daily v2.0,Maharashtra,CHIRPS Rainfall
2025-01-08,2025-01-15,2.0,2025,P145,17.47773196144854,74.60017202281048,Satara,high,priority,0.0,1,7,CHIRPS Daily v2.0,Maharashtra,CHIRPS Rainfall
2025-01-08,2025-01-15,2.0,2025,P146,17.839182233739812,74.55218763637436,Satara,high,priority,0.0,1,7,CHIRPS Daily v2.0,Maharashtra,CHIRPS Rainfall
2025-01-08,2025-01-15,2.0,2025,P001,19.940457800458272,74.57045211428928,Ahmednagar,normal,statewide,0.0,1,7,CHIRPS Daily v2.0,Maharashtra,CHIRPS Rainfall
2025-01-08,2025-01-15,2.0,2025,P002,18.946729294293643,74.76302285238339,Ahmednagar,normal,statewide,0.0,1,7,CHIRPS Daily v2.0,Maharashtra,CHIRPS Rainfall
2025-01-08,2025-01-15,2.0,2025,P003,18.49469238410162,74.66892244285252,Ahmednagar,normal,statewide,0.0,1,7,CHIRPS Daily v2.0,Maharashtra,CHIRPS Rainfall
2025-01-08,2025-01-15,2.0,2025,P004,19.03720445466806,75.1420731965326,Ahmednagar,normal,statewide,0.0,1,7,CHIRPS Daily v2.0,Maharashtra,CHIRPS Rainfall
2025-01-08,2025-01-15,2.0,2025,P005,20.832153156317954,77.06560453615967,Akola,normal,statewide,0.0,1,7,CHIRPS Daily v2.0,Maharashtra,CHIRPS Rainfall
2025-01-08,2025-01-15,2.0,2025,P006,20.834360411339407,76.87349308547405,Akola,normal,statewide,0.0,1,7,CHIRPS Daily v2.0,Maharashtra,CHIRPS Rainfall
2025-01-08,2025-01-15,2.0,2025,P007,21.014976299509232,76.87574047240498,Akola,normal,statewide,2.173032283782959,1,7,CHIRPS Daily v2.0,Maharashtra,CHIRPS Rainfall
2025-01-08,2025-01-15,2.0,2025,P008,20.828434266039377,77.35372489162701,Akola,normal,statewide,0.0,1,7,CHIRPS Daily v2.0,Maharashtra,CHIRPS Rainfall
2025-01-08,2025-01-15,2.0,2025,P009,21.360971327549258,77.94039543992572,Amravati,normal,statewide,3.6047661304473877,1,7,CHIRPS Daily v2.0,Maharashtra,CHIRPS Rainfall
2025-01-08,2025-01-15,2.0,2025,P010,21.178803672212837,78.03301542790685,Amravati,normal,statewide,0.0,1,7,CHIRPS Daily v2.0,Maharashtra,CHIRPS Rainfall
2025-01-08,2025-01-15,2.0,2025,P011,20.814388097721018,78.21764450702477,Amravati,normal,statewide,0.0,1,7,CHIRPS Daily v2.0,Maharashtra,CHIRPS Rainfall
2025-01-08,2025-01-15,2.0,2025,P012,21.180502589714195,77.93681032267875,Amravati,normal,statewide,0.0,1,7,CHIRPS Daily v2.0,Maharashtra,CHIRPS Rainfall
2025-01-08,2025-01-15,2.0,2025,P013,20.031289688916964,74.8570519162974,Aurangabad,normal,statewide,0.0,1,7,CHIRPS Daily v2.0,Maharashtra,CHIRPS Rainfall
2025-01-08,2025-01-15,2.0,2025,P014,19.760185263069562,75.14270192978114,Aurangabad,normal,statewide,0.0,1,7,CHIRPS Daily v2.0,Maharashtra,CHIRPS Rainfall
2025-01-08,2025-01-15,2.0,2025,P015,19.9408189876436,74.76157364454102,Aurangabad,normal,statewide,0.0,1,7,CHIRPS Daily v2.0,Maharashtra,CHIRPS Rainfall
2025-01-08,2025-01-15,2.0,2025,P016,19.66981712112043,75.14262166596218,Aurangabad,normal,statewide,0.0,1,7,CHIRPS Daily v2.0,Maharashtra,CHIRPS Rainfall
2025-01-08,2025-01-15,2.0,2025,P017,21.04613203856966,79.85576216552393,Bhandara,normal,statewide,6.904237508773804,1,7,CHIRPS Daily v2.0,Maharashtra,CHIRPS Rainfall
2025-01-08,2025-01-15,2.0,2025,P018,21.31897105472685,79.76852877161537,Bhandara,normal,statewide,5.027410984039307,1,7,CHIRPS Daily v2.0,Maharashtra,CHIRPS Rainfall
2025-01-08,2025-01-15,2.0,2025,P019,21.40900922319803,79.77144948280537,Bhandara,normal,statewide,0.0,1,7,CHIRPS Daily v2.0,Maharashtra,CHIRPS Rainfall
2025-01-08,2025-01-15,2.0,2025,P020,21.144196588937042,79.57074980349083,Bhandara,normal,statewide,6.458690643310547,1,7,CHIRPS Daily v2.0,Maharashtra,CHIRPS Rainfall
2025-01-08,2025-01-15,2.0,2025,P021,18.67502288980403,75.52108340877234,Bid,normal,statewide,0.0,1,7,CHIRPS Daily v2.0,Maharashtra,CHIRPS Rainfall
2025-01-08,2025-01-15,2.0,2025,P022,18.856499384477168,75.04699178476999,Bid,normal,statewide,0.0,1,7,CHIRPS Daily v2.0,Maharashtra,CHIRPS Rainfall
2025-01-08,2025-01-15,2.0,2025,P023,19.126596053486494,75.6175605191647,Bid,normal,statewide,0.0,1,7,CHIRPS Daily v2.0,Maharashtra,CHIRPS Rainfall
2025-01-08,2025-01-15,2.0,2025,P024,18.763955201213946,75.90084720909012,Bid,normal,statewide,0.0,1,7,CHIRPS Daily v2.0,Maharashtra,CHIRPS Rainfall
2025-01-08,2025-01-15,2.0,2025,P025,20.93073496240753,76.20164478885242,Buldana,normal,statewide,0.0,1,7,CHIRPS Daily v2.0,Maharashtra,CHIRPS Rainfall
2025-01-08,2025-01-15,2.0,2025,P026,20.838939908121294,76.39311412898633,Buldana,normal,statewide,0.0,1,7,CHIRPS Daily v2.0,Maharashtra,CHIRPS Rainfall
2025-01-08,2025-01-15,2.0,2025,P027,20.657476790751314,76.48742857536776,Buldana,normal,statewide,0.0,1,7,CHIRPS Daily v2.0,Maharashtra,CHIRPS Rainfall
2025-01-08,2025-01-15,2.0,2025,P028,20.47967013624516,76.10222021266374,Buldana,normal,statewide,0.0,1,7,CHIRPS Daily v2.0,Maharashtra,CHIRPS Rainfall
2025-01-08,2025-01-15,2.0,2025,P029,20.32317798477448,79.92829390325927,Chandrapur,normal,statewide,0.0,1,7,CHIRPS Daily v2.0,Maharashtra,CHIRPS Rainfall
2025-01-08,2025-01-15,2.0,2025,P030,20.60872097983294,79.36304041732026,Chandrapur,normal,statewide,0.0,1,7,CHIRPS Daily v2.0,Maharashtra,CHIRPS Rainfall
2025-01-08,2025-01-15,2.0,2025,P031,20.511160307884595,79.64732594588165,Chandrapur,normal,statewide,7.199917793273926,1,7,CHIRPS Daily v2.0,Maharashtra,CHIRPS Rainfall
2025-01-08,2025-01-15,2.0,2025,P032,20.598621115946884,79.74569817422172,Chandrapur,normal,statewide,0.0,1,7,CHIRPS Daily v2.0,Maharashtra,CHIRPS Rainfall
2025-01-08,2025-01-15,2.0,2025,P033,21.38667804512237,75.14422248324037,Dhule,normal,statewide,0.0,1,7,CHIRPS Daily v2.0,Maharashtra,CHIRPS Rainfall
2025-01-08,2025-01-15,2.0,2025,P034,21.025151968113196,74.75989256344387,Dhule,normal,statewide,0.0,1,7,CHIRPS Daily v2.0,Maharashtra,CHIRPS Rainfall
2025-01-08,2025-01-15,2.0,2025,P035,21.477028350667293,74.85568743137505,Dhule,normal,statewide,0.0,1,7,CHIRPS Daily v2.0,Maharashtra,CHIRPS Rainfall
2025-01-08,2025-01-15,2.0,2025,P036,20.933820660336515,74.37533522949364,Dhule,normal,statewide,0.0,1,7,CHIRPS Daily v2.0,Maharashtra,CHIRPS Rainfall
2025-01-08,2025-01-15,2.0,2025,P037,19.963056524597132,79.91698116388667,Garhchiroli,normal,statewide,0.0,1,7,CHIRPS Daily v2.0,Maharashtra,CHIRPS Rainfall
2025-01-08,2025-01-15,2.0,2025,P038,19.062661462582188,79.88977172925856,Garhchiroli,normal,statewide,3.1541476249694824,1,7,CHIRPS Daily v2.0,Maharashtra,CHIRPS Rainfall
2025-01-08,2025-01-15,2.0,2025,P039,19.510270485428137,79.9981368030594,Garhchiroli,normal,statewide,3.7630181312561035,1,7,CHIRPS Daily v2.0,Maharashtra,CHIRPS Rainfall
2025-01-08,2025-01-15,2.0,2025,P040,19.870365190999156,80.00935144220881,Garhchiroli,normal,statewide,3.6816489696502686,1,7,CHIRPS Daily v2.0,Maharashtra,CHIRPS Rainfall
2025-01-08,2025-01-15,2.0,2025,P041,21.127639946725598,80.1465044724107,Gondiya,normal,statewide,5.7786149978637695,1,7,CHIRPS Daily v2.0,Maharashtra,CHIRPS Rainfall
2025-01-08,2025-01-15,2.0,2025,P042,21.397598383602258,80.15591763473452,Gondiya,normal,statewide,7.81865930557251,1,7,CHIRPS Daily v2.0,Maharashtra,CHIRPS Rainfall
2025-01-08,2025-01-15,2.0,2025,P043,21.574548890706154,80.25847249986273,Gondiya,normal,statewide,0.0,1,7,CHIRPS Daily v2.0,Maharashtra,CHIRPS Rainfall
2025-01-08,2025-01-15,2.0,2025,P044,21.211649410572516,80.34153217518526,Gondiya,normal,statewide,3.531414031982422,1,7,CHIRPS Daily v2.0,Maharashtra,CHIRPS Rainfall
2025-01-08,2025-01-15,2.0,2025,P045,19.655900266732623,77.2407892392464,Hingoli,normal,statewide,3.538632392883301,1,7,CHIRPS Daily v2.0,Maharashtra,CHIRPS Rainfall
2025-01-08,2025-01-15,2.0,2025,P046,19.566758377573187,77.1442675378435,Hingoli,normal,statewide,2.538017988204956,1,7,CHIRPS Daily v2.0,Maharashtra,CHIRPS Rainfall
2025-01-08,2025-01-15,2.0,2025,P047,19.47860194974656,76.9526242927685,Hingoli,normal,statewide,0.0,1,7,CHIRPS Daily v2.0,Maharashtra,CHIRPS Rainfall
2025-01-08,2025-01-15,2.0,2025,P048,19.927981235710728,77.14910120338544,Hingoli,normal,statewide,0.0,1,7,CHIRPS Daily v2.0,Maharashtra,CHIRPS Rainfall
2025-01-08,2025-01-15,2.0,2025,P049,21.292738163229433,76.10816865346904,Jalgaon,normal,statewide,2.540804624557495,1,7,CHIRPS Daily v2.0,Maharashtra,CHIRPS Rainfall
2025-01-08,2025-01-15,2.0,2025,P050,21.386178625804387,75.43363151891216,Jalgaon,normal,statewide,0.0,1,7,CHIRPS Daily v2.0,Maharashtra,CHIRPS Rainfall
2025-01-08,2025-01-15,2.0,2025,P051,21.112064306745907,76.10682200495089,Jalgaon,normal,statewide,2.885648012161255,1,7,CHIRPS Daily v2.0,Maharashtra,CHIRPS Rainfall
2025-01-08,2025-01-15,2.0,2025,P052,20.844437979720194,75.23982115072519,Jalgaon,normal,statewide,0.0,1,7,CHIRPS Daily v2.0,Maharashtra,CHIRPS Rainfall
2025-01-08,2025-01-15,2.0,2025,P053,19.486369703781666,76.00005328932718,Jalna,normal,statewide,0.0,1,7,CHIRPS Daily v2.0,Maharashtra,CHIRPS Rainfall
2025-01-08,2025-01-15,2.0,2025,P054,20.028502750758555,76.00343774702675,Jalna,normal,statewide,0.0,1,7,CHIRPS Daily v2.0,Maharashtra,CHIRPS Rainfall
2025-01-08,2025-01-15,2.0,2025,P055,19.75743845682064,76.00172991132328,Jalna,normal,statewide,0.0,1,7,CHIRPS Daily v2.0,Maharashtra,CHIRPS Rainfall
2025-01-08,2025-01-15,2.0,2025,P056,19.57768317515413,75.80993951591351,Jalna,normal,statewide,0.0,1,7,CHIRPS Daily v2.0,Maharashtra,CHIRPS Rainfall
2025-01-08,2025-01-15,2.0,2025,P057,16.776377793156257,74.29671235971928,Kolhapur,normal,statewide,0.0,1,7,CHIRPS Daily v2.0,Maharashtra,CHIRPS Rainfall
2025-01-08,2025-01-15,2.0,2025,P058,16.324416687682138,74.29834884980589,Kolhapur,normal,statewide,0.0,1,7,CHIRPS Daily v2.0,Maharashtra,CHIRPS Rainfall
2025-01-08,2025-01-15,2.0,2025,P059,16.595891218916975,74.39111598812178,Kolhapur,normal,statewide,0.0,1,7,CHIRPS Daily v2.0,Maharashtra,CHIRPS Rainfall
2025-01-08,2025-01-15,2.0,2025,P060,16.414811584237594,74.29802779453004,Kolhapur,normal,statewide,0.0,1,7,CHIRPS Daily v2.0,Maharashtra,CHIRPS Rainfall
2025-01-08,2025-01-15,2.0,2025,P086,21.054127206758487,79.56798961993874,Nagpur,normal,statewide,3.6190261840820312,1,7,CHIRPS Daily v2.0,Maharashtra,CHIRPS Rainfall
2025-01-08,2025-01-15,2.0,2025,P087,21.146765031143822,79.47473643960802,Nagpur,normal,statewide,2.4901034832000732,1,7,CHIRPS Daily v2.0,Maharashtra,CHIRPS Rainfall
2025-01-08,2025-01-15,2.0,2025,P088,21.347803602138427,78.61442869606356,Nagpur,normal,statewide,0.0,1,7,CHIRPS Daily v2.0,Maharashtra,CHIRPS Rainfall
2025-01-08,2025-01-15,2.0,2025,P089,21.165377318940912,78.70615240473293,Nagpur,normal,statewide,0.0,1,7,CHIRPS Daily v2.0,Maharashtra,CHIRPS Rainfall
2025-01-08,2025-01-15,2.0,2025,P090,19.201968238592887,77.42470040309472,Nanded,normal,statewide,4.863745212554932,1,7,CHIRPS Daily v2.0,Maharashtra,CHIRPS Rainfall
2025-01-08,2025-01-15,2.0,2025,P091,18.566038000956755,77.69963965584807,Nanded,normal,statewide,0.0,1,7,CHIRPS Daily v2.0,Maharashtra,CHIRPS Rainfall
2025-01-08,2025-01-15,2.0,2025,P092,19.736596618496833,77.90946265591798,Nanded,normal,statewide,4.999322891235352,1,7,CHIRPS Daily v2.0,Maharashtra,CHIRPS Rainfall
2025-01-08,2025-01-15,2.0,2025,P093,18.93564842817583,77.04115528508362,Nanded,normal,statewide,0.0,1,7,CHIRPS Daily v2.0,Maharashtra,CHIRPS Rainfall
2025-01-08,2025-01-15,2.0,2025,P094,21.564917232430716,74.08292967791392,Nandurbar,normal,statewide,0.0,1,7,CHIRPS Daily v2.0,Maharashtra,CHIRPS Rainfall
2025-01-08,2025-01-15,2.0,2025,P095,21.5662594218478,74.37266422796263,Nandurbar,normal,statewide,0.0,1,7,CHIRPS Daily v2.0,Maharashtra,CHIRPS Rainfall
2025-01-08,2025-01-15,2.0,2025,P096,21.385179787168415,74.27697637845674,Nandurbar,normal,statewide,0.0,1,7,CHIRPS Daily v2.0,Maharashtra,CHIRPS Rainfall
2025-01-08,2025-01-15,2.0,2025,P097,21.565421110849755,74.17950488852946,Nandurbar,normal,statewide,0.0,1,7,CHIRPS Daily v2.0,Maharashtra,CHIRPS Rainfall
2025-01-08,2025-01-15,2.0,2025,P098,20.299553667393326,73.99482675929994,Nashik,normal,statewide,0.0,1,7,CHIRPS Daily v2.0,Maharashtra,CHIRPS Rainfall
2025-01-08,2025-01-15,2.0,2025,P099,20.120253214034264,74.28296495117151,Nashik,normal,statewide,0.0,1,7,CHIRPS Daily v2.0,Maharashtra,CHIRPS Rainfall
2025-01-08,2025-01-15,2.0,2025,P100,20.389903972938242,73.99424261706194,Nashik,normal,statewide,0.0,1,7,CHIRPS Daily v2.0,Maharashtra,CHIRPS Rainfall
2025-01-08,2025-01-15,2.0,2025,P101,20.029015547379707,74.09216447619562,Nashik,normal,statewide,0.0,1,7,CHIRPS Daily v2.0,Maharashtra,CHIRPS Rainfall
2025-01-08,2025-01-15,2.0,2025,P102,17.85749130266526,76.36802722645965,Osmanabad,normal,statewide,0.0,1,7,CHIRPS Daily v2.0,Maharashtra,CHIRPS Rainfall
2025-01-08,2025-01-15,2.0,2025,P103,17.76644983645705,76.46164605307673,Osmanabad,normal,statewide,0.0,1,7,CHIRPS Daily v2.0,Maharashtra,CHIRPS Rainfall
2025-01-08,2025-01-15,2.0,2025,P104,17.949094615606196,76.17989775301476,Osmanabad,normal,statewide,0.0,1,7,CHIRPS Daily v2.0,Maharashtra,CHIRPS Rainfall
2025-01-08,2025-01-15,2.0,2025,P105,18.584360447185368,75.61558067829696,Osmanabad,normal,statewide,0.0,1,7,CHIRPS Daily v2.0,Maharashtra,CHIRPS Rainfall
2025-01-08,2025-01-15,2.0,2025,P106,19.031389786894366,76.47235681380711,Parbhani,normal,statewide,0.0,1,7,CHIRPS Daily v2.0,Maharashtra,CHIRPS Rainfall
2025-01-08,2025-01-15,2.0,2025,P107,19.120950831552832,76.56820519095093,Parbhani,normal,statewide,0.0,1,7,CHIRPS Daily v2.0,Maharashtra,CHIRPS Rainfall
2025-01-08,2025-01-15,2.0,2025,P108,19.208625676465683,76.85432786914635,Parbhani,normal,statewide,0.0,1,7,CHIRPS Daily v2.0,Maharashtra,CHIRPS Rainfall
2025-01-08,2025-01-15,2.0,2025,P109,19.212081479782103,76.47396209018636,Parbhani,normal,statewide,0.0,1,7,CHIRPS Daily v2.0,Maharashtra,CHIRPS Rainfall
2025-01-08,2025-01-15,2.0,2025,P110,18.133442771357757,75.04679558432363,Pune,normal,statewide,0.0,1,7,CHIRPS Daily v2.0,Maharashtra,CHIRPS Rainfall
2025-01-08,2025-01-15,2.0,2025,P111,18.584645829652782,74.47919215212944,Pune,normal,statewide,0.0,1,7,CHIRPS Daily v2.0,Maharashtra,CHIRPS Rainfall
2025-01-08,2025-01-15,2.0,2025,P112,18.132979024848197,74.57507620208169,Pune,normal,statewide,0.0,1,7,CHIRPS Daily v2.0,Maharashtra,CHIRPS Rainfall
2025-01-08,2025-01-15,2.0,2025,P113,18.314072036830744,74.76389683618987,Pune,normal,statewide,0.0,1,7,CHIRPS Daily v2.0,Maharashtra,CHIRPS Rainfall
2025-01-08,2025-01-15,2.0,2025,P114,18.48503397121986,73.0589238755964,Raigarh,normal,statewide,0.0,1,7,CHIRPS Daily v2.0,Maharashtra,CHIRPS Rainfall
2025-01-08,2025-01-15,2.0,2025,P115,18.665689991299164,73.05687714821288,Raigarh,normal,statewide,0.0,1,7,CHIRPS Daily v2.0,Maharashtra,CHIRPS Rainfall
2025-01-08,2025-01-15,2.0,2025,P116,18.306197264370358,73.25009891506079,Raigarh,normal,statewide,0.0,1,7,CHIRPS Daily v2.0,Maharashtra,CHIRPS Rainfall
2025-01-08,2025-01-15,2.0,2025,P117,18.21404102289879,73.06194714611064,Raigarh,normal,statewide,0.0,1,7,CHIRPS Daily v2.0,Maharashtra,CHIRPS Rainfall
2025-01-08,2025-01-15,2.0,2025,P118,17.138719885658215,75.42259970290594,Sangli,normal,statewide,0.0,1,7,CHIRPS Daily v2.0,Maharashtra,CHIRPS Rainfall
2025-01-08,2025-01-15,2.0,2025,P119,17.048761981005992,74.95348443567921,Sangli,normal,statewide,0.0,1,7,CHIRPS Daily v2.0,Maharashtra,CHIRPS Rainfall
2025-01-08,2025-01-15,2.0,2025,P120,16.86707144948229,74.39025538161847,Sangli,normal,statewide,0.0,1,7,CHIRPS Daily v2.0,Maharashtra,CHIRPS Rainfall
2025-01-08,2025-01-15,2.0,2025,P121,17.048503353144895,74.67157114887826,Sangli,normal,statewide,0.0,1,7,CHIRPS Daily v2.0,Maharashtra,CHIRPS Rainfall
2025-01-08,2025-01-15,2.0,2025,P148,17.67852974098626,76.08383979812143,Solapur,normal,statewide,0.0,1,7,CHIRPS Daily v2.0,Maharashtra,CHIRPS Rainfall
2025-01-08,2025-01-15,2.0,2025,P149,18.223365003201543,75.4251413905064,Solapur,normal,statewide,0.0,1,7,CHIRPS Daily v2.0,Maharashtra,CHIRPS Rainfall
2025-01-08,2025-01-15,2.0,2025,P150,17.952532582518405,75.23562067753285,Solapur,normal,statewide,0.0,1,7,CHIRPS Daily v2.0,Maharashtra,CHIRPS Rainfall
2025-01-08,2025-01-15,2.0,2025,P151,18.223690517578447,75.23598186471818,Solapur,normal,statewide,0.0,1,7,CHIRPS Daily v2.0,Maharashtra,CHIRPS Rainfall
2025-01-08,2025-01-15,2.0,2025,P152,19.658178867370932,72.94986318203122,Thane,normal,statewide,0.0,1,7,CHIRPS Daily v2.0,Maharashtra,CHIRPS Rainfall
2025-01-08,2025-01-15,2.0,2025,P153,19.65706409210757,72.8545320606096,Thane,normal,statewide,0.0,1,7,CHIRPS Daily v2.0,Maharashtra,CHIRPS Rainfall
2025-01-08,2025-01-15,2.0,2025,P154,19.477549601897948,72.95214624177059,Thane,normal,statewide,0.0,1,7,CHIRPS Daily v2.0,Maharashtra,CHIRPS Rainfall
2025-01-08,2025-01-15,2.0,2025,P155,19.83987385799569,73.0429959666335,Thane,normal,statewide,0.0,1,7,CHIRPS Daily v2.0,Maharashtra,CHIRPS Rainfall
2025-01-08,2025-01-15,2.0,2025,P156,20.806749657616468,78.60135461177485,Wardha,normal,statewide,0.0,1,7,CHIRPS Daily v2.0,Maharashtra,CHIRPS Rainfall
2025-01-08,2025-01-15,2.0,2025,P157,20.71031267913359,78.88671032458906,Wardha,normal,statewide,0.0,1,7,CHIRPS Daily v2.0,Maharashtra,CHIRPS Rainfall
2025-01-08,2025-01-15,2.0,2025,P158,21.081265295769754,78.41565980750515,Wardha,normal,statewide,0.0,1,7,CHIRPS Daily v2.0,Maharashtra,CHIRPS Rainfall
2025-01-08,2025-01-15,2.0,2025,P159,20.439854822938944,78.87986114537097,Wardha,normal,statewide,0.0,1,7,CHIRPS Daily v2.0,Maharashtra,CHIRPS Rainfall
2025-01-08,2025-01-15,2.0,2025,P160,20.289186257444058,77.15404188735265,Washim,normal,statewide,0.0,1,7,CHIRPS Daily v2.0,Maharashtra,CHIRPS Rainfall
2025-01-08,2025-01-15,2.0,2025,P161,20.464607292886615,77.53975858757677,Washim,normal,statewide,3.391674518585205,1,7,CHIRPS Daily v2.0,Maharashtra,CHIRPS Rainfall
2025-01-08,2025-01-15,2.0,2025,P162,20.107393166596125,77.2471479173486,Washim,normal,statewide,0.0,1,7,CHIRPS Daily v2.0,Maharashtra,CHIRPS Rainfall
2025-01-08,2025-01-15,2.0,2025,P163,20.198885002010726,77.1527933390577,Washim,normal,statewide,0.0,1,7,CHIRPS Daily v2.0,Maharashtra,CHIRPS Rainfall
2025-01-08,2025-01-15,2.0,2025,P164,20.182854533723592,78.20447678161395,Yavatmal,normal,statewide,5.517763137817383,1,7,CHIRPS Daily v2.0,Maharashtra,CHIRPS Rainfall
2025-01-08,2025-01-15,2.0,2025,P165,19.894658373538324,79.05709703494229,Yavatmal,normal,statewide,2.3281657695770264,1,7,CHIRPS Daily v2.0,Maharashtra,CHIRPS Rainfall
2025-01-08,2025-01-15,2.0,2025,P166,19.468787468327925,77.71426550730338,Yavatmal,normal,statewide,3.4911980628967285,1,7,CHIRPS Daily v2.0,Maharashtra,CHIRPS Rainfall
2025-01-08,2025-01-15,2.0,2025,P167,19.559057510053886,77.71577268345945,Yavatmal,normal,statewide,3.9522411823272705,1,7,CHIRPS Daily v2.0,Maharashtra,CHIRPS Rainfall
2025-01-15,2025-01-22,3.0,2025,P147,17.927231643141155,73.94769852026607,Satara,case_study,case_study,0.1406283676624298,1,7,CHIRPS Daily v2.0,Maharashtra,CHIRPS Rainfall
2025-01-15,2025-01-22,3.0,2025,P061,18.507855650411397,76.91766048140843,Latur,high,priority,0.0,1,7,CHIRPS Daily v2.0,Maharashtra,CHIRPS Rainfall
2025-01-15,2025-01-22,3.0,2025,P062,18.422405896924207,76.3487594508077,Latur,high,priority,0.47193560004234314,1,7,CHIRPS Daily v2.0,Maharashtra,CHIRPS Rainfall
2025-01-15,2025-01-22,3.0,2025,P063,18.235391198742693,77.05646783810116,Latur,high,priority,1.0515618324279785,1,7,CHIRPS Daily v2.0,Maharashtra,CHIRPS Rainfall
2025-01-15,2025-01-22,3.0,2025,P064,18.193056493341274,76.77240080549139,Latur,high,priority,0.6294999718666077,1,7,CHIRPS Daily v2.0,Maharashtra,CHIRPS Rainfall
2025-01-15,2025-01-22,3.0,2025,P065,18.331355512513895,76.44266811899327,Latur,high,priority,0.5831167101860046,1,7,CHIRPS Daily v2.0,Maharashtra,CHIRPS Rainfall
2025-01-15,2025-01-22,3.0,2025,P066,18.104739537876725,76.5352970251765,Latur,high,priority,0.4512660801410675,1,7,CHIRPS Daily v2.0,Maharashtra,CHIRPS Rainfall
2025-01-15,2025-01-22,3.0,2025,P067,18.280552974211986,77.0569984711265,Latur,high,priority,1.0637189149856567,1,7,CHIRPS Daily v2.0,Maharashtra,CHIRPS Rainfall
2025-01-15,2025-01-22,3.0,2025,P068,18.101823285787773,76.86595720469373,Latur,high,priority,0.6476731300354004,1,7,CHIRPS Daily v2.0,Maharashtra,CHIRPS Rainfall
2025-01-15,2025-01-22,3.0,2025,P069,18.595075667016793,77.20284228928156,Latur,high,priority,0.0,1,7,CHIRPS Daily v2.0,Maharashtra,CHIRPS Rainfall
2025-01-15,2025-01-22,3.0,2025,P070,18.41499041187233,77.15322587185987,Latur,high,priority,0.0,1,7,CHIRPS Daily v2.0,Maharashtra,CHIRPS Rainfall
2025-01-15,2025-01-22,3.0,2025,P071,18.149138807065885,76.63019561379593,Latur,high,priority,0.5126942992210388,1,7,CHIRPS Daily v2.0,Maharashtra,CHIRPS Rainfall
2025-01-15,2025-01-22,3.0,2025,P072,18.283393421583035,76.77331492120734,Latur,high,priority,0.7399169206619263,1,7,CHIRPS Daily v2.0,Maharashtra,CHIRPS Rainfall
2025-01-15,2025-01-22,3.0,2025,P073,17.966315663874607,76.86453029235662,Latur,high,priority,0.18818321824073792,1,7,CHIRPS Daily v2.0,Maharashtra,CHIRPS Rainfall
2025-01-15,2025-01-22,3.0,2025,P074,18.50832831512306,76.870318205524,Latur,high,priority,0.6706559658050537,1,7,CHIRPS Daily v2.0,Maharashtra,CHIRPS Rainfall
2025-01-15,2025-01-22,3.0,2025,P075,18.41444640154381,77.20053247493588,Latur,high,priority,0.0,1,7,CHIRPS Daily v2.0,Maharashtra,CHIRPS Rainfall
2025-01-15,2025-01-22,3.0,2025,P076,18.377877313804504,76.25376722106614,Latur,high,priority,0.5668087005615234,1,7,CHIRPS Daily v2.0,Maharashtra,CHIRPS Rainfall
2025-01-15,2025-01-22,3.0,2025,P077,18.059564385104267,76.5349046242838,Latur,high,priority,0.3659960925579071,1,7,CHIRPS Daily v2.0,Maharashtra,CHIRPS Rainfall
2025-01-15,2025-01-22,3.0,2025,P078,18.1008824154655,76.96042326051098,Latur,high,priority,0.5682500004768372,1,7,CHIRPS Daily v2.0,Maharashtra,CHIRPS Rainfall
2025-01-15,2025-01-22,3.0,2025,P079,18.73508698099394,76.77797468180819,Latur,high,priority,0.0,1,7,CHIRPS Daily v2.0,Maharashtra,CHIRPS Rainfall
2025-01-15,2025-01-22,3.0,2025,P080,18.46791548227568,76.3017694439065,Latur,high,priority,0.4368937909603119,1,7,CHIRPS Daily v2.0,Maharashtra,CHIRPS Rainfall
2025-01-15,2025-01-22,3.0,2025,P081,18.10355787609756,76.67701617485712,Latur,high,priority,0.49746784567832947,1,7,CHIRPS Daily v2.0,Maharashtra,CHIRPS Rainfall
2025-01-15,2025-01-22,3.0,2025,P082,18.23907887531389,76.67830931416262,Latur,high,priority,0.6108767986297607,1,7,CHIRPS Daily v2.0,Maharashtra,CHIRPS Rainfall
2025-01-15,2025-01-22,3.0,2025,P083,18.369289085175563,77.19996171000103,Latur,high,priority,0.0,1,7,CHIRPS Daily v2.0,Maharashtra,CHIRPS Rainfall
2025-01-15,2025-01-22,3.0,2025,P084,18.46362582706226,76.82249880582684,Latur,high,priority,0.6780524849891663,1,7,CHIRPS Daily v2.0,Maharashtra,CHIRPS Rainfall
2025-01-15,2025-01-22,3.0,2025,P085,18.14788579966987,76.77194597718393,Latur,high,priority,0.5146976113319397,1,7,CHIRPS Daily v2.0,Maharashtra,CHIRPS Rainfall
2025-01-15,2025-01-22,3.0,2025,P122,17.88145897082753,73.8441448165019,Satara,high,priority,0.17344021797180176,1,7,CHIRPS Daily v2.0,Maharashtra,CHIRPS Rainfall
2025-01-15,2025-01-22,3.0,2025,P123,17.386414030975025,74.27088970551878,Satara,high,priority,0.05133197456598282,1,7,CHIRPS Daily v2.0,Maharashtra,CHIRPS Rainfall
2025-01-15,2025-01-22,3.0,2025,P124,17.43262815429294,74.647353771057,Satara,high,priority,0.04042460769414902,1,7,CHIRPS Daily v2.0,Maharashtra,CHIRPS Rainfall
2025-01-15,2025-01-22,3.0,2025,P125,17.56734651531964,74.31728219287884,Satara,high,priority,0.0014569561462849379,1,7,CHIRPS Daily v2.0,Maharashtra,CHIRPS Rainfall
2025-01-15,2025-01-22,3.0,2025,P126,17.205080227535593,74.13053949986157,Satara,high,priority,0.08553970605134964,1,7,CHIRPS Daily v2.0,Maharashtra,CHIRPS Rainfall
2025-01-15,2025-01-22,3.0,2025,P127,17.65773249367299,74.31694330119876,Satara,high,priority,0.0,1,7,CHIRPS Daily v2.0,Maharashtra,CHIRPS Rainfall
2025-01-15,2025-01-22,3.0,2025,P128,18.019949731345452,74.5517328080669,Satara,high,priority,0.1533161699771881,1,7,CHIRPS Daily v2.0,Maharashtra,CHIRPS Rainfall
2025-01-15,2025-01-22,3.0,2025,P129,18.063234225271252,74.03192648006461,Satara,high,priority,0.3269776999950409,1,7,CHIRPS Daily v2.0,Maharashtra,CHIRPS Rainfall
2025-01-15,2025-01-22,3.0,2025,P130,17.61135784271715,74.03436560834085,Satara,high,priority,0.003035837085917592,1,7,CHIRPS Daily v2.0,Maharashtra,CHIRPS Rainfall
2025-01-15,2025-01-22,3.0,2025,P131,17.612539504496315,74.3171127470388,Satara,high,priority,0.0,1,7,CHIRPS Daily v2.0,Maharashtra,CHIRPS Rainfall
2025-01-15,2025-01-22,3.0,2025,P132,17.702176353872684,74.12817617630324,Satara,high,priority,0.0,1,7,CHIRPS Daily v2.0,Maharashtra,CHIRPS Rainfall
2025-01-15,2025-01-22,3.0,2025,P133,17.25006363896275,74.08329532420031,Satara,high,priority,0.07256969064474106,1,7,CHIRPS Daily v2.0,Maharashtra,CHIRPS Rainfall
2025-01-15,2025-01-22,3.0,2025,P134,17.476429903940936,74.17634784498362,Satara,high,priority,0.029114916920661926,1,7,CHIRPS Daily v2.0,Maharashtra,CHIRPS Rainfall
2025-01-15,2025-01-22,3.0,2025,P135,17.882716437324603,74.0801070669471,Satara,high,priority,0.08809905499219894,1,7,CHIRPS Daily v2.0,Maharashtra,CHIRPS Rainfall
2025-01-15,2025-01-22,3.0,2025,P136,17.928520323345598,74.22149178404871,Satara,high,priority,0.10512269288301468,1,7,CHIRPS Daily v2.0,Maharashtra,CHIRPS Rainfall
2025-01-15,2025-01-22,3.0,2025,P137,17.746687100588183,73.98648378122894,Satara,high,priority,0.005730218719691038,1,7,CHIRPS Daily v2.0,Maharashtra,CHIRPS Rainfall
2025-01-15,2025-01-22,3.0,2025,P138,17.61269557303319,74.36423652697161,Satara,high,priority,0.0,1,7,CHIRPS Daily v2.0,Maharashtra,CHIRPS Rainfall
2025-01-15,2025-01-22,3.0,2025,P139,17.656773786946495,74.08126197411994,Satara,high,priority,0.0,1,7,CHIRPS Daily v2.0,Maharashtra,CHIRPS Rainfall
2025-01-15,2025-01-22,3.0,2025,P140,17.97464080554139,74.50462240543725,Satara,high,priority,0.09148452430963516,1,7,CHIRPS Daily v2.0,Maharashtra,CHIRPS Rainfall
2025-01-15,2025-01-22,3.0,2025,P141,17.430826677467348,74.08239904488856,Satara,high,priority,0.042330075055360794,1,7,CHIRPS Daily v2.0,Maharashtra,CHIRPS Rainfall
2025-01-15,2025-01-22,3.0,2025,P142,18.064447100757786,74.31538707493111,Satara,high,priority,0.12021170556545258,1,7,CHIRPS Daily v2.0,Maharashtra,CHIRPS Rainfall
2025-01-15,2025-01-22,3.0,2025,P143,17.70379500755509,74.6468275971327,Satara,high,priority,0.0,1,7,CHIRPS Daily v2.0,Maharashtra,CHIRPS Rainfall
2025-01-15,2025-01-22,3.0,2025,P144,17.929452275465767,74.50474726026674,Satara,high,priority,0.09776783734560013,1,7,CHIRPS Daily v2.0,Maharashtra,CHIRPS Rainfall
2025-01-15,2025-01-22,3.0,2025,P145,17.47773196144854,74.60017202281048,Satara,high,priority,0.015637725591659546,1,7,CHIRPS Daily v2.0,Maharashtra,CHIRPS Rainfall
2025-01-15,2025-01-22,3.0,2025,P146,17.839182233739812,74.55218763637436,Satara,high,priority,0.018961388617753983,1,7,CHIRPS Daily v2.0,Maharashtra,CHIRPS Rainfall
2025-01-15,2025-01-22,3.0,2025,P001,19.940457800458272,74.57045211428928,Ahmednagar,normal,statewide,0.05001281574368477,1,7,CHIRPS Daily v2.0,Maharashtra,CHIRPS Rainfall
2025-01-15,2025-01-22,3.0,2025,P002,18.946729294293643,74.76302285238339,Ahmednagar,normal,statewide,0.0,1,7,CHIRPS Daily v2.0,Maharashtra,CHIRPS Rainfall
2025-01-15,2025-01-22,3.0,2025,P003,18.49469238410162,74.66892244285252,Ahmednagar,normal,statewide,0.286243200302124,1,7,CHIRPS Daily v2.0,Maharashtra,CHIRPS Rainfall
2025-01-15,2025-01-22,3.0,2025,P004,19.03720445466806,75.1420731965326,Ahmednagar,normal,statewide,0.0,1,7,CHIRPS Daily v2.0,Maharashtra,CHIRPS Rainfall
2025-01-15,2025-01-22,3.0,2025,P005,20.832153156317954,77.06560453615967,Akola,normal,statewide,0.0,1,7,CHIRPS Daily v2.0,Maharashtra,CHIRPS Rainfall
2025-01-15,2025-01-22,3.0,2025,P006,20.834360411339407,76.87349308547405,Akola,normal,statewide,0.0,1,7,CHIRPS Daily v2.0,Maharashtra,CHIRPS Rainfall
2025-01-15,2025-01-22,3.0,2025,P007,21.014976299509232,76.87574047240498,Akola,normal,statewide,0.0,1,7,CHIRPS Daily v2.0,Maharashtra,CHIRPS Rainfall
2025-01-15,2025-01-22,3.0,2025,P008,20.828434266039377,77.35372489162701,Akola,normal,statewide,0.0,1,7,CHIRPS Daily v2.0,Maharashtra,CHIRPS Rainfall
2025-01-15,2025-01-22,3.0,2025,P009,21.360971327549258,77.94039543992572,Amravati,normal,statewide,0.0,1,7,CHIRPS Daily v2.0,Maharashtra,CHIRPS Rainfall
2025-01-15,2025-01-22,3.0,2025,P010,21.178803672212837,78.03301542790685,Amravati,normal,statewide,0.0,1,7,CHIRPS Daily v2.0,Maharashtra,CHIRPS Rainfall
2025-01-15,2025-01-22,3.0,2025,P011,20.814388097721018,78.21764450702477,Amravati,normal,statewide,0.0,1,7,CHIRPS Daily v2.0,Maharashtra,CHIRPS Rainfall
2025-01-15,2025-01-22,3.0,2025,P012,21.180502589714195,77.93681032267875,Amravati,normal,statewide,0.0,1,7,CHIRPS Daily v2.0,Maharashtra,CHIRPS Rainfall
2025-01-15,2025-01-22,3.0,2025,P013,20.031289688916964,74.8570519162974,Aurangabad,normal,statewide,0.040080294013023376,1,7,CHIRPS Daily v2.0,Maharashtra,CHIRPS Rainfall
2025-01-15,2025-01-22,3.0,2025,P014,19.760185263069562,75.14270192978114,Aurangabad,normal,statewide,0.08472460508346558,1,7,CHIRPS Daily v2.0,Maharashtra,CHIRPS Rainfall
2025-01-15,2025-01-22,3.0,2025,P015,19.9408189876436,74.76157364454102,Aurangabad,normal,statewide,0.062407877296209335,1,7,CHIRPS Daily v2.0,Maharashtra,CHIRPS Rainfall
2025-01-15,2025-01-22,3.0,2025,P016,19.66981712112043,75.14262166596218,Aurangabad,normal,statewide,0.042239025235176086,1,7,CHIRPS Daily v2.0,Maharashtra,CHIRPS Rainfall
2025-01-15,2025-01-22,3.0,2025,P017,21.04613203856966,79.85576216552393,Bhandara,normal,statewide,0.0,1,7,CHIRPS Daily v2.0,Maharashtra,CHIRPS Rainfall
2025-01-15,2025-01-22,3.0,2025,P018,21.31897105472685,79.76852877161537,Bhandara,normal,statewide,0.0,1,7,CHIRPS Daily v2.0,Maharashtra,CHIRPS Rainfall
2025-01-15,2025-01-22,3.0,2025,P019,21.40900922319803,79.77144948280537,Bhandara,normal,statewide,0.0,1,7,CHIRPS Daily v2.0,Maharashtra,CHIRPS Rainfall
2025-01-15,2025-01-22,3.0,2025,P020,21.144196588937042,79.57074980349083,Bhandara,normal,statewide,0.0,1,7,CHIRPS Daily v2.0,Maharashtra,CHIRPS Rainfall
2025-01-15,2025-01-22,3.0,2025,P021,18.67502288980403,75.52108340877234,Bid,normal,statewide,0.361989825963974,1,7,CHIRPS Daily v2.0,Maharashtra,CHIRPS Rainfall
2025-01-15,2025-01-22,3.0,2025,P022,18.856499384477168,75.04699178476999,Bid,normal,statewide,0.0,1,7,CHIRPS Daily v2.0,Maharashtra,CHIRPS Rainfall
2025-01-15,2025-01-22,3.0,2025,P023,19.126596053486494,75.6175605191647,Bid,normal,statewide,0.0,1,7,CHIRPS Daily v2.0,Maharashtra,CHIRPS Rainfall
2025-01-15,2025-01-22,3.0,2025,P024,18.763955201213946,75.90084720909012,Bid,normal,statewide,0.0,1,7,CHIRPS Daily v2.0,Maharashtra,CHIRPS Rainfall
2025-01-15,2025-01-22,3.0,2025,P025,20.93073496240753,76.20164478885242,Buldana,normal,statewide,0.0,1,7,CHIRPS Daily v2.0,Maharashtra,CHIRPS Rainfall
2025-01-15,2025-01-22,3.0,2025,P026,20.838939908121294,76.39311412898633,Buldana,normal,statewide,0.0,1,7,CHIRPS Daily v2.0,Maharashtra,CHIRPS Rainfall
2025-01-15,2025-01-22,3.0,2025,P027,20.657476790751314,76.48742857536776,Buldana,normal,statewide,0.0,1,7,CHIRPS Daily v2.0,Maharashtra,CHIRPS Rainfall
2025-01-15,2025-01-22,3.0,2025,P028,20.47967013624516,76.10222021266374,Buldana,normal,statewide,3.4472241401672363,1,7,CHIRPS Daily v2.0,Maharashtra,CHIRPS Rainfall
2025-01-15,2025-01-22,3.0,2025,P029,20.32317798477448,79.92829390325927,Chandrapur,normal,statewide,0.0,1,7,CHIRPS Daily v2.0,Maharashtra,CHIRPS Rainfall
2025-01-15,2025-01-22,3.0,2025,P030,20.60872097983294,79.36304041732026,Chandrapur,normal,statewide,0.0,1,7,CHIRPS Daily v2.0,Maharashtra,CHIRPS Rainfall
2025-01-15,2025-01-22,3.0,2025,P031,20.511160307884595,79.64732594588165,Chandrapur,normal,statewide,0.0,1,7,CHIRPS Daily v2.0,Maharashtra,CHIRPS Rainfall
2025-01-15,2025-01-22,3.0,2025,P032,20.598621115946884,79.74569817422172,Chandrapur,normal,statewide,0.0,1,7,CHIRPS Daily v2.0,Maharashtra,CHIRPS Rainfall
2025-01-15,2025-01-22,3.0,2025,P033,21.38667804512237,75.14422248324037,Dhule,normal,statewide,0.0,1,7,CHIRPS Daily v2.0,Maharashtra,CHIRPS Rainfall
2025-01-15,2025-01-22,3.0,2025,P034,21.025151968113196,74.75989256344387,Dhule,normal,statewide,0.0,1,7,CHIRPS Daily v2.0,Maharashtra,CHIRPS Rainfall
2025-01-15,2025-01-22,3.0,2025,P035,21.477028350667293,74.85568743137505,Dhule,normal,statewide,0.0,1,7,CHIRPS Daily v2.0,Maharashtra,CHIRPS Rainfall
2025-01-15,2025-01-22,3.0,2025,P036,20.933820660336515,74.37533522949364,Dhule,normal,statewide,0.0,1,7,CHIRPS Daily v2.0,Maharashtra,CHIRPS Rainfall
2025-01-15,2025-01-22,3.0,2025,P037,19.963056524597132,79.91698116388667,Garhchiroli,normal,statewide,3.2395036220550537,1,7,CHIRPS Daily v2.0,Maharashtra,CHIRPS Rainfall
2025-01-15,2025-01-22,3.0,2025,P038,19.062661462582188,79.88977172925856,Garhchiroli,normal,statewide,0.0,1,7,CHIRPS Daily v2.0,Maharashtra,CHIRPS Rainfall
2025-01-15,2025-01-22,3.0,2025,P039,19.510270485428137,79.9981368030594,Garhchiroli,normal,statewide,0.0,1,7,CHIRPS Daily v2.0,Maharashtra,CHIRPS Rainfall
2025-01-15,2025-01-22,3.0,2025,P040,19.870365190999156,80.00935144220881,Garhchiroli,normal,statewide,0.0,1,7,CHIRPS Daily v2.0,Maharashtra,CHIRPS Rainfall
2025-01-15,2025-01-22,3.0,2025,P041,21.127639946725598,80.1465044724107,Gondiya,normal,statewide,0.0,1,7,CHIRPS Daily v2.0,Maharashtra,CHIRPS Rainfall
2025-01-15,2025-01-22,3.0,2025,P042,21.397598383602258,80.15591763473452,Gondiya,normal,statewide,0.0,1,7,CHIRPS Daily v2.0,Maharashtra,CHIRPS Rainfall
2025-01-15,2025-01-22,3.0,2025,P043,21.574548890706154,80.25847249986273,Gondiya,normal,statewide,3.6892518997192383,1,7,CHIRPS Daily v2.0,Maharashtra,CHIRPS Rainfall
2025-01-15,2025-01-22,3.0,2025,P044,21.211649410572516,80.34153217518526,Gondiya,normal,statewide,0.0,1,7,CHIRPS Daily v2.0,Maharashtra,CHIRPS Rainfall
2025-01-15,2025-01-22,3.0,2025,P045,19.655900266732623,77.2407892392464,Hingoli,normal,statewide,0.0,1,7,CHIRPS Daily v2.0,Maharashtra,CHIRPS Rainfall
2025-01-15,2025-01-22,3.0,2025,P046,19.566758377573187,77.1442675378435,Hingoli,normal,statewide,0.0,1,7,CHIRPS Daily v2.0,Maharashtra,CHIRPS Rainfall
2025-01-15,2025-01-22,3.0,2025,P047,19.47860194974656,76.9526242927685,Hingoli,normal,statewide,2.4262099266052246,1,7,CHIRPS Daily v2.0,Maharashtra,CHIRPS Rainfall
2025-01-15,2025-01-22,3.0,2025,P048,19.927981235710728,77.14910120338544,Hingoli,normal,statewide,3.1010305881500244,1,7,CHIRPS Daily v2.0,Maharashtra,CHIRPS Rainfall
2025-01-15,2025-01-22,3.0,2025,P049,21.292738163229433,76.10816865346904,Jalgaon,normal,statewide,0.0,1,7,CHIRPS Daily v2.0,Maharashtra,CHIRPS Rainfall
2025-01-15,2025-01-22,3.0,2025,P050,21.386178625804387,75.43363151891216,Jalgaon,normal,statewide,0.0,1,7,CHIRPS Daily v2.0,Maharashtra,CHIRPS Rainfall
2025-01-15,2025-01-22,3.0,2025,P051,21.112064306745907,76.10682200495089,Jalgaon,normal,statewide,0.0,1,7,CHIRPS Daily v2.0,Maharashtra,CHIRPS Rainfall
2025-01-15,2025-01-22,3.0,2025,P052,20.844437979720194,75.23982115072519,Jalgaon,normal,statewide,0.0,1,7,CHIRPS Daily v2.0,Maharashtra,CHIRPS Rainfall
2025-01-15,2025-01-22,3.0,2025,P053,19.486369703781666,76.00005328932718,Jalna,normal,statewide,0.0,1,7,CHIRPS Daily v2.0,Maharashtra,CHIRPS Rainfall
2025-01-15,2025-01-22,3.0,2025,P054,20.028502750758555,76.00343774702675,Jalna,normal,statewide,0.0,1,7,CHIRPS Daily v2.0,Maharashtra,CHIRPS Rainfall
2025-01-15,2025-01-22,3.0,2025,P055,19.75743845682064,76.00172991132328,Jalna,normal,statewide,0.0,1,7,CHIRPS Daily v2.0,Maharashtra,CHIRPS Rainfall
2025-01-15,2025-01-22,3.0,2025,P056,19.57768317515413,75.80993951591351,Jalna,normal,statewide,0.0,1,7,CHIRPS Daily v2.0,Maharashtra,CHIRPS Rainfall
2025-01-15,2025-01-22,3.0,2025,P057,16.776377793156257,74.29671235971928,Kolhapur,normal,statewide,0.0,1,7,CHIRPS Daily v2.0,Maharashtra,CHIRPS Rainfall
2025-01-15,2025-01-22,3.0,2025,P058,16.324416687682138,74.29834884980589,Kolhapur,normal,statewide,0.02869567461311817,1,7,CHIRPS Daily v2.0,Maharashtra,CHIRPS Rainfall
2025-01-15,2025-01-22,3.0,2025,P059,16.595891218916975,74.39111598812178,Kolhapur,normal,statewide,0.0,1,7,CHIRPS Daily v2.0,Maharashtra,CHIRPS Rainfall
2025-01-15,2025-01-22,3.0,2025,P060,16.414811584237594,74.29802779453004,Kolhapur,normal,statewide,0.0,1,7,CHIRPS Daily v2.0,Maharashtra,CHIRPS Rainfall
2025-01-15,2025-01-22,3.0,2025,P086,21.054127206758487,79.56798961993874,Nagpur,normal,statewide,0.0,1,7,CHIRPS Daily v2.0,Maharashtra,CHIRPS Rainfall
2025-01-15,2025-01-22,3.0,2025,P087,21.146765031143822,79.47473643960802,Nagpur,normal,statewide,0.0,1,7,CHIRPS Daily v2.0,Maharashtra,CHIRPS Rainfall
2025-01-15,2025-01-22,3.0,2025,P088,21.347803602138427,78.61442869606356,Nagpur,normal,statewide,0.0,1,7,CHIRPS Daily v2.0,Maharashtra,CHIRPS Rainfall
2025-01-15,2025-01-22,3.0,2025,P089,21.165377318940912,78.70615240473293,Nagpur,normal,statewide,0.0,1,7,CHIRPS Daily v2.0,Maharashtra,CHIRPS Rainfall
2025-01-15,2025-01-22,3.0,2025,P090,19.201968238592887,77.42470040309472,Nanded,normal,statewide,4.864529609680176,1,7,CHIRPS Daily v2.0,Maharashtra,CHIRPS Rainfall
2025-01-15,2025-01-22,3.0,2025,P091,18.566038000956755,77.69963965584807,Nanded,normal,statewide,5.312645673751831,1,7,CHIRPS Daily v2.0,Maharashtra,CHIRPS Rainfall
2025-01-15,2025-01-22,3.0,2025,P092,19.736596618496833,77.90946265591798,Nanded,normal,statewide,2.939462184906006,1,7,CHIRPS Daily v2.0,Maharashtra,CHIRPS Rainfall
2025-01-15,2025-01-22,3.0,2025,P093,18.93564842817583,77.04115528508362,Nanded,normal,statewide,0.0,1,7,CHIRPS Daily v2.0,Maharashtra,CHIRPS Rainfall
2025-01-15,2025-01-22,3.0,2025,P094,21.564917232430716,74.08292967791392,Nandurbar,normal,statewide,0.0,1,7,CHIRPS Daily v2.0,Maharashtra,CHIRPS Rainfall
2025-01-15,2025-01-22,3.0,2025,P095,21.5662594218478,74.37266422796263,Nandurbar,normal,statewide,0.0,1,7,CHIRPS Daily v2.0,Maharashtra,CHIRPS Rainfall
2025-01-15,2025-01-22,3.0,2025,P096,21.385179787168415,74.27697637845674,Nandurbar,normal,statewide,0.0,1,7,CHIRPS Daily v2.0,Maharashtra,CHIRPS Rainfall
2025-01-15,2025-01-22,3.0,2025,P097,21.565421110849755,74.17950488852946,Nandurbar,normal,statewide,0.0,1,7,CHIRPS Daily v2.0,Maharashtra,CHIRPS Rainfall
2025-01-15,2025-01-22,3.0,2025,P098,20.299553667393326,73.99482675929994,Nashik,normal,statewide,0.0,1,7,CHIRPS Daily v2.0,Maharashtra,CHIRPS Rainfall
2025-01-15,2025-01-22,3.0,2025,P099,20.120253214034264,74.28296495117151,Nashik,normal,statewide,0.0,1,7,CHIRPS Daily v2.0,Maharashtra,CHIRPS Rainfall
2025-01-15,2025-01-22,3.0,2025,P100,20.389903972938242,73.99424261706194,Nashik,normal,statewide,0.0,1,7,CHIRPS Daily v2.0,Maharashtra,CHIRPS Rainfall
2025-01-15,2025-01-22,3.0,2025,P101,20.029015547379707,74.09216447619562,Nashik,normal,statewide,0.019873112440109253,1,7,CHIRPS Daily v2.0,Maharashtra,CHIRPS Rainfall
2025-01-15,2025-01-22,3.0,2025,P102,17.85749130266526,76.36802722645965,Osmanabad,normal,statewide,0.007940291427075863,1,7,CHIRPS Daily v2.0,Maharashtra,CHIRPS Rainfall
2025-01-15,2025-01-22,3.0,2025,P103,17.76644983645705,76.46164605307673,Osmanabad,normal,statewide,0.0,1,7,CHIRPS Daily v2.0,Maharashtra,CHIRPS Rainfall
2025-01-15,2025-01-22,3.0,2025,P104,17.949094615606196,76.17989775301476,Osmanabad,normal,statewide,0.103440061211586,1,7,CHIRPS Daily v2.0,Maharashtra,CHIRPS Rainfall
2025-01-15,2025-01-22,3.0,2025,P105,18.584360447185368,75.61558067829696,Osmanabad,normal,statewide,0.5887921452522278,1,7,CHIRPS Daily v2.0,Maharashtra,CHIRPS Rainfall
2025-01-15,2025-01-22,3.0,2025,P106,19.031389786894366,76.47235681380711,Parbhani,normal,statewide,0.0,1,7,CHIRPS Daily v2.0,Maharashtra,CHIRPS Rainfall
2025-01-15,2025-01-22,3.0,2025,P107,19.120950831552832,76.56820519095093,Parbhani,normal,statewide,0.0,1,7,CHIRPS Daily v2.0,Maharashtra,CHIRPS Rainfall
2025-01-15,2025-01-22,3.0,2025,P108,19.208625676465683,76.85432786914635,Parbhani,normal,statewide,2.4966354370117188,1,7,CHIRPS Daily v2.0,Maharashtra,CHIRPS Rainfall
2025-01-15,2025-01-22,3.0,2025,P109,19.212081479782103,76.47396209018636,Parbhani,normal,statewide,0.0,1,7,CHIRPS Daily v2.0,Maharashtra,CHIRPS Rainfall
2025-01-15,2025-01-22,3.0,2025,P110,18.133442771357757,75.04679558432363,Pune,normal,statewide,0.15461066365242004,1,7,CHIRPS Daily v2.0,Maharashtra,CHIRPS Rainfall
2025-01-15,2025-01-22,3.0,2025,P111,18.584645829652782,74.47919215212944,Pune,normal,statewide,0.18122011423110962,1,7,CHIRPS Daily v2.0,Maharashtra,CHIRPS Rainfall
2025-01-15,2025-01-22,3.0,2025,P112,18.132979024848197,74.57507620208169,Pune,normal,statewide,0.12072264403104782,1,7,CHIRPS Daily v2.0,Maharashtra,CHIRPS Rainfall
2025-01-15,2025-01-22,3.0,2025,P113,18.314072036830744,74.76389683618987,Pune,normal,statewide,0.32557445764541626,1,7,CHIRPS Daily v2.0,Maharashtra,CHIRPS Rainfall
2025-01-15,2025-01-22,3.0,2025,P114,18.48503397121986,73.0589238755964,Raigarh,normal,statewide,0.44899556040763855,1,7,CHIRPS Daily v2.0,Maharashtra,CHIRPS Rainfall
2025-01-15,2025-01-22,3.0,2025,P115,18.665689991299164,73.05687714821288,Raigarh,normal,statewide,0.27334558963775635,1,7,CHIRPS Daily v2.0,Maharashtra,CHIRPS Rainfall
2025-01-15,2025-01-22,3.0,2025,P116,18.306197264370358,73.25009891506079,Raigarh,normal,statewide,0.4192749261856079,1,7,CHIRPS Daily v2.0,Maharashtra,CHIRPS Rainfall
2025-01-15,2025-01-22,3.0,2025,P117,18.21404102289879,73.06194714611064,Raigarh,normal,statewide,0.6275551319122314,1,7,CHIRPS Daily v2.0,Maharashtra,CHIRPS Rainfall
2025-01-15,2025-01-22,3.0,2025,P118,17.138719885658215,75.42259970290594,Sangli,normal,statewide,0.06343924254179001,1,7,CHIRPS Daily v2.0,Maharashtra,CHIRPS Rainfall
2025-01-15,2025-01-22,3.0,2025,P119,17.048761981005992,74.95348443567921,Sangli,normal,statewide,0.0,1,7,CHIRPS Daily v2.0,Maharashtra,CHIRPS Rainfall
2025-01-15,2025-01-22,3.0,2025,P120,16.86707144948229,74.39025538161847,Sangli,normal,statewide,0.45005351305007935,1,7,CHIRPS Daily v2.0,Maharashtra,CHIRPS Rainfall
2025-01-15,2025-01-22,3.0,2025,P121,17.048503353144895,74.67157114887826,Sangli,normal,statewide,0.0,1,7,CHIRPS Daily v2.0,Maharashtra,CHIRPS Rainfall
2025-01-15,2025-01-22,3.0,2025,P148,17.67852974098626,76.08383979812143,Solapur,normal,statewide,0.0,1,7,CHIRPS Daily v2.0,Maharashtra,CHIRPS Rainfall
2025-01-15,2025-01-22,3.0,2025,P149,18.223365003201543,75.4251413905064,Solapur,normal,statewide,0.34917160868644714,1,7,CHIRPS Daily v2.0,Maharashtra,CHIRPS Rainfall
2025-01-15,2025-01-22,3.0,2025,P150,17.952532582518405,75.23562067753285,Solapur,normal,statewide,0.09982901811599731,1,7,CHIRPS Daily v2.0,Maharashtra,CHIRPS Rainfall
2025-01-15,2025-01-22,3.0,2025,P151,18.223690517578447,75.23598186471818,Solapur,normal,statewide,0.15631064772605896,1,7,CHIRPS Daily v2.0,Maharashtra,CHIRPS Rainfall
2025-01-15,2025-01-22,3.0,2025,P152,19.658178867370932,72.94986318203122,Thane,normal,statewide,0.12787364423274994,1,7,CHIRPS Daily v2.0,Maharashtra,CHIRPS Rainfall
2025-01-15,2025-01-22,3.0,2025,P153,19.65706409210757,72.8545320606096,Thane,normal,statewide,0.05361460894346237,1,7,CHIRPS Daily v2.0,Maharashtra,CHIRPS Rainfall
2025-01-15,2025-01-22,3.0,2025,P154,19.477549601897948,72.95214624177059,Thane,normal,statewide,0.0,1,7,CHIRPS Daily v2.0,Maharashtra,CHIRPS Rainfall
2025-01-15,2025-01-22,3.0,2025,P155,19.83987385799569,73.0429959666335,Thane,normal,statewide,0.09363797307014465,1,7,CHIRPS Daily v2.0,Maharashtra,CHIRPS Rainfall
2025-01-15,2025-01-22,3.0,2025,P156,20.806749657616468,78.60135461177485,Wardha,normal,statewide,0.0,1,7,CHIRPS Daily v2.0,Maharashtra,CHIRPS Rainfall
2025-01-15,2025-01-22,3.0,2025,P157,20.71031267913359,78.88671032458906,Wardha,normal,statewide,0.0,1,7,CHIRPS Daily v2.0,Maharashtra,CHIRPS Rainfall
2025-01-15,2025-01-22,3.0,2025,P158,21.081265295769754,78.41565980750515,Wardha,normal,statewide,0.0,1,7,CHIRPS Daily v2.0,Maharashtra,CHIRPS Rainfall
2025-01-15,2025-01-22,3.0,2025,P159,20.439854822938944,78.87986114537097,Wardha,normal,statewide,0.0,1,7,CHIRPS Daily v2.0,Maharashtra,CHIRPS Rainfall
2025-01-15,2025-01-22,3.0,2025,P160,20.289186257444058,77.15404188735265,Washim,normal,statewide,3.4561219215393066,1,7,CHIRPS Daily v2.0,Maharashtra,CHIRPS Rainfall
2025-01-15,2025-01-22,3.0,2025,P161,20.464607292886615,77.53975858757677,Washim,normal,statewide,0.0,1,7,CHIRPS Daily v2.0,Maharashtra,CHIRPS Rainfall
2025-01-15,2025-01-22,3.0,2025,P162,20.107393166596125,77.2471479173486,Washim,normal,statewide,4.120051383972168,1,7,CHIRPS Daily v2.0,Maharashtra,CHIRPS Rainfall
2025-01-15,2025-01-22,3.0,2025,P163,20.198885002010726,77.1527933390577,Washim,normal,statewide,4.492537021636963,1,7,CHIRPS Daily v2.0,Maharashtra,CHIRPS Rainfall
2025-01-15,2025-01-22,3.0,2025,P164,20.182854533723592,78.20447678161395,Yavatmal,normal,statewide,5.44512414932251,1,7,CHIRPS Daily v2.0,Maharashtra,CHIRPS Rainfall
2025-01-15,2025-01-22,3.0,2025,P165,19.894658373538324,79.05709703494229,Yavatmal,normal,statewide,0.0,1,7,CHIRPS Daily v2.0,Maharashtra,CHIRPS Rainfall
2025-01-15,2025-01-22,3.0,2025,P166,19.468787468327925,77.71426550730338,Yavatmal,normal,statewide,0.0,1,7,CHIRPS Daily v2.0,Maharashtra,CHIRPS Rainfall
2025-01-15,2025-01-22,3.0,2025,P167,19.559057510053886,77.71577268345945,Yavatmal,normal,statewide,0.0,1,7,CHIRPS Daily v2.0,Maharashtra,CHIRPS Rainfall
2025-01-22,2025-01-29,4.0,2025,P147,17.927231643141155,73.94769852026607,Satara,case_study,case_study,0.7684596627950668,1,7,CHIRPS Daily v2.0,Maharashtra,CHIRPS Rainfall
2025-01-22,2025-01-29,4.0,2025,P061,18.507855650411397,76.91766048140843,Latur,high,priority,0.0,1,7,CHIRPS Daily v2.0,Maharashtra,CHIRPS Rainfall
2025-01-22,2025-01-29,4.0,2025,P062,18.422405896924207,76.3487594508077,Latur,high,priority,0.8929188549518585,1,7,CHIRPS Daily v2.0,Maharashtra,CHIRPS Rainfall
2025-01-22,2025-01-29,4.0,2025,P063,18.235391198742693,77.05646783810116,Latur,high,priority,1.5952928513288498,1,7,CHIRPS Daily v2.0,Maharashtra,CHIRPS Rainfall
2025-01-22,2025-01-29,4.0,2025,P064,18.193056493341274,76.77240080549139,Latur,high,priority,1.1929904520511627,1,7,CHIRPS Daily v2.0,Maharashtra,CHIRPS Rainfall
2025-01-22,2025-01-29,4.0,2025,P065,18.331355512513895,76.44266811899327,Latur,high,priority,0.9717371165752411,1,7,CHIRPS Daily v2.0,Maharashtra,CHIRPS Rainfall
2025-01-22,2025-01-29,4.0,2025,P066,18.104739537876725,76.5352970251765,Latur,high,priority,0.9769125953316689,1,7,CHIRPS Daily v2.0,Maharashtra,CHIRPS Rainfall
2025-01-22,2025-01-29,4.0,2025,P067,18.280552974211986,77.0569984711265,Latur,high,priority,1.5360341668128967,1,7,CHIRPS Daily v2.0,Maharashtra,CHIRPS Rainfall
2025-01-22,2025-01-29,4.0,2025,P068,18.101823285787773,76.86595720469373,Latur,high,priority,1.3585183173418045,1,7,CHIRPS Daily v2.0,Maharashtra,CHIRPS Rainfall
2025-01-22,2025-01-29,4.0,2025,P069,18.595075667016793,77.20284228928156,Latur,high,priority,0.0,1,7,CHIRPS Daily v2.0,Maharashtra,CHIRPS Rainfall
2025-01-22,2025-01-29,4.0,2025,P070,18.41499041187233,77.15322587185987,Latur,high,priority,0.0,1,7,CHIRPS Daily v2.0,Maharashtra,CHIRPS Rainfall
2025-01-22,2025-01-29,4.0,2025,P071,18.149138807065885,76.63019561379593,Latur,high,priority,1.1278255209326744,1,7,CHIRPS Daily v2.0,Maharashtra,CHIRPS Rainfall
2025-01-22,2025-01-29,4.0,2025,P072,18.283393421583035,76.77331492120734,Latur,high,priority,1.2243586485274136,1,7,CHIRPS Daily v2.0,Maharashtra,CHIRPS Rainfall
2025-01-22,2025-01-29,4.0,2025,P073,17.966315663874607,76.86453029235662,Latur,high,priority,1.4623658210039139,1,7,CHIRPS Daily v2.0,Maharashtra,CHIRPS Rainfall
2025-01-22,2025-01-29,4.0,2025,P074,18.50832831512306,76.870318205524,Latur,high,priority,2.0352275371551514,1,7,CHIRPS Daily v2.0,Maharashtra,CHIRPS Rainfall
2025-01-22,2025-01-29,4.0,2025,P075,18.41444640154381,77.20053247493588,Latur,high,priority,0.0,1,7,CHIRPS Daily v2.0,Maharashtra,CHIRPS Rainfall
2025-01-22,2025-01-29,4.0,2025,P076,18.377877313804504,76.25376722106614,Latur,high,priority,0.9560843408107758,1,7,CHIRPS Daily v2.0,Maharashtra,CHIRPS Rainfall
2025-01-22,2025-01-29,4.0,2025,P077,18.059564385104267,76.5349046242838,Latur,high,priority,0.9654829576611519,1,7,CHIRPS Daily v2.0,Maharashtra,CHIRPS Rainfall
2025-01-22,2025-01-29,4.0,2025,P078,18.1008824154655,76.96042326051098,Latur,high,priority,1.122282736003399,1,7,CHIRPS Daily v2.0,Maharashtra,CHIRPS Rainfall
2025-01-22,2025-01-29,4.0,2025,P079,18.73508698099394,76.77797468180819,Latur,high,priority,2.425242602825165,1,7,CHIRPS Daily v2.0,Maharashtra,CHIRPS Rainfall
2025-01-22,2025-01-29,4.0,2025,P080,18.46791548227568,76.3017694439065,Latur,high,priority,0.9599717855453491,1,7,CHIRPS Daily v2.0,Maharashtra,CHIRPS Rainfall
2025-01-22,2025-01-29,4.0,2025,P081,18.10355787609756,76.67701617485712,Latur,high,priority,1.0966903194785118,1,7,CHIRPS Daily v2.0,Maharashtra,CHIRPS Rainfall
2025-01-22,2025-01-29,4.0,2025,P082,18.23907887531389,76.67830931416262,Latur,high,priority,1.0750110521912575,1,7,CHIRPS Daily v2.0,Maharashtra,CHIRPS Rainfall
2025-01-22,2025-01-29,4.0,2025,P083,18.369289085175563,77.19996171000103,Latur,high,priority,0.0,1,7,CHIRPS Daily v2.0,Maharashtra,CHIRPS Rainfall
2025-01-22,2025-01-29,4.0,2025,P084,18.46362582706226,76.82249880582684,Latur,high,priority,1.6285426616668701,1,7,CHIRPS Daily v2.0,Maharashtra,CHIRPS Rainfall
2025-01-22,2025-01-29,4.0,2025,P085,18.14788579966987,76.77194597718393,Latur,high,priority,1.1224491894245148,1,7,CHIRPS Daily v2.0,Maharashtra,CHIRPS Rainfall
2025-01-22,2025-01-29,4.0,2025,P122,17.88145897082753,73.8441448165019,Satara,high,priority,1.4423784092068672,1,7,CHIRPS Daily v2.0,Maharashtra,CHIRPS Rainfall
2025-01-22,2025-01-29,4.0,2025,P123,17.386414030975025,74.27088970551878,Satara,high,priority,0.546460285782814,1,7,CHIRPS Daily v2.0,Maharashtra,CHIRPS Rainfall
2025-01-22,2025-01-29,4.0,2025,P124,17.43262815429294,74.647353771057,Satara,high,priority,0.5645429193973541,1,7,CHIRPS Daily v2.0,Maharashtra,CHIRPS Rainfall
2025-01-22,2025-01-29,4.0,2025,P125,17.56734651531964,74.31728219287884,Satara,high,priority,0.6522128731012344,1,7,CHIRPS Daily v2.0,Maharashtra,CHIRPS Rainfall
2025-01-22,2025-01-29,4.0,2025,P126,17.205080227535593,74.13053949986157,Satara,high,priority,0.587922140955925,1,7,CHIRPS Daily v2.0,Maharashtra,CHIRPS Rainfall
2025-01-22,2025-01-29,4.0,2025,P127,17.65773249367299,74.31694330119876,Satara,high,priority,0.5708342231810093,1,7,CHIRPS Daily v2.0,Maharashtra,CHIRPS Rainfall
2025-01-22,2025-01-29,4.0,2025,P128,18.019949731345452,74.5517328080669,Satara,high,priority,0.36923351511359215,1,7,CHIRPS Daily v2.0,Maharashtra,CHIRPS Rainfall
2025-01-22,2025-01-29,4.0,2025,P129,18.063234225271252,74.03192648006461,Satara,high,priority,0.5232343396637589,1,7,CHIRPS Daily v2.0,Maharashtra,CHIRPS Rainfall
2025-01-22,2025-01-29,4.0,2025,P130,17.61135784271715,74.03436560834085,Satara,high,priority,0.9983776733279228,1,7,CHIRPS Daily v2.0,Maharashtra,CHIRPS Rainfall
2025-01-22,2025-01-29,4.0,2025,P131,17.612539504496315,74.3171127470388,Satara,high,priority,0.5825059786438942,1,7,CHIRPS Daily v2.0,Maharashtra,CHIRPS Rainfall
2025-01-22,2025-01-29,4.0,2025,P132,17.702176353872684,74.12817617630324,Satara,high,priority,1.005760245025158,1,7,CHIRPS Daily v2.0,Maharashtra,CHIRPS Rainfall
2025-01-22,2025-01-29,4.0,2025,P133,17.25006363896275,74.08329532420031,Satara,high,priority,0.4822448343038559,1,7,CHIRPS Daily v2.0,Maharashtra,CHIRPS Rainfall
2025-01-22,2025-01-29,4.0,2025,P134,17.476429903940936,74.17634784498362,Satara,high,priority,0.6262068673968315,1,7,CHIRPS Daily v2.0,Maharashtra,CHIRPS Rainfall
2025-01-22,2025-01-29,4.0,2025,P135,17.882716437324603,74.0801070669471,Satara,high,priority,0.8796294406056404,1,7,CHIRPS Daily v2.0,Maharashtra,CHIRPS Rainfall
2025-01-22,2025-01-29,4.0,2025,P136,17.928520323345598,74.22149178404871,Satara,high,priority,0.6565682664513588,1,7,CHIRPS Daily v2.0,Maharashtra,CHIRPS Rainfall
2025-01-22,2025-01-29,4.0,2025,P137,17.746687100588183,73.98648378122894,Satara,high,priority,0.7859310731291771,1,7,CHIRPS Daily v2.0,Maharashtra,CHIRPS Rainfall
2025-01-22,2025-01-29,4.0,2025,P138,17.61269557303319,74.36423652697161,Satara,high,priority,0.5130607262253761,1,7,CHIRPS Daily v2.0,Maharashtra,CHIRPS Rainfall
2025-01-22,2025-01-29,4.0,2025,P139,17.656773786946495,74.08126197411994,Satara,high,priority,0.7705873996019363,1,7,CHIRPS Daily v2.0,Maharashtra,CHIRPS Rainfall
2025-01-22,2025-01-29,4.0,2025,P140,17.97464080554139,74.50462240543725,Satara,high,priority,0.3481963910162449,1,7,CHIRPS Daily v2.0,Maharashtra,CHIRPS Rainfall
2025-01-22,2025-01-29,4.0,2025,P141,17.430826677467348,74.08239904488856,Satara,high,priority,0.5432132184505463,1,7,CHIRPS Daily v2.0,Maharashtra,CHIRPS Rainfall
2025-01-22,2025-01-29,4.0,2025,P142,18.064447100757786,74.31538707493111,Satara,high,priority,0.19971494609490037,1,7,CHIRPS Daily v2.0,Maharashtra,CHIRPS Rainfall
2025-01-22,2025-01-29,4.0,2025,P143,17.70379500755509,74.6468275971327,Satara,high,priority,0.5396634042263031,1,7,CHIRPS Daily v2.0,Maharashtra,CHIRPS Rainfall
2025-01-22,2025-01-29,4.0,2025,P144,17.929452275465767,74.50474726026674,Satara,high,priority,0.6043755300343037,1,7,CHIRPS Daily v2.0,Maharashtra,CHIRPS Rainfall
2025-01-22,2025-01-29,4.0,2025,P145,17.47773196144854,74.60017202281048,Satara,high,priority,0.3553009107708931,1,7,CHIRPS Daily v2.0,Maharashtra,CHIRPS Rainfall
2025-01-22,2025-01-29,4.0,2025,P146,17.839182233739812,74.55218763637436,Satara,high,priority,0.43686092272400856,1,7,CHIRPS Daily v2.0,Maharashtra,CHIRPS Rainfall
2025-01-22,2025-01-29,4.0,2025,P001,19.940457800458272,74.57045211428928,Ahmednagar,normal,statewide,1.150480441749096,1,7,CHIRPS Daily v2.0,Maharashtra,CHIRPS Rainfall
2025-01-22,2025-01-29,4.0,2025,P002,18.946729294293643,74.76302285238339,Ahmednagar,normal,statewide,0.7566011920571327,1,7,CHIRPS Daily v2.0,Maharashtra,CHIRPS Rainfall
2025-01-22,2025-01-29,4.0,2025,P003,18.49469238410162,74.66892244285252,Ahmednagar,normal,statewide,0.33522236347198486,1,7,CHIRPS Daily v2.0,Maharashtra,CHIRPS Rainfall
2025-01-22,2025-01-29,4.0,2025,P004,19.03720445466806,75.1420731965326,Ahmednagar,normal,statewide,2.0986431390047073,1,7,CHIRPS Daily v2.0,Maharashtra,CHIRPS Rainfall
2025-01-22,2025-01-29,4.0,2025,P005,20.832153156317954,77.06560453615967,Akola,normal,statewide,2.6042888164520264,1,7,CHIRPS Daily v2.0,Maharashtra,CHIRPS Rainfall
2025-01-22,2025-01-29,4.0,2025,P006,20.834360411339407,76.87349308547405,Akola,normal,statewide,2.7042441368103027,1,7,CHIRPS Daily v2.0,Maharashtra,CHIRPS Rainfall
2025-01-22,2025-01-29,4.0,2025,P007,21.014976299509232,76.87574047240498,Akola,normal,statewide,3.1135106086730957,1,7,CHIRPS Daily v2.0,Maharashtra,CHIRPS Rainfall
2025-01-22,2025-01-29,4.0,2025,P008,20.828434266039377,77.35372489162701,Akola,normal,statewide,2.9296488761901855,1,7,CHIRPS Daily v2.0,Maharashtra,CHIRPS Rainfall
2025-01-22,2025-01-29,4.0,2025,P009,21.360971327549258,77.94039543992572,Amravati,normal,statewide,6.511667728424072,1,7,CHIRPS Daily v2.0,Maharashtra,CHIRPS Rainfall
2025-01-22,2025-01-29,4.0,2025,P010,21.178803672212837,78.03301542790685,Amravati,normal,statewide,5.982247352600098,1,7,CHIRPS Daily v2.0,Maharashtra,CHIRPS Rainfall
2025-01-22,2025-01-29,4.0,2025,P011,20.814388097721018,78.21764450702477,Amravati,normal,statewide,9.743378162384033,1,7,CHIRPS Daily v2.0,Maharashtra,CHIRPS Rainfall
2025-01-22,2025-01-29,4.0,2025,P012,21.180502589714195,77.93681032267875,Amravati,normal,statewide,5.723066329956055,1,7,CHIRPS Daily v2.0,Maharashtra,CHIRPS Rainfall
2025-01-22,2025-01-29,4.0,2025,P013,20.031289688916964,74.8570519162974,Aurangabad,normal,statewide,1.7638814151287079,1,7,CHIRPS Daily v2.0,Maharashtra,CHIRPS Rainfall
2025-01-22,2025-01-29,4.0,2025,P014,19.760185263069562,75.14270192978114,Aurangabad,normal,statewide,0.8610117584466934,1,7,CHIRPS Daily v2.0,Maharashtra,CHIRPS Rainfall
2025-01-22,2025-01-29,4.0,2025,P015,19.9408189876436,74.76157364454102,Aurangabad,normal,statewide,1.0703235995024443,1,7,CHIRPS Daily v2.0,Maharashtra,CHIRPS Rainfall
2025-01-22,2025-01-29,4.0,2025,P016,19.66981712112043,75.14262166596218,Aurangabad,normal,statewide,1.0484851002693176,1,7,CHIRPS Daily v2.0,Maharashtra,CHIRPS Rainfall
2025-01-22,2025-01-29,4.0,2025,P017,21.04613203856966,79.85576216552393,Bhandara,normal,statewide,0.0,1,7,CHIRPS Daily v2.0,Maharashtra,CHIRPS Rainfall
2025-01-22,2025-01-29,4.0,2025,P018,21.31897105472685,79.76852877161537,Bhandara,normal,statewide,0.0,1,7,CHIRPS Daily v2.0,Maharashtra,CHIRPS Rainfall
2025-01-22,2025-01-29,4.0,2025,P019,21.40900922319803,79.77144948280537,Bhandara,normal,statewide,2.9457671642303467,1,7,CHIRPS Daily v2.0,Maharashtra,CHIRPS Rainfall
2025-01-22,2025-01-29,4.0,2025,P020,21.144196588937042,79.57074980349083,Bhandara,normal,statewide,0.0,1,7,CHIRPS Daily v2.0,Maharashtra,CHIRPS Rainfall
2025-01-22,2025-01-29,4.0,2025,P021,18.67502288980403,75.52108340877234,Bid,normal,statewide,1.5471712052822113,1,7,CHIRPS Daily v2.0,Maharashtra,CHIRPS Rainfall
2025-01-22,2025-01-29,4.0,2025,P022,18.856499384477168,75.04699178476999,Bid,normal,statewide,1.2077910006046295,1,7,CHIRPS Daily v2.0,Maharashtra,CHIRPS Rainfall
2025-01-22,2025-01-29,4.0,2025,P023,19.126596053486494,75.6175605191647,Bid,normal,statewide,2.183437258005142,1,7,CHIRPS Daily v2.0,Maharashtra,CHIRPS Rainfall
2025-01-22,2025-01-29,4.0,2025,P024,18.763955201213946,75.90084720909012,Bid,normal,statewide,1.5123838484287262,1,7,CHIRPS Daily v2.0,Maharashtra,CHIRPS Rainfall
2025-01-22,2025-01-29,4.0,2025,P025,20.93073496240753,76.20164478885242,Buldana,normal,statewide,2.731517616659403,1,7,CHIRPS Daily v2.0,Maharashtra,CHIRPS Rainfall
2025-01-22,2025-01-29,4.0,2025,P026,20.838939908121294,76.39311412898633,Buldana,normal,statewide,3.133230909705162,1,7,CHIRPS Daily v2.0,Maharashtra,CHIRPS Rainfall
2025-01-22,2025-01-29,4.0,2025,P027,20.657476790751314,76.48742857536776,Buldana,normal,statewide,0.0,1,7,CHIRPS Daily v2.0,Maharashtra,CHIRPS Rainfall
2025-01-22,2025-01-29,4.0,2025,P028,20.47967013624516,76.10222021266374,Buldana,normal,statewide,0.0,1,7,CHIRPS Daily v2.0,Maharashtra,CHIRPS Rainfall
2025-01-22,2025-01-29,4.0,2025,P029,20.32317798477448,79.92829390325927,Chandrapur,normal,statewide,2.388531118631363,1,7,CHIRPS Daily v2.0,Maharashtra,CHIRPS Rainfall
2025-01-22,2025-01-29,4.0,2025,P030,20.60872097983294,79.36304041732026,Chandrapur,normal,statewide,2.340704619884491,1,7,CHIRPS Daily v2.0,Maharashtra,CHIRPS Rainfall
2025-01-22,2025-01-29,4.0,2025,P031,20.511160307884595,79.64732594588165,Chandrapur,normal,statewide,0.0,1,7,CHIRPS Daily v2.0,Maharashtra,CHIRPS Rainfall
2025-01-22,2025-01-29,4.0,2025,P032,20.598621115946884,79.74569817422172,Chandrapur,normal,statewide,0.0,1,7,CHIRPS Daily v2.0,Maharashtra,CHIRPS Rainfall
2025-01-22,2025-01-29,4.0,2025,P033,21.38667804512237,75.14422248324037,Dhule,normal,statewide,2.557303547859192,1,7,CHIRPS Daily v2.0,Maharashtra,CHIRPS Rainfall
2025-01-22,2025-01-29,4.0,2025,P034,21.025151968113196,74.75989256344387,Dhule,normal,statewide,2.276522397994995,1,7,CHIRPS Daily v2.0,Maharashtra,CHIRPS Rainfall
2025-01-22,2025-01-29,4.0,2025,P035,21.477028350667293,74.85568743137505,Dhule,normal,statewide,3.233103096485138,1,7,CHIRPS Daily v2.0,Maharashtra,CHIRPS Rainfall
2025-01-22,2025-01-29,4.0,2025,P036,20.933820660336515,74.37533522949364,Dhule,normal,statewide,2.435804422944784,1,7,CHIRPS Daily v2.0,Maharashtra,CHIRPS Rainfall
2025-01-22,2025-01-29,4.0,2025,P037,19.963056524597132,79.91698116388667,Garhchiroli,normal,statewide,0.0,1,7,CHIRPS Daily v2.0,Maharashtra,CHIRPS Rainfall
2025-01-22,2025-01-29,4.0,2025,P038,19.062661462582188,79.88977172925856,Garhchiroli,normal,statewide,0.0,1,7,CHIRPS Daily v2.0,Maharashtra,CHIRPS Rainfall
2025-01-22,2025-01-29,4.0,2025,P039,19.510270485428137,79.9981368030594,Garhchiroli,normal,statewide,0.0,1,7,CHIRPS Daily v2.0,Maharashtra,CHIRPS Rainfall
2025-01-22,2025-01-29,4.0,2025,P040,19.870365190999156,80.00935144220881,Garhchiroli,normal,statewide,0.0,1,7,CHIRPS Daily v2.0,Maharashtra,CHIRPS Rainfall
2025-01-22,2025-01-29,4.0,2025,P041,21.127639946725598,80.1465044724107,Gondiya,normal,statewide,0.0,1,7,CHIRPS Daily v2.0,Maharashtra,CHIRPS Rainfall
2025-01-22,2025-01-29,4.0,2025,P042,21.397598383602258,80.15591763473452,Gondiya,normal,statewide,0.0,1,7,CHIRPS Daily v2.0,Maharashtra,CHIRPS Rainfall
2025-01-22,2025-01-29,4.0,2025,P043,21.574548890706154,80.25847249986273,Gondiya,normal,statewide,0.0,1,7,CHIRPS Daily v2.0,Maharashtra,CHIRPS Rainfall
2025-01-22,2025-01-29,4.0,2025,P044,21.211649410572516,80.34153217518526,Gondiya,normal,statewide,2.9373579025268555,1,7,CHIRPS Daily v2.0,Maharashtra,CHIRPS Rainfall
2025-01-22,2025-01-29,4.0,2025,P045,19.655900266732623,77.2407892392464,Hingoli,normal,statewide,0.0,1,7,CHIRPS Daily v2.0,Maharashtra,CHIRPS Rainfall
2025-01-22,2025-01-29,4.0,2025,P046,19.566758377573187,77.1442675378435,Hingoli,normal,statewide,0.0,1,7,CHIRPS Daily v2.0,Maharashtra,CHIRPS Rainfall
2025-01-22,2025-01-29,4.0,2025,P047,19.47860194974656,76.9526242927685,Hingoli,normal,statewide,2.3990675304085016,1,7,CHIRPS Daily v2.0,Maharashtra,CHIRPS Rainfall
2025-01-22,2025-01-29,4.0,2025,P048,19.927981235710728,77.14910120338544,Hingoli,normal,statewide,0.0,1,7,CHIRPS Daily v2.0,Maharashtra,CHIRPS Rainfall
2025-01-22,2025-01-29,4.0,2025,P049,21.292738163229433,76.10816865346904,Jalgaon,normal,statewide,0.0,1,7,CHIRPS Daily v2.0,Maharashtra,CHIRPS Rainfall
2025-01-22,2025-01-29,4.0,2025,P050,21.386178625804387,75.43363151891216,Jalgaon,normal,statewide,2.743375539779663,1,7,CHIRPS Daily v2.0,Maharashtra,CHIRPS Rainfall
2025-01-22,2025-01-29,4.0,2025,P051,21.112064306745907,76.10682200495089,Jalgaon,normal,statewide,0.0,1,7,CHIRPS Daily v2.0,Maharashtra,CHIRPS Rainfall
2025-01-22,2025-01-29,4.0,2025,P052,20.844437979720194,75.23982115072519,Jalgaon,normal,statewide,2.697232022881508,1,7,CHIRPS Daily v2.0,Maharashtra,CHIRPS Rainfall
2025-01-22,2025-01-29,4.0,2025,P053,19.486369703781666,76.00005328932718,Jalna,normal,statewide,2.216340210288763,1,7,CHIRPS Daily v2.0,Maharashtra,CHIRPS Rainfall
2025-01-22,2025-01-29,4.0,2025,P054,20.028502750758555,76.00343774702675,Jalna,normal,statewide,2.8832912743091583,1,7,CHIRPS Daily v2.0,Maharashtra,CHIRPS Rainfall
2025-01-22,2025-01-29,4.0,2025,P055,19.75743845682064,76.00172991132328,Jalna,normal,statewide,2.1191285848617554,1,7,CHIRPS Daily v2.0,Maharashtra,CHIRPS Rainfall
2025-01-22,2025-01-29,4.0,2025,P056,19.57768317515413,75.80993951591351,Jalna,normal,statewide,2.247121751308441,1,7,CHIRPS Daily v2.0,Maharashtra,CHIRPS Rainfall
2025-01-22,2025-01-29,4.0,2025,P057,16.776377793156257,74.29671235971928,Kolhapur,normal,statewide,0.272694556042552,1,7,CHIRPS Daily v2.0,Maharashtra,CHIRPS Rainfall
2025-01-22,2025-01-29,4.0,2025,P058,16.324416687682138,74.29834884980589,Kolhapur,normal,statewide,0.5017544813454151,1,7,CHIRPS Daily v2.0,Maharashtra,CHIRPS Rainfall
2025-01-22,2025-01-29,4.0,2025,P059,16.595891218916975,74.39111598812178,Kolhapur,normal,statewide,0.4372369721531868,1,7,CHIRPS Daily v2.0,Maharashtra,CHIRPS Rainfall
2025-01-22,2025-01-29,4.0,2025,P060,16.414811584237594,74.29802779453004,Kolhapur,normal,statewide,0.49011125043034554,1,7,CHIRPS Daily v2.0,Maharashtra,CHIRPS Rainfall
2025-01-22,2025-01-29,4.0,2025,P086,21.054127206758487,79.56798961993874,Nagpur,normal,statewide,2.1020119190216064,1,7,CHIRPS Daily v2.0,Maharashtra,CHIRPS Rainfall
2025-01-22,2025-01-29,4.0,2025,P087,21.146765031143822,79.47473643960802,Nagpur,normal,statewide,2.683011293411255,1,7,CHIRPS Daily v2.0,Maharashtra,CHIRPS Rainfall
2025-01-22,2025-01-29,4.0,2025,P088,21.347803602138427,78.61442869606356,Nagpur,normal,statewide,6.729279041290283,1,7,CHIRPS Daily v2.0,Maharashtra,CHIRPS Rainfall
2025-01-22,2025-01-29,4.0,2025,P089,21.165377318940912,78.70615240473293,Nagpur,normal,statewide,5.732169151306152,1,7,CHIRPS Daily v2.0,Maharashtra,CHIRPS Rainfall
2025-01-22,2025-01-29,4.0,2025,P090,19.201968238592887,77.42470040309472,Nanded,normal,statewide,0.0,1,7,CHIRPS Daily v2.0,Maharashtra,CHIRPS Rainfall
2025-01-22,2025-01-29,4.0,2025,P091,18.566038000956755,77.69963965584807,Nanded,normal,statewide,2.915152847766876,1,7,CHIRPS Daily v2.0,Maharashtra,CHIRPS Rainfall
2025-01-22,2025-01-29,4.0,2025,P092,19.736596618496833,77.90946265591798,Nanded,normal,statewide,0.0,1,7,CHIRPS Daily v2.0,Maharashtra,CHIRPS Rainfall
2025-01-22,2025-01-29,4.0,2025,P093,18.93564842817583,77.04115528508362,Nanded,normal,statewide,0.0,1,7,CHIRPS Daily v2.0,Maharashtra,CHIRPS Rainfall
2025-01-22,2025-01-29,4.0,2025,P094,21.564917232430716,74.08292967791392,Nandurbar,normal,statewide,1.48169906437397,1,7,CHIRPS Daily v2.0,Maharashtra,CHIRPS Rainfall
2025-01-22,2025-01-29,4.0,2025,P095,21.5662594218478,74.37266422796263,Nandurbar,normal,statewide,1.6988118886947632,1,7,CHIRPS Daily v2.0,Maharashtra,CHIRPS Rainfall
2025-01-22,2025-01-29,4.0,2025,P096,21.385179787168415,74.27697637845674,Nandurbar,normal,statewide,1.89021497964859,1,7,CHIRPS Daily v2.0,Maharashtra,CHIRPS Rainfall
2025-01-22,2025-01-29,4.0,2025,P097,21.565421110849755,74.17950488852946,Nandurbar,normal,statewide,1.44554802775383,1,7,CHIRPS Daily v2.0,Maharashtra,CHIRPS Rainfall
2025-01-22,2025-01-29,4.0,2025,P098,20.299553667393326,73.99482675929994,Nashik,normal,statewide,1.2304998487234116,1,7,CHIRPS Daily v2.0,Maharashtra,CHIRPS Rainfall
2025-01-22,2025-01-29,4.0,2025,P099,20.120253214034264,74.28296495117151,Nashik,normal,statewide,1.8851640820503235,1,7,CHIRPS Daily v2.0,Maharashtra,CHIRPS Rainfall
2025-01-22,2025-01-29,4.0,2025,P100,20.389903972938242,73.99424261706194,Nashik,normal,statewide,3.0136916637420654,1,7,CHIRPS Daily v2.0,Maharashtra,CHIRPS Rainfall
2025-01-22,2025-01-29,4.0,2025,P101,20.029015547379707,74.09216447619562,Nashik,normal,statewide,1.173647090792656,1,7,CHIRPS Daily v2.0,Maharashtra,CHIRPS Rainfall
2025-01-22,2025-01-29,4.0,2025,P102,17.85749130266526,76.36802722645965,Osmanabad,normal,statewide,1.017159592360258,1,7,CHIRPS Daily v2.0,Maharashtra,CHIRPS Rainfall
2025-01-22,2025-01-29,4.0,2025,P103,17.76644983645705,76.46164605307673,Osmanabad,normal,statewide,1.0556360110640526,1,7,CHIRPS Daily v2.0,Maharashtra,CHIRPS Rainfall
2025-01-22,2025-01-29,4.0,2025,P104,17.949094615606196,76.17989775301476,Osmanabad,normal,statewide,1.2129474431276321,1,7,CHIRPS Daily v2.0,Maharashtra,CHIRPS Rainfall
2025-01-22,2025-01-29,4.0,2025,P105,18.584360447185368,75.61558067829696,Osmanabad,normal,statewide,1.0953934788703918,1,7,CHIRPS Daily v2.0,Maharashtra,CHIRPS Rainfall
2025-01-22,2025-01-29,4.0,2025,P106,19.031389786894366,76.47235681380711,Parbhani,normal,statewide,2.0244518518447876,1,7,CHIRPS Daily v2.0,Maharashtra,CHIRPS Rainfall
2025-01-22,2025-01-29,4.0,2025,P107,19.120950831552832,76.56820519095093,Parbhani,normal,statewide,2.610841915011406,1,7,CHIRPS Daily v2.0,Maharashtra,CHIRPS Rainfall
2025-01-22,2025-01-29,4.0,2025,P108,19.208625676465683,76.85432786914635,Parbhani,normal,statewide,0.0,1,7,CHIRPS Daily v2.0,Maharashtra,CHIRPS Rainfall
2025-01-22,2025-01-29,4.0,2025,P109,19.212081479782103,76.47396209018636,Parbhani,normal,statewide,2.807265505194664,1,7,CHIRPS Daily v2.0,Maharashtra,CHIRPS Rainfall
2025-01-22,2025-01-29,4.0,2025,P110,18.133442771357757,75.04679558432363,Pune,normal,statewide,0.20162213407456875,1,7,CHIRPS Daily v2.0,Maharashtra,CHIRPS Rainfall
2025-01-22,2025-01-29,4.0,2025,P111,18.584645829652782,74.47919215212944,Pune,normal,statewide,0.3063533455133438,1,7,CHIRPS Daily v2.0,Maharashtra,CHIRPS Rainfall
2025-01-22,2025-01-29,4.0,2025,P112,18.132979024848197,74.57507620208169,Pune,normal,statewide,0.16217857040464878,1,7,CHIRPS Daily v2.0,Maharashtra,CHIRPS Rainfall
2025-01-22,2025-01-29,4.0,2025,P113,18.314072036830744,74.76389683618987,Pune,normal,statewide,0.32827839255332947,1,7,CHIRPS Daily v2.0,Maharashtra,CHIRPS Rainfall
2025-01-22,2025-01-29,4.0,2025,P114,18.48503397121986,73.0589238755964,Raigarh,normal,statewide,0.5159641653299332,1,7,CHIRPS Daily v2.0,Maharashtra,CHIRPS Rainfall
2025-01-22,2025-01-29,4.0,2025,P115,18.665689991299164,73.05687714821288,Raigarh,normal,statewide,0.6339831799268723,1,7,CHIRPS Daily v2.0,Maharashtra,CHIRPS Rainfall
2025-01-22,2025-01-29,4.0,2025,P116,18.306197264370358,73.25009891506079,Raigarh,normal,statewide,0.4670310616493225,1,7,CHIRPS Daily v2.0,Maharashtra,CHIRPS Rainfall
2025-01-22,2025-01-29,4.0,2025,P117,18.21404102289879,73.06194714611064,Raigarh,normal,statewide,0.682546803727746,1,7,CHIRPS Daily v2.0,Maharashtra,CHIRPS Rainfall
2025-01-22,2025-01-29,4.0,2025,P118,17.138719885658215,75.42259970290594,Sangli,normal,statewide,0.608029767870903,1,7,CHIRPS Daily v2.0,Maharashtra,CHIRPS Rainfall
2025-01-22,2025-01-29,4.0,2025,P119,17.048761981005992,74.95348443567921,Sangli,normal,statewide,0.5951057560741901,1,7,CHIRPS Daily v2.0,Maharashtra,CHIRPS Rainfall
2025-01-22,2025-01-29,4.0,2025,P120,16.86707144948229,74.39025538161847,Sangli,normal,statewide,0.4033619463443756,1,7,CHIRPS Daily v2.0,Maharashtra,CHIRPS Rainfall
2025-01-22,2025-01-29,4.0,2025,P121,17.048503353144895,74.67157114887826,Sangli,normal,statewide,0.46557343006134033,1,7,CHIRPS Daily v2.0,Maharashtra,CHIRPS Rainfall
2025-01-22,2025-01-29,4.0,2025,P148,17.67852974098626,76.08383979812143,Solapur,normal,statewide,1.2872826755046844,1,7,CHIRPS Daily v2.0,Maharashtra,CHIRPS Rainfall
2025-01-22,2025-01-29,4.0,2025,P149,18.223365003201543,75.4251413905064,Solapur,normal,statewide,0.40888736210763454,1,7,CHIRPS Daily v2.0,Maharashtra,CHIRPS Rainfall
2025-01-22,2025-01-29,4.0,2025,P150,17.952532582518405,75.23562067753285,Solapur,normal,statewide,0.3281036354601383,1,7,CHIRPS Daily v2.0,Maharashtra,CHIRPS Rainfall
2025-01-22,2025-01-29,4.0,2025,P151,18.223690517578447,75.23598186471818,Solapur,normal,statewide,0.17659208830446005,1,7,CHIRPS Daily v2.0,Maharashtra,CHIRPS Rainfall
2025-01-22,2025-01-29,4.0,2025,P152,19.658178867370932,72.94986318203122,Thane,normal,statewide,0.6931475028395653,1,7,CHIRPS Daily v2.0,Maharashtra,CHIRPS Rainfall
2025-01-22,2025-01-29,4.0,2025,P153,19.65706409210757,72.8545320606096,Thane,normal,statewide,0.2756257727742195,1,7,CHIRPS Daily v2.0,Maharashtra,CHIRPS Rainfall
2025-01-22,2025-01-29,4.0,2025,P154,19.477549601897948,72.95214624177059,Thane,normal,statewide,0.8112958427518606,1,7,CHIRPS Daily v2.0,Maharashtra,CHIRPS Rainfall
2025-01-22,2025-01-29,4.0,2025,P155,19.83987385799569,73.0429959666335,Thane,normal,statewide,0.4104767367243767,1,7,CHIRPS Daily v2.0,Maharashtra,CHIRPS Rainfall
2025-01-22,2025-01-29,4.0,2025,P156,20.806749657616468,78.60135461177485,Wardha,normal,statewide,6.345168828964233,1,7,CHIRPS Daily v2.0,Maharashtra,CHIRPS Rainfall
2025-01-22,2025-01-29,4.0,2025,P157,20.71031267913359,78.88671032458906,Wardha,normal,statewide,2.2338489294052124,1,7,CHIRPS Daily v2.0,Maharashtra,CHIRPS Rainfall
2025-01-22,2025-01-29,4.0,2025,P158,21.081265295769754,78.41565980750515,Wardha,normal,statewide,6.657784938812256,1,7,CHIRPS Daily v2.0,Maharashtra,CHIRPS Rainfall
2025-01-22,2025-01-29,4.0,2025,P159,20.439854822938944,78.87986114537097,Wardha,normal,statewide,2.604000374674797,1,7,CHIRPS Daily v2.0,Maharashtra,CHIRPS Rainfall
2025-01-22,2025-01-29,4.0,2025,P160,20.289186257444058,77.15404188735265,Washim,normal,statewide,0.0,1,7,CHIRPS Daily v2.0,Maharashtra,CHIRPS Rainfall
2025-01-22,2025-01-29,4.0,2025,P161,20.464607292886615,77.53975858757677,Washim,normal,statewide,0.0,1,7,CHIRPS Daily v2.0,Maharashtra,CHIRPS Rainfall
2025-01-22,2025-01-29,4.0,2025,P162,20.107393166596125,77.2471479173486,Washim,normal,statewide,0.0,1,7,CHIRPS Daily v2.0,Maharashtra,CHIRPS Rainfall
2025-01-22,2025-01-29,4.0,2025,P163,20.198885002010726,77.1527933390577,Washim,normal,statewide,0.0,1,7,CHIRPS Daily v2.0,Maharashtra,CHIRPS Rainfall
2025-01-22,2025-01-29,4.0,2025,P164,20.182854533723592,78.20447678161395,Yavatmal,normal,statewide,0.0,1,7,CHIRPS Daily v2.0,Maharashtra,CHIRPS Rainfall
2025-01-22,2025-01-29,4.0,2025,P165,19.894658373538324,79.05709703494229,Yavatmal,normal,statewide,0.0,1,7,CHIRPS Daily v2.0,Maharashtra,CHIRPS Rainfall
2025-01-22,2025-01-29,4.0,2025,P166,19.468787468327925,77.71426550730338,Yavatmal,normal,statewide,0.0,1,7,CHIRPS Daily v2.0,Maharashtra,CHIRPS Rainfall
2025-01-22,2025-01-29,4.0,2025,P167,19.559057510053886,77.71577268345945,Yavatmal,normal,statewide,0.0,1,7,CHIRPS Daily v2.0,Maharashtra,CHIRPS Rainfall
2025-01-29,2025-02-05,5.0,2025,P147,17.927231643141155,73.94769852026607,Satara,case_study,case_study,0.0,1,7,CHIRPS Daily v2.0,Maharashtra,CHIRPS Rainfall
2025-01-29,2025-02-05,5.0,2025,P061,18.507855650411397,76.91766048140843,Latur,high,priority,2.711533546447754,1,7,CHIRPS Daily v2.0,Maharashtra,CHIRPS Rainfall
2025-01-29,2025-02-05,5.0,2025,P062,18.422405896924207,76.3487594508077,Latur,high,priority,0.0,1,7,CHIRPS Daily v2.0,Maharashtra,CHIRPS Rainfall
2025-01-29,2025-02-05,5.0,2025,P063,18.235391198742693,77.05646783810116,Latur,high,priority,0.0,1,7,CHIRPS Daily v2.0,Maharashtra,CHIRPS Rainfall
2025-01-29,2025-02-05,5.0,2025,P064,18.193056493341274,76.77240080549139,Latur,high,priority,0.0,1,7,CHIRPS Daily v2.0,Maharashtra,CHIRPS Rainfall
2025-01-29,2025-02-05,5.0,2025,P065,18.331355512513895,76.44266811899327,Latur,high,priority,0.0,1,7,CHIRPS Daily v2.0,Maharashtra,CHIRPS Rainfall
2025-01-29,2025-02-05,5.0,2025,P066,18.104739537876725,76.5352970251765,Latur,high,priority,0.0,1,7,CHIRPS Daily v2.0,Maharashtra,CHIRPS Rainfall
2025-01-29,2025-02-05,5.0,2025,P067,18.280552974211986,77.0569984711265,Latur,high,priority,0.0,1,7,CHIRPS Daily v2.0,Maharashtra,CHIRPS Rainfall
2025-01-29,2025-02-05,5.0,2025,P068,18.101823285787773,76.86595720469373,Latur,high,priority,0.0,1,7,CHIRPS Daily v2.0,Maharashtra,CHIRPS Rainfall
2025-01-29,2025-02-05,5.0,2025,P069,18.595075667016793,77.20284228928156,Latur,high,priority,5.579906940460205,1,7,CHIRPS Daily v2.0,Maharashtra,CHIRPS Rainfall
2025-01-29,2025-02-05,5.0,2025,P070,18.41499041187233,77.15322587185987,Latur,high,priority,2.951646566390991,1,7,CHIRPS Daily v2.0,Maharashtra,CHIRPS Rainfall
2025-01-29,2025-02-05,5.0,2025,P071,18.149138807065885,76.63019561379593,Latur,high,priority,0.0,1,7,CHIRPS Daily v2.0,Maharashtra,CHIRPS Rainfall
2025-01-29,2025-02-05,5.0,2025,P072,18.283393421583035,76.77331492120734,Latur,high,priority,0.0,1,7,CHIRPS Daily v2.0,Maharashtra,CHIRPS Rainfall
2025-01-29,2025-02-05,5.0,2025,P073,17.966315663874607,76.86453029235662,Latur,high,priority,0.0,1,7,CHIRPS Daily v2.0,Maharashtra,CHIRPS Rainfall
2025-01-29,2025-02-05,5.0,2025,P074,18.50832831512306,76.870318205524,Latur,high,priority,0.0,1,7,CHIRPS Daily v2.0,Maharashtra,CHIRPS Rainfall
2025-01-29,2025-02-05,5.0,2025,P075,18.41444640154381,77.20053247493588,Latur,high,priority,2.746474266052246,1,7,CHIRPS Daily v2.0,Maharashtra,CHIRPS Rainfall
2025-01-29,2025-02-05,5.0,2025,P076,18.377877313804504,76.25376722106614,Latur,high,priority,0.0,1,7,CHIRPS Daily v2.0,Maharashtra,CHIRPS Rainfall
2025-01-29,2025-02-05,5.0,2025,P077,18.059564385104267,76.5349046242838,Latur,high,priority,0.0,1,7,CHIRPS Daily v2.0,Maharashtra,CHIRPS Rainfall
2025-01-29,2025-02-05,5.0,2025,P078,18.1008824154655,76.96042326051098,Latur,high,priority,0.0,1,7,CHIRPS Daily v2.0,Maharashtra,CHIRPS Rainfall
2025-01-29,2025-02-05,5.0,2025,P079,18.73508698099394,76.77797468180819,Latur,high,priority,0.0,1,7,CHIRPS Daily v2.0,Maharashtra,CHIRPS Rainfall
2025-01-29,2025-02-05,5.0,2025,P080,18.46791548227568,76.3017694439065,Latur,high,priority,0.0,1,7,CHIRPS Daily v2.0,Maharashtra,CHIRPS Rainfall
2025-01-29,2025-02-05,5.0,2025,P081,18.10355787609756,76.67701617485712,Latur,high,priority,0.0,1,7,CHIRPS Daily v2.0,Maharashtra,CHIRPS Rainfall
2025-01-29,2025-02-05,5.0,2025,P082,18.23907887531389,76.67830931416262,Latur,high,priority,0.0,1,7,CHIRPS Daily v2.0,Maharashtra,CHIRPS Rainfall
2025-01-29,2025-02-05,5.0,2025,P083,18.369289085175563,77.19996171000103,Latur,high,priority,0.0,1,7,CHIRPS Daily v2.0,Maharashtra,CHIRPS Rainfall
2025-01-29,2025-02-05,5.0,2025,P084,18.46362582706226,76.82249880582684,Latur,high,priority,0.0,1,7,CHIRPS Daily v2.0,Maharashtra,CHIRPS Rainfall
2025-01-29,2025-02-05,5.0,2025,P085,18.14788579966987,76.77194597718393,Latur,high,priority,0.0,1,7,CHIRPS Daily v2.0,Maharashtra,CHIRPS Rainfall
2025-01-29,2025-02-05,5.0,2025,P122,17.88145897082753,73.8441448165019,Satara,high,priority,0.0,1,7,CHIRPS Daily v2.0,Maharashtra,CHIRPS Rainfall
2025-01-29,2025-02-05,5.0,2025,P123,17.386414030975025,74.27088970551878,Satara,high,priority,0.0,1,7,CHIRPS Daily v2.0,Maharashtra,CHIRPS Rainfall
2025-01-29,2025-02-05,5.0,2025,P124,17.43262815429294,74.647353771057,Satara,high,priority,0.0,1,7,CHIRPS Daily v2.0,Maharashtra,CHIRPS Rainfall
2025-01-29,2025-02-05,5.0,2025,P125,17.56734651531964,74.31728219287884,Satara,high,priority,0.0,1,7,CHIRPS Daily v2.0,Maharashtra,CHIRPS Rainfall
2025-01-29,2025-02-05,5.0,2025,P126,17.205080227535593,74.13053949986157,Satara,high,priority,0.0,1,7,CHIRPS Daily v2.0,Maharashtra,CHIRPS Rainfall
2025-01-29,2025-02-05,5.0,2025,P127,17.65773249367299,74.31694330119876,Satara,high,priority,0.0,1,7,CHIRPS Daily v2.0,Maharashtra,CHIRPS Rainfall
2025-01-29,2025-02-05,5.0,2025,P128,18.019949731345452,74.5517328080669,Satara,high,priority,0.0,1,7,CHIRPS Daily v2.0,Maharashtra,CHIRPS Rainfall
2025-01-29,2025-02-05,5.0,2025,P129,18.063234225271252,74.03192648006461,Satara,high,priority,0.0,1,7,CHIRPS Daily v2.0,Maharashtra,CHIRPS Rainfall
2025-01-29,2025-02-05,5.0,2025,P130,17.61135784271715,74.03436560834085,Satara,high,priority,0.0,1,7,CHIRPS Daily v2.0,Maharashtra,CHIRPS Rainfall
2025-01-29,2025-02-05,5.0,2025,P131,17.612539504496315,74.3171127470388,Satara,high,priority,0.0,1,7,CHIRPS Daily v2.0,Maharashtra,CHIRPS Rainfall
2025-01-29,2025-02-05,5.0,2025,P132,17.702176353872684,74.12817617630324,Satara,high,priority,0.0,1,7,CHIRPS Daily v2.0,Maharashtra,CHIRPS Rainfall
2025-01-29,2025-02-05,5.0,2025,P133,17.25006363896275,74.08329532420031,Satara,high,priority,0.0,1,7,CHIRPS Daily v2.0,Maharashtra,CHIRPS Rainfall
2025-01-29,2025-02-05,5.0,2025,P134,17.476429903940936,74.17634784498362,Satara,high,priority,0.0,1,7,CHIRPS Daily v2.0,Maharashtra,CHIRPS Rainfall
2025-01-29,2025-02-05,5.0,2025,P135,17.882716437324603,74.0801070669471,Satara,high,priority,0.0,1,7,CHIRPS Daily v2.0,Maharashtra,CHIRPS Rainfall
2025-01-29,2025-02-05,5.0,2025,P136,17.928520323345598,74.22149178404871,Satara,high,priority,0.0,1,7,CHIRPS Daily v2.0,Maharashtra,CHIRPS Rainfall
2025-01-29,2025-02-05,5.0,2025,P137,17.746687100588183,73.98648378122894,Satara,high,priority,0.0,1,7,CHIRPS Daily v2.0,Maharashtra,CHIRPS Rainfall
2025-01-29,2025-02-05,5.0,2025,P138,17.61269557303319,74.36423652697161,Satara,high,priority,0.0,1,7,CHIRPS Daily v2.0,Maharashtra,CHIRPS Rainfall
2025-01-29,2025-02-05,5.0,2025,P139,17.656773786946495,74.08126197411994,Satara,high,priority,0.0,1,7,CHIRPS Daily v2.0,Maharashtra,CHIRPS Rainfall
2025-01-29,2025-02-05,5.0,2025,P140,17.97464080554139,74.50462240543725,Satara,high,priority,0.0,1,7,CHIRPS Daily v2.0,Maharashtra,CHIRPS Rainfall
2025-01-29,2025-02-05,5.0,2025,P141,17.430826677467348,74.08239904488856,Satara,high,priority,0.0,1,7,CHIRPS Daily v2.0,Maharashtra,CHIRPS Rainfall
2025-01-29,2025-02-05,5.0,2025,P142,18.064447100757786,74.31538707493111,Satara,high,priority,0.0,1,7,CHIRPS Daily v2.0,Maharashtra,CHIRPS Rainfall
2025-01-29,2025-02-05,5.0,2025,P143,17.70379500755509,74.6468275971327,Satara,high,priority,0.0,1,7,CHIRPS Daily v2.0,Maharashtra,CHIRPS Rainfall
2025-01-29,2025-02-05,5.0,2025,P144,17.929452275465767,74.50474726026674,Satara,high,priority,0.0,1,7,CHIRPS Daily v2.0,Maharashtra,CHIRPS Rainfall
2025-01-29,2025-02-05,5.0,2025,P145,17.47773196144854,74.60017202281048,Satara,high,priority,0.0,1,7,CHIRPS Daily v2.0,Maharashtra,CHIRPS Rainfall
2025-01-29,2025-02-05,5.0,2025,P146,17.839182233739812,74.55218763637436,Satara,high,priority,0.0,1,7,CHIRPS Daily v2.0,Maharashtra,CHIRPS Rainfall
2025-01-29,2025-02-05,5.0,2025,P001,19.940457800458272,74.57045211428928,Ahmednagar,normal,statewide,0.0,1,7,CHIRPS Daily v2.0,Maharashtra,CHIRPS Rainfall
2025-01-29,2025-02-05,5.0,2025,P002,18.946729294293643,74.76302285238339,Ahmednagar,normal,statewide,0.0,1,7,CHIRPS Daily v2.0,Maharashtra,CHIRPS Rainfall
2025-01-29,2025-02-05,5.0,2025,P003,18.49469238410162,74.66892244285252,Ahmednagar,normal,statewide,0.0,1,7,CHIRPS Daily v2.0,Maharashtra,CHIRPS Rainfall
2025-01-29,2025-02-05,5.0,2025,P004,19.03720445466806,75.1420731965326,Ahmednagar,normal,statewide,0.0,1,7,CHIRPS Daily v2.0,Maharashtra,CHIRPS Rainfall
2025-01-29,2025-02-05,5.0,2025,P005,20.832153156317954,77.06560453615967,Akola,normal,statewide,0.0,1,7,CHIRPS Daily v2.0,Maharashtra,CHIRPS Rainfall
2025-01-29,2025-02-05,5.0,2025,P006,20.834360411339407,76.87349308547405,Akola,normal,statewide,0.0,1,7,CHIRPS Daily v2.0,Maharashtra,CHIRPS Rainfall
2025-01-29,2025-02-05,5.0,2025,P007,21.014976299509232,76.87574047240498,Akola,normal,statewide,0.0,1,7,CHIRPS Daily v2.0,Maharashtra,CHIRPS Rainfall
2025-01-29,2025-02-05,5.0,2025,P008,20.828434266039377,77.35372489162701,Akola,normal,statewide,0.0,1,7,CHIRPS Daily v2.0,Maharashtra,CHIRPS Rainfall
2025-01-29,2025-02-05,5.0,2025,P009,21.360971327549258,77.94039543992572,Amravati,normal,statewide,0.0,1,7,CHIRPS Daily v2.0,Maharashtra,CHIRPS Rainfall
2025-01-29,2025-02-05,5.0,2025,P010,21.178803672212837,78.03301542790685,Amravati,normal,statewide,0.0,1,7,CHIRPS Daily v2.0,Maharashtra,CHIRPS Rainfall
2025-01-29,2025-02-05,5.0,2025,P011,20.814388097721018,78.21764450702477,Amravati,normal,statewide,0.0,1,7,CHIRPS Daily v2.0,Maharashtra,CHIRPS Rainfall
2025-01-29,2025-02-05,5.0,2025,P012,21.180502589714195,77.93681032267875,Amravati,normal,statewide,0.0,1,7,CHIRPS Daily v2.0,Maharashtra,CHIRPS Rainfall
2025-01-29,2025-02-05,5.0,2025,P013,20.031289688916964,74.8570519162974,Aurangabad,normal,statewide,0.0,1,7,CHIRPS Daily v2.0,Maharashtra,CHIRPS Rainfall
2025-01-29,2025-02-05,5.0,2025,P014,19.760185263069562,75.14270192978114,Aurangabad,normal,statewide,0.0,1,7,CHIRPS Daily v2.0,Maharashtra,CHIRPS Rainfall
2025-01-29,2025-02-05,5.0,2025,P015,19.9408189876436,74.76157364454102,Aurangabad,normal,statewide,0.0,1,7,CHIRPS Daily v2.0,Maharashtra,CHIRPS Rainfall
2025-01-29,2025-02-05,5.0,2025,P016,19.66981712112043,75.14262166596218,Aurangabad,normal,statewide,0.0,1,7,CHIRPS Daily v2.0,Maharashtra,CHIRPS Rainfall
2025-01-29,2025-02-05,5.0,2025,P017,21.04613203856966,79.85576216552393,Bhandara,normal,statewide,0.0,1,7,CHIRPS Daily v2.0,Maharashtra,CHIRPS Rainfall
2025-01-29,2025-02-05,5.0,2025,P018,21.31897105472685,79.76852877161537,Bhandara,normal,statewide,0.0,1,7,CHIRPS Daily v2.0,Maharashtra,CHIRPS Rainfall
2025-01-29,2025-02-05,5.0,2025,P019,21.40900922319803,79.77144948280537,Bhandara,normal,statewide,0.0,1,7,CHIRPS Daily v2.0,Maharashtra,CHIRPS Rainfall
2025-01-29,2025-02-05,5.0,2025,P020,21.144196588937042,79.57074980349083,Bhandara,normal,statewide,0.0,1,7,CHIRPS Daily v2.0,Maharashtra,CHIRPS Rainfall
2025-01-29,2025-02-05,5.0,2025,P021,18.67502288980403,75.52108340877234,Bid,normal,statewide,0.0,1,7,CHIRPS Daily v2.0,Maharashtra,CHIRPS Rainfall
2025-01-29,2025-02-05,5.0,2025,P022,18.856499384477168,75.04699178476999,Bid,normal,statewide,0.0,1,7,CHIRPS Daily v2.0,Maharashtra,CHIRPS Rainfall
2025-01-29,2025-02-05,5.0,2025,P023,19.126596053486494,75.6175605191647,Bid,normal,statewide,0.0,1,7,CHIRPS Daily v2.0,Maharashtra,CHIRPS Rainfall
2025-01-29,2025-02-05,5.0,2025,P024,18.763955201213946,75.90084720909012,Bid,normal,statewide,0.0,1,7,CHIRPS Daily v2.0,Maharashtra,CHIRPS Rainfall
2025-01-29,2025-02-05,5.0,2025,P025,20.93073496240753,76.20164478885242,Buldana,normal,statewide,0.0,1,7,CHIRPS Daily v2.0,Maharashtra,CHIRPS Rainfall
2025-01-29,2025-02-05,5.0,2025,P026,20.838939908121294,76.39311412898633,Buldana,normal,statewide,0.0,1,7,CHIRPS Daily v2.0,Maharashtra,CHIRPS Rainfall
2025-01-29,2025-02-05,5.0,2025,P027,20.657476790751314,76.48742857536776,Buldana,normal,statewide,0.0,1,7,CHIRPS Daily v2.0,Maharashtra,CHIRPS Rainfall
2025-01-29,2025-02-05,5.0,2025,P028,20.47967013624516,76.10222021266374,Buldana,normal,statewide,0.0,1,7,CHIRPS Daily v2.0,Maharashtra,CHIRPS Rainfall
2025-01-29,2025-02-05,5.0,2025,P029,20.32317798477448,79.92829390325927,Chandrapur,normal,statewide,0.0,1,7,CHIRPS Daily v2.0,Maharashtra,CHIRPS Rainfall
2025-01-29,2025-02-05,5.0,2025,P030,20.60872097983294,79.36304041732026,Chandrapur,normal,statewide,0.0,1,7,CHIRPS Daily v2.0,Maharashtra,CHIRPS Rainfall
2025-01-29,2025-02-05,5.0,2025,P031,20.511160307884595,79.64732594588165,Chandrapur,normal,statewide,0.0,1,7,CHIRPS Daily v2.0,Maharashtra,CHIRPS Rainfall
2025-01-29,2025-02-05,5.0,2025,P032,20.598621115946884,79.74569817422172,Chandrapur,normal,statewide,0.0,1,7,CHIRPS Daily v2.0,Maharashtra,CHIRPS Rainfall
2025-01-29,2025-02-05,5.0,2025,P033,21.38667804512237,75.14422248324037,Dhule,normal,statewide,0.0,1,7,CHIRPS Daily v2.0,Maharashtra,CHIRPS Rainfall
2025-01-29,2025-02-05,5.0,2025,P034,21.025151968113196,74.75989256344387,Dhule,normal,statewide,0.0,1,7,CHIRPS Daily v2.0,Maharashtra,CHIRPS Rainfall
2025-01-29,2025-02-05,5.0,2025,P035,21.477028350667293,74.85568743137505,Dhule,normal,statewide,0.0,1,7,CHIRPS Daily v2.0,Maharashtra,CHIRPS Rainfall
2025-01-29,2025-02-05,5.0,2025,P036,20.933820660336515,74.37533522949364,Dhule,normal,statewide,0.0,1,7,CHIRPS Daily v2.0,Maharashtra,CHIRPS Rainfall
2025-01-29,2025-02-05,5.0,2025,P037,19.963056524597132,79.91698116388667,Garhchiroli,normal,statewide,0.0,1,7,CHIRPS Daily v2.0,Maharashtra,CHIRPS Rainfall
2025-01-29,2025-02-05,5.0,2025,P038,19.062661462582188,79.88977172925856,Garhchiroli,normal,statewide,4.646596908569336,1,7,CHIRPS Daily v2.0,Maharashtra,CHIRPS Rainfall
2025-01-29,2025-02-05,5.0,2025,P039,19.510270485428137,79.9981368030594,Garhchiroli,normal,statewide,3.737034559249878,1,7,CHIRPS Daily v2.0,Maharashtra,CHIRPS Rainfall
2025-01-29,2025-02-05,5.0,2025,P040,19.870365190999156,80.00935144220881,Garhchiroli,normal,statewide,3.1610825061798096,1,7,CHIRPS Daily v2.0,Maharashtra,CHIRPS Rainfall
2025-01-29,2025-02-05,5.0,2025,P041,21.127639946725598,80.1465044724107,Gondiya,normal,statewide,0.0,1,7,CHIRPS Daily v2.0,Maharashtra,CHIRPS Rainfall
2025-01-29,2025-02-05,5.0,2025,P042,21.397598383602258,80.15591763473452,Gondiya,normal,statewide,0.0,1,7,CHIRPS Daily v2.0,Maharashtra,CHIRPS Rainfall
2025-01-29,2025-02-05,5.0,2025,P043,21.574548890706154,80.25847249986273,Gondiya,normal,statewide,0.0,1,7,CHIRPS Daily v2.0,Maharashtra,CHIRPS Rainfall
2025-01-29,2025-02-05,5.0,2025,P044,21.211649410572516,80.34153217518526,Gondiya,normal,statewide,0.0,1,7,CHIRPS Daily v2.0,Maharashtra,CHIRPS Rainfall
2025-01-29,2025-02-05,5.0,2025,P045,19.655900266732623,77.2407892392464,Hingoli,normal,statewide,3.2915220260620117,1,7,CHIRPS Daily v2.0,Maharashtra,CHIRPS Rainfall
2025-01-29,2025-02-05,5.0,2025,P046,19.566758377573187,77.1442675378435,Hingoli,normal,statewide,3.983802556991577,1,7,CHIRPS Daily v2.0,Maharashtra,CHIRPS Rainfall
2025-01-29,2025-02-05,5.0,2025,P047,19.47860194974656,76.9526242927685,Hingoli,normal,statewide,0.0,1,7,CHIRPS Daily v2.0,Maharashtra,CHIRPS Rainfall
2025-01-29,2025-02-05,5.0,2025,P048,19.927981235710728,77.14910120338544,Hingoli,normal,statewide,0.0,1,7,CHIRPS Daily v2.0,Maharashtra,CHIRPS Rainfall
2025-01-29,2025-02-05,5.0,2025,P049,21.292738163229433,76.10816865346904,Jalgaon,normal,statewide,0.0,1,7,CHIRPS Daily v2.0,Maharashtra,CHIRPS Rainfall
2025-01-29,2025-02-05,5.0,2025,P050,21.386178625804387,75.43363151891216,Jalgaon,normal,statewide,0.0,1,7,CHIRPS Daily v2.0,Maharashtra,CHIRPS Rainfall
2025-01-29,2025-02-05,5.0,2025,P051,21.112064306745907,76.10682200495089,Jalgaon,normal,statewide,0.0,1,7,CHIRPS Daily v2.0,Maharashtra,CHIRPS Rainfall
2025-01-29,2025-02-05,5.0,2025,P052,20.844437979720194,75.23982115072519,Jalgaon,normal,statewide,0.0,1,7,CHIRPS Daily v2.0,Maharashtra,CHIRPS Rainfall
2025-01-29,2025-02-05,5.0,2025,P053,19.486369703781666,76.00005328932718,Jalna,normal,statewide,0.0,1,7,CHIRPS Daily v2.0,Maharashtra,CHIRPS Rainfall
2025-01-29,2025-02-05,5.0,2025,P054,20.028502750758555,76.00343774702675,Jalna,normal,statewide,0.0,1,7,CHIRPS Daily v2.0,Maharashtra,CHIRPS Rainfall
2025-01-29,2025-02-05,5.0,2025,P055,19.75743845682064,76.00172991132328,Jalna,normal,statewide,0.0,1,7,CHIRPS Daily v2.0,Maharashtra,CHIRPS Rainfall
2025-01-29,2025-02-05,5.0,2025,P056,19.57768317515413,75.80993951591351,Jalna,normal,statewide,0.0,1,7,CHIRPS Daily v2.0,Maharashtra,CHIRPS Rainfall
2025-01-29,2025-02-05,5.0,2025,P057,16.776377793156257,74.29671235971928,Kolhapur,normal,statewide,0.0,1,7,CHIRPS Daily v2.0,Maharashtra,CHIRPS Rainfall
2025-01-29,2025-02-05,5.0,2025,P058,16.324416687682138,74.29834884980589,Kolhapur,normal,statewide,0.0,1,7,CHIRPS Daily v2.0,Maharashtra,CHIRPS Rainfall
2025-01-29,2025-02-05,5.0,2025,P059,16.595891218916975,74.39111598812178,Kolhapur,normal,statewide,0.0,1,7,CHIRPS Daily v2.0,Maharashtra,CHIRPS Rainfall
2025-01-29,2025-02-05,5.0,2025,P060,16.414811584237594,74.29802779453004,Kolhapur,normal,statewide,0.0,1,7,CHIRPS Daily v2.0,Maharashtra,CHIRPS Rainfall
2025-01-29,2025-02-05,5.0,2025,P086,21.054127206758487,79.56798961993874,Nagpur,normal,statewide,0.0,1,7,CHIRPS Daily v2.0,Maharashtra,CHIRPS Rainfall
2025-01-29,2025-02-05,5.0,2025,P087,21.146765031143822,79.47473643960802,Nagpur,normal,statewide,0.0,1,7,CHIRPS Daily v2.0,Maharashtra,CHIRPS Rainfall
2025-01-29,2025-02-05,5.0,2025,P088,21.347803602138427,78.61442869606356,Nagpur,normal,statewide,0.0,1,7,CHIRPS Daily v2.0,Maharashtra,CHIRPS Rainfall
2025-01-29,2025-02-05,5.0,2025,P089,21.165377318940912,78.70615240473293,Nagpur,normal,statewide,0.0,1,7,CHIRPS Daily v2.0,Maharashtra,CHIRPS Rainfall
2025-01-29,2025-02-05,5.0,2025,P090,19.201968238592887,77.42470040309472,Nanded,normal,statewide,0.0,1,7,CHIRPS Daily v2.0,Maharashtra,CHIRPS Rainfall
2025-01-29,2025-02-05,5.0,2025,P091,18.566038000956755,77.69963965584807,Nanded,normal,statewide,0.0,1,7,CHIRPS Daily v2.0,Maharashtra,CHIRPS Rainfall
2025-01-29,2025-02-05,5.0,2025,P092,19.736596618496833,77.90946265591798,Nanded,normal,statewide,4.617791652679443,1,7,CHIRPS Daily v2.0,Maharashtra,CHIRPS Rainfall
2025-01-29,2025-02-05,5.0,2025,P093,18.93564842817583,77.04115528508362,Nanded,normal,statewide,5.104190826416016,1,7,CHIRPS Daily v2.0,Maharashtra,CHIRPS Rainfall
2025-01-29,2025-02-05,5.0,2025,P094,21.564917232430716,74.08292967791392,Nandurbar,normal,statewide,0.0,1,7,CHIRPS Daily v2.0,Maharashtra,CHIRPS Rainfall
2025-01-29,2025-02-05,5.0,2025,P095,21.5662594218478,74.37266422796263,Nandurbar,normal,statewide,0.0,1,7,CHIRPS Daily v2.0,Maharashtra,CHIRPS Rainfall
2025-01-29,2025-02-05,5.0,2025,P096,21.385179787168415,74.27697637845674,Nandurbar,normal,statewide,0.0,1,7,CHIRPS Daily v2.0,Maharashtra,CHIRPS Rainfall
2025-01-29,2025-02-05,5.0,2025,P097,21.565421110849755,74.17950488852946,Nandurbar,normal,statewide,0.0,1,7,CHIRPS Daily v2.0,Maharashtra,CHIRPS Rainfall
2025-01-29,2025-02-05,5.0,2025,P098,20.299553667393326,73.99482675929994,Nashik,normal,statewide,0.0,1,7,CHIRPS Daily v2.0,Maharashtra,CHIRPS Rainfall
2025-01-29,2025-02-05,5.0,2025,P099,20.120253214034264,74.28296495117151,Nashik,normal,statewide,0.0,1,7,CHIRPS Daily v2.0,Maharashtra,CHIRPS Rainfall
2025-01-29,2025-02-05,5.0,2025,P100,20.389903972938242,73.99424261706194,Nashik,normal,statewide,0.0,1,7,CHIRPS Daily v2.0,Maharashtra,CHIRPS Rainfall
2025-01-29,2025-02-05,5.0,2025,P101,20.029015547379707,74.09216447619562,Nashik,normal,statewide,0.0,1,7,CHIRPS Daily v2.0,Maharashtra,CHIRPS Rainfall
2025-01-29,2025-02-05,5.0,2025,P102,17.85749130266526,76.36802722645965,Osmanabad,normal,statewide,0.0,1,7,CHIRPS Daily v2.0,Maharashtra,CHIRPS Rainfall
2025-01-29,2025-02-05,5.0,2025,P103,17.76644983645705,76.46164605307673,Osmanabad,normal,statewide,0.0,1,7,CHIRPS Daily v2.0,Maharashtra,CHIRPS Rainfall
2025-01-29,2025-02-05,5.0,2025,P104,17.949094615606196,76.17989775301476,Osmanabad,normal,statewide,0.0,1,7,CHIRPS Daily v2.0,Maharashtra,CHIRPS Rainfall
2025-01-29,2025-02-05,5.0,2025,P105,18.584360447185368,75.61558067829696,Osmanabad,normal,statewide,0.0,1,7,CHIRPS Daily v2.0,Maharashtra,CHIRPS Rainfall
2025-01-29,2025-02-05,5.0,2025,P106,19.031389786894366,76.47235681380711,Parbhani,normal,statewide,0.0,1,7,CHIRPS Daily v2.0,Maharashtra,CHIRPS Rainfall
2025-01-29,2025-02-05,5.0,2025,P107,19.120950831552832,76.56820519095093,Parbhani,normal,statewide,0.0,1,7,CHIRPS Daily v2.0,Maharashtra,CHIRPS Rainfall
2025-01-29,2025-02-05,5.0,2025,P108,19.208625676465683,76.85432786914635,Parbhani,normal,statewide,2.810703754425049,1,7,CHIRPS Daily v2.0,Maharashtra,CHIRPS Rainfall
2025-01-29,2025-02-05,5.0,2025,P109,19.212081479782103,76.47396209018636,Parbhani,normal,statewide,0.0,1,7,CHIRPS Daily v2.0,Maharashtra,CHIRPS Rainfall
2025-01-29,2025-02-05,5.0,2025,P110,18.133442771357757,75.04679558432363,Pune,normal,statewide,0.0,1,7,CHIRPS Daily v2.0,Maharashtra,CHIRPS Rainfall
2025-01-29,2025-02-05,5.0,2025,P111,18.584645829652782,74.47919215212944,Pune,normal,statewide,0.0,1,7,CHIRPS Daily v2.0,Maharashtra,CHIRPS Rainfall
2025-01-29,2025-02-05,5.0,2025,P112,18.132979024848197,74.57507620208169,Pune,normal,statewide,0.0,1,7,CHIRPS Daily v2.0,Maharashtra,CHIRPS Rainfall
2025-01-29,2025-02-05,5.0,2025,P113,18.314072036830744,74.76389683618987,Pune,normal,statewide,0.0,1,7,CHIRPS Daily v2.0,Maharashtra,CHIRPS Rainfall
2025-01-29,2025-02-05,5.0,2025,P114,18.48503397121986,73.0589238755964,Raigarh,normal,statewide,0.0,1,7,CHIRPS Daily v2.0,Maharashtra,CHIRPS Rainfall
2025-01-29,2025-02-05,5.0,2025,P115,18.665689991299164,73.05687714821288,Raigarh,normal,statewide,0.0,1,7,CHIRPS Daily v2.0,Maharashtra,CHIRPS Rainfall
2025-01-29,2025-02-05,5.0,2025,P116,18.306197264370358,73.25009891506079,Raigarh,normal,statewide,0.0,1,7,CHIRPS Daily v2.0,Maharashtra,CHIRPS Rainfall
2025-01-29,2025-02-05,5.0,2025,P117,18.21404102289879,73.06194714611064,Raigarh,normal,statewide,0.0,1,7,CHIRPS Daily v2.0,Maharashtra,CHIRPS Rainfall
2025-01-29,2025-02-05,5.0,2025,P118,17.138719885658215,75.42259970290594,Sangli,normal,statewide,0.0,1,7,CHIRPS Daily v2.0,Maharashtra,CHIRPS Rainfall
2025-01-29,2025-02-05,5.0,2025,P119,17.048761981005992,74.95348443567921,Sangli,normal,statewide,0.0,1,7,CHIRPS Daily v2.0,Maharashtra,CHIRPS Rainfall
2025-01-29,2025-02-05,5.0,2025,P120,16.86707144948229,74.39025538161847,Sangli,normal,statewide,0.0,1,7,CHIRPS Daily v2.0,Maharashtra,CHIRPS Rainfall
2025-01-29,2025-02-05,5.0,2025,P121,17.048503353144895,74.67157114887826,Sangli,normal,statewide,0.0,1,7,CHIRPS Daily v2.0,Maharashtra,CHIRPS Rainfall
2025-01-29,2025-02-05,5.0,2025,P148,17.67852974098626,76.08383979812143,Solapur,normal,statewide,0.0,1,7,CHIRPS Daily v2.0,Maharashtra,CHIRPS Rainfall
2025-01-29,2025-02-05,5.0,2025,P149,18.223365003201543,75.4251413905064,Solapur,normal,statewide,0.0,1,7,CHIRPS Daily v2.0,Maharashtra,CHIRPS Rainfall
2025-01-29,2025-02-05,5.0,2025,P150,17.952532582518405,75.23562067753285,Solapur,normal,statewide,0.0,1,7,CHIRPS Daily v2.0,Maharashtra,CHIRPS Rainfall
2025-01-29,2025-02-05,5.0,2025,P151,18.223690517578447,75.23598186471818,Solapur,normal,statewide,0.0,1,7,CHIRPS Daily v2.0,Maharashtra,CHIRPS Rainfall
2025-01-29,2025-02-05,5.0,2025,P152,19.658178867370932,72.94986318203122,Thane,normal,statewide,0.0,1,7,CHIRPS Daily v2.0,Maharashtra,CHIRPS Rainfall
2025-01-29,2025-02-05,5.0,2025,P153,19.65706409210757,72.8545320606096,Thane,normal,statewide,0.0,1,7,CHIRPS Daily v2.0,Maharashtra,CHIRPS Rainfall
2025-01-29,2025-02-05,5.0,2025,P154,19.477549601897948,72.95214624177059,Thane,normal,statewide,0.0,1,7,CHIRPS Daily v2.0,Maharashtra,CHIRPS Rainfall
2025-01-29,2025-02-05,5.0,2025,P155,19.83987385799569,73.0429959666335,Thane,normal,statewide,0.0,1,7,CHIRPS Daily v2.0,Maharashtra,CHIRPS Rainfall
2025-01-29,2025-02-05,5.0,2025,P156,20.806749657616468,78.60135461177485,Wardha,normal,statewide,0.0,1,7,CHIRPS Daily v2.0,Maharashtra,CHIRPS Rainfall
2025-01-29,2025-02-05,5.0,2025,P157,20.71031267913359,78.88671032458906,Wardha,normal,statewide,0.0,1,7,CHIRPS Daily v2.0,Maharashtra,CHIRPS Rainfall
2025-01-29,2025-02-05,5.0,2025,P158,21.081265295769754,78.41565980750515,Wardha,normal,statewide,0.0,1,7,CHIRPS Daily v2.0,Maharashtra,CHIRPS Rainfall
2025-01-29,2025-02-05,5.0,2025,P159,20.439854822938944,78.87986114537097,Wardha,normal,statewide,0.0,1,7,CHIRPS Daily v2.0,Maharashtra,CHIRPS Rainfall
2025-01-29,2025-02-05,5.0,2025,P160,20.289186257444058,77.15404188735265,Washim,normal,statewide,0.0,1,7,CHIRPS Daily v2.0,Maharashtra,CHIRPS Rainfall
2025-01-29,2025-02-05,5.0,2025,P161,20.464607292886615,77.53975858757677,Washim,normal,statewide,0.0,1,7,CHIRPS Daily v2.0,Maharashtra,CHIRPS Rainfall
2025-01-29,2025-02-05,5.0,2025,P162,20.107393166596125,77.2471479173486,Washim,normal,statewide,0.0,1,7,CHIRPS Daily v2.0,Maharashtra,CHIRPS Rainfall
2025-01-29,2025-02-05,5.0,2025,P163,20.198885002010726,77.1527933390577,Washim,normal,statewide,0.0,1,7,CHIRPS Daily v2.0,Maharashtra,CHIRPS Rainfall
2025-01-29,2025-02-05,5.0,2025,P164,20.182854533723592,78.20447678161395,Yavatmal,normal,statewide,0.0,1,7,CHIRPS Daily v2.0,Maharashtra,CHIRPS Rainfall
2025-01-29,2025-02-05,5.0,2025,P165,19.894658373538324,79.05709703494229,Yavatmal,normal,statewide,2.713716745376587,1,7,CHIRPS Daily v2.0,Maharashtra,CHIRPS Rainfall
2025-01-29,2025-02-05,5.0,2025,P166,19.468787468327925,77.71426550730338,Yavatmal,normal,statewide,3.7293882369995117,1,7,CHIRPS Daily v2.0,Maharashtra,CHIRPS Rainfall
2025-01-29,2025-02-05,5.0,2025,P167,19.559057510053886,77.71577268345945,Yavatmal,normal,statewide,4.159871578216553,1,7,CHIRPS Daily v2.0,Maharashtra,CHIRPS Rainfall
2025-02-05,2025-02-12,6.0,2025,P147,17.927231643141155,73.94769852026607,Satara,case_study,case_study,0.47977230697870255,1,7,CHIRPS Daily v2.0,Maharashtra,CHIRPS Rainfall
2025-02-05,2025-02-12,6.0,2025,P061,18.507855650411397,76.91766048140843,Latur,high,priority,1.7915504574775696,1,7,CHIRPS Daily v2.0,Maharashtra,CHIRPS Rainfall
2025-02-05,2025-02-12,6.0,2025,P062,18.422405896924207,76.3487594508077,Latur,high,priority,1.4923387840390205,1,7,CHIRPS Daily v2.0,Maharashtra,CHIRPS Rainfall
2025-02-05,2025-02-12,6.0,2025,P063,18.235391198742693,77.05646783810116,Latur,high,priority,1.8644654601812363,1,7,CHIRPS Daily v2.0,Maharashtra,CHIRPS Rainfall
2025-02-05,2025-02-12,6.0,2025,P064,18.193056493341274,76.77240080549139,Latur,high,priority,1.7757769525051117,1,7,CHIRPS Daily v2.0,Maharashtra,CHIRPS Rainfall
2025-02-05,2025-02-12,6.0,2025,P065,18.331355512513895,76.44266811899327,Latur,high,priority,1.539756864309311,1,7,CHIRPS Daily v2.0,Maharashtra,CHIRPS Rainfall
2025-02-05,2025-02-12,6.0,2025,P066,18.104739537876725,76.5352970251765,Latur,high,priority,1.6644679754972458,1,7,CHIRPS Daily v2.0,Maharashtra,CHIRPS Rainfall
2025-02-05,2025-02-12,6.0,2025,P067,18.280552974211986,77.0569984711265,Latur,high,priority,1.609094500541687,1,7,CHIRPS Daily v2.0,Maharashtra,CHIRPS Rainfall
2025-02-05,2025-02-12,6.0,2025,P068,18.101823285787773,76.86595720469373,Latur,high,priority,1.5862466841936111,1,7,CHIRPS Daily v2.0,Maharashtra,CHIRPS Rainfall
2025-02-05,2025-02-12,6.0,2025,P069,18.595075667016793,77.20284228928156,Latur,high,priority,2.5936431884765625,1,7,CHIRPS Daily v2.0,Maharashtra,CHIRPS Rainfall
2025-02-05,2025-02-12,6.0,2025,P070,18.41499041187233,77.15322587185987,Latur,high,priority,2.2638159096240997,1,7,CHIRPS Daily v2.0,Maharashtra,CHIRPS Rainfall
2025-02-05,2025-02-12,6.0,2025,P071,18.149138807065885,76.63019561379593,Latur,high,priority,1.6101727187633514,1,7,CHIRPS Daily v2.0,Maharashtra,CHIRPS Rainfall
2025-02-05,2025-02-12,6.0,2025,P072,18.283393421583035,76.77331492120734,Latur,high,priority,1.6950654834508896,1,7,CHIRPS Daily v2.0,Maharashtra,CHIRPS Rainfall
2025-02-05,2025-02-12,6.0,2025,P073,17.966315663874607,76.86453029235662,Latur,high,priority,1.6839389503002167,1,7,CHIRPS Daily v2.0,Maharashtra,CHIRPS Rainfall
2025-02-05,2025-02-12,6.0,2025,P074,18.50832831512306,76.870318205524,Latur,high,priority,1.7648727297782898,1,7,CHIRPS Daily v2.0,Maharashtra,CHIRPS Rainfall
2025-02-05,2025-02-12,6.0,2025,P075,18.41444640154381,77.20053247493588,Latur,high,priority,2.268127202987671,1,7,CHIRPS Daily v2.0,Maharashtra,CHIRPS Rainfall
2025-02-05,2025-02-12,6.0,2025,P076,18.377877313804504,76.25376722106614,Latur,high,priority,1.5823950916528702,1,7,CHIRPS Daily v2.0,Maharashtra,CHIRPS Rainfall
2025-02-05,2025-02-12,6.0,2025,P077,18.059564385104267,76.5349046242838,Latur,high,priority,1.6653742715716362,1,7,CHIRPS Daily v2.0,Maharashtra,CHIRPS Rainfall
2025-02-05,2025-02-12,6.0,2025,P078,18.1008824154655,76.96042326051098,Latur,high,priority,1.6195051223039627,1,7,CHIRPS Daily v2.0,Maharashtra,CHIRPS Rainfall
2025-02-05,2025-02-12,6.0,2025,P079,18.73508698099394,76.77797468180819,Latur,high,priority,2.0784369707107544,1,7,CHIRPS Daily v2.0,Maharashtra,CHIRPS Rainfall
2025-02-05,2025-02-12,6.0,2025,P080,18.46791548227568,76.3017694439065,Latur,high,priority,1.4647382982075214,1,7,CHIRPS Daily v2.0,Maharashtra,CHIRPS Rainfall
2025-02-05,2025-02-12,6.0,2025,P081,18.10355787609756,76.67701617485712,Latur,high,priority,1.7874285578727722,1,7,CHIRPS Daily v2.0,Maharashtra,CHIRPS Rainfall
2025-02-05,2025-02-12,6.0,2025,P082,18.23907887531389,76.67830931416262,Latur,high,priority,1.824392095208168,1,7,CHIRPS Daily v2.0,Maharashtra,CHIRPS Rainfall
2025-02-05,2025-02-12,6.0,2025,P083,18.369289085175563,77.19996171000103,Latur,high,priority,2.072700262069702,1,7,CHIRPS Daily v2.0,Maharashtra,CHIRPS Rainfall
2025-02-05,2025-02-12,6.0,2025,P084,18.46362582706226,76.82249880582684,Latur,high,priority,1.6286094896495342,1,7,CHIRPS Daily v2.0,Maharashtra,CHIRPS Rainfall
2025-02-05,2025-02-12,6.0,2025,P085,18.14788579966987,76.77194597718393,Latur,high,priority,1.7729958891868591,1,7,CHIRPS Daily v2.0,Maharashtra,CHIRPS Rainfall
2025-02-05,2025-02-12,6.0,2025,P122,17.88145897082753,73.8441448165019,Satara,high,priority,1.3853654116392136,1,7,CHIRPS Daily v2.0,Maharashtra,CHIRPS Rainfall
2025-02-05,2025-02-12,6.0,2025,P123,17.386414030975025,74.27088970551878,Satara,high,priority,0.5102260857820511,1,7,CHIRPS Daily v2.0,Maharashtra,CHIRPS Rainfall
2025-02-05,2025-02-12,6.0,2025,P124,17.43262815429294,74.647353771057,Satara,high,priority,0.8851519674062729,1,7,CHIRPS Daily v2.0,Maharashtra,CHIRPS Rainfall
2025-02-05,2025-02-12,6.0,2025,P125,17.56734651531964,74.31728219287884,Satara,high,priority,0.57651536911726,1,7,CHIRPS Daily v2.0,Maharashtra,CHIRPS Rainfall
2025-02-05,2025-02-12,6.0,2025,P126,17.205080227535593,74.13053949986157,Satara,high,priority,0.5472479555755854,1,7,CHIRPS Daily v2.0,Maharashtra,CHIRPS Rainfall
2025-02-05,2025-02-12,6.0,2025,P127,17.65773249367299,74.31694330119876,Satara,high,priority,0.6293623708188534,1,7,CHIRPS Daily v2.0,Maharashtra,CHIRPS Rainfall
2025-02-05,2025-02-12,6.0,2025,P128,18.019949731345452,74.5517328080669,Satara,high,priority,0.4355321563780308,1,7,CHIRPS Daily v2.0,Maharashtra,CHIRPS Rainfall
2025-02-05,2025-02-12,6.0,2025,P129,18.063234225271252,74.03192648006461,Satara,high,priority,0.8947898894548416,1,7,CHIRPS Daily v2.0,Maharashtra,CHIRPS Rainfall
2025-02-05,2025-02-12,6.0,2025,P130,17.61135784271715,74.03436560834085,Satara,high,priority,0.42217905819416046,1,7,CHIRPS Daily v2.0,Maharashtra,CHIRPS Rainfall
2025-02-05,2025-02-12,6.0,2025,P131,17.612539504496315,74.3171127470388,Satara,high,priority,0.5455154478549957,1,7,CHIRPS Daily v2.0,Maharashtra,CHIRPS Rainfall
2025-02-05,2025-02-12,6.0,2025,P132,17.702176353872684,74.12817617630324,Satara,high,priority,0.4829619862139225,1,7,CHIRPS Daily v2.0,Maharashtra,CHIRPS Rainfall
2025-02-05,2025-02-12,6.0,2025,P133,17.25006363896275,74.08329532420031,Satara,high,priority,0.6898824758827686,1,7,CHIRPS Daily v2.0,Maharashtra,CHIRPS Rainfall
2025-02-05,2025-02-12,6.0,2025,P134,17.476429903940936,74.17634784498362,Satara,high,priority,0.3125544637441635,1,7,CHIRPS Daily v2.0,Maharashtra,CHIRPS Rainfall
2025-02-05,2025-02-12,6.0,2025,P135,17.882716437324603,74.0801070669471,Satara,high,priority,0.6768046543002129,1,7,CHIRPS Daily v2.0,Maharashtra,CHIRPS Rainfall
2025-02-05,2025-02-12,6.0,2025,P136,17.928520323345598,74.22149178404871,Satara,high,priority,0.5663266181945801,1,7,CHIRPS Daily v2.0,Maharashtra,CHIRPS Rainfall
2025-02-05,2025-02-12,6.0,2025,P137,17.746687100588183,73.98648378122894,Satara,high,priority,0.48440099507570267,1,7,CHIRPS Daily v2.0,Maharashtra,CHIRPS Rainfall
2025-02-05,2025-02-12,6.0,2025,P138,17.61269557303319,74.36423652697161,Satara,high,priority,0.5185097008943558,1,7,CHIRPS Daily v2.0,Maharashtra,CHIRPS Rainfall
2025-02-05,2025-02-12,6.0,2025,P139,17.656773786946495,74.08126197411994,Satara,high,priority,0.320515975356102,1,7,CHIRPS Daily v2.0,Maharashtra,CHIRPS Rainfall
2025-02-05,2025-02-12,6.0,2025,P140,17.97464080554139,74.50462240543725,Satara,high,priority,0.5843891575932503,1,7,CHIRPS Daily v2.0,Maharashtra,CHIRPS Rainfall
2025-02-05,2025-02-12,6.0,2025,P141,17.430826677467348,74.08239904488856,Satara,high,priority,0.16278329491615295,1,7,CHIRPS Daily v2.0,Maharashtra,CHIRPS Rainfall
2025-02-05,2025-02-12,6.0,2025,P142,18.064447100757786,74.31538707493111,Satara,high,priority,0.5114540755748749,1,7,CHIRPS Daily v2.0,Maharashtra,CHIRPS Rainfall
2025-02-05,2025-02-12,6.0,2025,P143,17.70379500755509,74.6468275971327,Satara,high,priority,0.8891437128186226,1,7,CHIRPS Daily v2.0,Maharashtra,CHIRPS Rainfall
2025-02-05,2025-02-12,6.0,2025,P144,17.929452275465767,74.50474726026674,Satara,high,priority,0.8463300168514252,1,7,CHIRPS Daily v2.0,Maharashtra,CHIRPS Rainfall
2025-02-05,2025-02-12,6.0,2025,P145,17.47773196144854,74.60017202281048,Satara,high,priority,0.6829797104001045,1,7,CHIRPS Daily v2.0,Maharashtra,CHIRPS Rainfall
2025-02-05,2025-02-12,6.0,2025,P146,17.839182233739812,74.55218763637436,Satara,high,priority,0.7654475197196007,1,7,CHIRPS Daily v2.0,Maharashtra,CHIRPS Rainfall
2025-02-05,2025-02-12,6.0,2025,P001,19.940457800458272,74.57045211428928,Ahmednagar,normal,statewide,0.8669731542468071,1,7,CHIRPS Daily v2.0,Maharashtra,CHIRPS Rainfall
2025-02-05,2025-02-12,6.0,2025,P002,18.946729294293643,74.76302285238339,Ahmednagar,normal,statewide,0.4729764126241207,1,7,CHIRPS Daily v2.0,Maharashtra,CHIRPS Rainfall
2025-02-05,2025-02-12,6.0,2025,P003,18.49469238410162,74.66892244285252,Ahmednagar,normal,statewide,0.4765066443942487,1,7,CHIRPS Daily v2.0,Maharashtra,CHIRPS Rainfall
2025-02-05,2025-02-12,6.0,2025,P004,19.03720445466806,75.1420731965326,Ahmednagar,normal,statewide,1.5141854844987392,1,7,CHIRPS Daily v2.0,Maharashtra,CHIRPS Rainfall
2025-02-05,2025-02-12,6.0,2025,P005,20.832153156317954,77.06560453615967,Akola,normal,statewide,1.9520869553089142,1,7,CHIRPS Daily v2.0,Maharashtra,CHIRPS Rainfall
2025-02-05,2025-02-12,6.0,2025,P006,20.834360411339407,76.87349308547405,Akola,normal,statewide,1.828806072473526,1,7,CHIRPS Daily v2.0,Maharashtra,CHIRPS Rainfall
2025-02-05,2025-02-12,6.0,2025,P007,21.014976299509232,76.87574047240498,Akola,normal,statewide,1.7164340615272522,1,7,CHIRPS Daily v2.0,Maharashtra,CHIRPS Rainfall
2025-02-05,2025-02-12,6.0,2025,P008,20.828434266039377,77.35372489162701,Akola,normal,statewide,2.1372878551483154,1,7,CHIRPS Daily v2.0,Maharashtra,CHIRPS Rainfall
2025-02-05,2025-02-12,6.0,2025,P009,21.360971327549258,77.94039543992572,Amravati,normal,statewide,4.646188378334045,1,7,CHIRPS Daily v2.0,Maharashtra,CHIRPS Rainfall
2025-02-05,2025-02-12,6.0,2025,P010,21.178803672212837,78.03301542790685,Amravati,normal,statewide,3.311686873435974,1,7,CHIRPS Daily v2.0,Maharashtra,CHIRPS Rainfall
2025-02-05,2025-02-12,6.0,2025,P011,20.814388097721018,78.21764450702477,Amravati,normal,statewide,3.216724862344563,1,7,CHIRPS Daily v2.0,Maharashtra,CHIRPS Rainfall
2025-02-05,2025-02-12,6.0,2025,P012,21.180502589714195,77.93681032267875,Amravati,normal,statewide,3.032421112060547,1,7,CHIRPS Daily v2.0,Maharashtra,CHIRPS Rainfall
2025-02-05,2025-02-12,6.0,2025,P013,20.031289688916964,74.8570519162974,Aurangabad,normal,statewide,2.322106122970581,1,7,CHIRPS Daily v2.0,Maharashtra,CHIRPS Rainfall
2025-02-05,2025-02-12,6.0,2025,P014,19.760185263069562,75.14270192978114,Aurangabad,normal,statewide,1.032359093427658,1,7,CHIRPS Daily v2.0,Maharashtra,CHIRPS Rainfall
2025-02-05,2025-02-12,6.0,2025,P015,19.9408189876436,74.76157364454102,Aurangabad,normal,statewide,1.469470039010048,1,7,CHIRPS Daily v2.0,Maharashtra,CHIRPS Rainfall
2025-02-05,2025-02-12,6.0,2025,P016,19.66981712112043,75.14262166596218,Aurangabad,normal,statewide,1.0654851347208023,1,7,CHIRPS Daily v2.0,Maharashtra,CHIRPS Rainfall
2025-02-05,2025-02-12,6.0,2025,P017,21.04613203856966,79.85576216552393,Bhandara,normal,statewide,5.4828988909721375,1,7,CHIRPS Daily v2.0,Maharashtra,CHIRPS Rainfall
2025-02-05,2025-02-12,6.0,2025,P018,21.31897105472685,79.76852877161537,Bhandara,normal,statewide,3.6682218313217163,1,7,CHIRPS Daily v2.0,Maharashtra,CHIRPS Rainfall
2025-02-05,2025-02-12,6.0,2025,P019,21.40900922319803,79.77144948280537,Bhandara,normal,statewide,3.9931015968322754,1,7,CHIRPS Daily v2.0,Maharashtra,CHIRPS Rainfall
2025-02-05,2025-02-12,6.0,2025,P020,21.144196588937042,79.57074980349083,Bhandara,normal,statewide,4.9264214634895325,1,7,CHIRPS Daily v2.0,Maharashtra,CHIRPS Rainfall
2025-02-05,2025-02-12,6.0,2025,P021,18.67502288980403,75.52108340877234,Bid,normal,statewide,1.6228399574756622,1,7,CHIRPS Daily v2.0,Maharashtra,CHIRPS Rainfall
2025-02-05,2025-02-12,6.0,2025,P022,18.856499384477168,75.04699178476999,Bid,normal,statewide,0.9782244861125946,1,7,CHIRPS Daily v2.0,Maharashtra,CHIRPS Rainfall
2025-02-05,2025-02-12,6.0,2025,P023,19.126596053486494,75.6175605191647,Bid,normal,statewide,2.4879002571105957,1,7,CHIRPS Daily v2.0,Maharashtra,CHIRPS Rainfall
2025-02-05,2025-02-12,6.0,2025,P024,18.763955201213946,75.90084720909012,Bid,normal,statewide,2.3109981417655945,1,7,CHIRPS Daily v2.0,Maharashtra,CHIRPS Rainfall
2025-02-05,2025-02-12,6.0,2025,P025,20.93073496240753,76.20164478885242,Buldana,normal,statewide,1.295285940170288,1,7,CHIRPS Daily v2.0,Maharashtra,CHIRPS Rainfall
2025-02-05,2025-02-12,6.0,2025,P026,20.838939908121294,76.39311412898633,Buldana,normal,statewide,1.5187951810657978,1,7,CHIRPS Daily v2.0,Maharashtra,CHIRPS Rainfall
2025-02-05,2025-02-12,6.0,2025,P027,20.657476790751314,76.48742857536776,Buldana,normal,statewide,1.5658325850963593,1,7,CHIRPS Daily v2.0,Maharashtra,CHIRPS Rainfall
2025-02-05,2025-02-12,6.0,2025,P028,20.47967013624516,76.10222021266374,Buldana,normal,statewide,2.1509408354759216,1,7,CHIRPS Daily v2.0,Maharashtra,CHIRPS Rainfall
2025-02-05,2025-02-12,6.0,2025,P029,20.32317798477448,79.92829390325927,Chandrapur,normal,statewide,5.3473169803619385,1,7,CHIRPS Daily v2.0,Maharashtra,CHIRPS Rainfall
2025-02-05,2025-02-12,6.0,2025,P030,20.60872097983294,79.36304041732026,Chandrapur,normal,statewide,4.298732239753008,1,7,CHIRPS Daily v2.0,Maharashtra,CHIRPS Rainfall
2025-02-05,2025-02-12,6.0,2025,P031,20.511160307884595,79.64732594588165,Chandrapur,normal,statewide,5.5385582447052,1,7,CHIRPS Daily v2.0,Maharashtra,CHIRPS Rainfall
2025-02-05,2025-02-12,6.0,2025,P032,20.598621115946884,79.74569817422172,Chandrapur,normal,statewide,4.853012502193451,1,7,CHIRPS Daily v2.0,Maharashtra,CHIRPS Rainfall
2025-02-05,2025-02-12,6.0,2025,P033,21.38667804512237,75.14422248324037,Dhule,normal,statewide,0.9489987194538116,1,7,CHIRPS Daily v2.0,Maharashtra,CHIRPS Rainfall
2025-02-05,2025-02-12,6.0,2025,P034,21.025151968113196,74.75989256344387,Dhule,normal,statewide,1.219465583562851,1,7,CHIRPS Daily v2.0,Maharashtra,CHIRPS Rainfall
2025-02-05,2025-02-12,6.0,2025,P035,21.477028350667293,74.85568743137505,Dhule,normal,statewide,1.4033450484275818,1,7,CHIRPS Daily v2.0,Maharashtra,CHIRPS Rainfall
2025-02-05,2025-02-12,6.0,2025,P036,20.933820660336515,74.37533522949364,Dhule,normal,statewide,2.2277660369873047,1,7,CHIRPS Daily v2.0,Maharashtra,CHIRPS Rainfall
2025-02-05,2025-02-12,6.0,2025,P037,19.963056524597132,79.91698116388667,Garhchiroli,normal,statewide,6.780069902539253,1,7,CHIRPS Daily v2.0,Maharashtra,CHIRPS Rainfall
2025-02-05,2025-02-12,6.0,2025,P038,19.062661462582188,79.88977172925856,Garhchiroli,normal,statewide,5.834961796179414,1,7,CHIRPS Daily v2.0,Maharashtra,CHIRPS Rainfall
2025-02-05,2025-02-12,6.0,2025,P039,19.510270485428137,79.9981368030594,Garhchiroli,normal,statewide,6.8503027111291885,1,7,CHIRPS Daily v2.0,Maharashtra,CHIRPS Rainfall
2025-02-05,2025-02-12,6.0,2025,P040,19.870365190999156,80.00935144220881,Garhchiroli,normal,statewide,6.756655216217041,1,7,CHIRPS Daily v2.0,Maharashtra,CHIRPS Rainfall
2025-02-05,2025-02-12,6.0,2025,P041,21.127639946725598,80.1465044724107,Gondiya,normal,statewide,3.703849732875824,1,7,CHIRPS Daily v2.0,Maharashtra,CHIRPS Rainfall
2025-02-05,2025-02-12,6.0,2025,P042,21.397598383602258,80.15591763473452,Gondiya,normal,statewide,3.0158785581588745,1,7,CHIRPS Daily v2.0,Maharashtra,CHIRPS Rainfall
2025-02-05,2025-02-12,6.0,2025,P043,21.574548890706154,80.25847249986273,Gondiya,normal,statewide,3.52563738822937,1,7,CHIRPS Daily v2.0,Maharashtra,CHIRPS Rainfall
2025-02-05,2025-02-12,6.0,2025,P044,21.211649410572516,80.34153217518526,Gondiya,normal,statewide,3.5214184671640396,1,7,CHIRPS Daily v2.0,Maharashtra,CHIRPS Rainfall
2025-02-05,2025-02-12,6.0,2025,P045,19.655900266732623,77.2407892392464,Hingoli,normal,statewide,3.963629126548767,1,7,CHIRPS Daily v2.0,Maharashtra,CHIRPS Rainfall
2025-02-05,2025-02-12,6.0,2025,P046,19.566758377573187,77.1442675378435,Hingoli,normal,statewide,3.360724523663521,1,7,CHIRPS Daily v2.0,Maharashtra,CHIRPS Rainfall
2025-02-05,2025-02-12,6.0,2025,P047,19.47860194974656,76.9526242927685,Hingoli,normal,statewide,2.099514991044998,1,7,CHIRPS Daily v2.0,Maharashtra,CHIRPS Rainfall
2025-02-05,2025-02-12,6.0,2025,P048,19.927981235710728,77.14910120338544,Hingoli,normal,statewide,5.548307776451111,1,7,CHIRPS Daily v2.0,Maharashtra,CHIRPS Rainfall
2025-02-05,2025-02-12,6.0,2025,P049,21.292738163229433,76.10816865346904,Jalgaon,normal,statewide,2.548875629901886,1,7,CHIRPS Daily v2.0,Maharashtra,CHIRPS Rainfall
2025-02-05,2025-02-12,6.0,2025,P050,21.386178625804387,75.43363151891216,Jalgaon,normal,statewide,2.6081894636154175,1,7,CHIRPS Daily v2.0,Maharashtra,CHIRPS Rainfall
2025-02-05,2025-02-12,6.0,2025,P051,21.112064306745907,76.10682200495089,Jalgaon,normal,statewide,1.9924117922782898,1,7,CHIRPS Daily v2.0,Maharashtra,CHIRPS Rainfall
2025-02-05,2025-02-12,6.0,2025,P052,20.844437979720194,75.23982115072519,Jalgaon,normal,statewide,1.5002688728272915,1,7,CHIRPS Daily v2.0,Maharashtra,CHIRPS Rainfall
2025-02-05,2025-02-12,6.0,2025,P053,19.486369703781666,76.00005328932718,Jalna,normal,statewide,1.121685266494751,1,7,CHIRPS Daily v2.0,Maharashtra,CHIRPS Rainfall
2025-02-05,2025-02-12,6.0,2025,P054,20.028502750758555,76.00343774702675,Jalna,normal,statewide,1.654170572757721,1,7,CHIRPS Daily v2.0,Maharashtra,CHIRPS Rainfall
2025-02-05,2025-02-12,6.0,2025,P055,19.75743845682064,76.00172991132328,Jalna,normal,statewide,1.319612979888916,1,7,CHIRPS Daily v2.0,Maharashtra,CHIRPS Rainfall
2025-02-05,2025-02-12,6.0,2025,P056,19.57768317515413,75.80993951591351,Jalna,normal,statewide,2.249207690358162,1,7,CHIRPS Daily v2.0,Maharashtra,CHIRPS Rainfall
2025-02-05,2025-02-12,6.0,2025,P057,16.776377793156257,74.29671235971928,Kolhapur,normal,statewide,0.40877866744995117,1,7,CHIRPS Daily v2.0,Maharashtra,CHIRPS Rainfall
2025-02-05,2025-02-12,6.0,2025,P058,16.324416687682138,74.29834884980589,Kolhapur,normal,statewide,0.7933324128389359,1,7,CHIRPS Daily v2.0,Maharashtra,CHIRPS Rainfall
2025-02-05,2025-02-12,6.0,2025,P059,16.595891218916975,74.39111598812178,Kolhapur,normal,statewide,0.24450246058404446,1,7,CHIRPS Daily v2.0,Maharashtra,CHIRPS Rainfall
2025-02-05,2025-02-12,6.0,2025,P060,16.414811584237594,74.29802779453004,Kolhapur,normal,statewide,0.7023144327104092,1,7,CHIRPS Daily v2.0,Maharashtra,CHIRPS Rainfall
2025-02-05,2025-02-12,6.0,2025,P086,21.054127206758487,79.56798961993874,Nagpur,normal,statewide,4.877782344818115,1,7,CHIRPS Daily v2.0,Maharashtra,CHIRPS Rainfall
2025-02-05,2025-02-12,6.0,2025,P087,21.146765031143822,79.47473643960802,Nagpur,normal,statewide,3.9129642248153687,1,7,CHIRPS Daily v2.0,Maharashtra,CHIRPS Rainfall
2025-02-05,2025-02-12,6.0,2025,P088,21.347803602138427,78.61442869606356,Nagpur,normal,statewide,3.72769632935524,1,7,CHIRPS Daily v2.0,Maharashtra,CHIRPS Rainfall
2025-02-05,2025-02-12,6.0,2025,P089,21.165377318940912,78.70615240473293,Nagpur,normal,statewide,3.4347238540649414,1,7,CHIRPS Daily v2.0,Maharashtra,CHIRPS Rainfall
2025-02-05,2025-02-12,6.0,2025,P090,19.201968238592887,77.42470040309472,Nanded,normal,statewide,1.924750566482544,1,7,CHIRPS Daily v2.0,Maharashtra,CHIRPS Rainfall
2025-02-05,2025-02-12,6.0,2025,P091,18.566038000956755,77.69963965584807,Nanded,normal,statewide,2.0673550367355347,1,7,CHIRPS Daily v2.0,Maharashtra,CHIRPS Rainfall
2025-02-05,2025-02-12,6.0,2025,P092,19.736596618496833,77.90946265591798,Nanded,normal,statewide,4.252240300178528,1,7,CHIRPS Daily v2.0,Maharashtra,CHIRPS Rainfall
2025-02-05,2025-02-12,6.0,2025,P093,18.93564842817583,77.04115528508362,Nanded,normal,statewide,1.9305250011384487,1,7,CHIRPS Daily v2.0,Maharashtra,CHIRPS Rainfall
2025-02-05,2025-02-12,6.0,2025,P094,21.564917232430716,74.08292967791392,Nandurbar,normal,statewide,0.482729971408844,1,7,CHIRPS Daily v2.0,Maharashtra,CHIRPS Rainfall
2025-02-05,2025-02-12,6.0,2025,P095,21.5662594218478,74.37266422796263,Nandurbar,normal,statewide,0.19127505272626877,1,7,CHIRPS Daily v2.0,Maharashtra,CHIRPS Rainfall
2025-02-05,2025-02-12,6.0,2025,P096,21.385179787168415,74.27697637845674,Nandurbar,normal,statewide,0.9958440363407135,1,7,CHIRPS Daily v2.0,Maharashtra,CHIRPS Rainfall
2025-02-05,2025-02-12,6.0,2025,P097,21.565421110849755,74.17950488852946,Nandurbar,normal,statewide,0.47231368720531464,1,7,CHIRPS Daily v2.0,Maharashtra,CHIRPS Rainfall
2025-02-05,2025-02-12,6.0,2025,P098,20.299553667393326,73.99482675929994,Nashik,normal,statewide,1.0756815671920776,1,7,CHIRPS Daily v2.0,Maharashtra,CHIRPS Rainfall
2025-02-05,2025-02-12,6.0,2025,P099,20.120253214034264,74.28296495117151,Nashik,normal,statewide,0.9692930579185486,1,7,CHIRPS Daily v2.0,Maharashtra,CHIRPS Rainfall
2025-02-05,2025-02-12,6.0,2025,P100,20.389903972938242,73.99424261706194,Nashik,normal,statewide,4.197481885552406,1,7,CHIRPS Daily v2.0,Maharashtra,CHIRPS Rainfall
2025-02-05,2025-02-12,6.0,2025,P101,20.029015547379707,74.09216447619562,Nashik,normal,statewide,0.658625066280365,1,7,CHIRPS Daily v2.0,Maharashtra,CHIRPS Rainfall
2025-02-05,2025-02-12,6.0,2025,P102,17.85749130266526,76.36802722645965,Osmanabad,normal,statewide,1.115384727716446,1,7,CHIRPS Daily v2.0,Maharashtra,CHIRPS Rainfall
2025-02-05,2025-02-12,6.0,2025,P103,17.76644983645705,76.46164605307673,Osmanabad,normal,statewide,1.1524933353066444,1,7,CHIRPS Daily v2.0,Maharashtra,CHIRPS Rainfall
2025-02-05,2025-02-12,6.0,2025,P104,17.949094615606196,76.17989775301476,Osmanabad,normal,statewide,1.299926683306694,1,7,CHIRPS Daily v2.0,Maharashtra,CHIRPS Rainfall
2025-02-05,2025-02-12,6.0,2025,P105,18.584360447185368,75.61558067829696,Osmanabad,normal,statewide,1.450456976890564,1,7,CHIRPS Daily v2.0,Maharashtra,CHIRPS Rainfall
2025-02-05,2025-02-12,6.0,2025,P106,19.031389786894366,76.47235681380711,Parbhani,normal,statewide,1.5356462001800537,1,7,CHIRPS Daily v2.0,Maharashtra,CHIRPS Rainfall
2025-02-05,2025-02-12,6.0,2025,P107,19.120950831552832,76.56820519095093,Parbhani,normal,statewide,1.4543085098266602,1,7,CHIRPS Daily v2.0,Maharashtra,CHIRPS Rainfall
2025-02-05,2025-02-12,6.0,2025,P108,19.208625676465683,76.85432786914635,Parbhani,normal,statewide,1.7311162948608398,1,7,CHIRPS Daily v2.0,Maharashtra,CHIRPS Rainfall
2025-02-05,2025-02-12,6.0,2025,P109,19.212081479782103,76.47396209018636,Parbhani,normal,statewide,1.5343573093414307,1,7,CHIRPS Daily v2.0,Maharashtra,CHIRPS Rainfall
2025-02-05,2025-02-12,6.0,2025,P110,18.133442771357757,75.04679558432363,Pune,normal,statewide,0.9827600046992302,1,7,CHIRPS Daily v2.0,Maharashtra,CHIRPS Rainfall
2025-02-05,2025-02-12,6.0,2025,P111,18.584645829652782,74.47919215212944,Pune,normal,statewide,0.47592897713184357,1,7,CHIRPS Daily v2.0,Maharashtra,CHIRPS Rainfall
2025-02-05,2025-02-12,6.0,2025,P112,18.132979024848197,74.57507620208169,Pune,normal,statewide,0.296001423150301,1,7,CHIRPS Daily v2.0,Maharashtra,CHIRPS Rainfall
2025-02-05,2025-02-12,6.0,2025,P113,18.314072036830744,74.76389683618987,Pune,normal,statewide,0.7713783383369446,1,7,CHIRPS Daily v2.0,Maharashtra,CHIRPS Rainfall
2025-02-05,2025-02-12,6.0,2025,P114,18.48503397121986,73.0589238755964,Raigarh,normal,statewide,2.4276114404201508,1,7,CHIRPS Daily v2.0,Maharashtra,CHIRPS Rainfall
2025-02-05,2025-02-12,6.0,2025,P115,18.665689991299164,73.05687714821288,Raigarh,normal,statewide,2.3190744817256927,1,7,CHIRPS Daily v2.0,Maharashtra,CHIRPS Rainfall
2025-02-05,2025-02-12,6.0,2025,P116,18.306197264370358,73.25009891506079,Raigarh,normal,statewide,2.123484328389168,1,7,CHIRPS Daily v2.0,Maharashtra,CHIRPS Rainfall
2025-02-05,2025-02-12,6.0,2025,P117,18.21404102289879,73.06194714611064,Raigarh,normal,statewide,2.2048607170581818,1,7,CHIRPS Daily v2.0,Maharashtra,CHIRPS Rainfall
2025-02-05,2025-02-12,6.0,2025,P118,17.138719885658215,75.42259970290594,Sangli,normal,statewide,1.5239731185138226,1,7,CHIRPS Daily v2.0,Maharashtra,CHIRPS Rainfall
2025-02-05,2025-02-12,6.0,2025,P119,17.048761981005992,74.95348443567921,Sangli,normal,statewide,1.0080802962183952,1,7,CHIRPS Daily v2.0,Maharashtra,CHIRPS Rainfall
2025-02-05,2025-02-12,6.0,2025,P120,16.86707144948229,74.39025538161847,Sangli,normal,statewide,0.531032919883728,1,7,CHIRPS Daily v2.0,Maharashtra,CHIRPS Rainfall
2025-02-05,2025-02-12,6.0,2025,P121,17.048503353144895,74.67157114887826,Sangli,normal,statewide,0.6960124894976616,1,7,CHIRPS Daily v2.0,Maharashtra,CHIRPS Rainfall
2025-02-05,2025-02-12,6.0,2025,P148,17.67852974098626,76.08383979812143,Solapur,normal,statewide,2.336322635412216,1,7,CHIRPS Daily v2.0,Maharashtra,CHIRPS Rainfall
2025-02-05,2025-02-12,6.0,2025,P149,18.223365003201543,75.4251413905064,Solapur,normal,statewide,1.0543194711208344,1,7,CHIRPS Daily v2.0,Maharashtra,CHIRPS Rainfall
2025-02-05,2025-02-12,6.0,2025,P150,17.952532582518405,75.23562067753285,Solapur,normal,statewide,0.7194931879639626,1,7,CHIRPS Daily v2.0,Maharashtra,CHIRPS Rainfall
2025-02-05,2025-02-12,6.0,2025,P151,18.223690517578447,75.23598186471818,Solapur,normal,statewide,0.9140554666519165,1,7,CHIRPS Daily v2.0,Maharashtra,CHIRPS Rainfall
2025-02-05,2025-02-12,6.0,2025,P152,19.658178867370932,72.94986318203122,Thane,normal,statewide,2.2715848982334137,1,7,CHIRPS Daily v2.0,Maharashtra,CHIRPS Rainfall
2025-02-05,2025-02-12,6.0,2025,P153,19.65706409210757,72.8545320606096,Thane,normal,statewide,1.3647914826869965,1,7,CHIRPS Daily v2.0,Maharashtra,CHIRPS Rainfall
2025-02-05,2025-02-12,6.0,2025,P154,19.477549601897948,72.95214624177059,Thane,normal,statewide,1.8799401074647903,1,7,CHIRPS Daily v2.0,Maharashtra,CHIRPS Rainfall
2025-02-05,2025-02-12,6.0,2025,P155,19.83987385799569,73.0429959666335,Thane,normal,statewide,0.7997473934665322,1,7,CHIRPS Daily v2.0,Maharashtra,CHIRPS Rainfall
2025-02-05,2025-02-12,6.0,2025,P156,20.806749657616468,78.60135461177485,Wardha,normal,statewide,2.9701110385358334,1,7,CHIRPS Daily v2.0,Maharashtra,CHIRPS Rainfall
2025-02-05,2025-02-12,6.0,2025,P157,20.71031267913359,78.88671032458906,Wardha,normal,statewide,4.150343894958496,1,7,CHIRPS Daily v2.0,Maharashtra,CHIRPS Rainfall
2025-02-05,2025-02-12,6.0,2025,P158,21.081265295769754,78.41565980750515,Wardha,normal,statewide,3.9574921131134033,1,7,CHIRPS Daily v2.0,Maharashtra,CHIRPS Rainfall
2025-02-05,2025-02-12,6.0,2025,P159,20.439854822938944,78.87986114537097,Wardha,normal,statewide,4.937701612710953,1,7,CHIRPS Daily v2.0,Maharashtra,CHIRPS Rainfall
2025-02-05,2025-02-12,6.0,2025,P160,20.289186257444058,77.15404188735265,Washim,normal,statewide,4.186007380485535,1,7,CHIRPS Daily v2.0,Maharashtra,CHIRPS Rainfall
2025-02-05,2025-02-12,6.0,2025,P161,20.464607292886615,77.53975858757677,Washim,normal,statewide,1.873982459306717,1,7,CHIRPS Daily v2.0,Maharashtra,CHIRPS Rainfall
2025-02-05,2025-02-12,6.0,2025,P162,20.107393166596125,77.2471479173486,Washim,normal,statewide,3.5486765801906586,1,7,CHIRPS Daily v2.0,Maharashtra,CHIRPS Rainfall
2025-02-05,2025-02-12,6.0,2025,P163,20.198885002010726,77.1527933390577,Washim,normal,statewide,3.560216248035431,1,7,CHIRPS Daily v2.0,Maharashtra,CHIRPS Rainfall
2025-02-05,2025-02-12,6.0,2025,P164,20.182854533723592,78.20447678161395,Yavatmal,normal,statewide,3.0677343606948853,1,7,CHIRPS Daily v2.0,Maharashtra,CHIRPS Rainfall
2025-02-05,2025-02-12,6.0,2025,P165,19.894658373538324,79.05709703494229,Yavatmal,normal,statewide,9.246359825134277,1,7,CHIRPS Daily v2.0,Maharashtra,CHIRPS Rainfall
2025-02-05,2025-02-12,6.0,2025,P166,19.468787468327925,77.71426550730338,Yavatmal,normal,statewide,2.650674973614514,1,7,CHIRPS Daily v2.0,Maharashtra,CHIRPS Rainfall
2025-02-05,2025-02-12,6.0,2025,P167,19.559057510053886,77.71577268345945,Yavatmal,normal,statewide,3.0556109249591827,1,7,CHIRPS Daily v2.0,Maharashtra,CHIRPS Rainfall
2025-02-12,2025-02-19,7.0,2025,P147,17.927231643141155,73.94769852026607,Satara,case_study,case_study,0.0,1,7,CHIRPS Daily v2.0,Maharashtra,CHIRPS Rainfall
2025-02-12,2025-02-19,7.0,2025,P061,18.507855650411397,76.91766048140843,Latur,high,priority,0.0,1,7,CHIRPS Daily v2.0,Maharashtra,CHIRPS Rainfall
2025-02-12,2025-02-19,7.0,2025,P062,18.422405896924207,76.3487594508077,Latur,high,priority,0.0,1,7,CHIRPS Daily v2.0,Maharashtra,CHIRPS Rainfall
2025-02-12,2025-02-19,7.0,2025,P063,18.235391198742693,77.05646783810116,Latur,high,priority,0.0,1,7,CHIRPS Daily v2.0,Maharashtra,CHIRPS Rainfall
2025-02-12,2025-02-19,7.0,2025,P064,18.193056493341274,76.77240080549139,Latur,high,priority,0.0,1,7,CHIRPS Daily v2.0,Maharashtra,CHIRPS Rainfall
2025-02-12,2025-02-19,7.0,2025,P065,18.331355512513895,76.44266811899327,Latur,high,priority,0.0,1,7,CHIRPS Daily v2.0,Maharashtra,CHIRPS Rainfall
2025-02-12,2025-02-19,7.0,2025,P066,18.104739537876725,76.5352970251765,Latur,high,priority,0.0,1,7,CHIRPS Daily v2.0,Maharashtra,CHIRPS Rainfall
2025-02-12,2025-02-19,7.0,2025,P067,18.280552974211986,77.0569984711265,Latur,high,priority,0.0,1,7,CHIRPS Daily v2.0,Maharashtra,CHIRPS Rainfall
2025-02-12,2025-02-19,7.0,2025,P068,18.101823285787773,76.86595720469373,Latur,high,priority,0.0,1,7,CHIRPS Daily v2.0,Maharashtra,CHIRPS Rainfall
2025-02-12,2025-02-19,7.0,2025,P069,18.595075667016793,77.20284228928156,Latur,high,priority,0.0,1,7,CHIRPS Daily v2.0,Maharashtra,CHIRPS Rainfall
2025-02-12,2025-02-19,7.0,2025,P070,18.41499041187233,77.15322587185987,Latur,high,priority,0.0,1,7,CHIRPS Daily v2.0,Maharashtra,CHIRPS Rainfall
2025-02-12,2025-02-19,7.0,2025,P071,18.149138807065885,76.63019561379593,Latur,high,priority,0.0,1,7,CHIRPS Daily v2.0,Maharashtra,CHIRPS Rainfall
2025-02-12,2025-02-19,7.0,2025,P072,18.283393421583035,76.77331492120734,Latur,high,priority,0.0,1,7,CHIRPS Daily v2.0,Maharashtra,CHIRPS Rainfall
2025-02-12,2025-02-19,7.0,2025,P073,17.966315663874607,76.86453029235662,Latur,high,priority,0.0,1,7,CHIRPS Daily v2.0,Maharashtra,CHIRPS Rainfall
2025-02-12,2025-02-19,7.0,2025,P074,18.50832831512306,76.870318205524,Latur,high,priority,0.0,1,7,CHIRPS Daily v2.0,Maharashtra,CHIRPS Rainfall
2025-02-12,2025-02-19,7.0,2025,P075,18.41444640154381,77.20053247493588,Latur,high,priority,0.0,1,7,CHIRPS Daily v2.0,Maharashtra,CHIRPS Rainfall
2025-02-12,2025-02-19,7.0,2025,P076,18.377877313804504,76.25376722106614,Latur,high,priority,0.0,1,7,CHIRPS Daily v2.0,Maharashtra,CHIRPS Rainfall
2025-02-12,2025-02-19,7.0,2025,P077,18.059564385104267,76.5349046242838,Latur,high,priority,0.0,1,7,CHIRPS Daily v2.0,Maharashtra,CHIRPS Rainfall
2025-02-12,2025-02-19,7.0,2025,P078,18.1008824154655,76.96042326051098,Latur,high,priority,0.0,1,7,CHIRPS Daily v2.0,Maharashtra,CHIRPS Rainfall
2025-02-12,2025-02-19,7.0,2025,P079,18.73508698099394,76.77797468180819,Latur,high,priority,0.0,1,7,CHIRPS Daily v2.0,Maharashtra,CHIRPS Rainfall
2025-02-12,2025-02-19,7.0,2025,P080,18.46791548227568,76.3017694439065,Latur,high,priority,0.0,1,7,CHIRPS Daily v2.0,Maharashtra,CHIRPS Rainfall
2025-02-12,2025-02-19,7.0,2025,P081,18.10355787609756,76.67701617485712,Latur,high,priority,0.0,1,7,CHIRPS Daily v2.0,Maharashtra,CHIRPS Rainfall
2025-02-12,2025-02-19,7.0,2025,P082,18.23907887531389,76.67830931416262,Latur,high,priority,0.0,1,7,CHIRPS Daily v2.0,Maharashtra,CHIRPS Rainfall
2025-02-12,2025-02-19,7.0,2025,P083,18.369289085175563,77.19996171000103,Latur,high,priority,0.0,1,7,CHIRPS Daily v2.0,Maharashtra,CHIRPS Rainfall
2025-02-12,2025-02-19,7.0,2025,P084,18.46362582706226,76.82249880582684,Latur,high,priority,0.0,1,7,CHIRPS Daily v2.0,Maharashtra,CHIRPS Rainfall
2025-02-12,2025-02-19,7.0,2025,P085,18.14788579966987,76.77194597718393,Latur,high,priority,0.0,1,7,CHIRPS Daily v2.0,Maharashtra,CHIRPS Rainfall
2025-02-12,2025-02-19,7.0,2025,P122,17.88145897082753,73.8441448165019,Satara,high,priority,0.0,1,7,CHIRPS Daily v2.0,Maharashtra,CHIRPS Rainfall
2025-02-12,2025-02-19,7.0,2025,P123,17.386414030975025,74.27088970551878,Satara,high,priority,0.0,1,7,CHIRPS Daily v2.0,Maharashtra,CHIRPS Rainfall
2025-02-12,2025-02-19,7.0,2025,P124,17.43262815429294,74.647353771057,Satara,high,priority,0.0,1,7,CHIRPS Daily v2.0,Maharashtra,CHIRPS Rainfall
2025-02-12,2025-02-19,7.0,2025,P125,17.56734651531964,74.31728219287884,Satara,high,priority,0.0,1,7,CHIRPS Daily v2.0,Maharashtra,CHIRPS Rainfall
2025-02-12,2025-02-19,7.0,2025,P126,17.205080227535593,74.13053949986157,Satara,high,priority,0.0,1,7,CHIRPS Daily v2.0,Maharashtra,CHIRPS Rainfall
2025-02-12,2025-02-19,7.0,2025,P127,17.65773249367299,74.31694330119876,Satara,high,priority,0.0,1,7,CHIRPS Daily v2.0,Maharashtra,CHIRPS Rainfall
2025-02-12,2025-02-19,7.0,2025,P128,18.019949731345452,74.5517328080669,Satara,high,priority,0.0,1,7,CHIRPS Daily v2.0,Maharashtra,CHIRPS Rainfall
2025-02-12,2025-02-19,7.0,2025,P129,18.063234225271252,74.03192648006461,Satara,high,priority,0.0,1,7,CHIRPS Daily v2.0,Maharashtra,CHIRPS Rainfall
2025-02-12,2025-02-19,7.0,2025,P130,17.61135784271715,74.03436560834085,Satara,high,priority,0.0,1,7,CHIRPS Daily v2.0,Maharashtra,CHIRPS Rainfall
2025-02-12,2025-02-19,7.0,2025,P131,17.612539504496315,74.3171127470388,Satara,high,priority,0.0,1,7,CHIRPS Daily v2.0,Maharashtra,CHIRPS Rainfall
2025-02-12,2025-02-19,7.0,2025,P132,17.702176353872684,74.12817617630324,Satara,high,priority,0.0,1,7,CHIRPS Daily v2.0,Maharashtra,CHIRPS Rainfall
2025-02-12,2025-02-19,7.0,2025,P133,17.25006363896275,74.08329532420031,Satara,high,priority,0.0,1,7,CHIRPS Daily v2.0,Maharashtra,CHIRPS Rainfall
2025-02-12,2025-02-19,7.0,2025,P134,17.476429903940936,74.17634784498362,Satara,high,priority,0.0,1,7,CHIRPS Daily v2.0,Maharashtra,CHIRPS Rainfall
2025-02-12,2025-02-19,7.0,2025,P135,17.882716437324603,74.0801070669471,Satara,high,priority,0.0,1,7,CHIRPS Daily v2.0,Maharashtra,CHIRPS Rainfall
2025-02-12,2025-02-19,7.0,2025,P136,17.928520323345598,74.22149178404871,Satara,high,priority,0.0,1,7,CHIRPS Daily v2.0,Maharashtra,CHIRPS Rainfall
2025-02-12,2025-02-19,7.0,2025,P137,17.746687100588183,73.98648378122894,Satara,high,priority,0.0,1,7,CHIRPS Daily v2.0,Maharashtra,CHIRPS Rainfall
2025-02-12,2025-02-19,7.0,2025,P138,17.61269557303319,74.36423652697161,Satara,high,priority,0.0,1,7,CHIRPS Daily v2.0,Maharashtra,CHIRPS Rainfall
2025-02-12,2025-02-19,7.0,2025,P139,17.656773786946495,74.08126197411994,Satara,high,priority,0.0,1,7,CHIRPS Daily v2.0,Maharashtra,CHIRPS Rainfall
2025-02-12,2025-02-19,7.0,2025,P140,17.97464080554139,74.50462240543725,Satara,high,priority,0.0,1,7,CHIRPS Daily v2.0,Maharashtra,CHIRPS Rainfall
2025-02-12,2025-02-19,7.0,2025,P141,17.430826677467348,74.08239904488856,Satara,high,priority,0.0,1,7,CHIRPS Daily v2.0,Maharashtra,CHIRPS Rainfall
2025-02-12,2025-02-19,7.0,2025,P142,18.064447100757786,74.31538707493111,Satara,high,priority,0.0,1,7,CHIRPS Daily v2.0,Maharashtra,CHIRPS Rainfall
2025-02-12,2025-02-19,7.0,2025,P143,17.70379500755509,74.6468275971327,Satara,high,priority,0.0,1,7,CHIRPS Daily v2.0,Maharashtra,CHIRPS Rainfall
2025-02-12,2025-02-19,7.0,2025,P144,17.929452275465767,74.50474726026674,Satara,high,priority,0.0,1,7,CHIRPS Daily v2.0,Maharashtra,CHIRPS Rainfall
2025-02-12,2025-02-19,7.0,2025,P145,17.47773196144854,74.60017202281048,Satara,high,priority,0.0,1,7,CHIRPS Daily v2.0,Maharashtra,CHIRPS Rainfall
2025-02-12,2025-02-19,7.0,2025,P146,17.839182233739812,74.55218763637436,Satara,high,priority,0.0,1,7,CHIRPS Daily v2.0,Maharashtra,CHIRPS Rainfall
2025-02-12,2025-02-19,7.0,2025,P001,19.940457800458272,74.57045211428928,Ahmednagar,normal,statewide,0.0,1,7,CHIRPS Daily v2.0,Maharashtra,CHIRPS Rainfall
2025-02-12,2025-02-19,7.0,2025,P002,18.946729294293643,74.76302285238339,Ahmednagar,normal,statewide,0.0,1,7,CHIRPS Daily v2.0,Maharashtra,CHIRPS Rainfall
2025-02-12,2025-02-19,7.0,2025,P003,18.49469238410162,74.66892244285252,Ahmednagar,normal,statewide,0.0,1,7,CHIRPS Daily v2.0,Maharashtra,CHIRPS Rainfall
2025-02-12,2025-02-19,7.0,2025,P004,19.03720445466806,75.1420731965326,Ahmednagar,normal,statewide,0.0,1,7,CHIRPS Daily v2.0,Maharashtra,CHIRPS Rainfall
2025-02-12,2025-02-19,7.0,2025,P005,20.832153156317954,77.06560453615967,Akola,normal,statewide,0.0,1,7,CHIRPS Daily v2.0,Maharashtra,CHIRPS Rainfall
2025-02-12,2025-02-19,7.0,2025,P006,20.834360411339407,76.87349308547405,Akola,normal,statewide,0.0,1,7,CHIRPS Daily v2.0,Maharashtra,CHIRPS Rainfall
2025-02-12,2025-02-19,7.0,2025,P007,21.014976299509232,76.87574047240498,Akola,normal,statewide,0.0,1,7,CHIRPS Daily v2.0,Maharashtra,CHIRPS Rainfall
2025-02-12,2025-02-19,7.0,2025,P008,20.828434266039377,77.35372489162701,Akola,normal,statewide,0.0,1,7,CHIRPS Daily v2.0,Maharashtra,CHIRPS Rainfall
2025-02-12,2025-02-19,7.0,2025,P009,21.360971327549258,77.94039543992572,Amravati,normal,statewide,0.0,1,7,CHIRPS Daily v2.0,Maharashtra,CHIRPS Rainfall
2025-02-12,2025-02-19,7.0,2025,P010,21.178803672212837,78.03301542790685,Amravati,normal,statewide,0.0,1,7,CHIRPS Daily v2.0,Maharashtra,CHIRPS Rainfall
2025-02-12,2025-02-19,7.0,2025,P011,20.814388097721018,78.21764450702477,Amravati,normal,statewide,0.0,1,7,CHIRPS Daily v2.0,Maharashtra,CHIRPS Rainfall
2025-02-12,2025-02-19,7.0,2025,P012,21.180502589714195,77.93681032267875,Amravati,normal,statewide,0.0,1,7,CHIRPS Daily v2.0,Maharashtra,CHIRPS Rainfall
2025-02-12,2025-02-19,7.0,2025,P013,20.031289688916964,74.8570519162974,Aurangabad,normal,statewide,0.0,1,7,CHIRPS Daily v2.0,Maharashtra,CHIRPS Rainfall
2025-02-12,2025-02-19,7.0,2025,P014,19.760185263069562,75.14270192978114,Aurangabad,normal,statewide,0.0,1,7,CHIRPS Daily v2.0,Maharashtra,CHIRPS Rainfall
2025-02-12,2025-02-19,7.0,2025,P015,19.9408189876436,74.76157364454102,Aurangabad,normal,statewide,0.0,1,7,CHIRPS Daily v2.0,Maharashtra,CHIRPS Rainfall
2025-02-12,2025-02-19,7.0,2025,P016,19.66981712112043,75.14262166596218,Aurangabad,normal,statewide,0.0,1,7,CHIRPS Daily v2.0,Maharashtra,CHIRPS Rainfall
2025-02-12,2025-02-19,7.0,2025,P017,21.04613203856966,79.85576216552393,Bhandara,normal,statewide,0.0,1,7,CHIRPS Daily v2.0,Maharashtra,CHIRPS Rainfall
2025-02-12,2025-02-19,7.0,2025,P018,21.31897105472685,79.76852877161537,Bhandara,normal,statewide,0.0,1,7,CHIRPS Daily v2.0,Maharashtra,CHIRPS Rainfall
2025-02-12,2025-02-19,7.0,2025,P019,21.40900922319803,79.77144948280537,Bhandara,normal,statewide,0.0,1,7,CHIRPS Daily v2.0,Maharashtra,CHIRPS Rainfall
2025-02-12,2025-02-19,7.0,2025,P020,21.144196588937042,79.57074980349083,Bhandara,normal,statewide,0.0,1,7,CHIRPS Daily v2.0,Maharashtra,CHIRPS Rainfall
2025-02-12,2025-02-19,7.0,2025,P021,18.67502288980403,75.52108340877234,Bid,normal,statewide,0.0,1,7,CHIRPS Daily v2.0,Maharashtra,CHIRPS Rainfall
2025-02-12,2025-02-19,7.0,2025,P022,18.856499384477168,75.04699178476999,Bid,normal,statewide,0.0,1,7,CHIRPS Daily v2.0,Maharashtra,CHIRPS Rainfall
2025-02-12,2025-02-19,7.0,2025,P023,19.126596053486494,75.6175605191647,Bid,normal,statewide,0.0,1,7,CHIRPS Daily v2.0,Maharashtra,CHIRPS Rainfall
2025-02-12,2025-02-19,7.0,2025,P024,18.763955201213946,75.90084720909012,Bid,normal,statewide,0.0,1,7,CHIRPS Daily v2.0,Maharashtra,CHIRPS Rainfall
2025-02-12,2025-02-19,7.0,2025,P025,20.93073496240753,76.20164478885242,Buldana,normal,statewide,0.0,1,7,CHIRPS Daily v2.0,Maharashtra,CHIRPS Rainfall
2025-02-12,2025-02-19,7.0,2025,P026,20.838939908121294,76.39311412898633,Buldana,normal,statewide,0.0,1,7,CHIRPS Daily v2.0,Maharashtra,CHIRPS Rainfall
2025-02-12,2025-02-19,7.0,2025,P027,20.657476790751314,76.48742857536776,Buldana,normal,statewide,0.0,1,7,CHIRPS Daily v2.0,Maharashtra,CHIRPS Rainfall
2025-02-12,2025-02-19,7.0,2025,P028,20.47967013624516,76.10222021266374,Buldana,normal,statewide,0.0,1,7,CHIRPS Daily v2.0,Maharashtra,CHIRPS Rainfall
2025-02-12,2025-02-19,7.0,2025,P029,20.32317798477448,79.92829390325927,Chandrapur,normal,statewide,0.0,1,7,CHIRPS Daily v2.0,Maharashtra,CHIRPS Rainfall
2025-02-12,2025-02-19,7.0,2025,P030,20.60872097983294,79.36304041732026,Chandrapur,normal,statewide,0.0,1,7,CHIRPS Daily v2.0,Maharashtra,CHIRPS Rainfall
2025-02-12,2025-02-19,7.0,2025,P031,20.511160307884595,79.64732594588165,Chandrapur,normal,statewide,0.0,1,7,CHIRPS Daily v2.0,Maharashtra,CHIRPS Rainfall
2025-02-12,2025-02-19,7.0,2025,P032,20.598621115946884,79.74569817422172,Chandrapur,normal,statewide,0.0,1,7,CHIRPS Daily v2.0,Maharashtra,CHIRPS Rainfall
2025-02-12,2025-02-19,7.0,2025,P033,21.38667804512237,75.14422248324037,Dhule,normal,statewide,0.0,1,7,CHIRPS Daily v2.0,Maharashtra,CHIRPS Rainfall
2025-02-12,2025-02-19,7.0,2025,P034,21.025151968113196,74.75989256344387,Dhule,normal,statewide,0.0,1,7,CHIRPS Daily v2.0,Maharashtra,CHIRPS Rainfall
2025-02-12,2025-02-19,7.0,2025,P035,21.477028350667293,74.85568743137505,Dhule,normal,statewide,0.0,1,7,CHIRPS Daily v2.0,Maharashtra,CHIRPS Rainfall
2025-02-12,2025-02-19,7.0,2025,P036,20.933820660336515,74.37533522949364,Dhule,normal,statewide,0.0,1,7,CHIRPS Daily v2.0,Maharashtra,CHIRPS Rainfall
2025-02-12,2025-02-19,7.0,2025,P037,19.963056524597132,79.91698116388667,Garhchiroli,normal,statewide,0.0,1,7,CHIRPS Daily v2.0,Maharashtra,CHIRPS Rainfall
2025-02-12,2025-02-19,7.0,2025,P038,19.062661462582188,79.88977172925856,Garhchiroli,normal,statewide,0.0,1,7,CHIRPS Daily v2.0,Maharashtra,CHIRPS Rainfall
2025-02-12,2025-02-19,7.0,2025,P039,19.510270485428137,79.9981368030594,Garhchiroli,normal,statewide,0.0,1,7,CHIRPS Daily v2.0,Maharashtra,CHIRPS Rainfall
2025-02-12,2025-02-19,7.0,2025,P040,19.870365190999156,80.00935144220881,Garhchiroli,normal,statewide,0.0,1,7,CHIRPS Daily v2.0,Maharashtra,CHIRPS Rainfall
2025-02-12,2025-02-19,7.0,2025,P041,21.127639946725598,80.1465044724107,Gondiya,normal,statewide,0.0,1,7,CHIRPS Daily v2.0,Maharashtra,CHIRPS Rainfall
2025-02-12,2025-02-19,7.0,2025,P042,21.397598383602258,80.15591763473452,Gondiya,normal,statewide,0.0,1,7,CHIRPS Daily v2.0,Maharashtra,CHIRPS Rainfall
2025-02-12,2025-02-19,7.0,2025,P043,21.574548890706154,80.25847249986273,Gondiya,normal,statewide,0.0,1,7,CHIRPS Daily v2.0,Maharashtra,CHIRPS Rainfall
2025-02-12,2025-02-19,7.0,2025,P044,21.211649410572516,80.34153217518526,Gondiya,normal,statewide,0.0,1,7,CHIRPS Daily v2.0,Maharashtra,CHIRPS Rainfall
2025-02-12,2025-02-19,7.0,2025,P045,19.655900266732623,77.2407892392464,Hingoli,normal,statewide,0.0,1,7,CHIRPS Daily v2.0,Maharashtra,CHIRPS Rainfall
2025-02-12,2025-02-19,7.0,2025,P046,19.566758377573187,77.1442675378435,Hingoli,normal,statewide,0.0,1,7,CHIRPS Daily v2.0,Maharashtra,CHIRPS Rainfall
2025-02-12,2025-02-19,7.0,2025,P047,19.47860194974656,76.9526242927685,Hingoli,normal,statewide,0.0,1,7,CHIRPS Daily v2.0,Maharashtra,CHIRPS Rainfall
2025-02-12,2025-02-19,7.0,2025,P048,19.927981235710728,77.14910120338544,Hingoli,normal,statewide,0.0,1,7,CHIRPS Daily v2.0,Maharashtra,CHIRPS Rainfall
2025-02-12,2025-02-19,7.0,2025,P049,21.292738163229433,76.10816865346904,Jalgaon,normal,statewide,0.0,1,7,CHIRPS Daily v2.0,Maharashtra,CHIRPS Rainfall
2025-02-12,2025-02-19,7.0,2025,P050,21.386178625804387,75.43363151891216,Jalgaon,normal,statewide,0.0,1,7,CHIRPS Daily v2.0,Maharashtra,CHIRPS Rainfall
2025-02-12,2025-02-19,7.0,2025,P051,21.112064306745907,76.10682200495089,Jalgaon,normal,statewide,0.0,1,7,CHIRPS Daily v2.0,Maharashtra,CHIRPS Rainfall
2025-02-12,2025-02-19,7.0,2025,P052,20.844437979720194,75.23982115072519,Jalgaon,normal,statewide,0.0,1,7,CHIRPS Daily v2.0,Maharashtra,CHIRPS Rainfall
2025-02-12,2025-02-19,7.0,2025,P053,19.486369703781666,76.00005328932718,Jalna,normal,statewide,0.0,1,7,CHIRPS Daily v2.0,Maharashtra,CHIRPS Rainfall
2025-02-12,2025-02-19,7.0,2025,P054,20.028502750758555,76.00343774702675,Jalna,normal,statewide,0.0,1,7,CHIRPS Daily v2.0,Maharashtra,CHIRPS Rainfall
2025-02-12,2025-02-19,7.0,2025,P055,19.75743845682064,76.00172991132328,Jalna,normal,statewide,0.0,1,7,CHIRPS Daily v2.0,Maharashtra,CHIRPS Rainfall
2025-02-12,2025-02-19,7.0,2025,P056,19.57768317515413,75.80993951591351,Jalna,normal,statewide,0.0,1,7,CHIRPS Daily v2.0,Maharashtra,CHIRPS Rainfall
2025-02-12,2025-02-19,7.0,2025,P057,16.776377793156257,74.29671235971928,Kolhapur,normal,statewide,0.0,1,7,CHIRPS Daily v2.0,Maharashtra,CHIRPS Rainfall
2025-02-12,2025-02-19,7.0,2025,P058,16.324416687682138,74.29834884980589,Kolhapur,normal,statewide,0.0,1,7,CHIRPS Daily v2.0,Maharashtra,CHIRPS Rainfall
2025-02-12,2025-02-19,7.0,2025,P059,16.595891218916975,74.39111598812178,Kolhapur,normal,statewide,0.0,1,7,CHIRPS Daily v2.0,Maharashtra,CHIRPS Rainfall
2025-02-12,2025-02-19,7.0,2025,P060,16.414811584237594,74.29802779453004,Kolhapur,normal,statewide,0.0,1,7,CHIRPS Daily v2.0,Maharashtra,CHIRPS Rainfall
2025-02-12,2025-02-19,7.0,2025,P086,21.054127206758487,79.56798961993874,Nagpur,normal,statewide,0.0,1,7,CHIRPS Daily v2.0,Maharashtra,CHIRPS Rainfall
2025-02-12,2025-02-19,7.0,2025,P087,21.146765031143822,79.47473643960802,Nagpur,normal,statewide,0.0,1,7,CHIRPS Daily v2.0,Maharashtra,CHIRPS Rainfall
2025-02-12,2025-02-19,7.0,2025,P088,21.347803602138427,78.61442869606356,Nagpur,normal,statewide,0.0,1,7,CHIRPS Daily v2.0,Maharashtra,CHIRPS Rainfall
2025-02-12,2025-02-19,7.0,2025,P089,21.165377318940912,78.70615240473293,Nagpur,normal,statewide,0.0,1,7,CHIRPS Daily v2.0,Maharashtra,CHIRPS Rainfall
2025-02-12,2025-02-19,7.0,2025,P090,19.201968238592887,77.42470040309472,Nanded,normal,statewide,0.0,1,7,CHIRPS Daily v2.0,Maharashtra,CHIRPS Rainfall
2025-02-12,2025-02-19,7.0,2025,P091,18.566038000956755,77.69963965584807,Nanded,normal,statewide,0.0,1,7,CHIRPS Daily v2.0,Maharashtra,CHIRPS Rainfall
2025-02-12,2025-02-19,7.0,2025,P092,19.736596618496833,77.90946265591798,Nanded,normal,statewide,0.0,1,7,CHIRPS Daily v2.0,Maharashtra,CHIRPS Rainfall
2025-02-12,2025-02-19,7.0,2025,P093,18.93564842817583,77.04115528508362,Nanded,normal,statewide,0.0,1,7,CHIRPS Daily v2.0,Maharashtra,CHIRPS Rainfall
2025-02-12,2025-02-19,7.0,2025,P094,21.564917232430716,74.08292967791392,Nandurbar,normal,statewide,0.0,1,7,CHIRPS Daily v2.0,Maharashtra,CHIRPS Rainfall
2025-02-12,2025-02-19,7.0,2025,P095,21.5662594218478,74.37266422796263,Nandurbar,normal,statewide,0.0,1,7,CHIRPS Daily v2.0,Maharashtra,CHIRPS Rainfall
2025-02-12,2025-02-19,7.0,2025,P096,21.385179787168415,74.27697637845674,Nandurbar,normal,statewide,0.0,1,7,CHIRPS Daily v2.0,Maharashtra,CHIRPS Rainfall
2025-02-12,2025-02-19,7.0,2025,P097,21.565421110849755,74.17950488852946,Nandurbar,normal,statewide,0.0,1,7,CHIRPS Daily v2.0,Maharashtra,CHIRPS Rainfall
2025-02-12,2025-02-19,7.0,2025,P098,20.299553667393326,73.99482675929994,Nashik,normal,statewide,0.0,1,7,CHIRPS Daily v2.0,Maharashtra,CHIRPS Rainfall
2025-02-12,2025-02-19,7.0,2025,P099,20.120253214034264,74.28296495117151,Nashik,normal,statewide,0.0,1,7,CHIRPS Daily v2.0,Maharashtra,CHIRPS Rainfall
2025-02-12,2025-02-19,7.0,2025,P100,20.389903972938242,73.99424261706194,Nashik,normal,statewide,0.0,1,7,CHIRPS Daily v2.0,Maharashtra,CHIRPS Rainfall
2025-02-12,2025-02-19,7.0,2025,P101,20.029015547379707,74.09216447619562,Nashik,normal,statewide,0.0,1,7,CHIRPS Daily v2.0,Maharashtra,CHIRPS Rainfall
2025-02-12,2025-02-19,7.0,2025,P102,17.85749130266526,76.36802722645965,Osmanabad,normal,statewide,0.0,1,7,CHIRPS Daily v2.0,Maharashtra,CHIRPS Rainfall
2025-02-12,2025-02-19,7.0,2025,P103,17.76644983645705,76.46164605307673,Osmanabad,normal,statewide,0.0,1,7,CHIRPS Daily v2.0,Maharashtra,CHIRPS Rainfall
2025-02-12,2025-02-19,7.0,2025,P104,17.949094615606196,76.17989775301476,Osmanabad,normal,statewide,0.0,1,7,CHIRPS Daily v2.0,Maharashtra,CHIRPS Rainfall
2025-02-12,2025-02-19,7.0,2025,P105,18.584360447185368,75.61558067829696,Osmanabad,normal,statewide,0.0,1,7,CHIRPS Daily v2.0,Maharashtra,CHIRPS Rainfall
2025-02-12,2025-02-19,7.0,2025,P106,19.031389786894366,76.47235681380711,Parbhani,normal,statewide,0.0,1,7,CHIRPS Daily v2.0,Maharashtra,CHIRPS Rainfall
2025-02-12,2025-02-19,7.0,2025,P107,19.120950831552832,76.56820519095093,Parbhani,normal,statewide,0.0,1,7,CHIRPS Daily v2.0,Maharashtra,CHIRPS Rainfall
2025-02-12,2025-02-19,7.0,2025,P108,19.208625676465683,76.85432786914635,Parbhani,normal,statewide,0.0,1,7,CHIRPS Daily v2.0,Maharashtra,CHIRPS Rainfall
2025-02-12,2025-02-19,7.0,2025,P109,19.212081479782103,76.47396209018636,Parbhani,normal,statewide,0.0,1,7,CHIRPS Daily v2.0,Maharashtra,CHIRPS Rainfall
2025-02-12,2025-02-19,7.0,2025,P110,18.133442771357757,75.04679558432363,Pune,normal,statewide,0.0,1,7,CHIRPS Daily v2.0,Maharashtra,CHIRPS Rainfall
2025-02-12,2025-02-19,7.0,2025,P111,18.584645829652782,74.47919215212944,Pune,normal,statewide,0.0,1,7,CHIRPS Daily v2.0,Maharashtra,CHIRPS Rainfall
2025-02-12,2025-02-19,7.0,2025,P112,18.132979024848197,74.57507620208169,Pune,normal,statewide,0.0,1,7,CHIRPS Daily v2.0,Maharashtra,CHIRPS Rainfall
2025-02-12,2025-02-19,7.0,2025,P113,18.314072036830744,74.76389683618987,Pune,normal,statewide,0.0,1,7,CHIRPS Daily v2.0,Maharashtra,CHIRPS Rainfall
2025-02-12,2025-02-19,7.0,2025,P114,18.48503397121986,73.0589238755964,Raigarh,normal,statewide,0.0,1,7,CHIRPS Daily v2.0,Maharashtra,CHIRPS Rainfall
2025-02-12,2025-02-19,7.0,2025,P115,18.665689991299164,73.05687714821288,Raigarh,normal,statewide,0.0,1,7,CHIRPS Daily v2.0,Maharashtra,CHIRPS Rainfall
2025-02-12,2025-02-19,7.0,2025,P116,18.306197264370358,73.25009891506079,Raigarh,normal,statewide,0.0,1,7,CHIRPS Daily v2.0,Maharashtra,CHIRPS Rainfall
2025-02-12,2025-02-19,7.0,2025,P117,18.21404102289879,73.06194714611064,Raigarh,normal,statewide,0.0,1,7,CHIRPS Daily v2.0,Maharashtra,CHIRPS Rainfall
2025-02-12,2025-02-19,7.0,2025,P118,17.138719885658215,75.42259970290594,Sangli,normal,statewide,0.0,1,7,CHIRPS Daily v2.0,Maharashtra,CHIRPS Rainfall
2025-02-12,2025-02-19,7.0,2025,P119,17.048761981005992,74.95348443567921,Sangli,normal,statewide,0.0,1,7,CHIRPS Daily v2.0,Maharashtra,CHIRPS Rainfall
2025-02-12,2025-02-19,7.0,2025,P120,16.86707144948229,74.39025538161847,Sangli,normal,statewide,0.0,1,7,CHIRPS Daily v2.0,Maharashtra,CHIRPS Rainfall
2025-02-12,2025-02-19,7.0,2025,P121,17.048503353144895,74.67157114887826,Sangli,normal,statewide,0.0,1,7,CHIRPS Daily v2.0,Maharashtra,CHIRPS Rainfall
2025-02-12,2025-02-19,7.0,2025,P148,17.67852974098626,76.08383979812143,Solapur,normal,statewide,0.0,1,7,CHIRPS Daily v2.0,Maharashtra,CHIRPS Rainfall
2025-02-12,2025-02-19,7.0,2025,P149,18.223365003201543,75.4251413905064,Solapur,normal,statewide,0.0,1,7,CHIRPS Daily v2.0,Maharashtra,CHIRPS Rainfall
2025-02-12,2025-02-19,7.0,2025,P150,17.952532582518405,75.23562067753285,Solapur,normal,statewide,0.0,1,7,CHIRPS Daily v2.0,Maharashtra,CHIRPS Rainfall
2025-02-12,2025-02-19,7.0,2025,P151,18.223690517578447,75.23598186471818,Solapur,normal,statewide,0.0,1,7,CHIRPS Daily v2.0,Maharashtra,CHIRPS Rainfall
2025-02-12,2025-02-19,7.0,2025,P152,19.658178867370932,72.94986318203122,Thane,normal,statewide,0.0,1,7,CHIRPS Daily v2.0,Maharashtra,CHIRPS Rainfall
2025-02-12,2025-02-19,7.0,2025,P153,19.65706409210757,72.8545320606096,Thane,normal,statewide,0.0,1,7,CHIRPS Daily v2.0,Maharashtra,CHIRPS Rainfall
2025-02-12,2025-02-19,7.0,2025,P154,19.477549601897948,72.95214624177059,Thane,normal,statewide,0.0,1,7,CHIRPS Daily v2.0,Maharashtra,CHIRPS Rainfall
2025-02-12,2025-02-19,7.0,2025,P155,19.83987385799569,73.0429959666335,Thane,normal,statewide,0.0,1,7,CHIRPS Daily v2.0,Maharashtra,CHIRPS Rainfall
2025-02-12,2025-02-19,7.0,2025,P156,20.806749657616468,78.60135461177485,Wardha,normal,statewide,0.0,1,7,CHIRPS Daily v2.0,Maharashtra,CHIRPS Rainfall
2025-02-12,2025-02-19,7.0,2025,P157,20.71031267913359,78.88671032458906,Wardha,normal,statewide,0.0,1,7,CHIRPS Daily v2.0,Maharashtra,CHIRPS Rainfall
2025-02-12,2025-02-19,7.0,2025,P158,21.081265295769754,78.41565980750515,Wardha,normal,statewide,0.0,1,7,CHIRPS Daily v2.0,Maharashtra,CHIRPS Rainfall
2025-02-12,2025-02-19,7.0,2025,P159,20.439854822938944,78.87986114537097,Wardha,normal,statewide,0.0,1,7,CHIRPS Daily v2.0,Maharashtra,CHIRPS Rainfall
2025-02-12,2025-02-19,7.0,2025,P160,20.289186257444058,77.15404188735265,Washim,normal,statewide,0.0,1,7,CHIRPS Daily v2.0,Maharashtra,CHIRPS Rainfall
2025-02-12,2025-02-19,7.0,2025,P161,20.464607292886615,77.53975858757677,Washim,normal,statewide,0.0,1,7,CHIRPS Daily v2.0,Maharashtra,CHIRPS Rainfall
2025-02-12,2025-02-19,7.0,2025,P162,20.107393166596125,77.2471479173486,Washim,normal,statewide,0.0,1,7,CHIRPS Daily v2.0,Maharashtra,CHIRPS Rainfall
2025-02-12,2025-02-19,7.0,2025,P163,20.198885002010726,77.1527933390577,Washim,normal,statewide,0.0,1,7,CHIRPS Daily v2.0,Maharashtra,CHIRPS Rainfall
2025-02-12,2025-02-19,7.0,2025,P164,20.182854533723592,78.20447678161395,Yavatmal,normal,statewide,0.0,1,7,CHIRPS Daily v2.0,Maharashtra,CHIRPS Rainfall
2025-02-12,2025-02-19,7.0,2025,P165,19.894658373538324,79.05709703494229,Yavatmal,normal,statewide,0.0,1,7,CHIRPS Daily v2.0,Maharashtra,CHIRPS Rainfall
2025-02-12,2025-02-19,7.0,2025,P166,19.468787468327925,77.71426550730338,Yavatmal,normal,statewide,0.0,1,7,CHIRPS Daily v2.0,Maharashtra,CHIRPS Rainfall
2025-02-12,2025-02-19,7.0,2025,P167,19.559057510053886,77.71577268345945,Yavatmal,normal,statewide,0.0,1,7,CHIRPS Daily v2.0,Maharashtra,CHIRPS Rainfall
2025-02-19,2025-02-26,8.0,2025,P147,17.927231643141155,73.94769852026607,Satara,case_study,case_study,0.0,1,7,CHIRPS Daily v2.0,Maharashtra,CHIRPS Rainfall
2025-02-19,2025-02-26,8.0,2025,P061,18.507855650411397,76.91766048140843,Latur,high,priority,0.0,1,7,CHIRPS Daily v2.0,Maharashtra,CHIRPS Rainfall
2025-02-19,2025-02-26,8.0,2025,P062,18.422405896924207,76.3487594508077,Latur,high,priority,0.0,1,7,CHIRPS Daily v2.0,Maharashtra,CHIRPS Rainfall
2025-02-19,2025-02-26,8.0,2025,P063,18.235391198742693,77.05646783810116,Latur,high,priority,0.0,1,7,CHIRPS Daily v2.0,Maharashtra,CHIRPS Rainfall
2025-02-19,2025-02-26,8.0,2025,P064,18.193056493341274,76.77240080549139,Latur,high,priority,0.0,1,7,CHIRPS Daily v2.0,Maharashtra,CHIRPS Rainfall
2025-02-19,2025-02-26,8.0,2025,P065,18.331355512513895,76.44266811899327,Latur,high,priority,0.0,1,7,CHIRPS Daily v2.0,Maharashtra,CHIRPS Rainfall
2025-02-19,2025-02-26,8.0,2025,P066,18.104739537876725,76.5352970251765,Latur,high,priority,0.0,1,7,CHIRPS Daily v2.0,Maharashtra,CHIRPS Rainfall
2025-02-19,2025-02-26,8.0,2025,P067,18.280552974211986,77.0569984711265,Latur,high,priority,0.0,1,7,CHIRPS Daily v2.0,Maharashtra,CHIRPS Rainfall
2025-02-19,2025-02-26,8.0,2025,P068,18.101823285787773,76.86595720469373,Latur,high,priority,0.0,1,7,CHIRPS Daily v2.0,Maharashtra,CHIRPS Rainfall
2025-02-19,2025-02-26,8.0,2025,P069,18.595075667016793,77.20284228928156,Latur,high,priority,0.0,1,7,CHIRPS Daily v2.0,Maharashtra,CHIRPS Rainfall
2025-02-19,2025-02-26,8.0,2025,P070,18.41499041187233,77.15322587185987,Latur,high,priority,0.0,1,7,CHIRPS Daily v2.0,Maharashtra,CHIRPS Rainfall
2025-02-19,2025-02-26,8.0,2025,P071,18.149138807065885,76.63019561379593,Latur,high,priority,0.0,1,7,CHIRPS Daily v2.0,Maharashtra,CHIRPS Rainfall
2025-02-19,2025-02-26,8.0,2025,P072,18.283393421583035,76.77331492120734,Latur,high,priority,0.0,1,7,CHIRPS Daily v2.0,Maharashtra,CHIRPS Rainfall
2025-02-19,2025-02-26,8.0,2025,P073,17.966315663874607,76.86453029235662,Latur,high,priority,0.0,1,7,CHIRPS Daily v2.0,Maharashtra,CHIRPS Rainfall
2025-02-19,2025-02-26,8.0,2025,P074,18.50832831512306,76.870318205524,Latur,high,priority,0.0,1,7,CHIRPS Daily v2.0,Maharashtra,CHIRPS Rainfall
2025-02-19,2025-02-26,8.0,2025,P075,18.41444640154381,77.20053247493588,Latur,high,priority,0.0,1,7,CHIRPS Daily v2.0,Maharashtra,CHIRPS Rainfall
2025-02-19,2025-02-26,8.0,2025,P076,18.377877313804504,76.25376722106614,Latur,high,priority,0.0,1,7,CHIRPS Daily v2.0,Maharashtra,CHIRPS Rainfall
2025-02-19,2025-02-26,8.0,2025,P077,18.059564385104267,76.5349046242838,Latur,high,priority,0.0,1,7,CHIRPS Daily v2.0,Maharashtra,CHIRPS Rainfall
2025-02-19,2025-02-26,8.0,2025,P078,18.1008824154655,76.96042326051098,Latur,high,priority,0.0,1,7,CHIRPS Daily v2.0,Maharashtra,CHIRPS Rainfall
2025-02-19,2025-02-26,8.0,2025,P079,18.73508698099394,76.77797468180819,Latur,high,priority,0.0,1,7,CHIRPS Daily v2.0,Maharashtra,CHIRPS Rainfall
2025-02-19,2025-02-26,8.0,2025,P080,18.46791548227568,76.3017694439065,Latur,high,priority,0.0,1,7,CHIRPS Daily v2.0,Maharashtra,CHIRPS Rainfall
2025-02-19,2025-02-26,8.0,2025,P081,18.10355787609756,76.67701617485712,Latur,high,priority,0.0,1,7,CHIRPS Daily v2.0,Maharashtra,CHIRPS Rainfall
2025-02-19,2025-02-26,8.0,2025,P082,18.23907887531389,76.67830931416262,Latur,high,priority,0.0,1,7,CHIRPS Daily v2.0,Maharashtra,CHIRPS Rainfall
2025-02-19,2025-02-26,8.0,2025,P083,18.369289085175563,77.19996171000103,Latur,high,priority,0.0,1,7,CHIRPS Daily v2.0,Maharashtra,CHIRPS Rainfall
2025-02-19,2025-02-26,8.0,2025,P084,18.46362582706226,76.82249880582684,Latur,high,priority,0.0,1,7,CHIRPS Daily v2.0,Maharashtra,CHIRPS Rainfall
2025-02-19,2025-02-26,8.0,2025,P085,18.14788579966987,76.77194597718393,Latur,high,priority,0.0,1,7,CHIRPS Daily v2.0,Maharashtra,CHIRPS Rainfall
2025-02-19,2025-02-26,8.0,2025,P122,17.88145897082753,73.8441448165019,Satara,high,priority,0.0,1,7,CHIRPS Daily v2.0,Maharashtra,CHIRPS Rainfall
2025-02-19,2025-02-26,8.0,2025,P123,17.386414030975025,74.27088970551878,Satara,high,priority,0.0,1,7,CHIRPS Daily v2.0,Maharashtra,CHIRPS Rainfall
2025-02-19,2025-02-26,8.0,2025,P124,17.43262815429294,74.647353771057,Satara,high,priority,0.0,1,7,CHIRPS Daily v2.0,Maharashtra,CHIRPS Rainfall
2025-02-19,2025-02-26,8.0,2025,P125,17.56734651531964,74.31728219287884,Satara,high,priority,0.0,1,7,CHIRPS Daily v2.0,Maharashtra,CHIRPS Rainfall
2025-02-19,2025-02-26,8.0,2025,P126,17.205080227535593,74.13053949986157,Satara,high,priority,0.0,1,7,CHIRPS Daily v2.0,Maharashtra,CHIRPS Rainfall
2025-02-19,2025-02-26,8.0,2025,P127,17.65773249367299,74.31694330119876,Satara,high,priority,0.0,1,7,CHIRPS Daily v2.0,Maharashtra,CHIRPS Rainfall
2025-02-19,2025-02-26,8.0,2025,P128,18.019949731345452,74.5517328080669,Satara,high,priority,0.0,1,7,CHIRPS Daily v2.0,Maharashtra,CHIRPS Rainfall
2025-02-19,2025-02-26,8.0,2025,P129,18.063234225271252,74.03192648006461,Satara,high,priority,0.0,1,7,CHIRPS Daily v2.0,Maharashtra,CHIRPS Rainfall
2025-02-19,2025-02-26,8.0,2025,P130,17.61135784271715,74.03436560834085,Satara,high,priority,0.0,1,7,CHIRPS Daily v2.0,Maharashtra,CHIRPS Rainfall
2025-02-19,2025-02-26,8.0,2025,P131,17.612539504496315,74.3171127470388,Satara,high,priority,0.0,1,7,CHIRPS Daily v2.0,Maharashtra,CHIRPS Rainfall
2025-02-19,2025-02-26,8.0,2025,P132,17.702176353872684,74.12817617630324,Satara,high,priority,0.0,1,7,CHIRPS Daily v2.0,Maharashtra,CHIRPS Rainfall
2025-02-19,2025-02-26,8.0,2025,P133,17.25006363896275,74.08329532420031,Satara,high,priority,0.0,1,7,CHIRPS Daily v2.0,Maharashtra,CHIRPS Rainfall
2025-02-19,2025-02-26,8.0,2025,P134,17.476429903940936,74.17634784498362,Satara,high,priority,0.0,1,7,CHIRPS Daily v2.0,Maharashtra,CHIRPS Rainfall
2025-02-19,2025-02-26,8.0,2025,P135,17.882716437324603,74.0801070669471,Satara,high,priority,0.0,1,7,CHIRPS Daily v2.0,Maharashtra,CHIRPS Rainfall
2025-02-19,2025-02-26,8.0,2025,P136,17.928520323345598,74.22149178404871,Satara,high,priority,0.0,1,7,CHIRPS Daily v2.0,Maharashtra,CHIRPS Rainfall
2025-02-19,2025-02-26,8.0,2025,P137,17.746687100588183,73.98648378122894,Satara,high,priority,0.0,1,7,CHIRPS Daily v2.0,Maharashtra,CHIRPS Rainfall
2025-02-19,2025-02-26,8.0,2025,P138,17.61269557303319,74.36423652697161,Satara,high,priority,0.0,1,7,CHIRPS Daily v2.0,Maharashtra,CHIRPS Rainfall
2025-02-19,2025-02-26,8.0,2025,P139,17.656773786946495,74.08126197411994,Satara,high,priority,0.0,1,7,CHIRPS Daily v2.0,Maharashtra,CHIRPS Rainfall
2025-02-19,2025-02-26,8.0,2025,P140,17.97464080554139,74.50462240543725,Satara,high,priority,0.0,1,7,CHIRPS Daily v2.0,Maharashtra,CHIRPS Rainfall
2025-02-19,2025-02-26,8.0,2025,P141,17.430826677467348,74.08239904488856,Satara,high,priority,0.0,1,7,CHIRPS Daily v2.0,Maharashtra,CHIRPS Rainfall
2025-02-19,2025-02-26,8.0,2025,P142,18.064447100757786,74.31538707493111,Satara,high,priority,0.0,1,7,CHIRPS Daily v2.0,Maharashtra,CHIRPS Rainfall
2025-02-19,2025-02-26,8.0,2025,P143,17.70379500755509,74.6468275971327,Satara,high,priority,0.0,1,7,CHIRPS Daily v2.0,Maharashtra,CHIRPS Rainfall
2025-02-19,2025-02-26,8.0,2025,P144,17.929452275465767,74.50474726026674,Satara,high,priority,0.0,1,7,CHIRPS Daily v2.0,Maharashtra,CHIRPS Rainfall
2025-02-19,2025-02-26,8.0,2025,P145,17.47773196144854,74.60017202281048,Satara,high,priority,0.0,1,7,CHIRPS Daily v2.0,Maharashtra,CHIRPS Rainfall
2025-02-19,2025-02-26,8.0,2025,P146,17.839182233739812,74.55218763637436,Satara,high,priority,0.0,1,7,CHIRPS Daily v2.0,Maharashtra,CHIRPS Rainfall
2025-02-19,2025-02-26,8.0,2025,P001,19.940457800458272,74.57045211428928,Ahmednagar,normal,statewide,0.0,1,7,CHIRPS Daily v2.0,Maharashtra,CHIRPS Rainfall
2025-02-19,2025-02-26,8.0,2025,P002,18.946729294293643,74.76302285238339,Ahmednagar,normal,statewide,0.0,1,7,CHIRPS Daily v2.0,Maharashtra,CHIRPS Rainfall
2025-02-19,2025-02-26,8.0,2025,P003,18.49469238410162,74.66892244285252,Ahmednagar,normal,statewide,0.0,1,7,CHIRPS Daily v2.0,Maharashtra,CHIRPS Rainfall
2025-02-19,2025-02-26,8.0,2025,P004,19.03720445466806,75.1420731965326,Ahmednagar,normal,statewide,0.0,1,7,CHIRPS Daily v2.0,Maharashtra,CHIRPS Rainfall
2025-02-19,2025-02-26,8.0,2025,P005,20.832153156317954,77.06560453615967,Akola,normal,statewide,0.0,1,7,CHIRPS Daily v2.0,Maharashtra,CHIRPS Rainfall
2025-02-19,2025-02-26,8.0,2025,P006,20.834360411339407,76.87349308547405,Akola,normal,statewide,0.0,1,7,CHIRPS Daily v2.0,Maharashtra,CHIRPS Rainfall
2025-02-19,2025-02-26,8.0,2025,P007,21.014976299509232,76.87574047240498,Akola,normal,statewide,0.0,1,7,CHIRPS Daily v2.0,Maharashtra,CHIRPS Rainfall
2025-02-19,2025-02-26,8.0,2025,P008,20.828434266039377,77.35372489162701,Akola,normal,statewide,0.0,1,7,CHIRPS Daily v2.0,Maharashtra,CHIRPS Rainfall
2025-02-19,2025-02-26,8.0,2025,P009,21.360971327549258,77.94039543992572,Amravati,normal,statewide,0.0,1,7,CHIRPS Daily v2.0,Maharashtra,CHIRPS Rainfall
2025-02-19,2025-02-26,8.0,2025,P010,21.178803672212837,78.03301542790685,Amravati,normal,statewide,0.0,1,7,CHIRPS Daily v2.0,Maharashtra,CHIRPS Rainfall
2025-02-19,2025-02-26,8.0,2025,P011,20.814388097721018,78.21764450702477,Amravati,normal,statewide,0.0,1,7,CHIRPS Daily v2.0,Maharashtra,CHIRPS Rainfall
2025-02-19,2025-02-26,8.0,2025,P012,21.180502589714195,77.93681032267875,Amravati,normal,statewide,0.0,1,7,CHIRPS Daily v2.0,Maharashtra,CHIRPS Rainfall
2025-02-19,2025-02-26,8.0,2025,P013,20.031289688916964,74.8570519162974,Aurangabad,normal,statewide,0.0,1,7,CHIRPS Daily v2.0,Maharashtra,CHIRPS Rainfall
2025-02-19,2025-02-26,8.0,2025,P014,19.760185263069562,75.14270192978114,Aurangabad,normal,statewide,0.0,1,7,CHIRPS Daily v2.0,Maharashtra,CHIRPS Rainfall
2025-02-19,2025-02-26,8.0,2025,P015,19.9408189876436,74.76157364454102,Aurangabad,normal,statewide,0.0,1,7,CHIRPS Daily v2.0,Maharashtra,CHIRPS Rainfall
2025-02-19,2025-02-26,8.0,2025,P016,19.66981712112043,75.14262166596218,Aurangabad,normal,statewide,0.0,1,7,CHIRPS Daily v2.0,Maharashtra,CHIRPS Rainfall
2025-02-19,2025-02-26,8.0,2025,P017,21.04613203856966,79.85576216552393,Bhandara,normal,statewide,0.0,1,7,CHIRPS Daily v2.0,Maharashtra,CHIRPS Rainfall
2025-02-19,2025-02-26,8.0,2025,P018,21.31897105472685,79.76852877161537,Bhandara,normal,statewide,0.0,1,7,CHIRPS Daily v2.0,Maharashtra,CHIRPS Rainfall
2025-02-19,2025-02-26,8.0,2025,P019,21.40900922319803,79.77144948280537,Bhandara,normal,statewide,0.0,1,7,CHIRPS Daily v2.0,Maharashtra,CHIRPS Rainfall
2025-02-19,2025-02-26,8.0,2025,P020,21.144196588937042,79.57074980349083,Bhandara,normal,statewide,0.0,1,7,CHIRPS Daily v2.0,Maharashtra,CHIRPS Rainfall
2025-02-19,2025-02-26,8.0,2025,P021,18.67502288980403,75.52108340877234,Bid,normal,statewide,0.0,1,7,CHIRPS Daily v2.0,Maharashtra,CHIRPS Rainfall
2025-02-19,2025-02-26,8.0,2025,P022,18.856499384477168,75.04699178476999,Bid,normal,statewide,0.0,1,7,CHIRPS Daily v2.0,Maharashtra,CHIRPS Rainfall
2025-02-19,2025-02-26,8.0,2025,P023,19.126596053486494,75.6175605191647,Bid,normal,statewide,0.0,1,7,CHIRPS Daily v2.0,Maharashtra,CHIRPS Rainfall
2025-02-19,2025-02-26,8.0,2025,P024,18.763955201213946,75.90084720909012,Bid,normal,statewide,0.0,1,7,CHIRPS Daily v2.0,Maharashtra,CHIRPS Rainfall
2025-02-19,2025-02-26,8.0,2025,P025,20.93073496240753,76.20164478885242,Buldana,normal,statewide,0.0,1,7,CHIRPS Daily v2.0,Maharashtra,CHIRPS Rainfall
2025-02-19,2025-02-26,8.0,2025,P026,20.838939908121294,76.39311412898633,Buldana,normal,statewide,0.0,1,7,CHIRPS Daily v2.0,Maharashtra,CHIRPS Rainfall
2025-02-19,2025-02-26,8.0,2025,P027,20.657476790751314,76.48742857536776,Buldana,normal,statewide,0.0,1,7,CHIRPS Daily v2.0,Maharashtra,CHIRPS Rainfall
2025-02-19,2025-02-26,8.0,2025,P028,20.47967013624516,76.10222021266374,Buldana,normal,statewide,0.0,1,7,CHIRPS Daily v2.0,Maharashtra,CHIRPS Rainfall
2025-02-19,2025-02-26,8.0,2025,P029,20.32317798477448,79.92829390325927,Chandrapur,normal,statewide,0.0,1,7,CHIRPS Daily v2.0,Maharashtra,CHIRPS Rainfall
2025-02-19,2025-02-26,8.0,2025,P030,20.60872097983294,79.36304041732026,Chandrapur,normal,statewide,0.0,1,7,CHIRPS Daily v2.0,Maharashtra,CHIRPS Rainfall
2025-02-19,2025-02-26,8.0,2025,P031,20.511160307884595,79.64732594588165,Chandrapur,normal,statewide,0.0,1,7,CHIRPS Daily v2.0,Maharashtra,CHIRPS Rainfall
2025-02-19,2025-02-26,8.0,2025,P032,20.598621115946884,79.74569817422172,Chandrapur,normal,statewide,0.0,1,7,CHIRPS Daily v2.0,Maharashtra,CHIRPS Rainfall
2025-02-19,2025-02-26,8.0,2025,P033,21.38667804512237,75.14422248324037,Dhule,normal,statewide,0.0,1,7,CHIRPS Daily v2.0,Maharashtra,CHIRPS Rainfall
2025-02-19,2025-02-26,8.0,2025,P034,21.025151968113196,74.75989256344387,Dhule,normal,statewide,0.0,1,7,CHIRPS Daily v2.0,Maharashtra,CHIRPS Rainfall
2025-02-19,2025-02-26,8.0,2025,P035,21.477028350667293,74.85568743137505,Dhule,normal,statewide,0.0,1,7,CHIRPS Daily v2.0,Maharashtra,CHIRPS Rainfall
2025-02-19,2025-02-26,8.0,2025,P036,20.933820660336515,74.37533522949364,Dhule,normal,statewide,0.0,1,7,CHIRPS Daily v2.0,Maharashtra,CHIRPS Rainfall
2025-02-19,2025-02-26,8.0,2025,P037,19.963056524597132,79.91698116388667,Garhchiroli,normal,statewide,0.0,1,7,CHIRPS Daily v2.0,Maharashtra,CHIRPS Rainfall
2025-02-19,2025-02-26,8.0,2025,P038,19.062661462582188,79.88977172925856,Garhchiroli,normal,statewide,0.0,1,7,CHIRPS Daily v2.0,Maharashtra,CHIRPS Rainfall
2025-02-19,2025-02-26,8.0,2025,P039,19.510270485428137,79.9981368030594,Garhchiroli,normal,statewide,0.0,1,7,CHIRPS Daily v2.0,Maharashtra,CHIRPS Rainfall
2025-02-19,2025-02-26,8.0,2025,P040,19.870365190999156,80.00935144220881,Garhchiroli,normal,statewide,0.0,1,7,CHIRPS Daily v2.0,Maharashtra,CHIRPS Rainfall
2025-02-19,2025-02-26,8.0,2025,P041,21.127639946725598,80.1465044724107,Gondiya,normal,statewide,0.0,1,7,CHIRPS Daily v2.0,Maharashtra,CHIRPS Rainfall
2025-02-19,2025-02-26,8.0,2025,P042,21.397598383602258,80.15591763473452,Gondiya,normal,statewide,0.0,1,7,CHIRPS Daily v2.0,Maharashtra,CHIRPS Rainfall
2025-02-19,2025-02-26,8.0,2025,P043,21.574548890706154,80.25847249986273,Gondiya,normal,statewide,0.0,1,7,CHIRPS Daily v2.0,Maharashtra,CHIRPS Rainfall
2025-02-19,2025-02-26,8.0,2025,P044,21.211649410572516,80.34153217518526,Gondiya,normal,statewide,0.0,1,7,CHIRPS Daily v2.0,Maharashtra,CHIRPS Rainfall
2025-02-19,2025-02-26,8.0,2025,P045,19.655900266732623,77.2407892392464,Hingoli,normal,statewide,0.0,1,7,CHIRPS Daily v2.0,Maharashtra,CHIRPS Rainfall
2025-02-19,2025-02-26,8.0,2025,P046,19.566758377573187,77.1442675378435,Hingoli,normal,statewide,0.0,1,7,CHIRPS Daily v2.0,Maharashtra,CHIRPS Rainfall
2025-02-19,2025-02-26,8.0,2025,P047,19.47860194974656,76.9526242927685,Hingoli,normal,statewide,0.0,1,7,CHIRPS Daily v2.0,Maharashtra,CHIRPS Rainfall
2025-02-19,2025-02-26,8.0,2025,P048,19.927981235710728,77.14910120338544,Hingoli,normal,statewide,0.0,1,7,CHIRPS Daily v2.0,Maharashtra,CHIRPS Rainfall
2025-02-19,2025-02-26,8.0,2025,P049,21.292738163229433,76.10816865346904,Jalgaon,normal,statewide,0.0,1,7,CHIRPS Daily v2.0,Maharashtra,CHIRPS Rainfall
2025-02-19,2025-02-26,8.0,2025,P050,21.386178625804387,75.43363151891216,Jalgaon,normal,statewide,0.0,1,7,CHIRPS Daily v2.0,Maharashtra,CHIRPS Rainfall
2025-02-19,2025-02-26,8.0,2025,P051,21.112064306745907,76.10682200495089,Jalgaon,normal,statewide,0.0,1,7,CHIRPS Daily v2.0,Maharashtra,CHIRPS Rainfall
2025-02-19,2025-02-26,8.0,2025,P052,20.844437979720194,75.23982115072519,Jalgaon,normal,statewide,0.0,1,7,CHIRPS Daily v2.0,Maharashtra,CHIRPS Rainfall
2025-02-19,2025-02-26,8.0,2025,P053,19.486369703781666,76.00005328932718,Jalna,normal,statewide,0.0,1,7,CHIRPS Daily v2.0,Maharashtra,CHIRPS Rainfall
2025-02-19,2025-02-26,8.0,2025,P054,20.028502750758555,76.00343774702675,Jalna,normal,statewide,0.0,1,7,CHIRPS Daily v2.0,Maharashtra,CHIRPS Rainfall
2025-02-19,2025-02-26,8.0,2025,P055,19.75743845682064,76.00172991132328,Jalna,normal,statewide,0.0,1,7,CHIRPS Daily v2.0,Maharashtra,CHIRPS Rainfall
2025-02-19,2025-02-26,8.0,2025,P056,19.57768317515413,75.80993951591351,Jalna,normal,statewide,0.0,1,7,CHIRPS Daily v2.0,Maharashtra,CHIRPS Rainfall
2025-02-19,2025-02-26,8.0,2025,P057,16.776377793156257,74.29671235971928,Kolhapur,normal,statewide,0.0,1,7,CHIRPS Daily v2.0,Maharashtra,CHIRPS Rainfall
2025-02-19,2025-02-26,8.0,2025,P058,16.324416687682138,74.29834884980589,Kolhapur,normal,statewide,0.0,1,7,CHIRPS Daily v2.0,Maharashtra,CHIRPS Rainfall
2025-02-19,2025-02-26,8.0,2025,P059,16.595891218916975,74.39111598812178,Kolhapur,normal,statewide,1.0322258472442627,1,7,CHIRPS Daily v2.0,Maharashtra,CHIRPS Rainfall
2025-02-19,2025-02-26,8.0,2025,P060,16.414811584237594,74.29802779453004,Kolhapur,normal,statewide,0.0,1,7,CHIRPS Daily v2.0,Maharashtra,CHIRPS Rainfall
2025-02-19,2025-02-26,8.0,2025,P086,21.054127206758487,79.56798961993874,Nagpur,normal,statewide,0.0,1,7,CHIRPS Daily v2.0,Maharashtra,CHIRPS Rainfall
2025-02-19,2025-02-26,8.0,2025,P087,21.146765031143822,79.47473643960802,Nagpur,normal,statewide,0.0,1,7,CHIRPS Daily v2.0,Maharashtra,CHIRPS Rainfall
2025-02-19,2025-02-26,8.0,2025,P088,21.347803602138427,78.61442869606356,Nagpur,normal,statewide,0.0,1,7,CHIRPS Daily v2.0,Maharashtra,CHIRPS Rainfall
2025-02-19,2025-02-26,8.0,2025,P089,21.165377318940912,78.70615240473293,Nagpur,normal,statewide,0.0,1,7,CHIRPS Daily v2.0,Maharashtra,CHIRPS Rainfall
2025-02-19,2025-02-26,8.0,2025,P090,19.201968238592887,77.42470040309472,Nanded,normal,statewide,0.0,1,7,CHIRPS Daily v2.0,Maharashtra,CHIRPS Rainfall
2025-02-19,2025-02-26,8.0,2025,P091,18.566038000956755,77.69963965584807,Nanded,normal,statewide,0.0,1,7,CHIRPS Daily v2.0,Maharashtra,CHIRPS Rainfall
2025-02-19,2025-02-26,8.0,2025,P092,19.736596618496833,77.90946265591798,Nanded,normal,statewide,0.0,1,7,CHIRPS Daily v2.0,Maharashtra,CHIRPS Rainfall
2025-02-19,2025-02-26,8.0,2025,P093,18.93564842817583,77.04115528508362,Nanded,normal,statewide,0.0,1,7,CHIRPS Daily v2.0,Maharashtra,CHIRPS Rainfall
2025-02-19,2025-02-26,8.0,2025,P094,21.564917232430716,74.08292967791392,Nandurbar,normal,statewide,0.0,1,7,CHIRPS Daily v2.0,Maharashtra,CHIRPS Rainfall
2025-02-19,2025-02-26,8.0,2025,P095,21.5662594218478,74.37266422796263,Nandurbar,normal,statewide,0.0,1,7,CHIRPS Daily v2.0,Maharashtra,CHIRPS Rainfall
2025-02-19,2025-02-26,8.0,2025,P096,21.385179787168415,74.27697637845674,Nandurbar,normal,statewide,0.0,1,7,CHIRPS Daily v2.0,Maharashtra,CHIRPS Rainfall
2025-02-19,2025-02-26,8.0,2025,P097,21.565421110849755,74.17950488852946,Nandurbar,normal,statewide,0.0,1,7,CHIRPS Daily v2.0,Maharashtra,CHIRPS Rainfall
2025-02-19,2025-02-26,8.0,2025,P098,20.299553667393326,73.99482675929994,Nashik,normal,statewide,0.0,1,7,CHIRPS Daily v2.0,Maharashtra,CHIRPS Rainfall
2025-02-19,2025-02-26,8.0,2025,P099,20.120253214034264,74.28296495117151,Nashik,normal,statewide,0.0,1,7,CHIRPS Daily v2.0,Maharashtra,CHIRPS Rainfall
2025-02-19,2025-02-26,8.0,2025,P100,20.389903972938242,73.99424261706194,Nashik,normal,statewide,0.0,1,7,CHIRPS Daily v2.0,Maharashtra,CHIRPS Rainfall
2025-02-19,2025-02-26,8.0,2025,P101,20.029015547379707,74.09216447619562,Nashik,normal,statewide,0.0,1,7,CHIRPS Daily v2.0,Maharashtra,CHIRPS Rainfall
2025-02-19,2025-02-26,8.0,2025,P102,17.85749130266526,76.36802722645965,Osmanabad,normal,statewide,0.0,1,7,CHIRPS Daily v2.0,Maharashtra,CHIRPS Rainfall
2025-02-19,2025-02-26,8.0,2025,P103,17.76644983645705,76.46164605307673,Osmanabad,normal,statewide,0.0,1,7,CHIRPS Daily v2.0,Maharashtra,CHIRPS Rainfall
2025-02-19,2025-02-26,8.0,2025,P104,17.949094615606196,76.17989775301476,Osmanabad,normal,statewide,0.0,1,7,CHIRPS Daily v2.0,Maharashtra,CHIRPS Rainfall
2025-02-19,2025-02-26,8.0,2025,P105,18.584360447185368,75.61558067829696,Osmanabad,normal,statewide,0.0,1,7,CHIRPS Daily v2.0,Maharashtra,CHIRPS Rainfall
2025-02-19,2025-02-26,8.0,2025,P106,19.031389786894366,76.47235681380711,Parbhani,normal,statewide,0.0,1,7,CHIRPS Daily v2.0,Maharashtra,CHIRPS Rainfall
2025-02-19,2025-02-26,8.0,2025,P107,19.120950831552832,76.56820519095093,Parbhani,normal,statewide,0.0,1,7,CHIRPS Daily v2.0,Maharashtra,CHIRPS Rainfall
2025-02-19,2025-02-26,8.0,2025,P108,19.208625676465683,76.85432786914635,Parbhani,normal,statewide,0.0,1,7,CHIRPS Daily v2.0,Maharashtra,CHIRPS Rainfall
2025-02-19,2025-02-26,8.0,2025,P109,19.212081479782103,76.47396209018636,Parbhani,normal,statewide,0.0,1,7,CHIRPS Daily v2.0,Maharashtra,CHIRPS Rainfall
2025-02-19,2025-02-26,8.0,2025,P110,18.133442771357757,75.04679558432363,Pune,normal,statewide,0.0,1,7,CHIRPS Daily v2.0,Maharashtra,CHIRPS Rainfall
2025-02-19,2025-02-26,8.0,2025,P111,18.584645829652782,74.47919215212944,Pune,normal,statewide,0.0,1,7,CHIRPS Daily v2.0,Maharashtra,CHIRPS Rainfall
2025-02-19,2025-02-26,8.0,2025,P112,18.132979024848197,74.57507620208169,Pune,normal,statewide,0.0,1,7,CHIRPS Daily v2.0,Maharashtra,CHIRPS Rainfall
2025-02-19,2025-02-26,8.0,2025,P113,18.314072036830744,74.76389683618987,Pune,normal,statewide,0.0,1,7,CHIRPS Daily v2.0,Maharashtra,CHIRPS Rainfall
2025-02-19,2025-02-26,8.0,2025,P114,18.48503397121986,73.0589238755964,Raigarh,normal,statewide,0.0,1,7,CHIRPS Daily v2.0,Maharashtra,CHIRPS Rainfall
2025-02-19,2025-02-26,8.0,2025,P115,18.665689991299164,73.05687714821288,Raigarh,normal,statewide,0.0,1,7,CHIRPS Daily v2.0,Maharashtra,CHIRPS Rainfall
2025-02-19,2025-02-26,8.0,2025,P116,18.306197264370358,73.25009891506079,Raigarh,normal,statewide,0.0,1,7,CHIRPS Daily v2.0,Maharashtra,CHIRPS Rainfall
2025-02-19,2025-02-26,8.0,2025,P117,18.21404102289879,73.06194714611064,Raigarh,normal,statewide,0.0,1,7,CHIRPS Daily v2.0,Maharashtra,CHIRPS Rainfall
2025-02-19,2025-02-26,8.0,2025,P118,17.138719885658215,75.42259970290594,Sangli,normal,statewide,0.0,1,7,CHIRPS Daily v2.0,Maharashtra,CHIRPS Rainfall
2025-02-19,2025-02-26,8.0,2025,P119,17.048761981005992,74.95348443567921,Sangli,normal,statewide,0.0,1,7,CHIRPS Daily v2.0,Maharashtra,CHIRPS Rainfall
2025-02-19,2025-02-26,8.0,2025,P120,16.86707144948229,74.39025538161847,Sangli,normal,statewide,0.0,1,7,CHIRPS Daily v2.0,Maharashtra,CHIRPS Rainfall
2025-02-19,2025-02-26,8.0,2025,P121,17.048503353144895,74.67157114887826,Sangli,normal,statewide,0.0,1,7,CHIRPS Daily v2.0,Maharashtra,CHIRPS Rainfall
2025-02-19,2025-02-26,8.0,2025,P148,17.67852974098626,76.08383979812143,Solapur,normal,statewide,0.0,1,7,CHIRPS Daily v2.0,Maharashtra,CHIRPS Rainfall
2025-02-19,2025-02-26,8.0,2025,P149,18.223365003201543,75.4251413905064,Solapur,normal,statewide,0.0,1,7,CHIRPS Daily v2.0,Maharashtra,CHIRPS Rainfall
2025-02-19,2025-02-26,8.0,2025,P150,17.952532582518405,75.23562067753285,Solapur,normal,statewide,0.0,1,7,CHIRPS Daily v2.0,Maharashtra,CHIRPS Rainfall
2025-02-19,2025-02-26,8.0,2025,P151,18.223690517578447,75.23598186471818,Solapur,normal,statewide,0.0,1,7,CHIRPS Daily v2.0,Maharashtra,CHIRPS Rainfall
2025-02-19,2025-02-26,8.0,2025,P152,19.658178867370932,72.94986318203122,Thane,normal,statewide,0.0,1,7,CHIRPS Daily v2.0,Maharashtra,CHIRPS Rainfall
2025-02-19,2025-02-26,8.0,2025,P153,19.65706409210757,72.8545320606096,Thane,normal,statewide,0.0,1,7,CHIRPS Daily v2.0,Maharashtra,CHIRPS Rainfall
2025-02-19,2025-02-26,8.0,2025,P154,19.477549601897948,72.95214624177059,Thane,normal,statewide,0.0,1,7,CHIRPS Daily v2.0,Maharashtra,CHIRPS Rainfall
2025-02-19,2025-02-26,8.0,2025,P155,19.83987385799569,73.0429959666335,Thane,normal,statewide,0.0,1,7,CHIRPS Daily v2.0,Maharashtra,CHIRPS Rainfall
2025-02-19,2025-02-26,8.0,2025,P156,20.806749657616468,78.60135461177485,Wardha,normal,statewide,0.0,1,7,CHIRPS Daily v2.0,Maharashtra,CHIRPS Rainfall
2025-02-19,2025-02-26,8.0,2025,P157,20.71031267913359,78.88671032458906,Wardha,normal,statewide,0.0,1,7,CHIRPS Daily v2.0,Maharashtra,CHIRPS Rainfall
2025-02-19,2025-02-26,8.0,2025,P158,21.081265295769754,78.41565980750515,Wardha,normal,statewide,0.0,1,7,CHIRPS Daily v2.0,Maharashtra,CHIRPS Rainfall
2025-02-19,2025-02-26,8.0,2025,P159,20.439854822938944,78.87986114537097,Wardha,normal,statewide,0.0,1,7,CHIRPS Daily v2.0,Maharashtra,CHIRPS Rainfall
2025-02-19,2025-02-26,8.0,2025,P160,20.289186257444058,77.15404188735265,Washim,normal,statewide,0.0,1,7,CHIRPS Daily v2.0,Maharashtra,CHIRPS Rainfall
2025-02-19,2025-02-26,8.0,2025,P161,20.464607292886615,77.53975858757677,Washim,normal,statewide,0.0,1,7,CHIRPS Daily v2.0,Maharashtra,CHIRPS Rainfall
2025-02-19,2025-02-26,8.0,2025,P162,20.107393166596125,77.2471479173486,Washim,normal,statewide,0.0,1,7,CHIRPS Daily v2.0,Maharashtra,CHIRPS Rainfall
2025-02-19,2025-02-26,8.0,2025,P163,20.198885002010726,77.1527933390577,Washim,normal,statewide,0.0,1,7,CHIRPS Daily v2.0,Maharashtra,CHIRPS Rainfall
2025-02-19,2025-02-26,8.0,2025,P164,20.182854533723592,78.20447678161395,Yavatmal,normal,statewide,0.0,1,7,CHIRPS Daily v2.0,Maharashtra,CHIRPS Rainfall
2025-02-19,2025-02-26,8.0,2025,P165,19.894658373538324,79.05709703494229,Yavatmal,normal,statewide,0.0,1,7,CHIRPS Daily v2.0,Maharashtra,CHIRPS Rainfall
2025-02-19,2025-02-26,8.0,2025,P166,19.468787468327925,77.71426550730338,Yavatmal,normal,statewide,0.0,1,7,CHIRPS Daily v2.0,Maharashtra,CHIRPS Rainfall
2025-02-19,2025-02-26,8.0,2025,P167,19.559057510053886,77.71577268345945,Yavatmal,normal,statewide,0.0,1,7,CHIRPS Daily v2.0,Maharashtra,CHIRPS Rainfall
2025-02-26,2025-03-05,9.0,2025,P147,17.927231643141155,73.94769852026607,Satara,case_study,case_study,0.5045846104621887,1,7,CHIRPS Daily v2.0,Maharashtra,CHIRPS Rainfall
2025-02-26,2025-03-05,9.0,2025,P061,18.507855650411397,76.91766048140843,Latur,high,priority,1.3781201541423798,1,7,CHIRPS Daily v2.0,Maharashtra,CHIRPS Rainfall
2025-02-26,2025-03-05,9.0,2025,P062,18.422405896924207,76.3487594508077,Latur,high,priority,1.0442931652069092,1,7,CHIRPS Daily v2.0,Maharashtra,CHIRPS Rainfall
2025-02-26,2025-03-05,9.0,2025,P063,18.235391198742693,77.05646783810116,Latur,high,priority,1.200858473777771,1,7,CHIRPS Daily v2.0,Maharashtra,CHIRPS Rainfall
2025-02-26,2025-03-05,9.0,2025,P064,18.193056493341274,76.77240080549139,Latur,high,priority,1.1358064413070679,1,7,CHIRPS Daily v2.0,Maharashtra,CHIRPS Rainfall
2025-02-26,2025-03-05,9.0,2025,P065,18.331355512513895,76.44266811899327,Latur,high,priority,1.193832278251648,1,7,CHIRPS Daily v2.0,Maharashtra,CHIRPS Rainfall
2025-02-26,2025-03-05,9.0,2025,P066,18.104739537876725,76.5352970251765,Latur,high,priority,1.0617860555648804,1,7,CHIRPS Daily v2.0,Maharashtra,CHIRPS Rainfall
2025-02-26,2025-03-05,9.0,2025,P067,18.280552974211986,77.0569984711265,Latur,high,priority,1.2734653949737549,1,7,CHIRPS Daily v2.0,Maharashtra,CHIRPS Rainfall
2025-02-26,2025-03-05,9.0,2025,P068,18.101823285787773,76.86595720469373,Latur,high,priority,5.735076665878296,1,7,CHIRPS Daily v2.0,Maharashtra,CHIRPS Rainfall
2025-02-26,2025-03-05,9.0,2025,P069,18.595075667016793,77.20284228928156,Latur,high,priority,1.6575826406478882,1,7,CHIRPS Daily v2.0,Maharashtra,CHIRPS Rainfall
2025-02-26,2025-03-05,9.0,2025,P070,18.41499041187233,77.15322587185987,Latur,high,priority,1.466356873512268,1,7,CHIRPS Daily v2.0,Maharashtra,CHIRPS Rainfall
2025-02-26,2025-03-05,9.0,2025,P071,18.149138807065885,76.63019561379593,Latur,high,priority,0.9905724227428436,1,7,CHIRPS Daily v2.0,Maharashtra,CHIRPS Rainfall
2025-02-26,2025-03-05,9.0,2025,P072,18.283393421583035,76.77331492120734,Latur,high,priority,1.2798932790756226,1,7,CHIRPS Daily v2.0,Maharashtra,CHIRPS Rainfall
2025-02-26,2025-03-05,9.0,2025,P073,17.966315663874607,76.86453029235662,Latur,high,priority,5.147292286157608,1,7,CHIRPS Daily v2.0,Maharashtra,CHIRPS Rainfall
2025-02-26,2025-03-05,9.0,2025,P074,18.50832831512306,76.870318205524,Latur,high,priority,1.3263854384422302,1,7,CHIRPS Daily v2.0,Maharashtra,CHIRPS Rainfall
2025-02-26,2025-03-05,9.0,2025,P075,18.41444640154381,77.20053247493588,Latur,high,priority,1.4571038484573364,1,7,CHIRPS Daily v2.0,Maharashtra,CHIRPS Rainfall
2025-02-26,2025-03-05,9.0,2025,P076,18.377877313804504,76.25376722106614,Latur,high,priority,0.9968346804380417,1,7,CHIRPS Daily v2.0,Maharashtra,CHIRPS Rainfall
2025-02-26,2025-03-05,9.0,2025,P077,18.059564385104267,76.5349046242838,Latur,high,priority,1.0683211088180542,1,7,CHIRPS Daily v2.0,Maharashtra,CHIRPS Rainfall
2025-02-26,2025-03-05,9.0,2025,P078,18.1008824154655,76.96042326051098,Latur,high,priority,6.291919827461243,1,7,CHIRPS Daily v2.0,Maharashtra,CHIRPS Rainfall
2025-02-26,2025-03-05,9.0,2025,P079,18.73508698099394,76.77797468180819,Latur,high,priority,1.3975187540054321,1,7,CHIRPS Daily v2.0,Maharashtra,CHIRPS Rainfall
2025-02-26,2025-03-05,9.0,2025,P080,18.46791548227568,76.3017694439065,Latur,high,priority,1.0615686774253845,1,7,CHIRPS Daily v2.0,Maharashtra,CHIRPS Rainfall
2025-02-26,2025-03-05,9.0,2025,P081,18.10355787609756,76.67701617485712,Latur,high,priority,1.0810440480709076,1,7,CHIRPS Daily v2.0,Maharashtra,CHIRPS Rainfall
2025-02-26,2025-03-05,9.0,2025,P082,18.23907887531389,76.67830931416262,Latur,high,priority,1.1002801358699799,1,7,CHIRPS Daily v2.0,Maharashtra,CHIRPS Rainfall
2025-02-26,2025-03-05,9.0,2025,P083,18.369289085175563,77.19996171000103,Latur,high,priority,1.3421552181243896,1,7,CHIRPS Daily v2.0,Maharashtra,CHIRPS Rainfall
2025-02-26,2025-03-05,9.0,2025,P084,18.46362582706226,76.82249880582684,Latur,high,priority,1.2214978337287903,1,7,CHIRPS Daily v2.0,Maharashtra,CHIRPS Rainfall
2025-02-26,2025-03-05,9.0,2025,P085,18.14788579966987,76.77194597718393,Latur,high,priority,1.1526117324829102,1,7,CHIRPS Daily v2.0,Maharashtra,CHIRPS Rainfall
2025-02-26,2025-03-05,9.0,2025,P122,17.88145897082753,73.8441448165019,Satara,high,priority,0.9103319346904755,1,7,CHIRPS Daily v2.0,Maharashtra,CHIRPS Rainfall
2025-02-26,2025-03-05,9.0,2025,P123,17.386414030975025,74.27088970551878,Satara,high,priority,0.6065191105008125,1,7,CHIRPS Daily v2.0,Maharashtra,CHIRPS Rainfall
2025-02-26,2025-03-05,9.0,2025,P124,17.43262815429294,74.647353771057,Satara,high,priority,0.7370404005050659,1,7,CHIRPS Daily v2.0,Maharashtra,CHIRPS Rainfall
2025-02-26,2025-03-05,9.0,2025,P125,17.56734651531964,74.31728219287884,Satara,high,priority,0.5703976973891258,1,7,CHIRPS Daily v2.0,Maharashtra,CHIRPS Rainfall
2025-02-26,2025-03-05,9.0,2025,P126,17.205080227535593,74.13053949986157,Satara,high,priority,0.6404769420623779,1,7,CHIRPS Daily v2.0,Maharashtra,CHIRPS Rainfall
2025-02-26,2025-03-05,9.0,2025,P127,17.65773249367299,74.31694330119876,Satara,high,priority,0.6244156286120415,1,7,CHIRPS Daily v2.0,Maharashtra,CHIRPS Rainfall
2025-02-26,2025-03-05,9.0,2025,P128,18.019949731345452,74.5517328080669,Satara,high,priority,0.31337614357471466,1,7,CHIRPS Daily v2.0,Maharashtra,CHIRPS Rainfall
2025-02-26,2025-03-05,9.0,2025,P129,18.063234225271252,74.03192648006461,Satara,high,priority,0.5335412546992302,1,7,CHIRPS Daily v2.0,Maharashtra,CHIRPS Rainfall
2025-02-26,2025-03-05,9.0,2025,P130,17.61135784271715,74.03436560834085,Satara,high,priority,0.584081843495369,1,7,CHIRPS Daily v2.0,Maharashtra,CHIRPS Rainfall
2025-02-26,2025-03-05,9.0,2025,P131,17.612539504496315,74.3171127470388,Satara,high,priority,0.5485794246196747,1,7,CHIRPS Daily v2.0,Maharashtra,CHIRPS Rainfall
2025-02-26,2025-03-05,9.0,2025,P132,17.702176353872684,74.12817617630324,Satara,high,priority,0.5506794899702072,1,7,CHIRPS Daily v2.0,Maharashtra,CHIRPS Rainfall
2025-02-26,2025-03-05,9.0,2025,P133,17.25006363896275,74.08329532420031,Satara,high,priority,0.8484501987695694,1,7,CHIRPS Daily v2.0,Maharashtra,CHIRPS Rainfall
2025-02-26,2025-03-05,9.0,2025,P134,17.476429903940936,74.17634784498362,Satara,high,priority,0.5594466924667358,1,7,CHIRPS Daily v2.0,Maharashtra,CHIRPS Rainfall
2025-02-26,2025-03-05,9.0,2025,P135,17.882716437324603,74.0801070669471,Satara,high,priority,0.6129183992743492,1,7,CHIRPS Daily v2.0,Maharashtra,CHIRPS Rainfall
2025-02-26,2025-03-05,9.0,2025,P136,17.928520323345598,74.22149178404871,Satara,high,priority,0.4714892543852329,1,7,CHIRPS Daily v2.0,Maharashtra,CHIRPS Rainfall
2025-02-26,2025-03-05,9.0,2025,P137,17.746687100588183,73.98648378122894,Satara,high,priority,0.5501114875078201,1,7,CHIRPS Daily v2.0,Maharashtra,CHIRPS Rainfall
2025-02-26,2025-03-05,9.0,2025,P138,17.61269557303319,74.36423652697161,Satara,high,priority,0.5576773434877396,1,7,CHIRPS Daily v2.0,Maharashtra,CHIRPS Rainfall
2025-02-26,2025-03-05,9.0,2025,P139,17.656773786946495,74.08126197411994,Satara,high,priority,0.524577721953392,1,7,CHIRPS Daily v2.0,Maharashtra,CHIRPS Rainfall
2025-02-26,2025-03-05,9.0,2025,P140,17.97464080554139,74.50462240543725,Satara,high,priority,0.3057079240679741,1,7,CHIRPS Daily v2.0,Maharashtra,CHIRPS Rainfall
2025-02-26,2025-03-05,9.0,2025,P141,17.430826677467348,74.08239904488856,Satara,high,priority,0.4996075853705406,1,7,CHIRPS Daily v2.0,Maharashtra,CHIRPS Rainfall
2025-02-26,2025-03-05,9.0,2025,P142,18.064447100757786,74.31538707493111,Satara,high,priority,0.4441319853067398,1,7,CHIRPS Daily v2.0,Maharashtra,CHIRPS Rainfall
2025-02-26,2025-03-05,9.0,2025,P143,17.70379500755509,74.6468275971327,Satara,high,priority,0.5994746489450336,1,7,CHIRPS Daily v2.0,Maharashtra,CHIRPS Rainfall
2025-02-26,2025-03-05,9.0,2025,P144,17.929452275465767,74.50474726026674,Satara,high,priority,0.4308195747435093,1,7,CHIRPS Daily v2.0,Maharashtra,CHIRPS Rainfall
2025-02-26,2025-03-05,9.0,2025,P145,17.47773196144854,74.60017202281048,Satara,high,priority,0.6475850492715836,1,7,CHIRPS Daily v2.0,Maharashtra,CHIRPS Rainfall
2025-02-26,2025-03-05,9.0,2025,P146,17.839182233739812,74.55218763637436,Satara,high,priority,0.4827196076512337,1,7,CHIRPS Daily v2.0,Maharashtra,CHIRPS Rainfall
2025-02-26,2025-03-05,9.0,2025,P001,19.940457800458272,74.57045211428928,Ahmednagar,normal,statewide,0.599493682384491,1,7,CHIRPS Daily v2.0,Maharashtra,CHIRPS Rainfall
2025-02-26,2025-03-05,9.0,2025,P002,18.946729294293643,74.76302285238339,Ahmednagar,normal,statewide,0.43667388148605824,1,7,CHIRPS Daily v2.0,Maharashtra,CHIRPS Rainfall
2025-02-26,2025-03-05,9.0,2025,P003,18.49469238410162,74.66892244285252,Ahmednagar,normal,statewide,0.4235074296593666,1,7,CHIRPS Daily v2.0,Maharashtra,CHIRPS Rainfall
2025-02-26,2025-03-05,9.0,2025,P004,19.03720445466806,75.1420731965326,Ahmednagar,normal,statewide,0.7542996928095818,1,7,CHIRPS Daily v2.0,Maharashtra,CHIRPS Rainfall
2025-02-26,2025-03-05,9.0,2025,P005,20.832153156317954,77.06560453615967,Akola,normal,statewide,1.0120280534029007,1,7,CHIRPS Daily v2.0,Maharashtra,CHIRPS Rainfall
2025-02-26,2025-03-05,9.0,2025,P006,20.834360411339407,76.87349308547405,Akola,normal,statewide,0.9467996060848236,1,7,CHIRPS Daily v2.0,Maharashtra,CHIRPS Rainfall
2025-02-26,2025-03-05,9.0,2025,P007,21.014976299509232,76.87574047240498,Akola,normal,statewide,0.8846578747034073,1,7,CHIRPS Daily v2.0,Maharashtra,CHIRPS Rainfall
2025-02-26,2025-03-05,9.0,2025,P008,20.828434266039377,77.35372489162701,Akola,normal,statewide,1.1477929502725601,1,7,CHIRPS Daily v2.0,Maharashtra,CHIRPS Rainfall
2025-02-26,2025-03-05,9.0,2025,P009,21.360971327549258,77.94039543992572,Amravati,normal,statewide,2.131390333175659,1,7,CHIRPS Daily v2.0,Maharashtra,CHIRPS Rainfall
2025-02-26,2025-03-05,9.0,2025,P010,21.178803672212837,78.03301542790685,Amravati,normal,statewide,4.838970065116882,1,7,CHIRPS Daily v2.0,Maharashtra,CHIRPS Rainfall
2025-02-26,2025-03-05,9.0,2025,P011,20.814388097721018,78.21764450702477,Amravati,normal,statewide,1.7811028361320496,1,7,CHIRPS Daily v2.0,Maharashtra,CHIRPS Rainfall
2025-02-26,2025-03-05,9.0,2025,P012,21.180502589714195,77.93681032267875,Amravati,normal,statewide,1.516275405883789,1,7,CHIRPS Daily v2.0,Maharashtra,CHIRPS Rainfall
2025-02-26,2025-03-05,9.0,2025,P013,20.031289688916964,74.8570519162974,Aurangabad,normal,statewide,1.1085915565490723,1,7,CHIRPS Daily v2.0,Maharashtra,CHIRPS Rainfall
2025-02-26,2025-03-05,9.0,2025,P014,19.760185263069562,75.14270192978114,Aurangabad,normal,statewide,0.7353444062173367,1,7,CHIRPS Daily v2.0,Maharashtra,CHIRPS Rainfall
2025-02-26,2025-03-05,9.0,2025,P015,19.9408189876436,74.76157364454102,Aurangabad,normal,statewide,0.766769103705883,1,7,CHIRPS Daily v2.0,Maharashtra,CHIRPS Rainfall
2025-02-26,2025-03-05,9.0,2025,P016,19.66981712112043,75.14262166596218,Aurangabad,normal,statewide,0.8463165238499641,1,7,CHIRPS Daily v2.0,Maharashtra,CHIRPS Rainfall
2025-02-26,2025-03-05,9.0,2025,P017,21.04613203856966,79.85576216552393,Bhandara,normal,statewide,7.9236766546964645,1,7,CHIRPS Daily v2.0,Maharashtra,CHIRPS Rainfall
2025-02-26,2025-03-05,9.0,2025,P018,21.31897105472685,79.76852877161537,Bhandara,normal,statewide,1.7013252228498459,1,7,CHIRPS Daily v2.0,Maharashtra,CHIRPS Rainfall
2025-02-26,2025-03-05,9.0,2025,P019,21.40900922319803,79.77144948280537,Bhandara,normal,statewide,1.8012964986264706,1,7,CHIRPS Daily v2.0,Maharashtra,CHIRPS Rainfall
2025-02-26,2025-03-05,9.0,2025,P020,21.144196588937042,79.57074980349083,Bhandara,normal,statewide,7.823184013366699,1,7,CHIRPS Daily v2.0,Maharashtra,CHIRPS Rainfall
2025-02-26,2025-03-05,9.0,2025,P021,18.67502288980403,75.52108340877234,Bid,normal,statewide,0.965691551566124,1,7,CHIRPS Daily v2.0,Maharashtra,CHIRPS Rainfall
2025-02-26,2025-03-05,9.0,2025,P022,18.856499384477168,75.04699178476999,Bid,normal,statewide,0.6070813350379467,1,7,CHIRPS Daily v2.0,Maharashtra,CHIRPS Rainfall
2025-02-26,2025-03-05,9.0,2025,P023,19.126596053486494,75.6175605191647,Bid,normal,statewide,1.1164758205413818,1,7,CHIRPS Daily v2.0,Maharashtra,CHIRPS Rainfall
2025-02-26,2025-03-05,9.0,2025,P024,18.763955201213946,75.90084720909012,Bid,normal,statewide,1.4105848371982574,1,7,CHIRPS Daily v2.0,Maharashtra,CHIRPS Rainfall
2025-02-26,2025-03-05,9.0,2025,P025,20.93073496240753,76.20164478885242,Buldana,normal,statewide,0.8280394524335861,1,7,CHIRPS Daily v2.0,Maharashtra,CHIRPS Rainfall
2025-02-26,2025-03-05,9.0,2025,P026,20.838939908121294,76.39311412898633,Buldana,normal,statewide,0.8453571870923042,1,7,CHIRPS Daily v2.0,Maharashtra,CHIRPS Rainfall
2025-02-26,2025-03-05,9.0,2025,P027,20.657476790751314,76.48742857536776,Buldana,normal,statewide,0.963348001241684,1,7,CHIRPS Daily v2.0,Maharashtra,CHIRPS Rainfall
2025-02-26,2025-03-05,9.0,2025,P028,20.47967013624516,76.10222021266374,Buldana,normal,statewide,1.4138267636299133,1,7,CHIRPS Daily v2.0,Maharashtra,CHIRPS Rainfall
2025-02-26,2025-03-05,9.0,2025,P029,20.32317798477448,79.92829390325927,Chandrapur,normal,statewide,7.164969377219677,1,7,CHIRPS Daily v2.0,Maharashtra,CHIRPS Rainfall
2025-02-26,2025-03-05,9.0,2025,P030,20.60872097983294,79.36304041732026,Chandrapur,normal,statewide,1.9852396249771118,1,7,CHIRPS Daily v2.0,Maharashtra,CHIRPS Rainfall
2025-02-26,2025-03-05,9.0,2025,P031,20.511160307884595,79.64732594588165,Chandrapur,normal,statewide,2.23746657371521,1,7,CHIRPS Daily v2.0,Maharashtra,CHIRPS Rainfall
2025-02-26,2025-03-05,9.0,2025,P032,20.598621115946884,79.74569817422172,Chandrapur,normal,statewide,2.0611724741756916,1,7,CHIRPS Daily v2.0,Maharashtra,CHIRPS Rainfall
2025-02-26,2025-03-05,9.0,2025,P033,21.38667804512237,75.14422248324037,Dhule,normal,statewide,0.4442169591784477,1,7,CHIRPS Daily v2.0,Maharashtra,CHIRPS Rainfall
2025-02-26,2025-03-05,9.0,2025,P034,21.025151968113196,74.75989256344387,Dhule,normal,statewide,0.5577949583530426,1,7,CHIRPS Daily v2.0,Maharashtra,CHIRPS Rainfall
2025-02-26,2025-03-05,9.0,2025,P035,21.477028350667293,74.85568743137505,Dhule,normal,statewide,0.620504092425108,1,7,CHIRPS Daily v2.0,Maharashtra,CHIRPS Rainfall
2025-02-26,2025-03-05,9.0,2025,P036,20.933820660336515,74.37533522949364,Dhule,normal,statewide,0.9325782507658005,1,7,CHIRPS Daily v2.0,Maharashtra,CHIRPS Rainfall
2025-02-26,2025-03-05,9.0,2025,P037,19.963056524597132,79.91698116388667,Garhchiroli,normal,statewide,6.935723766684532,1,7,CHIRPS Daily v2.0,Maharashtra,CHIRPS Rainfall
2025-02-26,2025-03-05,9.0,2025,P038,19.062661462582188,79.88977172925856,Garhchiroli,normal,statewide,2.4565872848033905,1,7,CHIRPS Daily v2.0,Maharashtra,CHIRPS Rainfall
2025-02-26,2025-03-05,9.0,2025,P039,19.510270485428137,79.9981368030594,Garhchiroli,normal,statewide,2.5379252433776855,1,7,CHIRPS Daily v2.0,Maharashtra,CHIRPS Rainfall
2025-02-26,2025-03-05,9.0,2025,P040,19.870365190999156,80.00935144220881,Garhchiroli,normal,statewide,2.4499430507421494,1,7,CHIRPS Daily v2.0,Maharashtra,CHIRPS Rainfall
2025-02-26,2025-03-05,9.0,2025,P041,21.127639946725598,80.1465044724107,Gondiya,normal,statewide,8.037811174988747,1,7,CHIRPS Daily v2.0,Maharashtra,CHIRPS Rainfall
2025-02-26,2025-03-05,9.0,2025,P042,21.397598383602258,80.15591763473452,Gondiya,normal,statewide,1.3624104466289282,1,7,CHIRPS Daily v2.0,Maharashtra,CHIRPS Rainfall
2025-02-26,2025-03-05,9.0,2025,P043,21.574548890706154,80.25847249986273,Gondiya,normal,statewide,1.5658611170947552,1,7,CHIRPS Daily v2.0,Maharashtra,CHIRPS Rainfall
2025-02-26,2025-03-05,9.0,2025,P044,21.211649410572516,80.34153217518526,Gondiya,normal,statewide,2.508273132145405,1,7,CHIRPS Daily v2.0,Maharashtra,CHIRPS Rainfall
2025-02-26,2025-03-05,9.0,2025,P045,19.655900266732623,77.2407892392464,Hingoli,normal,statewide,4.8766017854213715,1,7,CHIRPS Daily v2.0,Maharashtra,CHIRPS Rainfall
2025-02-26,2025-03-05,9.0,2025,P046,19.566758377573187,77.1442675378435,Hingoli,normal,statewide,1.477321445941925,1,7,CHIRPS Daily v2.0,Maharashtra,CHIRPS Rainfall
2025-02-26,2025-03-05,9.0,2025,P047,19.47860194974656,76.9526242927685,Hingoli,normal,statewide,1.2156338691711426,1,7,CHIRPS Daily v2.0,Maharashtra,CHIRPS Rainfall
2025-02-26,2025-03-05,9.0,2025,P048,19.927981235710728,77.14910120338544,Hingoli,normal,statewide,4.3684239238500595,1,7,CHIRPS Daily v2.0,Maharashtra,CHIRPS Rainfall
2025-02-26,2025-03-05,9.0,2025,P049,21.292738163229433,76.10816865346904,Jalgaon,normal,statewide,1.3274151310324669,1,7,CHIRPS Daily v2.0,Maharashtra,CHIRPS Rainfall
2025-02-26,2025-03-05,9.0,2025,P050,21.386178625804387,75.43363151891216,Jalgaon,normal,statewide,1.1907340437173843,1,7,CHIRPS Daily v2.0,Maharashtra,CHIRPS Rainfall
2025-02-26,2025-03-05,9.0,2025,P051,21.112064306745907,76.10682200495089,Jalgaon,normal,statewide,1.1090548187494278,1,7,CHIRPS Daily v2.0,Maharashtra,CHIRPS Rainfall
2025-02-26,2025-03-05,9.0,2025,P052,20.844437979720194,75.23982115072519,Jalgaon,normal,statewide,0.7692818157374859,1,7,CHIRPS Daily v2.0,Maharashtra,CHIRPS Rainfall
2025-02-26,2025-03-05,9.0,2025,P053,19.486369703781666,76.00005328932718,Jalna,normal,statewide,0.8511754274368286,1,7,CHIRPS Daily v2.0,Maharashtra,CHIRPS Rainfall
2025-02-26,2025-03-05,9.0,2025,P054,20.028502750758555,76.00343774702675,Jalna,normal,statewide,1.0007649958133698,1,7,CHIRPS Daily v2.0,Maharashtra,CHIRPS Rainfall
2025-02-26,2025-03-05,9.0,2025,P055,19.75743845682064,76.00172991132328,Jalna,normal,statewide,0.8720549643039703,1,7,CHIRPS Daily v2.0,Maharashtra,CHIRPS Rainfall
2025-02-26,2025-03-05,9.0,2025,P056,19.57768317515413,75.80993951591351,Jalna,normal,statewide,1.1709637539461255,1,7,CHIRPS Daily v2.0,Maharashtra,CHIRPS Rainfall
2025-02-26,2025-03-05,9.0,2025,P057,16.776377793156257,74.29671235971928,Kolhapur,normal,statewide,0.8655621260404587,1,7,CHIRPS Daily v2.0,Maharashtra,CHIRPS Rainfall
2025-02-26,2025-03-05,9.0,2025,P058,16.324416687682138,74.29834884980589,Kolhapur,normal,statewide,1.1723745167255402,1,7,CHIRPS Daily v2.0,Maharashtra,CHIRPS Rainfall
2025-02-26,2025-03-05,9.0,2025,P059,16.595891218916975,74.39111598812178,Kolhapur,normal,statewide,0.4397173076868057,1,7,CHIRPS Daily v2.0,Maharashtra,CHIRPS Rainfall
2025-02-26,2025-03-05,9.0,2025,P060,16.414811584237594,74.29802779453004,Kolhapur,normal,statewide,1.1058559268712997,1,7,CHIRPS Daily v2.0,Maharashtra,CHIRPS Rainfall
2025-02-26,2025-03-05,9.0,2025,P086,21.054127206758487,79.56798961993874,Nagpur,normal,statewide,8.21288800239563,1,7,CHIRPS Daily v2.0,Maharashtra,CHIRPS Rainfall
2025-02-26,2025-03-05,9.0,2025,P087,21.146765031143822,79.47473643960802,Nagpur,normal,statewide,7.562657713890076,1,7,CHIRPS Daily v2.0,Maharashtra,CHIRPS Rainfall
2025-02-26,2025-03-05,9.0,2025,P088,21.347803602138427,78.61442869606356,Nagpur,normal,statewide,7.039035260677338,1,7,CHIRPS Daily v2.0,Maharashtra,CHIRPS Rainfall
2025-02-26,2025-03-05,9.0,2025,P089,21.165377318940912,78.70615240473293,Nagpur,normal,statewide,5.725080907344818,1,7,CHIRPS Daily v2.0,Maharashtra,CHIRPS Rainfall
2025-02-26,2025-03-05,9.0,2025,P090,19.201968238592887,77.42470040309472,Nanded,normal,statewide,7.113175500184298,1,7,CHIRPS Daily v2.0,Maharashtra,CHIRPS Rainfall
2025-02-26,2025-03-05,9.0,2025,P091,18.566038000956755,77.69963965584807,Nanded,normal,statewide,4.523827314376831,1,7,CHIRPS Daily v2.0,Maharashtra,CHIRPS Rainfall
2025-02-26,2025-03-05,9.0,2025,P092,19.736596618496833,77.90946265591798,Nanded,normal,statewide,8.644659757614136,1,7,CHIRPS Daily v2.0,Maharashtra,CHIRPS Rainfall
2025-02-26,2025-03-05,9.0,2025,P093,18.93564842817583,77.04115528508362,Nanded,normal,statewide,1.3285443484783173,1,7,CHIRPS Daily v2.0,Maharashtra,CHIRPS Rainfall
2025-02-26,2025-03-05,9.0,2025,P094,21.564917232430716,74.08292967791392,Nandurbar,normal,statewide,0.749487578868866,1,7,CHIRPS Daily v2.0,Maharashtra,CHIRPS Rainfall
2025-02-26,2025-03-05,9.0,2025,P095,21.5662594218478,74.37266422796263,Nandurbar,normal,statewide,0.283544197678566,1,7,CHIRPS Daily v2.0,Maharashtra,CHIRPS Rainfall
2025-02-26,2025-03-05,9.0,2025,P096,21.385179787168415,74.27697637845674,Nandurbar,normal,statewide,0.41760531812906265,1,7,CHIRPS Daily v2.0,Maharashtra,CHIRPS Rainfall
2025-02-26,2025-03-05,9.0,2025,P097,21.565421110849755,74.17950488852946,Nandurbar,normal,statewide,0.7174848914146423,1,7,CHIRPS Daily v2.0,Maharashtra,CHIRPS Rainfall
2025-02-26,2025-03-05,9.0,2025,P098,20.299553667393326,73.99482675929994,Nashik,normal,statewide,0.6337915807962418,1,7,CHIRPS Daily v2.0,Maharashtra,CHIRPS Rainfall
2025-02-26,2025-03-05,9.0,2025,P099,20.120253214034264,74.28296495117151,Nashik,normal,statewide,0.527948372066021,1,7,CHIRPS Daily v2.0,Maharashtra,CHIRPS Rainfall
2025-02-26,2025-03-05,9.0,2025,P100,20.389903972938242,73.99424261706194,Nashik,normal,statewide,1.830988585948944,1,7,CHIRPS Daily v2.0,Maharashtra,CHIRPS Rainfall
2025-02-26,2025-03-05,9.0,2025,P101,20.029015547379707,74.09216447619562,Nashik,normal,statewide,0.4852598011493683,1,7,CHIRPS Daily v2.0,Maharashtra,CHIRPS Rainfall
2025-02-26,2025-03-05,9.0,2025,P102,17.85749130266526,76.36802722645965,Osmanabad,normal,statewide,0.7866430580615997,1,7,CHIRPS Daily v2.0,Maharashtra,CHIRPS Rainfall
2025-02-26,2025-03-05,9.0,2025,P103,17.76644983645705,76.46164605307673,Osmanabad,normal,statewide,0.8266881294548512,1,7,CHIRPS Daily v2.0,Maharashtra,CHIRPS Rainfall
2025-02-26,2025-03-05,9.0,2025,P104,17.949094615606196,76.17989775301476,Osmanabad,normal,statewide,0.8255106210708618,1,7,CHIRPS Daily v2.0,Maharashtra,CHIRPS Rainfall
2025-02-26,2025-03-05,9.0,2025,P105,18.584360447185368,75.61558067829696,Osmanabad,normal,statewide,0.995783656835556,1,7,CHIRPS Daily v2.0,Maharashtra,CHIRPS Rainfall
2025-02-26,2025-03-05,9.0,2025,P106,19.031389786894366,76.47235681380711,Parbhani,normal,statewide,4.078658580780029,1,7,CHIRPS Daily v2.0,Maharashtra,CHIRPS Rainfall
2025-02-26,2025-03-05,9.0,2025,P107,19.120950831552832,76.56820519095093,Parbhani,normal,statewide,4.158722996711731,1,7,CHIRPS Daily v2.0,Maharashtra,CHIRPS Rainfall
2025-02-26,2025-03-05,9.0,2025,P108,19.208625676465683,76.85432786914635,Parbhani,normal,statewide,5.809703230857849,1,7,CHIRPS Daily v2.0,Maharashtra,CHIRPS Rainfall
2025-02-26,2025-03-05,9.0,2025,P109,19.212081479782103,76.47396209018636,Parbhani,normal,statewide,1.0823675766587257,1,7,CHIRPS Daily v2.0,Maharashtra,CHIRPS Rainfall
2025-02-26,2025-03-05,9.0,2025,P110,18.133442771357757,75.04679558432363,Pune,normal,statewide,0.6033344003371894,1,7,CHIRPS Daily v2.0,Maharashtra,CHIRPS Rainfall
2025-02-26,2025-03-05,9.0,2025,P111,18.584645829652782,74.47919215212944,Pune,normal,statewide,0.48730209469795227,1,7,CHIRPS Daily v2.0,Maharashtra,CHIRPS Rainfall
2025-02-26,2025-03-05,9.0,2025,P112,18.132979024848197,74.57507620208169,Pune,normal,statewide,0.28956348448991776,1,7,CHIRPS Daily v2.0,Maharashtra,CHIRPS Rainfall
2025-02-26,2025-03-05,9.0,2025,P113,18.314072036830744,74.76389683618987,Pune,normal,statewide,0.4680561386048794,1,7,CHIRPS Daily v2.0,Maharashtra,CHIRPS Rainfall
2025-02-26,2025-03-05,9.0,2025,P114,18.48503397121986,73.0589238755964,Raigarh,normal,statewide,1.1653744876384735,1,7,CHIRPS Daily v2.0,Maharashtra,CHIRPS Rainfall
2025-02-26,2025-03-05,9.0,2025,P115,18.665689991299164,73.05687714821288,Raigarh,normal,statewide,1.094579815864563,1,7,CHIRPS Daily v2.0,Maharashtra,CHIRPS Rainfall
2025-02-26,2025-03-05,9.0,2025,P116,18.306197264370358,73.25009891506079,Raigarh,normal,statewide,0.9981486797332764,1,7,CHIRPS Daily v2.0,Maharashtra,CHIRPS Rainfall
2025-02-26,2025-03-05,9.0,2025,P117,18.21404102289879,73.06194714611064,Raigarh,normal,statewide,1.0540129244327545,1,7,CHIRPS Daily v2.0,Maharashtra,CHIRPS Rainfall
2025-02-26,2025-03-05,9.0,2025,P118,17.138719885658215,75.42259970290594,Sangli,normal,statewide,0.8928982131183147,1,7,CHIRPS Daily v2.0,Maharashtra,CHIRPS Rainfall
2025-02-26,2025-03-05,9.0,2025,P119,17.048761981005992,74.95348443567921,Sangli,normal,statewide,0.8096328563988209,1,7,CHIRPS Daily v2.0,Maharashtra,CHIRPS Rainfall
2025-02-26,2025-03-05,9.0,2025,P120,16.86707144948229,74.39025538161847,Sangli,normal,statewide,0.7768296599388123,1,7,CHIRPS Daily v2.0,Maharashtra,CHIRPS Rainfall
2025-02-26,2025-03-05,9.0,2025,P121,17.048503353144895,74.67157114887826,Sangli,normal,statewide,0.7175031425431371,1,7,CHIRPS Daily v2.0,Maharashtra,CHIRPS Rainfall
2025-02-26,2025-03-05,9.0,2025,P148,17.67852974098626,76.08383979812143,Solapur,normal,statewide,1.0140058510005474,1,7,CHIRPS Daily v2.0,Maharashtra,CHIRPS Rainfall
2025-02-26,2025-03-05,9.0,2025,P149,18.223365003201543,75.4251413905064,Solapur,normal,statewide,0.6805554032325745,1,7,CHIRPS Daily v2.0,Maharashtra,CHIRPS Rainfall
2025-02-26,2025-03-05,9.0,2025,P150,17.952532582518405,75.23562067753285,Solapur,normal,statewide,0.6684774067252874,1,7,CHIRPS Daily v2.0,Maharashtra,CHIRPS Rainfall
2025-02-26,2025-03-05,9.0,2025,P151,18.223690517578447,75.23598186471818,Solapur,normal,statewide,0.6680930256843567,1,7,CHIRPS Daily v2.0,Maharashtra,CHIRPS Rainfall
2025-02-26,2025-03-05,9.0,2025,P152,19.658178867370932,72.94986318203122,Thane,normal,statewide,0.9306241273880005,1,7,CHIRPS Daily v2.0,Maharashtra,CHIRPS Rainfall
2025-02-26,2025-03-05,9.0,2025,P153,19.65706409210757,72.8545320606096,Thane,normal,statewide,0.6018909215927124,1,7,CHIRPS Daily v2.0,Maharashtra,CHIRPS Rainfall
2025-02-26,2025-03-05,9.0,2025,P154,19.477549601897948,72.95214624177059,Thane,normal,statewide,0.8366098403930664,1,7,CHIRPS Daily v2.0,Maharashtra,CHIRPS Rainfall
2025-02-26,2025-03-05,9.0,2025,P155,19.83987385799569,73.0429959666335,Thane,normal,statewide,0.33257144689559937,1,7,CHIRPS Daily v2.0,Maharashtra,CHIRPS Rainfall
2025-02-26,2025-03-05,9.0,2025,P156,20.806749657616468,78.60135461177485,Wardha,normal,statewide,1.9262736439704895,1,7,CHIRPS Daily v2.0,Maharashtra,CHIRPS Rainfall
2025-02-26,2025-03-05,9.0,2025,P157,20.71031267913359,78.88671032458906,Wardha,normal,statewide,2.0515227913856506,1,7,CHIRPS Daily v2.0,Maharashtra,CHIRPS Rainfall
2025-02-26,2025-03-05,9.0,2025,P158,21.081265295769754,78.41565980750515,Wardha,normal,statewide,6.437069416046143,1,7,CHIRPS Daily v2.0,Maharashtra,CHIRPS Rainfall
2025-02-26,2025-03-05,9.0,2025,P159,20.439854822938944,78.87986114537097,Wardha,normal,statewide,2.0878899693489075,1,7,CHIRPS Daily v2.0,Maharashtra,CHIRPS Rainfall
2025-02-26,2025-03-05,9.0,2025,P160,20.289186257444058,77.15404188735265,Washim,normal,statewide,1.2633694410324097,1,7,CHIRPS Daily v2.0,Maharashtra,CHIRPS Rainfall
2025-02-26,2025-03-05,9.0,2025,P161,20.464607292886615,77.53975858757677,Washim,normal,statewide,1.188601016998291,1,7,CHIRPS Daily v2.0,Maharashtra,CHIRPS Rainfall
2025-02-26,2025-03-05,9.0,2025,P162,20.107393166596125,77.2471479173486,Washim,normal,statewide,1.1243001222610474,1,7,CHIRPS Daily v2.0,Maharashtra,CHIRPS Rainfall
2025-02-26,2025-03-05,9.0,2025,P163,20.198885002010726,77.1527933390577,Washim,normal,statewide,1.125557780265808,1,7,CHIRPS Daily v2.0,Maharashtra,CHIRPS Rainfall
2025-02-26,2025-03-05,9.0,2025,P164,20.182854533723592,78.20447678161395,Yavatmal,normal,statewide,6.890030026435852,1,7,CHIRPS Daily v2.0,Maharashtra,CHIRPS Rainfall
2025-02-26,2025-03-05,9.0,2025,P165,19.894658373538324,79.05709703494229,Yavatmal,normal,statewide,9.211634039878845,1,7,CHIRPS Daily v2.0,Maharashtra,CHIRPS Rainfall
2025-02-26,2025-03-05,9.0,2025,P166,19.468787468327925,77.71426550730338,Yavatmal,normal,statewide,1.449181079864502,1,7,CHIRPS Daily v2.0,Maharashtra,CHIRPS Rainfall
2025-02-26,2025-03-05,9.0,2025,P167,19.559057510053886,77.71577268345945,Yavatmal,normal,statewide,1.6075987815856934,1,7,CHIRPS Daily v2.0,Maharashtra,CHIRPS Rainfall
2025-03-05,2025-03-12,10.0,2025,P147,17.927231643141155,73.94769852026607,Satara,case_study,case_study,0.0,1,7,CHIRPS Daily v2.0,Maharashtra,CHIRPS Rainfall
2025-03-05,2025-03-12,10.0,2025,P061,18.507855650411397,76.91766048140843,Latur,high,priority,0.0,1,7,CHIRPS Daily v2.0,Maharashtra,CHIRPS Rainfall
2025-03-05,2025-03-12,10.0,2025,P062,18.422405896924207,76.3487594508077,Latur,high,priority,0.0,1,7,CHIRPS Daily v2.0,Maharashtra,CHIRPS Rainfall
2025-03-05,2025-03-12,10.0,2025,P063,18.235391198742693,77.05646783810116,Latur,high,priority,0.0,1,7,CHIRPS Daily v2.0,Maharashtra,CHIRPS Rainfall
2025-03-05,2025-03-12,10.0,2025,P064,18.193056493341274,76.77240080549139,Latur,high,priority,0.0,1,7,CHIRPS Daily v2.0,Maharashtra,CHIRPS Rainfall
2025-03-05,2025-03-12,10.0,2025,P065,18.331355512513895,76.44266811899327,Latur,high,priority,0.0,1,7,CHIRPS Daily v2.0,Maharashtra,CHIRPS Rainfall
2025-03-05,2025-03-12,10.0,2025,P066,18.104739537876725,76.5352970251765,Latur,high,priority,0.0,1,7,CHIRPS Daily v2.0,Maharashtra,CHIRPS Rainfall
2025-03-05,2025-03-12,10.0,2025,P067,18.280552974211986,77.0569984711265,Latur,high,priority,0.0,1,7,CHIRPS Daily v2.0,Maharashtra,CHIRPS Rainfall
2025-03-05,2025-03-12,10.0,2025,P068,18.101823285787773,76.86595720469373,Latur,high,priority,0.0,1,7,CHIRPS Daily v2.0,Maharashtra,CHIRPS Rainfall
2025-03-05,2025-03-12,10.0,2025,P069,18.595075667016793,77.20284228928156,Latur,high,priority,3.7579357624053955,1,7,CHIRPS Daily v2.0,Maharashtra,CHIRPS Rainfall
2025-03-05,2025-03-12,10.0,2025,P070,18.41499041187233,77.15322587185987,Latur,high,priority,3.32432222366333,1,7,CHIRPS Daily v2.0,Maharashtra,CHIRPS Rainfall
2025-03-05,2025-03-12,10.0,2025,P071,18.149138807065885,76.63019561379593,Latur,high,priority,0.0,1,7,CHIRPS Daily v2.0,Maharashtra,CHIRPS Rainfall
2025-03-05,2025-03-12,10.0,2025,P072,18.283393421583035,76.77331492120734,Latur,high,priority,0.0,1,7,CHIRPS Daily v2.0,Maharashtra,CHIRPS Rainfall
2025-03-05,2025-03-12,10.0,2025,P073,17.966315663874607,76.86453029235662,Latur,high,priority,0.0,1,7,CHIRPS Daily v2.0,Maharashtra,CHIRPS Rainfall
2025-03-05,2025-03-12,10.0,2025,P074,18.50832831512306,76.870318205524,Latur,high,priority,0.0,1,7,CHIRPS Daily v2.0,Maharashtra,CHIRPS Rainfall
2025-03-05,2025-03-12,10.0,2025,P075,18.41444640154381,77.20053247493588,Latur,high,priority,3.219919204711914,1,7,CHIRPS Daily v2.0,Maharashtra,CHIRPS Rainfall
2025-03-05,2025-03-12,10.0,2025,P076,18.377877313804504,76.25376722106614,Latur,high,priority,0.0,1,7,CHIRPS Daily v2.0,Maharashtra,CHIRPS Rainfall
2025-03-05,2025-03-12,10.0,2025,P077,18.059564385104267,76.5349046242838,Latur,high,priority,0.0,1,7,CHIRPS Daily v2.0,Maharashtra,CHIRPS Rainfall
2025-03-05,2025-03-12,10.0,2025,P078,18.1008824154655,76.96042326051098,Latur,high,priority,0.0,1,7,CHIRPS Daily v2.0,Maharashtra,CHIRPS Rainfall
2025-03-05,2025-03-12,10.0,2025,P079,18.73508698099394,76.77797468180819,Latur,high,priority,0.0,1,7,CHIRPS Daily v2.0,Maharashtra,CHIRPS Rainfall
2025-03-05,2025-03-12,10.0,2025,P080,18.46791548227568,76.3017694439065,Latur,high,priority,0.0,1,7,CHIRPS Daily v2.0,Maharashtra,CHIRPS Rainfall
2025-03-05,2025-03-12,10.0,2025,P081,18.10355787609756,76.67701617485712,Latur,high,priority,0.0,1,7,CHIRPS Daily v2.0,Maharashtra,CHIRPS Rainfall
2025-03-05,2025-03-12,10.0,2025,P082,18.23907887531389,76.67830931416262,Latur,high,priority,0.0,1,7,CHIRPS Daily v2.0,Maharashtra,CHIRPS Rainfall
2025-03-05,2025-03-12,10.0,2025,P083,18.369289085175563,77.19996171000103,Latur,high,priority,2.78971004486084,1,7,CHIRPS Daily v2.0,Maharashtra,CHIRPS Rainfall
2025-03-05,2025-03-12,10.0,2025,P084,18.46362582706226,76.82249880582684,Latur,high,priority,0.0,1,7,CHIRPS Daily v2.0,Maharashtra,CHIRPS Rainfall
2025-03-05,2025-03-12,10.0,2025,P085,18.14788579966987,76.77194597718393,Latur,high,priority,0.0,1,7,CHIRPS Daily v2.0,Maharashtra,CHIRPS Rainfall
2025-03-05,2025-03-12,10.0,2025,P122,17.88145897082753,73.8441448165019,Satara,high,priority,0.0,1,7,CHIRPS Daily v2.0,Maharashtra,CHIRPS Rainfall
2025-03-05,2025-03-12,10.0,2025,P123,17.386414030975025,74.27088970551878,Satara,high,priority,0.0,1,7,CHIRPS Daily v2.0,Maharashtra,CHIRPS Rainfall
2025-03-05,2025-03-12,10.0,2025,P124,17.43262815429294,74.647353771057,Satara,high,priority,0.0,1,7,CHIRPS Daily v2.0,Maharashtra,CHIRPS Rainfall
2025-03-05,2025-03-12,10.0,2025,P125,17.56734651531964,74.31728219287884,Satara,high,priority,0.0,1,7,CHIRPS Daily v2.0,Maharashtra,CHIRPS Rainfall
2025-03-05,2025-03-12,10.0,2025,P126,17.205080227535593,74.13053949986157,Satara,high,priority,0.0,1,7,CHIRPS Daily v2.0,Maharashtra,CHIRPS Rainfall
2025-03-05,2025-03-12,10.0,2025,P127,17.65773249367299,74.31694330119876,Satara,high,priority,0.0,1,7,CHIRPS Daily v2.0,Maharashtra,CHIRPS Rainfall
2025-03-05,2025-03-12,10.0,2025,P128,18.019949731345452,74.5517328080669,Satara,high,priority,0.0,1,7,CHIRPS Daily v2.0,Maharashtra,CHIRPS Rainfall
2025-03-05,2025-03-12,10.0,2025,P129,18.063234225271252,74.03192648006461,Satara,high,priority,0.0,1,7,CHIRPS Daily v2.0,Maharashtra,CHIRPS Rainfall
2025-03-05,2025-03-12,10.0,2025,P130,17.61135784271715,74.03436560834085,Satara,high,priority,0.0,1,7,CHIRPS Daily v2.0,Maharashtra,CHIRPS Rainfall
2025-03-05,2025-03-12,10.0,2025,P131,17.612539504496315,74.3171127470388,Satara,high,priority,0.0,1,7,CHIRPS Daily v2.0,Maharashtra,CHIRPS Rainfall
2025-03-05,2025-03-12,10.0,2025,P132,17.702176353872684,74.12817617630324,Satara,high,priority,0.0,1,7,CHIRPS Daily v2.0,Maharashtra,CHIRPS Rainfall
2025-03-05,2025-03-12,10.0,2025,P133,17.25006363896275,74.08329532420031,Satara,high,priority,0.0,1,7,CHIRPS Daily v2.0,Maharashtra,CHIRPS Rainfall
2025-03-05,2025-03-12,10.0,2025,P134,17.476429903940936,74.17634784498362,Satara,high,priority,0.0,1,7,CHIRPS Daily v2.0,Maharashtra,CHIRPS Rainfall
2025-03-05,2025-03-12,10.0,2025,P135,17.882716437324603,74.0801070669471,Satara,high,priority,0.0,1,7,CHIRPS Daily v2.0,Maharashtra,CHIRPS Rainfall
2025-03-05,2025-03-12,10.0,2025,P136,17.928520323345598,74.22149178404871,Satara,high,priority,0.0,1,7,CHIRPS Daily v2.0,Maharashtra,CHIRPS Rainfall
2025-03-05,2025-03-12,10.0,2025,P137,17.746687100588183,73.98648378122894,Satara,high,priority,0.0,1,7,CHIRPS Daily v2.0,Maharashtra,CHIRPS Rainfall
2025-03-05,2025-03-12,10.0,2025,P138,17.61269557303319,74.36423652697161,Satara,high,priority,0.0,1,7,CHIRPS Daily v2.0,Maharashtra,CHIRPS Rainfall
2025-03-05,2025-03-12,10.0,2025,P139,17.656773786946495,74.08126197411994,Satara,high,priority,0.0,1,7,CHIRPS Daily v2.0,Maharashtra,CHIRPS Rainfall
2025-03-05,2025-03-12,10.0,2025,P140,17.97464080554139,74.50462240543725,Satara,high,priority,0.0,1,7,CHIRPS Daily v2.0,Maharashtra,CHIRPS Rainfall
2025-03-05,2025-03-12,10.0,2025,P141,17.430826677467348,74.08239904488856,Satara,high,priority,0.0,1,7,CHIRPS Daily v2.0,Maharashtra,CHIRPS Rainfall
2025-03-05,2025-03-12,10.0,2025,P142,18.064447100757786,74.31538707493111,Satara,high,priority,0.0,1,7,CHIRPS Daily v2.0,Maharashtra,CHIRPS Rainfall
2025-03-05,2025-03-12,10.0,2025,P143,17.70379500755509,74.6468275971327,Satara,high,priority,0.0,1,7,CHIRPS Daily v2.0,Maharashtra,CHIRPS Rainfall
2025-03-05,2025-03-12,10.0,2025,P144,17.929452275465767,74.50474726026674,Satara,high,priority,0.0,1,7,CHIRPS Daily v2.0,Maharashtra,CHIRPS Rainfall
2025-03-05,2025-03-12,10.0,2025,P145,17.47773196144854,74.60017202281048,Satara,high,priority,0.0,1,7,CHIRPS Daily v2.0,Maharashtra,CHIRPS Rainfall
2025-03-05,2025-03-12,10.0,2025,P146,17.839182233739812,74.55218763637436,Satara,high,priority,0.0,1,7,CHIRPS Daily v2.0,Maharashtra,CHIRPS Rainfall
2025-03-05,2025-03-12,10.0,2025,P001,19.940457800458272,74.57045211428928,Ahmednagar,normal,statewide,0.0,1,7,CHIRPS Daily v2.0,Maharashtra,CHIRPS Rainfall
2025-03-05,2025-03-12,10.0,2025,P002,18.946729294293643,74.76302285238339,Ahmednagar,normal,statewide,0.0,1,7,CHIRPS Daily v2.0,Maharashtra,CHIRPS Rainfall
2025-03-05,2025-03-12,10.0,2025,P003,18.49469238410162,74.66892244285252,Ahmednagar,normal,statewide,0.0,1,7,CHIRPS Daily v2.0,Maharashtra,CHIRPS Rainfall
2025-03-05,2025-03-12,10.0,2025,P004,19.03720445466806,75.1420731965326,Ahmednagar,normal,statewide,0.0,1,7,CHIRPS Daily v2.0,Maharashtra,CHIRPS Rainfall
2025-03-05,2025-03-12,10.0,2025,P005,20.832153156317954,77.06560453615967,Akola,normal,statewide,0.0,1,7,CHIRPS Daily v2.0,Maharashtra,CHIRPS Rainfall
2025-03-05,2025-03-12,10.0,2025,P006,20.834360411339407,76.87349308547405,Akola,normal,statewide,0.0,1,7,CHIRPS Daily v2.0,Maharashtra,CHIRPS Rainfall
2025-03-05,2025-03-12,10.0,2025,P007,21.014976299509232,76.87574047240498,Akola,normal,statewide,0.0,1,7,CHIRPS Daily v2.0,Maharashtra,CHIRPS Rainfall
2025-03-05,2025-03-12,10.0,2025,P008,20.828434266039377,77.35372489162701,Akola,normal,statewide,0.0,1,7,CHIRPS Daily v2.0,Maharashtra,CHIRPS Rainfall
2025-03-05,2025-03-12,10.0,2025,P009,21.360971327549258,77.94039543992572,Amravati,normal,statewide,0.0,1,7,CHIRPS Daily v2.0,Maharashtra,CHIRPS Rainfall
2025-03-05,2025-03-12,10.0,2025,P010,21.178803672212837,78.03301542790685,Amravati,normal,statewide,0.0,1,7,CHIRPS Daily v2.0,Maharashtra,CHIRPS Rainfall
2025-03-05,2025-03-12,10.0,2025,P011,20.814388097721018,78.21764450702477,Amravati,normal,statewide,4.047032833099365,1,7,CHIRPS Daily v2.0,Maharashtra,CHIRPS Rainfall
2025-03-05,2025-03-12,10.0,2025,P012,21.180502589714195,77.93681032267875,Amravati,normal,statewide,0.0,1,7,CHIRPS Daily v2.0,Maharashtra,CHIRPS Rainfall
2025-03-05,2025-03-12,10.0,2025,P013,20.031289688916964,74.8570519162974,Aurangabad,normal,statewide,0.0,1,7,CHIRPS Daily v2.0,Maharashtra,CHIRPS Rainfall
2025-03-05,2025-03-12,10.0,2025,P014,19.760185263069562,75.14270192978114,Aurangabad,normal,statewide,0.0,1,7,CHIRPS Daily v2.0,Maharashtra,CHIRPS Rainfall
2025-03-05,2025-03-12,10.0,2025,P015,19.9408189876436,74.76157364454102,Aurangabad,normal,statewide,0.0,1,7,CHIRPS Daily v2.0,Maharashtra,CHIRPS Rainfall
2025-03-05,2025-03-12,10.0,2025,P016,19.66981712112043,75.14262166596218,Aurangabad,normal,statewide,0.0,1,7,CHIRPS Daily v2.0,Maharashtra,CHIRPS Rainfall
2025-03-05,2025-03-12,10.0,2025,P017,21.04613203856966,79.85576216552393,Bhandara,normal,statewide,0.0,1,7,CHIRPS Daily v2.0,Maharashtra,CHIRPS Rainfall
2025-03-05,2025-03-12,10.0,2025,P018,21.31897105472685,79.76852877161537,Bhandara,normal,statewide,0.0,1,7,CHIRPS Daily v2.0,Maharashtra,CHIRPS Rainfall
2025-03-05,2025-03-12,10.0,2025,P019,21.40900922319803,79.77144948280537,Bhandara,normal,statewide,0.0,1,7,CHIRPS Daily v2.0,Maharashtra,CHIRPS Rainfall
2025-03-05,2025-03-12,10.0,2025,P020,21.144196588937042,79.57074980349083,Bhandara,normal,statewide,0.0,1,7,CHIRPS Daily v2.0,Maharashtra,CHIRPS Rainfall
2025-03-05,2025-03-12,10.0,2025,P021,18.67502288980403,75.52108340877234,Bid,normal,statewide,0.0,1,7,CHIRPS Daily v2.0,Maharashtra,CHIRPS Rainfall
2025-03-05,2025-03-12,10.0,2025,P022,18.856499384477168,75.04699178476999,Bid,normal,statewide,0.0,1,7,CHIRPS Daily v2.0,Maharashtra,CHIRPS Rainfall
2025-03-05,2025-03-12,10.0,2025,P023,19.126596053486494,75.6175605191647,Bid,normal,statewide,0.0,1,7,CHIRPS Daily v2.0,Maharashtra,CHIRPS Rainfall
2025-03-05,2025-03-12,10.0,2025,P024,18.763955201213946,75.90084720909012,Bid,normal,statewide,0.0,1,7,CHIRPS Daily v2.0,Maharashtra,CHIRPS Rainfall
2025-03-05,2025-03-12,10.0,2025,P025,20.93073496240753,76.20164478885242,Buldana,normal,statewide,0.0,1,7,CHIRPS Daily v2.0,Maharashtra,CHIRPS Rainfall
2025-03-05,2025-03-12,10.0,2025,P026,20.838939908121294,76.39311412898633,Buldana,normal,statewide,0.0,1,7,CHIRPS Daily v2.0,Maharashtra,CHIRPS Rainfall
2025-03-05,2025-03-12,10.0,2025,P027,20.657476790751314,76.48742857536776,Buldana,normal,statewide,0.0,1,7,CHIRPS Daily v2.0,Maharashtra,CHIRPS Rainfall
2025-03-05,2025-03-12,10.0,2025,P028,20.47967013624516,76.10222021266374,Buldana,normal,statewide,2.7373781204223633,1,7,CHIRPS Daily v2.0,Maharashtra,CHIRPS Rainfall
2025-03-05,2025-03-12,10.0,2025,P029,20.32317798477448,79.92829390325927,Chandrapur,normal,statewide,0.0,1,7,CHIRPS Daily v2.0,Maharashtra,CHIRPS Rainfall
2025-03-05,2025-03-12,10.0,2025,P030,20.60872097983294,79.36304041732026,Chandrapur,normal,statewide,0.0,1,7,CHIRPS Daily v2.0,Maharashtra,CHIRPS Rainfall
2025-03-05,2025-03-12,10.0,2025,P031,20.511160307884595,79.64732594588165,Chandrapur,normal,statewide,0.0,1,7,CHIRPS Daily v2.0,Maharashtra,CHIRPS Rainfall
2025-03-05,2025-03-12,10.0,2025,P032,20.598621115946884,79.74569817422172,Chandrapur,normal,statewide,0.0,1,7,CHIRPS Daily v2.0,Maharashtra,CHIRPS Rainfall
2025-03-05,2025-03-12,10.0,2025,P033,21.38667804512237,75.14422248324037,Dhule,normal,statewide,0.0,1,7,CHIRPS Daily v2.0,Maharashtra,CHIRPS Rainfall
2025-03-05,2025-03-12,10.0,2025,P034,21.025151968113196,74.75989256344387,Dhule,normal,statewide,0.0,1,7,CHIRPS Daily v2.0,Maharashtra,CHIRPS Rainfall
2025-03-05,2025-03-12,10.0,2025,P035,21.477028350667293,74.85568743137505,Dhule,normal,statewide,0.0,1,7,CHIRPS Daily v2.0,Maharashtra,CHIRPS Rainfall
2025-03-05,2025-03-12,10.0,2025,P036,20.933820660336515,74.37533522949364,Dhule,normal,statewide,0.0,1,7,CHIRPS Daily v2.0,Maharashtra,CHIRPS Rainfall
2025-03-05,2025-03-12,10.0,2025,P037,19.963056524597132,79.91698116388667,Garhchiroli,normal,statewide,0.0,1,7,CHIRPS Daily v2.0,Maharashtra,CHIRPS Rainfall
2025-03-05,2025-03-12,10.0,2025,P038,19.062661462582188,79.88977172925856,Garhchiroli,normal,statewide,0.0,1,7,CHIRPS Daily v2.0,Maharashtra,CHIRPS Rainfall
2025-03-05,2025-03-12,10.0,2025,P039,19.510270485428137,79.9981368030594,Garhchiroli,normal,statewide,0.0,1,7,CHIRPS Daily v2.0,Maharashtra,CHIRPS Rainfall
2025-03-05,2025-03-12,10.0,2025,P040,19.870365190999156,80.00935144220881,Garhchiroli,normal,statewide,0.0,1,7,CHIRPS Daily v2.0,Maharashtra,CHIRPS Rainfall
2025-03-05,2025-03-12,10.0,2025,P041,21.127639946725598,80.1465044724107,Gondiya,normal,statewide,0.0,1,7,CHIRPS Daily v2.0,Maharashtra,CHIRPS Rainfall
2025-03-05,2025-03-12,10.0,2025,P042,21.397598383602258,80.15591763473452,Gondiya,normal,statewide,0.0,1,7,CHIRPS Daily v2.0,Maharashtra,CHIRPS Rainfall
2025-03-05,2025-03-12,10.0,2025,P043,21.574548890706154,80.25847249986273,Gondiya,normal,statewide,4.701283931732178,1,7,CHIRPS Daily v2.0,Maharashtra,CHIRPS Rainfall
2025-03-05,2025-03-12,10.0,2025,P044,21.211649410572516,80.34153217518526,Gondiya,normal,statewide,0.0,1,7,CHIRPS Daily v2.0,Maharashtra,CHIRPS Rainfall
2025-03-05,2025-03-12,10.0,2025,P045,19.655900266732623,77.2407892392464,Hingoli,normal,statewide,0.0,1,7,CHIRPS Daily v2.0,Maharashtra,CHIRPS Rainfall
2025-03-05,2025-03-12,10.0,2025,P046,19.566758377573187,77.1442675378435,Hingoli,normal,statewide,0.0,1,7,CHIRPS Daily v2.0,Maharashtra,CHIRPS Rainfall
2025-03-05,2025-03-12,10.0,2025,P047,19.47860194974656,76.9526242927685,Hingoli,normal,statewide,0.0,1,7,CHIRPS Daily v2.0,Maharashtra,CHIRPS Rainfall
2025-03-05,2025-03-12,10.0,2025,P048,19.927981235710728,77.14910120338544,Hingoli,normal,statewide,0.0,1,7,CHIRPS Daily v2.0,Maharashtra,CHIRPS Rainfall
2025-03-05,2025-03-12,10.0,2025,P049,21.292738163229433,76.10816865346904,Jalgaon,normal,statewide,0.0,1,7,CHIRPS Daily v2.0,Maharashtra,CHIRPS Rainfall
2025-03-05,2025-03-12,10.0,2025,P050,21.386178625804387,75.43363151891216,Jalgaon,normal,statewide,0.0,1,7,CHIRPS Daily v2.0,Maharashtra,CHIRPS Rainfall
2025-03-05,2025-03-12,10.0,2025,P051,21.112064306745907,76.10682200495089,Jalgaon,normal,statewide,0.0,1,7,CHIRPS Daily v2.0,Maharashtra,CHIRPS Rainfall
2025-03-05,2025-03-12,10.0,2025,P052,20.844437979720194,75.23982115072519,Jalgaon,normal,statewide,0.0,1,7,CHIRPS Daily v2.0,Maharashtra,CHIRPS Rainfall
2025-03-05,2025-03-12,10.0,2025,P053,19.486369703781666,76.00005328932718,Jalna,normal,statewide,0.0,1,7,CHIRPS Daily v2.0,Maharashtra,CHIRPS Rainfall
2025-03-05,2025-03-12,10.0,2025,P054,20.028502750758555,76.00343774702675,Jalna,normal,statewide,0.0,1,7,CHIRPS Daily v2.0,Maharashtra,CHIRPS Rainfall
2025-03-05,2025-03-12,10.0,2025,P055,19.75743845682064,76.00172991132328,Jalna,normal,statewide,0.0,1,7,CHIRPS Daily v2.0,Maharashtra,CHIRPS Rainfall
2025-03-05,2025-03-12,10.0,2025,P056,19.57768317515413,75.80993951591351,Jalna,normal,statewide,0.0,1,7,CHIRPS Daily v2.0,Maharashtra,CHIRPS Rainfall
2025-03-05,2025-03-12,10.0,2025,P057,16.776377793156257,74.29671235971928,Kolhapur,normal,statewide,0.0,1,7,CHIRPS Daily v2.0,Maharashtra,CHIRPS Rainfall
2025-03-05,2025-03-12,10.0,2025,P058,16.324416687682138,74.29834884980589,Kolhapur,normal,statewide,0.0,1,7,CHIRPS Daily v2.0,Maharashtra,CHIRPS Rainfall
2025-03-05,2025-03-12,10.0,2025,P059,16.595891218916975,74.39111598812178,Kolhapur,normal,statewide,0.0,1,7,CHIRPS Daily v2.0,Maharashtra,CHIRPS Rainfall
2025-03-05,2025-03-12,10.0,2025,P060,16.414811584237594,74.29802779453004,Kolhapur,normal,statewide,0.0,1,7,CHIRPS Daily v2.0,Maharashtra,CHIRPS Rainfall
2025-03-05,2025-03-12,10.0,2025,P086,21.054127206758487,79.56798961993874,Nagpur,normal,statewide,0.0,1,7,CHIRPS Daily v2.0,Maharashtra,CHIRPS Rainfall
2025-03-05,2025-03-12,10.0,2025,P087,21.146765031143822,79.47473643960802,Nagpur,normal,statewide,0.0,1,7,CHIRPS Daily v2.0,Maharashtra,CHIRPS Rainfall
2025-03-05,2025-03-12,10.0,2025,P088,21.347803602138427,78.61442869606356,Nagpur,normal,statewide,0.0,1,7,CHIRPS Daily v2.0,Maharashtra,CHIRPS Rainfall
2025-03-05,2025-03-12,10.0,2025,P089,21.165377318940912,78.70615240473293,Nagpur,normal,statewide,0.0,1,7,CHIRPS Daily v2.0,Maharashtra,CHIRPS Rainfall
2025-03-05,2025-03-12,10.0,2025,P090,19.201968238592887,77.42470040309472,Nanded,normal,statewide,0.0,1,7,CHIRPS Daily v2.0,Maharashtra,CHIRPS Rainfall
2025-03-05,2025-03-12,10.0,2025,P091,18.566038000956755,77.69963965584807,Nanded,normal,statewide,0.0,1,7,CHIRPS Daily v2.0,Maharashtra,CHIRPS Rainfall
2025-03-05,2025-03-12,10.0,2025,P092,19.736596618496833,77.90946265591798,Nanded,normal,statewide,0.0,1,7,CHIRPS Daily v2.0,Maharashtra,CHIRPS Rainfall
2025-03-05,2025-03-12,10.0,2025,P093,18.93564842817583,77.04115528508362,Nanded,normal,statewide,0.0,1,7,CHIRPS Daily v2.0,Maharashtra,CHIRPS Rainfall
2025-03-05,2025-03-12,10.0,2025,P094,21.564917232430716,74.08292967791392,Nandurbar,normal,statewide,0.0,1,7,CHIRPS Daily v2.0,Maharashtra,CHIRPS Rainfall
2025-03-05,2025-03-12,10.0,2025,P095,21.5662594218478,74.37266422796263,Nandurbar,normal,statewide,0.0,1,7,CHIRPS Daily v2.0,Maharashtra,CHIRPS Rainfall
2025-03-05,2025-03-12,10.0,2025,P096,21.385179787168415,74.27697637845674,Nandurbar,normal,statewide,0.0,1,7,CHIRPS Daily v2.0,Maharashtra,CHIRPS Rainfall
2025-03-05,2025-03-12,10.0,2025,P097,21.565421110849755,74.17950488852946,Nandurbar,normal,statewide,0.0,1,7,CHIRPS Daily v2.0,Maharashtra,CHIRPS Rainfall
2025-03-05,2025-03-12,10.0,2025,P098,20.299553667393326,73.99482675929994,Nashik,normal,statewide,0.0,1,7,CHIRPS Daily v2.0,Maharashtra,CHIRPS Rainfall
2025-03-05,2025-03-12,10.0,2025,P099,20.120253214034264,74.28296495117151,Nashik,normal,statewide,0.0,1,7,CHIRPS Daily v2.0,Maharashtra,CHIRPS Rainfall
2025-03-05,2025-03-12,10.0,2025,P100,20.389903972938242,73.99424261706194,Nashik,normal,statewide,0.0,1,7,CHIRPS Daily v2.0,Maharashtra,CHIRPS Rainfall
2025-03-05,2025-03-12,10.0,2025,P101,20.029015547379707,74.09216447619562,Nashik,normal,statewide,0.0,1,7,CHIRPS Daily v2.0,Maharashtra,CHIRPS Rainfall
2025-03-05,2025-03-12,10.0,2025,P102,17.85749130266526,76.36802722645965,Osmanabad,normal,statewide,0.0,1,7,CHIRPS Daily v2.0,Maharashtra,CHIRPS Rainfall
2025-03-05,2025-03-12,10.0,2025,P103,17.76644983645705,76.46164605307673,Osmanabad,normal,statewide,0.0,1,7,CHIRPS Daily v2.0,Maharashtra,CHIRPS Rainfall
2025-03-05,2025-03-12,10.0,2025,P104,17.949094615606196,76.17989775301476,Osmanabad,normal,statewide,0.0,1,7,CHIRPS Daily v2.0,Maharashtra,CHIRPS Rainfall
2025-03-05,2025-03-12,10.0,2025,P105,18.584360447185368,75.61558067829696,Osmanabad,normal,statewide,0.0,1,7,CHIRPS Daily v2.0,Maharashtra,CHIRPS Rainfall
2025-03-05,2025-03-12,10.0,2025,P106,19.031389786894366,76.47235681380711,Parbhani,normal,statewide,2.7500619888305664,1,7,CHIRPS Daily v2.0,Maharashtra,CHIRPS Rainfall
2025-03-05,2025-03-12,10.0,2025,P107,19.120950831552832,76.56820519095093,Parbhani,normal,statewide,0.0,1,7,CHIRPS Daily v2.0,Maharashtra,CHIRPS Rainfall
2025-03-05,2025-03-12,10.0,2025,P108,19.208625676465683,76.85432786914635,Parbhani,normal,statewide,0.0,1,7,CHIRPS Daily v2.0,Maharashtra,CHIRPS Rainfall
2025-03-05,2025-03-12,10.0,2025,P109,19.212081479782103,76.47396209018636,Parbhani,normal,statewide,0.0,1,7,CHIRPS Daily v2.0,Maharashtra,CHIRPS Rainfall
2025-03-05,2025-03-12,10.0,2025,P110,18.133442771357757,75.04679558432363,Pune,normal,statewide,0.0,1,7,CHIRPS Daily v2.0,Maharashtra,CHIRPS Rainfall
2025-03-05,2025-03-12,10.0,2025,P111,18.584645829652782,74.47919215212944,Pune,normal,statewide,0.0,1,7,CHIRPS Daily v2.0,Maharashtra,CHIRPS Rainfall
2025-03-05,2025-03-12,10.0,2025,P112,18.132979024848197,74.57507620208169,Pune,normal,statewide,0.0,1,7,CHIRPS Daily v2.0,Maharashtra,CHIRPS Rainfall
2025-03-05,2025-03-12,10.0,2025,P113,18.314072036830744,74.76389683618987,Pune,normal,statewide,0.0,1,7,CHIRPS Daily v2.0,Maharashtra,CHIRPS Rainfall
2025-03-05,2025-03-12,10.0,2025,P114,18.48503397121986,73.0589238755964,Raigarh,normal,statewide,0.0,1,7,CHIRPS Daily v2.0,Maharashtra,CHIRPS Rainfall
2025-03-05,2025-03-12,10.0,2025,P115,18.665689991299164,73.05687714821288,Raigarh,normal,statewide,0.0,1,7,CHIRPS Daily v2.0,Maharashtra,CHIRPS Rainfall
2025-03-05,2025-03-12,10.0,2025,P116,18.306197264370358,73.25009891506079,Raigarh,normal,statewide,0.0,1,7,CHIRPS Daily v2.0,Maharashtra,CHIRPS Rainfall
2025-03-05,2025-03-12,10.0,2025,P117,18.21404102289879,73.06194714611064,Raigarh,normal,statewide,0.0,1,7,CHIRPS Daily v2.0,Maharashtra,CHIRPS Rainfall
2025-03-05,2025-03-12,10.0,2025,P118,17.138719885658215,75.42259970290594,Sangli,normal,statewide,0.0,1,7,CHIRPS Daily v2.0,Maharashtra,CHIRPS Rainfall
2025-03-05,2025-03-12,10.0,2025,P119,17.048761981005992,74.95348443567921,Sangli,normal,statewide,0.0,1,7,CHIRPS Daily v2.0,Maharashtra,CHIRPS Rainfall
2025-03-05,2025-03-12,10.0,2025,P120,16.86707144948229,74.39025538161847,Sangli,normal,statewide,0.0,1,7,CHIRPS Daily v2.0,Maharashtra,CHIRPS Rainfall
2025-03-05,2025-03-12,10.0,2025,P121,17.048503353144895,74.67157114887826,Sangli,normal,statewide,0.0,1,7,CHIRPS Daily v2.0,Maharashtra,CHIRPS Rainfall
2025-03-05,2025-03-12,10.0,2025,P148,17.67852974098626,76.08383979812143,Solapur,normal,statewide,0.0,1,7,CHIRPS Daily v2.0,Maharashtra,CHIRPS Rainfall
2025-03-05,2025-03-12,10.0,2025,P149,18.223365003201543,75.4251413905064,Solapur,normal,statewide,0.0,1,7,CHIRPS Daily v2.0,Maharashtra,CHIRPS Rainfall
2025-03-05,2025-03-12,10.0,2025,P150,17.952532582518405,75.23562067753285,Solapur,normal,statewide,0.0,1,7,CHIRPS Daily v2.0,Maharashtra,CHIRPS Rainfall
2025-03-05,2025-03-12,10.0,2025,P151,18.223690517578447,75.23598186471818,Solapur,normal,statewide,0.0,1,7,CHIRPS Daily v2.0,Maharashtra,CHIRPS Rainfall
2025-03-05,2025-03-12,10.0,2025,P152,19.658178867370932,72.94986318203122,Thane,normal,statewide,0.0,1,7,CHIRPS Daily v2.0,Maharashtra,CHIRPS Rainfall
2025-03-05,2025-03-12,10.0,2025,P153,19.65706409210757,72.8545320606096,Thane,normal,statewide,0.0,1,7,CHIRPS Daily v2.0,Maharashtra,CHIRPS Rainfall
2025-03-05,2025-03-12,10.0,2025,P154,19.477549601897948,72.95214624177059,Thane,normal,statewide,0.0,1,7,CHIRPS Daily v2.0,Maharashtra,CHIRPS Rainfall
2025-03-05,2025-03-12,10.0,2025,P155,19.83987385799569,73.0429959666335,Thane,normal,statewide,0.0,1,7,CHIRPS Daily v2.0,Maharashtra,CHIRPS Rainfall
2025-03-05,2025-03-12,10.0,2025,P156,20.806749657616468,78.60135461177485,Wardha,normal,statewide,4.535351753234863,1,7,CHIRPS Daily v2.0,Maharashtra,CHIRPS Rainfall
2025-03-05,2025-03-12,10.0,2025,P157,20.71031267913359,78.88671032458906,Wardha,normal,statewide,0.0,1,7,CHIRPS Daily v2.0,Maharashtra,CHIRPS Rainfall
2025-03-05,2025-03-12,10.0,2025,P158,21.081265295769754,78.41565980750515,Wardha,normal,statewide,0.0,1,7,CHIRPS Daily v2.0,Maharashtra,CHIRPS Rainfall
2025-03-05,2025-03-12,10.0,2025,P159,20.439854822938944,78.87986114537097,Wardha,normal,statewide,5.477175712585449,1,7,CHIRPS Daily v2.0,Maharashtra,CHIRPS Rainfall
2025-03-05,2025-03-12,10.0,2025,P160,20.289186257444058,77.15404188735265,Washim,normal,statewide,0.0,1,7,CHIRPS Daily v2.0,Maharashtra,CHIRPS Rainfall
2025-03-05,2025-03-12,10.0,2025,P161,20.464607292886615,77.53975858757677,Washim,normal,statewide,0.0,1,7,CHIRPS Daily v2.0,Maharashtra,CHIRPS Rainfall
2025-03-05,2025-03-12,10.0,2025,P162,20.107393166596125,77.2471479173486,Washim,normal,statewide,0.0,1,7,CHIRPS Daily v2.0,Maharashtra,CHIRPS Rainfall
2025-03-05,2025-03-12,10.0,2025,P163,20.198885002010726,77.1527933390577,Washim,normal,statewide,0.0,1,7,CHIRPS Daily v2.0,Maharashtra,CHIRPS Rainfall
2025-03-05,2025-03-12,10.0,2025,P164,20.182854533723592,78.20447678161395,Yavatmal,normal,statewide,0.0,1,7,CHIRPS Daily v2.0,Maharashtra,CHIRPS Rainfall
2025-03-05,2025-03-12,10.0,2025,P165,19.894658373538324,79.05709703494229,Yavatmal,normal,statewide,4.629544734954834,1,7,CHIRPS Daily v2.0,Maharashtra,CHIRPS Rainfall
2025-03-05,2025-03-12,10.0,2025,P166,19.468787468327925,77.71426550730338,Yavatmal,normal,statewide,0.0,1,7,CHIRPS Daily v2.0,Maharashtra,CHIRPS Rainfall
2025-03-05,2025-03-12,10.0,2025,P167,19.559057510053886,77.71577268345945,Yavatmal,normal,statewide,0.0,1,7,CHIRPS Daily v2.0,Maharashtra,CHIRPS Rainfall
2025-03-12,2025-03-19,11.0,2025,P147,17.927231643141155,73.94769852026607,Satara,case_study,case_study,0.0,1,7,CHIRPS Daily v2.0,Maharashtra,CHIRPS Rainfall
2025-03-12,2025-03-19,11.0,2025,P061,18.507855650411397,76.91766048140843,Latur,high,priority,3.7148687839508057,1,7,CHIRPS Daily v2.0,Maharashtra,CHIRPS Rainfall
2025-03-12,2025-03-19,11.0,2025,P062,18.422405896924207,76.3487594508077,Latur,high,priority,0.0,1,7,CHIRPS Daily v2.0,Maharashtra,CHIRPS Rainfall
2025-03-12,2025-03-19,11.0,2025,P063,18.235391198742693,77.05646783810116,Latur,high,priority,0.0,1,7,CHIRPS Daily v2.0,Maharashtra,CHIRPS Rainfall
2025-03-12,2025-03-19,11.0,2025,P064,18.193056493341274,76.77240080549139,Latur,high,priority,0.0,1,7,CHIRPS Daily v2.0,Maharashtra,CHIRPS Rainfall
2025-03-12,2025-03-19,11.0,2025,P065,18.331355512513895,76.44266811899327,Latur,high,priority,0.0,1,7,CHIRPS Daily v2.0,Maharashtra,CHIRPS Rainfall
2025-03-12,2025-03-19,11.0,2025,P066,18.104739537876725,76.5352970251765,Latur,high,priority,0.0,1,7,CHIRPS Daily v2.0,Maharashtra,CHIRPS Rainfall
2025-03-12,2025-03-19,11.0,2025,P067,18.280552974211986,77.0569984711265,Latur,high,priority,4.7103190422058105,1,7,CHIRPS Daily v2.0,Maharashtra,CHIRPS Rainfall
2025-03-12,2025-03-19,11.0,2025,P068,18.101823285787773,76.86595720469373,Latur,high,priority,0.0,1,7,CHIRPS Daily v2.0,Maharashtra,CHIRPS Rainfall
2025-03-12,2025-03-19,11.0,2025,P069,18.595075667016793,77.20284228928156,Latur,high,priority,0.0,1,7,CHIRPS Daily v2.0,Maharashtra,CHIRPS Rainfall
2025-03-12,2025-03-19,11.0,2025,P070,18.41499041187233,77.15322587185987,Latur,high,priority,0.0,1,7,CHIRPS Daily v2.0,Maharashtra,CHIRPS Rainfall
2025-03-12,2025-03-19,11.0,2025,P071,18.149138807065885,76.63019561379593,Latur,high,priority,0.0,1,7,CHIRPS Daily v2.0,Maharashtra,CHIRPS Rainfall
2025-03-12,2025-03-19,11.0,2025,P072,18.283393421583035,76.77331492120734,Latur,high,priority,0.0,1,7,CHIRPS Daily v2.0,Maharashtra,CHIRPS Rainfall
2025-03-12,2025-03-19,11.0,2025,P073,17.966315663874607,76.86453029235662,Latur,high,priority,4.393742084503174,1,7,CHIRPS Daily v2.0,Maharashtra,CHIRPS Rainfall
2025-03-12,2025-03-19,11.0,2025,P074,18.50832831512306,76.870318205524,Latur,high,priority,3.30452299118042,1,7,CHIRPS Daily v2.0,Maharashtra,CHIRPS Rainfall
2025-03-12,2025-03-19,11.0,2025,P075,18.41444640154381,77.20053247493588,Latur,high,priority,0.0,1,7,CHIRPS Daily v2.0,Maharashtra,CHIRPS Rainfall
2025-03-12,2025-03-19,11.0,2025,P076,18.377877313804504,76.25376722106614,Latur,high,priority,0.0,1,7,CHIRPS Daily v2.0,Maharashtra,CHIRPS Rainfall
2025-03-12,2025-03-19,11.0,2025,P077,18.059564385104267,76.5349046242838,Latur,high,priority,0.0,1,7,CHIRPS Daily v2.0,Maharashtra,CHIRPS Rainfall
2025-03-12,2025-03-19,11.0,2025,P078,18.1008824154655,76.96042326051098,Latur,high,priority,0.0,1,7,CHIRPS Daily v2.0,Maharashtra,CHIRPS Rainfall
2025-03-12,2025-03-19,11.0,2025,P079,18.73508698099394,76.77797468180819,Latur,high,priority,3.0637075901031494,1,7,CHIRPS Daily v2.0,Maharashtra,CHIRPS Rainfall
2025-03-12,2025-03-19,11.0,2025,P080,18.46791548227568,76.3017694439065,Latur,high,priority,0.0,1,7,CHIRPS Daily v2.0,Maharashtra,CHIRPS Rainfall
2025-03-12,2025-03-19,11.0,2025,P081,18.10355787609756,76.67701617485712,Latur,high,priority,0.0,1,7,CHIRPS Daily v2.0,Maharashtra,CHIRPS Rainfall
2025-03-12,2025-03-19,11.0,2025,P082,18.23907887531389,76.67830931416262,Latur,high,priority,0.0,1,7,CHIRPS Daily v2.0,Maharashtra,CHIRPS Rainfall
2025-03-12,2025-03-19,11.0,2025,P083,18.369289085175563,77.19996171000103,Latur,high,priority,0.0,1,7,CHIRPS Daily v2.0,Maharashtra,CHIRPS Rainfall
2025-03-12,2025-03-19,11.0,2025,P084,18.46362582706226,76.82249880582684,Latur,high,priority,3.007603883743286,1,7,CHIRPS Daily v2.0,Maharashtra,CHIRPS Rainfall
2025-03-12,2025-03-19,11.0,2025,P085,18.14788579966987,76.77194597718393,Latur,high,priority,0.0,1,7,CHIRPS Daily v2.0,Maharashtra,CHIRPS Rainfall
2025-03-12,2025-03-19,11.0,2025,P122,17.88145897082753,73.8441448165019,Satara,high,priority,0.0,1,7,CHIRPS Daily v2.0,Maharashtra,CHIRPS Rainfall
2025-03-12,2025-03-19,11.0,2025,P123,17.386414030975025,74.27088970551878,Satara,high,priority,0.0,1,7,CHIRPS Daily v2.0,Maharashtra,CHIRPS Rainfall
2025-03-12,2025-03-19,11.0,2025,P124,17.43262815429294,74.647353771057,Satara,high,priority,0.0,1,7,CHIRPS Daily v2.0,Maharashtra,CHIRPS Rainfall
2025-03-12,2025-03-19,11.0,2025,P125,17.56734651531964,74.31728219287884,Satara,high,priority,0.0,1,7,CHIRPS Daily v2.0,Maharashtra,CHIRPS Rainfall
2025-03-12,2025-03-19,11.0,2025,P126,17.205080227535593,74.13053949986157,Satara,high,priority,0.0,1,7,CHIRPS Daily v2.0,Maharashtra,CHIRPS Rainfall
2025-03-12,2025-03-19,11.0,2025,P127,17.65773249367299,74.31694330119876,Satara,high,priority,0.0,1,7,CHIRPS Daily v2.0,Maharashtra,CHIRPS Rainfall
2025-03-12,2025-03-19,11.0,2025,P128,18.019949731345452,74.5517328080669,Satara,high,priority,0.0,1,7,CHIRPS Daily v2.0,Maharashtra,CHIRPS Rainfall
2025-03-12,2025-03-19,11.0,2025,P129,18.063234225271252,74.03192648006461,Satara,high,priority,0.0,1,7,CHIRPS Daily v2.0,Maharashtra,CHIRPS Rainfall
2025-03-12,2025-03-19,11.0,2025,P130,17.61135784271715,74.03436560834085,Satara,high,priority,0.0,1,7,CHIRPS Daily v2.0,Maharashtra,CHIRPS Rainfall
2025-03-12,2025-03-19,11.0,2025,P131,17.612539504496315,74.3171127470388,Satara,high,priority,0.0,1,7,CHIRPS Daily v2.0,Maharashtra,CHIRPS Rainfall
2025-03-12,2025-03-19,11.0,2025,P132,17.702176353872684,74.12817617630324,Satara,high,priority,0.0,1,7,CHIRPS Daily v2.0,Maharashtra,CHIRPS Rainfall
2025-03-12,2025-03-19,11.0,2025,P133,17.25006363896275,74.08329532420031,Satara,high,priority,0.0,1,7,CHIRPS Daily v2.0,Maharashtra,CHIRPS Rainfall
2025-03-12,2025-03-19,11.0,2025,P134,17.476429903940936,74.17634784498362,Satara,high,priority,0.0,1,7,CHIRPS Daily v2.0,Maharashtra,CHIRPS Rainfall
2025-03-12,2025-03-19,11.0,2025,P135,17.882716437324603,74.0801070669471,Satara,high,priority,0.0,1,7,CHIRPS Daily v2.0,Maharashtra,CHIRPS Rainfall
2025-03-12,2025-03-19,11.0,2025,P136,17.928520323345598,74.22149178404871,Satara,high,priority,0.0,1,7,CHIRPS Daily v2.0,Maharashtra,CHIRPS Rainfall
2025-03-12,2025-03-19,11.0,2025,P137,17.746687100588183,73.98648378122894,Satara,high,priority,0.0,1,7,CHIRPS Daily v2.0,Maharashtra,CHIRPS Rainfall
2025-03-12,2025-03-19,11.0,2025,P138,17.61269557303319,74.36423652697161,Satara,high,priority,0.0,1,7,CHIRPS Daily v2.0,Maharashtra,CHIRPS Rainfall
2025-03-12,2025-03-19,11.0,2025,P139,17.656773786946495,74.08126197411994,Satara,high,priority,0.0,1,7,CHIRPS Daily v2.0,Maharashtra,CHIRPS Rainfall
2025-03-12,2025-03-19,11.0,2025,P140,17.97464080554139,74.50462240543725,Satara,high,priority,0.0,1,7,CHIRPS Daily v2.0,Maharashtra,CHIRPS Rainfall
2025-03-12,2025-03-19,11.0,2025,P141,17.430826677467348,74.08239904488856,Satara,high,priority,0.0,1,7,CHIRPS Daily v2.0,Maharashtra,CHIRPS Rainfall
2025-03-12,2025-03-19,11.0,2025,P142,18.064447100757786,74.31538707493111,Satara,high,priority,0.0,1,7,CHIRPS Daily v2.0,Maharashtra,CHIRPS Rainfall
2025-03-12,2025-03-19,11.0,2025,P143,17.70379500755509,74.6468275971327,Satara,high,priority,0.0,1,7,CHIRPS Daily v2.0,Maharashtra,CHIRPS Rainfall
2025-03-12,2025-03-19,11.0,2025,P144,17.929452275465767,74.50474726026674,Satara,high,priority,0.0,1,7,CHIRPS Daily v2.0,Maharashtra,CHIRPS Rainfall
2025-03-12,2025-03-19,11.0,2025,P145,17.47773196144854,74.60017202281048,Satara,high,priority,0.0,1,7,CHIRPS Daily v2.0,Maharashtra,CHIRPS Rainfall
2025-03-12,2025-03-19,11.0,2025,P146,17.839182233739812,74.55218763637436,Satara,high,priority,0.0,1,7,CHIRPS Daily v2.0,Maharashtra,CHIRPS Rainfall
2025-03-12,2025-03-19,11.0,2025,P001,19.940457800458272,74.57045211428928,Ahmednagar,normal,statewide,0.0,1,7,CHIRPS Daily v2.0,Maharashtra,CHIRPS Rainfall
2025-03-12,2025-03-19,11.0,2025,P002,18.946729294293643,74.76302285238339,Ahmednagar,normal,statewide,0.0,1,7,CHIRPS Daily v2.0,Maharashtra,CHIRPS Rainfall
2025-03-12,2025-03-19,11.0,2025,P003,18.49469238410162,74.66892244285252,Ahmednagar,normal,statewide,0.0,1,7,CHIRPS Daily v2.0,Maharashtra,CHIRPS Rainfall
2025-03-12,2025-03-19,11.0,2025,P004,19.03720445466806,75.1420731965326,Ahmednagar,normal,statewide,0.0,1,7,CHIRPS Daily v2.0,Maharashtra,CHIRPS Rainfall
2025-03-12,2025-03-19,11.0,2025,P005,20.832153156317954,77.06560453615967,Akola,normal,statewide,0.0,1,7,CHIRPS Daily v2.0,Maharashtra,CHIRPS Rainfall
2025-03-12,2025-03-19,11.0,2025,P006,20.834360411339407,76.87349308547405,Akola,normal,statewide,0.0,1,7,CHIRPS Daily v2.0,Maharashtra,CHIRPS Rainfall
2025-03-12,2025-03-19,11.0,2025,P007,21.014976299509232,76.87574047240498,Akola,normal,statewide,0.0,1,7,CHIRPS Daily v2.0,Maharashtra,CHIRPS Rainfall
2025-03-12,2025-03-19,11.0,2025,P008,20.828434266039377,77.35372489162701,Akola,normal,statewide,0.0,1,7,CHIRPS Daily v2.0,Maharashtra,CHIRPS Rainfall
2025-03-12,2025-03-19,11.0,2025,P009,21.360971327549258,77.94039543992572,Amravati,normal,statewide,0.0,1,7,CHIRPS Daily v2.0,Maharashtra,CHIRPS Rainfall
2025-03-12,2025-03-19,11.0,2025,P010,21.178803672212837,78.03301542790685,Amravati,normal,statewide,0.0,1,7,CHIRPS Daily v2.0,Maharashtra,CHIRPS Rainfall
2025-03-12,2025-03-19,11.0,2025,P011,20.814388097721018,78.21764450702477,Amravati,normal,statewide,0.0,1,7,CHIRPS Daily v2.0,Maharashtra,CHIRPS Rainfall
2025-03-12,2025-03-19,11.0,2025,P012,21.180502589714195,77.93681032267875,Amravati,normal,statewide,0.0,1,7,CHIRPS Daily v2.0,Maharashtra,CHIRPS Rainfall
2025-03-12,2025-03-19,11.0,2025,P013,20.031289688916964,74.8570519162974,Aurangabad,normal,statewide,0.0,1,7,CHIRPS Daily v2.0,Maharashtra,CHIRPS Rainfall
2025-03-12,2025-03-19,11.0,2025,P014,19.760185263069562,75.14270192978114,Aurangabad,normal,statewide,0.0,1,7,CHIRPS Daily v2.0,Maharashtra,CHIRPS Rainfall
2025-03-12,2025-03-19,11.0,2025,P015,19.9408189876436,74.76157364454102,Aurangabad,normal,statewide,0.0,1,7,CHIRPS Daily v2.0,Maharashtra,CHIRPS Rainfall
2025-03-12,2025-03-19,11.0,2025,P016,19.66981712112043,75.14262166596218,Aurangabad,normal,statewide,0.0,1,7,CHIRPS Daily v2.0,Maharashtra,CHIRPS Rainfall
2025-03-12,2025-03-19,11.0,2025,P017,21.04613203856966,79.85576216552393,Bhandara,normal,statewide,0.0,1,7,CHIRPS Daily v2.0,Maharashtra,CHIRPS Rainfall
2025-03-12,2025-03-19,11.0,2025,P018,21.31897105472685,79.76852877161537,Bhandara,normal,statewide,4.6547698974609375,1,7,CHIRPS Daily v2.0,Maharashtra,CHIRPS Rainfall
2025-03-12,2025-03-19,11.0,2025,P019,21.40900922319803,79.77144948280537,Bhandara,normal,statewide,4.844585418701172,1,7,CHIRPS Daily v2.0,Maharashtra,CHIRPS Rainfall
2025-03-12,2025-03-19,11.0,2025,P020,21.144196588937042,79.57074980349083,Bhandara,normal,statewide,0.0,1,7,CHIRPS Daily v2.0,Maharashtra,CHIRPS Rainfall
2025-03-12,2025-03-19,11.0,2025,P021,18.67502288980403,75.52108340877234,Bid,normal,statewide,0.0,1,7,CHIRPS Daily v2.0,Maharashtra,CHIRPS Rainfall
2025-03-12,2025-03-19,11.0,2025,P022,18.856499384477168,75.04699178476999,Bid,normal,statewide,0.0,1,7,CHIRPS Daily v2.0,Maharashtra,CHIRPS Rainfall
2025-03-12,2025-03-19,11.0,2025,P023,19.126596053486494,75.6175605191647,Bid,normal,statewide,0.0,1,7,CHIRPS Daily v2.0,Maharashtra,CHIRPS Rainfall
2025-03-12,2025-03-19,11.0,2025,P024,18.763955201213946,75.90084720909012,Bid,normal,statewide,0.0,1,7,CHIRPS Daily v2.0,Maharashtra,CHIRPS Rainfall
2025-03-12,2025-03-19,11.0,2025,P025,20.93073496240753,76.20164478885242,Buldana,normal,statewide,0.0,1,7,CHIRPS Daily v2.0,Maharashtra,CHIRPS Rainfall
2025-03-12,2025-03-19,11.0,2025,P026,20.838939908121294,76.39311412898633,Buldana,normal,statewide,0.0,1,7,CHIRPS Daily v2.0,Maharashtra,CHIRPS Rainfall
2025-03-12,2025-03-19,11.0,2025,P027,20.657476790751314,76.48742857536776,Buldana,normal,statewide,0.0,1,7,CHIRPS Daily v2.0,Maharashtra,CHIRPS Rainfall
2025-03-12,2025-03-19,11.0,2025,P028,20.47967013624516,76.10222021266374,Buldana,normal,statewide,0.0,1,7,CHIRPS Daily v2.0,Maharashtra,CHIRPS Rainfall
2025-03-12,2025-03-19,11.0,2025,P029,20.32317798477448,79.92829390325927,Chandrapur,normal,statewide,4.23618745803833,1,7,CHIRPS Daily v2.0,Maharashtra,CHIRPS Rainfall
2025-03-12,2025-03-19,11.0,2025,P030,20.60872097983294,79.36304041732026,Chandrapur,normal,statewide,5.765402317047119,1,7,CHIRPS Daily v2.0,Maharashtra,CHIRPS Rainfall
2025-03-12,2025-03-19,11.0,2025,P031,20.511160307884595,79.64732594588165,Chandrapur,normal,statewide,7.1507954597473145,1,7,CHIRPS Daily v2.0,Maharashtra,CHIRPS Rainfall
2025-03-12,2025-03-19,11.0,2025,P032,20.598621115946884,79.74569817422172,Chandrapur,normal,statewide,6.710988998413086,1,7,CHIRPS Daily v2.0,Maharashtra,CHIRPS Rainfall
2025-03-12,2025-03-19,11.0,2025,P033,21.38667804512237,75.14422248324037,Dhule,normal,statewide,0.0,1,7,CHIRPS Daily v2.0,Maharashtra,CHIRPS Rainfall
2025-03-12,2025-03-19,11.0,2025,P034,21.025151968113196,74.75989256344387,Dhule,normal,statewide,0.0,1,7,CHIRPS Daily v2.0,Maharashtra,CHIRPS Rainfall
2025-03-12,2025-03-19,11.0,2025,P035,21.477028350667293,74.85568743137505,Dhule,normal,statewide,0.0,1,7,CHIRPS Daily v2.0,Maharashtra,CHIRPS Rainfall
2025-03-12,2025-03-19,11.0,2025,P036,20.933820660336515,74.37533522949364,Dhule,normal,statewide,0.0,1,7,CHIRPS Daily v2.0,Maharashtra,CHIRPS Rainfall
2025-03-12,2025-03-19,11.0,2025,P037,19.963056524597132,79.91698116388667,Garhchiroli,normal,statewide,0.0,1,7,CHIRPS Daily v2.0,Maharashtra,CHIRPS Rainfall
2025-03-12,2025-03-19,11.0,2025,P038,19.062661462582188,79.88977172925856,Garhchiroli,normal,statewide,0.0,1,7,CHIRPS Daily v2.0,Maharashtra,CHIRPS Rainfall
2025-03-12,2025-03-19,11.0,2025,P039,19.510270485428137,79.9981368030594,Garhchiroli,normal,statewide,0.0,1,7,CHIRPS Daily v2.0,Maharashtra,CHIRPS Rainfall
2025-03-12,2025-03-19,11.0,2025,P040,19.870365190999156,80.00935144220881,Garhchiroli,normal,statewide,0.0,1,7,CHIRPS Daily v2.0,Maharashtra,CHIRPS Rainfall
2025-03-12,2025-03-19,11.0,2025,P041,21.127639946725598,80.1465044724107,Gondiya,normal,statewide,0.0,1,7,CHIRPS Daily v2.0,Maharashtra,CHIRPS Rainfall
2025-03-12,2025-03-19,11.0,2025,P042,21.397598383602258,80.15591763473452,Gondiya,normal,statewide,4.500275135040283,1,7,CHIRPS Daily v2.0,Maharashtra,CHIRPS Rainfall
2025-03-12,2025-03-19,11.0,2025,P043,21.574548890706154,80.25847249986273,Gondiya,normal,statewide,0.0,1,7,CHIRPS Daily v2.0,Maharashtra,CHIRPS Rainfall
2025-03-12,2025-03-19,11.0,2025,P044,21.211649410572516,80.34153217518526,Gondiya,normal,statewide,0.0,1,7,CHIRPS Daily v2.0,Maharashtra,CHIRPS Rainfall
2025-03-12,2025-03-19,11.0,2025,P045,19.655900266732623,77.2407892392464,Hingoli,normal,statewide,0.0,1,7,CHIRPS Daily v2.0,Maharashtra,CHIRPS Rainfall
2025-03-12,2025-03-19,11.0,2025,P046,19.566758377573187,77.1442675378435,Hingoli,normal,statewide,3.4870007038116455,1,7,CHIRPS Daily v2.0,Maharashtra,CHIRPS Rainfall
2025-03-12,2025-03-19,11.0,2025,P047,19.47860194974656,76.9526242927685,Hingoli,normal,statewide,3.503610610961914,1,7,CHIRPS Daily v2.0,Maharashtra,CHIRPS Rainfall
2025-03-12,2025-03-19,11.0,2025,P048,19.927981235710728,77.14910120338544,Hingoli,normal,statewide,0.0,1,7,CHIRPS Daily v2.0,Maharashtra,CHIRPS Rainfall
2025-03-12,2025-03-19,11.0,2025,P049,21.292738163229433,76.10816865346904,Jalgaon,normal,statewide,0.0,1,7,CHIRPS Daily v2.0,Maharashtra,CHIRPS Rainfall
2025-03-12,2025-03-19,11.0,2025,P050,21.386178625804387,75.43363151891216,Jalgaon,normal,statewide,0.0,1,7,CHIRPS Daily v2.0,Maharashtra,CHIRPS Rainfall
2025-03-12,2025-03-19,11.0,2025,P051,21.112064306745907,76.10682200495089,Jalgaon,normal,statewide,0.0,1,7,CHIRPS Daily v2.0,Maharashtra,CHIRPS Rainfall
2025-03-12,2025-03-19,11.0,2025,P052,20.844437979720194,75.23982115072519,Jalgaon,normal,statewide,0.0,1,7,CHIRPS Daily v2.0,Maharashtra,CHIRPS Rainfall
2025-03-12,2025-03-19,11.0,2025,P053,19.486369703781666,76.00005328932718,Jalna,normal,statewide,0.0,1,7,CHIRPS Daily v2.0,Maharashtra,CHIRPS Rainfall
2025-03-12,2025-03-19,11.0,2025,P054,20.028502750758555,76.00343774702675,Jalna,normal,statewide,0.0,1,7,CHIRPS Daily v2.0,Maharashtra,CHIRPS Rainfall
2025-03-12,2025-03-19,11.0,2025,P055,19.75743845682064,76.00172991132328,Jalna,normal,statewide,0.0,1,7,CHIRPS Daily v2.0,Maharashtra,CHIRPS Rainfall
2025-03-12,2025-03-19,11.0,2025,P056,19.57768317515413,75.80993951591351,Jalna,normal,statewide,0.0,1,7,CHIRPS Daily v2.0,Maharashtra,CHIRPS Rainfall
2025-03-12,2025-03-19,11.0,2025,P057,16.776377793156257,74.29671235971928,Kolhapur,normal,statewide,0.0,1,7,CHIRPS Daily v2.0,Maharashtra,CHIRPS Rainfall
2025-03-12,2025-03-19,11.0,2025,P058,16.324416687682138,74.29834884980589,Kolhapur,normal,statewide,0.0,1,7,CHIRPS Daily v2.0,Maharashtra,CHIRPS Rainfall
2025-03-12,2025-03-19,11.0,2025,P059,16.595891218916975,74.39111598812178,Kolhapur,normal,statewide,1.8107821941375732,1,7,CHIRPS Daily v2.0,Maharashtra,CHIRPS Rainfall
2025-03-12,2025-03-19,11.0,2025,P060,16.414811584237594,74.29802779453004,Kolhapur,normal,statewide,0.0,1,7,CHIRPS Daily v2.0,Maharashtra,CHIRPS Rainfall
2025-03-12,2025-03-19,11.0,2025,P086,21.054127206758487,79.56798961993874,Nagpur,normal,statewide,0.0,1,7,CHIRPS Daily v2.0,Maharashtra,CHIRPS Rainfall
2025-03-12,2025-03-19,11.0,2025,P087,21.146765031143822,79.47473643960802,Nagpur,normal,statewide,0.0,1,7,CHIRPS Daily v2.0,Maharashtra,CHIRPS Rainfall
2025-03-12,2025-03-19,11.0,2025,P088,21.347803602138427,78.61442869606356,Nagpur,normal,statewide,0.0,1,7,CHIRPS Daily v2.0,Maharashtra,CHIRPS Rainfall
2025-03-12,2025-03-19,11.0,2025,P089,21.165377318940912,78.70615240473293,Nagpur,normal,statewide,0.0,1,7,CHIRPS Daily v2.0,Maharashtra,CHIRPS Rainfall
2025-03-12,2025-03-19,11.0,2025,P090,19.201968238592887,77.42470040309472,Nanded,normal,statewide,6.666310787200928,1,7,CHIRPS Daily v2.0,Maharashtra,CHIRPS Rainfall
2025-03-12,2025-03-19,11.0,2025,P091,18.566038000956755,77.69963965584807,Nanded,normal,statewide,0.0,1,7,CHIRPS Daily v2.0,Maharashtra,CHIRPS Rainfall
2025-03-12,2025-03-19,11.0,2025,P092,19.736596618496833,77.90946265591798,Nanded,normal,statewide,0.0,1,7,CHIRPS Daily v2.0,Maharashtra,CHIRPS Rainfall
2025-03-12,2025-03-19,11.0,2025,P093,18.93564842817583,77.04115528508362,Nanded,normal,statewide,4.075532913208008,1,7,CHIRPS Daily v2.0,Maharashtra,CHIRPS Rainfall
2025-03-12,2025-03-19,11.0,2025,P094,21.564917232430716,74.08292967791392,Nandurbar,normal,statewide,0.0,1,7,CHIRPS Daily v2.0,Maharashtra,CHIRPS Rainfall
2025-03-12,2025-03-19,11.0,2025,P095,21.5662594218478,74.37266422796263,Nandurbar,normal,statewide,0.0,1,7,CHIRPS Daily v2.0,Maharashtra,CHIRPS Rainfall
2025-03-12,2025-03-19,11.0,2025,P096,21.385179787168415,74.27697637845674,Nandurbar,normal,statewide,0.0,1,7,CHIRPS Daily v2.0,Maharashtra,CHIRPS Rainfall
2025-03-12,2025-03-19,11.0,2025,P097,21.565421110849755,74.17950488852946,Nandurbar,normal,statewide,0.0,1,7,CHIRPS Daily v2.0,Maharashtra,CHIRPS Rainfall
2025-03-12,2025-03-19,11.0,2025,P098,20.299553667393326,73.99482675929994,Nashik,normal,statewide,0.0,1,7,CHIRPS Daily v2.0,Maharashtra,CHIRPS Rainfall
2025-03-12,2025-03-19,11.0,2025,P099,20.120253214034264,74.28296495117151,Nashik,normal,statewide,0.0,1,7,CHIRPS Daily v2.0,Maharashtra,CHIRPS Rainfall
2025-03-12,2025-03-19,11.0,2025,P100,20.389903972938242,73.99424261706194,Nashik,normal,statewide,0.0,1,7,CHIRPS Daily v2.0,Maharashtra,CHIRPS Rainfall
2025-03-12,2025-03-19,11.0,2025,P101,20.029015547379707,74.09216447619562,Nashik,normal,statewide,0.0,1,7,CHIRPS Daily v2.0,Maharashtra,CHIRPS Rainfall
2025-03-12,2025-03-19,11.0,2025,P102,17.85749130266526,76.36802722645965,Osmanabad,normal,statewide,3.503298044204712,1,7,CHIRPS Daily v2.0,Maharashtra,CHIRPS Rainfall
2025-03-12,2025-03-19,11.0,2025,P103,17.76644983645705,76.46164605307673,Osmanabad,normal,statewide,0.0,1,7,CHIRPS Daily v2.0,Maharashtra,CHIRPS Rainfall
2025-03-12,2025-03-19,11.0,2025,P104,17.949094615606196,76.17989775301476,Osmanabad,normal,statewide,2.682129144668579,1,7,CHIRPS Daily v2.0,Maharashtra,CHIRPS Rainfall
2025-03-12,2025-03-19,11.0,2025,P105,18.584360447185368,75.61558067829696,Osmanabad,normal,statewide,0.0,1,7,CHIRPS Daily v2.0,Maharashtra,CHIRPS Rainfall
2025-03-12,2025-03-19,11.0,2025,P106,19.031389786894366,76.47235681380711,Parbhani,normal,statewide,0.0,1,7,CHIRPS Daily v2.0,Maharashtra,CHIRPS Rainfall
2025-03-12,2025-03-19,11.0,2025,P107,19.120950831552832,76.56820519095093,Parbhani,normal,statewide,2.807668447494507,1,7,CHIRPS Daily v2.0,Maharashtra,CHIRPS Rainfall
2025-03-12,2025-03-19,11.0,2025,P108,19.208625676465683,76.85432786914635,Parbhani,normal,statewide,4.786274433135986,1,7,CHIRPS Daily v2.0,Maharashtra,CHIRPS Rainfall
2025-03-12,2025-03-19,11.0,2025,P109,19.212081479782103,76.47396209018636,Parbhani,normal,statewide,1.5933276414871216,1,7,CHIRPS Daily v2.0,Maharashtra,CHIRPS Rainfall
2025-03-12,2025-03-19,11.0,2025,P110,18.133442771357757,75.04679558432363,Pune,normal,statewide,0.0,1,7,CHIRPS Daily v2.0,Maharashtra,CHIRPS Rainfall
2025-03-12,2025-03-19,11.0,2025,P111,18.584645829652782,74.47919215212944,Pune,normal,statewide,0.0,1,7,CHIRPS Daily v2.0,Maharashtra,CHIRPS Rainfall
2025-03-12,2025-03-19,11.0,2025,P112,18.132979024848197,74.57507620208169,Pune,normal,statewide,0.0,1,7,CHIRPS Daily v2.0,Maharashtra,CHIRPS Rainfall
2025-03-12,2025-03-19,11.0,2025,P113,18.314072036830744,74.76389683618987,Pune,normal,statewide,0.0,1,7,CHIRPS Daily v2.0,Maharashtra,CHIRPS Rainfall
2025-03-12,2025-03-19,11.0,2025,P114,18.48503397121986,73.0589238755964,Raigarh,normal,statewide,0.0,1,7,CHIRPS Daily v2.0,Maharashtra,CHIRPS Rainfall
2025-03-12,2025-03-19,11.0,2025,P115,18.665689991299164,73.05687714821288,Raigarh,normal,statewide,0.0,1,7,CHIRPS Daily v2.0,Maharashtra,CHIRPS Rainfall
2025-03-12,2025-03-19,11.0,2025,P116,18.306197264370358,73.25009891506079,Raigarh,normal,statewide,0.0,1,7,CHIRPS Daily v2.0,Maharashtra,CHIRPS Rainfall
2025-03-12,2025-03-19,11.0,2025,P117,18.21404102289879,73.06194714611064,Raigarh,normal,statewide,0.0,1,7,CHIRPS Daily v2.0,Maharashtra,CHIRPS Rainfall
2025-03-12,2025-03-19,11.0,2025,P118,17.138719885658215,75.42259970290594,Sangli,normal,statewide,0.0,1,7,CHIRPS Daily v2.0,Maharashtra,CHIRPS Rainfall
2025-03-12,2025-03-19,11.0,2025,P119,17.048761981005992,74.95348443567921,Sangli,normal,statewide,0.0,1,7,CHIRPS Daily v2.0,Maharashtra,CHIRPS Rainfall
2025-03-12,2025-03-19,11.0,2025,P120,16.86707144948229,74.39025538161847,Sangli,normal,statewide,0.0,1,7,CHIRPS Daily v2.0,Maharashtra,CHIRPS Rainfall
2025-03-12,2025-03-19,11.0,2025,P121,17.048503353144895,74.67157114887826,Sangli,normal,statewide,0.0,1,7,CHIRPS Daily v2.0,Maharashtra,CHIRPS Rainfall
2025-03-12,2025-03-19,11.0,2025,P148,17.67852974098626,76.08383979812143,Solapur,normal,statewide,0.0,1,7,CHIRPS Daily v2.0,Maharashtra,CHIRPS Rainfall
2025-03-12,2025-03-19,11.0,2025,P149,18.223365003201543,75.4251413905064,Solapur,normal,statewide,0.0,1,7,CHIRPS Daily v2.0,Maharashtra,CHIRPS Rainfall
2025-03-12,2025-03-19,11.0,2025,P150,17.952532582518405,75.23562067753285,Solapur,normal,statewide,0.0,1,7,CHIRPS Daily v2.0,Maharashtra,CHIRPS Rainfall
2025-03-12,2025-03-19,11.0,2025,P151,18.223690517578447,75.23598186471818,Solapur,normal,statewide,0.0,1,7,CHIRPS Daily v2.0,Maharashtra,CHIRPS Rainfall
2025-03-12,2025-03-19,11.0,2025,P152,19.658178867370932,72.94986318203122,Thane,normal,statewide,0.0,1,7,CHIRPS Daily v2.0,Maharashtra,CHIRPS Rainfall
2025-03-12,2025-03-19,11.0,2025,P153,19.65706409210757,72.8545320606096,Thane,normal,statewide,0.0,1,7,CHIRPS Daily v2.0,Maharashtra,CHIRPS Rainfall
2025-03-12,2025-03-19,11.0,2025,P154,19.477549601897948,72.95214624177059,Thane,normal,statewide,0.0,1,7,CHIRPS Daily v2.0,Maharashtra,CHIRPS Rainfall
2025-03-12,2025-03-19,11.0,2025,P155,19.83987385799569,73.0429959666335,Thane,normal,statewide,0.0,1,7,CHIRPS Daily v2.0,Maharashtra,CHIRPS Rainfall
2025-03-12,2025-03-19,11.0,2025,P156,20.806749657616468,78.60135461177485,Wardha,normal,statewide,0.0,1,7,CHIRPS Daily v2.0,Maharashtra,CHIRPS Rainfall
2025-03-12,2025-03-19,11.0,2025,P157,20.71031267913359,78.88671032458906,Wardha,normal,statewide,0.0,1,7,CHIRPS Daily v2.0,Maharashtra,CHIRPS Rainfall
2025-03-12,2025-03-19,11.0,2025,P158,21.081265295769754,78.41565980750515,Wardha,normal,statewide,0.0,1,7,CHIRPS Daily v2.0,Maharashtra,CHIRPS Rainfall
2025-03-12,2025-03-19,11.0,2025,P159,20.439854822938944,78.87986114537097,Wardha,normal,statewide,0.0,1,7,CHIRPS Daily v2.0,Maharashtra,CHIRPS Rainfall
2025-03-12,2025-03-19,11.0,2025,P160,20.289186257444058,77.15404188735265,Washim,normal,statewide,0.0,1,7,CHIRPS Daily v2.0,Maharashtra,CHIRPS Rainfall
2025-03-12,2025-03-19,11.0,2025,P161,20.464607292886615,77.53975858757677,Washim,normal,statewide,0.0,1,7,CHIRPS Daily v2.0,Maharashtra,CHIRPS Rainfall
2025-03-12,2025-03-19,11.0,2025,P162,20.107393166596125,77.2471479173486,Washim,normal,statewide,0.0,1,7,CHIRPS Daily v2.0,Maharashtra,CHIRPS Rainfall
2025-03-12,2025-03-19,11.0,2025,P163,20.198885002010726,77.1527933390577,Washim,normal,statewide,0.0,1,7,CHIRPS Daily v2.0,Maharashtra,CHIRPS Rainfall
2025-03-12,2025-03-19,11.0,2025,P164,20.182854533723592,78.20447678161395,Yavatmal,normal,statewide,3.4256556034088135,1,7,CHIRPS Daily v2.0,Maharashtra,CHIRPS Rainfall
2025-03-12,2025-03-19,11.0,2025,P165,19.894658373538324,79.05709703494229,Yavatmal,normal,statewide,0.0,1,7,CHIRPS Daily v2.0,Maharashtra,CHIRPS Rainfall
2025-03-12,2025-03-19,11.0,2025,P166,19.468787468327925,77.71426550730338,Yavatmal,normal,statewide,4.795846462249756,1,7,CHIRPS Daily v2.0,Maharashtra,CHIRPS Rainfall
2025-03-12,2025-03-19,11.0,2025,P167,19.559057510053886,77.71577268345945,Yavatmal,normal,statewide,5.2673773765563965,1,7,CHIRPS Daily v2.0,Maharashtra,CHIRPS Rainfall
2025-03-19,2025-03-26,12.0,2025,P147,17.927231643141155,73.94769852026607,Satara,case_study,case_study,0.0,1,7,CHIRPS Daily v2.0,Maharashtra,CHIRPS Rainfall
2025-03-19,2025-03-26,12.0,2025,P061,18.507855650411397,76.91766048140843,Latur,high,priority,3.508878707885742,1,7,CHIRPS Daily v2.0,Maharashtra,CHIRPS Rainfall
2025-03-19,2025-03-26,12.0,2025,P062,18.422405896924207,76.3487594508077,Latur,high,priority,0.0,1,7,CHIRPS Daily v2.0,Maharashtra,CHIRPS Rainfall
2025-03-19,2025-03-26,12.0,2025,P063,18.235391198742693,77.05646783810116,Latur,high,priority,3.3840396404266357,1,7,CHIRPS Daily v2.0,Maharashtra,CHIRPS Rainfall
2025-03-19,2025-03-26,12.0,2025,P064,18.193056493341274,76.77240080549139,Latur,high,priority,5.257683753967285,1,7,CHIRPS Daily v2.0,Maharashtra,CHIRPS Rainfall
2025-03-19,2025-03-26,12.0,2025,P065,18.331355512513895,76.44266811899327,Latur,high,priority,2.2539756298065186,1,7,CHIRPS Daily v2.0,Maharashtra,CHIRPS Rainfall
2025-03-19,2025-03-26,12.0,2025,P066,18.104739537876725,76.5352970251765,Latur,high,priority,4.147210121154785,1,7,CHIRPS Daily v2.0,Maharashtra,CHIRPS Rainfall
2025-03-19,2025-03-26,12.0,2025,P067,18.280552974211986,77.0569984711265,Latur,high,priority,0.0,1,7,CHIRPS Daily v2.0,Maharashtra,CHIRPS Rainfall
2025-03-19,2025-03-26,12.0,2025,P068,18.101823285787773,76.86595720469373,Latur,high,priority,5.957835674285889,1,7,CHIRPS Daily v2.0,Maharashtra,CHIRPS Rainfall
2025-03-19,2025-03-26,12.0,2025,P069,18.595075667016793,77.20284228928156,Latur,high,priority,0.0,1,7,CHIRPS Daily v2.0,Maharashtra,CHIRPS Rainfall
2025-03-19,2025-03-26,12.0,2025,P070,18.41499041187233,77.15322587185987,Latur,high,priority,2.878692150115967,1,7,CHIRPS Daily v2.0,Maharashtra,CHIRPS Rainfall
2025-03-19,2025-03-26,12.0,2025,P071,18.149138807065885,76.63019561379593,Latur,high,priority,3.996537923812866,1,7,CHIRPS Daily v2.0,Maharashtra,CHIRPS Rainfall
2025-03-19,2025-03-26,12.0,2025,P072,18.283393421583035,76.77331492120734,Latur,high,priority,2.9091968536376953,1,7,CHIRPS Daily v2.0,Maharashtra,CHIRPS Rainfall
2025-03-19,2025-03-26,12.0,2025,P073,17.966315663874607,76.86453029235662,Latur,high,priority,4.667989253997803,1,7,CHIRPS Daily v2.0,Maharashtra,CHIRPS Rainfall
2025-03-19,2025-03-26,12.0,2025,P074,18.50832831512306,76.870318205524,Latur,high,priority,3.2068140506744385,1,7,CHIRPS Daily v2.0,Maharashtra,CHIRPS Rainfall
2025-03-19,2025-03-26,12.0,2025,P075,18.41444640154381,77.20053247493588,Latur,high,priority,2.848517417907715,1,7,CHIRPS Daily v2.0,Maharashtra,CHIRPS Rainfall
2025-03-19,2025-03-26,12.0,2025,P076,18.377877313804504,76.25376722106614,Latur,high,priority,0.0,1,7,CHIRPS Daily v2.0,Maharashtra,CHIRPS Rainfall
2025-03-19,2025-03-26,12.0,2025,P077,18.059564385104267,76.5349046242838,Latur,high,priority,4.462052822113037,1,7,CHIRPS Daily v2.0,Maharashtra,CHIRPS Rainfall
2025-03-19,2025-03-26,12.0,2025,P078,18.1008824154655,76.96042326051098,Latur,high,priority,6.674353122711182,1,7,CHIRPS Daily v2.0,Maharashtra,CHIRPS Rainfall
2025-03-19,2025-03-26,12.0,2025,P079,18.73508698099394,76.77797468180819,Latur,high,priority,0.0,1,7,CHIRPS Daily v2.0,Maharashtra,CHIRPS Rainfall
2025-03-19,2025-03-26,12.0,2025,P080,18.46791548227568,76.3017694439065,Latur,high,priority,0.0,1,7,CHIRPS Daily v2.0,Maharashtra,CHIRPS Rainfall
2025-03-19,2025-03-26,12.0,2025,P081,18.10355787609756,76.67701617485712,Latur,high,priority,4.6783552169799805,1,7,CHIRPS Daily v2.0,Maharashtra,CHIRPS Rainfall
2025-03-19,2025-03-26,12.0,2025,P082,18.23907887531389,76.67830931416262,Latur,high,priority,2.2178854942321777,1,7,CHIRPS Daily v2.0,Maharashtra,CHIRPS Rainfall
2025-03-19,2025-03-26,12.0,2025,P083,18.369289085175563,77.19996171000103,Latur,high,priority,3.259157657623291,1,7,CHIRPS Daily v2.0,Maharashtra,CHIRPS Rainfall
2025-03-19,2025-03-26,12.0,2025,P084,18.46362582706226,76.82249880582684,Latur,high,priority,2.952556848526001,1,7,CHIRPS Daily v2.0,Maharashtra,CHIRPS Rainfall
2025-03-19,2025-03-26,12.0,2025,P085,18.14788579966987,76.77194597718393,Latur,high,priority,5.453027725219727,1,7,CHIRPS Daily v2.0,Maharashtra,CHIRPS Rainfall
2025-03-19,2025-03-26,12.0,2025,P122,17.88145897082753,73.8441448165019,Satara,high,priority,0.0,1,7,CHIRPS Daily v2.0,Maharashtra,CHIRPS Rainfall
2025-03-19,2025-03-26,12.0,2025,P123,17.386414030975025,74.27088970551878,Satara,high,priority,0.0,1,7,CHIRPS Daily v2.0,Maharashtra,CHIRPS Rainfall
2025-03-19,2025-03-26,12.0,2025,P124,17.43262815429294,74.647353771057,Satara,high,priority,0.0,1,7,CHIRPS Daily v2.0,Maharashtra,CHIRPS Rainfall
2025-03-19,2025-03-26,12.0,2025,P125,17.56734651531964,74.31728219287884,Satara,high,priority,0.0,1,7,CHIRPS Daily v2.0,Maharashtra,CHIRPS Rainfall
2025-03-19,2025-03-26,12.0,2025,P126,17.205080227535593,74.13053949986157,Satara,high,priority,0.0,1,7,CHIRPS Daily v2.0,Maharashtra,CHIRPS Rainfall
2025-03-19,2025-03-26,12.0,2025,P127,17.65773249367299,74.31694330119876,Satara,high,priority,0.0,1,7,CHIRPS Daily v2.0,Maharashtra,CHIRPS Rainfall
2025-03-19,2025-03-26,12.0,2025,P128,18.019949731345452,74.5517328080669,Satara,high,priority,0.0,1,7,CHIRPS Daily v2.0,Maharashtra,CHIRPS Rainfall
2025-03-19,2025-03-26,12.0,2025,P129,18.063234225271252,74.03192648006461,Satara,high,priority,0.0,1,7,CHIRPS Daily v2.0,Maharashtra,CHIRPS Rainfall
2025-03-19,2025-03-26,12.0,2025,P130,17.61135784271715,74.03436560834085,Satara,high,priority,0.0,1,7,CHIRPS Daily v2.0,Maharashtra,CHIRPS Rainfall
2025-03-19,2025-03-26,12.0,2025,P131,17.612539504496315,74.3171127470388,Satara,high,priority,0.0,1,7,CHIRPS Daily v2.0,Maharashtra,CHIRPS Rainfall
2025-03-19,2025-03-26,12.0,2025,P132,17.702176353872684,74.12817617630324,Satara,high,priority,0.0,1,7,CHIRPS Daily v2.0,Maharashtra,CHIRPS Rainfall
2025-03-19,2025-03-26,12.0,2025,P133,17.25006363896275,74.08329532420031,Satara,high,priority,0.0,1,7,CHIRPS Daily v2.0,Maharashtra,CHIRPS Rainfall
2025-03-19,2025-03-26,12.0,2025,P134,17.476429903940936,74.17634784498362,Satara,high,priority,0.0,1,7,CHIRPS Daily v2.0,Maharashtra,CHIRPS Rainfall
2025-03-19,2025-03-26,12.0,2025,P135,17.882716437324603,74.0801070669471,Satara,high,priority,0.0,1,7,CHIRPS Daily v2.0,Maharashtra,CHIRPS Rainfall
2025-03-19,2025-03-26,12.0,2025,P136,17.928520323345598,74.22149178404871,Satara,high,priority,0.0,1,7,CHIRPS Daily v2.0,Maharashtra,CHIRPS Rainfall
2025-03-19,2025-03-26,12.0,2025,P137,17.746687100588183,73.98648378122894,Satara,high,priority,0.0,1,7,CHIRPS Daily v2.0,Maharashtra,CHIRPS Rainfall
2025-03-19,2025-03-26,12.0,2025,P138,17.61269557303319,74.36423652697161,Satara,high,priority,0.0,1,7,CHIRPS Daily v2.0,Maharashtra,CHIRPS Rainfall
2025-03-19,2025-03-26,12.0,2025,P139,17.656773786946495,74.08126197411994,Satara,high,priority,0.0,1,7,CHIRPS Daily v2.0,Maharashtra,CHIRPS Rainfall
2025-03-19,2025-03-26,12.0,2025,P140,17.97464080554139,74.50462240543725,Satara,high,priority,0.0,1,7,CHIRPS Daily v2.0,Maharashtra,CHIRPS Rainfall
2025-03-19,2025-03-26,12.0,2025,P141,17.430826677467348,74.08239904488856,Satara,high,priority,0.0,1,7,CHIRPS Daily v2.0,Maharashtra,CHIRPS Rainfall
2025-03-19,2025-03-26,12.0,2025,P142,18.064447100757786,74.31538707493111,Satara,high,priority,0.0,1,7,CHIRPS Daily v2.0,Maharashtra,CHIRPS Rainfall
2025-03-19,2025-03-26,12.0,2025,P143,17.70379500755509,74.6468275971327,Satara,high,priority,0.0,1,7,CHIRPS Daily v2.0,Maharashtra,CHIRPS Rainfall
2025-03-19,2025-03-26,12.0,2025,P144,17.929452275465767,74.50474726026674,Satara,high,priority,0.0,1,7,CHIRPS Daily v2.0,Maharashtra,CHIRPS Rainfall
2025-03-19,2025-03-26,12.0,2025,P145,17.47773196144854,74.60017202281048,Satara,high,priority,0.0,1,7,CHIRPS Daily v2.0,Maharashtra,CHIRPS Rainfall
2025-03-19,2025-03-26,12.0,2025,P146,17.839182233739812,74.55218763637436,Satara,high,priority,0.0,1,7,CHIRPS Daily v2.0,Maharashtra,CHIRPS Rainfall
2025-03-19,2025-03-26,12.0,2025,P001,19.940457800458272,74.57045211428928,Ahmednagar,normal,statewide,0.0,1,7,CHIRPS Daily v2.0,Maharashtra,CHIRPS Rainfall
2025-03-19,2025-03-26,12.0,2025,P002,18.946729294293643,74.76302285238339,Ahmednagar,normal,statewide,0.0,1,7,CHIRPS Daily v2.0,Maharashtra,CHIRPS Rainfall
2025-03-19,2025-03-26,12.0,2025,P003,18.49469238410162,74.66892244285252,Ahmednagar,normal,statewide,0.0,1,7,CHIRPS Daily v2.0,Maharashtra,CHIRPS Rainfall
2025-03-19,2025-03-26,12.0,2025,P004,19.03720445466806,75.1420731965326,Ahmednagar,normal,statewide,0.0,1,7,CHIRPS Daily v2.0,Maharashtra,CHIRPS Rainfall
2025-03-19,2025-03-26,12.0,2025,P005,20.832153156317954,77.06560453615967,Akola,normal,statewide,0.0,1,7,CHIRPS Daily v2.0,Maharashtra,CHIRPS Rainfall
2025-03-19,2025-03-26,12.0,2025,P006,20.834360411339407,76.87349308547405,Akola,normal,statewide,0.0,1,7,CHIRPS Daily v2.0,Maharashtra,CHIRPS Rainfall
2025-03-19,2025-03-26,12.0,2025,P007,21.014976299509232,76.87574047240498,Akola,normal,statewide,0.0,1,7,CHIRPS Daily v2.0,Maharashtra,CHIRPS Rainfall
2025-03-19,2025-03-26,12.0,2025,P008,20.828434266039377,77.35372489162701,Akola,normal,statewide,0.0,1,7,CHIRPS Daily v2.0,Maharashtra,CHIRPS Rainfall
2025-03-19,2025-03-26,12.0,2025,P009,21.360971327549258,77.94039543992572,Amravati,normal,statewide,0.0,1,7,CHIRPS Daily v2.0,Maharashtra,CHIRPS Rainfall
2025-03-19,2025-03-26,12.0,2025,P010,21.178803672212837,78.03301542790685,Amravati,normal,statewide,3.098457098007202,1,7,CHIRPS Daily v2.0,Maharashtra,CHIRPS Rainfall
2025-03-19,2025-03-26,12.0,2025,P011,20.814388097721018,78.21764450702477,Amravati,normal,statewide,4.87269926071167,1,7,CHIRPS Daily v2.0,Maharashtra,CHIRPS Rainfall
2025-03-19,2025-03-26,12.0,2025,P012,21.180502589714195,77.93681032267875,Amravati,normal,statewide,0.0,1,7,CHIRPS Daily v2.0,Maharashtra,CHIRPS Rainfall
2025-03-19,2025-03-26,12.0,2025,P013,20.031289688916964,74.8570519162974,Aurangabad,normal,statewide,0.0,1,7,CHIRPS Daily v2.0,Maharashtra,CHIRPS Rainfall
2025-03-19,2025-03-26,12.0,2025,P014,19.760185263069562,75.14270192978114,Aurangabad,normal,statewide,0.0,1,7,CHIRPS Daily v2.0,Maharashtra,CHIRPS Rainfall
2025-03-19,2025-03-26,12.0,2025,P015,19.9408189876436,74.76157364454102,Aurangabad,normal,statewide,0.0,1,7,CHIRPS Daily v2.0,Maharashtra,CHIRPS Rainfall
2025-03-19,2025-03-26,12.0,2025,P016,19.66981712112043,75.14262166596218,Aurangabad,normal,statewide,0.0,1,7,CHIRPS Daily v2.0,Maharashtra,CHIRPS Rainfall
2025-03-19,2025-03-26,12.0,2025,P017,21.04613203856966,79.85576216552393,Bhandara,normal,statewide,5.1035027503967285,1,7,CHIRPS Daily v2.0,Maharashtra,CHIRPS Rainfall
2025-03-19,2025-03-26,12.0,2025,P018,21.31897105472685,79.76852877161537,Bhandara,normal,statewide,6.286162853240967,1,7,CHIRPS Daily v2.0,Maharashtra,CHIRPS Rainfall
2025-03-19,2025-03-26,12.0,2025,P019,21.40900922319803,79.77144948280537,Bhandara,normal,statewide,5.853658676147461,1,7,CHIRPS Daily v2.0,Maharashtra,CHIRPS Rainfall
2025-03-19,2025-03-26,12.0,2025,P020,21.144196588937042,79.57074980349083,Bhandara,normal,statewide,5.4254279136657715,1,7,CHIRPS Daily v2.0,Maharashtra,CHIRPS Rainfall
2025-03-19,2025-03-26,12.0,2025,P021,18.67502288980403,75.52108340877234,Bid,normal,statewide,0.0,1,7,CHIRPS Daily v2.0,Maharashtra,CHIRPS Rainfall
2025-03-19,2025-03-26,12.0,2025,P022,18.856499384477168,75.04699178476999,Bid,normal,statewide,0.0,1,7,CHIRPS Daily v2.0,Maharashtra,CHIRPS Rainfall
2025-03-19,2025-03-26,12.0,2025,P023,19.126596053486494,75.6175605191647,Bid,normal,statewide,0.0,1,7,CHIRPS Daily v2.0,Maharashtra,CHIRPS Rainfall
2025-03-19,2025-03-26,12.0,2025,P024,18.763955201213946,75.90084720909012,Bid,normal,statewide,0.0,1,7,CHIRPS Daily v2.0,Maharashtra,CHIRPS Rainfall
2025-03-19,2025-03-26,12.0,2025,P025,20.93073496240753,76.20164478885242,Buldana,normal,statewide,0.0,1,7,CHIRPS Daily v2.0,Maharashtra,CHIRPS Rainfall
2025-03-19,2025-03-26,12.0,2025,P026,20.838939908121294,76.39311412898633,Buldana,normal,statewide,0.0,1,7,CHIRPS Daily v2.0,Maharashtra,CHIRPS Rainfall
2025-03-19,2025-03-26,12.0,2025,P027,20.657476790751314,76.48742857536776,Buldana,normal,statewide,0.0,1,7,CHIRPS Daily v2.0,Maharashtra,CHIRPS Rainfall
2025-03-19,2025-03-26,12.0,2025,P028,20.47967013624516,76.10222021266374,Buldana,normal,statewide,0.0,1,7,CHIRPS Daily v2.0,Maharashtra,CHIRPS Rainfall
2025-03-19,2025-03-26,12.0,2025,P029,20.32317798477448,79.92829390325927,Chandrapur,normal,statewide,3.8312175273895264,1,7,CHIRPS Daily v2.0,Maharashtra,CHIRPS Rainfall
2025-03-19,2025-03-26,12.0,2025,P030,20.60872097983294,79.36304041732026,Chandrapur,normal,statewide,5.120215892791748,1,7,CHIRPS Daily v2.0,Maharashtra,CHIRPS Rainfall
2025-03-19,2025-03-26,12.0,2025,P031,20.511160307884595,79.64732594588165,Chandrapur,normal,statewide,0.0,1,7,CHIRPS Daily v2.0,Maharashtra,CHIRPS Rainfall
2025-03-19,2025-03-26,12.0,2025,P032,20.598621115946884,79.74569817422172,Chandrapur,normal,statewide,0.0,1,7,CHIRPS Daily v2.0,Maharashtra,CHIRPS Rainfall
2025-03-19,2025-03-26,12.0,2025,P033,21.38667804512237,75.14422248324037,Dhule,normal,statewide,0.0,1,7,CHIRPS Daily v2.0,Maharashtra,CHIRPS Rainfall
2025-03-19,2025-03-26,12.0,2025,P034,21.025151968113196,74.75989256344387,Dhule,normal,statewide,0.0,1,7,CHIRPS Daily v2.0,Maharashtra,CHIRPS Rainfall
2025-03-19,2025-03-26,12.0,2025,P035,21.477028350667293,74.85568743137505,Dhule,normal,statewide,0.0,1,7,CHIRPS Daily v2.0,Maharashtra,CHIRPS Rainfall
2025-03-19,2025-03-26,12.0,2025,P036,20.933820660336515,74.37533522949364,Dhule,normal,statewide,0.0,1,7,CHIRPS Daily v2.0,Maharashtra,CHIRPS Rainfall
2025-03-19,2025-03-26,12.0,2025,P037,19.963056524597132,79.91698116388667,Garhchiroli,normal,statewide,4.679027557373047,1,7,CHIRPS Daily v2.0,Maharashtra,CHIRPS Rainfall
2025-03-19,2025-03-26,12.0,2025,P038,19.062661462582188,79.88977172925856,Garhchiroli,normal,statewide,11.064598083496094,1,7,CHIRPS Daily v2.0,Maharashtra,CHIRPS Rainfall
2025-03-19,2025-03-26,12.0,2025,P039,19.510270485428137,79.9981368030594,Garhchiroli,normal,statewide,17.37870216369629,1,7,CHIRPS Daily v2.0,Maharashtra,CHIRPS Rainfall
2025-03-19,2025-03-26,12.0,2025,P040,19.870365190999156,80.00935144220881,Garhchiroli,normal,statewide,17.183591842651367,1,7,CHIRPS Daily v2.0,Maharashtra,CHIRPS Rainfall
2025-03-19,2025-03-26,12.0,2025,P041,21.127639946725598,80.1465044724107,Gondiya,normal,statewide,5.560615062713623,1,7,CHIRPS Daily v2.0,Maharashtra,CHIRPS Rainfall
2025-03-19,2025-03-26,12.0,2025,P042,21.397598383602258,80.15591763473452,Gondiya,normal,statewide,5.084371089935303,1,7,CHIRPS Daily v2.0,Maharashtra,CHIRPS Rainfall
2025-03-19,2025-03-26,12.0,2025,P043,21.574548890706154,80.25847249986273,Gondiya,normal,statewide,5.107680797576904,1,7,CHIRPS Daily v2.0,Maharashtra,CHIRPS Rainfall
2025-03-19,2025-03-26,12.0,2025,P044,21.211649410572516,80.34153217518526,Gondiya,normal,statewide,5.540708541870117,1,7,CHIRPS Daily v2.0,Maharashtra,CHIRPS Rainfall
2025-03-19,2025-03-26,12.0,2025,P045,19.655900266732623,77.2407892392464,Hingoli,normal,statewide,0.0,1,7,CHIRPS Daily v2.0,Maharashtra,CHIRPS Rainfall
2025-03-19,2025-03-26,12.0,2025,P046,19.566758377573187,77.1442675378435,Hingoli,normal,statewide,0.0,1,7,CHIRPS Daily v2.0,Maharashtra,CHIRPS Rainfall
2025-03-19,2025-03-26,12.0,2025,P047,19.47860194974656,76.9526242927685,Hingoli,normal,statewide,0.0,1,7,CHIRPS Daily v2.0,Maharashtra,CHIRPS Rainfall
2025-03-19,2025-03-26,12.0,2025,P048,19.927981235710728,77.14910120338544,Hingoli,normal,statewide,0.0,1,7,CHIRPS Daily v2.0,Maharashtra,CHIRPS Rainfall
2025-03-19,2025-03-26,12.0,2025,P049,21.292738163229433,76.10816865346904,Jalgaon,normal,statewide,0.0,1,7,CHIRPS Daily v2.0,Maharashtra,CHIRPS Rainfall
2025-03-19,2025-03-26,12.0,2025,P050,21.386178625804387,75.43363151891216,Jalgaon,normal,statewide,0.0,1,7,CHIRPS Daily v2.0,Maharashtra,CHIRPS Rainfall
2025-03-19,2025-03-26,12.0,2025,P051,21.112064306745907,76.10682200495089,Jalgaon,normal,statewide,0.0,1,7,CHIRPS Daily v2.0,Maharashtra,CHIRPS Rainfall
2025-03-19,2025-03-26,12.0,2025,P052,20.844437979720194,75.23982115072519,Jalgaon,normal,statewide,0.0,1,7,CHIRPS Daily v2.0,Maharashtra,CHIRPS Rainfall
2025-03-19,2025-03-26,12.0,2025,P053,19.486369703781666,76.00005328932718,Jalna,normal,statewide,0.0,1,7,CHIRPS Daily v2.0,Maharashtra,CHIRPS Rainfall
2025-03-19,2025-03-26,12.0,2025,P054,20.028502750758555,76.00343774702675,Jalna,normal,statewide,0.0,1,7,CHIRPS Daily v2.0,Maharashtra,CHIRPS Rainfall
2025-03-19,2025-03-26,12.0,2025,P055,19.75743845682064,76.00172991132328,Jalna,normal,statewide,0.0,1,7,CHIRPS Daily v2.0,Maharashtra,CHIRPS Rainfall
2025-03-19,2025-03-26,12.0,2025,P056,19.57768317515413,75.80993951591351,Jalna,normal,statewide,0.0,1,7,CHIRPS Daily v2.0,Maharashtra,CHIRPS Rainfall
2025-03-19,2025-03-26,12.0,2025,P057,16.776377793156257,74.29671235971928,Kolhapur,normal,statewide,2.9966583251953125,1,7,CHIRPS Daily v2.0,Maharashtra,CHIRPS Rainfall
2025-03-19,2025-03-26,12.0,2025,P058,16.324416687682138,74.29834884980589,Kolhapur,normal,statewide,9.214274406433105,1,7,CHIRPS Daily v2.0,Maharashtra,CHIRPS Rainfall
2025-03-19,2025-03-26,12.0,2025,P059,16.595891218916975,74.39111598812178,Kolhapur,normal,statewide,7.175267219543457,1,7,CHIRPS Daily v2.0,Maharashtra,CHIRPS Rainfall
2025-03-19,2025-03-26,12.0,2025,P060,16.414811584237594,74.29802779453004,Kolhapur,normal,statewide,8.602884292602539,1,7,CHIRPS Daily v2.0,Maharashtra,CHIRPS Rainfall
2025-03-19,2025-03-26,12.0,2025,P086,21.054127206758487,79.56798961993874,Nagpur,normal,statewide,5.194930076599121,1,7,CHIRPS Daily v2.0,Maharashtra,CHIRPS Rainfall
2025-03-19,2025-03-26,12.0,2025,P087,21.146765031143822,79.47473643960802,Nagpur,normal,statewide,5.6157073974609375,1,7,CHIRPS Daily v2.0,Maharashtra,CHIRPS Rainfall
2025-03-19,2025-03-26,12.0,2025,P088,21.347803602138427,78.61442869606356,Nagpur,normal,statewide,3.5267348289489746,1,7,CHIRPS Daily v2.0,Maharashtra,CHIRPS Rainfall
2025-03-19,2025-03-26,12.0,2025,P089,21.165377318940912,78.70615240473293,Nagpur,normal,statewide,4.1729655265808105,1,7,CHIRPS Daily v2.0,Maharashtra,CHIRPS Rainfall
2025-03-19,2025-03-26,12.0,2025,P090,19.201968238592887,77.42470040309472,Nanded,normal,statewide,0.0,1,7,CHIRPS Daily v2.0,Maharashtra,CHIRPS Rainfall
2025-03-19,2025-03-26,12.0,2025,P091,18.566038000956755,77.69963965584807,Nanded,normal,statewide,0.0,1,7,CHIRPS Daily v2.0,Maharashtra,CHIRPS Rainfall
2025-03-19,2025-03-26,12.0,2025,P092,19.736596618496833,77.90946265591798,Nanded,normal,statewide,0.0,1,7,CHIRPS Daily v2.0,Maharashtra,CHIRPS Rainfall
2025-03-19,2025-03-26,12.0,2025,P093,18.93564842817583,77.04115528508362,Nanded,normal,statewide,0.0,1,7,CHIRPS Daily v2.0,Maharashtra,CHIRPS Rainfall
2025-03-19,2025-03-26,12.0,2025,P094,21.564917232430716,74.08292967791392,Nandurbar,normal,statewide,0.0,1,7,CHIRPS Daily v2.0,Maharashtra,CHIRPS Rainfall
2025-03-19,2025-03-26,12.0,2025,P095,21.5662594218478,74.37266422796263,Nandurbar,normal,statewide,0.0,1,7,CHIRPS Daily v2.0,Maharashtra,CHIRPS Rainfall
2025-03-19,2025-03-26,12.0,2025,P096,21.385179787168415,74.27697637845674,Nandurbar,normal,statewide,0.0,1,7,CHIRPS Daily v2.0,Maharashtra,CHIRPS Rainfall
2025-03-19,2025-03-26,12.0,2025,P097,21.565421110849755,74.17950488852946,Nandurbar,normal,statewide,0.0,1,7,CHIRPS Daily v2.0,Maharashtra,CHIRPS Rainfall
2025-03-19,2025-03-26,12.0,2025,P098,20.299553667393326,73.99482675929994,Nashik,normal,statewide,0.0,1,7,CHIRPS Daily v2.0,Maharashtra,CHIRPS Rainfall
2025-03-19,2025-03-26,12.0,2025,P099,20.120253214034264,74.28296495117151,Nashik,normal,statewide,0.0,1,7,CHIRPS Daily v2.0,Maharashtra,CHIRPS Rainfall
2025-03-19,2025-03-26,12.0,2025,P100,20.389903972938242,73.99424261706194,Nashik,normal,statewide,0.0,1,7,CHIRPS Daily v2.0,Maharashtra,CHIRPS Rainfall
2025-03-19,2025-03-26,12.0,2025,P101,20.029015547379707,74.09216447619562,Nashik,normal,statewide,0.0,1,7,CHIRPS Daily v2.0,Maharashtra,CHIRPS Rainfall
2025-03-19,2025-03-26,12.0,2025,P102,17.85749130266526,76.36802722645965,Osmanabad,normal,statewide,3.9576075077056885,1,7,CHIRPS Daily v2.0,Maharashtra,CHIRPS Rainfall
2025-03-19,2025-03-26,12.0,2025,P103,17.76644983645705,76.46164605307673,Osmanabad,normal,statewide,4.3066725730896,1,7,CHIRPS Daily v2.0,Maharashtra,CHIRPS Rainfall
2025-03-19,2025-03-26,12.0,2025,P104,17.949094615606196,76.17989775301476,Osmanabad,normal,statewide,0.0,1,7,CHIRPS Daily v2.0,Maharashtra,CHIRPS Rainfall
2025-03-19,2025-03-26,12.0,2025,P105,18.584360447185368,75.61558067829696,Osmanabad,normal,statewide,0.0,1,7,CHIRPS Daily v2.0,Maharashtra,CHIRPS Rainfall
2025-03-19,2025-03-26,12.0,2025,P106,19.031389786894366,76.47235681380711,Parbhani,normal,statewide,0.0,1,7,CHIRPS Daily v2.0,Maharashtra,CHIRPS Rainfall
2025-03-19,2025-03-26,12.0,2025,P107,19.120950831552832,76.56820519095093,Parbhani,normal,statewide,0.0,1,7,CHIRPS Daily v2.0,Maharashtra,CHIRPS Rainfall
2025-03-19,2025-03-26,12.0,2025,P108,19.208625676465683,76.85432786914635,Parbhani,normal,statewide,0.0,1,7,CHIRPS Daily v2.0,Maharashtra,CHIRPS Rainfall
2025-03-19,2025-03-26,12.0,2025,P109,19.212081479782103,76.47396209018636,Parbhani,normal,statewide,0.0,1,7,CHIRPS Daily v2.0,Maharashtra,CHIRPS Rainfall
2025-03-19,2025-03-26,12.0,2025,P110,18.133442771357757,75.04679558432363,Pune,normal,statewide,0.0,1,7,CHIRPS Daily v2.0,Maharashtra,CHIRPS Rainfall
2025-03-19,2025-03-26,12.0,2025,P111,18.584645829652782,74.47919215212944,Pune,normal,statewide,0.0,1,7,CHIRPS Daily v2.0,Maharashtra,CHIRPS Rainfall
2025-03-19,2025-03-26,12.0,2025,P112,18.132979024848197,74.57507620208169,Pune,normal,statewide,0.0,1,7,CHIRPS Daily v2.0,Maharashtra,CHIRPS Rainfall
2025-03-19,2025-03-26,12.0,2025,P113,18.314072036830744,74.76389683618987,Pune,normal,statewide,0.0,1,7,CHIRPS Daily v2.0,Maharashtra,CHIRPS Rainfall
2025-03-19,2025-03-26,12.0,2025,P114,18.48503397121986,73.0589238755964,Raigarh,normal,statewide,0.0,1,7,CHIRPS Daily v2.0,Maharashtra,CHIRPS Rainfall
2025-03-19,2025-03-26,12.0,2025,P115,18.665689991299164,73.05687714821288,Raigarh,normal,statewide,0.0,1,7,CHIRPS Daily v2.0,Maharashtra,CHIRPS Rainfall
2025-03-19,2025-03-26,12.0,2025,P116,18.306197264370358,73.25009891506079,Raigarh,normal,statewide,0.0,1,7,CHIRPS Daily v2.0,Maharashtra,CHIRPS Rainfall
2025-03-19,2025-03-26,12.0,2025,P117,18.21404102289879,73.06194714611064,Raigarh,normal,statewide,0.0,1,7,CHIRPS Daily v2.0,Maharashtra,CHIRPS Rainfall
2025-03-19,2025-03-26,12.0,2025,P118,17.138719885658215,75.42259970290594,Sangli,normal,statewide,0.0,1,7,CHIRPS Daily v2.0,Maharashtra,CHIRPS Rainfall
2025-03-19,2025-03-26,12.0,2025,P119,17.048761981005992,74.95348443567921,Sangli,normal,statewide,0.0,1,7,CHIRPS Daily v2.0,Maharashtra,CHIRPS Rainfall
2025-03-19,2025-03-26,12.0,2025,P120,16.86707144948229,74.39025538161847,Sangli,normal,statewide,0.0,1,7,CHIRPS Daily v2.0,Maharashtra,CHIRPS Rainfall
2025-03-19,2025-03-26,12.0,2025,P121,17.048503353144895,74.67157114887826,Sangli,normal,statewide,2.232234239578247,1,7,CHIRPS Daily v2.0,Maharashtra,CHIRPS Rainfall
2025-03-19,2025-03-26,12.0,2025,P148,17.67852974098626,76.08383979812143,Solapur,normal,statewide,2.522449254989624,1,7,CHIRPS Daily v2.0,Maharashtra,CHIRPS Rainfall
2025-03-19,2025-03-26,12.0,2025,P149,18.223365003201543,75.4251413905064,Solapur,normal,statewide,0.0,1,7,CHIRPS Daily v2.0,Maharashtra,CHIRPS Rainfall
2025-03-19,2025-03-26,12.0,2025,P150,17.952532582518405,75.23562067753285,Solapur,normal,statewide,0.0,1,7,CHIRPS Daily v2.0,Maharashtra,CHIRPS Rainfall
2025-03-19,2025-03-26,12.0,2025,P151,18.223690517578447,75.23598186471818,Solapur,normal,statewide,0.0,1,7,CHIRPS Daily v2.0,Maharashtra,CHIRPS Rainfall
2025-03-19,2025-03-26,12.0,2025,P152,19.658178867370932,72.94986318203122,Thane,normal,statewide,0.0,1,7,CHIRPS Daily v2.0,Maharashtra,CHIRPS Rainfall
2025-03-19,2025-03-26,12.0,2025,P153,19.65706409210757,72.8545320606096,Thane,normal,statewide,0.0,1,7,CHIRPS Daily v2.0,Maharashtra,CHIRPS Rainfall
2025-03-19,2025-03-26,12.0,2025,P154,19.477549601897948,72.95214624177059,Thane,normal,statewide,0.0,1,7,CHIRPS Daily v2.0,Maharashtra,CHIRPS Rainfall
2025-03-19,2025-03-26,12.0,2025,P155,19.83987385799569,73.0429959666335,Thane,normal,statewide,0.0,1,7,CHIRPS Daily v2.0,Maharashtra,CHIRPS Rainfall
2025-03-19,2025-03-26,12.0,2025,P156,20.806749657616468,78.60135461177485,Wardha,normal,statewide,4.022112846374512,1,7,CHIRPS Daily v2.0,Maharashtra,CHIRPS Rainfall
2025-03-19,2025-03-26,12.0,2025,P157,20.71031267913359,78.88671032458906,Wardha,normal,statewide,9.416906833648682,1,7,CHIRPS Daily v2.0,Maharashtra,CHIRPS Rainfall
2025-03-19,2025-03-26,12.0,2025,P158,21.081265295769754,78.41565980750515,Wardha,normal,statewide,3.6779494285583496,1,7,CHIRPS Daily v2.0,Maharashtra,CHIRPS Rainfall
2025-03-19,2025-03-26,12.0,2025,P159,20.439854822938944,78.87986114537097,Wardha,normal,statewide,6.147321701049805,1,7,CHIRPS Daily v2.0,Maharashtra,CHIRPS Rainfall
2025-03-19,2025-03-26,12.0,2025,P160,20.289186257444058,77.15404188735265,Washim,normal,statewide,0.0,1,7,CHIRPS Daily v2.0,Maharashtra,CHIRPS Rainfall
2025-03-19,2025-03-26,12.0,2025,P161,20.464607292886615,77.53975858757677,Washim,normal,statewide,3.207733631134033,1,7,CHIRPS Daily v2.0,Maharashtra,CHIRPS Rainfall
2025-03-19,2025-03-26,12.0,2025,P162,20.107393166596125,77.2471479173486,Washim,normal,statewide,0.0,1,7,CHIRPS Daily v2.0,Maharashtra,CHIRPS Rainfall
2025-03-19,2025-03-26,12.0,2025,P163,20.198885002010726,77.1527933390577,Washim,normal,statewide,0.0,1,7,CHIRPS Daily v2.0,Maharashtra,CHIRPS Rainfall
2025-03-19,2025-03-26,12.0,2025,P164,20.182854533723592,78.20447678161395,Yavatmal,normal,statewide,6.740983009338379,1,7,CHIRPS Daily v2.0,Maharashtra,CHIRPS Rainfall
2025-03-19,2025-03-26,12.0,2025,P165,19.894658373538324,79.05709703494229,Yavatmal,normal,statewide,5.660848617553711,1,7,CHIRPS Daily v2.0,Maharashtra,CHIRPS Rainfall
2025-03-19,2025-03-26,12.0,2025,P166,19.468787468327925,77.71426550730338,Yavatmal,normal,statewide,0.0,1,7,CHIRPS Daily v2.0,Maharashtra,CHIRPS Rainfall
2025-03-19,2025-03-26,12.0,2025,P167,19.559057510053886,77.71577268345945,Yavatmal,normal,statewide,0.0,1,7,CHIRPS Daily v2.0,Maharashtra,CHIRPS Rainfall
2025-03-26,2025-04-02,13.0,2025,P147,17.927231643141155,73.94769852026607,Satara,case_study,case_study,15.017497062683105,1,7,CHIRPS Daily v2.0,Maharashtra,CHIRPS Rainfall
2025-03-26,2025-04-02,13.0,2025,P061,18.507855650411397,76.91766048140843,Latur,high,priority,0.0,1,7,CHIRPS Daily v2.0,Maharashtra,CHIRPS Rainfall
2025-03-26,2025-04-02,13.0,2025,P062,18.422405896924207,76.3487594508077,Latur,high,priority,0.0,1,7,CHIRPS Daily v2.0,Maharashtra,CHIRPS Rainfall
2025-03-26,2025-04-02,13.0,2025,P063,18.235391198742693,77.05646783810116,Latur,high,priority,3.9911251068115234,1,7,CHIRPS Daily v2.0,Maharashtra,CHIRPS Rainfall
2025-03-26,2025-04-02,13.0,2025,P064,18.193056493341274,76.77240080549139,Latur,high,priority,4.156193733215332,1,7,CHIRPS Daily v2.0,Maharashtra,CHIRPS Rainfall
2025-03-26,2025-04-02,13.0,2025,P065,18.331355512513895,76.44266811899327,Latur,high,priority,3.0172150135040283,1,7,CHIRPS Daily v2.0,Maharashtra,CHIRPS Rainfall
2025-03-26,2025-04-02,13.0,2025,P066,18.104739537876725,76.5352970251765,Latur,high,priority,4.107032299041748,1,7,CHIRPS Daily v2.0,Maharashtra,CHIRPS Rainfall
2025-03-26,2025-04-02,13.0,2025,P067,18.280552974211986,77.0569984711265,Latur,high,priority,5.1863250732421875,1,7,CHIRPS Daily v2.0,Maharashtra,CHIRPS Rainfall
2025-03-26,2025-04-02,13.0,2025,P068,18.101823285787773,76.86595720469373,Latur,high,priority,0.0,1,7,CHIRPS Daily v2.0,Maharashtra,CHIRPS Rainfall
2025-03-26,2025-04-02,13.0,2025,P069,18.595075667016793,77.20284228928156,Latur,high,priority,4.203859806060791,1,7,CHIRPS Daily v2.0,Maharashtra,CHIRPS Rainfall
2025-03-26,2025-04-02,13.0,2025,P070,18.41499041187233,77.15322587185987,Latur,high,priority,0.0,1,7,CHIRPS Daily v2.0,Maharashtra,CHIRPS Rainfall
2025-03-26,2025-04-02,13.0,2025,P071,18.149138807065885,76.63019561379593,Latur,high,priority,3.7431633472442627,1,7,CHIRPS Daily v2.0,Maharashtra,CHIRPS Rainfall
2025-03-26,2025-04-02,13.0,2025,P072,18.283393421583035,76.77331492120734,Latur,high,priority,4.177156448364258,1,7,CHIRPS Daily v2.0,Maharashtra,CHIRPS Rainfall
2025-03-26,2025-04-02,13.0,2025,P073,17.966315663874607,76.86453029235662,Latur,high,priority,0.0,1,7,CHIRPS Daily v2.0,Maharashtra,CHIRPS Rainfall
2025-03-26,2025-04-02,13.0,2025,P074,18.50832831512306,76.870318205524,Latur,high,priority,0.0,1,7,CHIRPS Daily v2.0,Maharashtra,CHIRPS Rainfall
2025-03-26,2025-04-02,13.0,2025,P075,18.41444640154381,77.20053247493588,Latur,high,priority,0.0,1,7,CHIRPS Daily v2.0,Maharashtra,CHIRPS Rainfall
2025-03-26,2025-04-02,13.0,2025,P076,18.377877313804504,76.25376722106614,Latur,high,priority,0.0,1,7,CHIRPS Daily v2.0,Maharashtra,CHIRPS Rainfall
2025-03-26,2025-04-02,13.0,2025,P077,18.059564385104267,76.5349046242838,Latur,high,priority,4.418812274932861,1,7,CHIRPS Daily v2.0,Maharashtra,CHIRPS Rainfall
2025-03-26,2025-04-02,13.0,2025,P078,18.1008824154655,76.96042326051098,Latur,high,priority,0.0,1,7,CHIRPS Daily v2.0,Maharashtra,CHIRPS Rainfall
2025-03-26,2025-04-02,13.0,2025,P079,18.73508698099394,76.77797468180819,Latur,high,priority,2.4236178398132324,1,7,CHIRPS Daily v2.0,Maharashtra,CHIRPS Rainfall
2025-03-26,2025-04-02,13.0,2025,P080,18.46791548227568,76.3017694439065,Latur,high,priority,0.0,1,7,CHIRPS Daily v2.0,Maharashtra,CHIRPS Rainfall
2025-03-26,2025-04-02,13.0,2025,P081,18.10355787609756,76.67701617485712,Latur,high,priority,4.152196884155273,1,7,CHIRPS Daily v2.0,Maharashtra,CHIRPS Rainfall
2025-03-26,2025-04-02,13.0,2025,P082,18.23907887531389,76.67830931416262,Latur,high,priority,3.3392436504364014,1,7,CHIRPS Daily v2.0,Maharashtra,CHIRPS Rainfall
2025-03-26,2025-04-02,13.0,2025,P083,18.369289085175563,77.19996171000103,Latur,high,priority,0.0,1,7,CHIRPS Daily v2.0,Maharashtra,CHIRPS Rainfall
2025-03-26,2025-04-02,13.0,2025,P084,18.46362582706226,76.82249880582684,Latur,high,priority,0.0,1,7,CHIRPS Daily v2.0,Maharashtra,CHIRPS Rainfall
2025-03-26,2025-04-02,13.0,2025,P085,18.14788579966987,76.77194597718393,Latur,high,priority,4.2901105880737305,1,7,CHIRPS Daily v2.0,Maharashtra,CHIRPS Rainfall
2025-03-26,2025-04-02,13.0,2025,P122,17.88145897082753,73.8441448165019,Satara,high,priority,8.066702842712402,1,7,CHIRPS Daily v2.0,Maharashtra,CHIRPS Rainfall
2025-03-26,2025-04-02,13.0,2025,P123,17.386414030975025,74.27088970551878,Satara,high,priority,7.479053497314453,1,7,CHIRPS Daily v2.0,Maharashtra,CHIRPS Rainfall
2025-03-26,2025-04-02,13.0,2025,P124,17.43262815429294,74.647353771057,Satara,high,priority,4.337390899658203,1,7,CHIRPS Daily v2.0,Maharashtra,CHIRPS Rainfall
2025-03-26,2025-04-02,13.0,2025,P125,17.56734651531964,74.31728219287884,Satara,high,priority,0.0,1,7,CHIRPS Daily v2.0,Maharashtra,CHIRPS Rainfall
2025-03-26,2025-04-02,13.0,2025,P126,17.205080227535593,74.13053949986157,Satara,high,priority,5.278648853302002,1,7,CHIRPS Daily v2.0,Maharashtra,CHIRPS Rainfall
2025-03-26,2025-04-02,13.0,2025,P127,17.65773249367299,74.31694330119876,Satara,high,priority,0.0,1,7,CHIRPS Daily v2.0,Maharashtra,CHIRPS Rainfall
2025-03-26,2025-04-02,13.0,2025,P128,18.019949731345452,74.5517328080669,Satara,high,priority,0.0,1,7,CHIRPS Daily v2.0,Maharashtra,CHIRPS Rainfall
2025-03-26,2025-04-02,13.0,2025,P129,18.063234225271252,74.03192648006461,Satara,high,priority,8.23371696472168,1,7,CHIRPS Daily v2.0,Maharashtra,CHIRPS Rainfall
2025-03-26,2025-04-02,13.0,2025,P130,17.61135784271715,74.03436560834085,Satara,high,priority,0.0,1,7,CHIRPS Daily v2.0,Maharashtra,CHIRPS Rainfall
2025-03-26,2025-04-02,13.0,2025,P131,17.612539504496315,74.3171127470388,Satara,high,priority,0.0,1,7,CHIRPS Daily v2.0,Maharashtra,CHIRPS Rainfall
2025-03-26,2025-04-02,13.0,2025,P132,17.702176353872684,74.12817617630324,Satara,high,priority,0.0,1,7,CHIRPS Daily v2.0,Maharashtra,CHIRPS Rainfall
2025-03-26,2025-04-02,13.0,2025,P133,17.25006363896275,74.08329532420031,Satara,high,priority,5.7133073806762695,1,7,CHIRPS Daily v2.0,Maharashtra,CHIRPS Rainfall
2025-03-26,2025-04-02,13.0,2025,P134,17.476429903940936,74.17634784498362,Satara,high,priority,0.0,1,7,CHIRPS Daily v2.0,Maharashtra,CHIRPS Rainfall
2025-03-26,2025-04-02,13.0,2025,P135,17.882716437324603,74.0801070669471,Satara,high,priority,0.0,1,7,CHIRPS Daily v2.0,Maharashtra,CHIRPS Rainfall
2025-03-26,2025-04-02,13.0,2025,P136,17.928520323345598,74.22149178404871,Satara,high,priority,0.0,1,7,CHIRPS Daily v2.0,Maharashtra,CHIRPS Rainfall
2025-03-26,2025-04-02,13.0,2025,P137,17.746687100588183,73.98648378122894,Satara,high,priority,0.0,1,7,CHIRPS Daily v2.0,Maharashtra,CHIRPS Rainfall
2025-03-26,2025-04-02,13.0,2025,P138,17.61269557303319,74.36423652697161,Satara,high,priority,0.0,1,7,CHIRPS Daily v2.0,Maharashtra,CHIRPS Rainfall
2025-03-26,2025-04-02,13.0,2025,P139,17.656773786946495,74.08126197411994,Satara,high,priority,0.0,1,7,CHIRPS Daily v2.0,Maharashtra,CHIRPS Rainfall
2025-03-26,2025-04-02,13.0,2025,P140,17.97464080554139,74.50462240543725,Satara,high,priority,0.0,1,7,CHIRPS Daily v2.0,Maharashtra,CHIRPS Rainfall
2025-03-26,2025-04-02,13.0,2025,P141,17.430826677467348,74.08239904488856,Satara,high,priority,0.0,1,7,CHIRPS Daily v2.0,Maharashtra,CHIRPS Rainfall
2025-03-26,2025-04-02,13.0,2025,P142,18.064447100757786,74.31538707493111,Satara,high,priority,0.0,1,7,CHIRPS Daily v2.0,Maharashtra,CHIRPS Rainfall
2025-03-26,2025-04-02,13.0,2025,P143,17.70379500755509,74.6468275971327,Satara,high,priority,0.0,1,7,CHIRPS Daily v2.0,Maharashtra,CHIRPS Rainfall
2025-03-26,2025-04-02,13.0,2025,P144,17.929452275465767,74.50474726026674,Satara,high,priority,0.0,1,7,CHIRPS Daily v2.0,Maharashtra,CHIRPS Rainfall
2025-03-26,2025-04-02,13.0,2025,P145,17.47773196144854,74.60017202281048,Satara,high,priority,4.308316707611084,1,7,CHIRPS Daily v2.0,Maharashtra,CHIRPS Rainfall
2025-03-26,2025-04-02,13.0,2025,P146,17.839182233739812,74.55218763637436,Satara,high,priority,0.0,1,7,CHIRPS Daily v2.0,Maharashtra,CHIRPS Rainfall
2025-03-26,2025-04-02,13.0,2025,P001,19.940457800458272,74.57045211428928,Ahmednagar,normal,statewide,0.0,1,7,CHIRPS Daily v2.0,Maharashtra,CHIRPS Rainfall
2025-03-26,2025-04-02,13.0,2025,P002,18.946729294293643,74.76302285238339,Ahmednagar,normal,statewide,2.450181484222412,1,7,CHIRPS Daily v2.0,Maharashtra,CHIRPS Rainfall
2025-03-26,2025-04-02,13.0,2025,P003,18.49469238410162,74.66892244285252,Ahmednagar,normal,statewide,3.351344108581543,1,7,CHIRPS Daily v2.0,Maharashtra,CHIRPS Rainfall
2025-03-26,2025-04-02,13.0,2025,P004,19.03720445466806,75.1420731965326,Ahmednagar,normal,statewide,0.0,1,7,CHIRPS Daily v2.0,Maharashtra,CHIRPS Rainfall
2025-03-26,2025-04-02,13.0,2025,P005,20.832153156317954,77.06560453615967,Akola,normal,statewide,0.0,1,7,CHIRPS Daily v2.0,Maharashtra,CHIRPS Rainfall
2025-03-26,2025-04-02,13.0,2025,P006,20.834360411339407,76.87349308547405,Akola,normal,statewide,0.0,1,7,CHIRPS Daily v2.0,Maharashtra,CHIRPS Rainfall
2025-03-26,2025-04-02,13.0,2025,P007,21.014976299509232,76.87574047240498,Akola,normal,statewide,3.112562656402588,1,7,CHIRPS Daily v2.0,Maharashtra,CHIRPS Rainfall
2025-03-26,2025-04-02,13.0,2025,P008,20.828434266039377,77.35372489162701,Akola,normal,statewide,4.2800211906433105,1,7,CHIRPS Daily v2.0,Maharashtra,CHIRPS Rainfall
2025-03-26,2025-04-02,13.0,2025,P009,21.360971327549258,77.94039543992572,Amravati,normal,statewide,0.0,1,7,CHIRPS Daily v2.0,Maharashtra,CHIRPS Rainfall
2025-03-26,2025-04-02,13.0,2025,P010,21.178803672212837,78.03301542790685,Amravati,normal,statewide,0.0,1,7,CHIRPS Daily v2.0,Maharashtra,CHIRPS Rainfall
2025-03-26,2025-04-02,13.0,2025,P011,20.814388097721018,78.21764450702477,Amravati,normal,statewide,0.0,1,7,CHIRPS Daily v2.0,Maharashtra,CHIRPS Rainfall
2025-03-26,2025-04-02,13.0,2025,P012,21.180502589714195,77.93681032267875,Amravati,normal,statewide,0.0,1,7,CHIRPS Daily v2.0,Maharashtra,CHIRPS Rainfall
2025-03-26,2025-04-02,13.0,2025,P013,20.031289688916964,74.8570519162974,Aurangabad,normal,statewide,0.0,1,7,CHIRPS Daily v2.0,Maharashtra,CHIRPS Rainfall
2025-03-26,2025-04-02,13.0,2025,P014,19.760185263069562,75.14270192978114,Aurangabad,normal,statewide,0.0,1,7,CHIRPS Daily v2.0,Maharashtra,CHIRPS Rainfall
2025-03-26,2025-04-02,13.0,2025,P015,19.9408189876436,74.76157364454102,Aurangabad,normal,statewide,0.0,1,7,CHIRPS Daily v2.0,Maharashtra,CHIRPS Rainfall
2025-03-26,2025-04-02,13.0,2025,P016,19.66981712112043,75.14262166596218,Aurangabad,normal,statewide,0.0,1,7,CHIRPS Daily v2.0,Maharashtra,CHIRPS Rainfall
2025-03-26,2025-04-02,13.0,2025,P017,21.04613203856966,79.85576216552393,Bhandara,normal,statewide,0.0,1,7,CHIRPS Daily v2.0,Maharashtra,CHIRPS Rainfall
2025-03-26,2025-04-02,13.0,2025,P018,21.31897105472685,79.76852877161537,Bhandara,normal,statewide,0.0,1,7,CHIRPS Daily v2.0,Maharashtra,CHIRPS Rainfall
2025-03-26,2025-04-02,13.0,2025,P019,21.40900922319803,79.77144948280537,Bhandara,normal,statewide,0.0,1,7,CHIRPS Daily v2.0,Maharashtra,CHIRPS Rainfall
2025-03-26,2025-04-02,13.0,2025,P020,21.144196588937042,79.57074980349083,Bhandara,normal,statewide,0.0,1,7,CHIRPS Daily v2.0,Maharashtra,CHIRPS Rainfall
2025-03-26,2025-04-02,13.0,2025,P021,18.67502288980403,75.52108340877234,Bid,normal,statewide,0.0,1,7,CHIRPS Daily v2.0,Maharashtra,CHIRPS Rainfall
2025-03-26,2025-04-02,13.0,2025,P022,18.856499384477168,75.04699178476999,Bid,normal,statewide,0.0,1,7,CHIRPS Daily v2.0,Maharashtra,CHIRPS Rainfall
2025-03-26,2025-04-02,13.0,2025,P023,19.126596053486494,75.6175605191647,Bid,normal,statewide,0.0,1,7,CHIRPS Daily v2.0,Maharashtra,CHIRPS Rainfall
2025-03-26,2025-04-02,13.0,2025,P024,18.763955201213946,75.90084720909012,Bid,normal,statewide,0.0,1,7,CHIRPS Daily v2.0,Maharashtra,CHIRPS Rainfall
2025-03-26,2025-04-02,13.0,2025,P025,20.93073496240753,76.20164478885242,Buldana,normal,statewide,0.0,1,7,CHIRPS Daily v2.0,Maharashtra,CHIRPS Rainfall
2025-03-26,2025-04-02,13.0,2025,P026,20.838939908121294,76.39311412898633,Buldana,normal,statewide,0.0,1,7,CHIRPS Daily v2.0,Maharashtra,CHIRPS Rainfall
2025-03-26,2025-04-02,13.0,2025,P027,20.657476790751314,76.48742857536776,Buldana,normal,statewide,0.0,1,7,CHIRPS Daily v2.0,Maharashtra,CHIRPS Rainfall
2025-03-26,2025-04-02,13.0,2025,P028,20.47967013624516,76.10222021266374,Buldana,normal,statewide,5.56929874420166,1,7,CHIRPS Daily v2.0,Maharashtra,CHIRPS Rainfall
2025-03-26,2025-04-02,13.0,2025,P029,20.32317798477448,79.92829390325927,Chandrapur,normal,statewide,0.0,1,7,CHIRPS Daily v2.0,Maharashtra,CHIRPS Rainfall
2025-03-26,2025-04-02,13.0,2025,P030,20.60872097983294,79.36304041732026,Chandrapur,normal,statewide,0.0,1,7,CHIRPS Daily v2.0,Maharashtra,CHIRPS Rainfall
2025-03-26,2025-04-02,13.0,2025,P031,20.511160307884595,79.64732594588165,Chandrapur,normal,statewide,4.883524417877197,1,7,CHIRPS Daily v2.0,Maharashtra,CHIRPS Rainfall
2025-03-26,2025-04-02,13.0,2025,P032,20.598621115946884,79.74569817422172,Chandrapur,normal,statewide,5.08811616897583,1,7,CHIRPS Daily v2.0,Maharashtra,CHIRPS Rainfall
2025-03-26,2025-04-02,13.0,2025,P033,21.38667804512237,75.14422248324037,Dhule,normal,statewide,0.0,1,7,CHIRPS Daily v2.0,Maharashtra,CHIRPS Rainfall
2025-03-26,2025-04-02,13.0,2025,P034,21.025151968113196,74.75989256344387,Dhule,normal,statewide,0.0,1,7,CHIRPS Daily v2.0,Maharashtra,CHIRPS Rainfall
2025-03-26,2025-04-02,13.0,2025,P035,21.477028350667293,74.85568743137505,Dhule,normal,statewide,0.0,1,7,CHIRPS Daily v2.0,Maharashtra,CHIRPS Rainfall
2025-03-26,2025-04-02,13.0,2025,P036,20.933820660336515,74.37533522949364,Dhule,normal,statewide,0.0,1,7,CHIRPS Daily v2.0,Maharashtra,CHIRPS Rainfall
2025-03-26,2025-04-02,13.0,2025,P037,19.963056524597132,79.91698116388667,Garhchiroli,normal,statewide,5.153779983520508,1,7,CHIRPS Daily v2.0,Maharashtra,CHIRPS Rainfall
2025-03-26,2025-04-02,13.0,2025,P038,19.062661462582188,79.88977172925856,Garhchiroli,normal,statewide,0.0,1,7,CHIRPS Daily v2.0,Maharashtra,CHIRPS Rainfall
2025-03-26,2025-04-02,13.0,2025,P039,19.510270485428137,79.9981368030594,Garhchiroli,normal,statewide,0.0,1,7,CHIRPS Daily v2.0,Maharashtra,CHIRPS Rainfall
2025-03-26,2025-04-02,13.0,2025,P040,19.870365190999156,80.00935144220881,Garhchiroli,normal,statewide,0.0,1,7,CHIRPS Daily v2.0,Maharashtra,CHIRPS Rainfall
2025-03-26,2025-04-02,13.0,2025,P041,21.127639946725598,80.1465044724107,Gondiya,normal,statewide,0.0,1,7,CHIRPS Daily v2.0,Maharashtra,CHIRPS Rainfall
2025-03-26,2025-04-02,13.0,2025,P042,21.397598383602258,80.15591763473452,Gondiya,normal,statewide,0.0,1,7,CHIRPS Daily v2.0,Maharashtra,CHIRPS Rainfall
2025-03-26,2025-04-02,13.0,2025,P043,21.574548890706154,80.25847249986273,Gondiya,normal,statewide,0.0,1,7,CHIRPS Daily v2.0,Maharashtra,CHIRPS Rainfall
2025-03-26,2025-04-02,13.0,2025,P044,21.211649410572516,80.34153217518526,Gondiya,normal,statewide,4.940950393676758,1,7,CHIRPS Daily v2.0,Maharashtra,CHIRPS Rainfall
2025-03-26,2025-04-02,13.0,2025,P045,19.655900266732623,77.2407892392464,Hingoli,normal,statewide,4.259927272796631,1,7,CHIRPS Daily v2.0,Maharashtra,CHIRPS Rainfall
2025-03-26,2025-04-02,13.0,2025,P046,19.566758377573187,77.1442675378435,Hingoli,normal,statewide,4.624012470245361,1,7,CHIRPS Daily v2.0,Maharashtra,CHIRPS Rainfall
2025-03-26,2025-04-02,13.0,2025,P047,19.47860194974656,76.9526242927685,Hingoli,normal,statewide,5.665182113647461,1,7,CHIRPS Daily v2.0,Maharashtra,CHIRPS Rainfall
2025-03-26,2025-04-02,13.0,2025,P048,19.927981235710728,77.14910120338544,Hingoli,normal,statewide,3.081700563430786,1,7,CHIRPS Daily v2.0,Maharashtra,CHIRPS Rainfall
2025-03-26,2025-04-02,13.0,2025,P049,21.292738163229433,76.10816865346904,Jalgaon,normal,statewide,0.0,1,7,CHIRPS Daily v2.0,Maharashtra,CHIRPS Rainfall
2025-03-26,2025-04-02,13.0,2025,P050,21.386178625804387,75.43363151891216,Jalgaon,normal,statewide,0.0,1,7,CHIRPS Daily v2.0,Maharashtra,CHIRPS Rainfall
2025-03-26,2025-04-02,13.0,2025,P051,21.112064306745907,76.10682200495089,Jalgaon,normal,statewide,0.0,1,7,CHIRPS Daily v2.0,Maharashtra,CHIRPS Rainfall
2025-03-26,2025-04-02,13.0,2025,P052,20.844437979720194,75.23982115072519,Jalgaon,normal,statewide,0.0,1,7,CHIRPS Daily v2.0,Maharashtra,CHIRPS Rainfall
2025-03-26,2025-04-02,13.0,2025,P053,19.486369703781666,76.00005328932718,Jalna,normal,statewide,0.0,1,7,CHIRPS Daily v2.0,Maharashtra,CHIRPS Rainfall
2025-03-26,2025-04-02,13.0,2025,P054,20.028502750758555,76.00343774702675,Jalna,normal,statewide,2.789390802383423,1,7,CHIRPS Daily v2.0,Maharashtra,CHIRPS Rainfall
2025-03-26,2025-04-02,13.0,2025,P055,19.75743845682064,76.00172991132328,Jalna,normal,statewide,0.0,1,7,CHIRPS Daily v2.0,Maharashtra,CHIRPS Rainfall
2025-03-26,2025-04-02,13.0,2025,P056,19.57768317515413,75.80993951591351,Jalna,normal,statewide,0.0,1,7,CHIRPS Daily v2.0,Maharashtra,CHIRPS Rainfall
2025-03-26,2025-04-02,13.0,2025,P057,16.776377793156257,74.29671235971928,Kolhapur,normal,statewide,11.676818370819092,1,7,CHIRPS Daily v2.0,Maharashtra,CHIRPS Rainfall
2025-03-26,2025-04-02,13.0,2025,P058,16.324416687682138,74.29834884980589,Kolhapur,normal,statewide,0.0,1,7,CHIRPS Daily v2.0,Maharashtra,CHIRPS Rainfall
2025-03-26,2025-04-02,13.0,2025,P059,16.595891218916975,74.39111598812178,Kolhapur,normal,statewide,6.782222747802734,1,7,CHIRPS Daily v2.0,Maharashtra,CHIRPS Rainfall
2025-03-26,2025-04-02,13.0,2025,P060,16.414811584237594,74.29802779453004,Kolhapur,normal,statewide,6.254110336303711,1,7,CHIRPS Daily v2.0,Maharashtra,CHIRPS Rainfall
2025-03-26,2025-04-02,13.0,2025,P086,21.054127206758487,79.56798961993874,Nagpur,normal,statewide,0.0,1,7,CHIRPS Daily v2.0,Maharashtra,CHIRPS Rainfall
2025-03-26,2025-04-02,13.0,2025,P087,21.146765031143822,79.47473643960802,Nagpur,normal,statewide,0.0,1,7,CHIRPS Daily v2.0,Maharashtra,CHIRPS Rainfall
2025-03-26,2025-04-02,13.0,2025,P088,21.347803602138427,78.61442869606356,Nagpur,normal,statewide,0.0,1,7,CHIRPS Daily v2.0,Maharashtra,CHIRPS Rainfall
2025-03-26,2025-04-02,13.0,2025,P089,21.165377318940912,78.70615240473293,Nagpur,normal,statewide,0.0,1,7,CHIRPS Daily v2.0,Maharashtra,CHIRPS Rainfall
2025-03-26,2025-04-02,13.0,2025,P090,19.201968238592887,77.42470040309472,Nanded,normal,statewide,0.0,1,7,CHIRPS Daily v2.0,Maharashtra,CHIRPS Rainfall
2025-03-26,2025-04-02,13.0,2025,P091,18.566038000956755,77.69963965584807,Nanded,normal,statewide,3.4314870834350586,1,7,CHIRPS Daily v2.0,Maharashtra,CHIRPS Rainfall
2025-03-26,2025-04-02,13.0,2025,P092,19.736596618496833,77.90946265591798,Nanded,normal,statewide,5.700657844543457,1,7,CHIRPS Daily v2.0,Maharashtra,CHIRPS Rainfall
2025-03-26,2025-04-02,13.0,2025,P093,18.93564842817583,77.04115528508362,Nanded,normal,statewide,5.332037925720215,1,7,CHIRPS Daily v2.0,Maharashtra,CHIRPS Rainfall
2025-03-26,2025-04-02,13.0,2025,P094,21.564917232430716,74.08292967791392,Nandurbar,normal,statewide,0.0,1,7,CHIRPS Daily v2.0,Maharashtra,CHIRPS Rainfall
2025-03-26,2025-04-02,13.0,2025,P095,21.5662594218478,74.37266422796263,Nandurbar,normal,statewide,0.0,1,7,CHIRPS Daily v2.0,Maharashtra,CHIRPS Rainfall
2025-03-26,2025-04-02,13.0,2025,P096,21.385179787168415,74.27697637845674,Nandurbar,normal,statewide,0.0,1,7,CHIRPS Daily v2.0,Maharashtra,CHIRPS Rainfall
2025-03-26,2025-04-02,13.0,2025,P097,21.565421110849755,74.17950488852946,Nandurbar,normal,statewide,0.0,1,7,CHIRPS Daily v2.0,Maharashtra,CHIRPS Rainfall
2025-03-26,2025-04-02,13.0,2025,P098,20.299553667393326,73.99482675929994,Nashik,normal,statewide,0.0,1,7,CHIRPS Daily v2.0,Maharashtra,CHIRPS Rainfall
2025-03-26,2025-04-02,13.0,2025,P099,20.120253214034264,74.28296495117151,Nashik,normal,statewide,0.0,1,7,CHIRPS Daily v2.0,Maharashtra,CHIRPS Rainfall
2025-03-26,2025-04-02,13.0,2025,P100,20.389903972938242,73.99424261706194,Nashik,normal,statewide,0.0,1,7,CHIRPS Daily v2.0,Maharashtra,CHIRPS Rainfall
2025-03-26,2025-04-02,13.0,2025,P101,20.029015547379707,74.09216447619562,Nashik,normal,statewide,0.0,1,7,CHIRPS Daily v2.0,Maharashtra,CHIRPS Rainfall
2025-03-26,2025-04-02,13.0,2025,P102,17.85749130266526,76.36802722645965,Osmanabad,normal,statewide,0.0,1,7,CHIRPS Daily v2.0,Maharashtra,CHIRPS Rainfall
2025-03-26,2025-04-02,13.0,2025,P103,17.76644983645705,76.46164605307673,Osmanabad,normal,statewide,3.7608652114868164,1,7,CHIRPS Daily v2.0,Maharashtra,CHIRPS Rainfall
2025-03-26,2025-04-02,13.0,2025,P104,17.949094615606196,76.17989775301476,Osmanabad,normal,statewide,2.764835834503174,1,7,CHIRPS Daily v2.0,Maharashtra,CHIRPS Rainfall
2025-03-26,2025-04-02,13.0,2025,P105,18.584360447185368,75.61558067829696,Osmanabad,normal,statewide,4.1634979248046875,1,7,CHIRPS Daily v2.0,Maharashtra,CHIRPS Rainfall
2025-03-26,2025-04-02,13.0,2025,P106,19.031389786894366,76.47235681380711,Parbhani,normal,statewide,3.6310369968414307,1,7,CHIRPS Daily v2.0,Maharashtra,CHIRPS Rainfall
2025-03-26,2025-04-02,13.0,2025,P107,19.120950831552832,76.56820519095093,Parbhani,normal,statewide,0.0,1,7,CHIRPS Daily v2.0,Maharashtra,CHIRPS Rainfall
2025-03-26,2025-04-02,13.0,2025,P108,19.208625676465683,76.85432786914635,Parbhani,normal,statewide,0.0,1,7,CHIRPS Daily v2.0,Maharashtra,CHIRPS Rainfall
2025-03-26,2025-04-02,13.0,2025,P109,19.212081479782103,76.47396209018636,Parbhani,normal,statewide,3.9481964111328125,1,7,CHIRPS Daily v2.0,Maharashtra,CHIRPS Rainfall
2025-03-26,2025-04-02,13.0,2025,P110,18.133442771357757,75.04679558432363,Pune,normal,statewide,0.0,1,7,CHIRPS Daily v2.0,Maharashtra,CHIRPS Rainfall
2025-03-26,2025-04-02,13.0,2025,P111,18.584645829652782,74.47919215212944,Pune,normal,statewide,0.0,1,7,CHIRPS Daily v2.0,Maharashtra,CHIRPS Rainfall
2025-03-26,2025-04-02,13.0,2025,P112,18.132979024848197,74.57507620208169,Pune,normal,statewide,0.0,1,7,CHIRPS Daily v2.0,Maharashtra,CHIRPS Rainfall
2025-03-26,2025-04-02,13.0,2025,P113,18.314072036830744,74.76389683618987,Pune,normal,statewide,0.0,1,7,CHIRPS Daily v2.0,Maharashtra,CHIRPS Rainfall
2025-03-26,2025-04-02,13.0,2025,P114,18.48503397121986,73.0589238755964,Raigarh,normal,statewide,0.0,1,7,CHIRPS Daily v2.0,Maharashtra,CHIRPS Rainfall
2025-03-26,2025-04-02,13.0,2025,P115,18.665689991299164,73.05687714821288,Raigarh,normal,statewide,0.0,1,7,CHIRPS Daily v2.0,Maharashtra,CHIRPS Rainfall
2025-03-26,2025-04-02,13.0,2025,P116,18.306197264370358,73.25009891506079,Raigarh,normal,statewide,0.0,1,7,CHIRPS Daily v2.0,Maharashtra,CHIRPS Rainfall
2025-03-26,2025-04-02,13.0,2025,P117,18.21404102289879,73.06194714611064,Raigarh,normal,statewide,0.0,1,7,CHIRPS Daily v2.0,Maharashtra,CHIRPS Rainfall
2025-03-26,2025-04-02,13.0,2025,P118,17.138719885658215,75.42259970290594,Sangli,normal,statewide,4.14570426940918,1,7,CHIRPS Daily v2.0,Maharashtra,CHIRPS Rainfall
2025-03-26,2025-04-02,13.0,2025,P119,17.048761981005992,74.95348443567921,Sangli,normal,statewide,8.04970383644104,1,7,CHIRPS Daily v2.0,Maharashtra,CHIRPS Rainfall
2025-03-26,2025-04-02,13.0,2025,P120,16.86707144948229,74.39025538161847,Sangli,normal,statewide,6.172688961029053,1,7,CHIRPS Daily v2.0,Maharashtra,CHIRPS Rainfall
2025-03-26,2025-04-02,13.0,2025,P121,17.048503353144895,74.67157114887826,Sangli,normal,statewide,9.482798099517822,1,7,CHIRPS Daily v2.0,Maharashtra,CHIRPS Rainfall
2025-03-26,2025-04-02,13.0,2025,P148,17.67852974098626,76.08383979812143,Solapur,normal,statewide,2.4900870323181152,1,7,CHIRPS Daily v2.0,Maharashtra,CHIRPS Rainfall
2025-03-26,2025-04-02,13.0,2025,P149,18.223365003201543,75.4251413905064,Solapur,normal,statewide,0.0,1,7,CHIRPS Daily v2.0,Maharashtra,CHIRPS Rainfall
2025-03-26,2025-04-02,13.0,2025,P150,17.952532582518405,75.23562067753285,Solapur,normal,statewide,0.0,1,7,CHIRPS Daily v2.0,Maharashtra,CHIRPS Rainfall
2025-03-26,2025-04-02,13.0,2025,P151,18.223690517578447,75.23598186471818,Solapur,normal,statewide,3.206937551498413,1,7,CHIRPS Daily v2.0,Maharashtra,CHIRPS Rainfall
2025-03-26,2025-04-02,13.0,2025,P152,19.658178867370932,72.94986318203122,Thane,normal,statewide,0.0,1,7,CHIRPS Daily v2.0,Maharashtra,CHIRPS Rainfall
2025-03-26,2025-04-02,13.0,2025,P153,19.65706409210757,72.8545320606096,Thane,normal,statewide,0.0,1,7,CHIRPS Daily v2.0,Maharashtra,CHIRPS Rainfall
2025-03-26,2025-04-02,13.0,2025,P154,19.477549601897948,72.95214624177059,Thane,normal,statewide,0.0,1,7,CHIRPS Daily v2.0,Maharashtra,CHIRPS Rainfall
2025-03-26,2025-04-02,13.0,2025,P155,19.83987385799569,73.0429959666335,Thane,normal,statewide,0.0,1,7,CHIRPS Daily v2.0,Maharashtra,CHIRPS Rainfall
2025-03-26,2025-04-02,13.0,2025,P156,20.806749657616468,78.60135461177485,Wardha,normal,statewide,0.0,1,7,CHIRPS Daily v2.0,Maharashtra,CHIRPS Rainfall
2025-03-26,2025-04-02,13.0,2025,P157,20.71031267913359,78.88671032458906,Wardha,normal,statewide,0.0,1,7,CHIRPS Daily v2.0,Maharashtra,CHIRPS Rainfall
2025-03-26,2025-04-02,13.0,2025,P158,21.081265295769754,78.41565980750515,Wardha,normal,statewide,0.0,1,7,CHIRPS Daily v2.0,Maharashtra,CHIRPS Rainfall
2025-03-26,2025-04-02,13.0,2025,P159,20.439854822938944,78.87986114537097,Wardha,normal,statewide,0.0,1,7,CHIRPS Daily v2.0,Maharashtra,CHIRPS Rainfall
2025-03-26,2025-04-02,13.0,2025,P160,20.289186257444058,77.15404188735265,Washim,normal,statewide,6.745912313461304,1,7,CHIRPS Daily v2.0,Maharashtra,CHIRPS Rainfall
2025-03-26,2025-04-02,13.0,2025,P161,20.464607292886615,77.53975858757677,Washim,normal,statewide,3.352066993713379,1,7,CHIRPS Daily v2.0,Maharashtra,CHIRPS Rainfall
2025-03-26,2025-04-02,13.0,2025,P162,20.107393166596125,77.2471479173486,Washim,normal,statewide,5.830817222595215,1,7,CHIRPS Daily v2.0,Maharashtra,CHIRPS Rainfall
2025-03-26,2025-04-02,13.0,2025,P163,20.198885002010726,77.1527933390577,Washim,normal,statewide,5.761754989624023,1,7,CHIRPS Daily v2.0,Maharashtra,CHIRPS Rainfall
2025-03-26,2025-04-02,13.0,2025,P164,20.182854533723592,78.20447678161395,Yavatmal,normal,statewide,0.0,1,7,CHIRPS Daily v2.0,Maharashtra,CHIRPS Rainfall
2025-03-26,2025-04-02,13.0,2025,P165,19.894658373538324,79.05709703494229,Yavatmal,normal,statewide,0.0,1,7,CHIRPS Daily v2.0,Maharashtra,CHIRPS Rainfall
2025-03-26,2025-04-02,13.0,2025,P166,19.468787468327925,77.71426550730338,Yavatmal,normal,statewide,6.433279037475586,1,7,CHIRPS Daily v2.0,Maharashtra,CHIRPS Rainfall
2025-03-26,2025-04-02,13.0,2025,P167,19.559057510053886,77.71577268345945,Yavatmal,normal,statewide,6.602080345153809,1,7,CHIRPS Daily v2.0,Maharashtra,CHIRPS Rainfall
2025-04-02,2025-04-09,14.0,2025,P147,17.927231643141155,73.94769852026607,Satara,case_study,case_study,0.0,1,7,CHIRPS Daily v2.0,Maharashtra,CHIRPS Rainfall
2025-04-02,2025-04-09,14.0,2025,P061,18.507855650411397,76.91766048140843,Latur,high,priority,7.31527042388916,1,7,CHIRPS Daily v2.0,Maharashtra,CHIRPS Rainfall
2025-04-02,2025-04-09,14.0,2025,P062,18.422405896924207,76.3487594508077,Latur,high,priority,4.945709228515625,1,7,CHIRPS Daily v2.0,Maharashtra,CHIRPS Rainfall
2025-04-02,2025-04-09,14.0,2025,P063,18.235391198742693,77.05646783810116,Latur,high,priority,9.836549758911133,1,7,CHIRPS Daily v2.0,Maharashtra,CHIRPS Rainfall
2025-04-02,2025-04-09,14.0,2025,P064,18.193056493341274,76.77240080549139,Latur,high,priority,6.5968499183654785,1,7,CHIRPS Daily v2.0,Maharashtra,CHIRPS Rainfall
2025-04-02,2025-04-09,14.0,2025,P065,18.331355512513895,76.44266811899327,Latur,high,priority,0.0,1,7,CHIRPS Daily v2.0,Maharashtra,CHIRPS Rainfall
2025-04-02,2025-04-09,14.0,2025,P066,18.104739537876725,76.5352970251765,Latur,high,priority,0.0,1,7,CHIRPS Daily v2.0,Maharashtra,CHIRPS Rainfall
2025-04-02,2025-04-09,14.0,2025,P067,18.280552974211986,77.0569984711265,Latur,high,priority,10.407657623291016,1,7,CHIRPS Daily v2.0,Maharashtra,CHIRPS Rainfall
2025-04-02,2025-04-09,14.0,2025,P068,18.101823285787773,76.86595720469373,Latur,high,priority,10.14842414855957,1,7,CHIRPS Daily v2.0,Maharashtra,CHIRPS Rainfall
2025-04-02,2025-04-09,14.0,2025,P069,18.595075667016793,77.20284228928156,Latur,high,priority,5.416018009185791,1,7,CHIRPS Daily v2.0,Maharashtra,CHIRPS Rainfall
2025-04-02,2025-04-09,14.0,2025,P070,18.41499041187233,77.15322587185987,Latur,high,priority,6.459521293640137,1,7,CHIRPS Daily v2.0,Maharashtra,CHIRPS Rainfall
2025-04-02,2025-04-09,14.0,2025,P071,18.149138807065885,76.63019561379593,Latur,high,priority,6.558131217956543,1,7,CHIRPS Daily v2.0,Maharashtra,CHIRPS Rainfall
2025-04-02,2025-04-09,14.0,2025,P072,18.283393421583035,76.77331492120734,Latur,high,priority,8.61713981628418,1,7,CHIRPS Daily v2.0,Maharashtra,CHIRPS Rainfall
2025-04-02,2025-04-09,14.0,2025,P073,17.966315663874607,76.86453029235662,Latur,high,priority,8.191184997558594,1,7,CHIRPS Daily v2.0,Maharashtra,CHIRPS Rainfall
2025-04-02,2025-04-09,14.0,2025,P074,18.50832831512306,76.870318205524,Latur,high,priority,7.55536413192749,1,7,CHIRPS Daily v2.0,Maharashtra,CHIRPS Rainfall
2025-04-02,2025-04-09,14.0,2025,P075,18.41444640154381,77.20053247493588,Latur,high,priority,5.975515365600586,1,7,CHIRPS Daily v2.0,Maharashtra,CHIRPS Rainfall
2025-04-02,2025-04-09,14.0,2025,P076,18.377877313804504,76.25376722106614,Latur,high,priority,4.749279022216797,1,7,CHIRPS Daily v2.0,Maharashtra,CHIRPS Rainfall
2025-04-02,2025-04-09,14.0,2025,P077,18.059564385104267,76.5349046242838,Latur,high,priority,0.0,1,7,CHIRPS Daily v2.0,Maharashtra,CHIRPS Rainfall
2025-04-02,2025-04-09,14.0,2025,P078,18.1008824154655,76.96042326051098,Latur,high,priority,8.858657836914062,1,7,CHIRPS Daily v2.0,Maharashtra,CHIRPS Rainfall
2025-04-02,2025-04-09,14.0,2025,P079,18.73508698099394,76.77797468180819,Latur,high,priority,0.0,1,7,CHIRPS Daily v2.0,Maharashtra,CHIRPS Rainfall
2025-04-02,2025-04-09,14.0,2025,P080,18.46791548227568,76.3017694439065,Latur,high,priority,10.096562385559082,1,7,CHIRPS Daily v2.0,Maharashtra,CHIRPS Rainfall
2025-04-02,2025-04-09,14.0,2025,P081,18.10355787609756,76.67701617485712,Latur,high,priority,5.370804786682129,1,7,CHIRPS Daily v2.0,Maharashtra,CHIRPS Rainfall
2025-04-02,2025-04-09,14.0,2025,P082,18.23907887531389,76.67830931416262,Latur,high,priority,8.024153709411621,1,7,CHIRPS Daily v2.0,Maharashtra,CHIRPS Rainfall
2025-04-02,2025-04-09,14.0,2025,P083,18.369289085175563,77.19996171000103,Latur,high,priority,6.8503522872924805,1,7,CHIRPS Daily v2.0,Maharashtra,CHIRPS Rainfall
2025-04-02,2025-04-09,14.0,2025,P084,18.46362582706226,76.82249880582684,Latur,high,priority,7.486312389373779,1,7,CHIRPS Daily v2.0,Maharashtra,CHIRPS Rainfall
2025-04-02,2025-04-09,14.0,2025,P085,18.14788579966987,76.77194597718393,Latur,high,priority,5.836154937744141,1,7,CHIRPS Daily v2.0,Maharashtra,CHIRPS Rainfall
2025-04-02,2025-04-09,14.0,2025,P122,17.88145897082753,73.8441448165019,Satara,high,priority,6.0463128089904785,1,7,CHIRPS Daily v2.0,Maharashtra,CHIRPS Rainfall
2025-04-02,2025-04-09,14.0,2025,P123,17.386414030975025,74.27088970551878,Satara,high,priority,0.0,1,7,CHIRPS Daily v2.0,Maharashtra,CHIRPS Rainfall
2025-04-02,2025-04-09,14.0,2025,P124,17.43262815429294,74.647353771057,Satara,high,priority,0.0,1,7,CHIRPS Daily v2.0,Maharashtra,CHIRPS Rainfall
2025-04-02,2025-04-09,14.0,2025,P125,17.56734651531964,74.31728219287884,Satara,high,priority,0.0,1,7,CHIRPS Daily v2.0,Maharashtra,CHIRPS Rainfall
2025-04-02,2025-04-09,14.0,2025,P126,17.205080227535593,74.13053949986157,Satara,high,priority,0.0,1,7,CHIRPS Daily v2.0,Maharashtra,CHIRPS Rainfall
2025-04-02,2025-04-09,14.0,2025,P127,17.65773249367299,74.31694330119876,Satara,high,priority,0.0,1,7,CHIRPS Daily v2.0,Maharashtra,CHIRPS Rainfall
2025-04-02,2025-04-09,14.0,2025,P128,18.019949731345452,74.5517328080669,Satara,high,priority,0.0,1,7,CHIRPS Daily v2.0,Maharashtra,CHIRPS Rainfall
2025-04-02,2025-04-09,14.0,2025,P129,18.063234225271252,74.03192648006461,Satara,high,priority,0.0,1,7,CHIRPS Daily v2.0,Maharashtra,CHIRPS Rainfall
2025-04-02,2025-04-09,14.0,2025,P130,17.61135784271715,74.03436560834085,Satara,high,priority,0.0,1,7,CHIRPS Daily v2.0,Maharashtra,CHIRPS Rainfall
2025-04-02,2025-04-09,14.0,2025,P131,17.612539504496315,74.3171127470388,Satara,high,priority,0.0,1,7,CHIRPS Daily v2.0,Maharashtra,CHIRPS Rainfall
2025-04-02,2025-04-09,14.0,2025,P132,17.702176353872684,74.12817617630324,Satara,high,priority,0.0,1,7,CHIRPS Daily v2.0,Maharashtra,CHIRPS Rainfall
2025-04-02,2025-04-09,14.0,2025,P133,17.25006363896275,74.08329532420031,Satara,high,priority,0.0,1,7,CHIRPS Daily v2.0,Maharashtra,CHIRPS Rainfall
2025-04-02,2025-04-09,14.0,2025,P134,17.476429903940936,74.17634784498362,Satara,high,priority,0.0,1,7,CHIRPS Daily v2.0,Maharashtra,CHIRPS Rainfall
2025-04-02,2025-04-09,14.0,2025,P135,17.882716437324603,74.0801070669471,Satara,high,priority,6.111537933349609,1,7,CHIRPS Daily v2.0,Maharashtra,CHIRPS Rainfall
2025-04-02,2025-04-09,14.0,2025,P136,17.928520323345598,74.22149178404871,Satara,high,priority,4.770244598388672,1,7,CHIRPS Daily v2.0,Maharashtra,CHIRPS Rainfall
2025-04-02,2025-04-09,14.0,2025,P137,17.746687100588183,73.98648378122894,Satara,high,priority,6.633612632751465,1,7,CHIRPS Daily v2.0,Maharashtra,CHIRPS Rainfall
2025-04-02,2025-04-09,14.0,2025,P138,17.61269557303319,74.36423652697161,Satara,high,priority,0.0,1,7,CHIRPS Daily v2.0,Maharashtra,CHIRPS Rainfall
2025-04-02,2025-04-09,14.0,2025,P139,17.656773786946495,74.08126197411994,Satara,high,priority,0.0,1,7,CHIRPS Daily v2.0,Maharashtra,CHIRPS Rainfall
2025-04-02,2025-04-09,14.0,2025,P140,17.97464080554139,74.50462240543725,Satara,high,priority,0.0,1,7,CHIRPS Daily v2.0,Maharashtra,CHIRPS Rainfall
2025-04-02,2025-04-09,14.0,2025,P141,17.430826677467348,74.08239904488856,Satara,high,priority,0.0,1,7,CHIRPS Daily v2.0,Maharashtra,CHIRPS Rainfall
2025-04-02,2025-04-09,14.0,2025,P142,18.064447100757786,74.31538707493111,Satara,high,priority,3.9495832920074463,1,7,CHIRPS Daily v2.0,Maharashtra,CHIRPS Rainfall
2025-04-02,2025-04-09,14.0,2025,P143,17.70379500755509,74.6468275971327,Satara,high,priority,0.0,1,7,CHIRPS Daily v2.0,Maharashtra,CHIRPS Rainfall
2025-04-02,2025-04-09,14.0,2025,P144,17.929452275465767,74.50474726026674,Satara,high,priority,0.0,1,7,CHIRPS Daily v2.0,Maharashtra,CHIRPS Rainfall
2025-04-02,2025-04-09,14.0,2025,P145,17.47773196144854,74.60017202281048,Satara,high,priority,0.0,1,7,CHIRPS Daily v2.0,Maharashtra,CHIRPS Rainfall
2025-04-02,2025-04-09,14.0,2025,P146,17.839182233739812,74.55218763637436,Satara,high,priority,0.0,1,7,CHIRPS Daily v2.0,Maharashtra,CHIRPS Rainfall
2025-04-02,2025-04-09,14.0,2025,P001,19.940457800458272,74.57045211428928,Ahmednagar,normal,statewide,0.0,1,7,CHIRPS Daily v2.0,Maharashtra,CHIRPS Rainfall
2025-04-02,2025-04-09,14.0,2025,P002,18.946729294293643,74.76302285238339,Ahmednagar,normal,statewide,0.0,1,7,CHIRPS Daily v2.0,Maharashtra,CHIRPS Rainfall
2025-04-02,2025-04-09,14.0,2025,P003,18.49469238410162,74.66892244285252,Ahmednagar,normal,statewide,0.0,1,7,CHIRPS Daily v2.0,Maharashtra,CHIRPS Rainfall
2025-04-02,2025-04-09,14.0,2025,P004,19.03720445466806,75.1420731965326,Ahmednagar,normal,statewide,0.0,1,7,CHIRPS Daily v2.0,Maharashtra,CHIRPS Rainfall
2025-04-02,2025-04-09,14.0,2025,P005,20.832153156317954,77.06560453615967,Akola,normal,statewide,0.0,1,7,CHIRPS Daily v2.0,Maharashtra,CHIRPS Rainfall
2025-04-02,2025-04-09,14.0,2025,P006,20.834360411339407,76.87349308547405,Akola,normal,statewide,0.0,1,7,CHIRPS Daily v2.0,Maharashtra,CHIRPS Rainfall
2025-04-02,2025-04-09,14.0,2025,P007,21.014976299509232,76.87574047240498,Akola,normal,statewide,0.0,1,7,CHIRPS Daily v2.0,Maharashtra,CHIRPS Rainfall
2025-04-02,2025-04-09,14.0,2025,P008,20.828434266039377,77.35372489162701,Akola,normal,statewide,0.0,1,7,CHIRPS Daily v2.0,Maharashtra,CHIRPS Rainfall
2025-04-02,2025-04-09,14.0,2025,P009,21.360971327549258,77.94039543992572,Amravati,normal,statewide,0.0,1,7,CHIRPS Daily v2.0,Maharashtra,CHIRPS Rainfall
2025-04-02,2025-04-09,14.0,2025,P010,21.178803672212837,78.03301542790685,Amravati,normal,statewide,0.0,1,7,CHIRPS Daily v2.0,Maharashtra,CHIRPS Rainfall
2025-04-02,2025-04-09,14.0,2025,P011,20.814388097721018,78.21764450702477,Amravati,normal,statewide,0.0,1,7,CHIRPS Daily v2.0,Maharashtra,CHIRPS Rainfall
2025-04-02,2025-04-09,14.0,2025,P012,21.180502589714195,77.93681032267875,Amravati,normal,statewide,0.0,1,7,CHIRPS Daily v2.0,Maharashtra,CHIRPS Rainfall
2025-04-02,2025-04-09,14.0,2025,P013,20.031289688916964,74.8570519162974,Aurangabad,normal,statewide,0.0,1,7,CHIRPS Daily v2.0,Maharashtra,CHIRPS Rainfall
2025-04-02,2025-04-09,14.0,2025,P014,19.760185263069562,75.14270192978114,Aurangabad,normal,statewide,0.0,1,7,CHIRPS Daily v2.0,Maharashtra,CHIRPS Rainfall
2025-04-02,2025-04-09,14.0,2025,P015,19.9408189876436,74.76157364454102,Aurangabad,normal,statewide,0.0,1,7,CHIRPS Daily v2.0,Maharashtra,CHIRPS Rainfall
2025-04-02,2025-04-09,14.0,2025,P016,19.66981712112043,75.14262166596218,Aurangabad,normal,statewide,0.0,1,7,CHIRPS Daily v2.0,Maharashtra,CHIRPS Rainfall
2025-04-02,2025-04-09,14.0,2025,P017,21.04613203856966,79.85576216552393,Bhandara,normal,statewide,0.0,1,7,CHIRPS Daily v2.0,Maharashtra,CHIRPS Rainfall
2025-04-02,2025-04-09,14.0,2025,P018,21.31897105472685,79.76852877161537,Bhandara,normal,statewide,0.0,1,7,CHIRPS Daily v2.0,Maharashtra,CHIRPS Rainfall
2025-04-02,2025-04-09,14.0,2025,P019,21.40900922319803,79.77144948280537,Bhandara,normal,statewide,0.0,1,7,CHIRPS Daily v2.0,Maharashtra,CHIRPS Rainfall
2025-04-02,2025-04-09,14.0,2025,P020,21.144196588937042,79.57074980349083,Bhandara,normal,statewide,0.0,1,7,CHIRPS Daily v2.0,Maharashtra,CHIRPS Rainfall
2025-04-02,2025-04-09,14.0,2025,P021,18.67502288980403,75.52108340877234,Bid,normal,statewide,0.0,1,7,CHIRPS Daily v2.0,Maharashtra,CHIRPS Rainfall
2025-04-02,2025-04-09,14.0,2025,P022,18.856499384477168,75.04699178476999,Bid,normal,statewide,0.0,1,7,CHIRPS Daily v2.0,Maharashtra,CHIRPS Rainfall
2025-04-02,2025-04-09,14.0,2025,P023,19.126596053486494,75.6175605191647,Bid,normal,statewide,0.0,1,7,CHIRPS Daily v2.0,Maharashtra,CHIRPS Rainfall
2025-04-02,2025-04-09,14.0,2025,P024,18.763955201213946,75.90084720909012,Bid,normal,statewide,0.0,1,7,CHIRPS Daily v2.0,Maharashtra,CHIRPS Rainfall
2025-04-02,2025-04-09,14.0,2025,P025,20.93073496240753,76.20164478885242,Buldana,normal,statewide,0.0,1,7,CHIRPS Daily v2.0,Maharashtra,CHIRPS Rainfall
2025-04-02,2025-04-09,14.0,2025,P026,20.838939908121294,76.39311412898633,Buldana,normal,statewide,3.3976502418518066,1,7,CHIRPS Daily v2.0,Maharashtra,CHIRPS Rainfall
2025-04-02,2025-04-09,14.0,2025,P027,20.657476790751314,76.48742857536776,Buldana,normal,statewide,0.0,1,7,CHIRPS Daily v2.0,Maharashtra,CHIRPS Rainfall
2025-04-02,2025-04-09,14.0,2025,P028,20.47967013624516,76.10222021266374,Buldana,normal,statewide,0.0,1,7,CHIRPS Daily v2.0,Maharashtra,CHIRPS Rainfall
2025-04-02,2025-04-09,14.0,2025,P029,20.32317798477448,79.92829390325927,Chandrapur,normal,statewide,0.0,1,7,CHIRPS Daily v2.0,Maharashtra,CHIRPS Rainfall
2025-04-02,2025-04-09,14.0,2025,P030,20.60872097983294,79.36304041732026,Chandrapur,normal,statewide,5.393380641937256,1,7,CHIRPS Daily v2.0,Maharashtra,CHIRPS Rainfall
2025-04-02,2025-04-09,14.0,2025,P031,20.511160307884595,79.64732594588165,Chandrapur,normal,statewide,5.953132152557373,1,7,CHIRPS Daily v2.0,Maharashtra,CHIRPS Rainfall
2025-04-02,2025-04-09,14.0,2025,P032,20.598621115946884,79.74569817422172,Chandrapur,normal,statewide,3.3153319358825684,1,7,CHIRPS Daily v2.0,Maharashtra,CHIRPS Rainfall
2025-04-02,2025-04-09,14.0,2025,P033,21.38667804512237,75.14422248324037,Dhule,normal,statewide,0.0,1,7,CHIRPS Daily v2.0,Maharashtra,CHIRPS Rainfall
2025-04-02,2025-04-09,14.0,2025,P034,21.025151968113196,74.75989256344387,Dhule,normal,statewide,0.0,1,7,CHIRPS Daily v2.0,Maharashtra,CHIRPS Rainfall
2025-04-02,2025-04-09,14.0,2025,P035,21.477028350667293,74.85568743137505,Dhule,normal,statewide,0.0,1,7,CHIRPS Daily v2.0,Maharashtra,CHIRPS Rainfall
2025-04-02,2025-04-09,14.0,2025,P036,20.933820660336515,74.37533522949364,Dhule,normal,statewide,0.0,1,7,CHIRPS Daily v2.0,Maharashtra,CHIRPS Rainfall
2025-04-02,2025-04-09,14.0,2025,P037,19.963056524597132,79.91698116388667,Garhchiroli,normal,statewide,0.0,1,7,CHIRPS Daily v2.0,Maharashtra,CHIRPS Rainfall
2025-04-02,2025-04-09,14.0,2025,P038,19.062661462582188,79.88977172925856,Garhchiroli,normal,statewide,0.0,1,7,CHIRPS Daily v2.0,Maharashtra,CHIRPS Rainfall
2025-04-02,2025-04-09,14.0,2025,P039,19.510270485428137,79.9981368030594,Garhchiroli,normal,statewide,0.0,1,7,CHIRPS Daily v2.0,Maharashtra,CHIRPS Rainfall
2025-04-02,2025-04-09,14.0,2025,P040,19.870365190999156,80.00935144220881,Garhchiroli,normal,statewide,0.0,1,7,CHIRPS Daily v2.0,Maharashtra,CHIRPS Rainfall
2025-04-02,2025-04-09,14.0,2025,P041,21.127639946725598,80.1465044724107,Gondiya,normal,statewide,0.0,1,7,CHIRPS Daily v2.0,Maharashtra,CHIRPS Rainfall
2025-04-02,2025-04-09,14.0,2025,P042,21.397598383602258,80.15591763473452,Gondiya,normal,statewide,0.0,1,7,CHIRPS Daily v2.0,Maharashtra,CHIRPS Rainfall
2025-04-02,2025-04-09,14.0,2025,P043,21.574548890706154,80.25847249986273,Gondiya,normal,statewide,0.0,1,7,CHIRPS Daily v2.0,Maharashtra,CHIRPS Rainfall
2025-04-02,2025-04-09,14.0,2025,P044,21.211649410572516,80.34153217518526,Gondiya,normal,statewide,0.0,1,7,CHIRPS Daily v2.0,Maharashtra,CHIRPS Rainfall
2025-04-02,2025-04-09,14.0,2025,P045,19.655900266732623,77.2407892392464,Hingoli,normal,statewide,4.52450704574585,1,7,CHIRPS Daily v2.0,Maharashtra,CHIRPS Rainfall
2025-04-02,2025-04-09,14.0,2025,P046,19.566758377573187,77.1442675378435,Hingoli,normal,statewide,4.385934352874756,1,7,CHIRPS Daily v2.0,Maharashtra,CHIRPS Rainfall
2025-04-02,2025-04-09,14.0,2025,P047,19.47860194974656,76.9526242927685,Hingoli,normal,statewide,10.478150367736816,1,7,CHIRPS Daily v2.0,Maharashtra,CHIRPS Rainfall
2025-04-02,2025-04-09,14.0,2025,P048,19.927981235710728,77.14910120338544,Hingoli,normal,statewide,0.0,1,7,CHIRPS Daily v2.0,Maharashtra,CHIRPS Rainfall
2025-04-02,2025-04-09,14.0,2025,P049,21.292738163229433,76.10816865346904,Jalgaon,normal,statewide,0.0,1,7,CHIRPS Daily v2.0,Maharashtra,CHIRPS Rainfall
2025-04-02,2025-04-09,14.0,2025,P050,21.386178625804387,75.43363151891216,Jalgaon,normal,statewide,0.0,1,7,CHIRPS Daily v2.0,Maharashtra,CHIRPS Rainfall
2025-04-02,2025-04-09,14.0,2025,P051,21.112064306745907,76.10682200495089,Jalgaon,normal,statewide,0.0,1,7,CHIRPS Daily v2.0,Maharashtra,CHIRPS Rainfall
2025-04-02,2025-04-09,14.0,2025,P052,20.844437979720194,75.23982115072519,Jalgaon,normal,statewide,0.0,1,7,CHIRPS Daily v2.0,Maharashtra,CHIRPS Rainfall
2025-04-02,2025-04-09,14.0,2025,P053,19.486369703781666,76.00005328932718,Jalna,normal,statewide,0.0,1,7,CHIRPS Daily v2.0,Maharashtra,CHIRPS Rainfall
2025-04-02,2025-04-09,14.0,2025,P054,20.028502750758555,76.00343774702675,Jalna,normal,statewide,0.0,1,7,CHIRPS Daily v2.0,Maharashtra,CHIRPS Rainfall
2025-04-02,2025-04-09,14.0,2025,P055,19.75743845682064,76.00172991132328,Jalna,normal,statewide,0.0,1,7,CHIRPS Daily v2.0,Maharashtra,CHIRPS Rainfall
2025-04-02,2025-04-09,14.0,2025,P056,19.57768317515413,75.80993951591351,Jalna,normal,statewide,0.0,1,7,CHIRPS Daily v2.0,Maharashtra,CHIRPS Rainfall
2025-04-02,2025-04-09,14.0,2025,P057,16.776377793156257,74.29671235971928,Kolhapur,normal,statewide,0.0,1,7,CHIRPS Daily v2.0,Maharashtra,CHIRPS Rainfall
2025-04-02,2025-04-09,14.0,2025,P058,16.324416687682138,74.29834884980589,Kolhapur,normal,statewide,0.0,1,7,CHIRPS Daily v2.0,Maharashtra,CHIRPS Rainfall
2025-04-02,2025-04-09,14.0,2025,P059,16.595891218916975,74.39111598812178,Kolhapur,normal,statewide,0.0,1,7,CHIRPS Daily v2.0,Maharashtra,CHIRPS Rainfall
2025-04-02,2025-04-09,14.0,2025,P060,16.414811584237594,74.29802779453004,Kolhapur,normal,statewide,0.0,1,7,CHIRPS Daily v2.0,Maharashtra,CHIRPS Rainfall
2025-04-02,2025-04-09,14.0,2025,P086,21.054127206758487,79.56798961993874,Nagpur,normal,statewide,0.0,1,7,CHIRPS Daily v2.0,Maharashtra,CHIRPS Rainfall
2025-04-02,2025-04-09,14.0,2025,P087,21.146765031143822,79.47473643960802,Nagpur,normal,statewide,0.0,1,7,CHIRPS Daily v2.0,Maharashtra,CHIRPS Rainfall
2025-04-02,2025-04-09,14.0,2025,P088,21.347803602138427,78.61442869606356,Nagpur,normal,statewide,0.0,1,7,CHIRPS Daily v2.0,Maharashtra,CHIRPS Rainfall
2025-04-02,2025-04-09,14.0,2025,P089,21.165377318940912,78.70615240473293,Nagpur,normal,statewide,0.0,1,7,CHIRPS Daily v2.0,Maharashtra,CHIRPS Rainfall
2025-04-02,2025-04-09,14.0,2025,P090,19.201968238592887,77.42470040309472,Nanded,normal,statewide,5.18199348449707,1,7,CHIRPS Daily v2.0,Maharashtra,CHIRPS Rainfall
2025-04-02,2025-04-09,14.0,2025,P091,18.566038000956755,77.69963965584807,Nanded,normal,statewide,0.0,1,7,CHIRPS Daily v2.0,Maharashtra,CHIRPS Rainfall
2025-04-02,2025-04-09,14.0,2025,P092,19.736596618496833,77.90946265591798,Nanded,normal,statewide,5.658483505249023,1,7,CHIRPS Daily v2.0,Maharashtra,CHIRPS Rainfall
2025-04-02,2025-04-09,14.0,2025,P093,18.93564842817583,77.04115528508362,Nanded,normal,statewide,4.910802364349365,1,7,CHIRPS Daily v2.0,Maharashtra,CHIRPS Rainfall
2025-04-02,2025-04-09,14.0,2025,P094,21.564917232430716,74.08292967791392,Nandurbar,normal,statewide,0.0,1,7,CHIRPS Daily v2.0,Maharashtra,CHIRPS Rainfall
2025-04-02,2025-04-09,14.0,2025,P095,21.5662594218478,74.37266422796263,Nandurbar,normal,statewide,0.0,1,7,CHIRPS Daily v2.0,Maharashtra,CHIRPS Rainfall
2025-04-02,2025-04-09,14.0,2025,P096,21.385179787168415,74.27697637845674,Nandurbar,normal,statewide,0.0,1,7,CHIRPS Daily v2.0,Maharashtra,CHIRPS Rainfall
2025-04-02,2025-04-09,14.0,2025,P097,21.565421110849755,74.17950488852946,Nandurbar,normal,statewide,0.0,1,7,CHIRPS Daily v2.0,Maharashtra,CHIRPS Rainfall
2025-04-02,2025-04-09,14.0,2025,P098,20.299553667393326,73.99482675929994,Nashik,normal,statewide,0.0,1,7,CHIRPS Daily v2.0,Maharashtra,CHIRPS Rainfall
2025-04-02,2025-04-09,14.0,2025,P099,20.120253214034264,74.28296495117151,Nashik,normal,statewide,0.0,1,7,CHIRPS Daily v2.0,Maharashtra,CHIRPS Rainfall
2025-04-02,2025-04-09,14.0,2025,P100,20.389903972938242,73.99424261706194,Nashik,normal,statewide,0.0,1,7,CHIRPS Daily v2.0,Maharashtra,CHIRPS Rainfall
2025-04-02,2025-04-09,14.0,2025,P101,20.029015547379707,74.09216447619562,Nashik,normal,statewide,0.0,1,7,CHIRPS Daily v2.0,Maharashtra,CHIRPS Rainfall
2025-04-02,2025-04-09,14.0,2025,P102,17.85749130266526,76.36802722645965,Osmanabad,normal,statewide,0.0,1,7,CHIRPS Daily v2.0,Maharashtra,CHIRPS Rainfall
2025-04-02,2025-04-09,14.0,2025,P103,17.76644983645705,76.46164605307673,Osmanabad,normal,statewide,0.0,1,7,CHIRPS Daily v2.0,Maharashtra,CHIRPS Rainfall
2025-04-02,2025-04-09,14.0,2025,P104,17.949094615606196,76.17989775301476,Osmanabad,normal,statewide,0.0,1,7,CHIRPS Daily v2.0,Maharashtra,CHIRPS Rainfall
2025-04-02,2025-04-09,14.0,2025,P105,18.584360447185368,75.61558067829696,Osmanabad,normal,statewide,0.0,1,7,CHIRPS Daily v2.0,Maharashtra,CHIRPS Rainfall
2025-04-02,2025-04-09,14.0,2025,P106,19.031389786894366,76.47235681380711,Parbhani,normal,statewide,0.0,1,7,CHIRPS Daily v2.0,Maharashtra,CHIRPS Rainfall
2025-04-02,2025-04-09,14.0,2025,P107,19.120950831552832,76.56820519095093,Parbhani,normal,statewide,5.088637351989746,1,7,CHIRPS Daily v2.0,Maharashtra,CHIRPS Rainfall
2025-04-02,2025-04-09,14.0,2025,P108,19.208625676465683,76.85432786914635,Parbhani,normal,statewide,0.0,1,7,CHIRPS Daily v2.0,Maharashtra,CHIRPS Rainfall
2025-04-02,2025-04-09,14.0,2025,P109,19.212081479782103,76.47396209018636,Parbhani,normal,statewide,6.704202175140381,1,7,CHIRPS Daily v2.0,Maharashtra,CHIRPS Rainfall
2025-04-02,2025-04-09,14.0,2025,P110,18.133442771357757,75.04679558432363,Pune,normal,statewide,0.0,1,7,CHIRPS Daily v2.0,Maharashtra,CHIRPS Rainfall
2025-04-02,2025-04-09,14.0,2025,P111,18.584645829652782,74.47919215212944,Pune,normal,statewide,0.0,1,7,CHIRPS Daily v2.0,Maharashtra,CHIRPS Rainfall
2025-04-02,2025-04-09,14.0,2025,P112,18.132979024848197,74.57507620208169,Pune,normal,statewide,0.0,1,7,CHIRPS Daily v2.0,Maharashtra,CHIRPS Rainfall
2025-04-02,2025-04-09,14.0,2025,P113,18.314072036830744,74.76389683618987,Pune,normal,statewide,0.0,1,7,CHIRPS Daily v2.0,Maharashtra,CHIRPS Rainfall
2025-04-02,2025-04-09,14.0,2025,P114,18.48503397121986,73.0589238755964,Raigarh,normal,statewide,0.0,1,7,CHIRPS Daily v2.0,Maharashtra,CHIRPS Rainfall
2025-04-02,2025-04-09,14.0,2025,P115,18.665689991299164,73.05687714821288,Raigarh,normal,statewide,0.0,1,7,CHIRPS Daily v2.0,Maharashtra,CHIRPS Rainfall
2025-04-02,2025-04-09,14.0,2025,P116,18.306197264370358,73.25009891506079,Raigarh,normal,statewide,0.0,1,7,CHIRPS Daily v2.0,Maharashtra,CHIRPS Rainfall
2025-04-02,2025-04-09,14.0,2025,P117,18.21404102289879,73.06194714611064,Raigarh,normal,statewide,0.0,1,7,CHIRPS Daily v2.0,Maharashtra,CHIRPS Rainfall
2025-04-02,2025-04-09,14.0,2025,P118,17.138719885658215,75.42259970290594,Sangli,normal,statewide,0.0,1,7,CHIRPS Daily v2.0,Maharashtra,CHIRPS Rainfall
2025-04-02,2025-04-09,14.0,2025,P119,17.048761981005992,74.95348443567921,Sangli,normal,statewide,2.923671007156372,1,7,CHIRPS Daily v2.0,Maharashtra,CHIRPS Rainfall
2025-04-02,2025-04-09,14.0,2025,P120,16.86707144948229,74.39025538161847,Sangli,normal,statewide,0.0,1,7,CHIRPS Daily v2.0,Maharashtra,CHIRPS Rainfall
2025-04-02,2025-04-09,14.0,2025,P121,17.048503353144895,74.67157114887826,Sangli,normal,statewide,0.0,1,7,CHIRPS Daily v2.0,Maharashtra,CHIRPS Rainfall
2025-04-02,2025-04-09,14.0,2025,P148,17.67852974098626,76.08383979812143,Solapur,normal,statewide,0.0,1,7,CHIRPS Daily v2.0,Maharashtra,CHIRPS Rainfall
2025-04-02,2025-04-09,14.0,2025,P149,18.223365003201543,75.4251413905064,Solapur,normal,statewide,0.0,1,7,CHIRPS Daily v2.0,Maharashtra,CHIRPS Rainfall
2025-04-02,2025-04-09,14.0,2025,P150,17.952532582518405,75.23562067753285,Solapur,normal,statewide,7.600715637207031,1,7,CHIRPS Daily v2.0,Maharashtra,CHIRPS Rainfall
2025-04-02,2025-04-09,14.0,2025,P151,18.223690517578447,75.23598186471818,Solapur,normal,statewide,0.0,1,7,CHIRPS Daily v2.0,Maharashtra,CHIRPS Rainfall
2025-04-02,2025-04-09,14.0,2025,P152,19.658178867370932,72.94986318203122,Thane,normal,statewide,0.0,1,7,CHIRPS Daily v2.0,Maharashtra,CHIRPS Rainfall
2025-04-02,2025-04-09,14.0,2025,P153,19.65706409210757,72.8545320606096,Thane,normal,statewide,0.0,1,7,CHIRPS Daily v2.0,Maharashtra,CHIRPS Rainfall
2025-04-02,2025-04-09,14.0,2025,P154,19.477549601897948,72.95214624177059,Thane,normal,statewide,0.0,1,7,CHIRPS Daily v2.0,Maharashtra,CHIRPS Rainfall
2025-04-02,2025-04-09,14.0,2025,P155,19.83987385799569,73.0429959666335,Thane,normal,statewide,0.0,1,7,CHIRPS Daily v2.0,Maharashtra,CHIRPS Rainfall
2025-04-02,2025-04-09,14.0,2025,P156,20.806749657616468,78.60135461177485,Wardha,normal,statewide,3.8212502002716064,1,7,CHIRPS Daily v2.0,Maharashtra,CHIRPS Rainfall
2025-04-02,2025-04-09,14.0,2025,P157,20.71031267913359,78.88671032458906,Wardha,normal,statewide,5.301865100860596,1,7,CHIRPS Daily v2.0,Maharashtra,CHIRPS Rainfall
2025-04-02,2025-04-09,14.0,2025,P158,21.081265295769754,78.41565980750515,Wardha,normal,statewide,0.0,1,7,CHIRPS Daily v2.0,Maharashtra,CHIRPS Rainfall
2025-04-02,2025-04-09,14.0,2025,P159,20.439854822938944,78.87986114537097,Wardha,normal,statewide,4.7238335609436035,1,7,CHIRPS Daily v2.0,Maharashtra,CHIRPS Rainfall
2025-04-02,2025-04-09,14.0,2025,P160,20.289186257444058,77.15404188735265,Washim,normal,statewide,0.0,1,7,CHIRPS Daily v2.0,Maharashtra,CHIRPS Rainfall
2025-04-02,2025-04-09,14.0,2025,P161,20.464607292886615,77.53975858757677,Washim,normal,statewide,0.0,1,7,CHIRPS Daily v2.0,Maharashtra,CHIRPS Rainfall
2025-04-02,2025-04-09,14.0,2025,P162,20.107393166596125,77.2471479173486,Washim,normal,statewide,0.0,1,7,CHIRPS Daily v2.0,Maharashtra,CHIRPS Rainfall
2025-04-02,2025-04-09,14.0,2025,P163,20.198885002010726,77.1527933390577,Washim,normal,statewide,0.0,1,7,CHIRPS Daily v2.0,Maharashtra,CHIRPS Rainfall
2025-04-02,2025-04-09,14.0,2025,P164,20.182854533723592,78.20447678161395,Yavatmal,normal,statewide,0.0,1,7,CHIRPS Daily v2.0,Maharashtra,CHIRPS Rainfall
2025-04-02,2025-04-09,14.0,2025,P165,19.894658373538324,79.05709703494229,Yavatmal,normal,statewide,7.71094012260437,1,7,CHIRPS Daily v2.0,Maharashtra,CHIRPS Rainfall
2025-04-02,2025-04-09,14.0,2025,P166,19.468787468327925,77.71426550730338,Yavatmal,normal,statewide,5.094160079956055,1,7,CHIRPS Daily v2.0,Maharashtra,CHIRPS Rainfall
2025-04-02,2025-04-09,14.0,2025,P167,19.559057510053886,77.71577268345945,Yavatmal,normal,statewide,5.707473278045654,1,7,CHIRPS Daily v2.0,Maharashtra,CHIRPS Rainfall
2025-04-09,2025-04-16,15.0,2025,P147,17.927231643141155,73.94769852026607,Satara,case_study,case_study,0.0,1,7,CHIRPS Daily v2.0,Maharashtra,CHIRPS Rainfall
2025-04-09,2025-04-16,15.0,2025,P061,18.507855650411397,76.91766048140843,Latur,high,priority,0.0,1,7,CHIRPS Daily v2.0,Maharashtra,CHIRPS Rainfall
2025-04-09,2025-04-16,15.0,2025,P062,18.422405896924207,76.3487594508077,Latur,high,priority,0.0,1,7,CHIRPS Daily v2.0,Maharashtra,CHIRPS Rainfall
2025-04-09,2025-04-16,15.0,2025,P063,18.235391198742693,77.05646783810116,Latur,high,priority,0.0,1,7,CHIRPS Daily v2.0,Maharashtra,CHIRPS Rainfall
2025-04-09,2025-04-16,15.0,2025,P064,18.193056493341274,76.77240080549139,Latur,high,priority,0.0,1,7,CHIRPS Daily v2.0,Maharashtra,CHIRPS Rainfall
2025-04-09,2025-04-16,15.0,2025,P065,18.331355512513895,76.44266811899327,Latur,high,priority,0.0,1,7,CHIRPS Daily v2.0,Maharashtra,CHIRPS Rainfall
2025-04-09,2025-04-16,15.0,2025,P066,18.104739537876725,76.5352970251765,Latur,high,priority,0.0,1,7,CHIRPS Daily v2.0,Maharashtra,CHIRPS Rainfall
2025-04-09,2025-04-16,15.0,2025,P067,18.280552974211986,77.0569984711265,Latur,high,priority,0.0,1,7,CHIRPS Daily v2.0,Maharashtra,CHIRPS Rainfall
2025-04-09,2025-04-16,15.0,2025,P068,18.101823285787773,76.86595720469373,Latur,high,priority,0.0,1,7,CHIRPS Daily v2.0,Maharashtra,CHIRPS Rainfall
2025-04-09,2025-04-16,15.0,2025,P069,18.595075667016793,77.20284228928156,Latur,high,priority,0.0,1,7,CHIRPS Daily v2.0,Maharashtra,CHIRPS Rainfall
2025-04-09,2025-04-16,15.0,2025,P070,18.41499041187233,77.15322587185987,Latur,high,priority,0.0,1,7,CHIRPS Daily v2.0,Maharashtra,CHIRPS Rainfall
2025-04-09,2025-04-16,15.0,2025,P071,18.149138807065885,76.63019561379593,Latur,high,priority,0.0,1,7,CHIRPS Daily v2.0,Maharashtra,CHIRPS Rainfall
2025-04-09,2025-04-16,15.0,2025,P072,18.283393421583035,76.77331492120734,Latur,high,priority,6.876431941986084,1,7,CHIRPS Daily v2.0,Maharashtra,CHIRPS Rainfall
2025-04-09,2025-04-16,15.0,2025,P073,17.966315663874607,76.86453029235662,Latur,high,priority,0.0,1,7,CHIRPS Daily v2.0,Maharashtra,CHIRPS Rainfall
2025-04-09,2025-04-16,15.0,2025,P074,18.50832831512306,76.870318205524,Latur,high,priority,6.084560394287109,1,7,CHIRPS Daily v2.0,Maharashtra,CHIRPS Rainfall
2025-04-09,2025-04-16,15.0,2025,P075,18.41444640154381,77.20053247493588,Latur,high,priority,0.0,1,7,CHIRPS Daily v2.0,Maharashtra,CHIRPS Rainfall
2025-04-09,2025-04-16,15.0,2025,P076,18.377877313804504,76.25376722106614,Latur,high,priority,0.0,1,7,CHIRPS Daily v2.0,Maharashtra,CHIRPS Rainfall
2025-04-09,2025-04-16,15.0,2025,P077,18.059564385104267,76.5349046242838,Latur,high,priority,0.0,1,7,CHIRPS Daily v2.0,Maharashtra,CHIRPS Rainfall
2025-04-09,2025-04-16,15.0,2025,P078,18.1008824154655,76.96042326051098,Latur,high,priority,0.0,1,7,CHIRPS Daily v2.0,Maharashtra,CHIRPS Rainfall
2025-04-09,2025-04-16,15.0,2025,P079,18.73508698099394,76.77797468180819,Latur,high,priority,0.0,1,7,CHIRPS Daily v2.0,Maharashtra,CHIRPS Rainfall
2025-04-09,2025-04-16,15.0,2025,P080,18.46791548227568,76.3017694439065,Latur,high,priority,0.0,1,7,CHIRPS Daily v2.0,Maharashtra,CHIRPS Rainfall
2025-04-09,2025-04-16,15.0,2025,P081,18.10355787609756,76.67701617485712,Latur,high,priority,0.0,1,7,CHIRPS Daily v2.0,Maharashtra,CHIRPS Rainfall
2025-04-09,2025-04-16,15.0,2025,P082,18.23907887531389,76.67830931416262,Latur,high,priority,0.0,1,7,CHIRPS Daily v2.0,Maharashtra,CHIRPS Rainfall
2025-04-09,2025-04-16,15.0,2025,P083,18.369289085175563,77.19996171000103,Latur,high,priority,0.0,1,7,CHIRPS Daily v2.0,Maharashtra,CHIRPS Rainfall
2025-04-09,2025-04-16,15.0,2025,P084,18.46362582706226,76.82249880582684,Latur,high,priority,6.195100784301758,1,7,CHIRPS Daily v2.0,Maharashtra,CHIRPS Rainfall
2025-04-09,2025-04-16,15.0,2025,P085,18.14788579966987,76.77194597718393,Latur,high,priority,0.0,1,7,CHIRPS Daily v2.0,Maharashtra,CHIRPS Rainfall
2025-04-09,2025-04-16,15.0,2025,P122,17.88145897082753,73.8441448165019,Satara,high,priority,7.05295991897583,1,7,CHIRPS Daily v2.0,Maharashtra,CHIRPS Rainfall
2025-04-09,2025-04-16,15.0,2025,P123,17.386414030975025,74.27088970551878,Satara,high,priority,0.0,1,7,CHIRPS Daily v2.0,Maharashtra,CHIRPS Rainfall
2025-04-09,2025-04-16,15.0,2025,P124,17.43262815429294,74.647353771057,Satara,high,priority,0.0,1,7,CHIRPS Daily v2.0,Maharashtra,CHIRPS Rainfall
2025-04-09,2025-04-16,15.0,2025,P125,17.56734651531964,74.31728219287884,Satara,high,priority,0.0,1,7,CHIRPS Daily v2.0,Maharashtra,CHIRPS Rainfall
2025-04-09,2025-04-16,15.0,2025,P126,17.205080227535593,74.13053949986157,Satara,high,priority,0.0,1,7,CHIRPS Daily v2.0,Maharashtra,CHIRPS Rainfall
2025-04-09,2025-04-16,15.0,2025,P127,17.65773249367299,74.31694330119876,Satara,high,priority,0.0,1,7,CHIRPS Daily v2.0,Maharashtra,CHIRPS Rainfall
2025-04-09,2025-04-16,15.0,2025,P128,18.019949731345452,74.5517328080669,Satara,high,priority,0.0,1,7,CHIRPS Daily v2.0,Maharashtra,CHIRPS Rainfall
2025-04-09,2025-04-16,15.0,2025,P129,18.063234225271252,74.03192648006461,Satara,high,priority,0.0,1,7,CHIRPS Daily v2.0,Maharashtra,CHIRPS Rainfall
2025-04-09,2025-04-16,15.0,2025,P130,17.61135784271715,74.03436560834085,Satara,high,priority,0.0,1,7,CHIRPS Daily v2.0,Maharashtra,CHIRPS Rainfall
2025-04-09,2025-04-16,15.0,2025,P131,17.612539504496315,74.3171127470388,Satara,high,priority,0.0,1,7,CHIRPS Daily v2.0,Maharashtra,CHIRPS Rainfall
2025-04-09,2025-04-16,15.0,2025,P132,17.702176353872684,74.12817617630324,Satara,high,priority,0.0,1,7,CHIRPS Daily v2.0,Maharashtra,CHIRPS Rainfall
2025-04-09,2025-04-16,15.0,2025,P133,17.25006363896275,74.08329532420031,Satara,high,priority,0.0,1,7,CHIRPS Daily v2.0,Maharashtra,CHIRPS Rainfall
2025-04-09,2025-04-16,15.0,2025,P134,17.476429903940936,74.17634784498362,Satara,high,priority,0.0,1,7,CHIRPS Daily v2.0,Maharashtra,CHIRPS Rainfall
2025-04-09,2025-04-16,15.0,2025,P135,17.882716437324603,74.0801070669471,Satara,high,priority,5.274257659912109,1,7,CHIRPS Daily v2.0,Maharashtra,CHIRPS Rainfall
2025-04-09,2025-04-16,15.0,2025,P136,17.928520323345598,74.22149178404871,Satara,high,priority,3.603306293487549,1,7,CHIRPS Daily v2.0,Maharashtra,CHIRPS Rainfall
2025-04-09,2025-04-16,15.0,2025,P137,17.746687100588183,73.98648378122894,Satara,high,priority,5.199632167816162,1,7,CHIRPS Daily v2.0,Maharashtra,CHIRPS Rainfall
2025-04-09,2025-04-16,15.0,2025,P138,17.61269557303319,74.36423652697161,Satara,high,priority,0.0,1,7,CHIRPS Daily v2.0,Maharashtra,CHIRPS Rainfall
2025-04-09,2025-04-16,15.0,2025,P139,17.656773786946495,74.08126197411994,Satara,high,priority,0.0,1,7,CHIRPS Daily v2.0,Maharashtra,CHIRPS Rainfall
2025-04-09,2025-04-16,15.0,2025,P140,17.97464080554139,74.50462240543725,Satara,high,priority,0.0,1,7,CHIRPS Daily v2.0,Maharashtra,CHIRPS Rainfall
2025-04-09,2025-04-16,15.0,2025,P141,17.430826677467348,74.08239904488856,Satara,high,priority,0.0,1,7,CHIRPS Daily v2.0,Maharashtra,CHIRPS Rainfall
2025-04-09,2025-04-16,15.0,2025,P142,18.064447100757786,74.31538707493111,Satara,high,priority,0.0,1,7,CHIRPS Daily v2.0,Maharashtra,CHIRPS Rainfall
2025-04-09,2025-04-16,15.0,2025,P143,17.70379500755509,74.6468275971327,Satara,high,priority,0.0,1,7,CHIRPS Daily v2.0,Maharashtra,CHIRPS Rainfall
2025-04-09,2025-04-16,15.0,2025,P144,17.929452275465767,74.50474726026674,Satara,high,priority,0.0,1,7,CHIRPS Daily v2.0,Maharashtra,CHIRPS Rainfall
2025-04-09,2025-04-16,15.0,2025,P145,17.47773196144854,74.60017202281048,Satara,high,priority,0.0,1,7,CHIRPS Daily v2.0,Maharashtra,CHIRPS Rainfall
2025-04-09,2025-04-16,15.0,2025,P146,17.839182233739812,74.55218763637436,Satara,high,priority,0.0,1,7,CHIRPS Daily v2.0,Maharashtra,CHIRPS Rainfall
2025-04-09,2025-04-16,15.0,2025,P001,19.940457800458272,74.57045211428928,Ahmednagar,normal,statewide,0.0,1,7,CHIRPS Daily v2.0,Maharashtra,CHIRPS Rainfall
2025-04-09,2025-04-16,15.0,2025,P002,18.946729294293643,74.76302285238339,Ahmednagar,normal,statewide,0.0,1,7,CHIRPS Daily v2.0,Maharashtra,CHIRPS Rainfall
2025-04-09,2025-04-16,15.0,2025,P003,18.49469238410162,74.66892244285252,Ahmednagar,normal,statewide,0.0,1,7,CHIRPS Daily v2.0,Maharashtra,CHIRPS Rainfall
2025-04-09,2025-04-16,15.0,2025,P004,19.03720445466806,75.1420731965326,Ahmednagar,normal,statewide,0.0,1,7,CHIRPS Daily v2.0,Maharashtra,CHIRPS Rainfall
2025-04-09,2025-04-16,15.0,2025,P005,20.832153156317954,77.06560453615967,Akola,normal,statewide,0.0,1,7,CHIRPS Daily v2.0,Maharashtra,CHIRPS Rainfall
2025-04-09,2025-04-16,15.0,2025,P006,20.834360411339407,76.87349308547405,Akola,normal,statewide,0.0,1,7,CHIRPS Daily v2.0,Maharashtra,CHIRPS Rainfall
2025-04-09,2025-04-16,15.0,2025,P007,21.014976299509232,76.87574047240498,Akola,normal,statewide,2.8227906227111816,1,7,CHIRPS Daily v2.0,Maharashtra,CHIRPS Rainfall
2025-04-09,2025-04-16,15.0,2025,P008,20.828434266039377,77.35372489162701,Akola,normal,statewide,4.095659255981445,1,7,CHIRPS Daily v2.0,Maharashtra,CHIRPS Rainfall
2025-04-09,2025-04-16,15.0,2025,P009,21.360971327549258,77.94039543992572,Amravati,normal,statewide,3.7221155166625977,1,7,CHIRPS Daily v2.0,Maharashtra,CHIRPS Rainfall
2025-04-09,2025-04-16,15.0,2025,P010,21.178803672212837,78.03301542790685,Amravati,normal,statewide,4.36088752746582,1,7,CHIRPS Daily v2.0,Maharashtra,CHIRPS Rainfall
2025-04-09,2025-04-16,15.0,2025,P011,20.814388097721018,78.21764450702477,Amravati,normal,statewide,5.037377834320068,1,7,CHIRPS Daily v2.0,Maharashtra,CHIRPS Rainfall
2025-04-09,2025-04-16,15.0,2025,P012,21.180502589714195,77.93681032267875,Amravati,normal,statewide,4.945207595825195,1,7,CHIRPS Daily v2.0,Maharashtra,CHIRPS Rainfall
2025-04-09,2025-04-16,15.0,2025,P013,20.031289688916964,74.8570519162974,Aurangabad,normal,statewide,0.0,1,7,CHIRPS Daily v2.0,Maharashtra,CHIRPS Rainfall
2025-04-09,2025-04-16,15.0,2025,P014,19.760185263069562,75.14270192978114,Aurangabad,normal,statewide,0.0,1,7,CHIRPS Daily v2.0,Maharashtra,CHIRPS Rainfall
2025-04-09,2025-04-16,15.0,2025,P015,19.9408189876436,74.76157364454102,Aurangabad,normal,statewide,0.0,1,7,CHIRPS Daily v2.0,Maharashtra,CHIRPS Rainfall
2025-04-09,2025-04-16,15.0,2025,P016,19.66981712112043,75.14262166596218,Aurangabad,normal,statewide,0.0,1,7,CHIRPS Daily v2.0,Maharashtra,CHIRPS Rainfall
2025-04-09,2025-04-16,15.0,2025,P017,21.04613203856966,79.85576216552393,Bhandara,normal,statewide,6.380130290985107,1,7,CHIRPS Daily v2.0,Maharashtra,CHIRPS Rainfall
2025-04-09,2025-04-16,15.0,2025,P018,21.31897105472685,79.76852877161537,Bhandara,normal,statewide,0.0,1,7,CHIRPS Daily v2.0,Maharashtra,CHIRPS Rainfall
2025-04-09,2025-04-16,15.0,2025,P019,21.40900922319803,79.77144948280537,Bhandara,normal,statewide,0.0,1,7,CHIRPS Daily v2.0,Maharashtra,CHIRPS Rainfall
2025-04-09,2025-04-16,15.0,2025,P020,21.144196588937042,79.57074980349083,Bhandara,normal,statewide,5.3441901206970215,1,7,CHIRPS Daily v2.0,Maharashtra,CHIRPS Rainfall
2025-04-09,2025-04-16,15.0,2025,P021,18.67502288980403,75.52108340877234,Bid,normal,statewide,2.347622871398926,1,7,CHIRPS Daily v2.0,Maharashtra,CHIRPS Rainfall
2025-04-09,2025-04-16,15.0,2025,P022,18.856499384477168,75.04699178476999,Bid,normal,statewide,0.0,1,7,CHIRPS Daily v2.0,Maharashtra,CHIRPS Rainfall
2025-04-09,2025-04-16,15.0,2025,P023,19.126596053486494,75.6175605191647,Bid,normal,statewide,0.0,1,7,CHIRPS Daily v2.0,Maharashtra,CHIRPS Rainfall
2025-04-09,2025-04-16,15.0,2025,P024,18.763955201213946,75.90084720909012,Bid,normal,statewide,4.207314968109131,1,7,CHIRPS Daily v2.0,Maharashtra,CHIRPS Rainfall
2025-04-09,2025-04-16,15.0,2025,P025,20.93073496240753,76.20164478885242,Buldana,normal,statewide,0.0,1,7,CHIRPS Daily v2.0,Maharashtra,CHIRPS Rainfall
2025-04-09,2025-04-16,15.0,2025,P026,20.838939908121294,76.39311412898633,Buldana,normal,statewide,0.0,1,7,CHIRPS Daily v2.0,Maharashtra,CHIRPS Rainfall
2025-04-09,2025-04-16,15.0,2025,P027,20.657476790751314,76.48742857536776,Buldana,normal,statewide,0.0,1,7,CHIRPS Daily v2.0,Maharashtra,CHIRPS Rainfall
2025-04-09,2025-04-16,15.0,2025,P028,20.47967013624516,76.10222021266374,Buldana,normal,statewide,0.0,1,7,CHIRPS Daily v2.0,Maharashtra,CHIRPS Rainfall
2025-04-09,2025-04-16,15.0,2025,P029,20.32317798477448,79.92829390325927,Chandrapur,normal,statewide,0.0,1,7,CHIRPS Daily v2.0,Maharashtra,CHIRPS Rainfall
2025-04-09,2025-04-16,15.0,2025,P030,20.60872097983294,79.36304041732026,Chandrapur,normal,statewide,4.758973598480225,1,7,CHIRPS Daily v2.0,Maharashtra,CHIRPS Rainfall
2025-04-09,2025-04-16,15.0,2025,P031,20.511160307884595,79.64732594588165,Chandrapur,normal,statewide,5.405285835266113,1,7,CHIRPS Daily v2.0,Maharashtra,CHIRPS Rainfall
2025-04-09,2025-04-16,15.0,2025,P032,20.598621115946884,79.74569817422172,Chandrapur,normal,statewide,2.9518535137176514,1,7,CHIRPS Daily v2.0,Maharashtra,CHIRPS Rainfall
2025-04-09,2025-04-16,15.0,2025,P033,21.38667804512237,75.14422248324037,Dhule,normal,statewide,0.0,1,7,CHIRPS Daily v2.0,Maharashtra,CHIRPS Rainfall
2025-04-09,2025-04-16,15.0,2025,P034,21.025151968113196,74.75989256344387,Dhule,normal,statewide,0.0,1,7,CHIRPS Daily v2.0,Maharashtra,CHIRPS Rainfall
2025-04-09,2025-04-16,15.0,2025,P035,21.477028350667293,74.85568743137505,Dhule,normal,statewide,0.0,1,7,CHIRPS Daily v2.0,Maharashtra,CHIRPS Rainfall
2025-04-09,2025-04-16,15.0,2025,P036,20.933820660336515,74.37533522949364,Dhule,normal,statewide,0.0,1,7,CHIRPS Daily v2.0,Maharashtra,CHIRPS Rainfall
2025-04-09,2025-04-16,15.0,2025,P037,19.963056524597132,79.91698116388667,Garhchiroli,normal,statewide,0.0,1,7,CHIRPS Daily v2.0,Maharashtra,CHIRPS Rainfall
2025-04-09,2025-04-16,15.0,2025,P038,19.062661462582188,79.88977172925856,Garhchiroli,normal,statewide,0.0,1,7,CHIRPS Daily v2.0,Maharashtra,CHIRPS Rainfall
2025-04-09,2025-04-16,15.0,2025,P039,19.510270485428137,79.9981368030594,Garhchiroli,normal,statewide,0.0,1,7,CHIRPS Daily v2.0,Maharashtra,CHIRPS Rainfall
2025-04-09,2025-04-16,15.0,2025,P040,19.870365190999156,80.00935144220881,Garhchiroli,normal,statewide,0.0,1,7,CHIRPS Daily v2.0,Maharashtra,CHIRPS Rainfall
2025-04-09,2025-04-16,15.0,2025,P041,21.127639946725598,80.1465044724107,Gondiya,normal,statewide,0.0,1,7,CHIRPS Daily v2.0,Maharashtra,CHIRPS Rainfall
2025-04-09,2025-04-16,15.0,2025,P042,21.397598383602258,80.15591763473452,Gondiya,normal,statewide,0.0,1,7,CHIRPS Daily v2.0,Maharashtra,CHIRPS Rainfall
2025-04-09,2025-04-16,15.0,2025,P043,21.574548890706154,80.25847249986273,Gondiya,normal,statewide,0.0,1,7,CHIRPS Daily v2.0,Maharashtra,CHIRPS Rainfall
2025-04-09,2025-04-16,15.0,2025,P044,21.211649410572516,80.34153217518526,Gondiya,normal,statewide,0.0,1,7,CHIRPS Daily v2.0,Maharashtra,CHIRPS Rainfall
2025-04-09,2025-04-16,15.0,2025,P045,19.655900266732623,77.2407892392464,Hingoli,normal,statewide,0.0,1,7,CHIRPS Daily v2.0,Maharashtra,CHIRPS Rainfall
2025-04-09,2025-04-16,15.0,2025,P046,19.566758377573187,77.1442675378435,Hingoli,normal,statewide,0.0,1,7,CHIRPS Daily v2.0,Maharashtra,CHIRPS Rainfall
2025-04-09,2025-04-16,15.0,2025,P047,19.47860194974656,76.9526242927685,Hingoli,normal,statewide,0.0,1,7,CHIRPS Daily v2.0,Maharashtra,CHIRPS Rainfall
2025-04-09,2025-04-16,15.0,2025,P048,19.927981235710728,77.14910120338544,Hingoli,normal,statewide,0.0,1,7,CHIRPS Daily v2.0,Maharashtra,CHIRPS Rainfall
2025-04-09,2025-04-16,15.0,2025,P049,21.292738163229433,76.10816865346904,Jalgaon,normal,statewide,0.0,1,7,CHIRPS Daily v2.0,Maharashtra,CHIRPS Rainfall
2025-04-09,2025-04-16,15.0,2025,P050,21.386178625804387,75.43363151891216,Jalgaon,normal,statewide,0.0,1,7,CHIRPS Daily v2.0,Maharashtra,CHIRPS Rainfall
2025-04-09,2025-04-16,15.0,2025,P051,21.112064306745907,76.10682200495089,Jalgaon,normal,statewide,0.0,1,7,CHIRPS Daily v2.0,Maharashtra,CHIRPS Rainfall
2025-04-09,2025-04-16,15.0,2025,P052,20.844437979720194,75.23982115072519,Jalgaon,normal,statewide,0.0,1,7,CHIRPS Daily v2.0,Maharashtra,CHIRPS Rainfall
2025-04-09,2025-04-16,15.0,2025,P053,19.486369703781666,76.00005328932718,Jalna,normal,statewide,0.0,1,7,CHIRPS Daily v2.0,Maharashtra,CHIRPS Rainfall
2025-04-09,2025-04-16,15.0,2025,P054,20.028502750758555,76.00343774702675,Jalna,normal,statewide,0.0,1,7,CHIRPS Daily v2.0,Maharashtra,CHIRPS Rainfall
2025-04-09,2025-04-16,15.0,2025,P055,19.75743845682064,76.00172991132328,Jalna,normal,statewide,0.0,1,7,CHIRPS Daily v2.0,Maharashtra,CHIRPS Rainfall
2025-04-09,2025-04-16,15.0,2025,P056,19.57768317515413,75.80993951591351,Jalna,normal,statewide,2.3856258392333984,1,7,CHIRPS Daily v2.0,Maharashtra,CHIRPS Rainfall
2025-04-09,2025-04-16,15.0,2025,P057,16.776377793156257,74.29671235971928,Kolhapur,normal,statewide,0.0,1,7,CHIRPS Daily v2.0,Maharashtra,CHIRPS Rainfall
2025-04-09,2025-04-16,15.0,2025,P058,16.324416687682138,74.29834884980589,Kolhapur,normal,statewide,0.0,1,7,CHIRPS Daily v2.0,Maharashtra,CHIRPS Rainfall
2025-04-09,2025-04-16,15.0,2025,P059,16.595891218916975,74.39111598812178,Kolhapur,normal,statewide,0.0,1,7,CHIRPS Daily v2.0,Maharashtra,CHIRPS Rainfall
2025-04-09,2025-04-16,15.0,2025,P060,16.414811584237594,74.29802779453004,Kolhapur,normal,statewide,0.0,1,7,CHIRPS Daily v2.0,Maharashtra,CHIRPS Rainfall
2025-04-09,2025-04-16,15.0,2025,P086,21.054127206758487,79.56798961993874,Nagpur,normal,statewide,10.27707576751709,1,7,CHIRPS Daily v2.0,Maharashtra,CHIRPS Rainfall
2025-04-09,2025-04-16,15.0,2025,P087,21.146765031143822,79.47473643960802,Nagpur,normal,statewide,5.442590713500977,1,7,CHIRPS Daily v2.0,Maharashtra,CHIRPS Rainfall
2025-04-09,2025-04-16,15.0,2025,P088,21.347803602138427,78.61442869606356,Nagpur,normal,statewide,4.620753765106201,1,7,CHIRPS Daily v2.0,Maharashtra,CHIRPS Rainfall
2025-04-09,2025-04-16,15.0,2025,P089,21.165377318940912,78.70615240473293,Nagpur,normal,statewide,9.091361045837402,1,7,CHIRPS Daily v2.0,Maharashtra,CHIRPS Rainfall
2025-04-09,2025-04-16,15.0,2025,P090,19.201968238592887,77.42470040309472,Nanded,normal,statewide,0.0,1,7,CHIRPS Daily v2.0,Maharashtra,CHIRPS Rainfall
2025-04-09,2025-04-16,15.0,2025,P091,18.566038000956755,77.69963965584807,Nanded,normal,statewide,9.804903507232666,1,7,CHIRPS Daily v2.0,Maharashtra,CHIRPS Rainfall
2025-04-09,2025-04-16,15.0,2025,P092,19.736596618496833,77.90946265591798,Nanded,normal,statewide,0.0,1,7,CHIRPS Daily v2.0,Maharashtra,CHIRPS Rainfall
2025-04-09,2025-04-16,15.0,2025,P093,18.93564842817583,77.04115528508362,Nanded,normal,statewide,0.0,1,7,CHIRPS Daily v2.0,Maharashtra,CHIRPS Rainfall
2025-04-09,2025-04-16,15.0,2025,P094,21.564917232430716,74.08292967791392,Nandurbar,normal,statewide,0.0,1,7,CHIRPS Daily v2.0,Maharashtra,CHIRPS Rainfall
2025-04-09,2025-04-16,15.0,2025,P095,21.5662594218478,74.37266422796263,Nandurbar,normal,statewide,0.0,1,7,CHIRPS Daily v2.0,Maharashtra,CHIRPS Rainfall
2025-04-09,2025-04-16,15.0,2025,P096,21.385179787168415,74.27697637845674,Nandurbar,normal,statewide,0.0,1,7,CHIRPS Daily v2.0,Maharashtra,CHIRPS Rainfall
2025-04-09,2025-04-16,15.0,2025,P097,21.565421110849755,74.17950488852946,Nandurbar,normal,statewide,0.0,1,7,CHIRPS Daily v2.0,Maharashtra,CHIRPS Rainfall
2025-04-09,2025-04-16,15.0,2025,P098,20.299553667393326,73.99482675929994,Nashik,normal,statewide,0.0,1,7,CHIRPS Daily v2.0,Maharashtra,CHIRPS Rainfall
2025-04-09,2025-04-16,15.0,2025,P099,20.120253214034264,74.28296495117151,Nashik,normal,statewide,0.0,1,7,CHIRPS Daily v2.0,Maharashtra,CHIRPS Rainfall
2025-04-09,2025-04-16,15.0,2025,P100,20.389903972938242,73.99424261706194,Nashik,normal,statewide,0.0,1,7,CHIRPS Daily v2.0,Maharashtra,CHIRPS Rainfall
2025-04-09,2025-04-16,15.0,2025,P101,20.029015547379707,74.09216447619562,Nashik,normal,statewide,0.0,1,7,CHIRPS Daily v2.0,Maharashtra,CHIRPS Rainfall
2025-04-09,2025-04-16,15.0,2025,P102,17.85749130266526,76.36802722645965,Osmanabad,normal,statewide,0.0,1,7,CHIRPS Daily v2.0,Maharashtra,CHIRPS Rainfall
2025-04-09,2025-04-16,15.0,2025,P103,17.76644983645705,76.46164605307673,Osmanabad,normal,statewide,0.0,1,7,CHIRPS Daily v2.0,Maharashtra,CHIRPS Rainfall
2025-04-09,2025-04-16,15.0,2025,P104,17.949094615606196,76.17989775301476,Osmanabad,normal,statewide,0.0,1,7,CHIRPS Daily v2.0,Maharashtra,CHIRPS Rainfall
2025-04-09,2025-04-16,15.0,2025,P105,18.584360447185368,75.61558067829696,Osmanabad,normal,statewide,0.0,1,7,CHIRPS Daily v2.0,Maharashtra,CHIRPS Rainfall
2025-04-09,2025-04-16,15.0,2025,P106,19.031389786894366,76.47235681380711,Parbhani,normal,statewide,0.0,1,7,CHIRPS Daily v2.0,Maharashtra,CHIRPS Rainfall
2025-04-09,2025-04-16,15.0,2025,P107,19.120950831552832,76.56820519095093,Parbhani,normal,statewide,0.0,1,7,CHIRPS Daily v2.0,Maharashtra,CHIRPS Rainfall
2025-04-09,2025-04-16,15.0,2025,P108,19.208625676465683,76.85432786914635,Parbhani,normal,statewide,0.0,1,7,CHIRPS Daily v2.0,Maharashtra,CHIRPS Rainfall
2025-04-09,2025-04-16,15.0,2025,P109,19.212081479782103,76.47396209018636,Parbhani,normal,statewide,0.0,1,7,CHIRPS Daily v2.0,Maharashtra,CHIRPS Rainfall
2025-04-09,2025-04-16,15.0,2025,P110,18.133442771357757,75.04679558432363,Pune,normal,statewide,0.0,1,7,CHIRPS Daily v2.0,Maharashtra,CHIRPS Rainfall
2025-04-09,2025-04-16,15.0,2025,P111,18.584645829652782,74.47919215212944,Pune,normal,statewide,2.9594831466674805,1,7,CHIRPS Daily v2.0,Maharashtra,CHIRPS Rainfall
2025-04-09,2025-04-16,15.0,2025,P112,18.132979024848197,74.57507620208169,Pune,normal,statewide,2.028677225112915,1,7,CHIRPS Daily v2.0,Maharashtra,CHIRPS Rainfall
2025-04-09,2025-04-16,15.0,2025,P113,18.314072036830744,74.76389683618987,Pune,normal,statewide,0.0,1,7,CHIRPS Daily v2.0,Maharashtra,CHIRPS Rainfall
2025-04-09,2025-04-16,15.0,2025,P114,18.48503397121986,73.0589238755964,Raigarh,normal,statewide,0.0,1,7,CHIRPS Daily v2.0,Maharashtra,CHIRPS Rainfall
2025-04-09,2025-04-16,15.0,2025,P115,18.665689991299164,73.05687714821288,Raigarh,normal,statewide,0.0,1,7,CHIRPS Daily v2.0,Maharashtra,CHIRPS Rainfall
2025-04-09,2025-04-16,15.0,2025,P116,18.306197264370358,73.25009891506079,Raigarh,normal,statewide,0.0,1,7,CHIRPS Daily v2.0,Maharashtra,CHIRPS Rainfall
2025-04-09,2025-04-16,15.0,2025,P117,18.21404102289879,73.06194714611064,Raigarh,normal,statewide,0.0,1,7,CHIRPS Daily v2.0,Maharashtra,CHIRPS Rainfall
2025-04-09,2025-04-16,15.0,2025,P118,17.138719885658215,75.42259970290594,Sangli,normal,statewide,0.0,1,7,CHIRPS Daily v2.0,Maharashtra,CHIRPS Rainfall
2025-04-09,2025-04-16,15.0,2025,P119,17.048761981005992,74.95348443567921,Sangli,normal,statewide,0.0,1,7,CHIRPS Daily v2.0,Maharashtra,CHIRPS Rainfall
2025-04-09,2025-04-16,15.0,2025,P120,16.86707144948229,74.39025538161847,Sangli,normal,statewide,0.0,1,7,CHIRPS Daily v2.0,Maharashtra,CHIRPS Rainfall
2025-04-09,2025-04-16,15.0,2025,P121,17.048503353144895,74.67157114887826,Sangli,normal,statewide,0.0,1,7,CHIRPS Daily v2.0,Maharashtra,CHIRPS Rainfall
2025-04-09,2025-04-16,15.0,2025,P148,17.67852974098626,76.08383979812143,Solapur,normal,statewide,0.0,1,7,CHIRPS Daily v2.0,Maharashtra,CHIRPS Rainfall
2025-04-09,2025-04-16,15.0,2025,P149,18.223365003201543,75.4251413905064,Solapur,normal,statewide,0.0,1,7,CHIRPS Daily v2.0,Maharashtra,CHIRPS Rainfall
2025-04-09,2025-04-16,15.0,2025,P150,17.952532582518405,75.23562067753285,Solapur,normal,statewide,0.0,1,7,CHIRPS Daily v2.0,Maharashtra,CHIRPS Rainfall
2025-04-09,2025-04-16,15.0,2025,P151,18.223690517578447,75.23598186471818,Solapur,normal,statewide,0.0,1,7,CHIRPS Daily v2.0,Maharashtra,CHIRPS Rainfall
2025-04-09,2025-04-16,15.0,2025,P152,19.658178867370932,72.94986318203122,Thane,normal,statewide,0.0,1,7,CHIRPS Daily v2.0,Maharashtra,CHIRPS Rainfall
2025-04-09,2025-04-16,15.0,2025,P153,19.65706409210757,72.8545320606096,Thane,normal,statewide,0.0,1,7,CHIRPS Daily v2.0,Maharashtra,CHIRPS Rainfall
2025-04-09,2025-04-16,15.0,2025,P154,19.477549601897948,72.95214624177059,Thane,normal,statewide,0.0,1,7,CHIRPS Daily v2.0,Maharashtra,CHIRPS Rainfall
2025-04-09,2025-04-16,15.0,2025,P155,19.83987385799569,73.0429959666335,Thane,normal,statewide,0.0,1,7,CHIRPS Daily v2.0,Maharashtra,CHIRPS Rainfall
2025-04-09,2025-04-16,15.0,2025,P156,20.806749657616468,78.60135461177485,Wardha,normal,statewide,5.251141548156738,1,7,CHIRPS Daily v2.0,Maharashtra,CHIRPS Rainfall
2025-04-09,2025-04-16,15.0,2025,P157,20.71031267913359,78.88671032458906,Wardha,normal,statewide,3.6523704528808594,1,7,CHIRPS Daily v2.0,Maharashtra,CHIRPS Rainfall
2025-04-09,2025-04-16,15.0,2025,P158,21.081265295769754,78.41565980750515,Wardha,normal,statewide,4.791154384613037,1,7,CHIRPS Daily v2.0,Maharashtra,CHIRPS Rainfall
2025-04-09,2025-04-16,15.0,2025,P159,20.439854822938944,78.87986114537097,Wardha,normal,statewide,3.8169848918914795,1,7,CHIRPS Daily v2.0,Maharashtra,CHIRPS Rainfall
2025-04-09,2025-04-16,15.0,2025,P160,20.289186257444058,77.15404188735265,Washim,normal,statewide,4.811698913574219,1,7,CHIRPS Daily v2.0,Maharashtra,CHIRPS Rainfall
2025-04-09,2025-04-16,15.0,2025,P161,20.464607292886615,77.53975858757677,Washim,normal,statewide,4.238550186157227,1,7,CHIRPS Daily v2.0,Maharashtra,CHIRPS Rainfall
2025-04-09,2025-04-16,15.0,2025,P162,20.107393166596125,77.2471479173486,Washim,normal,statewide,0.0,1,7,CHIRPS Daily v2.0,Maharashtra,CHIRPS Rainfall
2025-04-09,2025-04-16,15.0,2025,P163,20.198885002010726,77.1527933390577,Washim,normal,statewide,0.0,1,7,CHIRPS Daily v2.0,Maharashtra,CHIRPS Rainfall
2025-04-09,2025-04-16,15.0,2025,P164,20.182854533723592,78.20447678161395,Yavatmal,normal,statewide,0.0,1,7,CHIRPS Daily v2.0,Maharashtra,CHIRPS Rainfall
2025-04-09,2025-04-16,15.0,2025,P165,19.894658373538324,79.05709703494229,Yavatmal,normal,statewide,0.0,1,7,CHIRPS Daily v2.0,Maharashtra,CHIRPS Rainfall
2025-04-09,2025-04-16,15.0,2025,P166,19.468787468327925,77.71426550730338,Yavatmal,normal,statewide,0.0,1,7,CHIRPS Daily v2.0,Maharashtra,CHIRPS Rainfall
2025-04-09,2025-04-16,15.0,2025,P167,19.559057510053886,77.71577268345945,Yavatmal,normal,statewide,4.3731584548950195,1,7,CHIRPS Daily v2.0,Maharashtra,CHIRPS Rainfall
2025-04-16,2025-04-23,16.0,2025,P147,17.927231643141155,73.94769852026607,Satara,case_study,case_study,0.0,1,7,CHIRPS Daily v2.0,Maharashtra,CHIRPS Rainfall
2025-04-16,2025-04-23,16.0,2025,P061,18.507855650411397,76.91766048140843,Latur,high,priority,5.906737327575684,1,7,CHIRPS Daily v2.0,Maharashtra,CHIRPS Rainfall
2025-04-16,2025-04-23,16.0,2025,P062,18.422405896924207,76.3487594508077,Latur,high,priority,5.603157043457031,1,7,CHIRPS Daily v2.0,Maharashtra,CHIRPS Rainfall
2025-04-16,2025-04-23,16.0,2025,P063,18.235391198742693,77.05646783810116,Latur,high,priority,0.0,1,7,CHIRPS Daily v2.0,Maharashtra,CHIRPS Rainfall
2025-04-16,2025-04-23,16.0,2025,P064,18.193056493341274,76.77240080549139,Latur,high,priority,5.795111656188965,1,7,CHIRPS Daily v2.0,Maharashtra,CHIRPS Rainfall
2025-04-16,2025-04-23,16.0,2025,P065,18.331355512513895,76.44266811899327,Latur,high,priority,6.7378692626953125,1,7,CHIRPS Daily v2.0,Maharashtra,CHIRPS Rainfall
2025-04-16,2025-04-23,16.0,2025,P066,18.104739537876725,76.5352970251765,Latur,high,priority,6.963404655456543,1,7,CHIRPS Daily v2.0,Maharashtra,CHIRPS Rainfall
2025-04-16,2025-04-23,16.0,2025,P067,18.280552974211986,77.0569984711265,Latur,high,priority,0.0,1,7,CHIRPS Daily v2.0,Maharashtra,CHIRPS Rainfall
2025-04-16,2025-04-23,16.0,2025,P068,18.101823285787773,76.86595720469373,Latur,high,priority,0.0,1,7,CHIRPS Daily v2.0,Maharashtra,CHIRPS Rainfall
2025-04-16,2025-04-23,16.0,2025,P069,18.595075667016793,77.20284228928156,Latur,high,priority,4.814430236816406,1,7,CHIRPS Daily v2.0,Maharashtra,CHIRPS Rainfall
2025-04-16,2025-04-23,16.0,2025,P070,18.41499041187233,77.15322587185987,Latur,high,priority,6.922923564910889,1,7,CHIRPS Daily v2.0,Maharashtra,CHIRPS Rainfall
2025-04-16,2025-04-23,16.0,2025,P071,18.149138807065885,76.63019561379593,Latur,high,priority,7.179986953735352,1,7,CHIRPS Daily v2.0,Maharashtra,CHIRPS Rainfall
2025-04-16,2025-04-23,16.0,2025,P072,18.283393421583035,76.77331492120734,Latur,high,priority,0.0,1,7,CHIRPS Daily v2.0,Maharashtra,CHIRPS Rainfall
2025-04-16,2025-04-23,16.0,2025,P073,17.966315663874607,76.86453029235662,Latur,high,priority,0.0,1,7,CHIRPS Daily v2.0,Maharashtra,CHIRPS Rainfall
2025-04-16,2025-04-23,16.0,2025,P074,18.50832831512306,76.870318205524,Latur,high,priority,0.0,1,7,CHIRPS Daily v2.0,Maharashtra,CHIRPS Rainfall
2025-04-16,2025-04-23,16.0,2025,P075,18.41444640154381,77.20053247493588,Latur,high,priority,6.1835222244262695,1,7,CHIRPS Daily v2.0,Maharashtra,CHIRPS Rainfall
2025-04-16,2025-04-23,16.0,2025,P076,18.377877313804504,76.25376722106614,Latur,high,priority,5.478724479675293,1,7,CHIRPS Daily v2.0,Maharashtra,CHIRPS Rainfall
2025-04-16,2025-04-23,16.0,2025,P077,18.059564385104267,76.5349046242838,Latur,high,priority,7.297902584075928,1,7,CHIRPS Daily v2.0,Maharashtra,CHIRPS Rainfall
2025-04-16,2025-04-23,16.0,2025,P078,18.1008824154655,76.96042326051098,Latur,high,priority,0.0,1,7,CHIRPS Daily v2.0,Maharashtra,CHIRPS Rainfall
2025-04-16,2025-04-23,16.0,2025,P079,18.73508698099394,76.77797468180819,Latur,high,priority,0.0,1,7,CHIRPS Daily v2.0,Maharashtra,CHIRPS Rainfall
2025-04-16,2025-04-23,16.0,2025,P080,18.46791548227568,76.3017694439065,Latur,high,priority,0.0,1,7,CHIRPS Daily v2.0,Maharashtra,CHIRPS Rainfall
2025-04-16,2025-04-23,16.0,2025,P081,18.10355787609756,76.67701617485712,Latur,high,priority,5.824073314666748,1,7,CHIRPS Daily v2.0,Maharashtra,CHIRPS Rainfall
2025-04-16,2025-04-23,16.0,2025,P082,18.23907887531389,76.67830931416262,Latur,high,priority,0.0,1,7,CHIRPS Daily v2.0,Maharashtra,CHIRPS Rainfall
2025-04-16,2025-04-23,16.0,2025,P083,18.369289085175563,77.19996171000103,Latur,high,priority,7.18728494644165,1,7,CHIRPS Daily v2.0,Maharashtra,CHIRPS Rainfall
2025-04-16,2025-04-23,16.0,2025,P084,18.46362582706226,76.82249880582684,Latur,high,priority,0.0,1,7,CHIRPS Daily v2.0,Maharashtra,CHIRPS Rainfall
2025-04-16,2025-04-23,16.0,2025,P085,18.14788579966987,76.77194597718393,Latur,high,priority,6.248477458953857,1,7,CHIRPS Daily v2.0,Maharashtra,CHIRPS Rainfall
2025-04-16,2025-04-23,16.0,2025,P122,17.88145897082753,73.8441448165019,Satara,high,priority,0.0,1,7,CHIRPS Daily v2.0,Maharashtra,CHIRPS Rainfall
2025-04-16,2025-04-23,16.0,2025,P123,17.386414030975025,74.27088970551878,Satara,high,priority,16.43675994873047,1,7,CHIRPS Daily v2.0,Maharashtra,CHIRPS Rainfall
2025-04-16,2025-04-23,16.0,2025,P124,17.43262815429294,74.647353771057,Satara,high,priority,5.516525745391846,1,7,CHIRPS Daily v2.0,Maharashtra,CHIRPS Rainfall
2025-04-16,2025-04-23,16.0,2025,P125,17.56734651531964,74.31728219287884,Satara,high,priority,12.311708450317383,1,7,CHIRPS Daily v2.0,Maharashtra,CHIRPS Rainfall
2025-04-16,2025-04-23,16.0,2025,P126,17.205080227535593,74.13053949986157,Satara,high,priority,15.848143577575684,1,7,CHIRPS Daily v2.0,Maharashtra,CHIRPS Rainfall
2025-04-16,2025-04-23,16.0,2025,P127,17.65773249367299,74.31694330119876,Satara,high,priority,20.950410842895508,1,7,CHIRPS Daily v2.0,Maharashtra,CHIRPS Rainfall
2025-04-16,2025-04-23,16.0,2025,P128,18.019949731345452,74.5517328080669,Satara,high,priority,0.0,1,7,CHIRPS Daily v2.0,Maharashtra,CHIRPS Rainfall
2025-04-16,2025-04-23,16.0,2025,P129,18.063234225271252,74.03192648006461,Satara,high,priority,0.0,1,7,CHIRPS Daily v2.0,Maharashtra,CHIRPS Rainfall
2025-04-16,2025-04-23,16.0,2025,P130,17.61135784271715,74.03436560834085,Satara,high,priority,33.07672882080078,1,7,CHIRPS Daily v2.0,Maharashtra,CHIRPS Rainfall
2025-04-16,2025-04-23,16.0,2025,P131,17.612539504496315,74.3171127470388,Satara,high,priority,7.506394863128662,1,7,CHIRPS Daily v2.0,Maharashtra,CHIRPS Rainfall
2025-04-16,2025-04-23,16.0,2025,P132,17.702176353872684,74.12817617630324,Satara,high,priority,20.190662384033203,1,7,CHIRPS Daily v2.0,Maharashtra,CHIRPS Rainfall
2025-04-16,2025-04-23,16.0,2025,P133,17.25006363896275,74.08329532420031,Satara,high,priority,16.40772819519043,1,7,CHIRPS Daily v2.0,Maharashtra,CHIRPS Rainfall
2025-04-16,2025-04-23,16.0,2025,P134,17.476429903940936,74.17634784498362,Satara,high,priority,15.007710456848145,1,7,CHIRPS Daily v2.0,Maharashtra,CHIRPS Rainfall
2025-04-16,2025-04-23,16.0,2025,P135,17.882716437324603,74.0801070669471,Satara,high,priority,4.700797080993652,1,7,CHIRPS Daily v2.0,Maharashtra,CHIRPS Rainfall
2025-04-16,2025-04-23,16.0,2025,P136,17.928520323345598,74.22149178404871,Satara,high,priority,0.0,1,7,CHIRPS Daily v2.0,Maharashtra,CHIRPS Rainfall
2025-04-16,2025-04-23,16.0,2025,P137,17.746687100588183,73.98648378122894,Satara,high,priority,0.0,1,7,CHIRPS Daily v2.0,Maharashtra,CHIRPS Rainfall
2025-04-16,2025-04-23,16.0,2025,P138,17.61269557303319,74.36423652697161,Satara,high,priority,9.756672859191895,1,7,CHIRPS Daily v2.0,Maharashtra,CHIRPS Rainfall
2025-04-16,2025-04-23,16.0,2025,P139,17.656773786946495,74.08126197411994,Satara,high,priority,24.87879180908203,1,7,CHIRPS Daily v2.0,Maharashtra,CHIRPS Rainfall
2025-04-16,2025-04-23,16.0,2025,P140,17.97464080554139,74.50462240543725,Satara,high,priority,0.0,1,7,CHIRPS Daily v2.0,Maharashtra,CHIRPS Rainfall
2025-04-16,2025-04-23,16.0,2025,P141,17.430826677467348,74.08239904488856,Satara,high,priority,18.811548233032227,1,7,CHIRPS Daily v2.0,Maharashtra,CHIRPS Rainfall
2025-04-16,2025-04-23,16.0,2025,P142,18.064447100757786,74.31538707493111,Satara,high,priority,0.0,1,7,CHIRPS Daily v2.0,Maharashtra,CHIRPS Rainfall
2025-04-16,2025-04-23,16.0,2025,P143,17.70379500755509,74.6468275971327,Satara,high,priority,0.0,1,7,CHIRPS Daily v2.0,Maharashtra,CHIRPS Rainfall
2025-04-16,2025-04-23,16.0,2025,P144,17.929452275465767,74.50474726026674,Satara,high,priority,3.6491966247558594,1,7,CHIRPS Daily v2.0,Maharashtra,CHIRPS Rainfall
2025-04-16,2025-04-23,16.0,2025,P145,17.47773196144854,74.60017202281048,Satara,high,priority,5.3873395919799805,1,7,CHIRPS Daily v2.0,Maharashtra,CHIRPS Rainfall
2025-04-16,2025-04-23,16.0,2025,P146,17.839182233739812,74.55218763637436,Satara,high,priority,0.0,1,7,CHIRPS Daily v2.0,Maharashtra,CHIRPS Rainfall
2025-04-16,2025-04-23,16.0,2025,P001,19.940457800458272,74.57045211428928,Ahmednagar,normal,statewide,0.0,1,7,CHIRPS Daily v2.0,Maharashtra,CHIRPS Rainfall
2025-04-16,2025-04-23,16.0,2025,P002,18.946729294293643,74.76302285238339,Ahmednagar,normal,statewide,0.0,1,7,CHIRPS Daily v2.0,Maharashtra,CHIRPS Rainfall
2025-04-16,2025-04-23,16.0,2025,P003,18.49469238410162,74.66892244285252,Ahmednagar,normal,statewide,0.0,1,7,CHIRPS Daily v2.0,Maharashtra,CHIRPS Rainfall
2025-04-16,2025-04-23,16.0,2025,P004,19.03720445466806,75.1420731965326,Ahmednagar,normal,statewide,0.0,1,7,CHIRPS Daily v2.0,Maharashtra,CHIRPS Rainfall
2025-04-16,2025-04-23,16.0,2025,P005,20.832153156317954,77.06560453615967,Akola,normal,statewide,0.0,1,7,CHIRPS Daily v2.0,Maharashtra,CHIRPS Rainfall
2025-04-16,2025-04-23,16.0,2025,P006,20.834360411339407,76.87349308547405,Akola,normal,statewide,0.0,1,7,CHIRPS Daily v2.0,Maharashtra,CHIRPS Rainfall
2025-04-16,2025-04-23,16.0,2025,P007,21.014976299509232,76.87574047240498,Akola,normal,statewide,0.0,1,7,CHIRPS Daily v2.0,Maharashtra,CHIRPS Rainfall
2025-04-16,2025-04-23,16.0,2025,P008,20.828434266039377,77.35372489162701,Akola,normal,statewide,0.0,1,7,CHIRPS Daily v2.0,Maharashtra,CHIRPS Rainfall
2025-04-16,2025-04-23,16.0,2025,P009,21.360971327549258,77.94039543992572,Amravati,normal,statewide,0.0,1,7,CHIRPS Daily v2.0,Maharashtra,CHIRPS Rainfall
2025-04-16,2025-04-23,16.0,2025,P010,21.178803672212837,78.03301542790685,Amravati,normal,statewide,0.0,1,7,CHIRPS Daily v2.0,Maharashtra,CHIRPS Rainfall
2025-04-16,2025-04-23,16.0,2025,P011,20.814388097721018,78.21764450702477,Amravati,normal,statewide,0.0,1,7,CHIRPS Daily v2.0,Maharashtra,CHIRPS Rainfall
2025-04-16,2025-04-23,16.0,2025,P012,21.180502589714195,77.93681032267875,Amravati,normal,statewide,0.0,1,7,CHIRPS Daily v2.0,Maharashtra,CHIRPS Rainfall
2025-04-16,2025-04-23,16.0,2025,P013,20.031289688916964,74.8570519162974,Aurangabad,normal,statewide,0.0,1,7,CHIRPS Daily v2.0,Maharashtra,CHIRPS Rainfall
2025-04-16,2025-04-23,16.0,2025,P014,19.760185263069562,75.14270192978114,Aurangabad,normal,statewide,0.0,1,7,CHIRPS Daily v2.0,Maharashtra,CHIRPS Rainfall
2025-04-16,2025-04-23,16.0,2025,P015,19.9408189876436,74.76157364454102,Aurangabad,normal,statewide,0.0,1,7,CHIRPS Daily v2.0,Maharashtra,CHIRPS Rainfall
2025-04-16,2025-04-23,16.0,2025,P016,19.66981712112043,75.14262166596218,Aurangabad,normal,statewide,0.0,1,7,CHIRPS Daily v2.0,Maharashtra,CHIRPS Rainfall
2025-04-16,2025-04-23,16.0,2025,P017,21.04613203856966,79.85576216552393,Bhandara,normal,statewide,0.0,1,7,CHIRPS Daily v2.0,Maharashtra,CHIRPS Rainfall
2025-04-16,2025-04-23,16.0,2025,P018,21.31897105472685,79.76852877161537,Bhandara,normal,statewide,0.0,1,7,CHIRPS Daily v2.0,Maharashtra,CHIRPS Rainfall
2025-04-16,2025-04-23,16.0,2025,P019,21.40900922319803,79.77144948280537,Bhandara,normal,statewide,0.0,1,7,CHIRPS Daily v2.0,Maharashtra,CHIRPS Rainfall
2025-04-16,2025-04-23,16.0,2025,P020,21.144196588937042,79.57074980349083,Bhandara,normal,statewide,0.0,1,7,CHIRPS Daily v2.0,Maharashtra,CHIRPS Rainfall
2025-04-16,2025-04-23,16.0,2025,P021,18.67502288980403,75.52108340877234,Bid,normal,statewide,0.0,1,7,CHIRPS Daily v2.0,Maharashtra,CHIRPS Rainfall
2025-04-16,2025-04-23,16.0,2025,P022,18.856499384477168,75.04699178476999,Bid,normal,statewide,0.0,1,7,CHIRPS Daily v2.0,Maharashtra,CHIRPS Rainfall
2025-04-16,2025-04-23,16.0,2025,P023,19.126596053486494,75.6175605191647,Bid,normal,statewide,0.0,1,7,CHIRPS Daily v2.0,Maharashtra,CHIRPS Rainfall
2025-04-16,2025-04-23,16.0,2025,P024,18.763955201213946,75.90084720909012,Bid,normal,statewide,4.132133483886719,1,7,CHIRPS Daily v2.0,Maharashtra,CHIRPS Rainfall
2025-04-16,2025-04-23,16.0,2025,P025,20.93073496240753,76.20164478885242,Buldana,normal,statewide,0.0,1,7,CHIRPS Daily v2.0,Maharashtra,CHIRPS Rainfall
2025-04-16,2025-04-23,16.0,2025,P026,20.838939908121294,76.39311412898633,Buldana,normal,statewide,0.0,1,7,CHIRPS Daily v2.0,Maharashtra,CHIRPS Rainfall
2025-04-16,2025-04-23,16.0,2025,P027,20.657476790751314,76.48742857536776,Buldana,normal,statewide,0.0,1,7,CHIRPS Daily v2.0,Maharashtra,CHIRPS Rainfall
2025-04-16,2025-04-23,16.0,2025,P028,20.47967013624516,76.10222021266374,Buldana,normal,statewide,0.0,1,7,CHIRPS Daily v2.0,Maharashtra,CHIRPS Rainfall
2025-04-16,2025-04-23,16.0,2025,P029,20.32317798477448,79.92829390325927,Chandrapur,normal,statewide,7.820120573043823,1,7,CHIRPS Daily v2.0,Maharashtra,CHIRPS Rainfall
2025-04-16,2025-04-23,16.0,2025,P030,20.60872097983294,79.36304041732026,Chandrapur,normal,statewide,0.0,1,7,CHIRPS Daily v2.0,Maharashtra,CHIRPS Rainfall
2025-04-16,2025-04-23,16.0,2025,P031,20.511160307884595,79.64732594588165,Chandrapur,normal,statewide,0.0,1,7,CHIRPS Daily v2.0,Maharashtra,CHIRPS Rainfall
2025-04-16,2025-04-23,16.0,2025,P032,20.598621115946884,79.74569817422172,Chandrapur,normal,statewide,0.0,1,7,CHIRPS Daily v2.0,Maharashtra,CHIRPS Rainfall
2025-04-16,2025-04-23,16.0,2025,P033,21.38667804512237,75.14422248324037,Dhule,normal,statewide,0.0,1,7,CHIRPS Daily v2.0,Maharashtra,CHIRPS Rainfall
2025-04-16,2025-04-23,16.0,2025,P034,21.025151968113196,74.75989256344387,Dhule,normal,statewide,0.0,1,7,CHIRPS Daily v2.0,Maharashtra,CHIRPS Rainfall
2025-04-16,2025-04-23,16.0,2025,P035,21.477028350667293,74.85568743137505,Dhule,normal,statewide,0.0,1,7,CHIRPS Daily v2.0,Maharashtra,CHIRPS Rainfall
2025-04-16,2025-04-23,16.0,2025,P036,20.933820660336515,74.37533522949364,Dhule,normal,statewide,0.0,1,7,CHIRPS Daily v2.0,Maharashtra,CHIRPS Rainfall
2025-04-16,2025-04-23,16.0,2025,P037,19.963056524597132,79.91698116388667,Garhchiroli,normal,statewide,0.0,1,7,CHIRPS Daily v2.0,Maharashtra,CHIRPS Rainfall
2025-04-16,2025-04-23,16.0,2025,P038,19.062661462582188,79.88977172925856,Garhchiroli,normal,statewide,0.0,1,7,CHIRPS Daily v2.0,Maharashtra,CHIRPS Rainfall
2025-04-16,2025-04-23,16.0,2025,P039,19.510270485428137,79.9981368030594,Garhchiroli,normal,statewide,0.0,1,7,CHIRPS Daily v2.0,Maharashtra,CHIRPS Rainfall
2025-04-16,2025-04-23,16.0,2025,P040,19.870365190999156,80.00935144220881,Garhchiroli,normal,statewide,0.0,1,7,CHIRPS Daily v2.0,Maharashtra,CHIRPS Rainfall
2025-04-16,2025-04-23,16.0,2025,P041,21.127639946725598,80.1465044724107,Gondiya,normal,statewide,0.0,1,7,CHIRPS Daily v2.0,Maharashtra,CHIRPS Rainfall
2025-04-16,2025-04-23,16.0,2025,P042,21.397598383602258,80.15591763473452,Gondiya,normal,statewide,0.0,1,7,CHIRPS Daily v2.0,Maharashtra,CHIRPS Rainfall
2025-04-16,2025-04-23,16.0,2025,P043,21.574548890706154,80.25847249986273,Gondiya,normal,statewide,0.0,1,7,CHIRPS Daily v2.0,Maharashtra,CHIRPS Rainfall
2025-04-16,2025-04-23,16.0,2025,P044,21.211649410572516,80.34153217518526,Gondiya,normal,statewide,0.0,1,7,CHIRPS Daily v2.0,Maharashtra,CHIRPS Rainfall
2025-04-16,2025-04-23,16.0,2025,P045,19.655900266732623,77.2407892392464,Hingoli,normal,statewide,0.0,1,7,CHIRPS Daily v2.0,Maharashtra,CHIRPS Rainfall
2025-04-16,2025-04-23,16.0,2025,P046,19.566758377573187,77.1442675378435,Hingoli,normal,statewide,0.0,1,7,CHIRPS Daily v2.0,Maharashtra,CHIRPS Rainfall
2025-04-16,2025-04-23,16.0,2025,P047,19.47860194974656,76.9526242927685,Hingoli,normal,statewide,0.0,1,7,CHIRPS Daily v2.0,Maharashtra,CHIRPS Rainfall
2025-04-16,2025-04-23,16.0,2025,P048,19.927981235710728,77.14910120338544,Hingoli,normal,statewide,0.0,1,7,CHIRPS Daily v2.0,Maharashtra,CHIRPS Rainfall
2025-04-16,2025-04-23,16.0,2025,P049,21.292738163229433,76.10816865346904,Jalgaon,normal,statewide,0.0,1,7,CHIRPS Daily v2.0,Maharashtra,CHIRPS Rainfall
2025-04-16,2025-04-23,16.0,2025,P050,21.386178625804387,75.43363151891216,Jalgaon,normal,statewide,0.0,1,7,CHIRPS Daily v2.0,Maharashtra,CHIRPS Rainfall
2025-04-16,2025-04-23,16.0,2025,P051,21.112064306745907,76.10682200495089,Jalgaon,normal,statewide,0.0,1,7,CHIRPS Daily v2.0,Maharashtra,CHIRPS Rainfall
2025-04-16,2025-04-23,16.0,2025,P052,20.844437979720194,75.23982115072519,Jalgaon,normal,statewide,0.0,1,7,CHIRPS Daily v2.0,Maharashtra,CHIRPS Rainfall
2025-04-16,2025-04-23,16.0,2025,P053,19.486369703781666,76.00005328932718,Jalna,normal,statewide,0.0,1,7,CHIRPS Daily v2.0,Maharashtra,CHIRPS Rainfall
2025-04-16,2025-04-23,16.0,2025,P054,20.028502750758555,76.00343774702675,Jalna,normal,statewide,0.0,1,7,CHIRPS Daily v2.0,Maharashtra,CHIRPS Rainfall
2025-04-16,2025-04-23,16.0,2025,P055,19.75743845682064,76.00172991132328,Jalna,normal,statewide,0.0,1,7,CHIRPS Daily v2.0,Maharashtra,CHIRPS Rainfall
2025-04-16,2025-04-23,16.0,2025,P056,19.57768317515413,75.80993951591351,Jalna,normal,statewide,0.0,1,7,CHIRPS Daily v2.0,Maharashtra,CHIRPS Rainfall
2025-04-16,2025-04-23,16.0,2025,P057,16.776377793156257,74.29671235971928,Kolhapur,normal,statewide,14.549198150634766,1,7,CHIRPS Daily v2.0,Maharashtra,CHIRPS Rainfall
2025-04-16,2025-04-23,16.0,2025,P058,16.324416687682138,74.29834884980589,Kolhapur,normal,statewide,14.520903587341309,1,7,CHIRPS Daily v2.0,Maharashtra,CHIRPS Rainfall
2025-04-16,2025-04-23,16.0,2025,P059,16.595891218916975,74.39111598812178,Kolhapur,normal,statewide,8.157519340515137,1,7,CHIRPS Daily v2.0,Maharashtra,CHIRPS Rainfall
2025-04-16,2025-04-23,16.0,2025,P060,16.414811584237594,74.29802779453004,Kolhapur,normal,statewide,7.827669620513916,1,7,CHIRPS Daily v2.0,Maharashtra,CHIRPS Rainfall
2025-04-16,2025-04-23,16.0,2025,P086,21.054127206758487,79.56798961993874,Nagpur,normal,statewide,0.0,1,7,CHIRPS Daily v2.0,Maharashtra,CHIRPS Rainfall
2025-04-16,2025-04-23,16.0,2025,P087,21.146765031143822,79.47473643960802,Nagpur,normal,statewide,4.577735424041748,1,7,CHIRPS Daily v2.0,Maharashtra,CHIRPS Rainfall
2025-04-16,2025-04-23,16.0,2025,P088,21.347803602138427,78.61442869606356,Nagpur,normal,statewide,0.0,1,7,CHIRPS Daily v2.0,Maharashtra,CHIRPS Rainfall
2025-04-16,2025-04-23,16.0,2025,P089,21.165377318940912,78.70615240473293,Nagpur,normal,statewide,0.0,1,7,CHIRPS Daily v2.0,Maharashtra,CHIRPS Rainfall
2025-04-16,2025-04-23,16.0,2025,P090,19.201968238592887,77.42470040309472,Nanded,normal,statewide,0.0,1,7,CHIRPS Daily v2.0,Maharashtra,CHIRPS Rainfall
2025-04-16,2025-04-23,16.0,2025,P091,18.566038000956755,77.69963965584807,Nanded,normal,statewide,4.24055814743042,1,7,CHIRPS Daily v2.0,Maharashtra,CHIRPS Rainfall
2025-04-16,2025-04-23,16.0,2025,P092,19.736596618496833,77.90946265591798,Nanded,normal,statewide,0.0,1,7,CHIRPS Daily v2.0,Maharashtra,CHIRPS Rainfall
2025-04-16,2025-04-23,16.0,2025,P093,18.93564842817583,77.04115528508362,Nanded,normal,statewide,0.0,1,7,CHIRPS Daily v2.0,Maharashtra,CHIRPS Rainfall
2025-04-16,2025-04-23,16.0,2025,P094,21.564917232430716,74.08292967791392,Nandurbar,normal,statewide,0.0,1,7,CHIRPS Daily v2.0,Maharashtra,CHIRPS Rainfall
2025-04-16,2025-04-23,16.0,2025,P095,21.5662594218478,74.37266422796263,Nandurbar,normal,statewide,0.0,1,7,CHIRPS Daily v2.0,Maharashtra,CHIRPS Rainfall
2025-04-16,2025-04-23,16.0,2025,P096,21.385179787168415,74.27697637845674,Nandurbar,normal,statewide,0.0,1,7,CHIRPS Daily v2.0,Maharashtra,CHIRPS Rainfall
2025-04-16,2025-04-23,16.0,2025,P097,21.565421110849755,74.17950488852946,Nandurbar,normal,statewide,0.0,1,7,CHIRPS Daily v2.0,Maharashtra,CHIRPS Rainfall
2025-04-16,2025-04-23,16.0,2025,P098,20.299553667393326,73.99482675929994,Nashik,normal,statewide,0.0,1,7,CHIRPS Daily v2.0,Maharashtra,CHIRPS Rainfall
2025-04-16,2025-04-23,16.0,2025,P099,20.120253214034264,74.28296495117151,Nashik,normal,statewide,0.0,1,7,CHIRPS Daily v2.0,Maharashtra,CHIRPS Rainfall
2025-04-16,2025-04-23,16.0,2025,P100,20.389903972938242,73.99424261706194,Nashik,normal,statewide,0.0,1,7,CHIRPS Daily v2.0,Maharashtra,CHIRPS Rainfall
2025-04-16,2025-04-23,16.0,2025,P101,20.029015547379707,74.09216447619562,Nashik,normal,statewide,0.0,1,7,CHIRPS Daily v2.0,Maharashtra,CHIRPS Rainfall
2025-04-16,2025-04-23,16.0,2025,P102,17.85749130266526,76.36802722645965,Osmanabad,normal,statewide,5.824027061462402,1,7,CHIRPS Daily v2.0,Maharashtra,CHIRPS Rainfall
2025-04-16,2025-04-23,16.0,2025,P103,17.76644983645705,76.46164605307673,Osmanabad,normal,statewide,0.0,1,7,CHIRPS Daily v2.0,Maharashtra,CHIRPS Rainfall
2025-04-16,2025-04-23,16.0,2025,P104,17.949094615606196,76.17989775301476,Osmanabad,normal,statewide,0.0,1,7,CHIRPS Daily v2.0,Maharashtra,CHIRPS Rainfall
2025-04-16,2025-04-23,16.0,2025,P105,18.584360447185368,75.61558067829696,Osmanabad,normal,statewide,0.0,1,7,CHIRPS Daily v2.0,Maharashtra,CHIRPS Rainfall
2025-04-16,2025-04-23,16.0,2025,P106,19.031389786894366,76.47235681380711,Parbhani,normal,statewide,0.0,1,7,CHIRPS Daily v2.0,Maharashtra,CHIRPS Rainfall
2025-04-16,2025-04-23,16.0,2025,P107,19.120950831552832,76.56820519095093,Parbhani,normal,statewide,0.0,1,7,CHIRPS Daily v2.0,Maharashtra,CHIRPS Rainfall
2025-04-16,2025-04-23,16.0,2025,P108,19.208625676465683,76.85432786914635,Parbhani,normal,statewide,0.0,1,7,CHIRPS Daily v2.0,Maharashtra,CHIRPS Rainfall
2025-04-16,2025-04-23,16.0,2025,P109,19.212081479782103,76.47396209018636,Parbhani,normal,statewide,0.0,1,7,CHIRPS Daily v2.0,Maharashtra,CHIRPS Rainfall
2025-04-16,2025-04-23,16.0,2025,P110,18.133442771357757,75.04679558432363,Pune,normal,statewide,0.0,1,7,CHIRPS Daily v2.0,Maharashtra,CHIRPS Rainfall
2025-04-16,2025-04-23,16.0,2025,P111,18.584645829652782,74.47919215212944,Pune,normal,statewide,0.0,1,7,CHIRPS Daily v2.0,Maharashtra,CHIRPS Rainfall
2025-04-16,2025-04-23,16.0,2025,P112,18.132979024848197,74.57507620208169,Pune,normal,statewide,0.0,1,7,CHIRPS Daily v2.0,Maharashtra,CHIRPS Rainfall
2025-04-16,2025-04-23,16.0,2025,P113,18.314072036830744,74.76389683618987,Pune,normal,statewide,0.0,1,7,CHIRPS Daily v2.0,Maharashtra,CHIRPS Rainfall
2025-04-16,2025-04-23,16.0,2025,P114,18.48503397121986,73.0589238755964,Raigarh,normal,statewide,0.0,1,7,CHIRPS Daily v2.0,Maharashtra,CHIRPS Rainfall
2025-04-16,2025-04-23,16.0,2025,P115,18.665689991299164,73.05687714821288,Raigarh,normal,statewide,0.0,1,7,CHIRPS Daily v2.0,Maharashtra,CHIRPS Rainfall
2025-04-16,2025-04-23,16.0,2025,P116,18.306197264370358,73.25009891506079,Raigarh,normal,statewide,3.032960891723633,1,7,CHIRPS Daily v2.0,Maharashtra,CHIRPS Rainfall
2025-04-16,2025-04-23,16.0,2025,P117,18.21404102289879,73.06194714611064,Raigarh,normal,statewide,0.0,1,7,CHIRPS Daily v2.0,Maharashtra,CHIRPS Rainfall
2025-04-16,2025-04-23,16.0,2025,P118,17.138719885658215,75.42259970290594,Sangli,normal,statewide,5.643379211425781,1,7,CHIRPS Daily v2.0,Maharashtra,CHIRPS Rainfall
2025-04-16,2025-04-23,16.0,2025,P119,17.048761981005992,74.95348443567921,Sangli,normal,statewide,4.421394348144531,1,7,CHIRPS Daily v2.0,Maharashtra,CHIRPS Rainfall
2025-04-16,2025-04-23,16.0,2025,P120,16.86707144948229,74.39025538161847,Sangli,normal,statewide,9.596242904663086,1,7,CHIRPS Daily v2.0,Maharashtra,CHIRPS Rainfall
2025-04-16,2025-04-23,16.0,2025,P121,17.048503353144895,74.67157114887826,Sangli,normal,statewide,8.236366271972656,1,7,CHIRPS Daily v2.0,Maharashtra,CHIRPS Rainfall
2025-04-16,2025-04-23,16.0,2025,P148,17.67852974098626,76.08383979812143,Solapur,normal,statewide,0.0,1,7,CHIRPS Daily v2.0,Maharashtra,CHIRPS Rainfall
2025-04-16,2025-04-23,16.0,2025,P149,18.223365003201543,75.4251413905064,Solapur,normal,statewide,3.6870644092559814,1,7,CHIRPS Daily v2.0,Maharashtra,CHIRPS Rainfall
2025-04-16,2025-04-23,16.0,2025,P150,17.952532582518405,75.23562067753285,Solapur,normal,statewide,6.6149678230285645,1,7,CHIRPS Daily v2.0,Maharashtra,CHIRPS Rainfall
2025-04-16,2025-04-23,16.0,2025,P151,18.223690517578447,75.23598186471818,Solapur,normal,statewide,0.0,1,7,CHIRPS Daily v2.0,Maharashtra,CHIRPS Rainfall
2025-04-16,2025-04-23,16.0,2025,P152,19.658178867370932,72.94986318203122,Thane,normal,statewide,0.0,1,7,CHIRPS Daily v2.0,Maharashtra,CHIRPS Rainfall
2025-04-16,2025-04-23,16.0,2025,P153,19.65706409210757,72.8545320606096,Thane,normal,statewide,0.0,1,7,CHIRPS Daily v2.0,Maharashtra,CHIRPS Rainfall
2025-04-16,2025-04-23,16.0,2025,P154,19.477549601897948,72.95214624177059,Thane,normal,statewide,0.0,1,7,CHIRPS Daily v2.0,Maharashtra,CHIRPS Rainfall
2025-04-16,2025-04-23,16.0,2025,P155,19.83987385799569,73.0429959666335,Thane,normal,statewide,0.0,1,7,CHIRPS Daily v2.0,Maharashtra,CHIRPS Rainfall
2025-04-16,2025-04-23,16.0,2025,P156,20.806749657616468,78.60135461177485,Wardha,normal,statewide,0.0,1,7,CHIRPS Daily v2.0,Maharashtra,CHIRPS Rainfall
2025-04-16,2025-04-23,16.0,2025,P157,20.71031267913359,78.88671032458906,Wardha,normal,statewide,0.0,1,7,CHIRPS Daily v2.0,Maharashtra,CHIRPS Rainfall
2025-04-16,2025-04-23,16.0,2025,P158,21.081265295769754,78.41565980750515,Wardha,normal,statewide,0.0,1,7,CHIRPS Daily v2.0,Maharashtra,CHIRPS Rainfall
2025-04-16,2025-04-23,16.0,2025,P159,20.439854822938944,78.87986114537097,Wardha,normal,statewide,0.0,1,7,CHIRPS Daily v2.0,Maharashtra,CHIRPS Rainfall
2025-04-16,2025-04-23,16.0,2025,P160,20.289186257444058,77.15404188735265,Washim,normal,statewide,4.534750938415527,1,7,CHIRPS Daily v2.0,Maharashtra,CHIRPS Rainfall
2025-04-16,2025-04-23,16.0,2025,P161,20.464607292886615,77.53975858757677,Washim,normal,statewide,0.0,1,7,CHIRPS Daily v2.0,Maharashtra,CHIRPS Rainfall
2025-04-16,2025-04-23,16.0,2025,P162,20.107393166596125,77.2471479173486,Washim,normal,statewide,8.141173601150513,1,7,CHIRPS Daily v2.0,Maharashtra,CHIRPS Rainfall
2025-04-16,2025-04-23,16.0,2025,P163,20.198885002010726,77.1527933390577,Washim,normal,statewide,8.801134586334229,1,7,CHIRPS Daily v2.0,Maharashtra,CHIRPS Rainfall
2025-04-16,2025-04-23,16.0,2025,P164,20.182854533723592,78.20447678161395,Yavatmal,normal,statewide,0.0,1,7,CHIRPS Daily v2.0,Maharashtra,CHIRPS Rainfall
2025-04-16,2025-04-23,16.0,2025,P165,19.894658373538324,79.05709703494229,Yavatmal,normal,statewide,5.751772880554199,1,7,CHIRPS Daily v2.0,Maharashtra,CHIRPS Rainfall
2025-04-16,2025-04-23,16.0,2025,P166,19.468787468327925,77.71426550730338,Yavatmal,normal,statewide,0.0,1,7,CHIRPS Daily v2.0,Maharashtra,CHIRPS Rainfall
2025-04-16,2025-04-23,16.0,2025,P167,19.559057510053886,77.71577268345945,Yavatmal,normal,statewide,0.0,1,7,CHIRPS Daily v2.0,Maharashtra,CHIRPS Rainfall
2025-04-23,2025-04-30,17.0,2025,P147,17.927231643141155,73.94769852026607,Satara,case_study,case_study,0.0,1,7,CHIRPS Daily v2.0,Maharashtra,CHIRPS Rainfall
2025-04-23,2025-04-30,17.0,2025,P061,18.507855650411397,76.91766048140843,Latur,high,priority,6.214299201965332,1,7,CHIRPS Daily v2.0,Maharashtra,CHIRPS Rainfall
2025-04-23,2025-04-30,17.0,2025,P062,18.422405896924207,76.3487594508077,Latur,high,priority,5.761225700378418,1,7,CHIRPS Daily v2.0,Maharashtra,CHIRPS Rainfall
2025-04-23,2025-04-30,17.0,2025,P063,18.235391198742693,77.05646783810116,Latur,high,priority,12.850762367248535,1,7,CHIRPS Daily v2.0,Maharashtra,CHIRPS Rainfall
2025-04-23,2025-04-30,17.0,2025,P064,18.193056493341274,76.77240080549139,Latur,high,priority,10.391817569732666,1,7,CHIRPS Daily v2.0,Maharashtra,CHIRPS Rainfall
2025-04-23,2025-04-30,17.0,2025,P065,18.331355512513895,76.44266811899327,Latur,high,priority,12.86322832107544,1,7,CHIRPS Daily v2.0,Maharashtra,CHIRPS Rainfall
2025-04-23,2025-04-30,17.0,2025,P066,18.104739537876725,76.5352970251765,Latur,high,priority,12.993738174438477,1,7,CHIRPS Daily v2.0,Maharashtra,CHIRPS Rainfall
2025-04-23,2025-04-30,17.0,2025,P067,18.280552974211986,77.0569984711265,Latur,high,priority,12.186230659484863,1,7,CHIRPS Daily v2.0,Maharashtra,CHIRPS Rainfall
2025-04-23,2025-04-30,17.0,2025,P068,18.101823285787773,76.86595720469373,Latur,high,priority,14.017781257629395,1,7,CHIRPS Daily v2.0,Maharashtra,CHIRPS Rainfall
2025-04-23,2025-04-30,17.0,2025,P069,18.595075667016793,77.20284228928156,Latur,high,priority,6.565067291259766,1,7,CHIRPS Daily v2.0,Maharashtra,CHIRPS Rainfall
2025-04-23,2025-04-30,17.0,2025,P070,18.41499041187233,77.15322587185987,Latur,high,priority,5.917506694793701,1,7,CHIRPS Daily v2.0,Maharashtra,CHIRPS Rainfall
2025-04-23,2025-04-30,17.0,2025,P071,18.149138807065885,76.63019561379593,Latur,high,priority,8.78397274017334,1,7,CHIRPS Daily v2.0,Maharashtra,CHIRPS Rainfall
2025-04-23,2025-04-30,17.0,2025,P072,18.283393421583035,76.77331492120734,Latur,high,priority,7.085101127624512,1,7,CHIRPS Daily v2.0,Maharashtra,CHIRPS Rainfall
2025-04-23,2025-04-30,17.0,2025,P073,17.966315663874607,76.86453029235662,Latur,high,priority,20.274497985839844,1,7,CHIRPS Daily v2.0,Maharashtra,CHIRPS Rainfall
2025-04-23,2025-04-30,17.0,2025,P074,18.50832831512306,76.870318205524,Latur,high,priority,6.34330940246582,1,7,CHIRPS Daily v2.0,Maharashtra,CHIRPS Rainfall
2025-04-23,2025-04-30,17.0,2025,P075,18.41444640154381,77.20053247493588,Latur,high,priority,5.376104354858398,1,7,CHIRPS Daily v2.0,Maharashtra,CHIRPS Rainfall
2025-04-23,2025-04-30,17.0,2025,P076,18.377877313804504,76.25376722106614,Latur,high,priority,5.795312404632568,1,7,CHIRPS Daily v2.0,Maharashtra,CHIRPS Rainfall
2025-04-23,2025-04-30,17.0,2025,P077,18.059564385104267,76.5349046242838,Latur,high,priority,13.476421356201172,1,7,CHIRPS Daily v2.0,Maharashtra,CHIRPS Rainfall
2025-04-23,2025-04-30,17.0,2025,P078,18.1008824154655,76.96042326051098,Latur,high,priority,14.726239204406738,1,7,CHIRPS Daily v2.0,Maharashtra,CHIRPS Rainfall
2025-04-23,2025-04-30,17.0,2025,P079,18.73508698099394,76.77797468180819,Latur,high,priority,15.659796714782715,1,7,CHIRPS Daily v2.0,Maharashtra,CHIRPS Rainfall
2025-04-23,2025-04-30,17.0,2025,P080,18.46791548227568,76.3017694439065,Latur,high,priority,6.4781293869018555,1,7,CHIRPS Daily v2.0,Maharashtra,CHIRPS Rainfall
2025-04-23,2025-04-30,17.0,2025,P081,18.10355787609756,76.67701617485712,Latur,high,priority,11.983322620391846,1,7,CHIRPS Daily v2.0,Maharashtra,CHIRPS Rainfall
2025-04-23,2025-04-30,17.0,2025,P082,18.23907887531389,76.67830931416262,Latur,high,priority,13.62308120727539,1,7,CHIRPS Daily v2.0,Maharashtra,CHIRPS Rainfall
2025-04-23,2025-04-30,17.0,2025,P083,18.369289085175563,77.19996171000103,Latur,high,priority,6.1679511070251465,1,7,CHIRPS Daily v2.0,Maharashtra,CHIRPS Rainfall
2025-04-23,2025-04-30,17.0,2025,P084,18.46362582706226,76.82249880582684,Latur,high,priority,6.440043926239014,1,7,CHIRPS Daily v2.0,Maharashtra,CHIRPS Rainfall
2025-04-23,2025-04-30,17.0,2025,P085,18.14788579966987,76.77194597718393,Latur,high,priority,11.2072172164917,1,7,CHIRPS Daily v2.0,Maharashtra,CHIRPS Rainfall
2025-04-23,2025-04-30,17.0,2025,P122,17.88145897082753,73.8441448165019,Satara,high,priority,0.0,1,7,CHIRPS Daily v2.0,Maharashtra,CHIRPS Rainfall
2025-04-23,2025-04-30,17.0,2025,P123,17.386414030975025,74.27088970551878,Satara,high,priority,8.218379974365234,1,7,CHIRPS Daily v2.0,Maharashtra,CHIRPS Rainfall
2025-04-23,2025-04-30,17.0,2025,P124,17.43262815429294,74.647353771057,Satara,high,priority,11.033050775527954,1,7,CHIRPS Daily v2.0,Maharashtra,CHIRPS Rainfall
2025-04-23,2025-04-30,17.0,2025,P125,17.56734651531964,74.31728219287884,Satara,high,priority,12.311708450317383,1,7,CHIRPS Daily v2.0,Maharashtra,CHIRPS Rainfall
2025-04-23,2025-04-30,17.0,2025,P126,17.205080227535593,74.13053949986157,Satara,high,priority,7.924071788787842,1,7,CHIRPS Daily v2.0,Maharashtra,CHIRPS Rainfall
2025-04-23,2025-04-30,17.0,2025,P127,17.65773249367299,74.31694330119876,Satara,high,priority,0.0,1,7,CHIRPS Daily v2.0,Maharashtra,CHIRPS Rainfall
2025-04-23,2025-04-30,17.0,2025,P128,18.019949731345452,74.5517328080669,Satara,high,priority,0.0,1,7,CHIRPS Daily v2.0,Maharashtra,CHIRPS Rainfall
2025-04-23,2025-04-30,17.0,2025,P129,18.063234225271252,74.03192648006461,Satara,high,priority,0.0,1,7,CHIRPS Daily v2.0,Maharashtra,CHIRPS Rainfall
2025-04-23,2025-04-30,17.0,2025,P130,17.61135784271715,74.03436560834085,Satara,high,priority,0.0,1,7,CHIRPS Daily v2.0,Maharashtra,CHIRPS Rainfall
2025-04-23,2025-04-30,17.0,2025,P131,17.612539504496315,74.3171127470388,Satara,high,priority,15.012789726257324,1,7,CHIRPS Daily v2.0,Maharashtra,CHIRPS Rainfall
2025-04-23,2025-04-30,17.0,2025,P132,17.702176353872684,74.12817617630324,Satara,high,priority,0.0,1,7,CHIRPS Daily v2.0,Maharashtra,CHIRPS Rainfall
2025-04-23,2025-04-30,17.0,2025,P133,17.25006363896275,74.08329532420031,Satara,high,priority,8.203864097595215,1,7,CHIRPS Daily v2.0,Maharashtra,CHIRPS Rainfall
2025-04-23,2025-04-30,17.0,2025,P134,17.476429903940936,74.17634784498362,Satara,high,priority,15.007710456848145,1,7,CHIRPS Daily v2.0,Maharashtra,CHIRPS Rainfall
2025-04-23,2025-04-30,17.0,2025,P135,17.882716437324603,74.0801070669471,Satara,high,priority,0.0,1,7,CHIRPS Daily v2.0,Maharashtra,CHIRPS Rainfall
2025-04-23,2025-04-30,17.0,2025,P136,17.928520323345598,74.22149178404871,Satara,high,priority,0.0,1,7,CHIRPS Daily v2.0,Maharashtra,CHIRPS Rainfall
2025-04-23,2025-04-30,17.0,2025,P137,17.746687100588183,73.98648378122894,Satara,high,priority,4.200441837310791,1,7,CHIRPS Daily v2.0,Maharashtra,CHIRPS Rainfall
2025-04-23,2025-04-30,17.0,2025,P138,17.61269557303319,74.36423652697161,Satara,high,priority,9.756672859191895,1,7,CHIRPS Daily v2.0,Maharashtra,CHIRPS Rainfall
2025-04-23,2025-04-30,17.0,2025,P139,17.656773786946495,74.08126197411994,Satara,high,priority,0.0,1,7,CHIRPS Daily v2.0,Maharashtra,CHIRPS Rainfall
2025-04-23,2025-04-30,17.0,2025,P140,17.97464080554139,74.50462240543725,Satara,high,priority,0.0,1,7,CHIRPS Daily v2.0,Maharashtra,CHIRPS Rainfall
2025-04-23,2025-04-30,17.0,2025,P141,17.430826677467348,74.08239904488856,Satara,high,priority,18.811548233032227,1,7,CHIRPS Daily v2.0,Maharashtra,CHIRPS Rainfall
2025-04-23,2025-04-30,17.0,2025,P142,18.064447100757786,74.31538707493111,Satara,high,priority,4.806293487548828,1,7,CHIRPS Daily v2.0,Maharashtra,CHIRPS Rainfall
2025-04-23,2025-04-30,17.0,2025,P143,17.70379500755509,74.6468275971327,Satara,high,priority,11.712485313415527,1,7,CHIRPS Daily v2.0,Maharashtra,CHIRPS Rainfall
2025-04-23,2025-04-30,17.0,2025,P144,17.929452275465767,74.50474726026674,Satara,high,priority,0.0,1,7,CHIRPS Daily v2.0,Maharashtra,CHIRPS Rainfall
2025-04-23,2025-04-30,17.0,2025,P145,17.47773196144854,74.60017202281048,Satara,high,priority,10.774678707122803,1,7,CHIRPS Daily v2.0,Maharashtra,CHIRPS Rainfall
2025-04-23,2025-04-30,17.0,2025,P146,17.839182233739812,74.55218763637436,Satara,high,priority,9.159828662872314,1,7,CHIRPS Daily v2.0,Maharashtra,CHIRPS Rainfall
2025-04-23,2025-04-30,17.0,2025,P001,19.940457800458272,74.57045211428928,Ahmednagar,normal,statewide,0.0,1,7,CHIRPS Daily v2.0,Maharashtra,CHIRPS Rainfall
2025-04-23,2025-04-30,17.0,2025,P002,18.946729294293643,74.76302285238339,Ahmednagar,normal,statewide,2.6544857025146484,1,7,CHIRPS Daily v2.0,Maharashtra,CHIRPS Rainfall
2025-04-23,2025-04-30,17.0,2025,P003,18.49469238410162,74.66892244285252,Ahmednagar,normal,statewide,3.160804510116577,1,7,CHIRPS Daily v2.0,Maharashtra,CHIRPS Rainfall
2025-04-23,2025-04-30,17.0,2025,P004,19.03720445466806,75.1420731965326,Ahmednagar,normal,statewide,0.0,1,7,CHIRPS Daily v2.0,Maharashtra,CHIRPS Rainfall
2025-04-23,2025-04-30,17.0,2025,P005,20.832153156317954,77.06560453615967,Akola,normal,statewide,0.0,1,7,CHIRPS Daily v2.0,Maharashtra,CHIRPS Rainfall
2025-04-23,2025-04-30,17.0,2025,P006,20.834360411339407,76.87349308547405,Akola,normal,statewide,0.0,1,7,CHIRPS Daily v2.0,Maharashtra,CHIRPS Rainfall
2025-04-23,2025-04-30,17.0,2025,P007,21.014976299509232,76.87574047240498,Akola,normal,statewide,0.0,1,7,CHIRPS Daily v2.0,Maharashtra,CHIRPS Rainfall
2025-04-23,2025-04-30,17.0,2025,P008,20.828434266039377,77.35372489162701,Akola,normal,statewide,0.0,1,7,CHIRPS Daily v2.0,Maharashtra,CHIRPS Rainfall
2025-04-23,2025-04-30,17.0,2025,P009,21.360971327549258,77.94039543992572,Amravati,normal,statewide,4.77079963684082,1,7,CHIRPS Daily v2.0,Maharashtra,CHIRPS Rainfall
2025-04-23,2025-04-30,17.0,2025,P010,21.178803672212837,78.03301542790685,Amravati,normal,statewide,5.317303657531738,1,7,CHIRPS Daily v2.0,Maharashtra,CHIRPS Rainfall
2025-04-23,2025-04-30,17.0,2025,P011,20.814388097721018,78.21764450702477,Amravati,normal,statewide,5.387931823730469,1,7,CHIRPS Daily v2.0,Maharashtra,CHIRPS Rainfall
2025-04-23,2025-04-30,17.0,2025,P012,21.180502589714195,77.93681032267875,Amravati,normal,statewide,5.647004127502441,1,7,CHIRPS Daily v2.0,Maharashtra,CHIRPS Rainfall
2025-04-23,2025-04-30,17.0,2025,P013,20.031289688916964,74.8570519162974,Aurangabad,normal,statewide,0.0,1,7,CHIRPS Daily v2.0,Maharashtra,CHIRPS Rainfall
2025-04-23,2025-04-30,17.0,2025,P014,19.760185263069562,75.14270192978114,Aurangabad,normal,statewide,0.0,1,7,CHIRPS Daily v2.0,Maharashtra,CHIRPS Rainfall
2025-04-23,2025-04-30,17.0,2025,P015,19.9408189876436,74.76157364454102,Aurangabad,normal,statewide,0.0,1,7,CHIRPS Daily v2.0,Maharashtra,CHIRPS Rainfall
2025-04-23,2025-04-30,17.0,2025,P016,19.66981712112043,75.14262166596218,Aurangabad,normal,statewide,0.0,1,7,CHIRPS Daily v2.0,Maharashtra,CHIRPS Rainfall
2025-04-23,2025-04-30,17.0,2025,P017,21.04613203856966,79.85576216552393,Bhandara,normal,statewide,5.4113264083862305,1,7,CHIRPS Daily v2.0,Maharashtra,CHIRPS Rainfall
2025-04-23,2025-04-30,17.0,2025,P018,21.31897105472685,79.76852877161537,Bhandara,normal,statewide,10.291979789733887,1,7,CHIRPS Daily v2.0,Maharashtra,CHIRPS Rainfall
2025-04-23,2025-04-30,17.0,2025,P019,21.40900922319803,79.77144948280537,Bhandara,normal,statewide,9.942106246948242,1,7,CHIRPS Daily v2.0,Maharashtra,CHIRPS Rainfall
2025-04-23,2025-04-30,17.0,2025,P020,21.144196588937042,79.57074980349083,Bhandara,normal,statewide,4.8972859382629395,1,7,CHIRPS Daily v2.0,Maharashtra,CHIRPS Rainfall
2025-04-23,2025-04-30,17.0,2025,P021,18.67502288980403,75.52108340877234,Bid,normal,statewide,3.9067060947418213,1,7,CHIRPS Daily v2.0,Maharashtra,CHIRPS Rainfall
2025-04-23,2025-04-30,17.0,2025,P022,18.856499384477168,75.04699178476999,Bid,normal,statewide,0.0,1,7,CHIRPS Daily v2.0,Maharashtra,CHIRPS Rainfall
2025-04-23,2025-04-30,17.0,2025,P023,19.126596053486494,75.6175605191647,Bid,normal,statewide,0.0,1,7,CHIRPS Daily v2.0,Maharashtra,CHIRPS Rainfall
2025-04-23,2025-04-30,17.0,2025,P024,18.763955201213946,75.90084720909012,Bid,normal,statewide,5.604984760284424,1,7,CHIRPS Daily v2.0,Maharashtra,CHIRPS Rainfall
2025-04-23,2025-04-30,17.0,2025,P025,20.93073496240753,76.20164478885242,Buldana,normal,statewide,0.0,1,7,CHIRPS Daily v2.0,Maharashtra,CHIRPS Rainfall
2025-04-23,2025-04-30,17.0,2025,P026,20.838939908121294,76.39311412898633,Buldana,normal,statewide,0.0,1,7,CHIRPS Daily v2.0,Maharashtra,CHIRPS Rainfall
2025-04-23,2025-04-30,17.0,2025,P027,20.657476790751314,76.48742857536776,Buldana,normal,statewide,0.0,1,7,CHIRPS Daily v2.0,Maharashtra,CHIRPS Rainfall
2025-04-23,2025-04-30,17.0,2025,P028,20.47967013624516,76.10222021266374,Buldana,normal,statewide,1.8686943054199219,1,7,CHIRPS Daily v2.0,Maharashtra,CHIRPS Rainfall
2025-04-23,2025-04-30,17.0,2025,P029,20.32317798477448,79.92829390325927,Chandrapur,normal,statewide,0.0,1,7,CHIRPS Daily v2.0,Maharashtra,CHIRPS Rainfall
2025-04-23,2025-04-30,17.0,2025,P030,20.60872097983294,79.36304041732026,Chandrapur,normal,statewide,0.0,1,7,CHIRPS Daily v2.0,Maharashtra,CHIRPS Rainfall
2025-04-23,2025-04-30,17.0,2025,P031,20.511160307884595,79.64732594588165,Chandrapur,normal,statewide,0.0,1,7,CHIRPS Daily v2.0,Maharashtra,CHIRPS Rainfall
2025-04-23,2025-04-30,17.0,2025,P032,20.598621115946884,79.74569817422172,Chandrapur,normal,statewide,0.0,1,7,CHIRPS Daily v2.0,Maharashtra,CHIRPS Rainfall
2025-04-23,2025-04-30,17.0,2025,P033,21.38667804512237,75.14422248324037,Dhule,normal,statewide,0.0,1,7,CHIRPS Daily v2.0,Maharashtra,CHIRPS Rainfall
2025-04-23,2025-04-30,17.0,2025,P034,21.025151968113196,74.75989256344387,Dhule,normal,statewide,0.0,1,7,CHIRPS Daily v2.0,Maharashtra,CHIRPS Rainfall
2025-04-23,2025-04-30,17.0,2025,P035,21.477028350667293,74.85568743137505,Dhule,normal,statewide,0.0,1,7,CHIRPS Daily v2.0,Maharashtra,CHIRPS Rainfall
2025-04-23,2025-04-30,17.0,2025,P036,20.933820660336515,74.37533522949364,Dhule,normal,statewide,0.0,1,7,CHIRPS Daily v2.0,Maharashtra,CHIRPS Rainfall
2025-04-23,2025-04-30,17.0,2025,P037,19.963056524597132,79.91698116388667,Garhchiroli,normal,statewide,16.712942123413086,1,7,CHIRPS Daily v2.0,Maharashtra,CHIRPS Rainfall
2025-04-23,2025-04-30,17.0,2025,P038,19.062661462582188,79.88977172925856,Garhchiroli,normal,statewide,18.81070327758789,1,7,CHIRPS Daily v2.0,Maharashtra,CHIRPS Rainfall
2025-04-23,2025-04-30,17.0,2025,P039,19.510270485428137,79.9981368030594,Garhchiroli,normal,statewide,17.47251033782959,1,7,CHIRPS Daily v2.0,Maharashtra,CHIRPS Rainfall
2025-04-23,2025-04-30,17.0,2025,P040,19.870365190999156,80.00935144220881,Garhchiroli,normal,statewide,19.12374496459961,1,7,CHIRPS Daily v2.0,Maharashtra,CHIRPS Rainfall
2025-04-23,2025-04-30,17.0,2025,P041,21.127639946725598,80.1465044724107,Gondiya,normal,statewide,15.562577247619629,1,7,CHIRPS Daily v2.0,Maharashtra,CHIRPS Rainfall
2025-04-23,2025-04-30,17.0,2025,P042,21.397598383602258,80.15591763473452,Gondiya,normal,statewide,14.638099670410156,1,7,CHIRPS Daily v2.0,Maharashtra,CHIRPS Rainfall
2025-04-23,2025-04-30,17.0,2025,P043,21.574548890706154,80.25847249986273,Gondiya,normal,statewide,14.32365894317627,1,7,CHIRPS Daily v2.0,Maharashtra,CHIRPS Rainfall
2025-04-23,2025-04-30,17.0,2025,P044,21.211649410572516,80.34153217518526,Gondiya,normal,statewide,15.735657691955566,1,7,CHIRPS Daily v2.0,Maharashtra,CHIRPS Rainfall
2025-04-23,2025-04-30,17.0,2025,P045,19.655900266732623,77.2407892392464,Hingoli,normal,statewide,10.894001007080078,1,7,CHIRPS Daily v2.0,Maharashtra,CHIRPS Rainfall
2025-04-23,2025-04-30,17.0,2025,P046,19.566758377573187,77.1442675378435,Hingoli,normal,statewide,9.630072593688965,1,7,CHIRPS Daily v2.0,Maharashtra,CHIRPS Rainfall
2025-04-23,2025-04-30,17.0,2025,P047,19.47860194974656,76.9526242927685,Hingoli,normal,statewide,0.0,1,7,CHIRPS Daily v2.0,Maharashtra,CHIRPS Rainfall
2025-04-23,2025-04-30,17.0,2025,P048,19.927981235710728,77.14910120338544,Hingoli,normal,statewide,11.089462757110596,1,7,CHIRPS Daily v2.0,Maharashtra,CHIRPS Rainfall
2025-04-23,2025-04-30,17.0,2025,P049,21.292738163229433,76.10816865346904,Jalgaon,normal,statewide,0.0,1,7,CHIRPS Daily v2.0,Maharashtra,CHIRPS Rainfall
2025-04-23,2025-04-30,17.0,2025,P050,21.386178625804387,75.43363151891216,Jalgaon,normal,statewide,0.0,1,7,CHIRPS Daily v2.0,Maharashtra,CHIRPS Rainfall
2025-04-23,2025-04-30,17.0,2025,P051,21.112064306745907,76.10682200495089,Jalgaon,normal,statewide,0.0,1,7,CHIRPS Daily v2.0,Maharashtra,CHIRPS Rainfall
2025-04-23,2025-04-30,17.0,2025,P052,20.844437979720194,75.23982115072519,Jalgaon,normal,statewide,0.0,1,7,CHIRPS Daily v2.0,Maharashtra,CHIRPS Rainfall
2025-04-23,2025-04-30,17.0,2025,P053,19.486369703781666,76.00005328932718,Jalna,normal,statewide,6.033763408660889,1,7,CHIRPS Daily v2.0,Maharashtra,CHIRPS Rainfall
2025-04-23,2025-04-30,17.0,2025,P054,20.028502750758555,76.00343774702675,Jalna,normal,statewide,2.7977521419525146,1,7,CHIRPS Daily v2.0,Maharashtra,CHIRPS Rainfall
2025-04-23,2025-04-30,17.0,2025,P055,19.75743845682064,76.00172991132328,Jalna,normal,statewide,0.0,1,7,CHIRPS Daily v2.0,Maharashtra,CHIRPS Rainfall
2025-04-23,2025-04-30,17.0,2025,P056,19.57768317515413,75.80993951591351,Jalna,normal,statewide,2.7647976875305176,1,7,CHIRPS Daily v2.0,Maharashtra,CHIRPS Rainfall
2025-04-23,2025-04-30,17.0,2025,P057,16.776377793156257,74.29671235971928,Kolhapur,normal,statewide,14.549198150634766,1,7,CHIRPS Daily v2.0,Maharashtra,CHIRPS Rainfall
2025-04-23,2025-04-30,17.0,2025,P058,16.324416687682138,74.29834884980589,Kolhapur,normal,statewide,21.781355381011963,1,7,CHIRPS Daily v2.0,Maharashtra,CHIRPS Rainfall
2025-04-23,2025-04-30,17.0,2025,P059,16.595891218916975,74.39111598812178,Kolhapur,normal,statewide,16.315038681030273,1,7,CHIRPS Daily v2.0,Maharashtra,CHIRPS Rainfall
2025-04-23,2025-04-30,17.0,2025,P060,16.414811584237594,74.29802779453004,Kolhapur,normal,statewide,15.655339241027832,1,7,CHIRPS Daily v2.0,Maharashtra,CHIRPS Rainfall
2025-04-23,2025-04-30,17.0,2025,P086,21.054127206758487,79.56798961993874,Nagpur,normal,statewide,0.0,1,7,CHIRPS Daily v2.0,Maharashtra,CHIRPS Rainfall
2025-04-23,2025-04-30,17.0,2025,P087,21.146765031143822,79.47473643960802,Nagpur,normal,statewide,0.0,1,7,CHIRPS Daily v2.0,Maharashtra,CHIRPS Rainfall
2025-04-23,2025-04-30,17.0,2025,P088,21.347803602138427,78.61442869606356,Nagpur,normal,statewide,4.715929985046387,1,7,CHIRPS Daily v2.0,Maharashtra,CHIRPS Rainfall
2025-04-23,2025-04-30,17.0,2025,P089,21.165377318940912,78.70615240473293,Nagpur,normal,statewide,0.0,1,7,CHIRPS Daily v2.0,Maharashtra,CHIRPS Rainfall
2025-04-23,2025-04-30,17.0,2025,P090,19.201968238592887,77.42470040309472,Nanded,normal,statewide,8.405008792877197,1,7,CHIRPS Daily v2.0,Maharashtra,CHIRPS Rainfall
2025-04-23,2025-04-30,17.0,2025,P091,18.566038000956755,77.69963965584807,Nanded,normal,statewide,0.0,1,7,CHIRPS Daily v2.0,Maharashtra,CHIRPS Rainfall
2025-04-23,2025-04-30,17.0,2025,P092,19.736596618496833,77.90946265591798,Nanded,normal,statewide,5.225393772125244,1,7,CHIRPS Daily v2.0,Maharashtra,CHIRPS Rainfall
2025-04-23,2025-04-30,17.0,2025,P093,18.93564842817583,77.04115528508362,Nanded,normal,statewide,7.033543586730957,1,7,CHIRPS Daily v2.0,Maharashtra,CHIRPS Rainfall
2025-04-23,2025-04-30,17.0,2025,P094,21.564917232430716,74.08292967791392,Nandurbar,normal,statewide,0.0,1,7,CHIRPS Daily v2.0,Maharashtra,CHIRPS Rainfall
2025-04-23,2025-04-30,17.0,2025,P095,21.5662594218478,74.37266422796263,Nandurbar,normal,statewide,0.0,1,7,CHIRPS Daily v2.0,Maharashtra,CHIRPS Rainfall
2025-04-23,2025-04-30,17.0,2025,P096,21.385179787168415,74.27697637845674,Nandurbar,normal,statewide,0.0,1,7,CHIRPS Daily v2.0,Maharashtra,CHIRPS Rainfall
2025-04-23,2025-04-30,17.0,2025,P097,21.565421110849755,74.17950488852946,Nandurbar,normal,statewide,0.0,1,7,CHIRPS Daily v2.0,Maharashtra,CHIRPS Rainfall
2025-04-23,2025-04-30,17.0,2025,P098,20.299553667393326,73.99482675929994,Nashik,normal,statewide,0.0,1,7,CHIRPS Daily v2.0,Maharashtra,CHIRPS Rainfall
2025-04-23,2025-04-30,17.0,2025,P099,20.120253214034264,74.28296495117151,Nashik,normal,statewide,0.0,1,7,CHIRPS Daily v2.0,Maharashtra,CHIRPS Rainfall
2025-04-23,2025-04-30,17.0,2025,P100,20.389903972938242,73.99424261706194,Nashik,normal,statewide,0.0,1,7,CHIRPS Daily v2.0,Maharashtra,CHIRPS Rainfall
2025-04-23,2025-04-30,17.0,2025,P101,20.029015547379707,74.09216447619562,Nashik,normal,statewide,0.0,1,7,CHIRPS Daily v2.0,Maharashtra,CHIRPS Rainfall
2025-04-23,2025-04-30,17.0,2025,P102,17.85749130266526,76.36802722645965,Osmanabad,normal,statewide,12.47756576538086,1,7,CHIRPS Daily v2.0,Maharashtra,CHIRPS Rainfall
2025-04-23,2025-04-30,17.0,2025,P103,17.76644983645705,76.46164605307673,Osmanabad,normal,statewide,24.33173179626465,1,7,CHIRPS Daily v2.0,Maharashtra,CHIRPS Rainfall
2025-04-23,2025-04-30,17.0,2025,P104,17.949094615606196,76.17989775301476,Osmanabad,normal,statewide,16.82794761657715,1,7,CHIRPS Daily v2.0,Maharashtra,CHIRPS Rainfall
2025-04-23,2025-04-30,17.0,2025,P105,18.584360447185368,75.61558067829696,Osmanabad,normal,statewide,3.7875771522521973,1,7,CHIRPS Daily v2.0,Maharashtra,CHIRPS Rainfall
2025-04-23,2025-04-30,17.0,2025,P106,19.031389786894366,76.47235681380711,Parbhani,normal,statewide,9.720097541809082,1,7,CHIRPS Daily v2.0,Maharashtra,CHIRPS Rainfall
2025-04-23,2025-04-30,17.0,2025,P107,19.120950831552832,76.56820519095093,Parbhani,normal,statewide,0.0,1,7,CHIRPS Daily v2.0,Maharashtra,CHIRPS Rainfall
2025-04-23,2025-04-30,17.0,2025,P108,19.208625676465683,76.85432786914635,Parbhani,normal,statewide,10.040178298950195,1,7,CHIRPS Daily v2.0,Maharashtra,CHIRPS Rainfall
2025-04-23,2025-04-30,17.0,2025,P109,19.212081479782103,76.47396209018636,Parbhani,normal,statewide,0.0,1,7,CHIRPS Daily v2.0,Maharashtra,CHIRPS Rainfall
2025-04-23,2025-04-30,17.0,2025,P110,18.133442771357757,75.04679558432363,Pune,normal,statewide,7.13997745513916,1,7,CHIRPS Daily v2.0,Maharashtra,CHIRPS Rainfall
2025-04-23,2025-04-30,17.0,2025,P111,18.584645829652782,74.47919215212944,Pune,normal,statewide,4.262640953063965,1,7,CHIRPS Daily v2.0,Maharashtra,CHIRPS Rainfall
2025-04-23,2025-04-30,17.0,2025,P112,18.132979024848197,74.57507620208169,Pune,normal,statewide,3.657362699508667,1,7,CHIRPS Daily v2.0,Maharashtra,CHIRPS Rainfall
2025-04-23,2025-04-30,17.0,2025,P113,18.314072036830744,74.76389683618987,Pune,normal,statewide,0.0,1,7,CHIRPS Daily v2.0,Maharashtra,CHIRPS Rainfall
2025-04-23,2025-04-30,17.0,2025,P114,18.48503397121986,73.0589238755964,Raigarh,normal,statewide,0.0,1,7,CHIRPS Daily v2.0,Maharashtra,CHIRPS Rainfall
2025-04-23,2025-04-30,17.0,2025,P115,18.665689991299164,73.05687714821288,Raigarh,normal,statewide,0.0,1,7,CHIRPS Daily v2.0,Maharashtra,CHIRPS Rainfall
2025-04-23,2025-04-30,17.0,2025,P116,18.306197264370358,73.25009891506079,Raigarh,normal,statewide,4.10935640335083,1,7,CHIRPS Daily v2.0,Maharashtra,CHIRPS Rainfall
2025-04-23,2025-04-30,17.0,2025,P117,18.21404102289879,73.06194714611064,Raigarh,normal,statewide,5.079051494598389,1,7,CHIRPS Daily v2.0,Maharashtra,CHIRPS Rainfall
2025-04-23,2025-04-30,17.0,2025,P118,17.138719885658215,75.42259970290594,Sangli,normal,statewide,22.991323471069336,1,7,CHIRPS Daily v2.0,Maharashtra,CHIRPS Rainfall
2025-04-23,2025-04-30,17.0,2025,P119,17.048761981005992,74.95348443567921,Sangli,normal,statewide,13.264183044433594,1,7,CHIRPS Daily v2.0,Maharashtra,CHIRPS Rainfall
2025-04-23,2025-04-30,17.0,2025,P120,16.86707144948229,74.39025538161847,Sangli,normal,statewide,12.800176620483398,1,7,CHIRPS Daily v2.0,Maharashtra,CHIRPS Rainfall
2025-04-23,2025-04-30,17.0,2025,P121,17.048503353144895,74.67157114887826,Sangli,normal,statewide,12.896101474761963,1,7,CHIRPS Daily v2.0,Maharashtra,CHIRPS Rainfall
2025-04-23,2025-04-30,17.0,2025,P148,17.67852974098626,76.08383979812143,Solapur,normal,statewide,14.27726125717163,1,7,CHIRPS Daily v2.0,Maharashtra,CHIRPS Rainfall
2025-04-23,2025-04-30,17.0,2025,P149,18.223365003201543,75.4251413905064,Solapur,normal,statewide,6.043019771575928,1,7,CHIRPS Daily v2.0,Maharashtra,CHIRPS Rainfall
2025-04-23,2025-04-30,17.0,2025,P150,17.952532582518405,75.23562067753285,Solapur,normal,statewide,7.709737300872803,1,7,CHIRPS Daily v2.0,Maharashtra,CHIRPS Rainfall
2025-04-23,2025-04-30,17.0,2025,P151,18.223690517578447,75.23598186471818,Solapur,normal,statewide,9.290917873382568,1,7,CHIRPS Daily v2.0,Maharashtra,CHIRPS Rainfall
2025-04-23,2025-04-30,17.0,2025,P152,19.658178867370932,72.94986318203122,Thane,normal,statewide,0.0,1,7,CHIRPS Daily v2.0,Maharashtra,CHIRPS Rainfall
2025-04-23,2025-04-30,17.0,2025,P153,19.65706409210757,72.8545320606096,Thane,normal,statewide,0.0,1,7,CHIRPS Daily v2.0,Maharashtra,CHIRPS Rainfall
2025-04-23,2025-04-30,17.0,2025,P154,19.477549601897948,72.95214624177059,Thane,normal,statewide,0.0,1,7,CHIRPS Daily v2.0,Maharashtra,CHIRPS Rainfall
2025-04-23,2025-04-30,17.0,2025,P155,19.83987385799569,73.0429959666335,Thane,normal,statewide,0.0,1,7,CHIRPS Daily v2.0,Maharashtra,CHIRPS Rainfall
2025-04-23,2025-04-30,17.0,2025,P156,20.806749657616468,78.60135461177485,Wardha,normal,statewide,0.0,1,7,CHIRPS Daily v2.0,Maharashtra,CHIRPS Rainfall
2025-04-23,2025-04-30,17.0,2025,P157,20.71031267913359,78.88671032458906,Wardha,normal,statewide,0.0,1,7,CHIRPS Daily v2.0,Maharashtra,CHIRPS Rainfall
2025-04-23,2025-04-30,17.0,2025,P158,21.081265295769754,78.41565980750515,Wardha,normal,statewide,5.610625267028809,1,7,CHIRPS Daily v2.0,Maharashtra,CHIRPS Rainfall
2025-04-23,2025-04-30,17.0,2025,P159,20.439854822938944,78.87986114537097,Wardha,normal,statewide,0.0,1,7,CHIRPS Daily v2.0,Maharashtra,CHIRPS Rainfall
2025-04-23,2025-04-30,17.0,2025,P160,20.289186257444058,77.15404188735265,Washim,normal,statewide,5.05259370803833,1,7,CHIRPS Daily v2.0,Maharashtra,CHIRPS Rainfall
2025-04-23,2025-04-30,17.0,2025,P161,20.464607292886615,77.53975858757677,Washim,normal,statewide,6.892940044403076,1,7,CHIRPS Daily v2.0,Maharashtra,CHIRPS Rainfall
2025-04-23,2025-04-30,17.0,2025,P162,20.107393166596125,77.2471479173486,Washim,normal,statewide,5.9108171463012695,1,7,CHIRPS Daily v2.0,Maharashtra,CHIRPS Rainfall
2025-04-23,2025-04-30,17.0,2025,P163,20.198885002010726,77.1527933390577,Washim,normal,statewide,6.125911235809326,1,7,CHIRPS Daily v2.0,Maharashtra,CHIRPS Rainfall
2025-04-23,2025-04-30,17.0,2025,P164,20.182854533723592,78.20447678161395,Yavatmal,normal,statewide,10.278503894805908,1,7,CHIRPS Daily v2.0,Maharashtra,CHIRPS Rainfall
2025-04-23,2025-04-30,17.0,2025,P165,19.894658373538324,79.05709703494229,Yavatmal,normal,statewide,0.0,1,7,CHIRPS Daily v2.0,Maharashtra,CHIRPS Rainfall
2025-04-23,2025-04-30,17.0,2025,P166,19.468787468327925,77.71426550730338,Yavatmal,normal,statewide,8.754387378692627,1,7,CHIRPS Daily v2.0,Maharashtra,CHIRPS Rainfall
2025-04-23,2025-04-30,17.0,2025,P167,19.559057510053886,77.71577268345945,Yavatmal,normal,statewide,4.631944179534912,1,7,CHIRPS Daily v2.0,Maharashtra,CHIRPS Rainfall
2025-04-30,2025-05-07,18.0,2025,P147,17.927231643141155,73.94769852026607,Satara,case_study,case_study,9.591382877260912E-6,1,7,CHIRPS Daily v2.0,Maharashtra,CHIRPS Rainfall
2025-04-30,2025-05-07,18.0,2025,P061,18.507855650411397,76.91766048140843,Latur,high,priority,0.0,1,7,CHIRPS Daily v2.0,Maharashtra,CHIRPS Rainfall
2025-04-30,2025-05-07,18.0,2025,P062,18.422405896924207,76.3487594508077,Latur,high,priority,2.0273507107049227E-4,1,7,CHIRPS Daily v2.0,Maharashtra,CHIRPS Rainfall
2025-04-30,2025-05-07,18.0,2025,P063,18.235391198742693,77.05646783810116,Latur,high,priority,2.6012538000941277E-4,1,7,CHIRPS Daily v2.0,Maharashtra,CHIRPS Rainfall
2025-04-30,2025-05-07,18.0,2025,P064,18.193056493341274,76.77240080549139,Latur,high,priority,2.385485131526366E-4,1,7,CHIRPS Daily v2.0,Maharashtra,CHIRPS Rainfall
2025-04-30,2025-05-07,18.0,2025,P065,18.331355512513895,76.44266811899327,Latur,high,priority,8.011857280507684E-4,1,7,CHIRPS Daily v2.0,Maharashtra,CHIRPS Rainfall
2025-04-30,2025-05-07,18.0,2025,P066,18.104739537876725,76.5352970251765,Latur,high,priority,0.0,1,7,CHIRPS Daily v2.0,Maharashtra,CHIRPS Rainfall
2025-04-30,2025-05-07,18.0,2025,P067,18.280552974211986,77.0569984711265,Latur,high,priority,0.0,1,7,CHIRPS Daily v2.0,Maharashtra,CHIRPS Rainfall
2025-04-30,2025-05-07,18.0,2025,P068,18.101823285787773,76.86595720469373,Latur,high,priority,0.01057401578873396,1,7,CHIRPS Daily v2.0,Maharashtra,CHIRPS Rainfall
2025-04-30,2025-05-07,18.0,2025,P069,18.595075667016793,77.20284228928156,Latur,high,priority,0.0,1,7,CHIRPS Daily v2.0,Maharashtra,CHIRPS Rainfall
2025-04-30,2025-05-07,18.0,2025,P070,18.41499041187233,77.15322587185987,Latur,high,priority,0.0,1,7,CHIRPS Daily v2.0,Maharashtra,CHIRPS Rainfall
2025-04-30,2025-05-07,18.0,2025,P071,18.149138807065885,76.63019561379593,Latur,high,priority,0.0,1,7,CHIRPS Daily v2.0,Maharashtra,CHIRPS Rainfall
2025-04-30,2025-05-07,18.0,2025,P072,18.283393421583035,76.77331492120734,Latur,high,priority,1.959447399713099E-4,1,7,CHIRPS Daily v2.0,Maharashtra,CHIRPS Rainfall
2025-04-30,2025-05-07,18.0,2025,P073,17.966315663874607,76.86453029235662,Latur,high,priority,0.062389735132455826,1,7,CHIRPS Daily v2.0,Maharashtra,CHIRPS Rainfall
2025-04-30,2025-05-07,18.0,2025,P074,18.50832831512306,76.870318205524,Latur,high,priority,0.0,1,7,CHIRPS Daily v2.0,Maharashtra,CHIRPS Rainfall
2025-04-30,2025-05-07,18.0,2025,P075,18.41444640154381,77.20053247493588,Latur,high,priority,0.0,1,7,CHIRPS Daily v2.0,Maharashtra,CHIRPS Rainfall
2025-04-30,2025-05-07,18.0,2025,P076,18.377877313804504,76.25376722106614,Latur,high,priority,1.5470728976652026E-4,1,7,CHIRPS Daily v2.0,Maharashtra,CHIRPS Rainfall
2025-04-30,2025-05-07,18.0,2025,P077,18.059564385104267,76.5349046242838,Latur,high,priority,0.0,1,7,CHIRPS Daily v2.0,Maharashtra,CHIRPS Rainfall
2025-04-30,2025-05-07,18.0,2025,P078,18.1008824154655,76.96042326051098,Latur,high,priority,0.029924053698778152,1,7,CHIRPS Daily v2.0,Maharashtra,CHIRPS Rainfall
2025-04-30,2025-05-07,18.0,2025,P079,18.73508698099394,76.77797468180819,Latur,high,priority,0.0,1,7,CHIRPS Daily v2.0,Maharashtra,CHIRPS Rainfall
2025-04-30,2025-05-07,18.0,2025,P080,18.46791548227568,76.3017694439065,Latur,high,priority,1.6338627028744668E-4,1,7,CHIRPS Daily v2.0,Maharashtra,CHIRPS Rainfall
2025-04-30,2025-05-07,18.0,2025,P081,18.10355787609756,76.67701617485712,Latur,high,priority,0.0,1,7,CHIRPS Daily v2.0,Maharashtra,CHIRPS Rainfall
2025-04-30,2025-05-07,18.0,2025,P082,18.23907887531389,76.67830931416262,Latur,high,priority,2.2181920940056443E-4,1,7,CHIRPS Daily v2.0,Maharashtra,CHIRPS Rainfall
2025-04-30,2025-05-07,18.0,2025,P083,18.369289085175563,77.19996171000103,Latur,high,priority,0.0,1,7,CHIRPS Daily v2.0,Maharashtra,CHIRPS Rainfall
2025-04-30,2025-05-07,18.0,2025,P084,18.46362582706226,76.82249880582684,Latur,high,priority,0.0,1,7,CHIRPS Daily v2.0,Maharashtra,CHIRPS Rainfall
2025-04-30,2025-05-07,18.0,2025,P085,18.14788579966987,76.77194597718393,Latur,high,priority,2.5399806327186525E-4,1,7,CHIRPS Daily v2.0,Maharashtra,CHIRPS Rainfall
2025-04-30,2025-05-07,18.0,2025,P122,17.88145897082753,73.8441448165019,Satara,high,priority,1.0154772098758258E-5,1,7,CHIRPS Daily v2.0,Maharashtra,CHIRPS Rainfall
2025-04-30,2025-05-07,18.0,2025,P123,17.386414030975025,74.27088970551878,Satara,high,priority,1.00541706160584E-6,1,7,CHIRPS Daily v2.0,Maharashtra,CHIRPS Rainfall
2025-04-30,2025-05-07,18.0,2025,P124,17.43262815429294,74.647353771057,Satara,high,priority,3.482798319964786E-6,1,7,CHIRPS Daily v2.0,Maharashtra,CHIRPS Rainfall
2025-04-30,2025-05-07,18.0,2025,P125,17.56734651531964,74.31728219287884,Satara,high,priority,1.5231258885251009E-6,1,7,CHIRPS Daily v2.0,Maharashtra,CHIRPS Rainfall
2025-04-30,2025-05-07,18.0,2025,P126,17.205080227535593,74.13053949986157,Satara,high,priority,5.426624625215482E-7,1,7,CHIRPS Daily v2.0,Maharashtra,CHIRPS Rainfall
2025-04-30,2025-05-07,18.0,2025,P127,17.65773249367299,74.31694330119876,Satara,high,priority,2.016239477597992E-6,1,7,CHIRPS Daily v2.0,Maharashtra,CHIRPS Rainfall
2025-04-30,2025-05-07,18.0,2025,P128,18.019949731345452,74.5517328080669,Satara,high,priority,3.227106935810298E-5,1,7,CHIRPS Daily v2.0,Maharashtra,CHIRPS Rainfall
2025-04-30,2025-05-07,18.0,2025,P129,18.063234225271252,74.03192648006461,Satara,high,priority,4.941599763697013E-5,1,7,CHIRPS Daily v2.0,Maharashtra,CHIRPS Rainfall
2025-04-30,2025-05-07,18.0,2025,P130,17.61135784271715,74.03436560834085,Satara,high,priority,8.284035288852465E-7,1,7,CHIRPS Daily v2.0,Maharashtra,CHIRPS Rainfall
2025-04-30,2025-05-07,18.0,2025,P131,17.612539504496315,74.3171127470388,Satara,high,priority,1.7601008721612743E-6,1,7,CHIRPS Daily v2.0,Maharashtra,CHIRPS Rainfall
2025-04-30,2025-05-07,18.0,2025,P132,17.702176353872684,74.12817617630324,Satara,high,priority,1.015605334941938E-6,1,7,CHIRPS Daily v2.0,Maharashtra,CHIRPS Rainfall
2025-04-30,2025-05-07,18.0,2025,P133,17.25006363896275,74.08329532420031,Satara,high,priority,5.04359206843219E-7,1,7,CHIRPS Daily v2.0,Maharashtra,CHIRPS Rainfall
2025-04-30,2025-05-07,18.0,2025,P134,17.476429903940936,74.17634784498362,Satara,high,priority,9.371520945933298E-7,1,7,CHIRPS Daily v2.0,Maharashtra,CHIRPS Rainfall
2025-04-30,2025-05-07,18.0,2025,P135,17.882716437324603,74.0801070669471,Satara,high,priority,2.1870522687095217E-5,1,7,CHIRPS Daily v2.0,Maharashtra,CHIRPS Rainfall
2025-04-30,2025-05-07,18.0,2025,P136,17.928520323345598,74.22149178404871,Satara,high,priority,9.251372830476612E-6,1,7,CHIRPS Daily v2.0,Maharashtra,CHIRPS Rainfall
2025-04-30,2025-05-07,18.0,2025,P137,17.746687100588183,73.98648378122894,Satara,high,priority,3.8271784319476865E-7,1,7,CHIRPS Daily v2.0,Maharashtra,CHIRPS Rainfall
2025-04-30,2025-05-07,18.0,2025,P138,17.61269557303319,74.36423652697161,Satara,high,priority,1.9940441688959254E-6,1,7,CHIRPS Daily v2.0,Maharashtra,CHIRPS Rainfall
2025-04-30,2025-05-07,18.0,2025,P139,17.656773786946495,74.08126197411994,Satara,high,priority,7.754741773169371E-7,1,7,CHIRPS Daily v2.0,Maharashtra,CHIRPS Rainfall
2025-04-30,2025-05-07,18.0,2025,P140,17.97464080554139,74.50462240543725,Satara,high,priority,1.6652764315949753E-5,1,7,CHIRPS Daily v2.0,Maharashtra,CHIRPS Rainfall
2025-04-30,2025-05-07,18.0,2025,P141,17.430826677467348,74.08239904488856,Satara,high,priority,9.56155190579011E-7,1,7,CHIRPS Daily v2.0,Maharashtra,CHIRPS Rainfall
2025-04-30,2025-05-07,18.0,2025,P142,18.064447100757786,74.31538707493111,Satara,high,priority,7.426155661960365E-6,1,7,CHIRPS Daily v2.0,Maharashtra,CHIRPS Rainfall
2025-04-30,2025-05-07,18.0,2025,P143,17.70379500755509,74.6468275971327,Satara,high,priority,8.803730452200398E-6,1,7,CHIRPS Daily v2.0,Maharashtra,CHIRPS Rainfall
2025-04-30,2025-05-07,18.0,2025,P144,17.929452275465767,74.50474726026674,Satara,high,priority,1.4704521163366735E-5,1,7,CHIRPS Daily v2.0,Maharashtra,CHIRPS Rainfall
2025-04-30,2025-05-07,18.0,2025,P145,17.47773196144854,74.60017202281048,Satara,high,priority,2.5804595225054072E-6,1,7,CHIRPS Daily v2.0,Maharashtra,CHIRPS Rainfall
2025-04-30,2025-05-07,18.0,2025,P146,17.839182233739812,74.55218763637436,Satara,high,priority,1.0900407687586267E-5,1,7,CHIRPS Daily v2.0,Maharashtra,CHIRPS Rainfall
2025-04-30,2025-05-07,18.0,2025,P001,19.940457800458272,74.57045211428928,Ahmednagar,normal,statewide,0.03411507606506348,1,7,CHIRPS Daily v2.0,Maharashtra,CHIRPS Rainfall
2025-04-30,2025-05-07,18.0,2025,P002,18.946729294293643,74.76302285238339,Ahmednagar,normal,statewide,0.0,1,7,CHIRPS Daily v2.0,Maharashtra,CHIRPS Rainfall
2025-04-30,2025-05-07,18.0,2025,P003,18.49469238410162,74.66892244285252,Ahmednagar,normal,statewide,0.0011361190117895603,1,7,CHIRPS Daily v2.0,Maharashtra,CHIRPS Rainfall
2025-04-30,2025-05-07,18.0,2025,P004,19.03720445466806,75.1420731965326,Ahmednagar,normal,statewide,0.0,1,7,CHIRPS Daily v2.0,Maharashtra,CHIRPS Rainfall
2025-04-30,2025-05-07,18.0,2025,P005,20.832153156317954,77.06560453615967,Akola,normal,statewide,0.0,1,7,CHIRPS Daily v2.0,Maharashtra,CHIRPS Rainfall
2025-04-30,2025-05-07,18.0,2025,P006,20.834360411339407,76.87349308547405,Akola,normal,statewide,0.0,1,7,CHIRPS Daily v2.0,Maharashtra,CHIRPS Rainfall
2025-04-30,2025-05-07,18.0,2025,P007,21.014976299509232,76.87574047240498,Akola,normal,statewide,0.0,1,7,CHIRPS Daily v2.0,Maharashtra,CHIRPS Rainfall
2025-04-30,2025-05-07,18.0,2025,P008,20.828434266039377,77.35372489162701,Akola,normal,statewide,5.042181583121419E-4,1,7,CHIRPS Daily v2.0,Maharashtra,CHIRPS Rainfall
2025-04-30,2025-05-07,18.0,2025,P009,21.360971327549258,77.94039543992572,Amravati,normal,statewide,2.671179245226085E-4,1,7,CHIRPS Daily v2.0,Maharashtra,CHIRPS Rainfall
2025-04-30,2025-05-07,18.0,2025,P010,21.178803672212837,78.03301542790685,Amravati,normal,statewide,8.05726958788E-5,1,7,CHIRPS Daily v2.0,Maharashtra,CHIRPS Rainfall
2025-04-30,2025-05-07,18.0,2025,P011,20.814388097721018,78.21764450702477,Amravati,normal,statewide,0.14456238901038887,1,7,CHIRPS Daily v2.0,Maharashtra,CHIRPS Rainfall
2025-04-30,2025-05-07,18.0,2025,P012,21.180502589714195,77.93681032267875,Amravati,normal,statewide,6.483357719844207E-5,1,7,CHIRPS Daily v2.0,Maharashtra,CHIRPS Rainfall
2025-04-30,2025-05-07,18.0,2025,P013,20.031289688916964,74.8570519162974,Aurangabad,normal,statewide,0.04641783982515335,1,7,CHIRPS Daily v2.0,Maharashtra,CHIRPS Rainfall
2025-04-30,2025-05-07,18.0,2025,P014,19.760185263069562,75.14270192978114,Aurangabad,normal,statewide,0.10721562057733536,1,7,CHIRPS Daily v2.0,Maharashtra,CHIRPS Rainfall
2025-04-30,2025-05-07,18.0,2025,P015,19.9408189876436,74.76157364454102,Aurangabad,normal,statewide,0.04548392817378044,1,7,CHIRPS Daily v2.0,Maharashtra,CHIRPS Rainfall
2025-04-30,2025-05-07,18.0,2025,P016,19.66981712112043,75.14262166596218,Aurangabad,normal,statewide,0.09430987387895584,1,7,CHIRPS Daily v2.0,Maharashtra,CHIRPS Rainfall
2025-04-30,2025-05-07,18.0,2025,P017,21.04613203856966,79.85576216552393,Bhandara,normal,statewide,0.0,1,7,CHIRPS Daily v2.0,Maharashtra,CHIRPS Rainfall
2025-04-30,2025-05-07,18.0,2025,P018,21.31897105472685,79.76852877161537,Bhandara,normal,statewide,0.04053689302963903,1,7,CHIRPS Daily v2.0,Maharashtra,CHIRPS Rainfall
2025-04-30,2025-05-07,18.0,2025,P019,21.40900922319803,79.77144948280537,Bhandara,normal,statewide,0.142047673878551,1,7,CHIRPS Daily v2.0,Maharashtra,CHIRPS Rainfall
2025-04-30,2025-05-07,18.0,2025,P020,21.144196588937042,79.57074980349083,Bhandara,normal,statewide,0.0,1,7,CHIRPS Daily v2.0,Maharashtra,CHIRPS Rainfall
2025-04-30,2025-05-07,18.0,2025,P021,18.67502288980403,75.52108340877234,Bid,normal,statewide,2.1712077796109952E-5,1,7,CHIRPS Daily v2.0,Maharashtra,CHIRPS Rainfall
2025-04-30,2025-05-07,18.0,2025,P022,18.856499384477168,75.04699178476999,Bid,normal,statewide,0.0,1,7,CHIRPS Daily v2.0,Maharashtra,CHIRPS Rainfall
2025-04-30,2025-05-07,18.0,2025,P023,19.126596053486494,75.6175605191647,Bid,normal,statewide,0.0,1,7,CHIRPS Daily v2.0,Maharashtra,CHIRPS Rainfall
2025-04-30,2025-05-07,18.0,2025,P024,18.763955201213946,75.90084720909012,Bid,normal,statewide,0.0,1,7,CHIRPS Daily v2.0,Maharashtra,CHIRPS Rainfall
2025-04-30,2025-05-07,18.0,2025,P025,20.93073496240753,76.20164478885242,Buldana,normal,statewide,0.10548565536737442,1,7,CHIRPS Daily v2.0,Maharashtra,CHIRPS Rainfall
2025-04-30,2025-05-07,18.0,2025,P026,20.838939908121294,76.39311412898633,Buldana,normal,statewide,0.0441591739654541,1,7,CHIRPS Daily v2.0,Maharashtra,CHIRPS Rainfall
2025-04-30,2025-05-07,18.0,2025,P027,20.657476790751314,76.48742857536776,Buldana,normal,statewide,0.07885024696588516,1,7,CHIRPS Daily v2.0,Maharashtra,CHIRPS Rainfall
2025-04-30,2025-05-07,18.0,2025,P028,20.47967013624516,76.10222021266374,Buldana,normal,statewide,0.06206395477056503,1,7,CHIRPS Daily v2.0,Maharashtra,CHIRPS Rainfall
2025-04-30,2025-05-07,18.0,2025,P029,20.32317798477448,79.92829390325927,Chandrapur,normal,statewide,2.4811085760593414,1,7,CHIRPS Daily v2.0,Maharashtra,CHIRPS Rainfall
2025-04-30,2025-05-07,18.0,2025,P030,20.60872097983294,79.36304041732026,Chandrapur,normal,statewide,0.008476882241666317,1,7,CHIRPS Daily v2.0,Maharashtra,CHIRPS Rainfall
2025-04-30,2025-05-07,18.0,2025,P031,20.511160307884595,79.64732594588165,Chandrapur,normal,statewide,0.031176162883639336,1,7,CHIRPS Daily v2.0,Maharashtra,CHIRPS Rainfall
2025-04-30,2025-05-07,18.0,2025,P032,20.598621115946884,79.74569817422172,Chandrapur,normal,statewide,0.01853189617395401,1,7,CHIRPS Daily v2.0,Maharashtra,CHIRPS Rainfall
2025-04-30,2025-05-07,18.0,2025,P033,21.38667804512237,75.14422248324037,Dhule,normal,statewide,0.0,1,7,CHIRPS Daily v2.0,Maharashtra,CHIRPS Rainfall
2025-04-30,2025-05-07,18.0,2025,P034,21.025151968113196,74.75989256344387,Dhule,normal,statewide,0.07174015045166016,1,7,CHIRPS Daily v2.0,Maharashtra,CHIRPS Rainfall
2025-04-30,2025-05-07,18.0,2025,P035,21.477028350667293,74.85568743137505,Dhule,normal,statewide,0.007965820841491222,1,7,CHIRPS Daily v2.0,Maharashtra,CHIRPS Rainfall
2025-04-30,2025-05-07,18.0,2025,P036,20.933820660336515,74.37533522949364,Dhule,normal,statewide,0.026160866022109985,1,7,CHIRPS Daily v2.0,Maharashtra,CHIRPS Rainfall
2025-04-30,2025-05-07,18.0,2025,P037,19.963056524597132,79.91698116388667,Garhchiroli,normal,statewide,1.2431017672643065,1,7,CHIRPS Daily v2.0,Maharashtra,CHIRPS Rainfall
2025-04-30,2025-05-07,18.0,2025,P038,19.062661462582188,79.88977172925856,Garhchiroli,normal,statewide,5.202497503720224,1,7,CHIRPS Daily v2.0,Maharashtra,CHIRPS Rainfall
2025-04-30,2025-05-07,18.0,2025,P039,19.510270485428137,79.9981368030594,Garhchiroli,normal,statewide,4.432999445416499,1,7,CHIRPS Daily v2.0,Maharashtra,CHIRPS Rainfall
2025-04-30,2025-05-07,18.0,2025,P040,19.870365190999156,80.00935144220881,Garhchiroli,normal,statewide,1.0223662396892905,1,7,CHIRPS Daily v2.0,Maharashtra,CHIRPS Rainfall
2025-04-30,2025-05-07,18.0,2025,P041,21.127639946725598,80.1465044724107,Gondiya,normal,statewide,0.5132026076316833,1,7,CHIRPS Daily v2.0,Maharashtra,CHIRPS Rainfall
2025-04-30,2025-05-07,18.0,2025,P042,21.397598383602258,80.15591763473452,Gondiya,normal,statewide,0.4299317972618155,1,7,CHIRPS Daily v2.0,Maharashtra,CHIRPS Rainfall
2025-04-30,2025-05-07,18.0,2025,P043,21.574548890706154,80.25847249986273,Gondiya,normal,statewide,0.7486196160316467,1,7,CHIRPS Daily v2.0,Maharashtra,CHIRPS Rainfall
2025-04-30,2025-05-07,18.0,2025,P044,21.211649410572516,80.34153217518526,Gondiya,normal,statewide,1.707025949144736E-4,1,7,CHIRPS Daily v2.0,Maharashtra,CHIRPS Rainfall
2025-04-30,2025-05-07,18.0,2025,P045,19.655900266732623,77.2407892392464,Hingoli,normal,statewide,0.0,1,7,CHIRPS Daily v2.0,Maharashtra,CHIRPS Rainfall
2025-04-30,2025-05-07,18.0,2025,P046,19.566758377573187,77.1442675378435,Hingoli,normal,statewide,2.6039083604700863E-4,1,7,CHIRPS Daily v2.0,Maharashtra,CHIRPS Rainfall
2025-04-30,2025-05-07,18.0,2025,P047,19.47860194974656,76.9526242927685,Hingoli,normal,statewide,0.0011741332709789276,1,7,CHIRPS Daily v2.0,Maharashtra,CHIRPS Rainfall
2025-04-30,2025-05-07,18.0,2025,P048,19.927981235710728,77.14910120338544,Hingoli,normal,statewide,0.0,1,7,CHIRPS Daily v2.0,Maharashtra,CHIRPS Rainfall
2025-04-30,2025-05-07,18.0,2025,P049,21.292738163229433,76.10816865346904,Jalgaon,normal,statewide,0.18348842859268188,1,7,CHIRPS Daily v2.0,Maharashtra,CHIRPS Rainfall
2025-04-30,2025-05-07,18.0,2025,P050,21.386178625804387,75.43363151891216,Jalgaon,normal,statewide,0.0,1,7,CHIRPS Daily v2.0,Maharashtra,CHIRPS Rainfall
2025-04-30,2025-05-07,18.0,2025,P051,21.112064306745907,76.10682200495089,Jalgaon,normal,statewide,0.24552948772907257,1,7,CHIRPS Daily v2.0,Maharashtra,CHIRPS Rainfall
2025-04-30,2025-05-07,18.0,2025,P052,20.844437979720194,75.23982115072519,Jalgaon,normal,statewide,0.16929304599761963,1,7,CHIRPS Daily v2.0,Maharashtra,CHIRPS Rainfall
2025-04-30,2025-05-07,18.0,2025,P053,19.486369703781666,76.00005328932718,Jalna,normal,statewide,0.07884829491376877,1,7,CHIRPS Daily v2.0,Maharashtra,CHIRPS Rainfall
2025-04-30,2025-05-07,18.0,2025,P054,20.028502750758555,76.00343774702675,Jalna,normal,statewide,0.15237528085708618,1,7,CHIRPS Daily v2.0,Maharashtra,CHIRPS Rainfall
2025-04-30,2025-05-07,18.0,2025,P055,19.75743845682064,76.00172991132328,Jalna,normal,statewide,0.12098361551761627,1,7,CHIRPS Daily v2.0,Maharashtra,CHIRPS Rainfall
2025-04-30,2025-05-07,18.0,2025,P056,19.57768317515413,75.80993951591351,Jalna,normal,statewide,0.13751618564128876,1,7,CHIRPS Daily v2.0,Maharashtra,CHIRPS Rainfall
2025-04-30,2025-05-07,18.0,2025,P057,16.776377793156257,74.29671235971928,Kolhapur,normal,statewide,2.1442598097110022E-7,1,7,CHIRPS Daily v2.0,Maharashtra,CHIRPS Rainfall
2025-04-30,2025-05-07,18.0,2025,P058,16.324416687682138,74.29834884980589,Kolhapur,normal,statewide,2.752302350472746E-7,1,7,CHIRPS Daily v2.0,Maharashtra,CHIRPS Rainfall
2025-04-30,2025-05-07,18.0,2025,P059,16.595891218916975,74.39111598812178,Kolhapur,normal,statewide,1.6807712199806701E-7,1,7,CHIRPS Daily v2.0,Maharashtra,CHIRPS Rainfall
2025-04-30,2025-05-07,18.0,2025,P060,16.414811584237594,74.29802779453004,Kolhapur,normal,statewide,2.1128579419382731E-7,1,7,CHIRPS Daily v2.0,Maharashtra,CHIRPS Rainfall
2025-04-30,2025-05-07,18.0,2025,P086,21.054127206758487,79.56798961993874,Nagpur,normal,statewide,0.0,1,7,CHIRPS Daily v2.0,Maharashtra,CHIRPS Rainfall
2025-04-30,2025-05-07,18.0,2025,P087,21.146765031143822,79.47473643960802,Nagpur,normal,statewide,0.0,1,7,CHIRPS Daily v2.0,Maharashtra,CHIRPS Rainfall
2025-04-30,2025-05-07,18.0,2025,P088,21.347803602138427,78.61442869606356,Nagpur,normal,statewide,1.001178752630949E-4,1,7,CHIRPS Daily v2.0,Maharashtra,CHIRPS Rainfall
2025-04-30,2025-05-07,18.0,2025,P089,21.165377318940912,78.70615240473293,Nagpur,normal,statewide,2.1873410150874406E-4,1,7,CHIRPS Daily v2.0,Maharashtra,CHIRPS Rainfall
2025-04-30,2025-05-07,18.0,2025,P090,19.201968238592887,77.42470040309472,Nanded,normal,statewide,3.151088603772223E-4,1,7,CHIRPS Daily v2.0,Maharashtra,CHIRPS Rainfall
2025-04-30,2025-05-07,18.0,2025,P091,18.566038000956755,77.69963965584807,Nanded,normal,statewide,0.0,1,7,CHIRPS Daily v2.0,Maharashtra,CHIRPS Rainfall
2025-04-30,2025-05-07,18.0,2025,P092,19.736596618496833,77.90946265591798,Nanded,normal,statewide,1.1571042705327272E-4,1,7,CHIRPS Daily v2.0,Maharashtra,CHIRPS Rainfall
2025-04-30,2025-05-07,18.0,2025,P093,18.93564842817583,77.04115528508362,Nanded,normal,statewide,8.864244446158409E-4,1,7,CHIRPS Daily v2.0,Maharashtra,CHIRPS Rainfall
2025-04-30,2025-05-07,18.0,2025,P094,21.564917232430716,74.08292967791392,Nandurbar,normal,statewide,0.0,1,7,CHIRPS Daily v2.0,Maharashtra,CHIRPS Rainfall
2025-04-30,2025-05-07,18.0,2025,P095,21.5662594218478,74.37266422796263,Nandurbar,normal,statewide,0.0,1,7,CHIRPS Daily v2.0,Maharashtra,CHIRPS Rainfall
2025-04-30,2025-05-07,18.0,2025,P096,21.385179787168415,74.27697637845674,Nandurbar,normal,statewide,0.0,1,7,CHIRPS Daily v2.0,Maharashtra,CHIRPS Rainfall
2025-04-30,2025-05-07,18.0,2025,P097,21.565421110849755,74.17950488852946,Nandurbar,normal,statewide,0.0,1,7,CHIRPS Daily v2.0,Maharashtra,CHIRPS Rainfall
2025-04-30,2025-05-07,18.0,2025,P098,20.299553667393326,73.99482675929994,Nashik,normal,statewide,2.0767660316778347E-5,1,7,CHIRPS Daily v2.0,Maharashtra,CHIRPS Rainfall
2025-04-30,2025-05-07,18.0,2025,P099,20.120253214034264,74.28296495117151,Nashik,normal,statewide,0.01718972995877266,1,7,CHIRPS Daily v2.0,Maharashtra,CHIRPS Rainfall
2025-04-30,2025-05-07,18.0,2025,P100,20.389903972938242,73.99424261706194,Nashik,normal,statewide,0.2237238585948944,1,7,CHIRPS Daily v2.0,Maharashtra,CHIRPS Rainfall
2025-04-30,2025-05-07,18.0,2025,P101,20.029015547379707,74.09216447619562,Nashik,normal,statewide,7.602093392051756E-4,1,7,CHIRPS Daily v2.0,Maharashtra,CHIRPS Rainfall
2025-04-30,2025-05-07,18.0,2025,P102,17.85749130266526,76.36802722645965,Osmanabad,normal,statewide,0.0,1,7,CHIRPS Daily v2.0,Maharashtra,CHIRPS Rainfall
2025-04-30,2025-05-07,18.0,2025,P103,17.76644983645705,76.46164605307673,Osmanabad,normal,statewide,0.0,1,7,CHIRPS Daily v2.0,Maharashtra,CHIRPS Rainfall
2025-04-30,2025-05-07,18.0,2025,P104,17.949094615606196,76.17989775301476,Osmanabad,normal,statewide,5.1248783711344E-4,1,7,CHIRPS Daily v2.0,Maharashtra,CHIRPS Rainfall
2025-04-30,2025-05-07,18.0,2025,P105,18.584360447185368,75.61558067829696,Osmanabad,normal,statewide,4.78662368550431E-5,1,7,CHIRPS Daily v2.0,Maharashtra,CHIRPS Rainfall
2025-04-30,2025-05-07,18.0,2025,P106,19.031389786894366,76.47235681380711,Parbhani,normal,statewide,6.190178683027625E-4,1,7,CHIRPS Daily v2.0,Maharashtra,CHIRPS Rainfall
2025-04-30,2025-05-07,18.0,2025,P107,19.120950831552832,76.56820519095093,Parbhani,normal,statewide,0.0011023645056411624,1,7,CHIRPS Daily v2.0,Maharashtra,CHIRPS Rainfall
2025-04-30,2025-05-07,18.0,2025,P108,19.208625676465683,76.85432786914635,Parbhani,normal,statewide,3.454961406532675E-4,1,7,CHIRPS Daily v2.0,Maharashtra,CHIRPS Rainfall
2025-04-30,2025-05-07,18.0,2025,P109,19.212081479782103,76.47396209018636,Parbhani,normal,statewide,2.667002845555544E-4,1,7,CHIRPS Daily v2.0,Maharashtra,CHIRPS Rainfall
2025-04-30,2025-05-07,18.0,2025,P110,18.133442771357757,75.04679558432363,Pune,normal,statewide,0.005574357695877552,1,7,CHIRPS Daily v2.0,Maharashtra,CHIRPS Rainfall
2025-04-30,2025-05-07,18.0,2025,P111,18.584645829652782,74.47919215212944,Pune,normal,statewide,0.002598221879452467,1,7,CHIRPS Daily v2.0,Maharashtra,CHIRPS Rainfall
2025-04-30,2025-05-07,18.0,2025,P112,18.132979024848197,74.57507620208169,Pune,normal,statewide,4.605998765327968E-5,1,7,CHIRPS Daily v2.0,Maharashtra,CHIRPS Rainfall
2025-04-30,2025-05-07,18.0,2025,P113,18.314072036830744,74.76389683618987,Pune,normal,statewide,7.949784048832953E-5,1,7,CHIRPS Daily v2.0,Maharashtra,CHIRPS Rainfall
2025-04-30,2025-05-07,18.0,2025,P114,18.48503397121986,73.0589238755964,Raigarh,normal,statewide,0.0,1,7,CHIRPS Daily v2.0,Maharashtra,CHIRPS Rainfall
2025-04-30,2025-05-07,18.0,2025,P115,18.665689991299164,73.05687714821288,Raigarh,normal,statewide,0.0,1,7,CHIRPS Daily v2.0,Maharashtra,CHIRPS Rainfall
2025-04-30,2025-05-07,18.0,2025,P116,18.306197264370358,73.25009891506079,Raigarh,normal,statewide,0.0,1,7,CHIRPS Daily v2.0,Maharashtra,CHIRPS Rainfall
2025-04-30,2025-05-07,18.0,2025,P117,18.21404102289879,73.06194714611064,Raigarh,normal,statewide,0.0,1,7,CHIRPS Daily v2.0,Maharashtra,CHIRPS Rainfall
2025-04-30,2025-05-07,18.0,2025,P118,17.138719885658215,75.42259970290594,Sangli,normal,statewide,0.9132795333862305,1,7,CHIRPS Daily v2.0,Maharashtra,CHIRPS Rainfall
2025-04-30,2025-05-07,18.0,2025,P119,17.048761981005992,74.95348443567921,Sangli,normal,statewide,1.0718347766669467E-4,1,7,CHIRPS Daily v2.0,Maharashtra,CHIRPS Rainfall
2025-04-30,2025-05-07,18.0,2025,P120,16.86707144948229,74.39025538161847,Sangli,normal,statewide,2.2689090428684722E-7,1,7,CHIRPS Daily v2.0,Maharashtra,CHIRPS Rainfall
2025-04-30,2025-05-07,18.0,2025,P121,17.048503353144895,74.67157114887826,Sangli,normal,statewide,1.245618818757066E-6,1,7,CHIRPS Daily v2.0,Maharashtra,CHIRPS Rainfall
2025-04-30,2025-05-07,18.0,2025,P148,17.67852974098626,76.08383979812143,Solapur,normal,statewide,0.4870843291282654,1,7,CHIRPS Daily v2.0,Maharashtra,CHIRPS Rainfall
2025-04-30,2025-05-07,18.0,2025,P149,18.223365003201543,75.4251413905064,Solapur,normal,statewide,3.645229444373399E-4,1,7,CHIRPS Daily v2.0,Maharashtra,CHIRPS Rainfall
2025-04-30,2025-05-07,18.0,2025,P150,17.952532582518405,75.23562067753285,Solapur,normal,statewide,0.0026146271266043186,1,7,CHIRPS Daily v2.0,Maharashtra,CHIRPS Rainfall
2025-04-30,2025-05-07,18.0,2025,P151,18.223690517578447,75.23598186471818,Solapur,normal,statewide,4.707030893769115E-4,1,7,CHIRPS Daily v2.0,Maharashtra,CHIRPS Rainfall
2025-04-30,2025-05-07,18.0,2025,P152,19.658178867370932,72.94986318203122,Thane,normal,statewide,0.0,1,7,CHIRPS Daily v2.0,Maharashtra,CHIRPS Rainfall
2025-04-30,2025-05-07,18.0,2025,P153,19.65706409210757,72.8545320606096,Thane,normal,statewide,0.0,1,7,CHIRPS Daily v2.0,Maharashtra,CHIRPS Rainfall
2025-04-30,2025-05-07,18.0,2025,P154,19.477549601897948,72.95214624177059,Thane,normal,statewide,0.0,1,7,CHIRPS Daily v2.0,Maharashtra,CHIRPS Rainfall
2025-04-30,2025-05-07,18.0,2025,P155,19.83987385799569,73.0429959666335,Thane,normal,statewide,0.0,1,7,CHIRPS Daily v2.0,Maharashtra,CHIRPS Rainfall
2025-04-30,2025-05-07,18.0,2025,P156,20.806749657616468,78.60135461177485,Wardha,normal,statewide,2.5961408391594887E-4,1,7,CHIRPS Daily v2.0,Maharashtra,CHIRPS Rainfall
2025-04-30,2025-05-07,18.0,2025,P157,20.71031267913359,78.88671032458906,Wardha,normal,statewide,7.041291246423498E-5,1,7,CHIRPS Daily v2.0,Maharashtra,CHIRPS Rainfall
2025-04-30,2025-05-07,18.0,2025,P158,21.081265295769754,78.41565980750515,Wardha,normal,statewide,2.0017438509967178E-4,1,7,CHIRPS Daily v2.0,Maharashtra,CHIRPS Rainfall
2025-04-30,2025-05-07,18.0,2025,P159,20.439854822938944,78.87986114537097,Wardha,normal,statewide,0.0015801030676811934,1,7,CHIRPS Daily v2.0,Maharashtra,CHIRPS Rainfall
2025-04-30,2025-05-07,18.0,2025,P160,20.289186257444058,77.15404188735265,Washim,normal,statewide,0.0,1,7,CHIRPS Daily v2.0,Maharashtra,CHIRPS Rainfall
2025-04-30,2025-05-07,18.0,2025,P161,20.464607292886615,77.53975858757677,Washim,normal,statewide,6.253819447010756E-5,1,7,CHIRPS Daily v2.0,Maharashtra,CHIRPS Rainfall
2025-04-30,2025-05-07,18.0,2025,P162,20.107393166596125,77.2471479173486,Washim,normal,statewide,0.0,1,7,CHIRPS Daily v2.0,Maharashtra,CHIRPS Rainfall
2025-04-30,2025-05-07,18.0,2025,P163,20.198885002010726,77.1527933390577,Washim,normal,statewide,0.0,1,7,CHIRPS Daily v2.0,Maharashtra,CHIRPS Rainfall
2025-04-30,2025-05-07,18.0,2025,P164,20.182854533723592,78.20447678161395,Yavatmal,normal,statewide,9.430272621102631E-5,1,7,CHIRPS Daily v2.0,Maharashtra,CHIRPS Rainfall
2025-04-30,2025-05-07,18.0,2025,P165,19.894658373538324,79.05709703494229,Yavatmal,normal,statewide,0.0,1,7,CHIRPS Daily v2.0,Maharashtra,CHIRPS Rainfall
2025-04-30,2025-05-07,18.0,2025,P166,19.468787468327925,77.71426550730338,Yavatmal,normal,statewide,1.8286156409885734E-4,1,7,CHIRPS Daily v2.0,Maharashtra,CHIRPS Rainfall
2025-04-30,2025-05-07,18.0,2025,P167,19.559057510053886,77.71577268345945,Yavatmal,normal,statewide,8.795017492957413E-5,1,7,CHIRPS Daily v2.0,Maharashtra,CHIRPS Rainfall
2025-05-07,2025-05-14,19.0,2025,P147,17.927231643141155,73.94769852026607,Satara,case_study,case_study,4.102181144058704,1,7,CHIRPS Daily v2.0,Maharashtra,CHIRPS Rainfall
2025-05-07,2025-05-14,19.0,2025,P061,18.507855650411397,76.91766048140843,Latur,high,priority,3.604285455920035,1,7,CHIRPS Daily v2.0,Maharashtra,CHIRPS Rainfall
2025-05-07,2025-05-14,19.0,2025,P062,18.422405896924207,76.3487594508077,Latur,high,priority,3.5375894027388313,1,7,CHIRPS Daily v2.0,Maharashtra,CHIRPS Rainfall
2025-05-07,2025-05-14,19.0,2025,P063,18.235391198742693,77.05646783810116,Latur,high,priority,8.106473295338219,1,7,CHIRPS Daily v2.0,Maharashtra,CHIRPS Rainfall
2025-05-07,2025-05-14,19.0,2025,P064,18.193056493341274,76.77240080549139,Latur,high,priority,15.102323033104767,1,7,CHIRPS Daily v2.0,Maharashtra,CHIRPS Rainfall
2025-05-07,2025-05-14,19.0,2025,P065,18.331355512513895,76.44266811899327,Latur,high,priority,3.976814847559581,1,7,CHIRPS Daily v2.0,Maharashtra,CHIRPS Rainfall
2025-05-07,2025-05-14,19.0,2025,P066,18.104739537876725,76.5352970251765,Latur,high,priority,9.664794580166927,1,7,CHIRPS Daily v2.0,Maharashtra,CHIRPS Rainfall
2025-05-07,2025-05-14,19.0,2025,P067,18.280552974211986,77.0569984711265,Latur,high,priority,3.2968168963270728,1,7,CHIRPS Daily v2.0,Maharashtra,CHIRPS Rainfall
2025-05-07,2025-05-14,19.0,2025,P068,18.101823285787773,76.86595720469373,Latur,high,priority,11.785508433167706,1,7,CHIRPS Daily v2.0,Maharashtra,CHIRPS Rainfall
2025-05-07,2025-05-14,19.0,2025,P069,18.595075667016793,77.20284228928156,Latur,high,priority,11.121632865586434,1,7,CHIRPS Daily v2.0,Maharashtra,CHIRPS Rainfall
2025-05-07,2025-05-14,19.0,2025,P070,18.41499041187233,77.15322587185987,Latur,high,priority,9.393054191430565,1,7,CHIRPS Daily v2.0,Maharashtra,CHIRPS Rainfall
2025-05-07,2025-05-14,19.0,2025,P071,18.149138807065885,76.63019561379593,Latur,high,priority,9.39766043045529,1,7,CHIRPS Daily v2.0,Maharashtra,CHIRPS Rainfall
2025-05-07,2025-05-14,19.0,2025,P072,18.283393421583035,76.77331492120734,Latur,high,priority,12.072324109132751,1,7,CHIRPS Daily v2.0,Maharashtra,CHIRPS Rainfall
2025-05-07,2025-05-14,19.0,2025,P073,17.966315663874607,76.86453029235662,Latur,high,priority,12.127131272485713,1,7,CHIRPS Daily v2.0,Maharashtra,CHIRPS Rainfall
2025-05-07,2025-05-14,19.0,2025,P074,18.50832831512306,76.870318205524,Latur,high,priority,3.694321888498962,1,7,CHIRPS Daily v2.0,Maharashtra,CHIRPS Rainfall
2025-05-07,2025-05-14,19.0,2025,P075,18.41444640154381,77.20053247493588,Latur,high,priority,14.468642022053245,1,7,CHIRPS Daily v2.0,Maharashtra,CHIRPS Rainfall
2025-05-07,2025-05-14,19.0,2025,P076,18.377877313804504,76.25376722106614,Latur,high,priority,3.787145630845771,1,7,CHIRPS Daily v2.0,Maharashtra,CHIRPS Rainfall
2025-05-07,2025-05-14,19.0,2025,P077,18.059564385104267,76.5349046242838,Latur,high,priority,4.405931161425542,1,7,CHIRPS Daily v2.0,Maharashtra,CHIRPS Rainfall
2025-05-07,2025-05-14,19.0,2025,P078,18.1008824154655,76.96042326051098,Latur,high,priority,10.336994919052813,1,7,CHIRPS Daily v2.0,Maharashtra,CHIRPS Rainfall
2025-05-07,2025-05-14,19.0,2025,P079,18.73508698099394,76.77797468180819,Latur,high,priority,3.470984670362668,1,7,CHIRPS Daily v2.0,Maharashtra,CHIRPS Rainfall
2025-05-07,2025-05-14,19.0,2025,P080,18.46791548227568,76.3017694439065,Latur,high,priority,3.47655806565308,1,7,CHIRPS Daily v2.0,Maharashtra,CHIRPS Rainfall
2025-05-07,2025-05-14,19.0,2025,P081,18.10355787609756,76.67701617485712,Latur,high,priority,9.897105791242211,1,7,CHIRPS Daily v2.0,Maharashtra,CHIRPS Rainfall
2025-05-07,2025-05-14,19.0,2025,P082,18.23907887531389,76.67830931416262,Latur,high,priority,14.825818047858775,1,7,CHIRPS Daily v2.0,Maharashtra,CHIRPS Rainfall
2025-05-07,2025-05-14,19.0,2025,P083,18.369289085175563,77.19996171000103,Latur,high,priority,4.102350993169239,1,7,CHIRPS Daily v2.0,Maharashtra,CHIRPS Rainfall
2025-05-07,2025-05-14,19.0,2025,P084,18.46362582706226,76.82249880582684,Latur,high,priority,3.9604533634410473,1,7,CHIRPS Daily v2.0,Maharashtra,CHIRPS Rainfall
2025-05-07,2025-05-14,19.0,2025,P085,18.14788579966987,76.77194597718393,Latur,high,priority,9.459983663313324,1,7,CHIRPS Daily v2.0,Maharashtra,CHIRPS Rainfall
2025-05-07,2025-05-14,19.0,2025,P122,17.88145897082753,73.8441448165019,Satara,high,priority,15.264832839369774,1,7,CHIRPS Daily v2.0,Maharashtra,CHIRPS Rainfall
2025-05-07,2025-05-14,19.0,2025,P123,17.386414030975025,74.27088970551878,Satara,high,priority,30.21975836949423,1,7,CHIRPS Daily v2.0,Maharashtra,CHIRPS Rainfall
2025-05-07,2025-05-14,19.0,2025,P124,17.43262815429294,74.647353771057,Satara,high,priority,23.23378020387463,1,7,CHIRPS Daily v2.0,Maharashtra,CHIRPS Rainfall
2025-05-07,2025-05-14,19.0,2025,P125,17.56734651531964,74.31728219287884,Satara,high,priority,21.153958022594452,1,7,CHIRPS Daily v2.0,Maharashtra,CHIRPS Rainfall
2025-05-07,2025-05-14,19.0,2025,P126,17.205080227535593,74.13053949986157,Satara,high,priority,24.09132808446884,1,7,CHIRPS Daily v2.0,Maharashtra,CHIRPS Rainfall
2025-05-07,2025-05-14,19.0,2025,P127,17.65773249367299,74.31694330119876,Satara,high,priority,26.99032112583518,1,7,CHIRPS Daily v2.0,Maharashtra,CHIRPS Rainfall
2025-05-07,2025-05-14,19.0,2025,P128,18.019949731345452,74.5517328080669,Satara,high,priority,20.474348485469818,1,7,CHIRPS Daily v2.0,Maharashtra,CHIRPS Rainfall
2025-05-07,2025-05-14,19.0,2025,P129,18.063234225271252,74.03192648006461,Satara,high,priority,9.714479822665453,1,7,CHIRPS Daily v2.0,Maharashtra,CHIRPS Rainfall
2025-05-07,2025-05-14,19.0,2025,P130,17.61135784271715,74.03436560834085,Satara,high,priority,26.93513336777687,1,7,CHIRPS Daily v2.0,Maharashtra,CHIRPS Rainfall
2025-05-07,2025-05-14,19.0,2025,P131,17.612539504496315,74.3171127470388,Satara,high,priority,27.480251546949148,1,7,CHIRPS Daily v2.0,Maharashtra,CHIRPS Rainfall
2025-05-07,2025-05-14,19.0,2025,P132,17.702176353872684,74.12817617630324,Satara,high,priority,20.009015389019623,1,7,CHIRPS Daily v2.0,Maharashtra,CHIRPS Rainfall
2025-05-07,2025-05-14,19.0,2025,P133,17.25006363896275,74.08329532420031,Satara,high,priority,24.452736020088196,1,7,CHIRPS Daily v2.0,Maharashtra,CHIRPS Rainfall
2025-05-07,2025-05-14,19.0,2025,P134,17.476429903940936,74.17634784498362,Satara,high,priority,29.655799508094788,1,7,CHIRPS Daily v2.0,Maharashtra,CHIRPS Rainfall
2025-05-07,2025-05-14,19.0,2025,P135,17.882716437324603,74.0801070669471,Satara,high,priority,11.800300732254982,1,7,CHIRPS Daily v2.0,Maharashtra,CHIRPS Rainfall
2025-05-07,2025-05-14,19.0,2025,P136,17.928520323345598,74.22149178404871,Satara,high,priority,11.614646703004837,1,7,CHIRPS Daily v2.0,Maharashtra,CHIRPS Rainfall
2025-05-07,2025-05-14,19.0,2025,P137,17.746687100588183,73.98648378122894,Satara,high,priority,18.57850105315447,1,7,CHIRPS Daily v2.0,Maharashtra,CHIRPS Rainfall
2025-05-07,2025-05-14,19.0,2025,P138,17.61269557303319,74.36423652697161,Satara,high,priority,25.95258387736976,1,7,CHIRPS Daily v2.0,Maharashtra,CHIRPS Rainfall
2025-05-07,2025-05-14,19.0,2025,P139,17.656773786946495,74.08126197411994,Satara,high,priority,20.98894312977791,1,7,CHIRPS Daily v2.0,Maharashtra,CHIRPS Rainfall
2025-05-07,2025-05-14,19.0,2025,P140,17.97464080554139,74.50462240543725,Satara,high,priority,20.089139342308044,1,7,CHIRPS Daily v2.0,Maharashtra,CHIRPS Rainfall
2025-05-07,2025-05-14,19.0,2025,P141,17.430826677467348,74.08239904488856,Satara,high,priority,37.67077159881592,1,7,CHIRPS Daily v2.0,Maharashtra,CHIRPS Rainfall
2025-05-07,2025-05-14,19.0,2025,P142,18.064447100757786,74.31538707493111,Satara,high,priority,1.8581224796362221,1,7,CHIRPS Daily v2.0,Maharashtra,CHIRPS Rainfall
2025-05-07,2025-05-14,19.0,2025,P143,17.70379500755509,74.6468275971327,Satara,high,priority,30.82800731807947,1,7,CHIRPS Daily v2.0,Maharashtra,CHIRPS Rainfall
2025-05-07,2025-05-14,19.0,2025,P144,17.929452275465767,74.50474726026674,Satara,high,priority,24.27218645811081,1,7,CHIRPS Daily v2.0,Maharashtra,CHIRPS Rainfall
2025-05-07,2025-05-14,19.0,2025,P145,17.47773196144854,74.60017202281048,Satara,high,priority,18.3215839445038,1,7,CHIRPS Daily v2.0,Maharashtra,CHIRPS Rainfall
2025-05-07,2025-05-14,19.0,2025,P146,17.839182233739812,74.55218763637436,Satara,high,priority,25.009160816669464,1,7,CHIRPS Daily v2.0,Maharashtra,CHIRPS Rainfall
2025-05-07,2025-05-14,19.0,2025,P001,19.940457800458272,74.57045211428928,Ahmednagar,normal,statewide,3.65730241604615,1,7,CHIRPS Daily v2.0,Maharashtra,CHIRPS Rainfall
2025-05-07,2025-05-14,19.0,2025,P002,18.946729294293643,74.76302285238339,Ahmednagar,normal,statewide,9.614264842221928,1,7,CHIRPS Daily v2.0,Maharashtra,CHIRPS Rainfall
2025-05-07,2025-05-14,19.0,2025,P003,18.49469238410162,74.66892244285252,Ahmednagar,normal,statewide,8.708193700760603,1,7,CHIRPS Daily v2.0,Maharashtra,CHIRPS Rainfall
2025-05-07,2025-05-14,19.0,2025,P004,19.03720445466806,75.1420731965326,Ahmednagar,normal,statewide,12.578318295214558,1,7,CHIRPS Daily v2.0,Maharashtra,CHIRPS Rainfall
2025-05-07,2025-05-14,19.0,2025,P005,20.832153156317954,77.06560453615967,Akola,normal,statewide,0.4410960608511232,1,7,CHIRPS Daily v2.0,Maharashtra,CHIRPS Rainfall
2025-05-07,2025-05-14,19.0,2025,P006,20.834360411339407,76.87349308547405,Akola,normal,statewide,1.9503233102732338,1,7,CHIRPS Daily v2.0,Maharashtra,CHIRPS Rainfall
2025-05-07,2025-05-14,19.0,2025,P007,21.014976299509232,76.87574047240498,Akola,normal,statewide,1.9267838755622506,1,7,CHIRPS Daily v2.0,Maharashtra,CHIRPS Rainfall
2025-05-07,2025-05-14,19.0,2025,P008,20.828434266039377,77.35372489162701,Akola,normal,statewide,0.6184227280318737,1,7,CHIRPS Daily v2.0,Maharashtra,CHIRPS Rainfall
2025-05-07,2025-05-14,19.0,2025,P009,21.360971327549258,77.94039543992572,Amravati,normal,statewide,0.8423841819167137,1,7,CHIRPS Daily v2.0,Maharashtra,CHIRPS Rainfall
2025-05-07,2025-05-14,19.0,2025,P010,21.178803672212837,78.03301542790685,Amravati,normal,statewide,0.5991819314658642,1,7,CHIRPS Daily v2.0,Maharashtra,CHIRPS Rainfall
2025-05-07,2025-05-14,19.0,2025,P011,20.814388097721018,78.21764450702477,Amravati,normal,statewide,0.3856321610510349,1,7,CHIRPS Daily v2.0,Maharashtra,CHIRPS Rainfall
2025-05-07,2025-05-14,19.0,2025,P012,21.180502589714195,77.93681032267875,Amravati,normal,statewide,0.46806870214641094,1,7,CHIRPS Daily v2.0,Maharashtra,CHIRPS Rainfall
2025-05-07,2025-05-14,19.0,2025,P013,20.031289688916964,74.8570519162974,Aurangabad,normal,statewide,0.9573318958282471,1,7,CHIRPS Daily v2.0,Maharashtra,CHIRPS Rainfall
2025-05-07,2025-05-14,19.0,2025,P014,19.760185263069562,75.14270192978114,Aurangabad,normal,statewide,1.198187530040741,1,7,CHIRPS Daily v2.0,Maharashtra,CHIRPS Rainfall
2025-05-07,2025-05-14,19.0,2025,P015,19.9408189876436,74.76157364454102,Aurangabad,normal,statewide,3.4745013946667314,1,7,CHIRPS Daily v2.0,Maharashtra,CHIRPS Rainfall
2025-05-07,2025-05-14,19.0,2025,P016,19.66981712112043,75.14262166596218,Aurangabad,normal,statewide,1.2974171426612884,1,7,CHIRPS Daily v2.0,Maharashtra,CHIRPS Rainfall
2025-05-07,2025-05-14,19.0,2025,P017,21.04613203856966,79.85576216552393,Bhandara,normal,statewide,0.5747161377221346,1,7,CHIRPS Daily v2.0,Maharashtra,CHIRPS Rainfall
2025-05-07,2025-05-14,19.0,2025,P018,21.31897105472685,79.76852877161537,Bhandara,normal,statewide,0.18803446978563443,1,7,CHIRPS Daily v2.0,Maharashtra,CHIRPS Rainfall
2025-05-07,2025-05-14,19.0,2025,P019,21.40900922319803,79.77144948280537,Bhandara,normal,statewide,0.3620841926895082,1,7,CHIRPS Daily v2.0,Maharashtra,CHIRPS Rainfall
2025-05-07,2025-05-14,19.0,2025,P020,21.144196588937042,79.57074980349083,Bhandara,normal,statewide,0.5820585489273071,1,7,CHIRPS Daily v2.0,Maharashtra,CHIRPS Rainfall
2025-05-07,2025-05-14,19.0,2025,P021,18.67502288980403,75.52108340877234,Bid,normal,statewide,12.580691784667579,1,7,CHIRPS Daily v2.0,Maharashtra,CHIRPS Rainfall
2025-05-07,2025-05-14,19.0,2025,P022,18.856499384477168,75.04699178476999,Bid,normal,statewide,12.108598232967779,1,7,CHIRPS Daily v2.0,Maharashtra,CHIRPS Rainfall
2025-05-07,2025-05-14,19.0,2025,P023,19.126596053486494,75.6175605191647,Bid,normal,statewide,8.629614993580617,1,7,CHIRPS Daily v2.0,Maharashtra,CHIRPS Rainfall
2025-05-07,2025-05-14,19.0,2025,P024,18.763955201213946,75.90084720909012,Bid,normal,statewide,10.428556680679321,1,7,CHIRPS Daily v2.0,Maharashtra,CHIRPS Rainfall
2025-05-07,2025-05-14,19.0,2025,P025,20.93073496240753,76.20164478885242,Buldana,normal,statewide,0.6794186295719555,1,7,CHIRPS Daily v2.0,Maharashtra,CHIRPS Rainfall
2025-05-07,2025-05-14,19.0,2025,P026,20.838939908121294,76.39311412898633,Buldana,normal,statewide,0.5526669316623156,1,7,CHIRPS Daily v2.0,Maharashtra,CHIRPS Rainfall
2025-05-07,2025-05-14,19.0,2025,P027,20.657476790751314,76.48742857536776,Buldana,normal,statewide,0.5493586680140652,1,7,CHIRPS Daily v2.0,Maharashtra,CHIRPS Rainfall
2025-05-07,2025-05-14,19.0,2025,P028,20.47967013624516,76.10222021266374,Buldana,normal,statewide,0.36228111646687466,1,7,CHIRPS Daily v2.0,Maharashtra,CHIRPS Rainfall
2025-05-07,2025-05-14,19.0,2025,P029,20.32317798477448,79.92829390325927,Chandrapur,normal,statewide,1.0706143768657057,1,7,CHIRPS Daily v2.0,Maharashtra,CHIRPS Rainfall
2025-05-07,2025-05-14,19.0,2025,P030,20.60872097983294,79.36304041732026,Chandrapur,normal,statewide,1.2385242004152133,1,7,CHIRPS Daily v2.0,Maharashtra,CHIRPS Rainfall
2025-05-07,2025-05-14,19.0,2025,P031,20.511160307884595,79.64732594588165,Chandrapur,normal,statewide,1.4522088984285801,1,7,CHIRPS Daily v2.0,Maharashtra,CHIRPS Rainfall
2025-05-07,2025-05-14,19.0,2025,P032,20.598621115946884,79.74569817422172,Chandrapur,normal,statewide,1.3194549144427583,1,7,CHIRPS Daily v2.0,Maharashtra,CHIRPS Rainfall
2025-05-07,2025-05-14,19.0,2025,P033,21.38667804512237,75.14422248324037,Dhule,normal,statewide,0.19579549133777618,1,7,CHIRPS Daily v2.0,Maharashtra,CHIRPS Rainfall
2025-05-07,2025-05-14,19.0,2025,P034,21.025151968113196,74.75989256344387,Dhule,normal,statewide,2.198604372563416,1,7,CHIRPS Daily v2.0,Maharashtra,CHIRPS Rainfall
2025-05-07,2025-05-14,19.0,2025,P035,21.477028350667293,74.85568743137505,Dhule,normal,statewide,0.5160437497834209,1,7,CHIRPS Daily v2.0,Maharashtra,CHIRPS Rainfall
2025-05-07,2025-05-14,19.0,2025,P036,20.933820660336515,74.37533522949364,Dhule,normal,statewide,1.404783310223138,1,7,CHIRPS Daily v2.0,Maharashtra,CHIRPS Rainfall
2025-05-07,2025-05-14,19.0,2025,P037,19.963056524597132,79.91698116388667,Garhchiroli,normal,statewide,1.0840206481516361,1,7,CHIRPS Daily v2.0,Maharashtra,CHIRPS Rainfall
2025-05-07,2025-05-14,19.0,2025,P038,19.062661462582188,79.88977172925856,Garhchiroli,normal,statewide,3.4666626527905464,1,7,CHIRPS Daily v2.0,Maharashtra,CHIRPS Rainfall
2025-05-07,2025-05-14,19.0,2025,P039,19.510270485428137,79.9981368030594,Garhchiroli,normal,statewide,2.7848976717796177,1,7,CHIRPS Daily v2.0,Maharashtra,CHIRPS Rainfall
2025-05-07,2025-05-14,19.0,2025,P040,19.870365190999156,80.00935144220881,Garhchiroli,normal,statewide,1.0421714121475816,1,7,CHIRPS Daily v2.0,Maharashtra,CHIRPS Rainfall
2025-05-07,2025-05-14,19.0,2025,P041,21.127639946725598,80.1465044724107,Gondiya,normal,statewide,0.3576851524412632,1,7,CHIRPS Daily v2.0,Maharashtra,CHIRPS Rainfall
2025-05-07,2025-05-14,19.0,2025,P042,21.397598383602258,80.15591763473452,Gondiya,normal,statewide,0.39299483224749565,1,7,CHIRPS Daily v2.0,Maharashtra,CHIRPS Rainfall
2025-05-07,2025-05-14,19.0,2025,P043,21.574548890706154,80.25847249986273,Gondiya,normal,statewide,0.7701748032559408,1,7,CHIRPS Daily v2.0,Maharashtra,CHIRPS Rainfall
2025-05-07,2025-05-14,19.0,2025,P044,21.211649410572516,80.34153217518526,Gondiya,normal,statewide,0.32533303665923086,1,7,CHIRPS Daily v2.0,Maharashtra,CHIRPS Rainfall
2025-05-07,2025-05-14,19.0,2025,P045,19.655900266732623,77.2407892392464,Hingoli,normal,statewide,1.6201171875,1,7,CHIRPS Daily v2.0,Maharashtra,CHIRPS Rainfall
2025-05-07,2025-05-14,19.0,2025,P046,19.566758377573187,77.1442675378435,Hingoli,normal,statewide,2.2068801522254944,1,7,CHIRPS Daily v2.0,Maharashtra,CHIRPS Rainfall
2025-05-07,2025-05-14,19.0,2025,P047,19.47860194974656,76.9526242927685,Hingoli,normal,statewide,7.137417018413544,1,7,CHIRPS Daily v2.0,Maharashtra,CHIRPS Rainfall
2025-05-07,2025-05-14,19.0,2025,P048,19.927981235710728,77.14910120338544,Hingoli,normal,statewide,0.6547138690948486,1,7,CHIRPS Daily v2.0,Maharashtra,CHIRPS Rainfall
2025-05-07,2025-05-14,19.0,2025,P049,21.292738163229433,76.10816865346904,Jalgaon,normal,statewide,0.2533897456014529,1,7,CHIRPS Daily v2.0,Maharashtra,CHIRPS Rainfall
2025-05-07,2025-05-14,19.0,2025,P050,21.386178625804387,75.43363151891216,Jalgaon,normal,statewide,0.13601639866828918,1,7,CHIRPS Daily v2.0,Maharashtra,CHIRPS Rainfall
2025-05-07,2025-05-14,19.0,2025,P051,21.112064306745907,76.10682200495089,Jalgaon,normal,statewide,0.5618015743602882,1,7,CHIRPS Daily v2.0,Maharashtra,CHIRPS Rainfall
2025-05-07,2025-05-14,19.0,2025,P052,20.844437979720194,75.23982115072519,Jalgaon,normal,statewide,1.4165282547473907,1,7,CHIRPS Daily v2.0,Maharashtra,CHIRPS Rainfall
2025-05-07,2025-05-14,19.0,2025,P053,19.486369703781666,76.00005328932718,Jalna,normal,statewide,8.343357553705573,1,7,CHIRPS Daily v2.0,Maharashtra,CHIRPS Rainfall
2025-05-07,2025-05-14,19.0,2025,P054,20.028502750758555,76.00343774702675,Jalna,normal,statewide,3.7928935116360663,1,7,CHIRPS Daily v2.0,Maharashtra,CHIRPS Rainfall
2025-05-07,2025-05-14,19.0,2025,P055,19.75743845682064,76.00172991132328,Jalna,normal,statewide,0.9583494104444981,1,7,CHIRPS Daily v2.0,Maharashtra,CHIRPS Rainfall
2025-05-07,2025-05-14,19.0,2025,P056,19.57768317515413,75.80993951591351,Jalna,normal,statewide,10.685432789381593,1,7,CHIRPS Daily v2.0,Maharashtra,CHIRPS Rainfall
2025-05-07,2025-05-14,19.0,2025,P057,16.776377793156257,74.29671235971928,Kolhapur,normal,statewide,35.67856201775419,1,7,CHIRPS Daily v2.0,Maharashtra,CHIRPS Rainfall
2025-05-07,2025-05-14,19.0,2025,P058,16.324416687682138,74.29834884980589,Kolhapur,normal,statewide,30.301758155313166,1,7,CHIRPS Daily v2.0,Maharashtra,CHIRPS Rainfall
2025-05-07,2025-05-14,19.0,2025,P059,16.595891218916975,74.39111598812178,Kolhapur,normal,statewide,35.82478178743622,1,7,CHIRPS Daily v2.0,Maharashtra,CHIRPS Rainfall
2025-05-07,2025-05-14,19.0,2025,P060,16.414811584237594,74.29802779453004,Kolhapur,normal,statewide,32.088657661557704,1,7,CHIRPS Daily v2.0,Maharashtra,CHIRPS Rainfall
2025-05-07,2025-05-14,19.0,2025,P086,21.054127206758487,79.56798961993874,Nagpur,normal,statewide,0.45391184091567993,1,7,CHIRPS Daily v2.0,Maharashtra,CHIRPS Rainfall
2025-05-07,2025-05-14,19.0,2025,P087,21.146765031143822,79.47473643960802,Nagpur,normal,statewide,0.660290852189064,1,7,CHIRPS Daily v2.0,Maharashtra,CHIRPS Rainfall
2025-05-07,2025-05-14,19.0,2025,P088,21.347803602138427,78.61442869606356,Nagpur,normal,statewide,1.3273114068433642,1,7,CHIRPS Daily v2.0,Maharashtra,CHIRPS Rainfall
2025-05-07,2025-05-14,19.0,2025,P089,21.165377318940912,78.70615240473293,Nagpur,normal,statewide,1.9716292023658752,1,7,CHIRPS Daily v2.0,Maharashtra,CHIRPS Rainfall
2025-05-07,2025-05-14,19.0,2025,P090,19.201968238592887,77.42470040309472,Nanded,normal,statewide,3.851062146539334,1,7,CHIRPS Daily v2.0,Maharashtra,CHIRPS Rainfall
2025-05-07,2025-05-14,19.0,2025,P091,18.566038000956755,77.69963965584807,Nanded,normal,statewide,1.853107108909171,1,7,CHIRPS Daily v2.0,Maharashtra,CHIRPS Rainfall
2025-05-07,2025-05-14,19.0,2025,P092,19.736596618496833,77.90946265591798,Nanded,normal,statewide,1.2920640856027603,1,7,CHIRPS Daily v2.0,Maharashtra,CHIRPS Rainfall
2025-05-07,2025-05-14,19.0,2025,P093,18.93564842817583,77.04115528508362,Nanded,normal,statewide,2.2413820657538963,1,7,CHIRPS Daily v2.0,Maharashtra,CHIRPS Rainfall
2025-05-07,2025-05-14,19.0,2025,P094,21.564917232430716,74.08292967791392,Nandurbar,normal,statewide,0.0,1,7,CHIRPS Daily v2.0,Maharashtra,CHIRPS Rainfall
2025-05-07,2025-05-14,19.0,2025,P095,21.5662594218478,74.37266422796263,Nandurbar,normal,statewide,0.0,1,7,CHIRPS Daily v2.0,Maharashtra,CHIRPS Rainfall
2025-05-07,2025-05-14,19.0,2025,P096,21.385179787168415,74.27697637845674,Nandurbar,normal,statewide,0.0,1,7,CHIRPS Daily v2.0,Maharashtra,CHIRPS Rainfall
2025-05-07,2025-05-14,19.0,2025,P097,21.565421110849755,74.17950488852946,Nandurbar,normal,statewide,0.0,1,7,CHIRPS Daily v2.0,Maharashtra,CHIRPS Rainfall
2025-05-07,2025-05-14,19.0,2025,P098,20.299553667393326,73.99482675929994,Nashik,normal,statewide,0.326058346525798,1,7,CHIRPS Daily v2.0,Maharashtra,CHIRPS Rainfall
2025-05-07,2025-05-14,19.0,2025,P099,20.120253214034264,74.28296495117151,Nashik,normal,statewide,1.3158499681740068,1,7,CHIRPS Daily v2.0,Maharashtra,CHIRPS Rainfall
2025-05-07,2025-05-14,19.0,2025,P100,20.389903972938242,73.99424261706194,Nashik,normal,statewide,8.684650484705344,1,7,CHIRPS Daily v2.0,Maharashtra,CHIRPS Rainfall
2025-05-07,2025-05-14,19.0,2025,P101,20.029015547379707,74.09216447619562,Nashik,normal,statewide,0.4689073925410412,1,7,CHIRPS Daily v2.0,Maharashtra,CHIRPS Rainfall
2025-05-07,2025-05-14,19.0,2025,P102,17.85749130266526,76.36802722645965,Osmanabad,normal,statewide,14.800654009915888,1,7,CHIRPS Daily v2.0,Maharashtra,CHIRPS Rainfall
2025-05-07,2025-05-14,19.0,2025,P103,17.76644983645705,76.46164605307673,Osmanabad,normal,statewide,12.31277418177342,1,7,CHIRPS Daily v2.0,Maharashtra,CHIRPS Rainfall
2025-05-07,2025-05-14,19.0,2025,P104,17.949094615606196,76.17989775301476,Osmanabad,normal,statewide,12.38439871079754,1,7,CHIRPS Daily v2.0,Maharashtra,CHIRPS Rainfall
2025-05-07,2025-05-14,19.0,2025,P105,18.584360447185368,75.61558067829696,Osmanabad,normal,statewide,14.242178235141182,1,7,CHIRPS Daily v2.0,Maharashtra,CHIRPS Rainfall
2025-05-07,2025-05-14,19.0,2025,P106,19.031389786894366,76.47235681380711,Parbhani,normal,statewide,9.881283877650276,1,7,CHIRPS Daily v2.0,Maharashtra,CHIRPS Rainfall
2025-05-07,2025-05-14,19.0,2025,P107,19.120950831552832,76.56820519095093,Parbhani,normal,statewide,8.777968998299912,1,7,CHIRPS Daily v2.0,Maharashtra,CHIRPS Rainfall
2025-05-07,2025-05-14,19.0,2025,P108,19.208625676465683,76.85432786914635,Parbhani,normal,statewide,5.310094850989117,1,7,CHIRPS Daily v2.0,Maharashtra,CHIRPS Rainfall
2025-05-07,2025-05-14,19.0,2025,P109,19.212081479782103,76.47396209018636,Parbhani,normal,statewide,9.620230931854167,1,7,CHIRPS Daily v2.0,Maharashtra,CHIRPS Rainfall
2025-05-07,2025-05-14,19.0,2025,P110,18.133442771357757,75.04679558432363,Pune,normal,statewide,23.70212745666504,1,7,CHIRPS Daily v2.0,Maharashtra,CHIRPS Rainfall
2025-05-07,2025-05-14,19.0,2025,P111,18.584645829652782,74.47919215212944,Pune,normal,statewide,10.463969767093658,1,7,CHIRPS Daily v2.0,Maharashtra,CHIRPS Rainfall
2025-05-07,2025-05-14,19.0,2025,P112,18.132979024848197,74.57507620208169,Pune,normal,statewide,12.164037048816681,1,7,CHIRPS Daily v2.0,Maharashtra,CHIRPS Rainfall
2025-05-07,2025-05-14,19.0,2025,P113,18.314072036830744,74.76389683618987,Pune,normal,statewide,15.032457606106618,1,7,CHIRPS Daily v2.0,Maharashtra,CHIRPS Rainfall
2025-05-07,2025-05-14,19.0,2025,P114,18.48503397121986,73.0589238755964,Raigarh,normal,statewide,0.0,1,7,CHIRPS Daily v2.0,Maharashtra,CHIRPS Rainfall
2025-05-07,2025-05-14,19.0,2025,P115,18.665689991299164,73.05687714821288,Raigarh,normal,statewide,0.0,1,7,CHIRPS Daily v2.0,Maharashtra,CHIRPS Rainfall
2025-05-07,2025-05-14,19.0,2025,P116,18.306197264370358,73.25009891506079,Raigarh,normal,statewide,0.0,1,7,CHIRPS Daily v2.0,Maharashtra,CHIRPS Rainfall
2025-05-07,2025-05-14,19.0,2025,P117,18.21404102289879,73.06194714611064,Raigarh,normal,statewide,0.0,1,7,CHIRPS Daily v2.0,Maharashtra,CHIRPS Rainfall
2025-05-07,2025-05-14,19.0,2025,P118,17.138719885658215,75.42259970290594,Sangli,normal,statewide,21.554357886314392,1,7,CHIRPS Daily v2.0,Maharashtra,CHIRPS Rainfall
2025-05-07,2025-05-14,19.0,2025,P119,17.048761981005992,74.95348443567921,Sangli,normal,statewide,34.88834649731871,1,7,CHIRPS Daily v2.0,Maharashtra,CHIRPS Rainfall
2025-05-07,2025-05-14,19.0,2025,P120,16.86707144948229,74.39025538161847,Sangli,normal,statewide,29.25919238172696,1,7,CHIRPS Daily v2.0,Maharashtra,CHIRPS Rainfall
2025-05-07,2025-05-14,19.0,2025,P121,17.048503353144895,74.67157114887826,Sangli,normal,statewide,25.91043344149284,1,7,CHIRPS Daily v2.0,Maharashtra,CHIRPS Rainfall
2025-05-07,2025-05-14,19.0,2025,P148,17.67852974098626,76.08383979812143,Solapur,normal,statewide,27.047731399536133,1,7,CHIRPS Daily v2.0,Maharashtra,CHIRPS Rainfall
2025-05-07,2025-05-14,19.0,2025,P149,18.223365003201543,75.4251413905064,Solapur,normal,statewide,17.13912024963429,1,7,CHIRPS Daily v2.0,Maharashtra,CHIRPS Rainfall
2025-05-07,2025-05-14,19.0,2025,P150,17.952532582518405,75.23562067753285,Solapur,normal,statewide,23.01273012161255,1,7,CHIRPS Daily v2.0,Maharashtra,CHIRPS Rainfall
2025-05-07,2025-05-14,19.0,2025,P151,18.223690517578447,75.23598186471818,Solapur,normal,statewide,19.68426489830017,1,7,CHIRPS Daily v2.0,Maharashtra,CHIRPS Rainfall
2025-05-07,2025-05-14,19.0,2025,P152,19.658178867370932,72.94986318203122,Thane,normal,statewide,0.0,1,7,CHIRPS Daily v2.0,Maharashtra,CHIRPS Rainfall
2025-05-07,2025-05-14,19.0,2025,P153,19.65706409210757,72.8545320606096,Thane,normal,statewide,0.0,1,7,CHIRPS Daily v2.0,Maharashtra,CHIRPS Rainfall
2025-05-07,2025-05-14,19.0,2025,P154,19.477549601897948,72.95214624177059,Thane,normal,statewide,0.0,1,7,CHIRPS Daily v2.0,Maharashtra,CHIRPS Rainfall
2025-05-07,2025-05-14,19.0,2025,P155,19.83987385799569,73.0429959666335,Thane,normal,statewide,0.0,1,7,CHIRPS Daily v2.0,Maharashtra,CHIRPS Rainfall
2025-05-07,2025-05-14,19.0,2025,P156,20.806749657616468,78.60135461177485,Wardha,normal,statewide,1.3862404227256775,1,7,CHIRPS Daily v2.0,Maharashtra,CHIRPS Rainfall
2025-05-07,2025-05-14,19.0,2025,P157,20.71031267913359,78.88671032458906,Wardha,normal,statewide,1.2902011978976589,1,7,CHIRPS Daily v2.0,Maharashtra,CHIRPS Rainfall
2025-05-07,2025-05-14,19.0,2025,P158,21.081265295769754,78.41565980750515,Wardha,normal,statewide,1.4080850481987,1,7,CHIRPS Daily v2.0,Maharashtra,CHIRPS Rainfall
2025-05-07,2025-05-14,19.0,2025,P159,20.439854822938944,78.87986114537097,Wardha,normal,statewide,0.43596457294734137,1,7,CHIRPS Daily v2.0,Maharashtra,CHIRPS Rainfall
2025-05-07,2025-05-14,19.0,2025,P160,20.289186257444058,77.15404188735265,Washim,normal,statewide,0.8909030314698612,1,7,CHIRPS Daily v2.0,Maharashtra,CHIRPS Rainfall
2025-05-07,2025-05-14,19.0,2025,P161,20.464607292886615,77.53975858757677,Washim,normal,statewide,0.9133408967863943,1,7,CHIRPS Daily v2.0,Maharashtra,CHIRPS Rainfall
2025-05-07,2025-05-14,19.0,2025,P162,20.107393166596125,77.2471479173486,Washim,normal,statewide,0.40280943852167184,1,7,CHIRPS Daily v2.0,Maharashtra,CHIRPS Rainfall
2025-05-07,2025-05-14,19.0,2025,P163,20.198885002010726,77.1527933390577,Washim,normal,statewide,0.7001740708965372,1,7,CHIRPS Daily v2.0,Maharashtra,CHIRPS Rainfall
2025-05-07,2025-05-14,19.0,2025,P164,20.182854533723592,78.20447678161395,Yavatmal,normal,statewide,0.46867951765307225,1,7,CHIRPS Daily v2.0,Maharashtra,CHIRPS Rainfall
2025-05-07,2025-05-14,19.0,2025,P165,19.894658373538324,79.05709703494229,Yavatmal,normal,statewide,0.0,1,7,CHIRPS Daily v2.0,Maharashtra,CHIRPS Rainfall
2025-05-07,2025-05-14,19.0,2025,P166,19.468787468327925,77.71426550730338,Yavatmal,normal,statewide,3.879089266061783,1,7,CHIRPS Daily v2.0,Maharashtra,CHIRPS Rainfall
2025-05-07,2025-05-14,19.0,2025,P167,19.559057510053886,77.71577268345945,Yavatmal,normal,statewide,1.0042135268449783,1,7,CHIRPS Daily v2.0,Maharashtra,CHIRPS Rainfall
2025-05-14,2025-05-21,20.0,2025,P147,17.927231643141155,73.94769852026607,Satara,case_study,case_study,19.189968943595886,1,7,CHIRPS Daily v2.0,Maharashtra,CHIRPS Rainfall
2025-05-14,2025-05-21,20.0,2025,P061,18.507855650411397,76.91766048140843,Latur,high,priority,46.59000772237778,1,7,CHIRPS Daily v2.0,Maharashtra,CHIRPS Rainfall
2025-05-14,2025-05-21,20.0,2025,P062,18.422405896924207,76.3487594508077,Latur,high,priority,40.469729920849204,1,7,CHIRPS Daily v2.0,Maharashtra,CHIRPS Rainfall
2025-05-14,2025-05-21,20.0,2025,P063,18.235391198742693,77.05646783810116,Latur,high,priority,47.67071497440338,1,7,CHIRPS Daily v2.0,Maharashtra,CHIRPS Rainfall
2025-05-14,2025-05-21,20.0,2025,P064,18.193056493341274,76.77240080549139,Latur,high,priority,52.56459128856659,1,7,CHIRPS Daily v2.0,Maharashtra,CHIRPS Rainfall
2025-05-14,2025-05-21,20.0,2025,P065,18.331355512513895,76.44266811899327,Latur,high,priority,47.47638991638087,1,7,CHIRPS Daily v2.0,Maharashtra,CHIRPS Rainfall
2025-05-14,2025-05-21,20.0,2025,P066,18.104739537876725,76.5352970251765,Latur,high,priority,49.84226429462433,1,7,CHIRPS Daily v2.0,Maharashtra,CHIRPS Rainfall
2025-05-14,2025-05-21,20.0,2025,P067,18.280552974211986,77.0569984711265,Latur,high,priority,49.87464487552643,1,7,CHIRPS Daily v2.0,Maharashtra,CHIRPS Rainfall
2025-05-14,2025-05-21,20.0,2025,P068,18.101823285787773,76.86595720469373,Latur,high,priority,53.08539938926697,1,7,CHIRPS Daily v2.0,Maharashtra,CHIRPS Rainfall
2025-05-14,2025-05-21,20.0,2025,P069,18.595075667016793,77.20284228928156,Latur,high,priority,25.15505224466324,1,7,CHIRPS Daily v2.0,Maharashtra,CHIRPS Rainfall
2025-05-14,2025-05-21,20.0,2025,P070,18.41499041187233,77.15322587185987,Latur,high,priority,37.96992063522339,1,7,CHIRPS Daily v2.0,Maharashtra,CHIRPS Rainfall
2025-05-14,2025-05-21,20.0,2025,P071,18.149138807065885,76.63019561379593,Latur,high,priority,55.77412724494934,1,7,CHIRPS Daily v2.0,Maharashtra,CHIRPS Rainfall
2025-05-14,2025-05-21,20.0,2025,P072,18.283393421583035,76.77331492120734,Latur,high,priority,50.02250744923367,1,7,CHIRPS Daily v2.0,Maharashtra,CHIRPS Rainfall
2025-05-14,2025-05-21,20.0,2025,P073,17.966315663874607,76.86453029235662,Latur,high,priority,55.91249895095825,1,7,CHIRPS Daily v2.0,Maharashtra,CHIRPS Rainfall
2025-05-14,2025-05-21,20.0,2025,P074,18.50832831512306,76.870318205524,Latur,high,priority,50.24823313951492,1,7,CHIRPS Daily v2.0,Maharashtra,CHIRPS Rainfall
2025-05-14,2025-05-21,20.0,2025,P075,18.41444640154381,77.20053247493588,Latur,high,priority,29.98152607679367,1,7,CHIRPS Daily v2.0,Maharashtra,CHIRPS Rainfall
2025-05-14,2025-05-21,20.0,2025,P076,18.377877313804504,76.25376722106614,Latur,high,priority,47.23235103581101,1,7,CHIRPS Daily v2.0,Maharashtra,CHIRPS Rainfall
2025-05-14,2025-05-21,20.0,2025,P077,18.059564385104267,76.5349046242838,Latur,high,priority,60.692097902297974,1,7,CHIRPS Daily v2.0,Maharashtra,CHIRPS Rainfall
2025-05-14,2025-05-21,20.0,2025,P078,18.1008824154655,76.96042326051098,Latur,high,priority,49.54119944572449,1,7,CHIRPS Daily v2.0,Maharashtra,CHIRPS Rainfall
2025-05-14,2025-05-21,20.0,2025,P079,18.73508698099394,76.77797468180819,Latur,high,priority,40.735466750338674,1,7,CHIRPS Daily v2.0,Maharashtra,CHIRPS Rainfall
2025-05-14,2025-05-21,20.0,2025,P080,18.46791548227568,76.3017694439065,Latur,high,priority,40.48189008794725,1,7,CHIRPS Daily v2.0,Maharashtra,CHIRPS Rainfall
2025-05-14,2025-05-21,20.0,2025,P081,18.10355787609756,76.67701617485712,Latur,high,priority,58.41692399978638,1,7,CHIRPS Daily v2.0,Maharashtra,CHIRPS Rainfall
2025-05-14,2025-05-21,20.0,2025,P082,18.23907887531389,76.67830931416262,Latur,high,priority,45.600022077560425,1,7,CHIRPS Daily v2.0,Maharashtra,CHIRPS Rainfall
2025-05-14,2025-05-21,20.0,2025,P083,18.369289085175563,77.19996171000103,Latur,high,priority,39.24454426765442,1,7,CHIRPS Daily v2.0,Maharashtra,CHIRPS Rainfall
2025-05-14,2025-05-21,20.0,2025,P084,18.46362582706226,76.82249880582684,Latur,high,priority,56.05444782972336,1,7,CHIRPS Daily v2.0,Maharashtra,CHIRPS Rainfall
2025-05-14,2025-05-21,20.0,2025,P085,18.14788579966987,76.77194597718393,Latur,high,priority,57.46984374523163,1,7,CHIRPS Daily v2.0,Maharashtra,CHIRPS Rainfall
2025-05-14,2025-05-21,20.0,2025,P122,17.88145897082753,73.8441448165019,Satara,high,priority,39.73996675014496,1,7,CHIRPS Daily v2.0,Maharashtra,CHIRPS Rainfall
2025-05-14,2025-05-21,20.0,2025,P123,17.386414030975025,74.27088970551878,Satara,high,priority,52.21549075841904,1,7,CHIRPS Daily v2.0,Maharashtra,CHIRPS Rainfall
2025-05-14,2025-05-21,20.0,2025,P124,17.43262815429294,74.647353771057,Satara,high,priority,57.206418335437775,1,7,CHIRPS Daily v2.0,Maharashtra,CHIRPS Rainfall
2025-05-14,2025-05-21,20.0,2025,P125,17.56734651531964,74.31728219287884,Satara,high,priority,53.20736825466156,1,7,CHIRPS Daily v2.0,Maharashtra,CHIRPS Rainfall
2025-05-14,2025-05-21,20.0,2025,P126,17.205080227535593,74.13053949986157,Satara,high,priority,57.86090338230133,1,7,CHIRPS Daily v2.0,Maharashtra,CHIRPS Rainfall
2025-05-14,2025-05-21,20.0,2025,P127,17.65773249367299,74.31694330119876,Satara,high,priority,44.60802209377289,1,7,CHIRPS Daily v2.0,Maharashtra,CHIRPS Rainfall
2025-05-14,2025-05-21,20.0,2025,P128,18.019949731345452,74.5517328080669,Satara,high,priority,50.215656876564026,1,7,CHIRPS Daily v2.0,Maharashtra,CHIRPS Rainfall
2025-05-14,2025-05-21,20.0,2025,P129,18.063234225271252,74.03192648006461,Satara,high,priority,31.495856285095215,1,7,CHIRPS Daily v2.0,Maharashtra,CHIRPS Rainfall
2025-05-14,2025-05-21,20.0,2025,P130,17.61135784271715,74.03436560834085,Satara,high,priority,44.58672785758972,1,7,CHIRPS Daily v2.0,Maharashtra,CHIRPS Rainfall
2025-05-14,2025-05-21,20.0,2025,P131,17.612539504496315,74.3171127470388,Satara,high,priority,45.64788419008255,1,7,CHIRPS Daily v2.0,Maharashtra,CHIRPS Rainfall
2025-05-14,2025-05-21,20.0,2025,P132,17.702176353872684,74.12817617630324,Satara,high,priority,40.99243038892746,1,7,CHIRPS Daily v2.0,Maharashtra,CHIRPS Rainfall
2025-05-14,2025-05-21,20.0,2025,P133,17.25006363896275,74.08329532420031,Satara,high,priority,54.776586830616,1,7,CHIRPS Daily v2.0,Maharashtra,CHIRPS Rainfall
2025-05-14,2025-05-21,20.0,2025,P134,17.476429903940936,74.17634784498362,Satara,high,priority,51.412239730358124,1,7,CHIRPS Daily v2.0,Maharashtra,CHIRPS Rainfall
2025-05-14,2025-05-21,20.0,2025,P135,17.882716437324603,74.0801070669471,Satara,high,priority,32.741177439689636,1,7,CHIRPS Daily v2.0,Maharashtra,CHIRPS Rainfall
2025-05-14,2025-05-21,20.0,2025,P136,17.928520323345598,74.22149178404871,Satara,high,priority,43.71237510442734,1,7,CHIRPS Daily v2.0,Maharashtra,CHIRPS Rainfall
2025-05-14,2025-05-21,20.0,2025,P137,17.746687100588183,73.98648378122894,Satara,high,priority,26.74878638982773,1,7,CHIRPS Daily v2.0,Maharashtra,CHIRPS Rainfall
2025-05-14,2025-05-21,20.0,2025,P138,17.61269557303319,74.36423652697161,Satara,high,priority,47.24518382549286,1,7,CHIRPS Daily v2.0,Maharashtra,CHIRPS Rainfall
2025-05-14,2025-05-21,20.0,2025,P139,17.656773786946495,74.08126197411994,Satara,high,priority,35.392236173152924,1,7,CHIRPS Daily v2.0,Maharashtra,CHIRPS Rainfall
2025-05-14,2025-05-21,20.0,2025,P140,17.97464080554139,74.50462240543725,Satara,high,priority,50.54193872213364,1,7,CHIRPS Daily v2.0,Maharashtra,CHIRPS Rainfall
2025-05-14,2025-05-21,20.0,2025,P141,17.430826677467348,74.08239904488856,Satara,high,priority,64.23066878318787,1,7,CHIRPS Daily v2.0,Maharashtra,CHIRPS Rainfall
2025-05-14,2025-05-21,20.0,2025,P142,18.064447100757786,74.31538707493111,Satara,high,priority,50.8445343375206,1,7,CHIRPS Daily v2.0,Maharashtra,CHIRPS Rainfall
2025-05-14,2025-05-21,20.0,2025,P143,17.70379500755509,74.6468275971327,Satara,high,priority,49.05686670541763,1,7,CHIRPS Daily v2.0,Maharashtra,CHIRPS Rainfall
2025-05-14,2025-05-21,20.0,2025,P144,17.929452275465767,74.50474726026674,Satara,high,priority,54.29583150148392,1,7,CHIRPS Daily v2.0,Maharashtra,CHIRPS Rainfall
2025-05-14,2025-05-21,20.0,2025,P145,17.47773196144854,74.60017202281048,Satara,high,priority,57.55661940574646,1,7,CHIRPS Daily v2.0,Maharashtra,CHIRPS Rainfall
2025-05-14,2025-05-21,20.0,2025,P146,17.839182233739812,74.55218763637436,Satara,high,priority,51.633755564689636,1,7,CHIRPS Daily v2.0,Maharashtra,CHIRPS Rainfall
2025-05-14,2025-05-21,20.0,2025,P001,19.940457800458272,74.57045211428928,Ahmednagar,normal,statewide,14.384601950645447,1,7,CHIRPS Daily v2.0,Maharashtra,CHIRPS Rainfall
2025-05-14,2025-05-21,20.0,2025,P002,18.946729294293643,74.76302285238339,Ahmednagar,normal,statewide,29.737122416496277,1,7,CHIRPS Daily v2.0,Maharashtra,CHIRPS Rainfall
2025-05-14,2025-05-21,20.0,2025,P003,18.49469238410162,74.66892244285252,Ahmednagar,normal,statewide,34.013269543647766,1,7,CHIRPS Daily v2.0,Maharashtra,CHIRPS Rainfall
2025-05-14,2025-05-21,20.0,2025,P004,19.03720445466806,75.1420731965326,Ahmednagar,normal,statewide,38.305169224739075,1,7,CHIRPS Daily v2.0,Maharashtra,CHIRPS Rainfall
2025-05-14,2025-05-21,20.0,2025,P005,20.832153156317954,77.06560453615967,Akola,normal,statewide,12.723819375038147,1,7,CHIRPS Daily v2.0,Maharashtra,CHIRPS Rainfall
2025-05-14,2025-05-21,20.0,2025,P006,20.834360411339407,76.87349308547405,Akola,normal,statewide,10.75654935836792,1,7,CHIRPS Daily v2.0,Maharashtra,CHIRPS Rainfall
2025-05-14,2025-05-21,20.0,2025,P007,21.014976299509232,76.87574047240498,Akola,normal,statewide,11.724083364009857,1,7,CHIRPS Daily v2.0,Maharashtra,CHIRPS Rainfall
2025-05-14,2025-05-21,20.0,2025,P008,20.828434266039377,77.35372489162701,Akola,normal,statewide,16.924334406852722,1,7,CHIRPS Daily v2.0,Maharashtra,CHIRPS Rainfall
2025-05-14,2025-05-21,20.0,2025,P009,21.360971327549258,77.94039543992572,Amravati,normal,statewide,9.451567649841309,1,7,CHIRPS Daily v2.0,Maharashtra,CHIRPS Rainfall
2025-05-14,2025-05-21,20.0,2025,P010,21.178803672212837,78.03301542790685,Amravati,normal,statewide,7.729827463626862,1,7,CHIRPS Daily v2.0,Maharashtra,CHIRPS Rainfall
2025-05-14,2025-05-21,20.0,2025,P011,20.814388097721018,78.21764450702477,Amravati,normal,statewide,7.794321000576019,1,7,CHIRPS Daily v2.0,Maharashtra,CHIRPS Rainfall
2025-05-14,2025-05-21,20.0,2025,P012,21.180502589714195,77.93681032267875,Amravati,normal,statewide,6.863442540168762,1,7,CHIRPS Daily v2.0,Maharashtra,CHIRPS Rainfall
2025-05-14,2025-05-21,20.0,2025,P013,20.031289688916964,74.8570519162974,Aurangabad,normal,statewide,14.587737321853638,1,7,CHIRPS Daily v2.0,Maharashtra,CHIRPS Rainfall
2025-05-14,2025-05-21,20.0,2025,P014,19.760185263069562,75.14270192978114,Aurangabad,normal,statewide,16.30569690465927,1,7,CHIRPS Daily v2.0,Maharashtra,CHIRPS Rainfall
2025-05-14,2025-05-21,20.0,2025,P015,19.9408189876436,74.76157364454102,Aurangabad,normal,statewide,16.98169445991516,1,7,CHIRPS Daily v2.0,Maharashtra,CHIRPS Rainfall
2025-05-14,2025-05-21,20.0,2025,P016,19.66981712112043,75.14262166596218,Aurangabad,normal,statewide,16.455798029899597,1,7,CHIRPS Daily v2.0,Maharashtra,CHIRPS Rainfall
2025-05-14,2025-05-21,20.0,2025,P017,21.04613203856966,79.85576216552393,Bhandara,normal,statewide,2.6176271783187985,1,7,CHIRPS Daily v2.0,Maharashtra,CHIRPS Rainfall
2025-05-14,2025-05-21,20.0,2025,P018,21.31897105472685,79.76852877161537,Bhandara,normal,statewide,1.1539151100441813,1,7,CHIRPS Daily v2.0,Maharashtra,CHIRPS Rainfall
2025-05-14,2025-05-21,20.0,2025,P019,21.40900922319803,79.77144948280537,Bhandara,normal,statewide,1.2262479104101658,1,7,CHIRPS Daily v2.0,Maharashtra,CHIRPS Rainfall
2025-05-14,2025-05-21,20.0,2025,P020,21.144196588937042,79.57074980349083,Bhandara,normal,statewide,2.3628471419215202,1,7,CHIRPS Daily v2.0,Maharashtra,CHIRPS Rainfall
2025-05-14,2025-05-21,20.0,2025,P021,18.67502288980403,75.52108340877234,Bid,normal,statewide,49.03801375627518,1,7,CHIRPS Daily v2.0,Maharashtra,CHIRPS Rainfall
2025-05-14,2025-05-21,20.0,2025,P022,18.856499384477168,75.04699178476999,Bid,normal,statewide,36.99860894680023,1,7,CHIRPS Daily v2.0,Maharashtra,CHIRPS Rainfall
2025-05-14,2025-05-21,20.0,2025,P023,19.126596053486494,75.6175605191647,Bid,normal,statewide,26.53443019092083,1,7,CHIRPS Daily v2.0,Maharashtra,CHIRPS Rainfall
2025-05-14,2025-05-21,20.0,2025,P024,18.763955201213946,75.90084720909012,Bid,normal,statewide,39.22275146096945,1,7,CHIRPS Daily v2.0,Maharashtra,CHIRPS Rainfall
2025-05-14,2025-05-21,20.0,2025,P025,20.93073496240753,76.20164478885242,Buldana,normal,statewide,10.766692578792572,1,7,CHIRPS Daily v2.0,Maharashtra,CHIRPS Rainfall
2025-05-14,2025-05-21,20.0,2025,P026,20.838939908121294,76.39311412898633,Buldana,normal,statewide,10.061452805995941,1,7,CHIRPS Daily v2.0,Maharashtra,CHIRPS Rainfall
2025-05-14,2025-05-21,20.0,2025,P027,20.657476790751314,76.48742857536776,Buldana,normal,statewide,11.17604124546051,1,7,CHIRPS Daily v2.0,Maharashtra,CHIRPS Rainfall
2025-05-14,2025-05-21,20.0,2025,P028,20.47967013624516,76.10222021266374,Buldana,normal,statewide,12.309251129627228,1,7,CHIRPS Daily v2.0,Maharashtra,CHIRPS Rainfall
2025-05-14,2025-05-21,20.0,2025,P029,20.32317798477448,79.92829390325927,Chandrapur,normal,statewide,4.2707290863618255,1,7,CHIRPS Daily v2.0,Maharashtra,CHIRPS Rainfall
2025-05-14,2025-05-21,20.0,2025,P030,20.60872097983294,79.36304041732026,Chandrapur,normal,statewide,5.2902209758758545,1,7,CHIRPS Daily v2.0,Maharashtra,CHIRPS Rainfall
2025-05-14,2025-05-21,20.0,2025,P031,20.511160307884595,79.64732594588165,Chandrapur,normal,statewide,4.426557499915361,1,7,CHIRPS Daily v2.0,Maharashtra,CHIRPS Rainfall
2025-05-14,2025-05-21,20.0,2025,P032,20.598621115946884,79.74569817422172,Chandrapur,normal,statewide,4.490115661174059,1,7,CHIRPS Daily v2.0,Maharashtra,CHIRPS Rainfall
2025-05-14,2025-05-21,20.0,2025,P033,21.38667804512237,75.14422248324037,Dhule,normal,statewide,3.7652902603149414,1,7,CHIRPS Daily v2.0,Maharashtra,CHIRPS Rainfall
2025-05-14,2025-05-21,20.0,2025,P034,21.025151968113196,74.75989256344387,Dhule,normal,statewide,6.561033368110657,1,7,CHIRPS Daily v2.0,Maharashtra,CHIRPS Rainfall
2025-05-14,2025-05-21,20.0,2025,P035,21.477028350667293,74.85568743137505,Dhule,normal,statewide,5.08580082654953,1,7,CHIRPS Daily v2.0,Maharashtra,CHIRPS Rainfall
2025-05-14,2025-05-21,20.0,2025,P036,20.933820660336515,74.37533522949364,Dhule,normal,statewide,7.801981806755066,1,7,CHIRPS Daily v2.0,Maharashtra,CHIRPS Rainfall
2025-05-14,2025-05-21,20.0,2025,P037,19.963056524597132,79.91698116388667,Garhchiroli,normal,statewide,5.985457351896912,1,7,CHIRPS Daily v2.0,Maharashtra,CHIRPS Rainfall
2025-05-14,2025-05-21,20.0,2025,P038,19.062661462582188,79.88977172925856,Garhchiroli,normal,statewide,16.901195785030723,1,7,CHIRPS Daily v2.0,Maharashtra,CHIRPS Rainfall
2025-05-14,2025-05-21,20.0,2025,P039,19.510270485428137,79.9981368030594,Garhchiroli,normal,statewide,17.65933609008789,1,7,CHIRPS Daily v2.0,Maharashtra,CHIRPS Rainfall
2025-05-14,2025-05-21,20.0,2025,P040,19.870365190999156,80.00935144220881,Garhchiroli,normal,statewide,5.803536916384473,1,7,CHIRPS Daily v2.0,Maharashtra,CHIRPS Rainfall
2025-05-14,2025-05-21,20.0,2025,P041,21.127639946725598,80.1465044724107,Gondiya,normal,statewide,1.9037942057475448,1,7,CHIRPS Daily v2.0,Maharashtra,CHIRPS Rainfall
2025-05-14,2025-05-21,20.0,2025,P042,21.397598383602258,80.15591763473452,Gondiya,normal,statewide,2.2714978081639856,1,7,CHIRPS Daily v2.0,Maharashtra,CHIRPS Rainfall
2025-05-14,2025-05-21,20.0,2025,P043,21.574548890706154,80.25847249986273,Gondiya,normal,statewide,2.323040609195232,1,7,CHIRPS Daily v2.0,Maharashtra,CHIRPS Rainfall
2025-05-14,2025-05-21,20.0,2025,P044,21.211649410572516,80.34153217518526,Gondiya,normal,statewide,2.5753043740987778,1,7,CHIRPS Daily v2.0,Maharashtra,CHIRPS Rainfall
2025-05-14,2025-05-21,20.0,2025,P045,19.655900266732623,77.2407892392464,Hingoli,normal,statewide,15.107300743460655,1,7,CHIRPS Daily v2.0,Maharashtra,CHIRPS Rainfall
2025-05-14,2025-05-21,20.0,2025,P046,19.566758377573187,77.1442675378435,Hingoli,normal,statewide,18.57039661705494,1,7,CHIRPS Daily v2.0,Maharashtra,CHIRPS Rainfall
2025-05-14,2025-05-21,20.0,2025,P047,19.47860194974656,76.9526242927685,Hingoli,normal,statewide,14.984381690621376,1,7,CHIRPS Daily v2.0,Maharashtra,CHIRPS Rainfall
2025-05-14,2025-05-21,20.0,2025,P048,19.927981235710728,77.14910120338544,Hingoli,normal,statewide,11.081753104925156,1,7,CHIRPS Daily v2.0,Maharashtra,CHIRPS Rainfall
2025-05-14,2025-05-21,20.0,2025,P049,21.292738163229433,76.10816865346904,Jalgaon,normal,statewide,6.90547502040863,1,7,CHIRPS Daily v2.0,Maharashtra,CHIRPS Rainfall
2025-05-14,2025-05-21,20.0,2025,P050,21.386178625804387,75.43363151891216,Jalgaon,normal,statewide,4.023366987705231,1,7,CHIRPS Daily v2.0,Maharashtra,CHIRPS Rainfall
2025-05-14,2025-05-21,20.0,2025,P051,21.112064306745907,76.10682200495089,Jalgaon,normal,statewide,9.362891793251038,1,7,CHIRPS Daily v2.0,Maharashtra,CHIRPS Rainfall
2025-05-14,2025-05-21,20.0,2025,P052,20.844437979720194,75.23982115072519,Jalgaon,normal,statewide,7.830395698547363,1,7,CHIRPS Daily v2.0,Maharashtra,CHIRPS Rainfall
2025-05-14,2025-05-21,20.0,2025,P053,19.486369703781666,76.00005328932718,Jalna,normal,statewide,25.16693803668022,1,7,CHIRPS Daily v2.0,Maharashtra,CHIRPS Rainfall
2025-05-14,2025-05-21,20.0,2025,P054,20.028502750758555,76.00343774702675,Jalna,normal,statewide,10.977660298347473,1,7,CHIRPS Daily v2.0,Maharashtra,CHIRPS Rainfall
2025-05-14,2025-05-21,20.0,2025,P055,19.75743845682064,76.00172991132328,Jalna,normal,statewide,18.94760552048683,1,7,CHIRPS Daily v2.0,Maharashtra,CHIRPS Rainfall
2025-05-14,2025-05-21,20.0,2025,P056,19.57768317515413,75.80993951591351,Jalna,normal,statewide,23.286576807498932,1,7,CHIRPS Daily v2.0,Maharashtra,CHIRPS Rainfall
2025-05-14,2025-05-21,20.0,2025,P057,16.776377793156257,74.29671235971928,Kolhapur,normal,statewide,63.90279033780098,1,7,CHIRPS Daily v2.0,Maharashtra,CHIRPS Rainfall
2025-05-14,2025-05-21,20.0,2025,P058,16.324416687682138,74.29834884980589,Kolhapur,normal,statewide,66.90977761149406,1,7,CHIRPS Daily v2.0,Maharashtra,CHIRPS Rainfall
2025-05-14,2025-05-21,20.0,2025,P059,16.595891218916975,74.39111598812178,Kolhapur,normal,statewide,59.9423293620348,1,7,CHIRPS Daily v2.0,Maharashtra,CHIRPS Rainfall
2025-05-14,2025-05-21,20.0,2025,P060,16.414811584237594,74.29802779453004,Kolhapur,normal,statewide,57.19073520600796,1,7,CHIRPS Daily v2.0,Maharashtra,CHIRPS Rainfall
2025-05-14,2025-05-21,20.0,2025,P086,21.054127206758487,79.56798961993874,Nagpur,normal,statewide,1.879238709807396,1,7,CHIRPS Daily v2.0,Maharashtra,CHIRPS Rainfall
2025-05-14,2025-05-21,20.0,2025,P087,21.146765031143822,79.47473643960802,Nagpur,normal,statewide,3.6709896251559258,1,7,CHIRPS Daily v2.0,Maharashtra,CHIRPS Rainfall
2025-05-14,2025-05-21,20.0,2025,P088,21.347803602138427,78.61442869606356,Nagpur,normal,statewide,7.13222461938858,1,7,CHIRPS Daily v2.0,Maharashtra,CHIRPS Rainfall
2025-05-14,2025-05-21,20.0,2025,P089,21.165377318940912,78.70615240473293,Nagpur,normal,statewide,11.078629553318024,1,7,CHIRPS Daily v2.0,Maharashtra,CHIRPS Rainfall
2025-05-14,2025-05-21,20.0,2025,P090,19.201968238592887,77.42470040309472,Nanded,normal,statewide,11.501576103270054,1,7,CHIRPS Daily v2.0,Maharashtra,CHIRPS Rainfall
2025-05-14,2025-05-21,20.0,2025,P091,18.566038000956755,77.69963965584807,Nanded,normal,statewide,14.977580577135086,1,7,CHIRPS Daily v2.0,Maharashtra,CHIRPS Rainfall
2025-05-14,2025-05-21,20.0,2025,P092,19.736596618496833,77.90946265591798,Nanded,normal,statewide,11.066056162118912,1,7,CHIRPS Daily v2.0,Maharashtra,CHIRPS Rainfall
2025-05-14,2025-05-21,20.0,2025,P093,18.93564842817583,77.04115528508362,Nanded,normal,statewide,17.702022463083267,1,7,CHIRPS Daily v2.0,Maharashtra,CHIRPS Rainfall
2025-05-14,2025-05-21,20.0,2025,P094,21.564917232430716,74.08292967791392,Nandurbar,normal,statewide,0.439140859991312,1,7,CHIRPS Daily v2.0,Maharashtra,CHIRPS Rainfall
2025-05-14,2025-05-21,20.0,2025,P095,21.5662594218478,74.37266422796263,Nandurbar,normal,statewide,1.346677005290985,1,7,CHIRPS Daily v2.0,Maharashtra,CHIRPS Rainfall
2025-05-14,2025-05-21,20.0,2025,P096,21.385179787168415,74.27697637845674,Nandurbar,normal,statewide,1.2324047982692719,1,7,CHIRPS Daily v2.0,Maharashtra,CHIRPS Rainfall
2025-05-14,2025-05-21,20.0,2025,P097,21.565421110849755,74.17950488852946,Nandurbar,normal,statewide,0.8253846988081932,1,7,CHIRPS Daily v2.0,Maharashtra,CHIRPS Rainfall
2025-05-14,2025-05-21,20.0,2025,P098,20.299553667393326,73.99482675929994,Nashik,normal,statewide,4.846342131495476,1,7,CHIRPS Daily v2.0,Maharashtra,CHIRPS Rainfall
2025-05-14,2025-05-21,20.0,2025,P099,20.120253214034264,74.28296495117151,Nashik,normal,statewide,7.638931751251221,1,7,CHIRPS Daily v2.0,Maharashtra,CHIRPS Rainfall
2025-05-14,2025-05-21,20.0,2025,P100,20.389903972938242,73.99424261706194,Nashik,normal,statewide,21.637108504772186,1,7,CHIRPS Daily v2.0,Maharashtra,CHIRPS Rainfall
2025-05-14,2025-05-21,20.0,2025,P101,20.029015547379707,74.09216447619562,Nashik,normal,statewide,5.505780398845673,1,7,CHIRPS Daily v2.0,Maharashtra,CHIRPS Rainfall
2025-05-14,2025-05-21,20.0,2025,P102,17.85749130266526,76.36802722645965,Osmanabad,normal,statewide,60.12738513946533,1,7,CHIRPS Daily v2.0,Maharashtra,CHIRPS Rainfall
2025-05-14,2025-05-21,20.0,2025,P103,17.76644983645705,76.46164605307673,Osmanabad,normal,statewide,63.192020654678345,1,7,CHIRPS Daily v2.0,Maharashtra,CHIRPS Rainfall
2025-05-14,2025-05-21,20.0,2025,P104,17.949094615606196,76.17989775301476,Osmanabad,normal,statewide,56.18344211578369,1,7,CHIRPS Daily v2.0,Maharashtra,CHIRPS Rainfall
2025-05-14,2025-05-21,20.0,2025,P105,18.584360447185368,75.61558067829696,Osmanabad,normal,statewide,51.39568503201008,1,7,CHIRPS Daily v2.0,Maharashtra,CHIRPS Rainfall
2025-05-14,2025-05-21,20.0,2025,P106,19.031389786894366,76.47235681380711,Parbhani,normal,statewide,27.370578072965145,1,7,CHIRPS Daily v2.0,Maharashtra,CHIRPS Rainfall
2025-05-14,2025-05-21,20.0,2025,P107,19.120950831552832,76.56820519095093,Parbhani,normal,statewide,27.31470450758934,1,7,CHIRPS Daily v2.0,Maharashtra,CHIRPS Rainfall
2025-05-14,2025-05-21,20.0,2025,P108,19.208625676465683,76.85432786914635,Parbhani,normal,statewide,20.229926973581314,1,7,CHIRPS Daily v2.0,Maharashtra,CHIRPS Rainfall
2025-05-14,2025-05-21,20.0,2025,P109,19.212081479782103,76.47396209018636,Parbhani,normal,statewide,24.604503706097603,1,7,CHIRPS Daily v2.0,Maharashtra,CHIRPS Rainfall
2025-05-14,2025-05-21,20.0,2025,P110,18.133442771357757,75.04679558432363,Pune,normal,statewide,60.100790143013,1,7,CHIRPS Daily v2.0,Maharashtra,CHIRPS Rainfall
2025-05-14,2025-05-21,20.0,2025,P111,18.584645829652782,74.47919215212944,Pune,normal,statewide,33.53167408704758,1,7,CHIRPS Daily v2.0,Maharashtra,CHIRPS Rainfall
2025-05-14,2025-05-21,20.0,2025,P112,18.132979024848197,74.57507620208169,Pune,normal,statewide,54.304195404052734,1,7,CHIRPS Daily v2.0,Maharashtra,CHIRPS Rainfall
2025-05-14,2025-05-21,20.0,2025,P113,18.314072036830744,74.76389683618987,Pune,normal,statewide,45.40528333187103,1,7,CHIRPS Daily v2.0,Maharashtra,CHIRPS Rainfall
2025-05-14,2025-05-21,20.0,2025,P114,18.48503397121986,73.0589238755964,Raigarh,normal,statewide,0.0,1,7,CHIRPS Daily v2.0,Maharashtra,CHIRPS Rainfall
2025-05-14,2025-05-21,20.0,2025,P115,18.665689991299164,73.05687714821288,Raigarh,normal,statewide,0.0,1,7,CHIRPS Daily v2.0,Maharashtra,CHIRPS Rainfall
2025-05-14,2025-05-21,20.0,2025,P116,18.306197264370358,73.25009891506079,Raigarh,normal,statewide,0.7844645977020264,1,7,CHIRPS Daily v2.0,Maharashtra,CHIRPS Rainfall
2025-05-14,2025-05-21,20.0,2025,P117,18.21404102289879,73.06194714611064,Raigarh,normal,statewide,0.13888855278491974,1,7,CHIRPS Daily v2.0,Maharashtra,CHIRPS Rainfall
2025-05-14,2025-05-21,20.0,2025,P118,17.138719885658215,75.42259970290594,Sangli,normal,statewide,80.37585866451263,1,7,CHIRPS Daily v2.0,Maharashtra,CHIRPS Rainfall
2025-05-14,2025-05-21,20.0,2025,P119,17.048761981005992,74.95348443567921,Sangli,normal,statewide,64.03237682580948,1,7,CHIRPS Daily v2.0,Maharashtra,CHIRPS Rainfall
2025-05-14,2025-05-21,20.0,2025,P120,16.86707144948229,74.39025538161847,Sangli,normal,statewide,51.09509751200676,1,7,CHIRPS Daily v2.0,Maharashtra,CHIRPS Rainfall
2025-05-14,2025-05-21,20.0,2025,P121,17.048503353144895,74.67157114887826,Sangli,normal,statewide,53.38168850541115,1,7,CHIRPS Daily v2.0,Maharashtra,CHIRPS Rainfall
2025-05-14,2025-05-21,20.0,2025,P148,17.67852974098626,76.08383979812143,Solapur,normal,statewide,52.76846417518391,1,7,CHIRPS Daily v2.0,Maharashtra,CHIRPS Rainfall
2025-05-14,2025-05-21,20.0,2025,P149,18.223365003201543,75.4251413905064,Solapur,normal,statewide,58.11890499666333,1,7,CHIRPS Daily v2.0,Maharashtra,CHIRPS Rainfall
2025-05-14,2025-05-21,20.0,2025,P150,17.952532582518405,75.23562067753285,Solapur,normal,statewide,63.32111859321594,1,7,CHIRPS Daily v2.0,Maharashtra,CHIRPS Rainfall
2025-05-14,2025-05-21,20.0,2025,P151,18.223690517578447,75.23598186471818,Solapur,normal,statewide,57.02752415090799,1,7,CHIRPS Daily v2.0,Maharashtra,CHIRPS Rainfall
2025-05-14,2025-05-21,20.0,2025,P152,19.658178867370932,72.94986318203122,Thane,normal,statewide,0.16764827631413937,1,7,CHIRPS Daily v2.0,Maharashtra,CHIRPS Rainfall
2025-05-14,2025-05-21,20.0,2025,P153,19.65706409210757,72.8545320606096,Thane,normal,statewide,0.0,1,7,CHIRPS Daily v2.0,Maharashtra,CHIRPS Rainfall
2025-05-14,2025-05-21,20.0,2025,P154,19.477549601897948,72.95214624177059,Thane,normal,statewide,0.0,1,7,CHIRPS Daily v2.0,Maharashtra,CHIRPS Rainfall
2025-05-14,2025-05-21,20.0,2025,P155,19.83987385799569,73.0429959666335,Thane,normal,statewide,0.0,1,7,CHIRPS Daily v2.0,Maharashtra,CHIRPS Rainfall
2025-05-14,2025-05-21,20.0,2025,P156,20.806749657616468,78.60135461177485,Wardha,normal,statewide,6.2330363392829895,1,7,CHIRPS Daily v2.0,Maharashtra,CHIRPS Rainfall
2025-05-14,2025-05-21,20.0,2025,P157,20.71031267913359,78.88671032458906,Wardha,normal,statewide,5.46245339512825,1,7,CHIRPS Daily v2.0,Maharashtra,CHIRPS Rainfall
2025-05-14,2025-05-21,20.0,2025,P158,21.081265295769754,78.41565980750515,Wardha,normal,statewide,9.336339831352234,1,7,CHIRPS Daily v2.0,Maharashtra,CHIRPS Rainfall
2025-05-14,2025-05-21,20.0,2025,P159,20.439854822938944,78.87986114537097,Wardha,normal,statewide,5.336432665586472,1,7,CHIRPS Daily v2.0,Maharashtra,CHIRPS Rainfall
2025-05-14,2025-05-21,20.0,2025,P160,20.289186257444058,77.15404188735265,Washim,normal,statewide,13.793704450130463,1,7,CHIRPS Daily v2.0,Maharashtra,CHIRPS Rainfall
2025-05-14,2025-05-21,20.0,2025,P161,20.464607292886615,77.53975858757677,Washim,normal,statewide,22.73067021369934,1,7,CHIRPS Daily v2.0,Maharashtra,CHIRPS Rainfall
2025-05-14,2025-05-21,20.0,2025,P162,20.107393166596125,77.2471479173486,Washim,normal,statewide,11.6430204808712,1,7,CHIRPS Daily v2.0,Maharashtra,CHIRPS Rainfall
2025-05-14,2025-05-21,20.0,2025,P163,20.198885002010726,77.1527933390577,Washim,normal,statewide,14.441219359636307,1,7,CHIRPS Daily v2.0,Maharashtra,CHIRPS Rainfall
2025-05-14,2025-05-21,20.0,2025,P164,20.182854533723592,78.20447678161395,Yavatmal,normal,statewide,4.361538410186768,1,7,CHIRPS Daily v2.0,Maharashtra,CHIRPS Rainfall
2025-05-14,2025-05-21,20.0,2025,P165,19.894658373538324,79.05709703494229,Yavatmal,normal,statewide,1.44260060088709,1,7,CHIRPS Daily v2.0,Maharashtra,CHIRPS Rainfall
2025-05-14,2025-05-21,20.0,2025,P166,19.468787468327925,77.71426550730338,Yavatmal,normal,statewide,11.061848863959312,1,7,CHIRPS Daily v2.0,Maharashtra,CHIRPS Rainfall
2025-05-14,2025-05-21,20.0,2025,P167,19.559057510053886,77.71577268345945,Yavatmal,normal,statewide,9.92371253669262,1,7,CHIRPS Daily v2.0,Maharashtra,CHIRPS Rainfall
2025-05-21,2025-05-28,21.0,2025,P147,17.927231643141155,73.94769852026607,Satara,case_study,case_study,96.71636843681335,1,7,CHIRPS Daily v2.0,Maharashtra,CHIRPS Rainfall
2025-05-21,2025-05-28,21.0,2025,P061,18.507855650411397,76.91766048140843,Latur,high,priority,68.70427656173706,1,7,CHIRPS Daily v2.0,Maharashtra,CHIRPS Rainfall
2025-05-21,2025-05-28,21.0,2025,P062,18.422405896924207,76.3487594508077,Latur,high,priority,90.08922910690308,1,7,CHIRPS Daily v2.0,Maharashtra,CHIRPS Rainfall
2025-05-21,2025-05-28,21.0,2025,P063,18.235391198742693,77.05646783810116,Latur,high,priority,57.837218284606934,1,7,CHIRPS Daily v2.0,Maharashtra,CHIRPS Rainfall
2025-05-21,2025-05-28,21.0,2025,P064,18.193056493341274,76.77240080549139,Latur,high,priority,67.77409172058105,1,7,CHIRPS Daily v2.0,Maharashtra,CHIRPS Rainfall
2025-05-21,2025-05-28,21.0,2025,P065,18.331355512513895,76.44266811899327,Latur,high,priority,85.26377630233765,1,7,CHIRPS Daily v2.0,Maharashtra,CHIRPS Rainfall
2025-05-21,2025-05-28,21.0,2025,P066,18.104739537876725,76.5352970251765,Latur,high,priority,79.17214155197144,1,7,CHIRPS Daily v2.0,Maharashtra,CHIRPS Rainfall
2025-05-21,2025-05-28,21.0,2025,P067,18.280552974211986,77.0569984711265,Latur,high,priority,54.113203048706055,1,7,CHIRPS Daily v2.0,Maharashtra,CHIRPS Rainfall
2025-05-21,2025-05-28,21.0,2025,P068,18.101823285787773,76.86595720469373,Latur,high,priority,61.384554862976074,1,7,CHIRPS Daily v2.0,Maharashtra,CHIRPS Rainfall
2025-05-21,2025-05-28,21.0,2025,P069,18.595075667016793,77.20284228928156,Latur,high,priority,49.963799476623535,1,7,CHIRPS Daily v2.0,Maharashtra,CHIRPS Rainfall
2025-05-21,2025-05-28,21.0,2025,P070,18.41499041187233,77.15322587185987,Latur,high,priority,60.462039947509766,1,7,CHIRPS Daily v2.0,Maharashtra,CHIRPS Rainfall
2025-05-21,2025-05-28,21.0,2025,P071,18.149138807065885,76.63019561379593,Latur,high,priority,72.65738296508789,1,7,CHIRPS Daily v2.0,Maharashtra,CHIRPS Rainfall
2025-05-21,2025-05-28,21.0,2025,P072,18.283393421583035,76.77331492120734,Latur,high,priority,66.84064388275146,1,7,CHIRPS Daily v2.0,Maharashtra,CHIRPS Rainfall
2025-05-21,2025-05-28,21.0,2025,P073,17.966315663874607,76.86453029235662,Latur,high,priority,53.8363618850708,1,7,CHIRPS Daily v2.0,Maharashtra,CHIRPS Rainfall
2025-05-21,2025-05-28,21.0,2025,P074,18.50832831512306,76.870318205524,Latur,high,priority,66.47176837921143,1,7,CHIRPS Daily v2.0,Maharashtra,CHIRPS Rainfall
2025-05-21,2025-05-28,21.0,2025,P075,18.41444640154381,77.20053247493588,Latur,high,priority,57.16789102554321,1,7,CHIRPS Daily v2.0,Maharashtra,CHIRPS Rainfall
2025-05-21,2025-05-28,21.0,2025,P076,18.377877313804504,76.25376722106614,Latur,high,priority,101.53884315490723,1,7,CHIRPS Daily v2.0,Maharashtra,CHIRPS Rainfall
2025-05-21,2025-05-28,21.0,2025,P077,18.059564385104267,76.5349046242838,Latur,high,priority,76.4109377861023,1,7,CHIRPS Daily v2.0,Maharashtra,CHIRPS Rainfall
2025-05-21,2025-05-28,21.0,2025,P078,18.1008824154655,76.96042326051098,Latur,high,priority,57.77606725692749,1,7,CHIRPS Daily v2.0,Maharashtra,CHIRPS Rainfall
2025-05-21,2025-05-28,21.0,2025,P079,18.73508698099394,76.77797468180819,Latur,high,priority,68.01575899124146,1,7,CHIRPS Daily v2.0,Maharashtra,CHIRPS Rainfall
2025-05-21,2025-05-28,21.0,2025,P080,18.46791548227568,76.3017694439065,Latur,high,priority,74.6717324256897,1,7,CHIRPS Daily v2.0,Maharashtra,CHIRPS Rainfall
2025-05-21,2025-05-28,21.0,2025,P081,18.10355787609756,76.67701617485712,Latur,high,priority,67.1924319267273,1,7,CHIRPS Daily v2.0,Maharashtra,CHIRPS Rainfall
2025-05-21,2025-05-28,21.0,2025,P082,18.23907887531389,76.67830931416262,Latur,high,priority,79.07225799560547,1,7,CHIRPS Daily v2.0,Maharashtra,CHIRPS Rainfall
2025-05-21,2025-05-28,21.0,2025,P083,18.369289085175563,77.19996171000103,Latur,high,priority,70.09327459335327,1,7,CHIRPS Daily v2.0,Maharashtra,CHIRPS Rainfall
2025-05-21,2025-05-28,21.0,2025,P084,18.46362582706226,76.82249880582684,Latur,high,priority,83.74484443664551,1,7,CHIRPS Daily v2.0,Maharashtra,CHIRPS Rainfall
2025-05-21,2025-05-28,21.0,2025,P085,18.14788579966987,76.77194597718393,Latur,high,priority,62.39646339416504,1,7,CHIRPS Daily v2.0,Maharashtra,CHIRPS Rainfall
2025-05-21,2025-05-28,21.0,2025,P122,17.88145897082753,73.8441448165019,Satara,high,priority,135.74920797348022,1,7,CHIRPS Daily v2.0,Maharashtra,CHIRPS Rainfall
2025-05-21,2025-05-28,21.0,2025,P123,17.386414030975025,74.27088970551878,Satara,high,priority,127.23837089538574,1,7,CHIRPS Daily v2.0,Maharashtra,CHIRPS Rainfall
2025-05-21,2025-05-28,21.0,2025,P124,17.43262815429294,74.647353771057,Satara,high,priority,83.69779300689697,1,7,CHIRPS Daily v2.0,Maharashtra,CHIRPS Rainfall
2025-05-21,2025-05-28,21.0,2025,P125,17.56734651531964,74.31728219287884,Satara,high,priority,125.57768249511719,1,7,CHIRPS Daily v2.0,Maharashtra,CHIRPS Rainfall
2025-05-21,2025-05-28,21.0,2025,P126,17.205080227535593,74.13053949986157,Satara,high,priority,111.05885124206543,1,7,CHIRPS Daily v2.0,Maharashtra,CHIRPS Rainfall
2025-05-21,2025-05-28,21.0,2025,P127,17.65773249367299,74.31694330119876,Satara,high,priority,125.0422010421753,1,7,CHIRPS Daily v2.0,Maharashtra,CHIRPS Rainfall
2025-05-21,2025-05-28,21.0,2025,P128,18.019949731345452,74.5517328080669,Satara,high,priority,103.15930557250977,1,7,CHIRPS Daily v2.0,Maharashtra,CHIRPS Rainfall
2025-05-21,2025-05-28,21.0,2025,P129,18.063234225271252,74.03192648006461,Satara,high,priority,96.08767509460449,1,7,CHIRPS Daily v2.0,Maharashtra,CHIRPS Rainfall
2025-05-21,2025-05-28,21.0,2025,P130,17.61135784271715,74.03436560834085,Satara,high,priority,101.21240139007568,1,7,CHIRPS Daily v2.0,Maharashtra,CHIRPS Rainfall
2025-05-21,2025-05-28,21.0,2025,P131,17.612539504496315,74.3171127470388,Satara,high,priority,121.69532012939453,1,7,CHIRPS Daily v2.0,Maharashtra,CHIRPS Rainfall
2025-05-21,2025-05-28,21.0,2025,P132,17.702176353872684,74.12817617630324,Satara,high,priority,101.03946876525879,1,7,CHIRPS Daily v2.0,Maharashtra,CHIRPS Rainfall
2025-05-21,2025-05-28,21.0,2025,P133,17.25006363896275,74.08329532420031,Satara,high,priority,111.11990118026733,1,7,CHIRPS Daily v2.0,Maharashtra,CHIRPS Rainfall
2025-05-21,2025-05-28,21.0,2025,P134,17.476429903940936,74.17634784498362,Satara,high,priority,104.4701099395752,1,7,CHIRPS Daily v2.0,Maharashtra,CHIRPS Rainfall
2025-05-21,2025-05-28,21.0,2025,P135,17.882716437324603,74.0801070669471,Satara,high,priority,97.63875436782837,1,7,CHIRPS Daily v2.0,Maharashtra,CHIRPS Rainfall
2025-05-21,2025-05-28,21.0,2025,P136,17.928520323345598,74.22149178404871,Satara,high,priority,96.26498031616211,1,7,CHIRPS Daily v2.0,Maharashtra,CHIRPS Rainfall
2025-05-21,2025-05-28,21.0,2025,P137,17.746687100588183,73.98648378122894,Satara,high,priority,97.47870302200317,1,7,CHIRPS Daily v2.0,Maharashtra,CHIRPS Rainfall
2025-05-21,2025-05-28,21.0,2025,P138,17.61269557303319,74.36423652697161,Satara,high,priority,118.26858139038086,1,7,CHIRPS Daily v2.0,Maharashtra,CHIRPS Rainfall
2025-05-21,2025-05-28,21.0,2025,P139,17.656773786946495,74.08126197411994,Satara,high,priority,101.02810192108154,1,7,CHIRPS Daily v2.0,Maharashtra,CHIRPS Rainfall
2025-05-21,2025-05-28,21.0,2025,P140,17.97464080554139,74.50462240543725,Satara,high,priority,95.07351970672607,1,7,CHIRPS Daily v2.0,Maharashtra,CHIRPS Rainfall
2025-05-21,2025-05-28,21.0,2025,P141,17.430826677467348,74.08239904488856,Satara,high,priority,103.27713871002197,1,7,CHIRPS Daily v2.0,Maharashtra,CHIRPS Rainfall
2025-05-21,2025-05-28,21.0,2025,P142,18.064447100757786,74.31538707493111,Satara,high,priority,86.3165693283081,1,7,CHIRPS Daily v2.0,Maharashtra,CHIRPS Rainfall
2025-05-21,2025-05-28,21.0,2025,P143,17.70379500755509,74.6468275971327,Satara,high,priority,95.17140865325928,1,7,CHIRPS Daily v2.0,Maharashtra,CHIRPS Rainfall
2025-05-21,2025-05-28,21.0,2025,P144,17.929452275465767,74.50474726026674,Satara,high,priority,106.29972457885742,1,7,CHIRPS Daily v2.0,Maharashtra,CHIRPS Rainfall
2025-05-21,2025-05-28,21.0,2025,P145,17.47773196144854,74.60017202281048,Satara,high,priority,83.40569972991943,1,7,CHIRPS Daily v2.0,Maharashtra,CHIRPS Rainfall
2025-05-21,2025-05-28,21.0,2025,P146,17.839182233739812,74.55218763637436,Satara,high,priority,100.85774993896484,1,7,CHIRPS Daily v2.0,Maharashtra,CHIRPS Rainfall
2025-05-21,2025-05-28,21.0,2025,P001,19.940457800458272,74.57045211428928,Ahmednagar,normal,statewide,43.29350805282593,1,7,CHIRPS Daily v2.0,Maharashtra,CHIRPS Rainfall
2025-05-21,2025-05-28,21.0,2025,P002,18.946729294293643,74.76302285238339,Ahmednagar,normal,statewide,77.94040870666504,1,7,CHIRPS Daily v2.0,Maharashtra,CHIRPS Rainfall
2025-05-21,2025-05-28,21.0,2025,P003,18.49469238410162,74.66892244285252,Ahmednagar,normal,statewide,69.31098365783691,1,7,CHIRPS Daily v2.0,Maharashtra,CHIRPS Rainfall
2025-05-21,2025-05-28,21.0,2025,P004,19.03720445466806,75.1420731965326,Ahmednagar,normal,statewide,78.2085189819336,1,7,CHIRPS Daily v2.0,Maharashtra,CHIRPS Rainfall
2025-05-21,2025-05-28,21.0,2025,P005,20.832153156317954,77.06560453615967,Akola,normal,statewide,47.42356729507446,1,7,CHIRPS Daily v2.0,Maharashtra,CHIRPS Rainfall
2025-05-21,2025-05-28,21.0,2025,P006,20.834360411339407,76.87349308547405,Akola,normal,statewide,47.99123668670654,1,7,CHIRPS Daily v2.0,Maharashtra,CHIRPS Rainfall
2025-05-21,2025-05-28,21.0,2025,P007,21.014976299509232,76.87574047240498,Akola,normal,statewide,43.18245315551758,1,7,CHIRPS Daily v2.0,Maharashtra,CHIRPS Rainfall
2025-05-21,2025-05-28,21.0,2025,P008,20.828434266039377,77.35372489162701,Akola,normal,statewide,41.90829277038574,1,7,CHIRPS Daily v2.0,Maharashtra,CHIRPS Rainfall
2025-05-21,2025-05-28,21.0,2025,P009,21.360971327549258,77.94039543992572,Amravati,normal,statewide,38.67370414733887,1,7,CHIRPS Daily v2.0,Maharashtra,CHIRPS Rainfall
2025-05-21,2025-05-28,21.0,2025,P010,21.178803672212837,78.03301542790685,Amravati,normal,statewide,37.76605224609375,1,7,CHIRPS Daily v2.0,Maharashtra,CHIRPS Rainfall
2025-05-21,2025-05-28,21.0,2025,P011,20.814388097721018,78.21764450702477,Amravati,normal,statewide,43.688101291656494,1,7,CHIRPS Daily v2.0,Maharashtra,CHIRPS Rainfall
2025-05-21,2025-05-28,21.0,2025,P012,21.180502589714195,77.93681032267875,Amravati,normal,statewide,38.18077039718628,1,7,CHIRPS Daily v2.0,Maharashtra,CHIRPS Rainfall
2025-05-21,2025-05-28,21.0,2025,P013,20.031289688916964,74.8570519162974,Aurangabad,normal,statewide,66.54739952087402,1,7,CHIRPS Daily v2.0,Maharashtra,CHIRPS Rainfall
2025-05-21,2025-05-28,21.0,2025,P014,19.760185263069562,75.14270192978114,Aurangabad,normal,statewide,59.65779447555542,1,7,CHIRPS Daily v2.0,Maharashtra,CHIRPS Rainfall
2025-05-21,2025-05-28,21.0,2025,P015,19.9408189876436,74.76157364454102,Aurangabad,normal,statewide,53.9071683883667,1,7,CHIRPS Daily v2.0,Maharashtra,CHIRPS Rainfall
2025-05-21,2025-05-28,21.0,2025,P016,19.66981712112043,75.14262166596218,Aurangabad,normal,statewide,57.45741653442383,1,7,CHIRPS Daily v2.0,Maharashtra,CHIRPS Rainfall
2025-05-21,2025-05-28,21.0,2025,P017,21.04613203856966,79.85576216552393,Bhandara,normal,statewide,24.79240322113037,1,7,CHIRPS Daily v2.0,Maharashtra,CHIRPS Rainfall
2025-05-21,2025-05-28,21.0,2025,P018,21.31897105472685,79.76852877161537,Bhandara,normal,statewide,24.78880262374878,1,7,CHIRPS Daily v2.0,Maharashtra,CHIRPS Rainfall
2025-05-21,2025-05-28,21.0,2025,P019,21.40900922319803,79.77144948280537,Bhandara,normal,statewide,20.814789414405823,1,7,CHIRPS Daily v2.0,Maharashtra,CHIRPS Rainfall
2025-05-21,2025-05-28,21.0,2025,P020,21.144196588937042,79.57074980349083,Bhandara,normal,statewide,32.76827621459961,1,7,CHIRPS Daily v2.0,Maharashtra,CHIRPS Rainfall
2025-05-21,2025-05-28,21.0,2025,P021,18.67502288980403,75.52108340877234,Bid,normal,statewide,91.55482387542725,1,7,CHIRPS Daily v2.0,Maharashtra,CHIRPS Rainfall
2025-05-21,2025-05-28,21.0,2025,P022,18.856499384477168,75.04699178476999,Bid,normal,statewide,83.74139308929443,1,7,CHIRPS Daily v2.0,Maharashtra,CHIRPS Rainfall
2025-05-21,2025-05-28,21.0,2025,P023,19.126596053486494,75.6175605191647,Bid,normal,statewide,82.90314865112305,1,7,CHIRPS Daily v2.0,Maharashtra,CHIRPS Rainfall
2025-05-21,2025-05-28,21.0,2025,P024,18.763955201213946,75.90084720909012,Bid,normal,statewide,81.3794469833374,1,7,CHIRPS Daily v2.0,Maharashtra,CHIRPS Rainfall
2025-05-21,2025-05-28,21.0,2025,P025,20.93073496240753,76.20164478885242,Buldana,normal,statewide,60.94154405593872,1,7,CHIRPS Daily v2.0,Maharashtra,CHIRPS Rainfall
2025-05-21,2025-05-28,21.0,2025,P026,20.838939908121294,76.39311412898633,Buldana,normal,statewide,63.33730697631836,1,7,CHIRPS Daily v2.0,Maharashtra,CHIRPS Rainfall
2025-05-21,2025-05-28,21.0,2025,P027,20.657476790751314,76.48742857536776,Buldana,normal,statewide,65.88745927810669,1,7,CHIRPS Daily v2.0,Maharashtra,CHIRPS Rainfall
2025-05-21,2025-05-28,21.0,2025,P028,20.47967013624516,76.10222021266374,Buldana,normal,statewide,56.358272552490234,1,7,CHIRPS Daily v2.0,Maharashtra,CHIRPS Rainfall
2025-05-21,2025-05-28,21.0,2025,P029,20.32317798477448,79.92829390325927,Chandrapur,normal,statewide,60.08041858673096,1,7,CHIRPS Daily v2.0,Maharashtra,CHIRPS Rainfall
2025-05-21,2025-05-28,21.0,2025,P030,20.60872097983294,79.36304041732026,Chandrapur,normal,statewide,40.62418460845947,1,7,CHIRPS Daily v2.0,Maharashtra,CHIRPS Rainfall
2025-05-21,2025-05-28,21.0,2025,P031,20.511160307884595,79.64732594588165,Chandrapur,normal,statewide,50.99270534515381,1,7,CHIRPS Daily v2.0,Maharashtra,CHIRPS Rainfall
2025-05-21,2025-05-28,21.0,2025,P032,20.598621115946884,79.74569817422172,Chandrapur,normal,statewide,46.27828884124756,1,7,CHIRPS Daily v2.0,Maharashtra,CHIRPS Rainfall
2025-05-21,2025-05-28,21.0,2025,P033,21.38667804512237,75.14422248324037,Dhule,normal,statewide,42.71640992164612,1,7,CHIRPS Daily v2.0,Maharashtra,CHIRPS Rainfall
2025-05-21,2025-05-28,21.0,2025,P034,21.025151968113196,74.75989256344387,Dhule,normal,statewide,31.780816078186035,1,7,CHIRPS Daily v2.0,Maharashtra,CHIRPS Rainfall
2025-05-21,2025-05-28,21.0,2025,P035,21.477028350667293,74.85568743137505,Dhule,normal,statewide,44.75706338882446,1,7,CHIRPS Daily v2.0,Maharashtra,CHIRPS Rainfall
2025-05-21,2025-05-28,21.0,2025,P036,20.933820660336515,74.37533522949364,Dhule,normal,statewide,31.295873165130615,1,7,CHIRPS Daily v2.0,Maharashtra,CHIRPS Rainfall
2025-05-21,2025-05-28,21.0,2025,P037,19.963056524597132,79.91698116388667,Garhchiroli,normal,statewide,45.18336820602417,1,7,CHIRPS Daily v2.0,Maharashtra,CHIRPS Rainfall
2025-05-21,2025-05-28,21.0,2025,P038,19.062661462582188,79.88977172925856,Garhchiroli,normal,statewide,58.07280874252319,1,7,CHIRPS Daily v2.0,Maharashtra,CHIRPS Rainfall
2025-05-21,2025-05-28,21.0,2025,P039,19.510270485428137,79.9981368030594,Garhchiroli,normal,statewide,65.73655700683594,1,7,CHIRPS Daily v2.0,Maharashtra,CHIRPS Rainfall
2025-05-21,2025-05-28,21.0,2025,P040,19.870365190999156,80.00935144220881,Garhchiroli,normal,statewide,50.24705219268799,1,7,CHIRPS Daily v2.0,Maharashtra,CHIRPS Rainfall
2025-05-21,2025-05-28,21.0,2025,P041,21.127639946725598,80.1465044724107,Gondiya,normal,statewide,23.192952156066895,1,7,CHIRPS Daily v2.0,Maharashtra,CHIRPS Rainfall
2025-05-21,2025-05-28,21.0,2025,P042,21.397598383602258,80.15591763473452,Gondiya,normal,statewide,20.007835626602173,1,7,CHIRPS Daily v2.0,Maharashtra,CHIRPS Rainfall
2025-05-21,2025-05-28,21.0,2025,P043,21.574548890706154,80.25847249986273,Gondiya,normal,statewide,20.011887073516846,1,7,CHIRPS Daily v2.0,Maharashtra,CHIRPS Rainfall
2025-05-21,2025-05-28,21.0,2025,P044,21.211649410572516,80.34153217518526,Gondiya,normal,statewide,24.239648818969727,1,7,CHIRPS Daily v2.0,Maharashtra,CHIRPS Rainfall
2025-05-21,2025-05-28,21.0,2025,P045,19.655900266732623,77.2407892392464,Hingoli,normal,statewide,65.59383964538574,1,7,CHIRPS Daily v2.0,Maharashtra,CHIRPS Rainfall
2025-05-21,2025-05-28,21.0,2025,P046,19.566758377573187,77.1442675378435,Hingoli,normal,statewide,83.38410568237305,1,7,CHIRPS Daily v2.0,Maharashtra,CHIRPS Rainfall
2025-05-21,2025-05-28,21.0,2025,P047,19.47860194974656,76.9526242927685,Hingoli,normal,statewide,69.94891929626465,1,7,CHIRPS Daily v2.0,Maharashtra,CHIRPS Rainfall
2025-05-21,2025-05-28,21.0,2025,P048,19.927981235710728,77.14910120338544,Hingoli,normal,statewide,46.20687389373779,1,7,CHIRPS Daily v2.0,Maharashtra,CHIRPS Rainfall
2025-05-21,2025-05-28,21.0,2025,P049,21.292738163229433,76.10816865346904,Jalgaon,normal,statewide,48.18441677093506,1,7,CHIRPS Daily v2.0,Maharashtra,CHIRPS Rainfall
2025-05-21,2025-05-28,21.0,2025,P050,21.386178625804387,75.43363151891216,Jalgaon,normal,statewide,43.582289695739746,1,7,CHIRPS Daily v2.0,Maharashtra,CHIRPS Rainfall
2025-05-21,2025-05-28,21.0,2025,P051,21.112064306745907,76.10682200495089,Jalgaon,normal,statewide,54.06643199920654,1,7,CHIRPS Daily v2.0,Maharashtra,CHIRPS Rainfall
2025-05-21,2025-05-28,21.0,2025,P052,20.844437979720194,75.23982115072519,Jalgaon,normal,statewide,45.05694913864136,1,7,CHIRPS Daily v2.0,Maharashtra,CHIRPS Rainfall
2025-05-21,2025-05-28,21.0,2025,P053,19.486369703781666,76.00005328932718,Jalna,normal,statewide,69.46098327636719,1,7,CHIRPS Daily v2.0,Maharashtra,CHIRPS Rainfall
2025-05-21,2025-05-28,21.0,2025,P054,20.028502750758555,76.00343774702675,Jalna,normal,statewide,76.82366371154785,1,7,CHIRPS Daily v2.0,Maharashtra,CHIRPS Rainfall
2025-05-21,2025-05-28,21.0,2025,P055,19.75743845682064,76.00172991132328,Jalna,normal,statewide,58.18235778808594,1,7,CHIRPS Daily v2.0,Maharashtra,CHIRPS Rainfall
2025-05-21,2025-05-28,21.0,2025,P056,19.57768317515413,75.80993951591351,Jalna,normal,statewide,85.86949825286865,1,7,CHIRPS Daily v2.0,Maharashtra,CHIRPS Rainfall
2025-05-21,2025-05-28,21.0,2025,P057,16.776377793156257,74.29671235971928,Kolhapur,normal,statewide,90.91825914382935,1,7,CHIRPS Daily v2.0,Maharashtra,CHIRPS Rainfall
2025-05-21,2025-05-28,21.0,2025,P058,16.324416687682138,74.29834884980589,Kolhapur,normal,statewide,74.2294921875,1,7,CHIRPS Daily v2.0,Maharashtra,CHIRPS Rainfall
2025-05-21,2025-05-28,21.0,2025,P059,16.595891218916975,74.39111598812178,Kolhapur,normal,statewide,71.46171188354492,1,7,CHIRPS Daily v2.0,Maharashtra,CHIRPS Rainfall
2025-05-21,2025-05-28,21.0,2025,P060,16.414811584237594,74.29802779453004,Kolhapur,normal,statewide,87.52836418151855,1,7,CHIRPS Daily v2.0,Maharashtra,CHIRPS Rainfall
2025-05-21,2025-05-28,21.0,2025,P086,21.054127206758487,79.56798961993874,Nagpur,normal,statewide,30.77940320968628,1,7,CHIRPS Daily v2.0,Maharashtra,CHIRPS Rainfall
2025-05-21,2025-05-28,21.0,2025,P087,21.146765031143822,79.47473643960802,Nagpur,normal,statewide,31.510448932647705,1,7,CHIRPS Daily v2.0,Maharashtra,CHIRPS Rainfall
2025-05-21,2025-05-28,21.0,2025,P088,21.347803602138427,78.61442869606356,Nagpur,normal,statewide,30.59011173248291,1,7,CHIRPS Daily v2.0,Maharashtra,CHIRPS Rainfall
2025-05-21,2025-05-28,21.0,2025,P089,21.165377318940912,78.70615240473293,Nagpur,normal,statewide,39.73740196228027,1,7,CHIRPS Daily v2.0,Maharashtra,CHIRPS Rainfall
2025-05-21,2025-05-28,21.0,2025,P090,19.201968238592887,77.42470040309472,Nanded,normal,statewide,57.68706512451172,1,7,CHIRPS Daily v2.0,Maharashtra,CHIRPS Rainfall
2025-05-21,2025-05-28,21.0,2025,P091,18.566038000956755,77.69963965584807,Nanded,normal,statewide,47.38775873184204,1,7,CHIRPS Daily v2.0,Maharashtra,CHIRPS Rainfall
2025-05-21,2025-05-28,21.0,2025,P092,19.736596618496833,77.90946265591798,Nanded,normal,statewide,40.156230449676514,1,7,CHIRPS Daily v2.0,Maharashtra,CHIRPS Rainfall
2025-05-21,2025-05-28,21.0,2025,P093,18.93564842817583,77.04115528508362,Nanded,normal,statewide,60.69780158996582,1,7,CHIRPS Daily v2.0,Maharashtra,CHIRPS Rainfall
2025-05-21,2025-05-28,21.0,2025,P094,21.564917232430716,74.08292967791392,Nandurbar,normal,statewide,57.487602949142456,1,7,CHIRPS Daily v2.0,Maharashtra,CHIRPS Rainfall
2025-05-21,2025-05-28,21.0,2025,P095,21.5662594218478,74.37266422796263,Nandurbar,normal,statewide,47.48425781726837,1,7,CHIRPS Daily v2.0,Maharashtra,CHIRPS Rainfall
2025-05-21,2025-05-28,21.0,2025,P096,21.385179787168415,74.27697637845674,Nandurbar,normal,statewide,27.401121258735657,1,7,CHIRPS Daily v2.0,Maharashtra,CHIRPS Rainfall
2025-05-21,2025-05-28,21.0,2025,P097,21.565421110849755,74.17950488852946,Nandurbar,normal,statewide,44.86867547035217,1,7,CHIRPS Daily v2.0,Maharashtra,CHIRPS Rainfall
2025-05-21,2025-05-28,21.0,2025,P098,20.299553667393326,73.99482675929994,Nashik,normal,statewide,35.633097648620605,1,7,CHIRPS Daily v2.0,Maharashtra,CHIRPS Rainfall
2025-05-21,2025-05-28,21.0,2025,P099,20.120253214034264,74.28296495117151,Nashik,normal,statewide,35.843260288238525,1,7,CHIRPS Daily v2.0,Maharashtra,CHIRPS Rainfall
2025-05-21,2025-05-28,21.0,2025,P100,20.389903972938242,73.99424261706194,Nashik,normal,statewide,43.21690893173218,1,7,CHIRPS Daily v2.0,Maharashtra,CHIRPS Rainfall
2025-05-21,2025-05-28,21.0,2025,P101,20.029015547379707,74.09216447619562,Nashik,normal,statewide,34.51507568359375,1,7,CHIRPS Daily v2.0,Maharashtra,CHIRPS Rainfall
2025-05-21,2025-05-28,21.0,2025,P102,17.85749130266526,76.36802722645965,Osmanabad,normal,statewide,79.74984836578369,1,7,CHIRPS Daily v2.0,Maharashtra,CHIRPS Rainfall
2025-05-21,2025-05-28,21.0,2025,P103,17.76644983645705,76.46164605307673,Osmanabad,normal,statewide,57.64795541763306,1,7,CHIRPS Daily v2.0,Maharashtra,CHIRPS Rainfall
2025-05-21,2025-05-28,21.0,2025,P104,17.949094615606196,76.17989775301476,Osmanabad,normal,statewide,107.41320610046387,1,7,CHIRPS Daily v2.0,Maharashtra,CHIRPS Rainfall
2025-05-21,2025-05-28,21.0,2025,P105,18.584360447185368,75.61558067829696,Osmanabad,normal,statewide,90.00993251800537,1,7,CHIRPS Daily v2.0,Maharashtra,CHIRPS Rainfall
2025-05-21,2025-05-28,21.0,2025,P106,19.031389786894366,76.47235681380711,Parbhani,normal,statewide,63.68731069564819,1,7,CHIRPS Daily v2.0,Maharashtra,CHIRPS Rainfall
2025-05-21,2025-05-28,21.0,2025,P107,19.120950831552832,76.56820519095093,Parbhani,normal,statewide,67.57821035385132,1,7,CHIRPS Daily v2.0,Maharashtra,CHIRPS Rainfall
2025-05-21,2025-05-28,21.0,2025,P108,19.208625676465683,76.85432786914635,Parbhani,normal,statewide,58.54486846923828,1,7,CHIRPS Daily v2.0,Maharashtra,CHIRPS Rainfall
2025-05-21,2025-05-28,21.0,2025,P109,19.212081479782103,76.47396209018636,Parbhani,normal,statewide,65.51437711715698,1,7,CHIRPS Daily v2.0,Maharashtra,CHIRPS Rainfall
2025-05-21,2025-05-28,21.0,2025,P110,18.133442771357757,75.04679558432363,Pune,normal,statewide,96.38191032409668,1,7,CHIRPS Daily v2.0,Maharashtra,CHIRPS Rainfall
2025-05-21,2025-05-28,21.0,2025,P111,18.584645829652782,74.47919215212944,Pune,normal,statewide,64.85807847976685,1,7,CHIRPS Daily v2.0,Maharashtra,CHIRPS Rainfall
2025-05-21,2025-05-28,21.0,2025,P112,18.132979024848197,74.57507620208169,Pune,normal,statewide,104.88146591186523,1,7,CHIRPS Daily v2.0,Maharashtra,CHIRPS Rainfall
2025-05-21,2025-05-28,21.0,2025,P113,18.314072036830744,74.76389683618987,Pune,normal,statewide,75.33353233337402,1,7,CHIRPS Daily v2.0,Maharashtra,CHIRPS Rainfall
2025-05-21,2025-05-28,21.0,2025,P114,18.48503397121986,73.0589238755964,Raigarh,normal,statewide,176.7507402896881,1,7,CHIRPS Daily v2.0,Maharashtra,CHIRPS Rainfall
2025-05-21,2025-05-28,21.0,2025,P115,18.665689991299164,73.05687714821288,Raigarh,normal,statewide,206.3170189857483,1,7,CHIRPS Daily v2.0,Maharashtra,CHIRPS Rainfall
2025-05-21,2025-05-28,21.0,2025,P116,18.306197264370358,73.25009891506079,Raigarh,normal,statewide,136.78465700149536,1,7,CHIRPS Daily v2.0,Maharashtra,CHIRPS Rainfall
2025-05-21,2025-05-28,21.0,2025,P117,18.21404102289879,73.06194714611064,Raigarh,normal,statewide,165.81047868728638,1,7,CHIRPS Daily v2.0,Maharashtra,CHIRPS Rainfall
2025-05-21,2025-05-28,21.0,2025,P118,17.138719885658215,75.42259970290594,Sangli,normal,statewide,63.22220802307129,1,7,CHIRPS Daily v2.0,Maharashtra,CHIRPS Rainfall
2025-05-21,2025-05-28,21.0,2025,P119,17.048761981005992,74.95348443567921,Sangli,normal,statewide,56.39798069000244,1,7,CHIRPS Daily v2.0,Maharashtra,CHIRPS Rainfall
2025-05-21,2025-05-28,21.0,2025,P120,16.86707144948229,74.39025538161847,Sangli,normal,statewide,78.16756629943848,1,7,CHIRPS Daily v2.0,Maharashtra,CHIRPS Rainfall
2025-05-21,2025-05-28,21.0,2025,P121,17.048503353144895,74.67157114887826,Sangli,normal,statewide,69.52100563049316,1,7,CHIRPS Daily v2.0,Maharashtra,CHIRPS Rainfall
2025-05-21,2025-05-28,21.0,2025,P148,17.67852974098626,76.08383979812143,Solapur,normal,statewide,86.5314416885376,1,7,CHIRPS Daily v2.0,Maharashtra,CHIRPS Rainfall
2025-05-21,2025-05-28,21.0,2025,P149,18.223365003201543,75.4251413905064,Solapur,normal,statewide,78.00740432739258,1,7,CHIRPS Daily v2.0,Maharashtra,CHIRPS Rainfall
2025-05-21,2025-05-28,21.0,2025,P150,17.952532582518405,75.23562067753285,Solapur,normal,statewide,77.72829341888428,1,7,CHIRPS Daily v2.0,Maharashtra,CHIRPS Rainfall
2025-05-21,2025-05-28,21.0,2025,P151,18.223690517578447,75.23598186471818,Solapur,normal,statewide,100.3967399597168,1,7,CHIRPS Daily v2.0,Maharashtra,CHIRPS Rainfall
2025-05-21,2025-05-28,21.0,2025,P152,19.658178867370932,72.94986318203122,Thane,normal,statewide,225.44123554229736,1,7,CHIRPS Daily v2.0,Maharashtra,CHIRPS Rainfall
2025-05-21,2025-05-28,21.0,2025,P153,19.65706409210757,72.8545320606096,Thane,normal,statewide,211.25989723205566,1,7,CHIRPS Daily v2.0,Maharashtra,CHIRPS Rainfall
2025-05-21,2025-05-28,21.0,2025,P154,19.477549601897948,72.95214624177059,Thane,normal,statewide,211.51855373382568,1,7,CHIRPS Daily v2.0,Maharashtra,CHIRPS Rainfall
2025-05-21,2025-05-28,21.0,2025,P155,19.83987385799569,73.0429959666335,Thane,normal,statewide,134.35247039794922,1,7,CHIRPS Daily v2.0,Maharashtra,CHIRPS Rainfall
2025-05-21,2025-05-28,21.0,2025,P156,20.806749657616468,78.60135461177485,Wardha,normal,statewide,37.76835751533508,1,7,CHIRPS Daily v2.0,Maharashtra,CHIRPS Rainfall
2025-05-21,2025-05-28,21.0,2025,P157,20.71031267913359,78.88671032458906,Wardha,normal,statewide,29.328309059143066,1,7,CHIRPS Daily v2.0,Maharashtra,CHIRPS Rainfall
2025-05-21,2025-05-28,21.0,2025,P158,21.081265295769754,78.41565980750515,Wardha,normal,statewide,46.660805225372314,1,7,CHIRPS Daily v2.0,Maharashtra,CHIRPS Rainfall
2025-05-21,2025-05-28,21.0,2025,P159,20.439854822938944,78.87986114537097,Wardha,normal,statewide,36.73484516143799,1,7,CHIRPS Daily v2.0,Maharashtra,CHIRPS Rainfall
2025-05-21,2025-05-28,21.0,2025,P160,20.289186257444058,77.15404188735265,Washim,normal,statewide,62.44189453125,1,7,CHIRPS Daily v2.0,Maharashtra,CHIRPS Rainfall
2025-05-21,2025-05-28,21.0,2025,P161,20.464607292886615,77.53975858757677,Washim,normal,statewide,47.86118984222412,1,7,CHIRPS Daily v2.0,Maharashtra,CHIRPS Rainfall
2025-05-21,2025-05-28,21.0,2025,P162,20.107393166596125,77.2471479173486,Washim,normal,statewide,55.75319814682007,1,7,CHIRPS Daily v2.0,Maharashtra,CHIRPS Rainfall
2025-05-21,2025-05-28,21.0,2025,P163,20.198885002010726,77.1527933390577,Washim,normal,statewide,55.44707775115967,1,7,CHIRPS Daily v2.0,Maharashtra,CHIRPS Rainfall
2025-05-21,2025-05-28,21.0,2025,P164,20.182854533723592,78.20447678161395,Yavatmal,normal,statewide,41.067848205566406,1,7,CHIRPS Daily v2.0,Maharashtra,CHIRPS Rainfall
2025-05-21,2025-05-28,21.0,2025,P165,19.894658373538324,79.05709703494229,Yavatmal,normal,statewide,43.331154108047485,1,7,CHIRPS Daily v2.0,Maharashtra,CHIRPS Rainfall
2025-05-21,2025-05-28,21.0,2025,P166,19.468787468327925,77.71426550730338,Yavatmal,normal,statewide,42.631306648254395,1,7,CHIRPS Daily v2.0,Maharashtra,CHIRPS Rainfall
2025-05-21,2025-05-28,21.0,2025,P167,19.559057510053886,77.71577268345945,Yavatmal,normal,statewide,36.889498710632324,1,7,CHIRPS Daily v2.0,Maharashtra,CHIRPS Rainfall
2025-05-28,2025-06-04,22.0,2025,P147,17.927231643141155,73.94769852026607,Satara,case_study,case_study,9.661690711975098,1,7,CHIRPS Daily v2.0,Maharashtra,CHIRPS Rainfall
2025-05-28,2025-06-04,22.0,2025,P061,18.507855650411397,76.91766048140843,Latur,high,priority,5.995263576507568,1,7,CHIRPS Daily v2.0,Maharashtra,CHIRPS Rainfall
2025-05-28,2025-06-04,22.0,2025,P062,18.422405896924207,76.3487594508077,Latur,high,priority,7.475905895233154,1,7,CHIRPS Daily v2.0,Maharashtra,CHIRPS Rainfall
2025-05-28,2025-06-04,22.0,2025,P063,18.235391198742693,77.05646783810116,Latur,high,priority,0.0,1,7,CHIRPS Daily v2.0,Maharashtra,CHIRPS Rainfall
2025-05-28,2025-06-04,22.0,2025,P064,18.193056493341274,76.77240080549139,Latur,high,priority,0.0,1,7,CHIRPS Daily v2.0,Maharashtra,CHIRPS Rainfall
2025-05-28,2025-06-04,22.0,2025,P065,18.331355512513895,76.44266811899327,Latur,high,priority,13.681461334228516,1,7,CHIRPS Daily v2.0,Maharashtra,CHIRPS Rainfall
2025-05-28,2025-06-04,22.0,2025,P066,18.104739537876725,76.5352970251765,Latur,high,priority,5.9185943603515625,1,7,CHIRPS Daily v2.0,Maharashtra,CHIRPS Rainfall
2025-05-28,2025-06-04,22.0,2025,P067,18.280552974211986,77.0569984711265,Latur,high,priority,0.0,1,7,CHIRPS Daily v2.0,Maharashtra,CHIRPS Rainfall
2025-05-28,2025-06-04,22.0,2025,P068,18.101823285787773,76.86595720469373,Latur,high,priority,0.0,1,7,CHIRPS Daily v2.0,Maharashtra,CHIRPS Rainfall
2025-05-28,2025-06-04,22.0,2025,P069,18.595075667016793,77.20284228928156,Latur,high,priority,3.114826202392578,1,7,CHIRPS Daily v2.0,Maharashtra,CHIRPS Rainfall
2025-05-28,2025-06-04,22.0,2025,P070,18.41499041187233,77.15322587185987,Latur,high,priority,0.0,1,7,CHIRPS Daily v2.0,Maharashtra,CHIRPS Rainfall
2025-05-28,2025-06-04,22.0,2025,P071,18.149138807065885,76.63019561379593,Latur,high,priority,5.818078517913818,1,7,CHIRPS Daily v2.0,Maharashtra,CHIRPS Rainfall
2025-05-28,2025-06-04,22.0,2025,P072,18.283393421583035,76.77331492120734,Latur,high,priority,0.0,1,7,CHIRPS Daily v2.0,Maharashtra,CHIRPS Rainfall
2025-05-28,2025-06-04,22.0,2025,P073,17.966315663874607,76.86453029235662,Latur,high,priority,5.072544097900391,1,7,CHIRPS Daily v2.0,Maharashtra,CHIRPS Rainfall
2025-05-28,2025-06-04,22.0,2025,P074,18.50832831512306,76.870318205524,Latur,high,priority,5.729088306427002,1,7,CHIRPS Daily v2.0,Maharashtra,CHIRPS Rainfall
2025-05-28,2025-06-04,22.0,2025,P075,18.41444640154381,77.20053247493588,Latur,high,priority,0.0,1,7,CHIRPS Daily v2.0,Maharashtra,CHIRPS Rainfall
2025-05-28,2025-06-04,22.0,2025,P076,18.377877313804504,76.25376722106614,Latur,high,priority,7.027618885040283,1,7,CHIRPS Daily v2.0,Maharashtra,CHIRPS Rainfall
2025-05-28,2025-06-04,22.0,2025,P077,18.059564385104267,76.5349046242838,Latur,high,priority,7.203540325164795,1,7,CHIRPS Daily v2.0,Maharashtra,CHIRPS Rainfall
2025-05-28,2025-06-04,22.0,2025,P078,18.1008824154655,76.96042326051098,Latur,high,priority,0.0,1,7,CHIRPS Daily v2.0,Maharashtra,CHIRPS Rainfall
2025-05-28,2025-06-04,22.0,2025,P079,18.73508698099394,76.77797468180819,Latur,high,priority,7.488391876220703,1,7,CHIRPS Daily v2.0,Maharashtra,CHIRPS Rainfall
2025-05-28,2025-06-04,22.0,2025,P080,18.46791548227568,76.3017694439065,Latur,high,priority,11.784781455993652,1,7,CHIRPS Daily v2.0,Maharashtra,CHIRPS Rainfall
2025-05-28,2025-06-04,22.0,2025,P081,18.10355787609756,76.67701617485712,Latur,high,priority,5.533326625823975,1,7,CHIRPS Daily v2.0,Maharashtra,CHIRPS Rainfall
2025-05-28,2025-06-04,22.0,2025,P082,18.23907887531389,76.67830931416262,Latur,high,priority,0.0,1,7,CHIRPS Daily v2.0,Maharashtra,CHIRPS Rainfall
2025-05-28,2025-06-04,22.0,2025,P083,18.369289085175563,77.19996171000103,Latur,high,priority,0.0,1,7,CHIRPS Daily v2.0,Maharashtra,CHIRPS Rainfall
2025-05-28,2025-06-04,22.0,2025,P084,18.46362582706226,76.82249880582684,Latur,high,priority,0.0,1,7,CHIRPS Daily v2.0,Maharashtra,CHIRPS Rainfall
2025-05-28,2025-06-04,22.0,2025,P085,18.14788579966987,76.77194597718393,Latur,high,priority,0.0,1,7,CHIRPS Daily v2.0,Maharashtra,CHIRPS Rainfall
2025-05-28,2025-06-04,22.0,2025,P122,17.88145897082753,73.8441448165019,Satara,high,priority,12.714910507202148,1,7,CHIRPS Daily v2.0,Maharashtra,CHIRPS Rainfall
2025-05-28,2025-06-04,22.0,2025,P123,17.386414030975025,74.27088970551878,Satara,high,priority,0.0,1,7,CHIRPS Daily v2.0,Maharashtra,CHIRPS Rainfall
2025-05-28,2025-06-04,22.0,2025,P124,17.43262815429294,74.647353771057,Satara,high,priority,23.155961990356445,1,7,CHIRPS Daily v2.0,Maharashtra,CHIRPS Rainfall
2025-05-28,2025-06-04,22.0,2025,P125,17.56734651531964,74.31728219287884,Satara,high,priority,19.0655574798584,1,7,CHIRPS Daily v2.0,Maharashtra,CHIRPS Rainfall
2025-05-28,2025-06-04,22.0,2025,P126,17.205080227535593,74.13053949986157,Satara,high,priority,13.569175720214844,1,7,CHIRPS Daily v2.0,Maharashtra,CHIRPS Rainfall
2025-05-28,2025-06-04,22.0,2025,P127,17.65773249367299,74.31694330119876,Satara,high,priority,14.656510353088379,1,7,CHIRPS Daily v2.0,Maharashtra,CHIRPS Rainfall
2025-05-28,2025-06-04,22.0,2025,P128,18.019949731345452,74.5517328080669,Satara,high,priority,10.160892486572266,1,7,CHIRPS Daily v2.0,Maharashtra,CHIRPS Rainfall
2025-05-28,2025-06-04,22.0,2025,P129,18.063234225271252,74.03192648006461,Satara,high,priority,8.324847221374512,1,7,CHIRPS Daily v2.0,Maharashtra,CHIRPS Rainfall
2025-05-28,2025-06-04,22.0,2025,P130,17.61135784271715,74.03436560834085,Satara,high,priority,20.63955307006836,1,7,CHIRPS Daily v2.0,Maharashtra,CHIRPS Rainfall
2025-05-28,2025-06-04,22.0,2025,P131,17.612539504496315,74.3171127470388,Satara,high,priority,18.581266403198242,1,7,CHIRPS Daily v2.0,Maharashtra,CHIRPS Rainfall
2025-05-28,2025-06-04,22.0,2025,P132,17.702176353872684,74.12817617630324,Satara,high,priority,11.904726028442383,1,7,CHIRPS Daily v2.0,Maharashtra,CHIRPS Rainfall
2025-05-28,2025-06-04,22.0,2025,P133,17.25006363896275,74.08329532420031,Satara,high,priority,11.908136367797852,1,7,CHIRPS Daily v2.0,Maharashtra,CHIRPS Rainfall
2025-05-28,2025-06-04,22.0,2025,P134,17.476429903940936,74.17634784498362,Satara,high,priority,15.834400177001953,1,7,CHIRPS Daily v2.0,Maharashtra,CHIRPS Rainfall
2025-05-28,2025-06-04,22.0,2025,P135,17.882716437324603,74.0801070669471,Satara,high,priority,10.756204605102539,1,7,CHIRPS Daily v2.0,Maharashtra,CHIRPS Rainfall
2025-05-28,2025-06-04,22.0,2025,P136,17.928520323345598,74.22149178404871,Satara,high,priority,8.447874069213867,1,7,CHIRPS Daily v2.0,Maharashtra,CHIRPS Rainfall
2025-05-28,2025-06-04,22.0,2025,P137,17.746687100588183,73.98648378122894,Satara,high,priority,11.213861465454102,1,7,CHIRPS Daily v2.0,Maharashtra,CHIRPS Rainfall
2025-05-28,2025-06-04,22.0,2025,P138,17.61269557303319,74.36423652697161,Satara,high,priority,17.65503692626953,1,7,CHIRPS Daily v2.0,Maharashtra,CHIRPS Rainfall
2025-05-28,2025-06-04,22.0,2025,P139,17.656773786946495,74.08126197411994,Satara,high,priority,9.641925811767578,1,7,CHIRPS Daily v2.0,Maharashtra,CHIRPS Rainfall
2025-05-28,2025-06-04,22.0,2025,P140,17.97464080554139,74.50462240543725,Satara,high,priority,10.178390502929688,1,7,CHIRPS Daily v2.0,Maharashtra,CHIRPS Rainfall
2025-05-28,2025-06-04,22.0,2025,P141,17.430826677467348,74.08239904488856,Satara,high,priority,0.0,1,7,CHIRPS Daily v2.0,Maharashtra,CHIRPS Rainfall
2025-05-28,2025-06-04,22.0,2025,P142,18.064447100757786,74.31538707493111,Satara,high,priority,10.005785942077637,1,7,CHIRPS Daily v2.0,Maharashtra,CHIRPS Rainfall
2025-05-28,2025-06-04,22.0,2025,P143,17.70379500755509,74.6468275971327,Satara,high,priority,19.383073806762695,1,7,CHIRPS Daily v2.0,Maharashtra,CHIRPS Rainfall
2025-05-28,2025-06-04,22.0,2025,P144,17.929452275465767,74.50474726026674,Satara,high,priority,11.299118041992188,1,7,CHIRPS Daily v2.0,Maharashtra,CHIRPS Rainfall
2025-05-28,2025-06-04,22.0,2025,P145,17.47773196144854,74.60017202281048,Satara,high,priority,30.004568099975586,1,7,CHIRPS Daily v2.0,Maharashtra,CHIRPS Rainfall
2025-05-28,2025-06-04,22.0,2025,P146,17.839182233739812,74.55218763637436,Satara,high,priority,10.437219619750977,1,7,CHIRPS Daily v2.0,Maharashtra,CHIRPS Rainfall
2025-05-28,2025-06-04,22.0,2025,P001,19.940457800458272,74.57045211428928,Ahmednagar,normal,statewide,7.6586432456970215,1,7,CHIRPS Daily v2.0,Maharashtra,CHIRPS Rainfall
2025-05-28,2025-06-04,22.0,2025,P002,18.946729294293643,74.76302285238339,Ahmednagar,normal,statewide,16.641002655029297,1,7,CHIRPS Daily v2.0,Maharashtra,CHIRPS Rainfall
2025-05-28,2025-06-04,22.0,2025,P003,18.49469238410162,74.66892244285252,Ahmednagar,normal,statewide,12.405067443847656,1,7,CHIRPS Daily v2.0,Maharashtra,CHIRPS Rainfall
2025-05-28,2025-06-04,22.0,2025,P004,19.03720445466806,75.1420731965326,Ahmednagar,normal,statewide,28.56203842163086,1,7,CHIRPS Daily v2.0,Maharashtra,CHIRPS Rainfall
2025-05-28,2025-06-04,22.0,2025,P005,20.832153156317954,77.06560453615967,Akola,normal,statewide,22.832557201385498,1,7,CHIRPS Daily v2.0,Maharashtra,CHIRPS Rainfall
2025-05-28,2025-06-04,22.0,2025,P006,20.834360411339407,76.87349308547405,Akola,normal,statewide,18.99396800994873,1,7,CHIRPS Daily v2.0,Maharashtra,CHIRPS Rainfall
2025-05-28,2025-06-04,22.0,2025,P007,21.014976299509232,76.87574047240498,Akola,normal,statewide,18.1937313079834,1,7,CHIRPS Daily v2.0,Maharashtra,CHIRPS Rainfall
2025-05-28,2025-06-04,22.0,2025,P008,20.828434266039377,77.35372489162701,Akola,normal,statewide,27.078598022460938,1,7,CHIRPS Daily v2.0,Maharashtra,CHIRPS Rainfall
2025-05-28,2025-06-04,22.0,2025,P009,21.360971327549258,77.94039543992572,Amravati,normal,statewide,24.19088840484619,1,7,CHIRPS Daily v2.0,Maharashtra,CHIRPS Rainfall
2025-05-28,2025-06-04,22.0,2025,P010,21.178803672212837,78.03301542790685,Amravati,normal,statewide,29.17131996154785,1,7,CHIRPS Daily v2.0,Maharashtra,CHIRPS Rainfall
2025-05-28,2025-06-04,22.0,2025,P011,20.814388097721018,78.21764450702477,Amravati,normal,statewide,31.723421573638916,1,7,CHIRPS Daily v2.0,Maharashtra,CHIRPS Rainfall
2025-05-28,2025-06-04,22.0,2025,P012,21.180502589714195,77.93681032267875,Amravati,normal,statewide,27.885746479034424,1,7,CHIRPS Daily v2.0,Maharashtra,CHIRPS Rainfall
2025-05-28,2025-06-04,22.0,2025,P013,20.031289688916964,74.8570519162974,Aurangabad,normal,statewide,13.436258316040039,1,7,CHIRPS Daily v2.0,Maharashtra,CHIRPS Rainfall
2025-05-28,2025-06-04,22.0,2025,P014,19.760185263069562,75.14270192978114,Aurangabad,normal,statewide,14.357694625854492,1,7,CHIRPS Daily v2.0,Maharashtra,CHIRPS Rainfall
2025-05-28,2025-06-04,22.0,2025,P015,19.9408189876436,74.76157364454102,Aurangabad,normal,statewide,8.317521095275879,1,7,CHIRPS Daily v2.0,Maharashtra,CHIRPS Rainfall
2025-05-28,2025-06-04,22.0,2025,P016,19.66981712112043,75.14262166596218,Aurangabad,normal,statewide,12.253612518310547,1,7,CHIRPS Daily v2.0,Maharashtra,CHIRPS Rainfall
2025-05-28,2025-06-04,22.0,2025,P017,21.04613203856966,79.85576216552393,Bhandara,normal,statewide,14.572822570800781,1,7,CHIRPS Daily v2.0,Maharashtra,CHIRPS Rainfall
2025-05-28,2025-06-04,22.0,2025,P018,21.31897105472685,79.76852877161537,Bhandara,normal,statewide,4.404943943023682,1,7,CHIRPS Daily v2.0,Maharashtra,CHIRPS Rainfall
2025-05-28,2025-06-04,22.0,2025,P019,21.40900922319803,79.77144948280537,Bhandara,normal,statewide,6.9192094802856445,1,7,CHIRPS Daily v2.0,Maharashtra,CHIRPS Rainfall
2025-05-28,2025-06-04,22.0,2025,P020,21.144196588937042,79.57074980349083,Bhandara,normal,statewide,14.27967119216919,1,7,CHIRPS Daily v2.0,Maharashtra,CHIRPS Rainfall
2025-05-28,2025-06-04,22.0,2025,P021,18.67502288980403,75.52108340877234,Bid,normal,statewide,27.69112777709961,1,7,CHIRPS Daily v2.0,Maharashtra,CHIRPS Rainfall
2025-05-28,2025-06-04,22.0,2025,P022,18.856499384477168,75.04699178476999,Bid,normal,statewide,15.111981391906738,1,7,CHIRPS Daily v2.0,Maharashtra,CHIRPS Rainfall
2025-05-28,2025-06-04,22.0,2025,P023,19.126596053486494,75.6175605191647,Bid,normal,statewide,20.45664405822754,1,7,CHIRPS Daily v2.0,Maharashtra,CHIRPS Rainfall
2025-05-28,2025-06-04,22.0,2025,P024,18.763955201213946,75.90084720909012,Bid,normal,statewide,21.925634384155273,1,7,CHIRPS Daily v2.0,Maharashtra,CHIRPS Rainfall
2025-05-28,2025-06-04,22.0,2025,P025,20.93073496240753,76.20164478885242,Buldana,normal,statewide,9.449350357055664,1,7,CHIRPS Daily v2.0,Maharashtra,CHIRPS Rainfall
2025-05-28,2025-06-04,22.0,2025,P026,20.838939908121294,76.39311412898633,Buldana,normal,statewide,11.393717765808105,1,7,CHIRPS Daily v2.0,Maharashtra,CHIRPS Rainfall
2025-05-28,2025-06-04,22.0,2025,P027,20.657476790751314,76.48742857536776,Buldana,normal,statewide,11.958133697509766,1,7,CHIRPS Daily v2.0,Maharashtra,CHIRPS Rainfall
2025-05-28,2025-06-04,22.0,2025,P028,20.47967013624516,76.10222021266374,Buldana,normal,statewide,25.31211280822754,1,7,CHIRPS Daily v2.0,Maharashtra,CHIRPS Rainfall
2025-05-28,2025-06-04,22.0,2025,P029,20.32317798477448,79.92829390325927,Chandrapur,normal,statewide,11.800541877746582,1,7,CHIRPS Daily v2.0,Maharashtra,CHIRPS Rainfall
2025-05-28,2025-06-04,22.0,2025,P030,20.60872097983294,79.36304041732026,Chandrapur,normal,statewide,27.960413455963135,1,7,CHIRPS Daily v2.0,Maharashtra,CHIRPS Rainfall
2025-05-28,2025-06-04,22.0,2025,P031,20.511160307884595,79.64732594588165,Chandrapur,normal,statewide,25.759607315063477,1,7,CHIRPS Daily v2.0,Maharashtra,CHIRPS Rainfall
2025-05-28,2025-06-04,22.0,2025,P032,20.598621115946884,79.74569817422172,Chandrapur,normal,statewide,25.3822660446167,1,7,CHIRPS Daily v2.0,Maharashtra,CHIRPS Rainfall
2025-05-28,2025-06-04,22.0,2025,P033,21.38667804512237,75.14422248324037,Dhule,normal,statewide,15.821894645690918,1,7,CHIRPS Daily v2.0,Maharashtra,CHIRPS Rainfall
2025-05-28,2025-06-04,22.0,2025,P034,21.025151968113196,74.75989256344387,Dhule,normal,statewide,20.112873077392578,1,7,CHIRPS Daily v2.0,Maharashtra,CHIRPS Rainfall
2025-05-28,2025-06-04,22.0,2025,P035,21.477028350667293,74.85568743137505,Dhule,normal,statewide,14.859150886535645,1,7,CHIRPS Daily v2.0,Maharashtra,CHIRPS Rainfall
2025-05-28,2025-06-04,22.0,2025,P036,20.933820660336515,74.37533522949364,Dhule,normal,statewide,13.8912935256958,1,7,CHIRPS Daily v2.0,Maharashtra,CHIRPS Rainfall
2025-05-28,2025-06-04,22.0,2025,P037,19.963056524597132,79.91698116388667,Garhchiroli,normal,statewide,15.062148094177246,1,7,CHIRPS Daily v2.0,Maharashtra,CHIRPS Rainfall
2025-05-28,2025-06-04,22.0,2025,P038,19.062661462582188,79.88977172925856,Garhchiroli,normal,statewide,18.234602451324463,1,7,CHIRPS Daily v2.0,Maharashtra,CHIRPS Rainfall
2025-05-28,2025-06-04,22.0,2025,P039,19.510270485428137,79.9981368030594,Garhchiroli,normal,statewide,23.555831909179688,1,7,CHIRPS Daily v2.0,Maharashtra,CHIRPS Rainfall
2025-05-28,2025-06-04,22.0,2025,P040,19.870365190999156,80.00935144220881,Garhchiroli,normal,statewide,18.835530281066895,1,7,CHIRPS Daily v2.0,Maharashtra,CHIRPS Rainfall
2025-05-28,2025-06-04,22.0,2025,P041,21.127639946725598,80.1465044724107,Gondiya,normal,statewide,14.029865264892578,1,7,CHIRPS Daily v2.0,Maharashtra,CHIRPS Rainfall
2025-05-28,2025-06-04,22.0,2025,P042,21.397598383602258,80.15591763473452,Gondiya,normal,statewide,14.350352764129639,1,7,CHIRPS Daily v2.0,Maharashtra,CHIRPS Rainfall
2025-05-28,2025-06-04,22.0,2025,P043,21.574548890706154,80.25847249986273,Gondiya,normal,statewide,10.68137502670288,1,7,CHIRPS Daily v2.0,Maharashtra,CHIRPS Rainfall
2025-05-28,2025-06-04,22.0,2025,P044,21.211649410572516,80.34153217518526,Gondiya,normal,statewide,19.69037914276123,1,7,CHIRPS Daily v2.0,Maharashtra,CHIRPS Rainfall
2025-05-28,2025-06-04,22.0,2025,P045,19.655900266732623,77.2407892392464,Hingoli,normal,statewide,16.01883888244629,1,7,CHIRPS Daily v2.0,Maharashtra,CHIRPS Rainfall
2025-05-28,2025-06-04,22.0,2025,P046,19.566758377573187,77.1442675378435,Hingoli,normal,statewide,0.0,1,7,CHIRPS Daily v2.0,Maharashtra,CHIRPS Rainfall
2025-05-28,2025-06-04,22.0,2025,P047,19.47860194974656,76.9526242927685,Hingoli,normal,statewide,0.0,1,7,CHIRPS Daily v2.0,Maharashtra,CHIRPS Rainfall
2025-05-28,2025-06-04,22.0,2025,P048,19.927981235710728,77.14910120338544,Hingoli,normal,statewide,28.655675888061523,1,7,CHIRPS Daily v2.0,Maharashtra,CHIRPS Rainfall
2025-05-28,2025-06-04,22.0,2025,P049,21.292738163229433,76.10816865346904,Jalgaon,normal,statewide,21.829989910125732,1,7,CHIRPS Daily v2.0,Maharashtra,CHIRPS Rainfall
2025-05-28,2025-06-04,22.0,2025,P050,21.386178625804387,75.43363151891216,Jalgaon,normal,statewide,20.29384422302246,1,7,CHIRPS Daily v2.0,Maharashtra,CHIRPS Rainfall
2025-05-28,2025-06-04,22.0,2025,P051,21.112064306745907,76.10682200495089,Jalgaon,normal,statewide,16.692811965942383,1,7,CHIRPS Daily v2.0,Maharashtra,CHIRPS Rainfall
2025-05-28,2025-06-04,22.0,2025,P052,20.844437979720194,75.23982115072519,Jalgaon,normal,statewide,24.849872589111328,1,7,CHIRPS Daily v2.0,Maharashtra,CHIRPS Rainfall
2025-05-28,2025-06-04,22.0,2025,P053,19.486369703781666,76.00005328932718,Jalna,normal,statewide,17.179141998291016,1,7,CHIRPS Daily v2.0,Maharashtra,CHIRPS Rainfall
2025-05-28,2025-06-04,22.0,2025,P054,20.028502750758555,76.00343774702675,Jalna,normal,statewide,0.0,1,7,CHIRPS Daily v2.0,Maharashtra,CHIRPS Rainfall
2025-05-28,2025-06-04,22.0,2025,P055,19.75743845682064,76.00172991132328,Jalna,normal,statewide,8.898956298828125,1,7,CHIRPS Daily v2.0,Maharashtra,CHIRPS Rainfall
2025-05-28,2025-06-04,22.0,2025,P056,19.57768317515413,75.80993951591351,Jalna,normal,statewide,0.0,1,7,CHIRPS Daily v2.0,Maharashtra,CHIRPS Rainfall
2025-05-28,2025-06-04,22.0,2025,P057,16.776377793156257,74.29671235971928,Kolhapur,normal,statewide,7.599123477935791,1,7,CHIRPS Daily v2.0,Maharashtra,CHIRPS Rainfall
2025-05-28,2025-06-04,22.0,2025,P058,16.324416687682138,74.29834884980589,Kolhapur,normal,statewide,21.998472213745117,1,7,CHIRPS Daily v2.0,Maharashtra,CHIRPS Rainfall
2025-05-28,2025-06-04,22.0,2025,P059,16.595891218916975,74.39111598812178,Kolhapur,normal,statewide,22.26186180114746,1,7,CHIRPS Daily v2.0,Maharashtra,CHIRPS Rainfall
2025-05-28,2025-06-04,22.0,2025,P060,16.414811584237594,74.29802779453004,Kolhapur,normal,statewide,22.661075592041016,1,7,CHIRPS Daily v2.0,Maharashtra,CHIRPS Rainfall
2025-05-28,2025-06-04,22.0,2025,P086,21.054127206758487,79.56798961993874,Nagpur,normal,statewide,15.823556184768677,1,7,CHIRPS Daily v2.0,Maharashtra,CHIRPS Rainfall
2025-05-28,2025-06-04,22.0,2025,P087,21.146765031143822,79.47473643960802,Nagpur,normal,statewide,16.346545696258545,1,7,CHIRPS Daily v2.0,Maharashtra,CHIRPS Rainfall
2025-05-28,2025-06-04,22.0,2025,P088,21.347803602138427,78.61442869606356,Nagpur,normal,statewide,21.26506805419922,1,7,CHIRPS Daily v2.0,Maharashtra,CHIRPS Rainfall
2025-05-28,2025-06-04,22.0,2025,P089,21.165377318940912,78.70615240473293,Nagpur,normal,statewide,13.58342170715332,1,7,CHIRPS Daily v2.0,Maharashtra,CHIRPS Rainfall
2025-05-28,2025-06-04,22.0,2025,P090,19.201968238592887,77.42470040309472,Nanded,normal,statewide,6.344298839569092,1,7,CHIRPS Daily v2.0,Maharashtra,CHIRPS Rainfall
2025-05-28,2025-06-04,22.0,2025,P091,18.566038000956755,77.69963965584807,Nanded,normal,statewide,5.099018096923828,1,7,CHIRPS Daily v2.0,Maharashtra,CHIRPS Rainfall
2025-05-28,2025-06-04,22.0,2025,P092,19.736596618496833,77.90946265591798,Nanded,normal,statewide,10.922408103942871,1,7,CHIRPS Daily v2.0,Maharashtra,CHIRPS Rainfall
2025-05-28,2025-06-04,22.0,2025,P093,18.93564842817583,77.04115528508362,Nanded,normal,statewide,6.133578777313232,1,7,CHIRPS Daily v2.0,Maharashtra,CHIRPS Rainfall
2025-05-28,2025-06-04,22.0,2025,P094,21.564917232430716,74.08292967791392,Nandurbar,normal,statewide,0.0,1,7,CHIRPS Daily v2.0,Maharashtra,CHIRPS Rainfall
2025-05-28,2025-06-04,22.0,2025,P095,21.5662594218478,74.37266422796263,Nandurbar,normal,statewide,0.0,1,7,CHIRPS Daily v2.0,Maharashtra,CHIRPS Rainfall
2025-05-28,2025-06-04,22.0,2025,P096,21.385179787168415,74.27697637845674,Nandurbar,normal,statewide,10.961515426635742,1,7,CHIRPS Daily v2.0,Maharashtra,CHIRPS Rainfall
2025-05-28,2025-06-04,22.0,2025,P097,21.565421110849755,74.17950488852946,Nandurbar,normal,statewide,0.0,1,7,CHIRPS Daily v2.0,Maharashtra,CHIRPS Rainfall
2025-05-28,2025-06-04,22.0,2025,P098,20.299553667393326,73.99482675929994,Nashik,normal,statewide,6.769716262817383,1,7,CHIRPS Daily v2.0,Maharashtra,CHIRPS Rainfall
2025-05-28,2025-06-04,22.0,2025,P099,20.120253214034264,74.28296495117151,Nashik,normal,statewide,7.076152324676514,1,7,CHIRPS Daily v2.0,Maharashtra,CHIRPS Rainfall
2025-05-28,2025-06-04,22.0,2025,P100,20.389903972938242,73.99424261706194,Nashik,normal,statewide,9.288493156433105,1,7,CHIRPS Daily v2.0,Maharashtra,CHIRPS Rainfall
2025-05-28,2025-06-04,22.0,2025,P101,20.029015547379707,74.09216447619562,Nashik,normal,statewide,6.990238189697266,1,7,CHIRPS Daily v2.0,Maharashtra,CHIRPS Rainfall
2025-05-28,2025-06-04,22.0,2025,P102,17.85749130266526,76.36802722645965,Osmanabad,normal,statewide,17.392759323120117,1,7,CHIRPS Daily v2.0,Maharashtra,CHIRPS Rainfall
2025-05-28,2025-06-04,22.0,2025,P103,17.76644983645705,76.46164605307673,Osmanabad,normal,statewide,17.65549087524414,1,7,CHIRPS Daily v2.0,Maharashtra,CHIRPS Rainfall
2025-05-28,2025-06-04,22.0,2025,P104,17.949094615606196,76.17989775301476,Osmanabad,normal,statewide,19.569189071655273,1,7,CHIRPS Daily v2.0,Maharashtra,CHIRPS Rainfall
2025-05-28,2025-06-04,22.0,2025,P105,18.584360447185368,75.61558067829696,Osmanabad,normal,statewide,27.069664001464844,1,7,CHIRPS Daily v2.0,Maharashtra,CHIRPS Rainfall
2025-05-28,2025-06-04,22.0,2025,P106,19.031389786894366,76.47235681380711,Parbhani,normal,statewide,9.1331787109375,1,7,CHIRPS Daily v2.0,Maharashtra,CHIRPS Rainfall
2025-05-28,2025-06-04,22.0,2025,P107,19.120950831552832,76.56820519095093,Parbhani,normal,statewide,7.863494396209717,1,7,CHIRPS Daily v2.0,Maharashtra,CHIRPS Rainfall
2025-05-28,2025-06-04,22.0,2025,P108,19.208625676465683,76.85432786914635,Parbhani,normal,statewide,6.685628890991211,1,7,CHIRPS Daily v2.0,Maharashtra,CHIRPS Rainfall
2025-05-28,2025-06-04,22.0,2025,P109,19.212081479782103,76.47396209018636,Parbhani,normal,statewide,12.503931999206543,1,7,CHIRPS Daily v2.0,Maharashtra,CHIRPS Rainfall
2025-05-28,2025-06-04,22.0,2025,P110,18.133442771357757,75.04679558432363,Pune,normal,statewide,17.679353713989258,1,7,CHIRPS Daily v2.0,Maharashtra,CHIRPS Rainfall
2025-05-28,2025-06-04,22.0,2025,P111,18.584645829652782,74.47919215212944,Pune,normal,statewide,9.606710433959961,1,7,CHIRPS Daily v2.0,Maharashtra,CHIRPS Rainfall
2025-05-28,2025-06-04,22.0,2025,P112,18.132979024848197,74.57507620208169,Pune,normal,statewide,10.600268363952637,1,7,CHIRPS Daily v2.0,Maharashtra,CHIRPS Rainfall
2025-05-28,2025-06-04,22.0,2025,P113,18.314072036830744,74.76389683618987,Pune,normal,statewide,13.665082931518555,1,7,CHIRPS Daily v2.0,Maharashtra,CHIRPS Rainfall
2025-05-28,2025-06-04,22.0,2025,P114,18.48503397121986,73.0589238755964,Raigarh,normal,statewide,18.20050621032715,1,7,CHIRPS Daily v2.0,Maharashtra,CHIRPS Rainfall
2025-05-28,2025-06-04,22.0,2025,P115,18.665689991299164,73.05687714821288,Raigarh,normal,statewide,26.377901077270508,1,7,CHIRPS Daily v2.0,Maharashtra,CHIRPS Rainfall
2025-05-28,2025-06-04,22.0,2025,P116,18.306197264370358,73.25009891506079,Raigarh,normal,statewide,16.029495239257812,1,7,CHIRPS Daily v2.0,Maharashtra,CHIRPS Rainfall
2025-05-28,2025-06-04,22.0,2025,P117,18.21404102289879,73.06194714611064,Raigarh,normal,statewide,19.81839370727539,1,7,CHIRPS Daily v2.0,Maharashtra,CHIRPS Rainfall
2025-05-28,2025-06-04,22.0,2025,P118,17.138719885658215,75.42259970290594,Sangli,normal,statewide,15.083340167999268,1,7,CHIRPS Daily v2.0,Maharashtra,CHIRPS Rainfall
2025-05-28,2025-06-04,22.0,2025,P119,17.048761981005992,74.95348443567921,Sangli,normal,statewide,17.497827529907227,1,7,CHIRPS Daily v2.0,Maharashtra,CHIRPS Rainfall
2025-05-28,2025-06-04,22.0,2025,P120,16.86707144948229,74.39025538161847,Sangli,normal,statewide,5.21578311920166,1,7,CHIRPS Daily v2.0,Maharashtra,CHIRPS Rainfall
2025-05-28,2025-06-04,22.0,2025,P121,17.048503353144895,74.67157114887826,Sangli,normal,statewide,11.911012649536133,1,7,CHIRPS Daily v2.0,Maharashtra,CHIRPS Rainfall
2025-05-28,2025-06-04,22.0,2025,P148,17.67852974098626,76.08383979812143,Solapur,normal,statewide,23.601136207580566,1,7,CHIRPS Daily v2.0,Maharashtra,CHIRPS Rainfall
2025-05-28,2025-06-04,22.0,2025,P149,18.223365003201543,75.4251413905064,Solapur,normal,statewide,42.34457206726074,1,7,CHIRPS Daily v2.0,Maharashtra,CHIRPS Rainfall
2025-05-28,2025-06-04,22.0,2025,P150,17.952532582518405,75.23562067753285,Solapur,normal,statewide,29.95234966278076,1,7,CHIRPS Daily v2.0,Maharashtra,CHIRPS Rainfall
2025-05-28,2025-06-04,22.0,2025,P151,18.223690517578447,75.23598186471818,Solapur,normal,statewide,28.121627807617188,1,7,CHIRPS Daily v2.0,Maharashtra,CHIRPS Rainfall
2025-05-28,2025-06-04,22.0,2025,P152,19.658178867370932,72.94986318203122,Thane,normal,statewide,23.56850814819336,1,7,CHIRPS Daily v2.0,Maharashtra,CHIRPS Rainfall
2025-05-28,2025-06-04,22.0,2025,P153,19.65706409210757,72.8545320606096,Thane,normal,statewide,22.79105567932129,1,7,CHIRPS Daily v2.0,Maharashtra,CHIRPS Rainfall
2025-05-28,2025-06-04,22.0,2025,P154,19.477549601897948,72.95214624177059,Thane,normal,statewide,43.910465240478516,1,7,CHIRPS Daily v2.0,Maharashtra,CHIRPS Rainfall
2025-05-28,2025-06-04,22.0,2025,P155,19.83987385799569,73.0429959666335,Thane,normal,statewide,18.18535804748535,1,7,CHIRPS Daily v2.0,Maharashtra,CHIRPS Rainfall
2025-05-28,2025-06-04,22.0,2025,P156,20.806749657616468,78.60135461177485,Wardha,normal,statewide,24.122045516967773,1,7,CHIRPS Daily v2.0,Maharashtra,CHIRPS Rainfall
2025-05-28,2025-06-04,22.0,2025,P157,20.71031267913359,78.88671032458906,Wardha,normal,statewide,23.56351375579834,1,7,CHIRPS Daily v2.0,Maharashtra,CHIRPS Rainfall
2025-05-28,2025-06-04,22.0,2025,P158,21.081265295769754,78.41565980750515,Wardha,normal,statewide,24.550241470336914,1,7,CHIRPS Daily v2.0,Maharashtra,CHIRPS Rainfall
2025-05-28,2025-06-04,22.0,2025,P159,20.439854822938944,78.87986114537097,Wardha,normal,statewide,17.469550609588623,1,7,CHIRPS Daily v2.0,Maharashtra,CHIRPS Rainfall
2025-05-28,2025-06-04,22.0,2025,P160,20.289186257444058,77.15404188735265,Washim,normal,statewide,11.404597282409668,1,7,CHIRPS Daily v2.0,Maharashtra,CHIRPS Rainfall
2025-05-28,2025-06-04,22.0,2025,P161,20.464607292886615,77.53975858757677,Washim,normal,statewide,21.01170539855957,1,7,CHIRPS Daily v2.0,Maharashtra,CHIRPS Rainfall
2025-05-28,2025-06-04,22.0,2025,P162,20.107393166596125,77.2471479173486,Washim,normal,statewide,14.560419082641602,1,7,CHIRPS Daily v2.0,Maharashtra,CHIRPS Rainfall
2025-05-28,2025-06-04,22.0,2025,P163,20.198885002010726,77.1527933390577,Washim,normal,statewide,14.128829002380371,1,7,CHIRPS Daily v2.0,Maharashtra,CHIRPS Rainfall
2025-05-28,2025-06-04,22.0,2025,P164,20.182854533723592,78.20447678161395,Yavatmal,normal,statewide,19.027516841888428,1,7,CHIRPS Daily v2.0,Maharashtra,CHIRPS Rainfall
2025-05-28,2025-06-04,22.0,2025,P165,19.894658373538324,79.05709703494229,Yavatmal,normal,statewide,5.586637496948242,1,7,CHIRPS Daily v2.0,Maharashtra,CHIRPS Rainfall
2025-05-28,2025-06-04,22.0,2025,P166,19.468787468327925,77.71426550730338,Yavatmal,normal,statewide,12.538736343383789,1,7,CHIRPS Daily v2.0,Maharashtra,CHIRPS Rainfall
2025-05-28,2025-06-04,22.0,2025,P167,19.559057510053886,77.71577268345945,Yavatmal,normal,statewide,14.71692180633545,1,7,CHIRPS Daily v2.0,Maharashtra,CHIRPS Rainfall
2025-06-04,2025-06-11,23.0,2025,P147,17.927231643141155,73.94769852026607,Satara,case_study,case_study,40.8789176940918,1,7,CHIRPS Daily v2.0,Maharashtra,CHIRPS Rainfall
2025-06-04,2025-06-11,23.0,2025,P061,18.507855650411397,76.91766048140843,Latur,high,priority,31.809459686279297,1,7,CHIRPS Daily v2.0,Maharashtra,CHIRPS Rainfall
2025-06-04,2025-06-11,23.0,2025,P062,18.422405896924207,76.3487594508077,Latur,high,priority,30.59592628479004,1,7,CHIRPS Daily v2.0,Maharashtra,CHIRPS Rainfall
2025-06-04,2025-06-11,23.0,2025,P063,18.235391198742693,77.05646783810116,Latur,high,priority,29.22831678390503,1,7,CHIRPS Daily v2.0,Maharashtra,CHIRPS Rainfall
2025-06-04,2025-06-11,23.0,2025,P064,18.193056493341274,76.77240080549139,Latur,high,priority,27.298335075378418,1,7,CHIRPS Daily v2.0,Maharashtra,CHIRPS Rainfall
2025-06-04,2025-06-11,23.0,2025,P065,18.331355512513895,76.44266811899327,Latur,high,priority,28.871471405029297,1,7,CHIRPS Daily v2.0,Maharashtra,CHIRPS Rainfall
2025-06-04,2025-06-11,23.0,2025,P066,18.104739537876725,76.5352970251765,Latur,high,priority,35.318862438201904,1,7,CHIRPS Daily v2.0,Maharashtra,CHIRPS Rainfall
2025-06-04,2025-06-11,23.0,2025,P067,18.280552974211986,77.0569984711265,Latur,high,priority,28.47992181777954,1,7,CHIRPS Daily v2.0,Maharashtra,CHIRPS Rainfall
2025-06-04,2025-06-11,23.0,2025,P068,18.101823285787773,76.86595720469373,Latur,high,priority,25.295616149902344,1,7,CHIRPS Daily v2.0,Maharashtra,CHIRPS Rainfall
2025-06-04,2025-06-11,23.0,2025,P069,18.595075667016793,77.20284228928156,Latur,high,priority,32.02993822097778,1,7,CHIRPS Daily v2.0,Maharashtra,CHIRPS Rainfall
2025-06-04,2025-06-11,23.0,2025,P070,18.41499041187233,77.15322587185987,Latur,high,priority,34.32286739349365,1,7,CHIRPS Daily v2.0,Maharashtra,CHIRPS Rainfall
2025-06-04,2025-06-11,23.0,2025,P071,18.149138807065885,76.63019561379593,Latur,high,priority,32.24720096588135,1,7,CHIRPS Daily v2.0,Maharashtra,CHIRPS Rainfall
2025-06-04,2025-06-11,23.0,2025,P072,18.283393421583035,76.77331492120734,Latur,high,priority,28.981406211853027,1,7,CHIRPS Daily v2.0,Maharashtra,CHIRPS Rainfall
2025-06-04,2025-06-11,23.0,2025,P073,17.966315663874607,76.86453029235662,Latur,high,priority,26.94635248184204,1,7,CHIRPS Daily v2.0,Maharashtra,CHIRPS Rainfall
2025-06-04,2025-06-11,23.0,2025,P074,18.50832831512306,76.870318205524,Latur,high,priority,32.00864028930664,1,7,CHIRPS Daily v2.0,Maharashtra,CHIRPS Rainfall
2025-06-04,2025-06-11,23.0,2025,P075,18.41444640154381,77.20053247493588,Latur,high,priority,28.5731840133667,1,7,CHIRPS Daily v2.0,Maharashtra,CHIRPS Rainfall
2025-06-04,2025-06-11,23.0,2025,P076,18.377877313804504,76.25376722106614,Latur,high,priority,30.398130416870117,1,7,CHIRPS Daily v2.0,Maharashtra,CHIRPS Rainfall
2025-06-04,2025-06-11,23.0,2025,P077,18.059564385104267,76.5349046242838,Latur,high,priority,32.57613277435303,1,7,CHIRPS Daily v2.0,Maharashtra,CHIRPS Rainfall
2025-06-04,2025-06-11,23.0,2025,P078,18.1008824154655,76.96042326051098,Latur,high,priority,25.694043159484863,1,7,CHIRPS Daily v2.0,Maharashtra,CHIRPS Rainfall
2025-06-04,2025-06-11,23.0,2025,P079,18.73508698099394,76.77797468180819,Latur,high,priority,29.738728046417236,1,7,CHIRPS Daily v2.0,Maharashtra,CHIRPS Rainfall
2025-06-04,2025-06-11,23.0,2025,P080,18.46791548227568,76.3017694439065,Latur,high,priority,30.046610832214355,1,7,CHIRPS Daily v2.0,Maharashtra,CHIRPS Rainfall
2025-06-04,2025-06-11,23.0,2025,P081,18.10355787609756,76.67701617485712,Latur,high,priority,30.42124652862549,1,7,CHIRPS Daily v2.0,Maharashtra,CHIRPS Rainfall
2025-06-04,2025-06-11,23.0,2025,P082,18.23907887531389,76.67830931416262,Latur,high,priority,30.01230239868164,1,7,CHIRPS Daily v2.0,Maharashtra,CHIRPS Rainfall
2025-06-04,2025-06-11,23.0,2025,P083,18.369289085175563,77.19996171000103,Latur,high,priority,34.367536544799805,1,7,CHIRPS Daily v2.0,Maharashtra,CHIRPS Rainfall
2025-06-04,2025-06-11,23.0,2025,P084,18.46362582706226,76.82249880582684,Latur,high,priority,30.456593990325928,1,7,CHIRPS Daily v2.0,Maharashtra,CHIRPS Rainfall
2025-06-04,2025-06-11,23.0,2025,P085,18.14788579966987,76.77194597718393,Latur,high,priority,27.500767707824707,1,7,CHIRPS Daily v2.0,Maharashtra,CHIRPS Rainfall
2025-06-04,2025-06-11,23.0,2025,P122,17.88145897082753,73.8441448165019,Satara,high,priority,57.013370513916016,1,7,CHIRPS Daily v2.0,Maharashtra,CHIRPS Rainfall
2025-06-04,2025-06-11,23.0,2025,P123,17.386414030975025,74.27088970551878,Satara,high,priority,39.778255462646484,1,7,CHIRPS Daily v2.0,Maharashtra,CHIRPS Rainfall
2025-06-04,2025-06-11,23.0,2025,P124,17.43262815429294,74.647353771057,Satara,high,priority,24.48108959197998,1,7,CHIRPS Daily v2.0,Maharashtra,CHIRPS Rainfall
2025-06-04,2025-06-11,23.0,2025,P125,17.56734651531964,74.31728219287884,Satara,high,priority,30.300230026245117,1,7,CHIRPS Daily v2.0,Maharashtra,CHIRPS Rainfall
2025-06-04,2025-06-11,23.0,2025,P126,17.205080227535593,74.13053949986157,Satara,high,priority,41.877891540527344,1,7,CHIRPS Daily v2.0,Maharashtra,CHIRPS Rainfall
2025-06-04,2025-06-11,23.0,2025,P127,17.65773249367299,74.31694330119876,Satara,high,priority,29.333576202392578,1,7,CHIRPS Daily v2.0,Maharashtra,CHIRPS Rainfall
2025-06-04,2025-06-11,23.0,2025,P128,18.019949731345452,74.5517328080669,Satara,high,priority,24.037081718444824,1,7,CHIRPS Daily v2.0,Maharashtra,CHIRPS Rainfall
2025-06-04,2025-06-11,23.0,2025,P129,18.063234225271252,74.03192648006461,Satara,high,priority,26.458009719848633,1,7,CHIRPS Daily v2.0,Maharashtra,CHIRPS Rainfall
2025-06-04,2025-06-11,23.0,2025,P130,17.61135784271715,74.03436560834085,Satara,high,priority,42.12999439239502,1,7,CHIRPS Daily v2.0,Maharashtra,CHIRPS Rainfall
2025-06-04,2025-06-11,23.0,2025,P131,17.612539504496315,74.3171127470388,Satara,high,priority,28.644756317138672,1,7,CHIRPS Daily v2.0,Maharashtra,CHIRPS Rainfall
2025-06-04,2025-06-11,23.0,2025,P132,17.702176353872684,74.12817617630324,Satara,high,priority,30.857959747314453,1,7,CHIRPS Daily v2.0,Maharashtra,CHIRPS Rainfall
2025-06-04,2025-06-11,23.0,2025,P133,17.25006363896275,74.08329532420031,Satara,high,priority,57.460031509399414,1,7,CHIRPS Daily v2.0,Maharashtra,CHIRPS Rainfall
2025-06-04,2025-06-11,23.0,2025,P134,17.476429903940936,74.17634784498362,Satara,high,priority,34.02020263671875,1,7,CHIRPS Daily v2.0,Maharashtra,CHIRPS Rainfall
2025-06-04,2025-06-11,23.0,2025,P135,17.882716437324603,74.0801070669471,Satara,high,priority,39.56970977783203,1,7,CHIRPS Daily v2.0,Maharashtra,CHIRPS Rainfall
2025-06-04,2025-06-11,23.0,2025,P136,17.928520323345598,74.22149178404871,Satara,high,priority,15.834522247314453,1,7,CHIRPS Daily v2.0,Maharashtra,CHIRPS Rainfall
2025-06-04,2025-06-11,23.0,2025,P137,17.746687100588183,73.98648378122894,Satara,high,priority,36.91728210449219,1,7,CHIRPS Daily v2.0,Maharashtra,CHIRPS Rainfall
2025-06-04,2025-06-11,23.0,2025,P138,17.61269557303319,74.36423652697161,Satara,high,priority,24.208894729614258,1,7,CHIRPS Daily v2.0,Maharashtra,CHIRPS Rainfall
2025-06-04,2025-06-11,23.0,2025,P139,17.656773786946495,74.08126197411994,Satara,high,priority,30.125871658325195,1,7,CHIRPS Daily v2.0,Maharashtra,CHIRPS Rainfall
2025-06-04,2025-06-11,23.0,2025,P140,17.97464080554139,74.50462240543725,Satara,high,priority,22.59309196472168,1,7,CHIRPS Daily v2.0,Maharashtra,CHIRPS Rainfall
2025-06-04,2025-06-11,23.0,2025,P141,17.430826677467348,74.08239904488856,Satara,high,priority,49.78171157836914,1,7,CHIRPS Daily v2.0,Maharashtra,CHIRPS Rainfall
2025-06-04,2025-06-11,23.0,2025,P142,18.064447100757786,74.31538707493111,Satara,high,priority,26.30925464630127,1,7,CHIRPS Daily v2.0,Maharashtra,CHIRPS Rainfall
2025-06-04,2025-06-11,23.0,2025,P143,17.70379500755509,74.6468275971327,Satara,high,priority,18.440763473510742,1,7,CHIRPS Daily v2.0,Maharashtra,CHIRPS Rainfall
2025-06-04,2025-06-11,23.0,2025,P144,17.929452275465767,74.50474726026674,Satara,high,priority,21.325364112854004,1,7,CHIRPS Daily v2.0,Maharashtra,CHIRPS Rainfall
2025-06-04,2025-06-11,23.0,2025,P145,17.47773196144854,74.60017202281048,Satara,high,priority,27.68657112121582,1,7,CHIRPS Daily v2.0,Maharashtra,CHIRPS Rainfall
2025-06-04,2025-06-11,23.0,2025,P146,17.839182233739812,74.55218763637436,Satara,high,priority,18.49592685699463,1,7,CHIRPS Daily v2.0,Maharashtra,CHIRPS Rainfall
2025-06-04,2025-06-11,23.0,2025,P001,19.940457800458272,74.57045211428928,Ahmednagar,normal,statewide,15.267827033996582,1,7,CHIRPS Daily v2.0,Maharashtra,CHIRPS Rainfall
2025-06-04,2025-06-11,23.0,2025,P002,18.946729294293643,74.76302285238339,Ahmednagar,normal,statewide,17.936665534973145,1,7,CHIRPS Daily v2.0,Maharashtra,CHIRPS Rainfall
2025-06-04,2025-06-11,23.0,2025,P003,18.49469238410162,74.66892244285252,Ahmednagar,normal,statewide,19.072130918502808,1,7,CHIRPS Daily v2.0,Maharashtra,CHIRPS Rainfall
2025-06-04,2025-06-11,23.0,2025,P004,19.03720445466806,75.1420731965326,Ahmednagar,normal,statewide,0.0,1,7,CHIRPS Daily v2.0,Maharashtra,CHIRPS Rainfall
2025-06-04,2025-06-11,23.0,2025,P005,20.832153156317954,77.06560453615967,Akola,normal,statewide,14.09605598449707,1,7,CHIRPS Daily v2.0,Maharashtra,CHIRPS Rainfall
2025-06-04,2025-06-11,23.0,2025,P006,20.834360411339407,76.87349308547405,Akola,normal,statewide,12.217612266540527,1,7,CHIRPS Daily v2.0,Maharashtra,CHIRPS Rainfall
2025-06-04,2025-06-11,23.0,2025,P007,21.014976299509232,76.87574047240498,Akola,normal,statewide,9.403983116149902,1,7,CHIRPS Daily v2.0,Maharashtra,CHIRPS Rainfall
2025-06-04,2025-06-11,23.0,2025,P008,20.828434266039377,77.35372489162701,Akola,normal,statewide,19.016277313232422,1,7,CHIRPS Daily v2.0,Maharashtra,CHIRPS Rainfall
2025-06-04,2025-06-11,23.0,2025,P009,21.360971327549258,77.94039543992572,Amravati,normal,statewide,20.952768325805664,1,7,CHIRPS Daily v2.0,Maharashtra,CHIRPS Rainfall
2025-06-04,2025-06-11,23.0,2025,P010,21.178803672212837,78.03301542790685,Amravati,normal,statewide,18.862871646881104,1,7,CHIRPS Daily v2.0,Maharashtra,CHIRPS Rainfall
2025-06-04,2025-06-11,23.0,2025,P011,20.814388097721018,78.21764450702477,Amravati,normal,statewide,26.382975578308105,1,7,CHIRPS Daily v2.0,Maharashtra,CHIRPS Rainfall
2025-06-04,2025-06-11,23.0,2025,P012,21.180502589714195,77.93681032267875,Amravati,normal,statewide,19.35716485977173,1,7,CHIRPS Daily v2.0,Maharashtra,CHIRPS Rainfall
2025-06-04,2025-06-11,23.0,2025,P013,20.031289688916964,74.8570519162974,Aurangabad,normal,statewide,0.0,1,7,CHIRPS Daily v2.0,Maharashtra,CHIRPS Rainfall
2025-06-04,2025-06-11,23.0,2025,P014,19.760185263069562,75.14270192978114,Aurangabad,normal,statewide,0.0,1,7,CHIRPS Daily v2.0,Maharashtra,CHIRPS Rainfall
2025-06-04,2025-06-11,23.0,2025,P015,19.9408189876436,74.76157364454102,Aurangabad,normal,statewide,15.651026725769043,1,7,CHIRPS Daily v2.0,Maharashtra,CHIRPS Rainfall
2025-06-04,2025-06-11,23.0,2025,P016,19.66981712112043,75.14262166596218,Aurangabad,normal,statewide,11.77213191986084,1,7,CHIRPS Daily v2.0,Maharashtra,CHIRPS Rainfall
2025-06-04,2025-06-11,23.0,2025,P017,21.04613203856966,79.85576216552393,Bhandara,normal,statewide,33.19846820831299,1,7,CHIRPS Daily v2.0,Maharashtra,CHIRPS Rainfall
2025-06-04,2025-06-11,23.0,2025,P018,21.31897105472685,79.76852877161537,Bhandara,normal,statewide,20.239933013916016,1,7,CHIRPS Daily v2.0,Maharashtra,CHIRPS Rainfall
2025-06-04,2025-06-11,23.0,2025,P019,21.40900922319803,79.77144948280537,Bhandara,normal,statewide,17.407346725463867,1,7,CHIRPS Daily v2.0,Maharashtra,CHIRPS Rainfall
2025-06-04,2025-06-11,23.0,2025,P020,21.144196588937042,79.57074980349083,Bhandara,normal,statewide,33.68286609649658,1,7,CHIRPS Daily v2.0,Maharashtra,CHIRPS Rainfall
2025-06-04,2025-06-11,23.0,2025,P021,18.67502288980403,75.52108340877234,Bid,normal,statewide,24.163406372070312,1,7,CHIRPS Daily v2.0,Maharashtra,CHIRPS Rainfall
2025-06-04,2025-06-11,23.0,2025,P022,18.856499384477168,75.04699178476999,Bid,normal,statewide,16.144445419311523,1,7,CHIRPS Daily v2.0,Maharashtra,CHIRPS Rainfall
2025-06-04,2025-06-11,23.0,2025,P023,19.126596053486494,75.6175605191647,Bid,normal,statewide,19.118472576141357,1,7,CHIRPS Daily v2.0,Maharashtra,CHIRPS Rainfall
2025-06-04,2025-06-11,23.0,2025,P024,18.763955201213946,75.90084720909012,Bid,normal,statewide,24.659576892852783,1,7,CHIRPS Daily v2.0,Maharashtra,CHIRPS Rainfall
2025-06-04,2025-06-11,23.0,2025,P025,20.93073496240753,76.20164478885242,Buldana,normal,statewide,7.739375591278076,1,7,CHIRPS Daily v2.0,Maharashtra,CHIRPS Rainfall
2025-06-04,2025-06-11,23.0,2025,P026,20.838939908121294,76.39311412898633,Buldana,normal,statewide,7.859441757202148,1,7,CHIRPS Daily v2.0,Maharashtra,CHIRPS Rainfall
2025-06-04,2025-06-11,23.0,2025,P027,20.657476790751314,76.48742857536776,Buldana,normal,statewide,11.16862964630127,1,7,CHIRPS Daily v2.0,Maharashtra,CHIRPS Rainfall
2025-06-04,2025-06-11,23.0,2025,P028,20.47967013624516,76.10222021266374,Buldana,normal,statewide,16.66534996032715,1,7,CHIRPS Daily v2.0,Maharashtra,CHIRPS Rainfall
2025-06-04,2025-06-11,23.0,2025,P029,20.32317798477448,79.92829390325927,Chandrapur,normal,statewide,20.279958724975586,1,7,CHIRPS Daily v2.0,Maharashtra,CHIRPS Rainfall
2025-06-04,2025-06-11,23.0,2025,P030,20.60872097983294,79.36304041732026,Chandrapur,normal,statewide,41.1439266204834,1,7,CHIRPS Daily v2.0,Maharashtra,CHIRPS Rainfall
2025-06-04,2025-06-11,23.0,2025,P031,20.511160307884595,79.64732594588165,Chandrapur,normal,statewide,33.825106620788574,1,7,CHIRPS Daily v2.0,Maharashtra,CHIRPS Rainfall
2025-06-04,2025-06-11,23.0,2025,P032,20.598621115946884,79.74569817422172,Chandrapur,normal,statewide,34.30189037322998,1,7,CHIRPS Daily v2.0,Maharashtra,CHIRPS Rainfall
2025-06-04,2025-06-11,23.0,2025,P033,21.38667804512237,75.14422248324037,Dhule,normal,statewide,7.510409832000732,1,7,CHIRPS Daily v2.0,Maharashtra,CHIRPS Rainfall
2025-06-04,2025-06-11,23.0,2025,P034,21.025151968113196,74.75989256344387,Dhule,normal,statewide,5.207054138183594,1,7,CHIRPS Daily v2.0,Maharashtra,CHIRPS Rainfall
2025-06-04,2025-06-11,23.0,2025,P035,21.477028350667293,74.85568743137505,Dhule,normal,statewide,0.0,1,7,CHIRPS Daily v2.0,Maharashtra,CHIRPS Rainfall
2025-06-04,2025-06-11,23.0,2025,P036,20.933820660336515,74.37533522949364,Dhule,normal,statewide,0.0,1,7,CHIRPS Daily v2.0,Maharashtra,CHIRPS Rainfall
2025-06-04,2025-06-11,23.0,2025,P037,19.963056524597132,79.91698116388667,Garhchiroli,normal,statewide,20.76540756225586,1,7,CHIRPS Daily v2.0,Maharashtra,CHIRPS Rainfall
2025-06-04,2025-06-11,23.0,2025,P038,19.062661462582188,79.88977172925856,Garhchiroli,normal,statewide,12.818581581115723,1,7,CHIRPS Daily v2.0,Maharashtra,CHIRPS Rainfall
2025-06-04,2025-06-11,23.0,2025,P039,19.510270485428137,79.9981368030594,Garhchiroli,normal,statewide,16.53537368774414,1,7,CHIRPS Daily v2.0,Maharashtra,CHIRPS Rainfall
2025-06-04,2025-06-11,23.0,2025,P040,19.870365190999156,80.00935144220881,Garhchiroli,normal,statewide,18.41563081741333,1,7,CHIRPS Daily v2.0,Maharashtra,CHIRPS Rainfall
2025-06-04,2025-06-11,23.0,2025,P041,21.127639946725598,80.1465044724107,Gondiya,normal,statewide,24.98285675048828,1,7,CHIRPS Daily v2.0,Maharashtra,CHIRPS Rainfall
2025-06-04,2025-06-11,23.0,2025,P042,21.397598383602258,80.15591763473452,Gondiya,normal,statewide,16.282678604125977,1,7,CHIRPS Daily v2.0,Maharashtra,CHIRPS Rainfall
2025-06-04,2025-06-11,23.0,2025,P043,21.574548890706154,80.25847249986273,Gondiya,normal,statewide,19.3568058013916,1,7,CHIRPS Daily v2.0,Maharashtra,CHIRPS Rainfall
2025-06-04,2025-06-11,23.0,2025,P044,21.211649410572516,80.34153217518526,Gondiya,normal,statewide,19.021791458129883,1,7,CHIRPS Daily v2.0,Maharashtra,CHIRPS Rainfall
2025-06-04,2025-06-11,23.0,2025,P045,19.655900266732623,77.2407892392464,Hingoli,normal,statewide,38.73357582092285,1,7,CHIRPS Daily v2.0,Maharashtra,CHIRPS Rainfall
2025-06-04,2025-06-11,23.0,2025,P046,19.566758377573187,77.1442675378435,Hingoli,normal,statewide,30.02104091644287,1,7,CHIRPS Daily v2.0,Maharashtra,CHIRPS Rainfall
2025-06-04,2025-06-11,23.0,2025,P047,19.47860194974656,76.9526242927685,Hingoli,normal,statewide,29.941007614135742,1,7,CHIRPS Daily v2.0,Maharashtra,CHIRPS Rainfall
2025-06-04,2025-06-11,23.0,2025,P048,19.927981235710728,77.14910120338544,Hingoli,normal,statewide,21.098913192749023,1,7,CHIRPS Daily v2.0,Maharashtra,CHIRPS Rainfall
2025-06-04,2025-06-11,23.0,2025,P049,21.292738163229433,76.10816865346904,Jalgaon,normal,statewide,0.0,1,7,CHIRPS Daily v2.0,Maharashtra,CHIRPS Rainfall
2025-06-04,2025-06-11,23.0,2025,P050,21.386178625804387,75.43363151891216,Jalgaon,normal,statewide,7.227226734161377,1,7,CHIRPS Daily v2.0,Maharashtra,CHIRPS Rainfall
2025-06-04,2025-06-11,23.0,2025,P051,21.112064306745907,76.10682200495089,Jalgaon,normal,statewide,4.052209854125977,1,7,CHIRPS Daily v2.0,Maharashtra,CHIRPS Rainfall
2025-06-04,2025-06-11,23.0,2025,P052,20.844437979720194,75.23982115072519,Jalgaon,normal,statewide,0.0,1,7,CHIRPS Daily v2.0,Maharashtra,CHIRPS Rainfall
2025-06-04,2025-06-11,23.0,2025,P053,19.486369703781666,76.00005328932718,Jalna,normal,statewide,17.392305374145508,1,7,CHIRPS Daily v2.0,Maharashtra,CHIRPS Rainfall
2025-06-04,2025-06-11,23.0,2025,P054,20.028502750758555,76.00343774702675,Jalna,normal,statewide,19.7894229888916,1,7,CHIRPS Daily v2.0,Maharashtra,CHIRPS Rainfall
2025-06-04,2025-06-11,23.0,2025,P055,19.75743845682064,76.00172991132328,Jalna,normal,statewide,19.31647491455078,1,7,CHIRPS Daily v2.0,Maharashtra,CHIRPS Rainfall
2025-06-04,2025-06-11,23.0,2025,P056,19.57768317515413,75.80993951591351,Jalna,normal,statewide,13.538901329040527,1,7,CHIRPS Daily v2.0,Maharashtra,CHIRPS Rainfall
2025-06-04,2025-06-11,23.0,2025,P057,16.776377793156257,74.29671235971928,Kolhapur,normal,statewide,44.66589832305908,1,7,CHIRPS Daily v2.0,Maharashtra,CHIRPS Rainfall
2025-06-04,2025-06-11,23.0,2025,P058,16.324416687682138,74.29834884980589,Kolhapur,normal,statewide,99.10848617553711,1,7,CHIRPS Daily v2.0,Maharashtra,CHIRPS Rainfall
2025-06-04,2025-06-11,23.0,2025,P059,16.595891218916975,74.39111598812178,Kolhapur,normal,statewide,54.397979736328125,1,7,CHIRPS Daily v2.0,Maharashtra,CHIRPS Rainfall
2025-06-04,2025-06-11,23.0,2025,P060,16.414811584237594,74.29802779453004,Kolhapur,normal,statewide,112.08760833740234,1,7,CHIRPS Daily v2.0,Maharashtra,CHIRPS Rainfall
2025-06-04,2025-06-11,23.0,2025,P086,21.054127206758487,79.56798961993874,Nagpur,normal,statewide,36.24348258972168,1,7,CHIRPS Daily v2.0,Maharashtra,CHIRPS Rainfall
2025-06-04,2025-06-11,23.0,2025,P087,21.146765031143822,79.47473643960802,Nagpur,normal,statewide,33.66866111755371,1,7,CHIRPS Daily v2.0,Maharashtra,CHIRPS Rainfall
2025-06-04,2025-06-11,23.0,2025,P088,21.347803602138427,78.61442869606356,Nagpur,normal,statewide,38.2195463180542,1,7,CHIRPS Daily v2.0,Maharashtra,CHIRPS Rainfall
2025-06-04,2025-06-11,23.0,2025,P089,21.165377318940912,78.70615240473293,Nagpur,normal,statewide,44.64139747619629,1,7,CHIRPS Daily v2.0,Maharashtra,CHIRPS Rainfall
2025-06-04,2025-06-11,23.0,2025,P090,19.201968238592887,77.42470040309472,Nanded,normal,statewide,41.50919246673584,1,7,CHIRPS Daily v2.0,Maharashtra,CHIRPS Rainfall
2025-06-04,2025-06-11,23.0,2025,P091,18.566038000956755,77.69963965584807,Nanded,normal,statewide,30.394185066223145,1,7,CHIRPS Daily v2.0,Maharashtra,CHIRPS Rainfall
2025-06-04,2025-06-11,23.0,2025,P092,19.736596618496833,77.90946265591798,Nanded,normal,statewide,31.5801420211792,1,7,CHIRPS Daily v2.0,Maharashtra,CHIRPS Rainfall
2025-06-04,2025-06-11,23.0,2025,P093,18.93564842817583,77.04115528508362,Nanded,normal,statewide,30.30701732635498,1,7,CHIRPS Daily v2.0,Maharashtra,CHIRPS Rainfall
2025-06-04,2025-06-11,23.0,2025,P094,21.564917232430716,74.08292967791392,Nandurbar,normal,statewide,0.0,1,7,CHIRPS Daily v2.0,Maharashtra,CHIRPS Rainfall
2025-06-04,2025-06-11,23.0,2025,P095,21.5662594218478,74.37266422796263,Nandurbar,normal,statewide,8.111804962158203,1,7,CHIRPS Daily v2.0,Maharashtra,CHIRPS Rainfall
2025-06-04,2025-06-11,23.0,2025,P096,21.385179787168415,74.27697637845674,Nandurbar,normal,statewide,6.517505645751953,1,7,CHIRPS Daily v2.0,Maharashtra,CHIRPS Rainfall
2025-06-04,2025-06-11,23.0,2025,P097,21.565421110849755,74.17950488852946,Nandurbar,normal,statewide,0.0,1,7,CHIRPS Daily v2.0,Maharashtra,CHIRPS Rainfall
2025-06-04,2025-06-11,23.0,2025,P098,20.299553667393326,73.99482675929994,Nashik,normal,statewide,28.31964683532715,1,7,CHIRPS Daily v2.0,Maharashtra,CHIRPS Rainfall
2025-06-04,2025-06-11,23.0,2025,P099,20.120253214034264,74.28296495117151,Nashik,normal,statewide,23.9584379196167,1,7,CHIRPS Daily v2.0,Maharashtra,CHIRPS Rainfall
2025-06-04,2025-06-11,23.0,2025,P100,20.389903972938242,73.99424261706194,Nashik,normal,statewide,36.26508045196533,1,7,CHIRPS Daily v2.0,Maharashtra,CHIRPS Rainfall
2025-06-04,2025-06-11,23.0,2025,P101,20.029015547379707,74.09216447619562,Nashik,normal,statewide,31.111711502075195,1,7,CHIRPS Daily v2.0,Maharashtra,CHIRPS Rainfall
2025-06-04,2025-06-11,23.0,2025,P102,17.85749130266526,76.36802722645965,Osmanabad,normal,statewide,31.49002742767334,1,7,CHIRPS Daily v2.0,Maharashtra,CHIRPS Rainfall
2025-06-04,2025-06-11,23.0,2025,P103,17.76644983645705,76.46164605307673,Osmanabad,normal,statewide,34.91470527648926,1,7,CHIRPS Daily v2.0,Maharashtra,CHIRPS Rainfall
2025-06-04,2025-06-11,23.0,2025,P104,17.949094615606196,76.17989775301476,Osmanabad,normal,statewide,32.91393232345581,1,7,CHIRPS Daily v2.0,Maharashtra,CHIRPS Rainfall
2025-06-04,2025-06-11,23.0,2025,P105,18.584360447185368,75.61558067829696,Osmanabad,normal,statewide,24.6022310256958,1,7,CHIRPS Daily v2.0,Maharashtra,CHIRPS Rainfall
2025-06-04,2025-06-11,23.0,2025,P106,19.031389786894366,76.47235681380711,Parbhani,normal,statewide,24.409329891204834,1,7,CHIRPS Daily v2.0,Maharashtra,CHIRPS Rainfall
2025-06-04,2025-06-11,23.0,2025,P107,19.120950831552832,76.56820519095093,Parbhani,normal,statewide,25.371582984924316,1,7,CHIRPS Daily v2.0,Maharashtra,CHIRPS Rainfall
2025-06-04,2025-06-11,23.0,2025,P108,19.208625676465683,76.85432786914635,Parbhani,normal,statewide,30.281055450439453,1,7,CHIRPS Daily v2.0,Maharashtra,CHIRPS Rainfall
2025-06-04,2025-06-11,23.0,2025,P109,19.212081479782103,76.47396209018636,Parbhani,normal,statewide,23.78784942626953,1,7,CHIRPS Daily v2.0,Maharashtra,CHIRPS Rainfall
2025-06-04,2025-06-11,23.0,2025,P110,18.133442771357757,75.04679558432363,Pune,normal,statewide,25.4685115814209,1,7,CHIRPS Daily v2.0,Maharashtra,CHIRPS Rainfall
2025-06-04,2025-06-11,23.0,2025,P111,18.584645829652782,74.47919215212944,Pune,normal,statewide,13.579318046569824,1,7,CHIRPS Daily v2.0,Maharashtra,CHIRPS Rainfall
2025-06-04,2025-06-11,23.0,2025,P112,18.132979024848197,74.57507620208169,Pune,normal,statewide,28.555907249450684,1,7,CHIRPS Daily v2.0,Maharashtra,CHIRPS Rainfall
2025-06-04,2025-06-11,23.0,2025,P113,18.314072036830744,74.76389683618987,Pune,normal,statewide,20.761119842529297,1,7,CHIRPS Daily v2.0,Maharashtra,CHIRPS Rainfall
2025-06-04,2025-06-11,23.0,2025,P114,18.48503397121986,73.0589238755964,Raigarh,normal,statewide,54.15784454345703,1,7,CHIRPS Daily v2.0,Maharashtra,CHIRPS Rainfall
2025-06-04,2025-06-11,23.0,2025,P115,18.665689991299164,73.05687714821288,Raigarh,normal,statewide,60.10717010498047,1,7,CHIRPS Daily v2.0,Maharashtra,CHIRPS Rainfall
2025-06-04,2025-06-11,23.0,2025,P116,18.306197264370358,73.25009891506079,Raigarh,normal,statewide,55.48926544189453,1,7,CHIRPS Daily v2.0,Maharashtra,CHIRPS Rainfall
2025-06-04,2025-06-11,23.0,2025,P117,18.21404102289879,73.06194714611064,Raigarh,normal,statewide,55.07865524291992,1,7,CHIRPS Daily v2.0,Maharashtra,CHIRPS Rainfall
2025-06-04,2025-06-11,23.0,2025,P118,17.138719885658215,75.42259970290594,Sangli,normal,statewide,23.955947875976562,1,7,CHIRPS Daily v2.0,Maharashtra,CHIRPS Rainfall
2025-06-04,2025-06-11,23.0,2025,P119,17.048761981005992,74.95348443567921,Sangli,normal,statewide,16.617900848388672,1,7,CHIRPS Daily v2.0,Maharashtra,CHIRPS Rainfall
2025-06-04,2025-06-11,23.0,2025,P120,16.86707144948229,74.39025538161847,Sangli,normal,statewide,31.886910438537598,1,7,CHIRPS Daily v2.0,Maharashtra,CHIRPS Rainfall
2025-06-04,2025-06-11,23.0,2025,P121,17.048503353144895,74.67157114887826,Sangli,normal,statewide,30.059560775756836,1,7,CHIRPS Daily v2.0,Maharashtra,CHIRPS Rainfall
2025-06-04,2025-06-11,23.0,2025,P148,17.67852974098626,76.08383979812143,Solapur,normal,statewide,43.802008628845215,1,7,CHIRPS Daily v2.0,Maharashtra,CHIRPS Rainfall
2025-06-04,2025-06-11,23.0,2025,P149,18.223365003201543,75.4251413905064,Solapur,normal,statewide,33.81195831298828,1,7,CHIRPS Daily v2.0,Maharashtra,CHIRPS Rainfall
2025-06-04,2025-06-11,23.0,2025,P150,17.952532582518405,75.23562067753285,Solapur,normal,statewide,28.92637825012207,1,7,CHIRPS Daily v2.0,Maharashtra,CHIRPS Rainfall
2025-06-04,2025-06-11,23.0,2025,P151,18.223690517578447,75.23598186471818,Solapur,normal,statewide,36.72477388381958,1,7,CHIRPS Daily v2.0,Maharashtra,CHIRPS Rainfall
2025-06-04,2025-06-11,23.0,2025,P152,19.658178867370932,72.94986318203122,Thane,normal,statewide,34.817832946777344,1,7,CHIRPS Daily v2.0,Maharashtra,CHIRPS Rainfall
2025-06-04,2025-06-11,23.0,2025,P153,19.65706409210757,72.8545320606096,Thane,normal,statewide,34.5540885925293,1,7,CHIRPS Daily v2.0,Maharashtra,CHIRPS Rainfall
2025-06-04,2025-06-11,23.0,2025,P154,19.477549601897948,72.95214624177059,Thane,normal,statewide,34.448158264160156,1,7,CHIRPS Daily v2.0,Maharashtra,CHIRPS Rainfall
2025-06-04,2025-06-11,23.0,2025,P155,19.83987385799569,73.0429959666335,Thane,normal,statewide,50.06186485290527,1,7,CHIRPS Daily v2.0,Maharashtra,CHIRPS Rainfall
2025-06-04,2025-06-11,23.0,2025,P156,20.806749657616468,78.60135461177485,Wardha,normal,statewide,45.16119194030762,1,7,CHIRPS Daily v2.0,Maharashtra,CHIRPS Rainfall
2025-06-04,2025-06-11,23.0,2025,P157,20.71031267913359,78.88671032458906,Wardha,normal,statewide,43.86505126953125,1,7,CHIRPS Daily v2.0,Maharashtra,CHIRPS Rainfall
2025-06-04,2025-06-11,23.0,2025,P158,21.081265295769754,78.41565980750515,Wardha,normal,statewide,36.7302360534668,1,7,CHIRPS Daily v2.0,Maharashtra,CHIRPS Rainfall
2025-06-04,2025-06-11,23.0,2025,P159,20.439854822938944,78.87986114537097,Wardha,normal,statewide,50.96345329284668,1,7,CHIRPS Daily v2.0,Maharashtra,CHIRPS Rainfall
2025-06-04,2025-06-11,23.0,2025,P160,20.289186257444058,77.15404188735265,Washim,normal,statewide,30.252531051635742,1,7,CHIRPS Daily v2.0,Maharashtra,CHIRPS Rainfall
2025-06-04,2025-06-11,23.0,2025,P161,20.464607292886615,77.53975858757677,Washim,normal,statewide,24.481525421142578,1,7,CHIRPS Daily v2.0,Maharashtra,CHIRPS Rainfall
2025-06-04,2025-06-11,23.0,2025,P162,20.107393166596125,77.2471479173486,Washim,normal,statewide,29.274904251098633,1,7,CHIRPS Daily v2.0,Maharashtra,CHIRPS Rainfall
2025-06-04,2025-06-11,23.0,2025,P163,20.198885002010726,77.1527933390577,Washim,normal,statewide,28.93747043609619,1,7,CHIRPS Daily v2.0,Maharashtra,CHIRPS Rainfall
2025-06-04,2025-06-11,23.0,2025,P164,20.182854533723592,78.20447678161395,Yavatmal,normal,statewide,39.405574798583984,1,7,CHIRPS Daily v2.0,Maharashtra,CHIRPS Rainfall
2025-06-04,2025-06-11,23.0,2025,P165,19.894658373538324,79.05709703494229,Yavatmal,normal,statewide,31.639872550964355,1,7,CHIRPS Daily v2.0,Maharashtra,CHIRPS Rainfall
2025-06-04,2025-06-11,23.0,2025,P166,19.468787468327925,77.71426550730338,Yavatmal,normal,statewide,43.27151107788086,1,7,CHIRPS Daily v2.0,Maharashtra,CHIRPS Rainfall
2025-06-04,2025-06-11,23.0,2025,P167,19.559057510053886,77.71577268345945,Yavatmal,normal,statewide,38.363059520721436,1,7,CHIRPS Daily v2.0,Maharashtra,CHIRPS Rainfall
2025-06-11,2025-06-18,24.0,2025,P147,17.927231643141155,73.94769852026607,Satara,case_study,case_study,193.78362774848938,1,7,CHIRPS Daily v2.0,Maharashtra,CHIRPS Rainfall
2025-06-11,2025-06-18,24.0,2025,P061,18.507855650411397,76.91766048140843,Latur,high,priority,13.182191047817469,1,7,CHIRPS Daily v2.0,Maharashtra,CHIRPS Rainfall
2025-06-11,2025-06-18,24.0,2025,P062,18.422405896924207,76.3487594508077,Latur,high,priority,19.762133598327637,1,7,CHIRPS Daily v2.0,Maharashtra,CHIRPS Rainfall
2025-06-11,2025-06-18,24.0,2025,P063,18.235391198742693,77.05646783810116,Latur,high,priority,15.013774134218693,1,7,CHIRPS Daily v2.0,Maharashtra,CHIRPS Rainfall
2025-06-11,2025-06-18,24.0,2025,P064,18.193056493341274,76.77240080549139,Latur,high,priority,17.375046379864216,1,7,CHIRPS Daily v2.0,Maharashtra,CHIRPS Rainfall
2025-06-11,2025-06-18,24.0,2025,P065,18.331355512513895,76.44266811899327,Latur,high,priority,15.924807131290436,1,7,CHIRPS Daily v2.0,Maharashtra,CHIRPS Rainfall
2025-06-11,2025-06-18,24.0,2025,P066,18.104739537876725,76.5352970251765,Latur,high,priority,20.399359511211514,1,7,CHIRPS Daily v2.0,Maharashtra,CHIRPS Rainfall
2025-06-11,2025-06-18,24.0,2025,P067,18.280552974211986,77.0569984711265,Latur,high,priority,13.925215497612953,1,7,CHIRPS Daily v2.0,Maharashtra,CHIRPS Rainfall
2025-06-11,2025-06-18,24.0,2025,P068,18.101823285787773,76.86595720469373,Latur,high,priority,15.491605296730995,1,7,CHIRPS Daily v2.0,Maharashtra,CHIRPS Rainfall
2025-06-11,2025-06-18,24.0,2025,P069,18.595075667016793,77.20284228928156,Latur,high,priority,16.83096066210419,1,7,CHIRPS Daily v2.0,Maharashtra,CHIRPS Rainfall
2025-06-11,2025-06-18,24.0,2025,P070,18.41499041187233,77.15322587185987,Latur,high,priority,13.43268421292305,1,7,CHIRPS Daily v2.0,Maharashtra,CHIRPS Rainfall
2025-06-11,2025-06-18,24.0,2025,P071,18.149138807065885,76.63019561379593,Latur,high,priority,18.804456247016788,1,7,CHIRPS Daily v2.0,Maharashtra,CHIRPS Rainfall
2025-06-11,2025-06-18,24.0,2025,P072,18.283393421583035,76.77331492120734,Latur,high,priority,16.407291889190674,1,7,CHIRPS Daily v2.0,Maharashtra,CHIRPS Rainfall
2025-06-11,2025-06-18,24.0,2025,P073,17.966315663874607,76.86453029235662,Latur,high,priority,20.740577932447195,1,7,CHIRPS Daily v2.0,Maharashtra,CHIRPS Rainfall
2025-06-11,2025-06-18,24.0,2025,P074,18.50832831512306,76.870318205524,Latur,high,priority,13.357912555336952,1,7,CHIRPS Daily v2.0,Maharashtra,CHIRPS Rainfall
2025-06-11,2025-06-18,24.0,2025,P075,18.41444640154381,77.20053247493588,Latur,high,priority,11.737479206174612,1,7,CHIRPS Daily v2.0,Maharashtra,CHIRPS Rainfall
2025-06-11,2025-06-18,24.0,2025,P076,18.377877313804504,76.25376722106614,Latur,high,priority,18.323729276657104,1,7,CHIRPS Daily v2.0,Maharashtra,CHIRPS Rainfall
2025-06-11,2025-06-18,24.0,2025,P077,18.059564385104267,76.5349046242838,Latur,high,priority,21.88094999268651,1,7,CHIRPS Daily v2.0,Maharashtra,CHIRPS Rainfall
2025-06-11,2025-06-18,24.0,2025,P078,18.1008824154655,76.96042326051098,Latur,high,priority,18.07793665677309,1,7,CHIRPS Daily v2.0,Maharashtra,CHIRPS Rainfall
2025-06-11,2025-06-18,24.0,2025,P079,18.73508698099394,76.77797468180819,Latur,high,priority,17.16212240792811,1,7,CHIRPS Daily v2.0,Maharashtra,CHIRPS Rainfall
2025-06-11,2025-06-18,24.0,2025,P080,18.46791548227568,76.3017694439065,Latur,high,priority,20.360429048538208,1,7,CHIRPS Daily v2.0,Maharashtra,CHIRPS Rainfall
2025-06-11,2025-06-18,24.0,2025,P081,18.10355787609756,76.67701617485712,Latur,high,priority,18.408254101872444,1,7,CHIRPS Daily v2.0,Maharashtra,CHIRPS Rainfall
2025-06-11,2025-06-18,24.0,2025,P082,18.23907887531389,76.67830931416262,Latur,high,priority,19.7334816288203,1,7,CHIRPS Daily v2.0,Maharashtra,CHIRPS Rainfall
2025-06-11,2025-06-18,24.0,2025,P083,18.369289085175563,77.19996171000103,Latur,high,priority,13.638061672449112,1,7,CHIRPS Daily v2.0,Maharashtra,CHIRPS Rainfall
2025-06-11,2025-06-18,24.0,2025,P084,18.46362582706226,76.82249880582684,Latur,high,priority,14.673185728490353,1,7,CHIRPS Daily v2.0,Maharashtra,CHIRPS Rainfall
2025-06-11,2025-06-18,24.0,2025,P085,18.14788579966987,76.77194597718393,Latur,high,priority,15.71035324037075,1,7,CHIRPS Daily v2.0,Maharashtra,CHIRPS Rainfall
2025-06-11,2025-06-18,24.0,2025,P122,17.88145897082753,73.8441448165019,Satara,high,priority,236.7117395401001,1,7,CHIRPS Daily v2.0,Maharashtra,CHIRPS Rainfall
2025-06-11,2025-06-18,24.0,2025,P123,17.386414030975025,74.27088970551878,Satara,high,priority,149.2366075515747,1,7,CHIRPS Daily v2.0,Maharashtra,CHIRPS Rainfall
2025-06-11,2025-06-18,24.0,2025,P124,17.43262815429294,74.647353771057,Satara,high,priority,70.49826097488403,1,7,CHIRPS Daily v2.0,Maharashtra,CHIRPS Rainfall
2025-06-11,2025-06-18,24.0,2025,P125,17.56734651531964,74.31728219287884,Satara,high,priority,115.27088642120361,1,7,CHIRPS Daily v2.0,Maharashtra,CHIRPS Rainfall
2025-06-11,2025-06-18,24.0,2025,P126,17.205080227535593,74.13053949986157,Satara,high,priority,182.099196434021,1,7,CHIRPS Daily v2.0,Maharashtra,CHIRPS Rainfall
2025-06-11,2025-06-18,24.0,2025,P127,17.65773249367299,74.31694330119876,Satara,high,priority,105.46899843215942,1,7,CHIRPS Daily v2.0,Maharashtra,CHIRPS Rainfall
2025-06-11,2025-06-18,24.0,2025,P128,18.019949731345452,74.5517328080669,Satara,high,priority,64.93610334396362,1,7,CHIRPS Daily v2.0,Maharashtra,CHIRPS Rainfall
2025-06-11,2025-06-18,24.0,2025,P129,18.063234225271252,74.03192648006461,Satara,high,priority,163.7159707546234,1,7,CHIRPS Daily v2.0,Maharashtra,CHIRPS Rainfall
2025-06-11,2025-06-18,24.0,2025,P130,17.61135784271715,74.03436560834085,Satara,high,priority,146.0124912261963,1,7,CHIRPS Daily v2.0,Maharashtra,CHIRPS Rainfall
2025-06-11,2025-06-18,24.0,2025,P131,17.612539504496315,74.3171127470388,Satara,high,priority,101.1912293434143,1,7,CHIRPS Daily v2.0,Maharashtra,CHIRPS Rainfall
2025-06-11,2025-06-18,24.0,2025,P132,17.702176353872684,74.12817617630324,Satara,high,priority,112.71397018432617,1,7,CHIRPS Daily v2.0,Maharashtra,CHIRPS Rainfall
2025-06-11,2025-06-18,24.0,2025,P133,17.25006363896275,74.08329532420031,Satara,high,priority,224.7123508453369,1,7,CHIRPS Daily v2.0,Maharashtra,CHIRPS Rainfall
2025-06-11,2025-06-18,24.0,2025,P134,17.476429903940936,74.17634784498362,Satara,high,priority,122.38969135284424,1,7,CHIRPS Daily v2.0,Maharashtra,CHIRPS Rainfall
2025-06-11,2025-06-18,24.0,2025,P135,17.882716437324603,74.0801070669471,Satara,high,priority,183.3923225402832,1,7,CHIRPS Daily v2.0,Maharashtra,CHIRPS Rainfall
2025-06-11,2025-06-18,24.0,2025,P136,17.928520323345598,74.22149178404871,Satara,high,priority,85.81900906562805,1,7,CHIRPS Daily v2.0,Maharashtra,CHIRPS Rainfall
2025-06-11,2025-06-18,24.0,2025,P137,17.746687100588183,73.98648378122894,Satara,high,priority,131.30720114707947,1,7,CHIRPS Daily v2.0,Maharashtra,CHIRPS Rainfall
2025-06-11,2025-06-18,24.0,2025,P138,17.61269557303319,74.36423652697161,Satara,high,priority,90.74889087677002,1,7,CHIRPS Daily v2.0,Maharashtra,CHIRPS Rainfall
2025-06-11,2025-06-18,24.0,2025,P139,17.656773786946495,74.08126197411994,Satara,high,priority,147.17532634735107,1,7,CHIRPS Daily v2.0,Maharashtra,CHIRPS Rainfall
2025-06-11,2025-06-18,24.0,2025,P140,17.97464080554139,74.50462240543725,Satara,high,priority,65.32896041870117,1,7,CHIRPS Daily v2.0,Maharashtra,CHIRPS Rainfall
2025-06-11,2025-06-18,24.0,2025,P141,17.430826677467348,74.08239904488856,Satara,high,priority,184.49818181991577,1,7,CHIRPS Daily v2.0,Maharashtra,CHIRPS Rainfall
2025-06-11,2025-06-18,24.0,2025,P142,18.064447100757786,74.31538707493111,Satara,high,priority,101.94889116287231,1,7,CHIRPS Daily v2.0,Maharashtra,CHIRPS Rainfall
2025-06-11,2025-06-18,24.0,2025,P143,17.70379500755509,74.6468275971327,Satara,high,priority,75.49075984954834,1,7,CHIRPS Daily v2.0,Maharashtra,CHIRPS Rainfall
2025-06-11,2025-06-18,24.0,2025,P144,17.929452275465767,74.50474726026674,Satara,high,priority,66.28224802017212,1,7,CHIRPS Daily v2.0,Maharashtra,CHIRPS Rainfall
2025-06-11,2025-06-18,24.0,2025,P145,17.47773196144854,74.60017202281048,Satara,high,priority,99.47946453094482,1,7,CHIRPS Daily v2.0,Maharashtra,CHIRPS Rainfall
2025-06-11,2025-06-18,24.0,2025,P146,17.839182233739812,74.55218763637436,Satara,high,priority,65.44367814064026,1,7,CHIRPS Daily v2.0,Maharashtra,CHIRPS Rainfall
2025-06-11,2025-06-18,24.0,2025,P001,19.940457800458272,74.57045211428928,Ahmednagar,normal,statewide,70.11881232261658,1,7,CHIRPS Daily v2.0,Maharashtra,CHIRPS Rainfall
2025-06-11,2025-06-18,24.0,2025,P002,18.946729294293643,74.76302285238339,Ahmednagar,normal,statewide,53.353845059871674,1,7,CHIRPS Daily v2.0,Maharashtra,CHIRPS Rainfall
2025-06-11,2025-06-18,24.0,2025,P003,18.49469238410162,74.66892244285252,Ahmednagar,normal,statewide,36.193551540374756,1,7,CHIRPS Daily v2.0,Maharashtra,CHIRPS Rainfall
2025-06-11,2025-06-18,24.0,2025,P004,19.03720445466806,75.1420731965326,Ahmednagar,normal,statewide,41.7754570543766,1,7,CHIRPS Daily v2.0,Maharashtra,CHIRPS Rainfall
2025-06-11,2025-06-18,24.0,2025,P005,20.832153156317954,77.06560453615967,Akola,normal,statewide,28.129301890730858,1,7,CHIRPS Daily v2.0,Maharashtra,CHIRPS Rainfall
2025-06-11,2025-06-18,24.0,2025,P006,20.834360411339407,76.87349308547405,Akola,normal,statewide,29.69223067164421,1,7,CHIRPS Daily v2.0,Maharashtra,CHIRPS Rainfall
2025-06-11,2025-06-18,24.0,2025,P007,21.014976299509232,76.87574047240498,Akola,normal,statewide,42.17981743812561,1,7,CHIRPS Daily v2.0,Maharashtra,CHIRPS Rainfall
2025-06-11,2025-06-18,24.0,2025,P008,20.828434266039377,77.35372489162701,Akola,normal,statewide,29.161709740757942,1,7,CHIRPS Daily v2.0,Maharashtra,CHIRPS Rainfall
2025-06-11,2025-06-18,24.0,2025,P009,21.360971327549258,77.94039543992572,Amravati,normal,statewide,32.78949797898531,1,7,CHIRPS Daily v2.0,Maharashtra,CHIRPS Rainfall
2025-06-11,2025-06-18,24.0,2025,P010,21.178803672212837,78.03301542790685,Amravati,normal,statewide,39.003470085561275,1,7,CHIRPS Daily v2.0,Maharashtra,CHIRPS Rainfall
2025-06-11,2025-06-18,24.0,2025,P011,20.814388097721018,78.21764450702477,Amravati,normal,statewide,29.6361136585474,1,7,CHIRPS Daily v2.0,Maharashtra,CHIRPS Rainfall
2025-06-11,2025-06-18,24.0,2025,P012,21.180502589714195,77.93681032267875,Amravati,normal,statewide,27.966726385056973,1,7,CHIRPS Daily v2.0,Maharashtra,CHIRPS Rainfall
2025-06-11,2025-06-18,24.0,2025,P013,20.031289688916964,74.8570519162974,Aurangabad,normal,statewide,91.0524862408638,1,7,CHIRPS Daily v2.0,Maharashtra,CHIRPS Rainfall
2025-06-11,2025-06-18,24.0,2025,P014,19.760185263069562,75.14270192978114,Aurangabad,normal,statewide,72.71479952335358,1,7,CHIRPS Daily v2.0,Maharashtra,CHIRPS Rainfall
2025-06-11,2025-06-18,24.0,2025,P015,19.9408189876436,74.76157364454102,Aurangabad,normal,statewide,76.03730523586273,1,7,CHIRPS Daily v2.0,Maharashtra,CHIRPS Rainfall
2025-06-11,2025-06-18,24.0,2025,P016,19.66981712112043,75.14262166596218,Aurangabad,normal,statewide,55.57947289943695,1,7,CHIRPS Daily v2.0,Maharashtra,CHIRPS Rainfall
2025-06-11,2025-06-18,24.0,2025,P017,21.04613203856966,79.85576216552393,Bhandara,normal,statewide,18.69171179831028,1,7,CHIRPS Daily v2.0,Maharashtra,CHIRPS Rainfall
2025-06-11,2025-06-18,24.0,2025,P018,21.31897105472685,79.76852877161537,Bhandara,normal,statewide,17.83122619893402,1,7,CHIRPS Daily v2.0,Maharashtra,CHIRPS Rainfall
2025-06-11,2025-06-18,24.0,2025,P019,21.40900922319803,79.77144948280537,Bhandara,normal,statewide,20.814193536527455,1,7,CHIRPS Daily v2.0,Maharashtra,CHIRPS Rainfall
2025-06-11,2025-06-18,24.0,2025,P020,21.144196588937042,79.57074980349083,Bhandara,normal,statewide,17.807579062879086,1,7,CHIRPS Daily v2.0,Maharashtra,CHIRPS Rainfall
2025-06-11,2025-06-18,24.0,2025,P021,18.67502288980403,75.52108340877234,Bid,normal,statewide,25.203845590353012,1,7,CHIRPS Daily v2.0,Maharashtra,CHIRPS Rainfall
2025-06-11,2025-06-18,24.0,2025,P022,18.856499384477168,75.04699178476999,Bid,normal,statewide,32.94987678527832,1,7,CHIRPS Daily v2.0,Maharashtra,CHIRPS Rainfall
2025-06-11,2025-06-18,24.0,2025,P023,19.126596053486494,75.6175605191647,Bid,normal,statewide,40.95304115116596,1,7,CHIRPS Daily v2.0,Maharashtra,CHIRPS Rainfall
2025-06-11,2025-06-18,24.0,2025,P024,18.763955201213946,75.90084720909012,Bid,normal,statewide,23.722476363182068,1,7,CHIRPS Daily v2.0,Maharashtra,CHIRPS Rainfall
2025-06-11,2025-06-18,24.0,2025,P025,20.93073496240753,76.20164478885242,Buldana,normal,statewide,64.52569951862097,1,7,CHIRPS Daily v2.0,Maharashtra,CHIRPS Rainfall
2025-06-11,2025-06-18,24.0,2025,P026,20.838939908121294,76.39311412898633,Buldana,normal,statewide,44.544521294534206,1,7,CHIRPS Daily v2.0,Maharashtra,CHIRPS Rainfall
2025-06-11,2025-06-18,24.0,2025,P027,20.657476790751314,76.48742857536776,Buldana,normal,statewide,29.220499247312546,1,7,CHIRPS Daily v2.0,Maharashtra,CHIRPS Rainfall
2025-06-11,2025-06-18,24.0,2025,P028,20.47967013624516,76.10222021266374,Buldana,normal,statewide,44.380767434835434,1,7,CHIRPS Daily v2.0,Maharashtra,CHIRPS Rainfall
2025-06-11,2025-06-18,24.0,2025,P029,20.32317798477448,79.92829390325927,Chandrapur,normal,statewide,16.54111882019788,1,7,CHIRPS Daily v2.0,Maharashtra,CHIRPS Rainfall
2025-06-11,2025-06-18,24.0,2025,P030,20.60872097983294,79.36304041732026,Chandrapur,normal,statewide,16.595946945250034,1,7,CHIRPS Daily v2.0,Maharashtra,CHIRPS Rainfall
2025-06-11,2025-06-18,24.0,2025,P031,20.511160307884595,79.64732594588165,Chandrapur,normal,statewide,12.555963078513741,1,7,CHIRPS Daily v2.0,Maharashtra,CHIRPS Rainfall
2025-06-11,2025-06-18,24.0,2025,P032,20.598621115946884,79.74569817422172,Chandrapur,normal,statewide,13.363896083086729,1,7,CHIRPS Daily v2.0,Maharashtra,CHIRPS Rainfall
2025-06-11,2025-06-18,24.0,2025,P033,21.38667804512237,75.14422248324037,Dhule,normal,statewide,71.03218913823366,1,7,CHIRPS Daily v2.0,Maharashtra,CHIRPS Rainfall
2025-06-11,2025-06-18,24.0,2025,P034,21.025151968113196,74.75989256344387,Dhule,normal,statewide,53.35184210538864,1,7,CHIRPS Daily v2.0,Maharashtra,CHIRPS Rainfall
2025-06-11,2025-06-18,24.0,2025,P035,21.477028350667293,74.85568743137505,Dhule,normal,statewide,68.5595748485066,1,7,CHIRPS Daily v2.0,Maharashtra,CHIRPS Rainfall
2025-06-11,2025-06-18,24.0,2025,P036,20.933820660336515,74.37533522949364,Dhule,normal,statewide,75.4363114386797,1,7,CHIRPS Daily v2.0,Maharashtra,CHIRPS Rainfall
2025-06-11,2025-06-18,24.0,2025,P037,19.963056524597132,79.91698116388667,Garhchiroli,normal,statewide,15.786623578169383,1,7,CHIRPS Daily v2.0,Maharashtra,CHIRPS Rainfall
2025-06-11,2025-06-18,24.0,2025,P038,19.062661462582188,79.88977172925856,Garhchiroli,normal,statewide,19.504251927137375,1,7,CHIRPS Daily v2.0,Maharashtra,CHIRPS Rainfall
2025-06-11,2025-06-18,24.0,2025,P039,19.510270485428137,79.9981368030594,Garhchiroli,normal,statewide,26.888623744249344,1,7,CHIRPS Daily v2.0,Maharashtra,CHIRPS Rainfall
2025-06-11,2025-06-18,24.0,2025,P040,19.870365190999156,80.00935144220881,Garhchiroli,normal,statewide,13.414421498775482,1,7,CHIRPS Daily v2.0,Maharashtra,CHIRPS Rainfall
2025-06-11,2025-06-18,24.0,2025,P041,21.127639946725598,80.1465044724107,Gondiya,normal,statewide,19.458911488763988,1,7,CHIRPS Daily v2.0,Maharashtra,CHIRPS Rainfall
2025-06-11,2025-06-18,24.0,2025,P042,21.397598383602258,80.15591763473452,Gondiya,normal,statewide,14.547524077119306,1,7,CHIRPS Daily v2.0,Maharashtra,CHIRPS Rainfall
2025-06-11,2025-06-18,24.0,2025,P043,21.574548890706154,80.25847249986273,Gondiya,normal,statewide,12.94276721492679,1,7,CHIRPS Daily v2.0,Maharashtra,CHIRPS Rainfall
2025-06-11,2025-06-18,24.0,2025,P044,21.211649410572516,80.34153217518526,Gondiya,normal,statewide,16.45265692472458,1,7,CHIRPS Daily v2.0,Maharashtra,CHIRPS Rainfall
2025-06-11,2025-06-18,24.0,2025,P045,19.655900266732623,77.2407892392464,Hingoli,normal,statewide,29.116019248962402,1,7,CHIRPS Daily v2.0,Maharashtra,CHIRPS Rainfall
2025-06-11,2025-06-18,24.0,2025,P046,19.566758377573187,77.1442675378435,Hingoli,normal,statewide,23.011373221874237,1,7,CHIRPS Daily v2.0,Maharashtra,CHIRPS Rainfall
2025-06-11,2025-06-18,24.0,2025,P047,19.47860194974656,76.9526242927685,Hingoli,normal,statewide,26.231030702590942,1,7,CHIRPS Daily v2.0,Maharashtra,CHIRPS Rainfall
2025-06-11,2025-06-18,24.0,2025,P048,19.927981235710728,77.14910120338544,Hingoli,normal,statewide,30.805185794830322,1,7,CHIRPS Daily v2.0,Maharashtra,CHIRPS Rainfall
2025-06-11,2025-06-18,24.0,2025,P049,21.292738163229433,76.10816865346904,Jalgaon,normal,statewide,73.98657112568617,1,7,CHIRPS Daily v2.0,Maharashtra,CHIRPS Rainfall
2025-06-11,2025-06-18,24.0,2025,P050,21.386178625804387,75.43363151891216,Jalgaon,normal,statewide,85.88687309622765,1,7,CHIRPS Daily v2.0,Maharashtra,CHIRPS Rainfall
2025-06-11,2025-06-18,24.0,2025,P051,21.112064306745907,76.10682200495089,Jalgaon,normal,statewide,71.53119157254696,1,7,CHIRPS Daily v2.0,Maharashtra,CHIRPS Rainfall
2025-06-11,2025-06-18,24.0,2025,P052,20.844437979720194,75.23982115072519,Jalgaon,normal,statewide,88.38032567501068,1,7,CHIRPS Daily v2.0,Maharashtra,CHIRPS Rainfall
2025-06-11,2025-06-18,24.0,2025,P053,19.486369703781666,76.00005328932718,Jalna,normal,statewide,35.3341482244432,1,7,CHIRPS Daily v2.0,Maharashtra,CHIRPS Rainfall
2025-06-11,2025-06-18,24.0,2025,P054,20.028502750758555,76.00343774702675,Jalna,normal,statewide,56.61913204193115,1,7,CHIRPS Daily v2.0,Maharashtra,CHIRPS Rainfall
2025-06-11,2025-06-18,24.0,2025,P055,19.75743845682064,76.00172991132328,Jalna,normal,statewide,42.67776668071747,1,7,CHIRPS Daily v2.0,Maharashtra,CHIRPS Rainfall
2025-06-11,2025-06-18,24.0,2025,P056,19.57768317515413,75.80993951591351,Jalna,normal,statewide,33.957860335707664,1,7,CHIRPS Daily v2.0,Maharashtra,CHIRPS Rainfall
2025-06-11,2025-06-18,24.0,2025,P057,16.776377793156257,74.29671235971928,Kolhapur,normal,statewide,104.74999809265137,1,7,CHIRPS Daily v2.0,Maharashtra,CHIRPS Rainfall
2025-06-11,2025-06-18,24.0,2025,P058,16.324416687682138,74.29834884980589,Kolhapur,normal,statewide,204.5805835723877,1,7,CHIRPS Daily v2.0,Maharashtra,CHIRPS Rainfall
2025-06-11,2025-06-18,24.0,2025,P059,16.595891218916975,74.39111598812178,Kolhapur,normal,statewide,83.31716585159302,1,7,CHIRPS Daily v2.0,Maharashtra,CHIRPS Rainfall
2025-06-11,2025-06-18,24.0,2025,P060,16.414811584237594,74.29802779453004,Kolhapur,normal,statewide,150.4723653793335,1,7,CHIRPS Daily v2.0,Maharashtra,CHIRPS Rainfall
2025-06-11,2025-06-18,24.0,2025,P086,21.054127206758487,79.56798961993874,Nagpur,normal,statewide,16.671235779300332,1,7,CHIRPS Daily v2.0,Maharashtra,CHIRPS Rainfall
2025-06-11,2025-06-18,24.0,2025,P087,21.146765031143822,79.47473643960802,Nagpur,normal,statewide,18.22944611683488,1,7,CHIRPS Daily v2.0,Maharashtra,CHIRPS Rainfall
2025-06-11,2025-06-18,24.0,2025,P088,21.347803602138427,78.61442869606356,Nagpur,normal,statewide,21.866388496011496,1,7,CHIRPS Daily v2.0,Maharashtra,CHIRPS Rainfall
2025-06-11,2025-06-18,24.0,2025,P089,21.165377318940912,78.70615240473293,Nagpur,normal,statewide,19.796222873032093,1,7,CHIRPS Daily v2.0,Maharashtra,CHIRPS Rainfall
2025-06-11,2025-06-18,24.0,2025,P090,19.201968238592887,77.42470040309472,Nanded,normal,statewide,36.36244225502014,1,7,CHIRPS Daily v2.0,Maharashtra,CHIRPS Rainfall
2025-06-11,2025-06-18,24.0,2025,P091,18.566038000956755,77.69963965584807,Nanded,normal,statewide,16.377397537231445,1,7,CHIRPS Daily v2.0,Maharashtra,CHIRPS Rainfall
2025-06-11,2025-06-18,24.0,2025,P092,19.736596618496833,77.90946265591798,Nanded,normal,statewide,43.018176317214966,1,7,CHIRPS Daily v2.0,Maharashtra,CHIRPS Rainfall
2025-06-11,2025-06-18,24.0,2025,P093,18.93564842817583,77.04115528508362,Nanded,normal,statewide,24.140192722901702,1,7,CHIRPS Daily v2.0,Maharashtra,CHIRPS Rainfall
2025-06-11,2025-06-18,24.0,2025,P094,21.564917232430716,74.08292967791392,Nandurbar,normal,statewide,74.64277273789048,1,7,CHIRPS Daily v2.0,Maharashtra,CHIRPS Rainfall
2025-06-11,2025-06-18,24.0,2025,P095,21.5662594218478,74.37266422796263,Nandurbar,normal,statewide,76.85542252659798,1,7,CHIRPS Daily v2.0,Maharashtra,CHIRPS Rainfall
2025-06-11,2025-06-18,24.0,2025,P096,21.385179787168415,74.27697637845674,Nandurbar,normal,statewide,71.20994988828897,1,7,CHIRPS Daily v2.0,Maharashtra,CHIRPS Rainfall
2025-06-11,2025-06-18,24.0,2025,P097,21.565421110849755,74.17950488852946,Nandurbar,normal,statewide,71.34276856854558,1,7,CHIRPS Daily v2.0,Maharashtra,CHIRPS Rainfall
2025-06-11,2025-06-18,24.0,2025,P098,20.299553667393326,73.99482675929994,Nashik,normal,statewide,89.20851755142212,1,7,CHIRPS Daily v2.0,Maharashtra,CHIRPS Rainfall
2025-06-11,2025-06-18,24.0,2025,P099,20.120253214034264,74.28296495117151,Nashik,normal,statewide,87.80459117889404,1,7,CHIRPS Daily v2.0,Maharashtra,CHIRPS Rainfall
2025-06-11,2025-06-18,24.0,2025,P100,20.389903972938242,73.99424261706194,Nashik,normal,statewide,80.80080556869507,1,7,CHIRPS Daily v2.0,Maharashtra,CHIRPS Rainfall
2025-06-11,2025-06-18,24.0,2025,P101,20.029015547379707,74.09216447619562,Nashik,normal,statewide,103.67383623123169,1,7,CHIRPS Daily v2.0,Maharashtra,CHIRPS Rainfall
2025-06-11,2025-06-18,24.0,2025,P102,17.85749130266526,76.36802722645965,Osmanabad,normal,statewide,21.66201911121607,1,7,CHIRPS Daily v2.0,Maharashtra,CHIRPS Rainfall
2025-06-11,2025-06-18,24.0,2025,P103,17.76644983645705,76.46164605307673,Osmanabad,normal,statewide,24.073669478297234,1,7,CHIRPS Daily v2.0,Maharashtra,CHIRPS Rainfall
2025-06-11,2025-06-18,24.0,2025,P104,17.949094615606196,76.17989775301476,Osmanabad,normal,statewide,21.782671347260475,1,7,CHIRPS Daily v2.0,Maharashtra,CHIRPS Rainfall
2025-06-11,2025-06-18,24.0,2025,P105,18.584360447185368,75.61558067829696,Osmanabad,normal,statewide,22.789294853806496,1,7,CHIRPS Daily v2.0,Maharashtra,CHIRPS Rainfall
2025-06-11,2025-06-18,24.0,2025,P106,19.031389786894366,76.47235681380711,Parbhani,normal,statewide,18.618013322353363,1,7,CHIRPS Daily v2.0,Maharashtra,CHIRPS Rainfall
2025-06-11,2025-06-18,24.0,2025,P107,19.120950831552832,76.56820519095093,Parbhani,normal,statewide,24.802578568458557,1,7,CHIRPS Daily v2.0,Maharashtra,CHIRPS Rainfall
2025-06-11,2025-06-18,24.0,2025,P108,19.208625676465683,76.85432786914635,Parbhani,normal,statewide,26.275220349431038,1,7,CHIRPS Daily v2.0,Maharashtra,CHIRPS Rainfall
2025-06-11,2025-06-18,24.0,2025,P109,19.212081479782103,76.47396209018636,Parbhani,normal,statewide,30.385995149612427,1,7,CHIRPS Daily v2.0,Maharashtra,CHIRPS Rainfall
2025-06-11,2025-06-18,24.0,2025,P110,18.133442771357757,75.04679558432363,Pune,normal,statewide,30.955172777175903,1,7,CHIRPS Daily v2.0,Maharashtra,CHIRPS Rainfall
2025-06-11,2025-06-18,24.0,2025,P111,18.584645829652782,74.47919215212944,Pune,normal,statewide,51.988887667655945,1,7,CHIRPS Daily v2.0,Maharashtra,CHIRPS Rainfall
2025-06-11,2025-06-18,24.0,2025,P112,18.132979024848197,74.57507620208169,Pune,normal,statewide,62.767590284347534,1,7,CHIRPS Daily v2.0,Maharashtra,CHIRPS Rainfall
2025-06-11,2025-06-18,24.0,2025,P113,18.314072036830744,74.76389683618987,Pune,normal,statewide,37.79097354412079,1,7,CHIRPS Daily v2.0,Maharashtra,CHIRPS Rainfall
2025-06-11,2025-06-18,24.0,2025,P114,18.48503397121986,73.0589238755964,Raigarh,normal,statewide,305.1789472103119,1,7,CHIRPS Daily v2.0,Maharashtra,CHIRPS Rainfall
2025-06-11,2025-06-18,24.0,2025,P115,18.665689991299164,73.05687714821288,Raigarh,normal,statewide,286.0320498943329,1,7,CHIRPS Daily v2.0,Maharashtra,CHIRPS Rainfall
2025-06-11,2025-06-18,24.0,2025,P116,18.306197264370358,73.25009891506079,Raigarh,normal,statewide,290.8772690296173,1,7,CHIRPS Daily v2.0,Maharashtra,CHIRPS Rainfall
2025-06-11,2025-06-18,24.0,2025,P117,18.21404102289879,73.06194714611064,Raigarh,normal,statewide,368.204740524292,1,7,CHIRPS Daily v2.0,Maharashtra,CHIRPS Rainfall
2025-06-11,2025-06-18,24.0,2025,P118,17.138719885658215,75.42259970290594,Sangli,normal,statewide,24.334922403097153,1,7,CHIRPS Daily v2.0,Maharashtra,CHIRPS Rainfall
2025-06-11,2025-06-18,24.0,2025,P119,17.048761981005992,74.95348443567921,Sangli,normal,statewide,16.206525921821594,1,7,CHIRPS Daily v2.0,Maharashtra,CHIRPS Rainfall
2025-06-11,2025-06-18,24.0,2025,P120,16.86707144948229,74.39025538161847,Sangli,normal,statewide,76.21202421188354,1,7,CHIRPS Daily v2.0,Maharashtra,CHIRPS Rainfall
2025-06-11,2025-06-18,24.0,2025,P121,17.048503353144895,74.67157114887826,Sangli,normal,statewide,48.686213970184326,1,7,CHIRPS Daily v2.0,Maharashtra,CHIRPS Rainfall
2025-06-11,2025-06-18,24.0,2025,P148,17.67852974098626,76.08383979812143,Solapur,normal,statewide,32.108239110559225,1,7,CHIRPS Daily v2.0,Maharashtra,CHIRPS Rainfall
2025-06-11,2025-06-18,24.0,2025,P149,18.223365003201543,75.4251413905064,Solapur,normal,statewide,40.001773834228516,1,7,CHIRPS Daily v2.0,Maharashtra,CHIRPS Rainfall
2025-06-11,2025-06-18,24.0,2025,P150,17.952532582518405,75.23562067753285,Solapur,normal,statewide,39.310885050334036,1,7,CHIRPS Daily v2.0,Maharashtra,CHIRPS Rainfall
2025-06-11,2025-06-18,24.0,2025,P151,18.223690517578447,75.23598186471818,Solapur,normal,statewide,42.51031167805195,1,7,CHIRPS Daily v2.0,Maharashtra,CHIRPS Rainfall
2025-06-11,2025-06-18,24.0,2025,P152,19.658178867370932,72.94986318203122,Thane,normal,statewide,185.84224915504456,1,7,CHIRPS Daily v2.0,Maharashtra,CHIRPS Rainfall
2025-06-11,2025-06-18,24.0,2025,P153,19.65706409210757,72.8545320606096,Thane,normal,statewide,188.8615939617157,1,7,CHIRPS Daily v2.0,Maharashtra,CHIRPS Rainfall
2025-06-11,2025-06-18,24.0,2025,P154,19.477549601897948,72.95214624177059,Thane,normal,statewide,195.93739342689514,1,7,CHIRPS Daily v2.0,Maharashtra,CHIRPS Rainfall
2025-06-11,2025-06-18,24.0,2025,P155,19.83987385799569,73.0429959666335,Thane,normal,statewide,203.91101932525635,1,7,CHIRPS Daily v2.0,Maharashtra,CHIRPS Rainfall
2025-06-11,2025-06-18,24.0,2025,P156,20.806749657616468,78.60135461177485,Wardha,normal,statewide,16.521581821143627,1,7,CHIRPS Daily v2.0,Maharashtra,CHIRPS Rainfall
2025-06-11,2025-06-18,24.0,2025,P157,20.71031267913359,78.88671032458906,Wardha,normal,statewide,27.7998768389225,1,7,CHIRPS Daily v2.0,Maharashtra,CHIRPS Rainfall
2025-06-11,2025-06-18,24.0,2025,P158,21.081265295769754,78.41565980750515,Wardha,normal,statewide,16.307711116969585,1,7,CHIRPS Daily v2.0,Maharashtra,CHIRPS Rainfall
2025-06-11,2025-06-18,24.0,2025,P159,20.439854822938944,78.87986114537097,Wardha,normal,statewide,16.95082627981901,1,7,CHIRPS Daily v2.0,Maharashtra,CHIRPS Rainfall
2025-06-11,2025-06-18,24.0,2025,P160,20.289186257444058,77.15404188735265,Washim,normal,statewide,29.082664251327515,1,7,CHIRPS Daily v2.0,Maharashtra,CHIRPS Rainfall
2025-06-11,2025-06-18,24.0,2025,P161,20.464607292886615,77.53975858757677,Washim,normal,statewide,23.436376303434372,1,7,CHIRPS Daily v2.0,Maharashtra,CHIRPS Rainfall
2025-06-11,2025-06-18,24.0,2025,P162,20.107393166596125,77.2471479173486,Washim,normal,statewide,40.05624961853027,1,7,CHIRPS Daily v2.0,Maharashtra,CHIRPS Rainfall
2025-06-11,2025-06-18,24.0,2025,P163,20.198885002010726,77.1527933390577,Washim,normal,statewide,35.74309378862381,1,7,CHIRPS Daily v2.0,Maharashtra,CHIRPS Rainfall
2025-06-11,2025-06-18,24.0,2025,P164,20.182854533723592,78.20447678161395,Yavatmal,normal,statewide,20.06326998770237,1,7,CHIRPS Daily v2.0,Maharashtra,CHIRPS Rainfall
2025-06-11,2025-06-18,24.0,2025,P165,19.894658373538324,79.05709703494229,Yavatmal,normal,statewide,29.427046112716198,1,7,CHIRPS Daily v2.0,Maharashtra,CHIRPS Rainfall
2025-06-11,2025-06-18,24.0,2025,P166,19.468787468327925,77.71426550730338,Yavatmal,normal,statewide,54.56895039230585,1,7,CHIRPS Daily v2.0,Maharashtra,CHIRPS Rainfall
2025-06-11,2025-06-18,24.0,2025,P167,19.559057510053886,77.71577268345945,Yavatmal,normal,statewide,48.95084583759308,1,7,CHIRPS Daily v2.0,Maharashtra,CHIRPS Rainfall
2025-06-18,2025-06-25,25.0,2025,P147,17.927231643141155,73.94769852026607,Satara,case_study,case_study,18.52334213256836,1,7,CHIRPS Daily v2.0,Maharashtra,CHIRPS Rainfall
2025-06-18,2025-06-25,25.0,2025,P061,18.507855650411397,76.91766048140843,Latur,high,priority,0.0,1,7,CHIRPS Daily v2.0,Maharashtra,CHIRPS Rainfall
2025-06-18,2025-06-25,25.0,2025,P062,18.422405896924207,76.3487594508077,Latur,high,priority,0.0,1,7,CHIRPS Daily v2.0,Maharashtra,CHIRPS Rainfall
2025-06-18,2025-06-25,25.0,2025,P063,18.235391198742693,77.05646783810116,Latur,high,priority,5.739276885986328,1,7,CHIRPS Daily v2.0,Maharashtra,CHIRPS Rainfall
2025-06-18,2025-06-25,25.0,2025,P064,18.193056493341274,76.77240080549139,Latur,high,priority,5.427837371826172,1,7,CHIRPS Daily v2.0,Maharashtra,CHIRPS Rainfall
2025-06-18,2025-06-25,25.0,2025,P065,18.331355512513895,76.44266811899327,Latur,high,priority,0.0,1,7,CHIRPS Daily v2.0,Maharashtra,CHIRPS Rainfall
2025-06-18,2025-06-25,25.0,2025,P066,18.104739537876725,76.5352970251765,Latur,high,priority,8.43765640258789,1,7,CHIRPS Daily v2.0,Maharashtra,CHIRPS Rainfall
2025-06-18,2025-06-25,25.0,2025,P067,18.280552974211986,77.0569984711265,Latur,high,priority,5.758800029754639,1,7,CHIRPS Daily v2.0,Maharashtra,CHIRPS Rainfall
2025-06-18,2025-06-25,25.0,2025,P068,18.101823285787773,76.86595720469373,Latur,high,priority,3.341949224472046,1,7,CHIRPS Daily v2.0,Maharashtra,CHIRPS Rainfall
2025-06-18,2025-06-25,25.0,2025,P069,18.595075667016793,77.20284228928156,Latur,high,priority,10.924186706542969,1,7,CHIRPS Daily v2.0,Maharashtra,CHIRPS Rainfall
2025-06-18,2025-06-25,25.0,2025,P070,18.41499041187233,77.15322587185987,Latur,high,priority,6.620713710784912,1,7,CHIRPS Daily v2.0,Maharashtra,CHIRPS Rainfall
2025-06-18,2025-06-25,25.0,2025,P071,18.149138807065885,76.63019561379593,Latur,high,priority,5.591886520385742,1,7,CHIRPS Daily v2.0,Maharashtra,CHIRPS Rainfall
2025-06-18,2025-06-25,25.0,2025,P072,18.283393421583035,76.77331492120734,Latur,high,priority,5.765329837799072,1,7,CHIRPS Daily v2.0,Maharashtra,CHIRPS Rainfall
2025-06-18,2025-06-25,25.0,2025,P073,17.966315663874607,76.86453029235662,Latur,high,priority,0.0,1,7,CHIRPS Daily v2.0,Maharashtra,CHIRPS Rainfall
2025-06-18,2025-06-25,25.0,2025,P074,18.50832831512306,76.870318205524,Latur,high,priority,0.0,1,7,CHIRPS Daily v2.0,Maharashtra,CHIRPS Rainfall
2025-06-18,2025-06-25,25.0,2025,P075,18.41444640154381,77.20053247493588,Latur,high,priority,16.561612129211426,1,7,CHIRPS Daily v2.0,Maharashtra,CHIRPS Rainfall
2025-06-18,2025-06-25,25.0,2025,P076,18.377877313804504,76.25376722106614,Latur,high,priority,0.0,1,7,CHIRPS Daily v2.0,Maharashtra,CHIRPS Rainfall
2025-06-18,2025-06-25,25.0,2025,P077,18.059564385104267,76.5349046242838,Latur,high,priority,0.0,1,7,CHIRPS Daily v2.0,Maharashtra,CHIRPS Rainfall
2025-06-18,2025-06-25,25.0,2025,P078,18.1008824154655,76.96042326051098,Latur,high,priority,4.805599689483643,1,7,CHIRPS Daily v2.0,Maharashtra,CHIRPS Rainfall
2025-06-18,2025-06-25,25.0,2025,P079,18.73508698099394,76.77797468180819,Latur,high,priority,0.0,1,7,CHIRPS Daily v2.0,Maharashtra,CHIRPS Rainfall
2025-06-18,2025-06-25,25.0,2025,P080,18.46791548227568,76.3017694439065,Latur,high,priority,0.0,1,7,CHIRPS Daily v2.0,Maharashtra,CHIRPS Rainfall
2025-06-18,2025-06-25,25.0,2025,P081,18.10355787609756,76.67701617485712,Latur,high,priority,5.130760669708252,1,7,CHIRPS Daily v2.0,Maharashtra,CHIRPS Rainfall
2025-06-18,2025-06-25,25.0,2025,P082,18.23907887531389,76.67830931416262,Latur,high,priority,6.6576666831970215,1,7,CHIRPS Daily v2.0,Maharashtra,CHIRPS Rainfall
2025-06-18,2025-06-25,25.0,2025,P083,18.369289085175563,77.19996171000103,Latur,high,priority,4.856158256530762,1,7,CHIRPS Daily v2.0,Maharashtra,CHIRPS Rainfall
2025-06-18,2025-06-25,25.0,2025,P084,18.46362582706226,76.82249880582684,Latur,high,priority,4.095875263214111,1,7,CHIRPS Daily v2.0,Maharashtra,CHIRPS Rainfall
2025-06-18,2025-06-25,25.0,2025,P085,18.14788579966987,76.77194597718393,Latur,high,priority,4.793974876403809,1,7,CHIRPS Daily v2.0,Maharashtra,CHIRPS Rainfall
2025-06-18,2025-06-25,25.0,2025,P122,17.88145897082753,73.8441448165019,Satara,high,priority,53.9943962097168,1,7,CHIRPS Daily v2.0,Maharashtra,CHIRPS Rainfall
2025-06-18,2025-06-25,25.0,2025,P123,17.386414030975025,74.27088970551878,Satara,high,priority,0.0,1,7,CHIRPS Daily v2.0,Maharashtra,CHIRPS Rainfall
2025-06-18,2025-06-25,25.0,2025,P124,17.43262815429294,74.647353771057,Satara,high,priority,0.0,1,7,CHIRPS Daily v2.0,Maharashtra,CHIRPS Rainfall
2025-06-18,2025-06-25,25.0,2025,P125,17.56734651531964,74.31728219287884,Satara,high,priority,0.0,1,7,CHIRPS Daily v2.0,Maharashtra,CHIRPS Rainfall
2025-06-18,2025-06-25,25.0,2025,P126,17.205080227535593,74.13053949986157,Satara,high,priority,12.061028480529785,1,7,CHIRPS Daily v2.0,Maharashtra,CHIRPS Rainfall
2025-06-18,2025-06-25,25.0,2025,P127,17.65773249367299,74.31694330119876,Satara,high,priority,0.0,1,7,CHIRPS Daily v2.0,Maharashtra,CHIRPS Rainfall
2025-06-18,2025-06-25,25.0,2025,P128,18.019949731345452,74.5517328080669,Satara,high,priority,0.0,1,7,CHIRPS Daily v2.0,Maharashtra,CHIRPS Rainfall
2025-06-18,2025-06-25,25.0,2025,P129,18.063234225271252,74.03192648006461,Satara,high,priority,0.0,1,7,CHIRPS Daily v2.0,Maharashtra,CHIRPS Rainfall
2025-06-18,2025-06-25,25.0,2025,P130,17.61135784271715,74.03436560834085,Satara,high,priority,0.0,1,7,CHIRPS Daily v2.0,Maharashtra,CHIRPS Rainfall
2025-06-18,2025-06-25,25.0,2025,P131,17.612539504496315,74.3171127470388,Satara,high,priority,0.0,1,7,CHIRPS Daily v2.0,Maharashtra,CHIRPS Rainfall
2025-06-18,2025-06-25,25.0,2025,P132,17.702176353872684,74.12817617630324,Satara,high,priority,0.0,1,7,CHIRPS Daily v2.0,Maharashtra,CHIRPS Rainfall
2025-06-18,2025-06-25,25.0,2025,P133,17.25006363896275,74.08329532420031,Satara,high,priority,17.95203399658203,1,7,CHIRPS Daily v2.0,Maharashtra,CHIRPS Rainfall
2025-06-18,2025-06-25,25.0,2025,P134,17.476429903940936,74.17634784498362,Satara,high,priority,0.0,1,7,CHIRPS Daily v2.0,Maharashtra,CHIRPS Rainfall
2025-06-18,2025-06-25,25.0,2025,P135,17.882716437324603,74.0801070669471,Satara,high,priority,0.0,1,7,CHIRPS Daily v2.0,Maharashtra,CHIRPS Rainfall
2025-06-18,2025-06-25,25.0,2025,P136,17.928520323345598,74.22149178404871,Satara,high,priority,0.0,1,7,CHIRPS Daily v2.0,Maharashtra,CHIRPS Rainfall
2025-06-18,2025-06-25,25.0,2025,P137,17.746687100588183,73.98648378122894,Satara,high,priority,19.628259658813477,1,7,CHIRPS Daily v2.0,Maharashtra,CHIRPS Rainfall
2025-06-18,2025-06-25,25.0,2025,P138,17.61269557303319,74.36423652697161,Satara,high,priority,0.0,1,7,CHIRPS Daily v2.0,Maharashtra,CHIRPS Rainfall
2025-06-18,2025-06-25,25.0,2025,P139,17.656773786946495,74.08126197411994,Satara,high,priority,0.0,1,7,CHIRPS Daily v2.0,Maharashtra,CHIRPS Rainfall
2025-06-18,2025-06-25,25.0,2025,P140,17.97464080554139,74.50462240543725,Satara,high,priority,0.0,1,7,CHIRPS Daily v2.0,Maharashtra,CHIRPS Rainfall
2025-06-18,2025-06-25,25.0,2025,P141,17.430826677467348,74.08239904488856,Satara,high,priority,0.0,1,7,CHIRPS Daily v2.0,Maharashtra,CHIRPS Rainfall
2025-06-18,2025-06-25,25.0,2025,P142,18.064447100757786,74.31538707493111,Satara,high,priority,0.0,1,7,CHIRPS Daily v2.0,Maharashtra,CHIRPS Rainfall
2025-06-18,2025-06-25,25.0,2025,P143,17.70379500755509,74.6468275971327,Satara,high,priority,0.0,1,7,CHIRPS Daily v2.0,Maharashtra,CHIRPS Rainfall
2025-06-18,2025-06-25,25.0,2025,P144,17.929452275465767,74.50474726026674,Satara,high,priority,0.0,1,7,CHIRPS Daily v2.0,Maharashtra,CHIRPS Rainfall
2025-06-18,2025-06-25,25.0,2025,P145,17.47773196144854,74.60017202281048,Satara,high,priority,0.0,1,7,CHIRPS Daily v2.0,Maharashtra,CHIRPS Rainfall
2025-06-18,2025-06-25,25.0,2025,P146,17.839182233739812,74.55218763637436,Satara,high,priority,0.0,1,7,CHIRPS Daily v2.0,Maharashtra,CHIRPS Rainfall
2025-06-18,2025-06-25,25.0,2025,P001,19.940457800458272,74.57045211428928,Ahmednagar,normal,statewide,0.0,1,7,CHIRPS Daily v2.0,Maharashtra,CHIRPS Rainfall
2025-06-18,2025-06-25,25.0,2025,P002,18.946729294293643,74.76302285238339,Ahmednagar,normal,statewide,0.0,1,7,CHIRPS Daily v2.0,Maharashtra,CHIRPS Rainfall
2025-06-18,2025-06-25,25.0,2025,P003,18.49469238410162,74.66892244285252,Ahmednagar,normal,statewide,0.0,1,7,CHIRPS Daily v2.0,Maharashtra,CHIRPS Rainfall
2025-06-18,2025-06-25,25.0,2025,P004,19.03720445466806,75.1420731965326,Ahmednagar,normal,statewide,0.0,1,7,CHIRPS Daily v2.0,Maharashtra,CHIRPS Rainfall
2025-06-18,2025-06-25,25.0,2025,P005,20.832153156317954,77.06560453615967,Akola,normal,statewide,36.81782341003418,1,7,CHIRPS Daily v2.0,Maharashtra,CHIRPS Rainfall
2025-06-18,2025-06-25,25.0,2025,P006,20.834360411339407,76.87349308547405,Akola,normal,statewide,28.77830696105957,1,7,CHIRPS Daily v2.0,Maharashtra,CHIRPS Rainfall
2025-06-18,2025-06-25,25.0,2025,P007,21.014976299509232,76.87574047240498,Akola,normal,statewide,28.80223560333252,1,7,CHIRPS Daily v2.0,Maharashtra,CHIRPS Rainfall
2025-06-18,2025-06-25,25.0,2025,P008,20.828434266039377,77.35372489162701,Akola,normal,statewide,36.30484867095947,1,7,CHIRPS Daily v2.0,Maharashtra,CHIRPS Rainfall
2025-06-18,2025-06-25,25.0,2025,P009,21.360971327549258,77.94039543992572,Amravati,normal,statewide,18.863518714904785,1,7,CHIRPS Daily v2.0,Maharashtra,CHIRPS Rainfall
2025-06-18,2025-06-25,25.0,2025,P010,21.178803672212837,78.03301542790685,Amravati,normal,statewide,0.0,1,7,CHIRPS Daily v2.0,Maharashtra,CHIRPS Rainfall
2025-06-18,2025-06-25,25.0,2025,P011,20.814388097721018,78.21764450702477,Amravati,normal,statewide,31.884860515594482,1,7,CHIRPS Daily v2.0,Maharashtra,CHIRPS Rainfall
2025-06-18,2025-06-25,25.0,2025,P012,21.180502589714195,77.93681032267875,Amravati,normal,statewide,18.4144287109375,1,7,CHIRPS Daily v2.0,Maharashtra,CHIRPS Rainfall
2025-06-18,2025-06-25,25.0,2025,P013,20.031289688916964,74.8570519162974,Aurangabad,normal,statewide,0.0,1,7,CHIRPS Daily v2.0,Maharashtra,CHIRPS Rainfall
2025-06-18,2025-06-25,25.0,2025,P014,19.760185263069562,75.14270192978114,Aurangabad,normal,statewide,0.0,1,7,CHIRPS Daily v2.0,Maharashtra,CHIRPS Rainfall
2025-06-18,2025-06-25,25.0,2025,P015,19.9408189876436,74.76157364454102,Aurangabad,normal,statewide,0.0,1,7,CHIRPS Daily v2.0,Maharashtra,CHIRPS Rainfall
2025-06-18,2025-06-25,25.0,2025,P016,19.66981712112043,75.14262166596218,Aurangabad,normal,statewide,0.0,1,7,CHIRPS Daily v2.0,Maharashtra,CHIRPS Rainfall
2025-06-18,2025-06-25,25.0,2025,P017,21.04613203856966,79.85576216552393,Bhandara,normal,statewide,14.840117931365967,1,7,CHIRPS Daily v2.0,Maharashtra,CHIRPS Rainfall
2025-06-18,2025-06-25,25.0,2025,P018,21.31897105472685,79.76852877161537,Bhandara,normal,statewide,7.973355770111084,1,7,CHIRPS Daily v2.0,Maharashtra,CHIRPS Rainfall
2025-06-18,2025-06-25,25.0,2025,P019,21.40900922319803,79.77144948280537,Bhandara,normal,statewide,7.701023101806641,1,7,CHIRPS Daily v2.0,Maharashtra,CHIRPS Rainfall
2025-06-18,2025-06-25,25.0,2025,P020,21.144196588937042,79.57074980349083,Bhandara,normal,statewide,16.19601821899414,1,7,CHIRPS Daily v2.0,Maharashtra,CHIRPS Rainfall
2025-06-18,2025-06-25,25.0,2025,P021,18.67502288980403,75.52108340877234,Bid,normal,statewide,0.0,1,7,CHIRPS Daily v2.0,Maharashtra,CHIRPS Rainfall
2025-06-18,2025-06-25,25.0,2025,P022,18.856499384477168,75.04699178476999,Bid,normal,statewide,0.0,1,7,CHIRPS Daily v2.0,Maharashtra,CHIRPS Rainfall
2025-06-18,2025-06-25,25.0,2025,P023,19.126596053486494,75.6175605191647,Bid,normal,statewide,0.0,1,7,CHIRPS Daily v2.0,Maharashtra,CHIRPS Rainfall
2025-06-18,2025-06-25,25.0,2025,P024,18.763955201213946,75.90084720909012,Bid,normal,statewide,0.0,1,7,CHIRPS Daily v2.0,Maharashtra,CHIRPS Rainfall
2025-06-18,2025-06-25,25.0,2025,P025,20.93073496240753,76.20164478885242,Buldana,normal,statewide,25.539569854736328,1,7,CHIRPS Daily v2.0,Maharashtra,CHIRPS Rainfall
2025-06-18,2025-06-25,25.0,2025,P026,20.838939908121294,76.39311412898633,Buldana,normal,statewide,38.991546630859375,1,7,CHIRPS Daily v2.0,Maharashtra,CHIRPS Rainfall
2025-06-18,2025-06-25,25.0,2025,P027,20.657476790751314,76.48742857536776,Buldana,normal,statewide,31.670815467834473,1,7,CHIRPS Daily v2.0,Maharashtra,CHIRPS Rainfall
2025-06-18,2025-06-25,25.0,2025,P028,20.47967013624516,76.10222021266374,Buldana,normal,statewide,37.21221733093262,1,7,CHIRPS Daily v2.0,Maharashtra,CHIRPS Rainfall
2025-06-18,2025-06-25,25.0,2025,P029,20.32317798477448,79.92829390325927,Chandrapur,normal,statewide,21.398953914642334,1,7,CHIRPS Daily v2.0,Maharashtra,CHIRPS Rainfall
2025-06-18,2025-06-25,25.0,2025,P030,20.60872097983294,79.36304041732026,Chandrapur,normal,statewide,11.630507469177246,1,7,CHIRPS Daily v2.0,Maharashtra,CHIRPS Rainfall
2025-06-18,2025-06-25,25.0,2025,P031,20.511160307884595,79.64732594588165,Chandrapur,normal,statewide,33.34882593154907,1,7,CHIRPS Daily v2.0,Maharashtra,CHIRPS Rainfall
2025-06-18,2025-06-25,25.0,2025,P032,20.598621115946884,79.74569817422172,Chandrapur,normal,statewide,32.19299507141113,1,7,CHIRPS Daily v2.0,Maharashtra,CHIRPS Rainfall
2025-06-18,2025-06-25,25.0,2025,P033,21.38667804512237,75.14422248324037,Dhule,normal,statewide,20.118141174316406,1,7,CHIRPS Daily v2.0,Maharashtra,CHIRPS Rainfall
2025-06-18,2025-06-25,25.0,2025,P034,21.025151968113196,74.75989256344387,Dhule,normal,statewide,20.52474021911621,1,7,CHIRPS Daily v2.0,Maharashtra,CHIRPS Rainfall
2025-06-18,2025-06-25,25.0,2025,P035,21.477028350667293,74.85568743137505,Dhule,normal,statewide,30.1878719329834,1,7,CHIRPS Daily v2.0,Maharashtra,CHIRPS Rainfall
2025-06-18,2025-06-25,25.0,2025,P036,20.933820660336515,74.37533522949364,Dhule,normal,statewide,21.329529762268066,1,7,CHIRPS Daily v2.0,Maharashtra,CHIRPS Rainfall
2025-06-18,2025-06-25,25.0,2025,P037,19.963056524597132,79.91698116388667,Garhchiroli,normal,statewide,24.384908199310303,1,7,CHIRPS Daily v2.0,Maharashtra,CHIRPS Rainfall
2025-06-18,2025-06-25,25.0,2025,P038,19.062661462582188,79.88977172925856,Garhchiroli,normal,statewide,22.988697052001953,1,7,CHIRPS Daily v2.0,Maharashtra,CHIRPS Rainfall
2025-06-18,2025-06-25,25.0,2025,P039,19.510270485428137,79.9981368030594,Garhchiroli,normal,statewide,26.799522399902344,1,7,CHIRPS Daily v2.0,Maharashtra,CHIRPS Rainfall
2025-06-18,2025-06-25,25.0,2025,P040,19.870365190999156,80.00935144220881,Garhchiroli,normal,statewide,18.03359317779541,1,7,CHIRPS Daily v2.0,Maharashtra,CHIRPS Rainfall
2025-06-18,2025-06-25,25.0,2025,P041,21.127639946725598,80.1465044724107,Gondiya,normal,statewide,20.939558029174805,1,7,CHIRPS Daily v2.0,Maharashtra,CHIRPS Rainfall
2025-06-18,2025-06-25,25.0,2025,P042,21.397598383602258,80.15591763473452,Gondiya,normal,statewide,8.506484031677246,1,7,CHIRPS Daily v2.0,Maharashtra,CHIRPS Rainfall
2025-06-18,2025-06-25,25.0,2025,P043,21.574548890706154,80.25847249986273,Gondiya,normal,statewide,22.06768226623535,1,7,CHIRPS Daily v2.0,Maharashtra,CHIRPS Rainfall
2025-06-18,2025-06-25,25.0,2025,P044,21.211649410572516,80.34153217518526,Gondiya,normal,statewide,26.92484998703003,1,7,CHIRPS Daily v2.0,Maharashtra,CHIRPS Rainfall
2025-06-18,2025-06-25,25.0,2025,P045,19.655900266732623,77.2407892392464,Hingoli,normal,statewide,0.0,1,7,CHIRPS Daily v2.0,Maharashtra,CHIRPS Rainfall
2025-06-18,2025-06-25,25.0,2025,P046,19.566758377573187,77.1442675378435,Hingoli,normal,statewide,16.7971248626709,1,7,CHIRPS Daily v2.0,Maharashtra,CHIRPS Rainfall
2025-06-18,2025-06-25,25.0,2025,P047,19.47860194974656,76.9526242927685,Hingoli,normal,statewide,10.418612480163574,1,7,CHIRPS Daily v2.0,Maharashtra,CHIRPS Rainfall
2025-06-18,2025-06-25,25.0,2025,P048,19.927981235710728,77.14910120338544,Hingoli,normal,statewide,22.151024341583252,1,7,CHIRPS Daily v2.0,Maharashtra,CHIRPS Rainfall
2025-06-18,2025-06-25,25.0,2025,P049,21.292738163229433,76.10816865346904,Jalgaon,normal,statewide,0.0,1,7,CHIRPS Daily v2.0,Maharashtra,CHIRPS Rainfall
2025-06-18,2025-06-25,25.0,2025,P050,21.386178625804387,75.43363151891216,Jalgaon,normal,statewide,0.0,1,7,CHIRPS Daily v2.0,Maharashtra,CHIRPS Rainfall
2025-06-18,2025-06-25,25.0,2025,P051,21.112064306745907,76.10682200495089,Jalgaon,normal,statewide,11.77061939239502,1,7,CHIRPS Daily v2.0,Maharashtra,CHIRPS Rainfall
2025-06-18,2025-06-25,25.0,2025,P052,20.844437979720194,75.23982115072519,Jalgaon,normal,statewide,0.0,1,7,CHIRPS Daily v2.0,Maharashtra,CHIRPS Rainfall
2025-06-18,2025-06-25,25.0,2025,P053,19.486369703781666,76.00005328932718,Jalna,normal,statewide,0.0,1,7,CHIRPS Daily v2.0,Maharashtra,CHIRPS Rainfall
2025-06-18,2025-06-25,25.0,2025,P054,20.028502750758555,76.00343774702675,Jalna,normal,statewide,0.0,1,7,CHIRPS Daily v2.0,Maharashtra,CHIRPS Rainfall
2025-06-18,2025-06-25,25.0,2025,P055,19.75743845682064,76.00172991132328,Jalna,normal,statewide,0.0,1,7,CHIRPS Daily v2.0,Maharashtra,CHIRPS Rainfall
2025-06-18,2025-06-25,25.0,2025,P056,19.57768317515413,75.80993951591351,Jalna,normal,statewide,0.0,1,7,CHIRPS Daily v2.0,Maharashtra,CHIRPS Rainfall
2025-06-18,2025-06-25,25.0,2025,P057,16.776377793156257,74.29671235971928,Kolhapur,normal,statewide,0.0,1,7,CHIRPS Daily v2.0,Maharashtra,CHIRPS Rainfall
2025-06-18,2025-06-25,25.0,2025,P058,16.324416687682138,74.29834884980589,Kolhapur,normal,statewide,0.0,1,7,CHIRPS Daily v2.0,Maharashtra,CHIRPS Rainfall
2025-06-18,2025-06-25,25.0,2025,P059,16.595891218916975,74.39111598812178,Kolhapur,normal,statewide,0.0,1,7,CHIRPS Daily v2.0,Maharashtra,CHIRPS Rainfall
2025-06-18,2025-06-25,25.0,2025,P060,16.414811584237594,74.29802779453004,Kolhapur,normal,statewide,0.0,1,7,CHIRPS Daily v2.0,Maharashtra,CHIRPS Rainfall
2025-06-18,2025-06-25,25.0,2025,P086,21.054127206758487,79.56798961993874,Nagpur,normal,statewide,12.169196128845215,1,7,CHIRPS Daily v2.0,Maharashtra,CHIRPS Rainfall
2025-06-18,2025-06-25,25.0,2025,P087,21.146765031143822,79.47473643960802,Nagpur,normal,statewide,10.098060607910156,1,7,CHIRPS Daily v2.0,Maharashtra,CHIRPS Rainfall
2025-06-18,2025-06-25,25.0,2025,P088,21.347803602138427,78.61442869606356,Nagpur,normal,statewide,0.0,1,7,CHIRPS Daily v2.0,Maharashtra,CHIRPS Rainfall
2025-06-18,2025-06-25,25.0,2025,P089,21.165377318940912,78.70615240473293,Nagpur,normal,statewide,7.6770148277282715,1,7,CHIRPS Daily v2.0,Maharashtra,CHIRPS Rainfall
2025-06-18,2025-06-25,25.0,2025,P090,19.201968238592887,77.42470040309472,Nanded,normal,statewide,22.769134521484375,1,7,CHIRPS Daily v2.0,Maharashtra,CHIRPS Rainfall
2025-06-18,2025-06-25,25.0,2025,P091,18.566038000956755,77.69963965584807,Nanded,normal,statewide,18.061572074890137,1,7,CHIRPS Daily v2.0,Maharashtra,CHIRPS Rainfall
2025-06-18,2025-06-25,25.0,2025,P092,19.736596618496833,77.90946265591798,Nanded,normal,statewide,34.26097869873047,1,7,CHIRPS Daily v2.0,Maharashtra,CHIRPS Rainfall
2025-06-18,2025-06-25,25.0,2025,P093,18.93564842817583,77.04115528508362,Nanded,normal,statewide,0.0,1,7,CHIRPS Daily v2.0,Maharashtra,CHIRPS Rainfall
2025-06-18,2025-06-25,25.0,2025,P094,21.564917232430716,74.08292967791392,Nandurbar,normal,statewide,75.90377616882324,1,7,CHIRPS Daily v2.0,Maharashtra,CHIRPS Rainfall
2025-06-18,2025-06-25,25.0,2025,P095,21.5662594218478,74.37266422796263,Nandurbar,normal,statewide,37.78180694580078,1,7,CHIRPS Daily v2.0,Maharashtra,CHIRPS Rainfall
2025-06-18,2025-06-25,25.0,2025,P096,21.385179787168415,74.27697637845674,Nandurbar,normal,statewide,48.20257568359375,1,7,CHIRPS Daily v2.0,Maharashtra,CHIRPS Rainfall
2025-06-18,2025-06-25,25.0,2025,P097,21.565421110849755,74.17950488852946,Nandurbar,normal,statewide,56.00093936920166,1,7,CHIRPS Daily v2.0,Maharashtra,CHIRPS Rainfall
2025-06-18,2025-06-25,25.0,2025,P098,20.299553667393326,73.99482675929994,Nashik,normal,statewide,29.656465530395508,1,7,CHIRPS Daily v2.0,Maharashtra,CHIRPS Rainfall
2025-06-18,2025-06-25,25.0,2025,P099,20.120253214034264,74.28296495117151,Nashik,normal,statewide,0.0,1,7,CHIRPS Daily v2.0,Maharashtra,CHIRPS Rainfall
2025-06-18,2025-06-25,25.0,2025,P100,20.389903972938242,73.99424261706194,Nashik,normal,statewide,12.805693626403809,1,7,CHIRPS Daily v2.0,Maharashtra,CHIRPS Rainfall
2025-06-18,2025-06-25,25.0,2025,P101,20.029015547379707,74.09216447619562,Nashik,normal,statewide,17.490686416625977,1,7,CHIRPS Daily v2.0,Maharashtra,CHIRPS Rainfall
2025-06-18,2025-06-25,25.0,2025,P102,17.85749130266526,76.36802722645965,Osmanabad,normal,statewide,9.55119514465332,1,7,CHIRPS Daily v2.0,Maharashtra,CHIRPS Rainfall
2025-06-18,2025-06-25,25.0,2025,P103,17.76644983645705,76.46164605307673,Osmanabad,normal,statewide,0.0,1,7,CHIRPS Daily v2.0,Maharashtra,CHIRPS Rainfall
2025-06-18,2025-06-25,25.0,2025,P104,17.949094615606196,76.17989775301476,Osmanabad,normal,statewide,13.789496421813965,1,7,CHIRPS Daily v2.0,Maharashtra,CHIRPS Rainfall
2025-06-18,2025-06-25,25.0,2025,P105,18.584360447185368,75.61558067829696,Osmanabad,normal,statewide,0.0,1,7,CHIRPS Daily v2.0,Maharashtra,CHIRPS Rainfall
2025-06-18,2025-06-25,25.0,2025,P106,19.031389786894366,76.47235681380711,Parbhani,normal,statewide,0.0,1,7,CHIRPS Daily v2.0,Maharashtra,CHIRPS Rainfall
2025-06-18,2025-06-25,25.0,2025,P107,19.120950831552832,76.56820519095093,Parbhani,normal,statewide,0.0,1,7,CHIRPS Daily v2.0,Maharashtra,CHIRPS Rainfall
2025-06-18,2025-06-25,25.0,2025,P108,19.208625676465683,76.85432786914635,Parbhani,normal,statewide,0.0,1,7,CHIRPS Daily v2.0,Maharashtra,CHIRPS Rainfall
2025-06-18,2025-06-25,25.0,2025,P109,19.212081479782103,76.47396209018636,Parbhani,normal,statewide,0.0,1,7,CHIRPS Daily v2.0,Maharashtra,CHIRPS Rainfall
2025-06-18,2025-06-25,25.0,2025,P110,18.133442771357757,75.04679558432363,Pune,normal,statewide,0.0,1,7,CHIRPS Daily v2.0,Maharashtra,CHIRPS Rainfall
2025-06-18,2025-06-25,25.0,2025,P111,18.584645829652782,74.47919215212944,Pune,normal,statewide,0.0,1,7,CHIRPS Daily v2.0,Maharashtra,CHIRPS Rainfall
2025-06-18,2025-06-25,25.0,2025,P112,18.132979024848197,74.57507620208169,Pune,normal,statewide,0.0,1,7,CHIRPS Daily v2.0,Maharashtra,CHIRPS Rainfall
2025-06-18,2025-06-25,25.0,2025,P113,18.314072036830744,74.76389683618987,Pune,normal,statewide,0.0,1,7,CHIRPS Daily v2.0,Maharashtra,CHIRPS Rainfall
2025-06-18,2025-06-25,25.0,2025,P114,18.48503397121986,73.0589238755964,Raigarh,normal,statewide,204.0474853515625,1,7,CHIRPS Daily v2.0,Maharashtra,CHIRPS Rainfall
2025-06-18,2025-06-25,25.0,2025,P115,18.665689991299164,73.05687714821288,Raigarh,normal,statewide,299.21712493896484,1,7,CHIRPS Daily v2.0,Maharashtra,CHIRPS Rainfall
2025-06-18,2025-06-25,25.0,2025,P116,18.306197264370358,73.25009891506079,Raigarh,normal,statewide,137.1373519897461,1,7,CHIRPS Daily v2.0,Maharashtra,CHIRPS Rainfall
2025-06-18,2025-06-25,25.0,2025,P117,18.21404102289879,73.06194714611064,Raigarh,normal,statewide,183.0303726196289,1,7,CHIRPS Daily v2.0,Maharashtra,CHIRPS Rainfall
2025-06-18,2025-06-25,25.0,2025,P118,17.138719885658215,75.42259970290594,Sangli,normal,statewide,0.0,1,7,CHIRPS Daily v2.0,Maharashtra,CHIRPS Rainfall
2025-06-18,2025-06-25,25.0,2025,P119,17.048761981005992,74.95348443567921,Sangli,normal,statewide,0.0,1,7,CHIRPS Daily v2.0,Maharashtra,CHIRPS Rainfall
2025-06-18,2025-06-25,25.0,2025,P120,16.86707144948229,74.39025538161847,Sangli,normal,statewide,0.0,1,7,CHIRPS Daily v2.0,Maharashtra,CHIRPS Rainfall
2025-06-18,2025-06-25,25.0,2025,P121,17.048503353144895,74.67157114887826,Sangli,normal,statewide,0.0,1,7,CHIRPS Daily v2.0,Maharashtra,CHIRPS Rainfall
2025-06-18,2025-06-25,25.0,2025,P148,17.67852974098626,76.08383979812143,Solapur,normal,statewide,0.0,1,7,CHIRPS Daily v2.0,Maharashtra,CHIRPS Rainfall
2025-06-18,2025-06-25,25.0,2025,P149,18.223365003201543,75.4251413905064,Solapur,normal,statewide,0.0,1,7,CHIRPS Daily v2.0,Maharashtra,CHIRPS Rainfall
2025-06-18,2025-06-25,25.0,2025,P150,17.952532582518405,75.23562067753285,Solapur,normal,statewide,0.0,1,7,CHIRPS Daily v2.0,Maharashtra,CHIRPS Rainfall
2025-06-18,2025-06-25,25.0,2025,P151,18.223690517578447,75.23598186471818,Solapur,normal,statewide,0.0,1,7,CHIRPS Daily v2.0,Maharashtra,CHIRPS Rainfall
2025-06-18,2025-06-25,25.0,2025,P152,19.658178867370932,72.94986318203122,Thane,normal,statewide,200.24490451812744,1,7,CHIRPS Daily v2.0,Maharashtra,CHIRPS Rainfall
2025-06-18,2025-06-25,25.0,2025,P153,19.65706409210757,72.8545320606096,Thane,normal,statewide,212.84697151184082,1,7,CHIRPS Daily v2.0,Maharashtra,CHIRPS Rainfall
2025-06-18,2025-06-25,25.0,2025,P154,19.477549601897948,72.95214624177059,Thane,normal,statewide,202.38429641723633,1,7,CHIRPS Daily v2.0,Maharashtra,CHIRPS Rainfall
2025-06-18,2025-06-25,25.0,2025,P155,19.83987385799569,73.0429959666335,Thane,normal,statewide,163.57674407958984,1,7,CHIRPS Daily v2.0,Maharashtra,CHIRPS Rainfall
2025-06-18,2025-06-25,25.0,2025,P156,20.806749657616468,78.60135461177485,Wardha,normal,statewide,12.269089221954346,1,7,CHIRPS Daily v2.0,Maharashtra,CHIRPS Rainfall
2025-06-18,2025-06-25,25.0,2025,P157,20.71031267913359,78.88671032458906,Wardha,normal,statewide,10.196234703063965,1,7,CHIRPS Daily v2.0,Maharashtra,CHIRPS Rainfall
2025-06-18,2025-06-25,25.0,2025,P158,21.081265295769754,78.41565980750515,Wardha,normal,statewide,23.135435104370117,1,7,CHIRPS Daily v2.0,Maharashtra,CHIRPS Rainfall
2025-06-18,2025-06-25,25.0,2025,P159,20.439854822938944,78.87986114537097,Wardha,normal,statewide,13.836016654968262,1,7,CHIRPS Daily v2.0,Maharashtra,CHIRPS Rainfall
2025-06-18,2025-06-25,25.0,2025,P160,20.289186257444058,77.15404188735265,Washim,normal,statewide,7.442879676818848,1,7,CHIRPS Daily v2.0,Maharashtra,CHIRPS Rainfall
2025-06-18,2025-06-25,25.0,2025,P161,20.464607292886615,77.53975858757677,Washim,normal,statewide,13.708321571350098,1,7,CHIRPS Daily v2.0,Maharashtra,CHIRPS Rainfall
2025-06-18,2025-06-25,25.0,2025,P162,20.107393166596125,77.2471479173486,Washim,normal,statewide,17.879525184631348,1,7,CHIRPS Daily v2.0,Maharashtra,CHIRPS Rainfall
2025-06-18,2025-06-25,25.0,2025,P163,20.198885002010726,77.1527933390577,Washim,normal,statewide,0.0,1,7,CHIRPS Daily v2.0,Maharashtra,CHIRPS Rainfall
2025-06-18,2025-06-25,25.0,2025,P164,20.182854533723592,78.20447678161395,Yavatmal,normal,statewide,29.490205764770508,1,7,CHIRPS Daily v2.0,Maharashtra,CHIRPS Rainfall
2025-06-18,2025-06-25,25.0,2025,P165,19.894658373538324,79.05709703494229,Yavatmal,normal,statewide,39.42570638656616,1,7,CHIRPS Daily v2.0,Maharashtra,CHIRPS Rainfall
2025-06-18,2025-06-25,25.0,2025,P166,19.468787468327925,77.71426550730338,Yavatmal,normal,statewide,27.091447830200195,1,7,CHIRPS Daily v2.0,Maharashtra,CHIRPS Rainfall
2025-06-18,2025-06-25,25.0,2025,P167,19.559057510053886,77.71577268345945,Yavatmal,normal,statewide,24.220319747924805,1,7,CHIRPS Daily v2.0,Maharashtra,CHIRPS Rainfall
2025-06-25,2025-07-02,26.0,2025,P147,17.927231643141155,73.94769852026607,Satara,case_study,case_study,36.83023643493652,1,7,CHIRPS Daily v2.0,Maharashtra,CHIRPS Rainfall
2025-06-25,2025-07-02,26.0,2025,P061,18.507855650411397,76.91766048140843,Latur,high,priority,44.75218200683594,1,7,CHIRPS Daily v2.0,Maharashtra,CHIRPS Rainfall
2025-06-25,2025-07-02,26.0,2025,P062,18.422405896924207,76.3487594508077,Latur,high,priority,38.38440990447998,1,7,CHIRPS Daily v2.0,Maharashtra,CHIRPS Rainfall
2025-06-25,2025-07-02,26.0,2025,P063,18.235391198742693,77.05646783810116,Latur,high,priority,38.02604007720947,1,7,CHIRPS Daily v2.0,Maharashtra,CHIRPS Rainfall
2025-06-25,2025-07-02,26.0,2025,P064,18.193056493341274,76.77240080549139,Latur,high,priority,38.11028003692627,1,7,CHIRPS Daily v2.0,Maharashtra,CHIRPS Rainfall
2025-06-25,2025-07-02,26.0,2025,P065,18.331355512513895,76.44266811899327,Latur,high,priority,45.97589588165283,1,7,CHIRPS Daily v2.0,Maharashtra,CHIRPS Rainfall
2025-06-25,2025-07-02,26.0,2025,P066,18.104739537876725,76.5352970251765,Latur,high,priority,36.205610275268555,1,7,CHIRPS Daily v2.0,Maharashtra,CHIRPS Rainfall
2025-06-25,2025-07-02,26.0,2025,P067,18.280552974211986,77.0569984711265,Latur,high,priority,35.84163856506348,1,7,CHIRPS Daily v2.0,Maharashtra,CHIRPS Rainfall
2025-06-25,2025-07-02,26.0,2025,P068,18.101823285787773,76.86595720469373,Latur,high,priority,34.82776641845703,1,7,CHIRPS Daily v2.0,Maharashtra,CHIRPS Rainfall
2025-06-25,2025-07-02,26.0,2025,P069,18.595075667016793,77.20284228928156,Latur,high,priority,33.389756202697754,1,7,CHIRPS Daily v2.0,Maharashtra,CHIRPS Rainfall
2025-06-25,2025-07-02,26.0,2025,P070,18.41499041187233,77.15322587185987,Latur,high,priority,41.09568405151367,1,7,CHIRPS Daily v2.0,Maharashtra,CHIRPS Rainfall
2025-06-25,2025-07-02,26.0,2025,P071,18.149138807065885,76.63019561379593,Latur,high,priority,37.3984899520874,1,7,CHIRPS Daily v2.0,Maharashtra,CHIRPS Rainfall
2025-06-25,2025-07-02,26.0,2025,P072,18.283393421583035,76.77331492120734,Latur,high,priority,37.216811180114746,1,7,CHIRPS Daily v2.0,Maharashtra,CHIRPS Rainfall
2025-06-25,2025-07-02,26.0,2025,P073,17.966315663874607,76.86453029235662,Latur,high,priority,36.822587966918945,1,7,CHIRPS Daily v2.0,Maharashtra,CHIRPS Rainfall
2025-06-25,2025-07-02,26.0,2025,P074,18.50832831512306,76.870318205524,Latur,high,priority,45.132012367248535,1,7,CHIRPS Daily v2.0,Maharashtra,CHIRPS Rainfall
2025-06-25,2025-07-02,26.0,2025,P075,18.41444640154381,77.20053247493588,Latur,high,priority,38.80438041687012,1,7,CHIRPS Daily v2.0,Maharashtra,CHIRPS Rainfall
2025-06-25,2025-07-02,26.0,2025,P076,18.377877313804504,76.25376722106614,Latur,high,priority,37.38043403625488,1,7,CHIRPS Daily v2.0,Maharashtra,CHIRPS Rainfall
2025-06-25,2025-07-02,26.0,2025,P077,18.059564385104267,76.5349046242838,Latur,high,priority,40.45954942703247,1,7,CHIRPS Daily v2.0,Maharashtra,CHIRPS Rainfall
2025-06-25,2025-07-02,26.0,2025,P078,18.1008824154655,76.96042326051098,Latur,high,priority,34.200836181640625,1,7,CHIRPS Daily v2.0,Maharashtra,CHIRPS Rainfall
2025-06-25,2025-07-02,26.0,2025,P079,18.73508698099394,76.77797468180819,Latur,high,priority,53.526798248291016,1,7,CHIRPS Daily v2.0,Maharashtra,CHIRPS Rainfall
2025-06-25,2025-07-02,26.0,2025,P080,18.46791548227568,76.3017694439065,Latur,high,priority,37.421781063079834,1,7,CHIRPS Daily v2.0,Maharashtra,CHIRPS Rainfall
2025-06-25,2025-07-02,26.0,2025,P081,18.10355787609756,76.67701617485712,Latur,high,priority,36.63191223144531,1,7,CHIRPS Daily v2.0,Maharashtra,CHIRPS Rainfall
2025-06-25,2025-07-02,26.0,2025,P082,18.23907887531389,76.67830931416262,Latur,high,priority,41.18106651306152,1,7,CHIRPS Daily v2.0,Maharashtra,CHIRPS Rainfall
2025-06-25,2025-07-02,26.0,2025,P083,18.369289085175563,77.19996171000103,Latur,high,priority,42.0280647277832,1,7,CHIRPS Daily v2.0,Maharashtra,CHIRPS Rainfall
2025-06-25,2025-07-02,26.0,2025,P084,18.46362582706226,76.82249880582684,Latur,high,priority,41.49031352996826,1,7,CHIRPS Daily v2.0,Maharashtra,CHIRPS Rainfall
2025-06-25,2025-07-02,26.0,2025,P085,18.14788579966987,76.77194597718393,Latur,high,priority,33.84046745300293,1,7,CHIRPS Daily v2.0,Maharashtra,CHIRPS Rainfall
2025-06-25,2025-07-02,26.0,2025,P122,17.88145897082753,73.8441448165019,Satara,high,priority,50.26294708251953,1,7,CHIRPS Daily v2.0,Maharashtra,CHIRPS Rainfall
2025-06-25,2025-07-02,26.0,2025,P123,17.386414030975025,74.27088970551878,Satara,high,priority,1.5808727741241455,1,7,CHIRPS Daily v2.0,Maharashtra,CHIRPS Rainfall
2025-06-25,2025-07-02,26.0,2025,P124,17.43262815429294,74.647353771057,Satara,high,priority,11.069668531417847,1,7,CHIRPS Daily v2.0,Maharashtra,CHIRPS Rainfall
2025-06-25,2025-07-02,26.0,2025,P125,17.56734651531964,74.31728219287884,Satara,high,priority,12.599099576473236,1,7,CHIRPS Daily v2.0,Maharashtra,CHIRPS Rainfall
2025-06-25,2025-07-02,26.0,2025,P126,17.205080227535593,74.13053949986157,Satara,high,priority,2.0515544414520264,1,7,CHIRPS Daily v2.0,Maharashtra,CHIRPS Rainfall
2025-06-25,2025-07-02,26.0,2025,P127,17.65773249367299,74.31694330119876,Satara,high,priority,1.021404504776001,1,7,CHIRPS Daily v2.0,Maharashtra,CHIRPS Rainfall
2025-06-25,2025-07-02,26.0,2025,P128,18.019949731345452,74.5517328080669,Satara,high,priority,16.630172848701477,1,7,CHIRPS Daily v2.0,Maharashtra,CHIRPS Rainfall
2025-06-25,2025-07-02,26.0,2025,P129,18.063234225271252,74.03192648006461,Satara,high,priority,28.934321761131287,1,7,CHIRPS Daily v2.0,Maharashtra,CHIRPS Rainfall
2025-06-25,2025-07-02,26.0,2025,P130,17.61135784271715,74.03436560834085,Satara,high,priority,23.89949893951416,1,7,CHIRPS Daily v2.0,Maharashtra,CHIRPS Rainfall
2025-06-25,2025-07-02,26.0,2025,P131,17.612539504496315,74.3171127470388,Satara,high,priority,1.0347956418991089,1,7,CHIRPS Daily v2.0,Maharashtra,CHIRPS Rainfall
2025-06-25,2025-07-02,26.0,2025,P132,17.702176353872684,74.12817617630324,Satara,high,priority,25.24271869659424,1,7,CHIRPS Daily v2.0,Maharashtra,CHIRPS Rainfall
2025-06-25,2025-07-02,26.0,2025,P133,17.25006363896275,74.08329532420031,Satara,high,priority,2.8631629943847656,1,7,CHIRPS Daily v2.0,Maharashtra,CHIRPS Rainfall
2025-06-25,2025-07-02,26.0,2025,P134,17.476429903940936,74.17634784498362,Satara,high,priority,1.2767819166183472,1,7,CHIRPS Daily v2.0,Maharashtra,CHIRPS Rainfall
2025-06-25,2025-07-02,26.0,2025,P135,17.882716437324603,74.0801070669471,Satara,high,priority,35.89054822921753,1,7,CHIRPS Daily v2.0,Maharashtra,CHIRPS Rainfall
2025-06-25,2025-07-02,26.0,2025,P136,17.928520323345598,74.22149178404871,Satara,high,priority,18.544368505477905,1,7,CHIRPS Daily v2.0,Maharashtra,CHIRPS Rainfall
2025-06-25,2025-07-02,26.0,2025,P137,17.746687100588183,73.98648378122894,Satara,high,priority,27.594483852386475,1,7,CHIRPS Daily v2.0,Maharashtra,CHIRPS Rainfall
2025-06-25,2025-07-02,26.0,2025,P138,17.61269557303319,74.36423652697161,Satara,high,priority,0.9780563712120056,1,7,CHIRPS Daily v2.0,Maharashtra,CHIRPS Rainfall
2025-06-25,2025-07-02,26.0,2025,P139,17.656773786946495,74.08126197411994,Satara,high,priority,28.150288581848145,1,7,CHIRPS Daily v2.0,Maharashtra,CHIRPS Rainfall
2025-06-25,2025-07-02,26.0,2025,P140,17.97464080554139,74.50462240543725,Satara,high,priority,18.58283379673958,1,7,CHIRPS Daily v2.0,Maharashtra,CHIRPS Rainfall
2025-06-25,2025-07-02,26.0,2025,P141,17.430826677467348,74.08239904488856,Satara,high,priority,4.887340068817139,1,7,CHIRPS Daily v2.0,Maharashtra,CHIRPS Rainfall
2025-06-25,2025-07-02,26.0,2025,P142,18.064447100757786,74.31538707493111,Satara,high,priority,21.691025853157043,1,7,CHIRPS Daily v2.0,Maharashtra,CHIRPS Rainfall
2025-06-25,2025-07-02,26.0,2025,P143,17.70379500755509,74.6468275971327,Satara,high,priority,1.3737938404083252,1,7,CHIRPS Daily v2.0,Maharashtra,CHIRPS Rainfall
2025-06-25,2025-07-02,26.0,2025,P144,17.929452275465767,74.50474726026674,Satara,high,priority,17.97181436419487,1,7,CHIRPS Daily v2.0,Maharashtra,CHIRPS Rainfall
2025-06-25,2025-07-02,26.0,2025,P145,17.47773196144854,74.60017202281048,Satara,high,priority,1.4971920251846313,1,7,CHIRPS Daily v2.0,Maharashtra,CHIRPS Rainfall
2025-06-25,2025-07-02,26.0,2025,P146,17.839182233739812,74.55218763637436,Satara,high,priority,13.087318241596222,1,7,CHIRPS Daily v2.0,Maharashtra,CHIRPS Rainfall
2025-06-25,2025-07-02,26.0,2025,P001,19.940457800458272,74.57045211428928,Ahmednagar,normal,statewide,33.1963210105896,1,7,CHIRPS Daily v2.0,Maharashtra,CHIRPS Rainfall
2025-06-25,2025-07-02,26.0,2025,P002,18.946729294293643,74.76302285238339,Ahmednagar,normal,statewide,33.50493824481964,1,7,CHIRPS Daily v2.0,Maharashtra,CHIRPS Rainfall
2025-06-25,2025-07-02,26.0,2025,P003,18.49469238410162,74.66892244285252,Ahmednagar,normal,statewide,26.149728253483772,1,7,CHIRPS Daily v2.0,Maharashtra,CHIRPS Rainfall
2025-06-25,2025-07-02,26.0,2025,P004,19.03720445466806,75.1420731965326,Ahmednagar,normal,statewide,43.97971087694168,1,7,CHIRPS Daily v2.0,Maharashtra,CHIRPS Rainfall
2025-06-25,2025-07-02,26.0,2025,P005,20.832153156317954,77.06560453615967,Akola,normal,statewide,61.53730654716492,1,7,CHIRPS Daily v2.0,Maharashtra,CHIRPS Rainfall
2025-06-25,2025-07-02,26.0,2025,P006,20.834360411339407,76.87349308547405,Akola,normal,statewide,66.67585396766663,1,7,CHIRPS Daily v2.0,Maharashtra,CHIRPS Rainfall
2025-06-25,2025-07-02,26.0,2025,P007,21.014976299509232,76.87574047240498,Akola,normal,statewide,70.01560759544373,1,7,CHIRPS Daily v2.0,Maharashtra,CHIRPS Rainfall
2025-06-25,2025-07-02,26.0,2025,P008,20.828434266039377,77.35372489162701,Akola,normal,statewide,60.69212317466736,1,7,CHIRPS Daily v2.0,Maharashtra,CHIRPS Rainfall
2025-06-25,2025-07-02,26.0,2025,P009,21.360971327549258,77.94039543992572,Amravati,normal,statewide,90.181161403656,1,7,CHIRPS Daily v2.0,Maharashtra,CHIRPS Rainfall
2025-06-25,2025-07-02,26.0,2025,P010,21.178803672212837,78.03301542790685,Amravati,normal,statewide,89.95693445205688,1,7,CHIRPS Daily v2.0,Maharashtra,CHIRPS Rainfall
2025-06-25,2025-07-02,26.0,2025,P011,20.814388097721018,78.21764450702477,Amravati,normal,statewide,79.24177551269531,1,7,CHIRPS Daily v2.0,Maharashtra,CHIRPS Rainfall
2025-06-25,2025-07-02,26.0,2025,P012,21.180502589714195,77.93681032267875,Amravati,normal,statewide,90.28988695144653,1,7,CHIRPS Daily v2.0,Maharashtra,CHIRPS Rainfall
2025-06-25,2025-07-02,26.0,2025,P013,20.031289688916964,74.8570519162974,Aurangabad,normal,statewide,48.640384674072266,1,7,CHIRPS Daily v2.0,Maharashtra,CHIRPS Rainfall
2025-06-25,2025-07-02,26.0,2025,P014,19.760185263069562,75.14270192978114,Aurangabad,normal,statewide,53.98990499973297,1,7,CHIRPS Daily v2.0,Maharashtra,CHIRPS Rainfall
2025-06-25,2025-07-02,26.0,2025,P015,19.9408189876436,74.76157364454102,Aurangabad,normal,statewide,28.31082534790039,1,7,CHIRPS Daily v2.0,Maharashtra,CHIRPS Rainfall
2025-06-25,2025-07-02,26.0,2025,P016,19.66981712112043,75.14262166596218,Aurangabad,normal,statewide,46.70468854904175,1,7,CHIRPS Daily v2.0,Maharashtra,CHIRPS Rainfall
2025-06-25,2025-07-02,26.0,2025,P017,21.04613203856966,79.85576216552393,Bhandara,normal,statewide,61.67996025085449,1,7,CHIRPS Daily v2.0,Maharashtra,CHIRPS Rainfall
2025-06-25,2025-07-02,26.0,2025,P018,21.31897105472685,79.76852877161537,Bhandara,normal,statewide,66.2363510131836,1,7,CHIRPS Daily v2.0,Maharashtra,CHIRPS Rainfall
2025-06-25,2025-07-02,26.0,2025,P019,21.40900922319803,79.77144948280537,Bhandara,normal,statewide,62.33862495422363,1,7,CHIRPS Daily v2.0,Maharashtra,CHIRPS Rainfall
2025-06-25,2025-07-02,26.0,2025,P020,21.144196588937042,79.57074980349083,Bhandara,normal,statewide,51.63574028015137,1,7,CHIRPS Daily v2.0,Maharashtra,CHIRPS Rainfall
2025-06-25,2025-07-02,26.0,2025,P021,18.67502288980403,75.52108340877234,Bid,normal,statewide,40.42110088467598,1,7,CHIRPS Daily v2.0,Maharashtra,CHIRPS Rainfall
2025-06-25,2025-07-02,26.0,2025,P022,18.856499384477168,75.04699178476999,Bid,normal,statewide,30.870733678340912,1,7,CHIRPS Daily v2.0,Maharashtra,CHIRPS Rainfall
2025-06-25,2025-07-02,26.0,2025,P023,19.126596053486494,75.6175605191647,Bid,normal,statewide,56.58794045448303,1,7,CHIRPS Daily v2.0,Maharashtra,CHIRPS Rainfall
2025-06-25,2025-07-02,26.0,2025,P024,18.763955201213946,75.90084720909012,Bid,normal,statewide,44.75897669792175,1,7,CHIRPS Daily v2.0,Maharashtra,CHIRPS Rainfall
2025-06-25,2025-07-02,26.0,2025,P025,20.93073496240753,76.20164478885242,Buldana,normal,statewide,32.46163046360016,1,7,CHIRPS Daily v2.0,Maharashtra,CHIRPS Rainfall
2025-06-25,2025-07-02,26.0,2025,P026,20.838939908121294,76.39311412898633,Buldana,normal,statewide,33.7405219078064,1,7,CHIRPS Daily v2.0,Maharashtra,CHIRPS Rainfall
2025-06-25,2025-07-02,26.0,2025,P027,20.657476790751314,76.48742857536776,Buldana,normal,statewide,58.093711137771606,1,7,CHIRPS Daily v2.0,Maharashtra,CHIRPS Rainfall
2025-06-25,2025-07-02,26.0,2025,P028,20.47967013624516,76.10222021266374,Buldana,normal,statewide,55.33178758621216,1,7,CHIRPS Daily v2.0,Maharashtra,CHIRPS Rainfall
2025-06-25,2025-07-02,26.0,2025,P029,20.32317798477448,79.92829390325927,Chandrapur,normal,statewide,83.10054874420166,1,7,CHIRPS Daily v2.0,Maharashtra,CHIRPS Rainfall
2025-06-25,2025-07-02,26.0,2025,P030,20.60872097983294,79.36304041732026,Chandrapur,normal,statewide,88.80627536773682,1,7,CHIRPS Daily v2.0,Maharashtra,CHIRPS Rainfall
2025-06-25,2025-07-02,26.0,2025,P031,20.511160307884595,79.64732594588165,Chandrapur,normal,statewide,78.9739875793457,1,7,CHIRPS Daily v2.0,Maharashtra,CHIRPS Rainfall
2025-06-25,2025-07-02,26.0,2025,P032,20.598621115946884,79.74569817422172,Chandrapur,normal,statewide,75.99352264404297,1,7,CHIRPS Daily v2.0,Maharashtra,CHIRPS Rainfall
2025-06-25,2025-07-02,26.0,2025,P033,21.38667804512237,75.14422248324037,Dhule,normal,statewide,43.6527943611145,1,7,CHIRPS Daily v2.0,Maharashtra,CHIRPS Rainfall
2025-06-25,2025-07-02,26.0,2025,P034,21.025151968113196,74.75989256344387,Dhule,normal,statewide,32.013882637023926,1,7,CHIRPS Daily v2.0,Maharashtra,CHIRPS Rainfall
2025-06-25,2025-07-02,26.0,2025,P035,21.477028350667293,74.85568743137505,Dhule,normal,statewide,52.43293213844299,1,7,CHIRPS Daily v2.0,Maharashtra,CHIRPS Rainfall
2025-06-25,2025-07-02,26.0,2025,P036,20.933820660336515,74.37533522949364,Dhule,normal,statewide,30.254137992858887,1,7,CHIRPS Daily v2.0,Maharashtra,CHIRPS Rainfall
2025-06-25,2025-07-02,26.0,2025,P037,19.963056524597132,79.91698116388667,Garhchiroli,normal,statewide,63.51389741897583,1,7,CHIRPS Daily v2.0,Maharashtra,CHIRPS Rainfall
2025-06-25,2025-07-02,26.0,2025,P038,19.062661462582188,79.88977172925856,Garhchiroli,normal,statewide,49.28745412826538,1,7,CHIRPS Daily v2.0,Maharashtra,CHIRPS Rainfall
2025-06-25,2025-07-02,26.0,2025,P039,19.510270485428137,79.9981368030594,Garhchiroli,normal,statewide,45.084556579589844,1,7,CHIRPS Daily v2.0,Maharashtra,CHIRPS Rainfall
2025-06-25,2025-07-02,26.0,2025,P040,19.870365190999156,80.00935144220881,Garhchiroli,normal,statewide,64.8325309753418,1,7,CHIRPS Daily v2.0,Maharashtra,CHIRPS Rainfall
2025-06-25,2025-07-02,26.0,2025,P041,21.127639946725598,80.1465044724107,Gondiya,normal,statewide,66.37410163879395,1,7,CHIRPS Daily v2.0,Maharashtra,CHIRPS Rainfall
2025-06-25,2025-07-02,26.0,2025,P042,21.397598383602258,80.15591763473452,Gondiya,normal,statewide,63.87558078765869,1,7,CHIRPS Daily v2.0,Maharashtra,CHIRPS Rainfall
2025-06-25,2025-07-02,26.0,2025,P043,21.574548890706154,80.25847249986273,Gondiya,normal,statewide,71.34807586669922,1,7,CHIRPS Daily v2.0,Maharashtra,CHIRPS Rainfall
2025-06-25,2025-07-02,26.0,2025,P044,21.211649410572516,80.34153217518526,Gondiya,normal,statewide,69.00519037246704,1,7,CHIRPS Daily v2.0,Maharashtra,CHIRPS Rainfall
2025-06-25,2025-07-02,26.0,2025,P045,19.655900266732623,77.2407892392464,Hingoli,normal,statewide,79.9244213104248,1,7,CHIRPS Daily v2.0,Maharashtra,CHIRPS Rainfall
2025-06-25,2025-07-02,26.0,2025,P046,19.566758377573187,77.1442675378435,Hingoli,normal,statewide,60.91651630401611,1,7,CHIRPS Daily v2.0,Maharashtra,CHIRPS Rainfall
2025-06-25,2025-07-02,26.0,2025,P047,19.47860194974656,76.9526242927685,Hingoli,normal,statewide,60.10192680358887,1,7,CHIRPS Daily v2.0,Maharashtra,CHIRPS Rainfall
2025-06-25,2025-07-02,26.0,2025,P048,19.927981235710728,77.14910120338544,Hingoli,normal,statewide,62.440741539001465,1,7,CHIRPS Daily v2.0,Maharashtra,CHIRPS Rainfall
2025-06-25,2025-07-02,26.0,2025,P049,21.292738163229433,76.10816865346904,Jalgaon,normal,statewide,54.98360276222229,1,7,CHIRPS Daily v2.0,Maharashtra,CHIRPS Rainfall
2025-06-25,2025-07-02,26.0,2025,P050,21.386178625804387,75.43363151891216,Jalgaon,normal,statewide,46.20627522468567,1,7,CHIRPS Daily v2.0,Maharashtra,CHIRPS Rainfall
2025-06-25,2025-07-02,26.0,2025,P051,21.112064306745907,76.10682200495089,Jalgaon,normal,statewide,48.598910331726074,1,7,CHIRPS Daily v2.0,Maharashtra,CHIRPS Rainfall
2025-06-25,2025-07-02,26.0,2025,P052,20.844437979720194,75.23982115072519,Jalgaon,normal,statewide,47.17469000816345,1,7,CHIRPS Daily v2.0,Maharashtra,CHIRPS Rainfall
2025-06-25,2025-07-02,26.0,2025,P053,19.486369703781666,76.00005328932718,Jalna,normal,statewide,65.20897102355957,1,7,CHIRPS Daily v2.0,Maharashtra,CHIRPS Rainfall
2025-06-25,2025-07-02,26.0,2025,P054,20.028502750758555,76.00343774702675,Jalna,normal,statewide,78.70571327209473,1,7,CHIRPS Daily v2.0,Maharashtra,CHIRPS Rainfall
2025-06-25,2025-07-02,26.0,2025,P055,19.75743845682064,76.00172991132328,Jalna,normal,statewide,65.91274642944336,1,7,CHIRPS Daily v2.0,Maharashtra,CHIRPS Rainfall
2025-06-25,2025-07-02,26.0,2025,P056,19.57768317515413,75.80993951591351,Jalna,normal,statewide,62.079915046691895,1,7,CHIRPS Daily v2.0,Maharashtra,CHIRPS Rainfall
2025-06-25,2025-07-02,26.0,2025,P057,16.776377793156257,74.29671235971928,Kolhapur,normal,statewide,18.876442909240723,1,7,CHIRPS Daily v2.0,Maharashtra,CHIRPS Rainfall
2025-06-25,2025-07-02,26.0,2025,P058,16.324416687682138,74.29834884980589,Kolhapur,normal,statewide,13.747509956359863,1,7,CHIRPS Daily v2.0,Maharashtra,CHIRPS Rainfall
2025-06-25,2025-07-02,26.0,2025,P059,16.595891218916975,74.39111598812178,Kolhapur,normal,statewide,13.96219539642334,1,7,CHIRPS Daily v2.0,Maharashtra,CHIRPS Rainfall
2025-06-25,2025-07-02,26.0,2025,P060,16.414811584237594,74.29802779453004,Kolhapur,normal,statewide,13.855424880981445,1,7,CHIRPS Daily v2.0,Maharashtra,CHIRPS Rainfall
2025-06-25,2025-07-02,26.0,2025,P086,21.054127206758487,79.56798961993874,Nagpur,normal,statewide,54.871341705322266,1,7,CHIRPS Daily v2.0,Maharashtra,CHIRPS Rainfall
2025-06-25,2025-07-02,26.0,2025,P087,21.146765031143822,79.47473643960802,Nagpur,normal,statewide,57.58620834350586,1,7,CHIRPS Daily v2.0,Maharashtra,CHIRPS Rainfall
2025-06-25,2025-07-02,26.0,2025,P088,21.347803602138427,78.61442869606356,Nagpur,normal,statewide,101.36657905578613,1,7,CHIRPS Daily v2.0,Maharashtra,CHIRPS Rainfall
2025-06-25,2025-07-02,26.0,2025,P089,21.165377318940912,78.70615240473293,Nagpur,normal,statewide,74.00473880767822,1,7,CHIRPS Daily v2.0,Maharashtra,CHIRPS Rainfall
2025-06-25,2025-07-02,26.0,2025,P090,19.201968238592887,77.42470040309472,Nanded,normal,statewide,41.48501682281494,1,7,CHIRPS Daily v2.0,Maharashtra,CHIRPS Rainfall
2025-06-25,2025-07-02,26.0,2025,P091,18.566038000956755,77.69963965584807,Nanded,normal,statewide,35.511457443237305,1,7,CHIRPS Daily v2.0,Maharashtra,CHIRPS Rainfall
2025-06-25,2025-07-02,26.0,2025,P092,19.736596618496833,77.90946265591798,Nanded,normal,statewide,67.54817581176758,1,7,CHIRPS Daily v2.0,Maharashtra,CHIRPS Rainfall
2025-06-25,2025-07-02,26.0,2025,P093,18.93564842817583,77.04115528508362,Nanded,normal,statewide,51.07828426361084,1,7,CHIRPS Daily v2.0,Maharashtra,CHIRPS Rainfall
2025-06-25,2025-07-02,26.0,2025,P094,21.564917232430716,74.08292967791392,Nandurbar,normal,statewide,41.25203776359558,1,7,CHIRPS Daily v2.0,Maharashtra,CHIRPS Rainfall
2025-06-25,2025-07-02,26.0,2025,P095,21.5662594218478,74.37266422796263,Nandurbar,normal,statewide,38.21625757217407,1,7,CHIRPS Daily v2.0,Maharashtra,CHIRPS Rainfall
2025-06-25,2025-07-02,26.0,2025,P096,21.385179787168415,74.27697637845674,Nandurbar,normal,statewide,41.51275062561035,1,7,CHIRPS Daily v2.0,Maharashtra,CHIRPS Rainfall
2025-06-25,2025-07-02,26.0,2025,P097,21.565421110849755,74.17950488852946,Nandurbar,normal,statewide,30.677303314208984,1,7,CHIRPS Daily v2.0,Maharashtra,CHIRPS Rainfall
2025-06-25,2025-07-02,26.0,2025,P098,20.299553667393326,73.99482675929994,Nashik,normal,statewide,1.440219759941101,1,7,CHIRPS Daily v2.0,Maharashtra,CHIRPS Rainfall
2025-06-25,2025-07-02,26.0,2025,P099,20.120253214034264,74.28296495117151,Nashik,normal,statewide,36.545291781425476,1,7,CHIRPS Daily v2.0,Maharashtra,CHIRPS Rainfall
2025-06-25,2025-07-02,26.0,2025,P100,20.389903972938242,73.99424261706194,Nashik,normal,statewide,16.57584810256958,1,7,CHIRPS Daily v2.0,Maharashtra,CHIRPS Rainfall
2025-06-25,2025-07-02,26.0,2025,P101,20.029015547379707,74.09216447619562,Nashik,normal,statewide,15.920703053474426,1,7,CHIRPS Daily v2.0,Maharashtra,CHIRPS Rainfall
2025-06-25,2025-07-02,26.0,2025,P102,17.85749130266526,76.36802722645965,Osmanabad,normal,statewide,36.99599361419678,1,7,CHIRPS Daily v2.0,Maharashtra,CHIRPS Rainfall
2025-06-25,2025-07-02,26.0,2025,P103,17.76644983645705,76.46164605307673,Osmanabad,normal,statewide,35.91161346435547,1,7,CHIRPS Daily v2.0,Maharashtra,CHIRPS Rainfall
2025-06-25,2025-07-02,26.0,2025,P104,17.949094615606196,76.17989775301476,Osmanabad,normal,statewide,34.334388732910156,1,7,CHIRPS Daily v2.0,Maharashtra,CHIRPS Rainfall
2025-06-25,2025-07-02,26.0,2025,P105,18.584360447185368,75.61558067829696,Osmanabad,normal,statewide,39.19403034448624,1,7,CHIRPS Daily v2.0,Maharashtra,CHIRPS Rainfall
2025-06-25,2025-07-02,26.0,2025,P106,19.031389786894366,76.47235681380711,Parbhani,normal,statewide,57.045076847076416,1,7,CHIRPS Daily v2.0,Maharashtra,CHIRPS Rainfall
2025-06-25,2025-07-02,26.0,2025,P107,19.120950831552832,76.56820519095093,Parbhani,normal,statewide,52.573678970336914,1,7,CHIRPS Daily v2.0,Maharashtra,CHIRPS Rainfall
2025-06-25,2025-07-02,26.0,2025,P108,19.208625676465683,76.85432786914635,Parbhani,normal,statewide,55.694589614868164,1,7,CHIRPS Daily v2.0,Maharashtra,CHIRPS Rainfall
2025-06-25,2025-07-02,26.0,2025,P109,19.212081479782103,76.47396209018636,Parbhani,normal,statewide,62.06799793243408,1,7,CHIRPS Daily v2.0,Maharashtra,CHIRPS Rainfall
2025-06-25,2025-07-02,26.0,2025,P110,18.133442771357757,75.04679558432363,Pune,normal,statewide,25.89384663105011,1,7,CHIRPS Daily v2.0,Maharashtra,CHIRPS Rainfall
2025-06-25,2025-07-02,26.0,2025,P111,18.584645829652782,74.47919215212944,Pune,normal,statewide,21.359473556280136,1,7,CHIRPS Daily v2.0,Maharashtra,CHIRPS Rainfall
2025-06-25,2025-07-02,26.0,2025,P112,18.132979024848197,74.57507620208169,Pune,normal,statewide,18.544109523296356,1,7,CHIRPS Daily v2.0,Maharashtra,CHIRPS Rainfall
2025-06-25,2025-07-02,26.0,2025,P113,18.314072036830744,74.76389683618987,Pune,normal,statewide,28.390819668769836,1,7,CHIRPS Daily v2.0,Maharashtra,CHIRPS Rainfall
2025-06-25,2025-07-02,26.0,2025,P114,18.48503397121986,73.0589238755964,Raigarh,normal,statewide,26.878753662109375,1,7,CHIRPS Daily v2.0,Maharashtra,CHIRPS Rainfall
2025-06-25,2025-07-02,26.0,2025,P115,18.665689991299164,73.05687714821288,Raigarh,normal,statewide,18.908416748046875,1,7,CHIRPS Daily v2.0,Maharashtra,CHIRPS Rainfall
2025-06-25,2025-07-02,26.0,2025,P116,18.306197264370358,73.25009891506079,Raigarh,normal,statewide,27.157405853271484,1,7,CHIRPS Daily v2.0,Maharashtra,CHIRPS Rainfall
2025-06-25,2025-07-02,26.0,2025,P117,18.21404102289879,73.06194714611064,Raigarh,normal,statewide,57.90580368041992,1,7,CHIRPS Daily v2.0,Maharashtra,CHIRPS Rainfall
2025-06-25,2025-07-02,26.0,2025,P118,17.138719885658215,75.42259970290594,Sangli,normal,statewide,2.3913865089416504,1,7,CHIRPS Daily v2.0,Maharashtra,CHIRPS Rainfall
2025-06-25,2025-07-02,26.0,2025,P119,17.048761981005992,74.95348443567921,Sangli,normal,statewide,9.921107023954391,1,7,CHIRPS Daily v2.0,Maharashtra,CHIRPS Rainfall
2025-06-25,2025-07-02,26.0,2025,P120,16.86707144948229,74.39025538161847,Sangli,normal,statewide,29.68847131729126,1,7,CHIRPS Daily v2.0,Maharashtra,CHIRPS Rainfall
2025-06-25,2025-07-02,26.0,2025,P121,17.048503353144895,74.67157114887826,Sangli,normal,statewide,20.499283850193024,1,7,CHIRPS Daily v2.0,Maharashtra,CHIRPS Rainfall
2025-06-25,2025-07-02,26.0,2025,P148,17.67852974098626,76.08383979812143,Solapur,normal,statewide,40.853734493255615,1,7,CHIRPS Daily v2.0,Maharashtra,CHIRPS Rainfall
2025-06-25,2025-07-02,26.0,2025,P149,18.223365003201543,75.4251413905064,Solapur,normal,statewide,32.38376718759537,1,7,CHIRPS Daily v2.0,Maharashtra,CHIRPS Rainfall
2025-06-25,2025-07-02,26.0,2025,P150,17.952532582518405,75.23562067753285,Solapur,normal,statewide,15.741149842739105,1,7,CHIRPS Daily v2.0,Maharashtra,CHIRPS Rainfall
2025-06-25,2025-07-02,26.0,2025,P151,18.223690517578447,75.23598186471818,Solapur,normal,statewide,39.81986081600189,1,7,CHIRPS Daily v2.0,Maharashtra,CHIRPS Rainfall
2025-06-25,2025-07-02,26.0,2025,P152,19.658178867370932,72.94986318203122,Thane,normal,statewide,33.61892318725586,1,7,CHIRPS Daily v2.0,Maharashtra,CHIRPS Rainfall
2025-06-25,2025-07-02,26.0,2025,P153,19.65706409210757,72.8545320606096,Thane,normal,statewide,51.4019889831543,1,7,CHIRPS Daily v2.0,Maharashtra,CHIRPS Rainfall
2025-06-25,2025-07-02,26.0,2025,P154,19.477549601897948,72.95214624177059,Thane,normal,statewide,49.41184616088867,1,7,CHIRPS Daily v2.0,Maharashtra,CHIRPS Rainfall
2025-06-25,2025-07-02,26.0,2025,P155,19.83987385799569,73.0429959666335,Thane,normal,statewide,39.56373977661133,1,7,CHIRPS Daily v2.0,Maharashtra,CHIRPS Rainfall
2025-06-25,2025-07-02,26.0,2025,P156,20.806749657616468,78.60135461177485,Wardha,normal,statewide,68.62301445007324,1,7,CHIRPS Daily v2.0,Maharashtra,CHIRPS Rainfall
2025-06-25,2025-07-02,26.0,2025,P157,20.71031267913359,78.88671032458906,Wardha,normal,statewide,75.8195013999939,1,7,CHIRPS Daily v2.0,Maharashtra,CHIRPS Rainfall
2025-06-25,2025-07-02,26.0,2025,P158,21.081265295769754,78.41565980750515,Wardha,normal,statewide,74.71535396575928,1,7,CHIRPS Daily v2.0,Maharashtra,CHIRPS Rainfall
2025-06-25,2025-07-02,26.0,2025,P159,20.439854822938944,78.87986114537097,Wardha,normal,statewide,76.4052152633667,1,7,CHIRPS Daily v2.0,Maharashtra,CHIRPS Rainfall
2025-06-25,2025-07-02,26.0,2025,P160,20.289186257444058,77.15404188735265,Washim,normal,statewide,66.98297882080078,1,7,CHIRPS Daily v2.0,Maharashtra,CHIRPS Rainfall
2025-06-25,2025-07-02,26.0,2025,P161,20.464607292886615,77.53975858757677,Washim,normal,statewide,75.49641275405884,1,7,CHIRPS Daily v2.0,Maharashtra,CHIRPS Rainfall
2025-06-25,2025-07-02,26.0,2025,P162,20.107393166596125,77.2471479173486,Washim,normal,statewide,71.33062887191772,1,7,CHIRPS Daily v2.0,Maharashtra,CHIRPS Rainfall
2025-06-25,2025-07-02,26.0,2025,P163,20.198885002010726,77.1527933390577,Washim,normal,statewide,77.99569797515869,1,7,CHIRPS Daily v2.0,Maharashtra,CHIRPS Rainfall
2025-06-25,2025-07-02,26.0,2025,P164,20.182854533723592,78.20447678161395,Yavatmal,normal,statewide,44.61823034286499,1,7,CHIRPS Daily v2.0,Maharashtra,CHIRPS Rainfall
2025-06-25,2025-07-02,26.0,2025,P165,19.894658373538324,79.05709703494229,Yavatmal,normal,statewide,66.31177425384521,1,7,CHIRPS Daily v2.0,Maharashtra,CHIRPS Rainfall
2025-06-25,2025-07-02,26.0,2025,P166,19.468787468327925,77.71426550730338,Yavatmal,normal,statewide,63.976101875305176,1,7,CHIRPS Daily v2.0,Maharashtra,CHIRPS Rainfall
2025-06-25,2025-07-02,26.0,2025,P167,19.559057510053886,77.71577268345945,Yavatmal,normal,statewide,74.58321857452393,1,7,CHIRPS Daily v2.0,Maharashtra,CHIRPS Rainfall
