Week_Start,Week_End,Week_Number,Year,point_id,latitude,longitude,district,sampling_priority,region_type,Rainfall_mm,Rainfall_Valid,CHIRPS_Days,rainfall_source,study_area,dataset
2025-07-02,2025-07-09,27.0,2025,P147,17.927231643141155,73.94769852026607,Satara,case_study,case_study,42.213829040527344,1,7,CHIRPS Daily v2.0,Maharashtra,CHIRPS Rainfall
2025-07-02,2025-07-09,27.0,2025,P061,18.507855650411397,76.91766048140843,Latur,high,priority,30.106308341026306,1,7,CHIRPS Daily v2.0,Maharashtra,CHIRPS Rainfall
2025-07-02,2025-07-09,27.0,2025,P062,18.422405896924207,76.3487594508077,Latur,high,priority,26.09295630455017,1,7,CHIRPS Daily v2.0,Maharashtra,CHIRPS Rainfall
2025-07-02,2025-07-09,27.0,2025,P063,18.235391198742693,77.05646783810116,Latur,high,priority,29.402015447616577,1,7,CHIRPS Daily v2.0,Maharashtra,CHIRPS Rainfall
2025-07-02,2025-07-09,27.0,2025,P064,18.193056493341274,76.77240080549139,Latur,high,priority,33.43441843986511,1,7,CHIRPS Daily v2.0,Maharashtra,CHIRPS Rainfall
2025-07-02,2025-07-09,27.0,2025,P065,18.331355512513895,76.44266811899327,Latur,high,priority,27.10032343864441,1,7,CHIRPS Daily v2.0,Maharashtra,CHIRPS Rainfall
2025-07-02,2025-07-09,27.0,2025,P066,18.104739537876725,76.5352970251765,Latur,high,priority,26.129698872566223,1,7,CHIRPS Daily v2.0,Maharashtra,CHIRPS Rainfall
2025-07-02,2025-07-09,27.0,2025,P067,18.280552974211986,77.0569984711265,Latur,high,priority,33.600451946258545,1,7,CHIRPS Daily v2.0,Maharashtra,CHIRPS Rainfall
2025-07-02,2025-07-09,27.0,2025,P068,18.101823285787773,76.86595720469373,Latur,high,priority,42.57133769989014,1,7,CHIRPS Daily v2.0,Maharashtra,CHIRPS Rainfall
2025-07-02,2025-07-09,27.0,2025,P069,18.595075667016793,77.20284228928156,Latur,high,priority,41.21837651729584,1,7,CHIRPS Daily v2.0,Maharashtra,CHIRPS Rainfall
2025-07-02,2025-07-09,27.0,2025,P070,18.41499041187233,77.15322587185987,Latur,high,priority,31.900763630867004,1,7,CHIRPS Daily v2.0,Maharashtra,CHIRPS Rainfall
2025-07-02,2025-07-09,27.0,2025,P071,18.149138807065885,76.63019561379593,Latur,high,priority,31.39142370223999,1,7,CHIRPS Daily v2.0,Maharashtra,CHIRPS Rainfall
2025-07-02,2025-07-09,27.0,2025,P072,18.283393421583035,76.77331492120734,Latur,high,priority,29.72703766822815,1,7,CHIRPS Daily v2.0,Maharashtra,CHIRPS Rainfall
2025-07-02,2025-07-09,27.0,2025,P073,17.966315663874607,76.86453029235662,Latur,high,priority,47.968017578125,1,7,CHIRPS Daily v2.0,Maharashtra,CHIRPS Rainfall
2025-07-02,2025-07-09,27.0,2025,P074,18.50832831512306,76.870318205524,Latur,high,priority,31.23240375518799,1,7,CHIRPS Daily v2.0,Maharashtra,CHIRPS Rainfall
2025-07-02,2025-07-09,27.0,2025,P075,18.41444640154381,77.20053247493588,Latur,high,priority,34.70538902282715,1,7,CHIRPS Daily v2.0,Maharashtra,CHIRPS Rainfall
2025-07-02,2025-07-09,27.0,2025,P076,18.377877313804504,76.25376722106614,Latur,high,priority,5.131567001342773,1,7,CHIRPS Daily v2.0,Maharashtra,CHIRPS Rainfall
2025-07-02,2025-07-09,27.0,2025,P077,18.059564385104267,76.5349046242838,Latur,high,priority,33.836114168167114,1,7,CHIRPS Daily v2.0,Maharashtra,CHIRPS Rainfall
2025-07-02,2025-07-09,27.0,2025,P078,18.1008824154655,76.96042326051098,Latur,high,priority,36.29808306694031,1,7,CHIRPS Daily v2.0,Maharashtra,CHIRPS Rainfall
2025-07-02,2025-07-09,27.0,2025,P079,18.73508698099394,76.77797468180819,Latur,high,priority,12.688274383544922,1,7,CHIRPS Daily v2.0,Maharashtra,CHIRPS Rainfall
2025-07-02,2025-07-09,27.0,2025,P080,18.46791548227568,76.3017694439065,Latur,high,priority,12.884047627449036,1,7,CHIRPS Daily v2.0,Maharashtra,CHIRPS Rainfall
2025-07-02,2025-07-09,27.0,2025,P081,18.10355787609756,76.67701617485712,Latur,high,priority,35.22375774383545,1,7,CHIRPS Daily v2.0,Maharashtra,CHIRPS Rainfall
2025-07-02,2025-07-09,27.0,2025,P082,18.23907887531389,76.67830931416262,Latur,high,priority,32.34969353675842,1,7,CHIRPS Daily v2.0,Maharashtra,CHIRPS Rainfall
2025-07-02,2025-07-09,27.0,2025,P083,18.369289085175563,77.19996171000103,Latur,high,priority,35.45984411239624,1,7,CHIRPS Daily v2.0,Maharashtra,CHIRPS Rainfall
2025-07-02,2025-07-09,27.0,2025,P084,18.46362582706226,76.82249880582684,Latur,high,priority,31.428556442260742,1,7,CHIRPS Daily v2.0,Maharashtra,CHIRPS Rainfall
2025-07-02,2025-07-09,27.0,2025,P085,18.14788579966987,76.77194597718393,Latur,high,priority,38.09146165847778,1,7,CHIRPS Daily v2.0,Maharashtra,CHIRPS Rainfall
2025-07-02,2025-07-09,27.0,2025,P122,17.88145897082753,73.8441448165019,Satara,high,priority,68.90592575073242,1,7,CHIRPS Daily v2.0,Maharashtra,CHIRPS Rainfall
2025-07-02,2025-07-09,27.0,2025,P123,17.386414030975025,74.27088970551878,Satara,high,priority,34.18986642360687,1,7,CHIRPS Daily v2.0,Maharashtra,CHIRPS Rainfall
2025-07-02,2025-07-09,27.0,2025,P124,17.43262815429294,74.647353771057,Satara,high,priority,18.744236707687378,1,7,CHIRPS Daily v2.0,Maharashtra,CHIRPS Rainfall
2025-07-02,2025-07-09,27.0,2025,P125,17.56734651531964,74.31728219287884,Satara,high,priority,33.878949999809265,1,7,CHIRPS Daily v2.0,Maharashtra,CHIRPS Rainfall
2025-07-02,2025-07-09,27.0,2025,P126,17.205080227535593,74.13053949986157,Satara,high,priority,38.84795141220093,1,7,CHIRPS Daily v2.0,Maharashtra,CHIRPS Rainfall
2025-07-02,2025-07-09,27.0,2025,P127,17.65773249367299,74.31694330119876,Satara,high,priority,6.030015349388123,1,7,CHIRPS Daily v2.0,Maharashtra,CHIRPS Rainfall
2025-07-02,2025-07-09,27.0,2025,P128,18.019949731345452,74.5517328080669,Satara,high,priority,1.8890486359596252,1,7,CHIRPS Daily v2.0,Maharashtra,CHIRPS Rainfall
2025-07-02,2025-07-09,27.0,2025,P129,18.063234225271252,74.03192648006461,Satara,high,priority,11.151273012161255,1,7,CHIRPS Daily v2.0,Maharashtra,CHIRPS Rainfall
2025-07-02,2025-07-09,27.0,2025,P130,17.61135784271715,74.03436560834085,Satara,high,priority,78.75795936584473,1,7,CHIRPS Daily v2.0,Maharashtra,CHIRPS Rainfall
2025-07-02,2025-07-09,27.0,2025,P131,17.612539504496315,74.3171127470388,Satara,high,priority,6.06403923034668,1,7,CHIRPS Daily v2.0,Maharashtra,CHIRPS Rainfall
2025-07-02,2025-07-09,27.0,2025,P132,17.702176353872684,74.12817617630324,Satara,high,priority,23.46546173095703,1,7,CHIRPS Daily v2.0,Maharashtra,CHIRPS Rainfall
2025-07-02,2025-07-09,27.0,2025,P133,17.25006363896275,74.08329532420031,Satara,high,priority,56.09939360618591,1,7,CHIRPS Daily v2.0,Maharashtra,CHIRPS Rainfall
2025-07-02,2025-07-09,27.0,2025,P134,17.476429903940936,74.17634784498362,Satara,high,priority,15.563923597335815,1,7,CHIRPS Daily v2.0,Maharashtra,CHIRPS Rainfall
2025-07-02,2025-07-09,27.0,2025,P135,17.882716437324603,74.0801070669471,Satara,high,priority,23.08318853378296,1,7,CHIRPS Daily v2.0,Maharashtra,CHIRPS Rainfall
2025-07-02,2025-07-09,27.0,2025,P136,17.928520323345598,74.22149178404871,Satara,high,priority,2.658733546733856,1,7,CHIRPS Daily v2.0,Maharashtra,CHIRPS Rainfall
2025-07-02,2025-07-09,27.0,2025,P137,17.746687100588183,73.98648378122894,Satara,high,priority,30.15372610092163,1,7,CHIRPS Daily v2.0,Maharashtra,CHIRPS Rainfall
2025-07-02,2025-07-09,27.0,2025,P138,17.61269557303319,74.36423652697161,Satara,high,priority,5.710157513618469,1,7,CHIRPS Daily v2.0,Maharashtra,CHIRPS Rainfall
2025-07-02,2025-07-09,27.0,2025,P139,17.656773786946495,74.08126197411994,Satara,high,priority,40.83353137969971,1,7,CHIRPS Daily v2.0,Maharashtra,CHIRPS Rainfall
2025-07-02,2025-07-09,27.0,2025,P140,17.97464080554139,74.50462240543725,Satara,high,priority,2.448463559150696,1,7,CHIRPS Daily v2.0,Maharashtra,CHIRPS Rainfall
2025-07-02,2025-07-09,27.0,2025,P141,17.430826677467348,74.08239904488856,Satara,high,priority,58.469993591308594,1,7,CHIRPS Daily v2.0,Maharashtra,CHIRPS Rainfall
2025-07-02,2025-07-09,27.0,2025,P142,18.064447100757786,74.31538707493111,Satara,high,priority,3.3592384457588196,1,7,CHIRPS Daily v2.0,Maharashtra,CHIRPS Rainfall
2025-07-02,2025-07-09,27.0,2025,P143,17.70379500755509,74.6468275971327,Satara,high,priority,6.8784706592559814,1,7,CHIRPS Daily v2.0,Maharashtra,CHIRPS Rainfall
2025-07-02,2025-07-09,27.0,2025,P144,17.929452275465767,74.50474726026674,Satara,high,priority,2.6250868439674377,1,7,CHIRPS Daily v2.0,Maharashtra,CHIRPS Rainfall
2025-07-02,2025-07-09,27.0,2025,P145,17.47773196144854,74.60017202281048,Satara,high,priority,26.927261114120483,1,7,CHIRPS Daily v2.0,Maharashtra,CHIRPS Rainfall
2025-07-02,2025-07-09,27.0,2025,P146,17.839182233739812,74.55218763637436,Satara,high,priority,4.8413620591163635,1,7,CHIRPS Daily v2.0,Maharashtra,CHIRPS Rainfall
2025-07-02,2025-07-09,27.0,2025,P001,19.940457800458272,74.57045211428928,Ahmednagar,normal,statewide,5.9399391412734985,1,7,CHIRPS Daily v2.0,Maharashtra,CHIRPS Rainfall
2025-07-02,2025-07-09,27.0,2025,P002,18.946729294293643,74.76302285238339,Ahmednagar,normal,statewide,4.164871588349342,1,7,CHIRPS Daily v2.0,Maharashtra,CHIRPS Rainfall
2025-07-02,2025-07-09,27.0,2025,P003,18.49469238410162,74.66892244285252,Ahmednagar,normal,statewide,1.2299934029579163,1,7,CHIRPS Daily v2.0,Maharashtra,CHIRPS Rainfall
2025-07-02,2025-07-09,27.0,2025,P004,19.03720445466806,75.1420731965326,Ahmednagar,normal,statewide,0.8184944987297058,1,7,CHIRPS Daily v2.0,Maharashtra,CHIRPS Rainfall
2025-07-02,2025-07-09,27.0,2025,P005,20.832153156317954,77.06560453615967,Akola,normal,statewide,78.32793247699738,1,7,CHIRPS Daily v2.0,Maharashtra,CHIRPS Rainfall
2025-07-02,2025-07-09,27.0,2025,P006,20.834360411339407,76.87349308547405,Akola,normal,statewide,63.64078342914581,1,7,CHIRPS Daily v2.0,Maharashtra,CHIRPS Rainfall
2025-07-02,2025-07-09,27.0,2025,P007,21.014976299509232,76.87574047240498,Akola,normal,statewide,60.86626374721527,1,7,CHIRPS Daily v2.0,Maharashtra,CHIRPS Rainfall
2025-07-02,2025-07-09,27.0,2025,P008,20.828434266039377,77.35372489162701,Akola,normal,statewide,91.93352913856506,1,7,CHIRPS Daily v2.0,Maharashtra,CHIRPS Rainfall
2025-07-02,2025-07-09,27.0,2025,P009,21.360971327549258,77.94039543992572,Amravati,normal,statewide,102.06170320510864,1,7,CHIRPS Daily v2.0,Maharashtra,CHIRPS Rainfall
2025-07-02,2025-07-09,27.0,2025,P010,21.178803672212837,78.03301542790685,Amravati,normal,statewide,131.69571828842163,1,7,CHIRPS Daily v2.0,Maharashtra,CHIRPS Rainfall
2025-07-02,2025-07-09,27.0,2025,P011,20.814388097721018,78.21764450702477,Amravati,normal,statewide,152.34896516799927,1,7,CHIRPS Daily v2.0,Maharashtra,CHIRPS Rainfall
2025-07-02,2025-07-09,27.0,2025,P012,21.180502589714195,77.93681032267875,Amravati,normal,statewide,123.0385971069336,1,7,CHIRPS Daily v2.0,Maharashtra,CHIRPS Rainfall
2025-07-02,2025-07-09,27.0,2025,P013,20.031289688916964,74.8570519162974,Aurangabad,normal,statewide,9.814361810684204,1,7,CHIRPS Daily v2.0,Maharashtra,CHIRPS Rainfall
2025-07-02,2025-07-09,27.0,2025,P014,19.760185263069562,75.14270192978114,Aurangabad,normal,statewide,7.432106137275696,1,7,CHIRPS Daily v2.0,Maharashtra,CHIRPS Rainfall
2025-07-02,2025-07-09,27.0,2025,P015,19.9408189876436,74.76157364454102,Aurangabad,normal,statewide,6.550610780715942,1,7,CHIRPS Daily v2.0,Maharashtra,CHIRPS Rainfall
2025-07-02,2025-07-09,27.0,2025,P016,19.66981712112043,75.14262166596218,Aurangabad,normal,statewide,6.730501115322113,1,7,CHIRPS Daily v2.0,Maharashtra,CHIRPS Rainfall
2025-07-02,2025-07-09,27.0,2025,P017,21.04613203856966,79.85576216552393,Bhandara,normal,statewide,133.8264172077179,1,7,CHIRPS Daily v2.0,Maharashtra,CHIRPS Rainfall
2025-07-02,2025-07-09,27.0,2025,P018,21.31897105472685,79.76852877161537,Bhandara,normal,statewide,160.3615846633911,1,7,CHIRPS Daily v2.0,Maharashtra,CHIRPS Rainfall
2025-07-02,2025-07-09,27.0,2025,P019,21.40900922319803,79.77144948280537,Bhandara,normal,statewide,165.81121063232422,1,7,CHIRPS Daily v2.0,Maharashtra,CHIRPS Rainfall
2025-07-02,2025-07-09,27.0,2025,P020,21.144196588937042,79.57074980349083,Bhandara,normal,statewide,135.92352294921875,1,7,CHIRPS Daily v2.0,Maharashtra,CHIRPS Rainfall
2025-07-02,2025-07-09,27.0,2025,P021,18.67502288980403,75.52108340877234,Bid,normal,statewide,10.020566008985043,1,7,CHIRPS Daily v2.0,Maharashtra,CHIRPS Rainfall
2025-07-02,2025-07-09,27.0,2025,P022,18.856499384477168,75.04699178476999,Bid,normal,statewide,0.8643666654825211,1,7,CHIRPS Daily v2.0,Maharashtra,CHIRPS Rainfall
2025-07-02,2025-07-09,27.0,2025,P023,19.126596053486494,75.6175605191647,Bid,normal,statewide,9.64959779381752,1,7,CHIRPS Daily v2.0,Maharashtra,CHIRPS Rainfall
2025-07-02,2025-07-09,27.0,2025,P024,18.763955201213946,75.90084720909012,Bid,normal,statewide,0.6763217151165009,1,7,CHIRPS Daily v2.0,Maharashtra,CHIRPS Rainfall
2025-07-02,2025-07-09,27.0,2025,P025,20.93073496240753,76.20164478885242,Buldana,normal,statewide,64.41925546526909,1,7,CHIRPS Daily v2.0,Maharashtra,CHIRPS Rainfall
2025-07-02,2025-07-09,27.0,2025,P026,20.838939908121294,76.39311412898633,Buldana,normal,statewide,68.66399419307709,1,7,CHIRPS Daily v2.0,Maharashtra,CHIRPS Rainfall
2025-07-02,2025-07-09,27.0,2025,P027,20.657476790751314,76.48742857536776,Buldana,normal,statewide,79.84205538034439,1,7,CHIRPS Daily v2.0,Maharashtra,CHIRPS Rainfall
2025-07-02,2025-07-09,27.0,2025,P028,20.47967013624516,76.10222021266374,Buldana,normal,statewide,65.47729065269232,1,7,CHIRPS Daily v2.0,Maharashtra,CHIRPS Rainfall
2025-07-02,2025-07-09,27.0,2025,P029,20.32317798477448,79.92829390325927,Chandrapur,normal,statewide,145.98050689697266,1,7,CHIRPS Daily v2.0,Maharashtra,CHIRPS Rainfall
2025-07-02,2025-07-09,27.0,2025,P030,20.60872097983294,79.36304041732026,Chandrapur,normal,statewide,133.38476419448853,1,7,CHIRPS Daily v2.0,Maharashtra,CHIRPS Rainfall
2025-07-02,2025-07-09,27.0,2025,P031,20.511160307884595,79.64732594588165,Chandrapur,normal,statewide,142.33082699775696,1,7,CHIRPS Daily v2.0,Maharashtra,CHIRPS Rainfall
2025-07-02,2025-07-09,27.0,2025,P032,20.598621115946884,79.74569817422172,Chandrapur,normal,statewide,148.3971848487854,1,7,CHIRPS Daily v2.0,Maharashtra,CHIRPS Rainfall
2025-07-02,2025-07-09,27.0,2025,P033,21.38667804512237,75.14422248324037,Dhule,normal,statewide,53.86753809452057,1,7,CHIRPS Daily v2.0,Maharashtra,CHIRPS Rainfall
2025-07-02,2025-07-09,27.0,2025,P034,21.025151968113196,74.75989256344387,Dhule,normal,statewide,27.131413221359253,1,7,CHIRPS Daily v2.0,Maharashtra,CHIRPS Rainfall
2025-07-02,2025-07-09,27.0,2025,P035,21.477028350667293,74.85568743137505,Dhule,normal,statewide,44.636483788490295,1,7,CHIRPS Daily v2.0,Maharashtra,CHIRPS Rainfall
2025-07-02,2025-07-09,27.0,2025,P036,20.933820660336515,74.37533522949364,Dhule,normal,statewide,42.57461190223694,1,7,CHIRPS Daily v2.0,Maharashtra,CHIRPS Rainfall
2025-07-02,2025-07-09,27.0,2025,P037,19.963056524597132,79.91698116388667,Garhchiroli,normal,statewide,148.68886852264404,1,7,CHIRPS Daily v2.0,Maharashtra,CHIRPS Rainfall
2025-07-02,2025-07-09,27.0,2025,P038,19.062661462582188,79.88977172925856,Garhchiroli,normal,statewide,94.9814600944519,1,7,CHIRPS Daily v2.0,Maharashtra,CHIRPS Rainfall
2025-07-02,2025-07-09,27.0,2025,P039,19.510270485428137,79.9981368030594,Garhchiroli,normal,statewide,121.86929893493652,1,7,CHIRPS Daily v2.0,Maharashtra,CHIRPS Rainfall
2025-07-02,2025-07-09,27.0,2025,P040,19.870365190999156,80.00935144220881,Garhchiroli,normal,statewide,151.92176246643066,1,7,CHIRPS Daily v2.0,Maharashtra,CHIRPS Rainfall
2025-07-02,2025-07-09,27.0,2025,P041,21.127639946725598,80.1465044724107,Gondiya,normal,statewide,156.80364084243774,1,7,CHIRPS Daily v2.0,Maharashtra,CHIRPS Rainfall
2025-07-02,2025-07-09,27.0,2025,P042,21.397598383602258,80.15591763473452,Gondiya,normal,statewide,178.57562351226807,1,7,CHIRPS Daily v2.0,Maharashtra,CHIRPS Rainfall
2025-07-02,2025-07-09,27.0,2025,P043,21.574548890706154,80.25847249986273,Gondiya,normal,statewide,182.7671823501587,1,7,CHIRPS Daily v2.0,Maharashtra,CHIRPS Rainfall
2025-07-02,2025-07-09,27.0,2025,P044,21.211649410572516,80.34153217518526,Gondiya,normal,statewide,141.27138781547546,1,7,CHIRPS Daily v2.0,Maharashtra,CHIRPS Rainfall
2025-07-02,2025-07-09,27.0,2025,P045,19.655900266732623,77.2407892392464,Hingoli,normal,statewide,88.57832193374634,1,7,CHIRPS Daily v2.0,Maharashtra,CHIRPS Rainfall
2025-07-02,2025-07-09,27.0,2025,P046,19.566758377573187,77.1442675378435,Hingoli,normal,statewide,65.09565329551697,1,7,CHIRPS Daily v2.0,Maharashtra,CHIRPS Rainfall
2025-07-02,2025-07-09,27.0,2025,P047,19.47860194974656,76.9526242927685,Hingoli,normal,statewide,46.40151393413544,1,7,CHIRPS Daily v2.0,Maharashtra,CHIRPS Rainfall
2025-07-02,2025-07-09,27.0,2025,P048,19.927981235710728,77.14910120338544,Hingoli,normal,statewide,97.08845376968384,1,7,CHIRPS Daily v2.0,Maharashtra,CHIRPS Rainfall
2025-07-02,2025-07-09,27.0,2025,P049,21.292738163229433,76.10816865346904,Jalgaon,normal,statewide,103.40718364715576,1,7,CHIRPS Daily v2.0,Maharashtra,CHIRPS Rainfall
2025-07-02,2025-07-09,27.0,2025,P050,21.386178625804387,75.43363151891216,Jalgaon,normal,statewide,88.91667056083679,1,7,CHIRPS Daily v2.0,Maharashtra,CHIRPS Rainfall
2025-07-02,2025-07-09,27.0,2025,P051,21.112064306745907,76.10682200495089,Jalgaon,normal,statewide,80.29543155431747,1,7,CHIRPS Daily v2.0,Maharashtra,CHIRPS Rainfall
2025-07-02,2025-07-09,27.0,2025,P052,20.844437979720194,75.23982115072519,Jalgaon,normal,statewide,31.72566592693329,1,7,CHIRPS Daily v2.0,Maharashtra,CHIRPS Rainfall
2025-07-02,2025-07-09,27.0,2025,P053,19.486369703781666,76.00005328932718,Jalna,normal,statewide,18.303267240524292,1,7,CHIRPS Daily v2.0,Maharashtra,CHIRPS Rainfall
2025-07-02,2025-07-09,27.0,2025,P054,20.028502750758555,76.00343774702675,Jalna,normal,statewide,31.460712164640427,1,7,CHIRPS Daily v2.0,Maharashtra,CHIRPS Rainfall
2025-07-02,2025-07-09,27.0,2025,P055,19.75743845682064,76.00172991132328,Jalna,normal,statewide,26.50905340909958,1,7,CHIRPS Daily v2.0,Maharashtra,CHIRPS Rainfall
2025-07-02,2025-07-09,27.0,2025,P056,19.57768317515413,75.80993951591351,Jalna,normal,statewide,18.43492954969406,1,7,CHIRPS Daily v2.0,Maharashtra,CHIRPS Rainfall
2025-07-02,2025-07-09,27.0,2025,P057,16.776377793156257,74.29671235971928,Kolhapur,normal,statewide,20.92565631866455,1,7,CHIRPS Daily v2.0,Maharashtra,CHIRPS Rainfall
2025-07-02,2025-07-09,27.0,2025,P058,16.324416687682138,74.29834884980589,Kolhapur,normal,statewide,147.93006706237793,1,7,CHIRPS Daily v2.0,Maharashtra,CHIRPS Rainfall
2025-07-02,2025-07-09,27.0,2025,P059,16.595891218916975,74.39111598812178,Kolhapur,normal,statewide,24.9200439453125,1,7,CHIRPS Daily v2.0,Maharashtra,CHIRPS Rainfall
2025-07-02,2025-07-09,27.0,2025,P060,16.414811584237594,74.29802779453004,Kolhapur,normal,statewide,82.1638069152832,1,7,CHIRPS Daily v2.0,Maharashtra,CHIRPS Rainfall
2025-07-02,2025-07-09,27.0,2025,P086,21.054127206758487,79.56798961993874,Nagpur,normal,statewide,137.87069702148438,1,7,CHIRPS Daily v2.0,Maharashtra,CHIRPS Rainfall
2025-07-02,2025-07-09,27.0,2025,P087,21.146765031143822,79.47473643960802,Nagpur,normal,statewide,147.94001293182373,1,7,CHIRPS Daily v2.0,Maharashtra,CHIRPS Rainfall
2025-07-02,2025-07-09,27.0,2025,P088,21.347803602138427,78.61442869606356,Nagpur,normal,statewide,168.28858613967896,1,7,CHIRPS Daily v2.0,Maharashtra,CHIRPS Rainfall
2025-07-02,2025-07-09,27.0,2025,P089,21.165377318940912,78.70615240473293,Nagpur,normal,statewide,156.2488260269165,1,7,CHIRPS Daily v2.0,Maharashtra,CHIRPS Rainfall
2025-07-02,2025-07-09,27.0,2025,P090,19.201968238592887,77.42470040309472,Nanded,normal,statewide,52.45885384082794,1,7,CHIRPS Daily v2.0,Maharashtra,CHIRPS Rainfall
2025-07-02,2025-07-09,27.0,2025,P091,18.566038000956755,77.69963965584807,Nanded,normal,statewide,35.40423583984375,1,7,CHIRPS Daily v2.0,Maharashtra,CHIRPS Rainfall
2025-07-02,2025-07-09,27.0,2025,P092,19.736596618496833,77.90946265591798,Nanded,normal,statewide,99.3839807510376,1,7,CHIRPS Daily v2.0,Maharashtra,CHIRPS Rainfall
2025-07-02,2025-07-09,27.0,2025,P093,18.93564842817583,77.04115528508362,Nanded,normal,statewide,35.26012420654297,1,7,CHIRPS Daily v2.0,Maharashtra,CHIRPS Rainfall
2025-07-02,2025-07-09,27.0,2025,P094,21.564917232430716,74.08292967791392,Nandurbar,normal,statewide,35.86754584312439,1,7,CHIRPS Daily v2.0,Maharashtra,CHIRPS Rainfall
2025-07-02,2025-07-09,27.0,2025,P095,21.5662594218478,74.37266422796263,Nandurbar,normal,statewide,38.8020675778389,1,7,CHIRPS Daily v2.0,Maharashtra,CHIRPS Rainfall
2025-07-02,2025-07-09,27.0,2025,P096,21.385179787168415,74.27697637845674,Nandurbar,normal,statewide,39.4655636548996,1,7,CHIRPS Daily v2.0,Maharashtra,CHIRPS Rainfall
2025-07-02,2025-07-09,27.0,2025,P097,21.565421110849755,74.17950488852946,Nandurbar,normal,statewide,41.455024003982544,1,7,CHIRPS Daily v2.0,Maharashtra,CHIRPS Rainfall
2025-07-02,2025-07-09,27.0,2025,P098,20.299553667393326,73.99482675929994,Nashik,normal,statewide,18.166696310043335,1,7,CHIRPS Daily v2.0,Maharashtra,CHIRPS Rainfall
2025-07-02,2025-07-09,27.0,2025,P099,20.120253214034264,74.28296495117151,Nashik,normal,statewide,8.791498363018036,1,7,CHIRPS Daily v2.0,Maharashtra,CHIRPS Rainfall
2025-07-02,2025-07-09,27.0,2025,P100,20.389903972938242,73.99424261706194,Nashik,normal,statewide,22.830216646194458,1,7,CHIRPS Daily v2.0,Maharashtra,CHIRPS Rainfall
2025-07-02,2025-07-09,27.0,2025,P101,20.029015547379707,74.09216447619562,Nashik,normal,statewide,3.8861321806907654,1,7,CHIRPS Daily v2.0,Maharashtra,CHIRPS Rainfall
2025-07-02,2025-07-09,27.0,2025,P102,17.85749130266526,76.36802722645965,Osmanabad,normal,statewide,33.62915766239166,1,7,CHIRPS Daily v2.0,Maharashtra,CHIRPS Rainfall
2025-07-02,2025-07-09,27.0,2025,P103,17.76644983645705,76.46164605307673,Osmanabad,normal,statewide,32.002604961395264,1,7,CHIRPS Daily v2.0,Maharashtra,CHIRPS Rainfall
2025-07-02,2025-07-09,27.0,2025,P104,17.949094615606196,76.17989775301476,Osmanabad,normal,statewide,27.11030626296997,1,7,CHIRPS Daily v2.0,Maharashtra,CHIRPS Rainfall
2025-07-02,2025-07-09,27.0,2025,P105,18.584360447185368,75.61558067829696,Osmanabad,normal,statewide,11.404151916503906,1,7,CHIRPS Daily v2.0,Maharashtra,CHIRPS Rainfall
2025-07-02,2025-07-09,27.0,2025,P106,19.031389786894366,76.47235681380711,Parbhani,normal,statewide,24.76305018365383,1,7,CHIRPS Daily v2.0,Maharashtra,CHIRPS Rainfall
2025-07-02,2025-07-09,27.0,2025,P107,19.120950831552832,76.56820519095093,Parbhani,normal,statewide,19.30085986852646,1,7,CHIRPS Daily v2.0,Maharashtra,CHIRPS Rainfall
2025-07-02,2025-07-09,27.0,2025,P108,19.208625676465683,76.85432786914635,Parbhani,normal,statewide,34.82761198282242,1,7,CHIRPS Daily v2.0,Maharashtra,CHIRPS Rainfall
2025-07-02,2025-07-09,27.0,2025,P109,19.212081479782103,76.47396209018636,Parbhani,normal,statewide,30.291457891464233,1,7,CHIRPS Daily v2.0,Maharashtra,CHIRPS Rainfall
2025-07-02,2025-07-09,27.0,2025,P110,18.133442771357757,75.04679558432363,Pune,normal,statewide,13.840571716427803,1,7,CHIRPS Daily v2.0,Maharashtra,CHIRPS Rainfall
2025-07-02,2025-07-09,27.0,2025,P111,18.584645829652782,74.47919215212944,Pune,normal,statewide,1.10701085627079,1,7,CHIRPS Daily v2.0,Maharashtra,CHIRPS Rainfall
2025-07-02,2025-07-09,27.0,2025,P112,18.132979024848197,74.57507620208169,Pune,normal,statewide,1.2649177461862564,1,7,CHIRPS Daily v2.0,Maharashtra,CHIRPS Rainfall
2025-07-02,2025-07-09,27.0,2025,P113,18.314072036830744,74.76389683618987,Pune,normal,statewide,2.3840747475624084,1,7,CHIRPS Daily v2.0,Maharashtra,CHIRPS Rainfall
2025-07-02,2025-07-09,27.0,2025,P114,18.48503397121986,73.0589238755964,Raigarh,normal,statewide,149.7125358581543,1,7,CHIRPS Daily v2.0,Maharashtra,CHIRPS Rainfall
2025-07-02,2025-07-09,27.0,2025,P115,18.665689991299164,73.05687714821288,Raigarh,normal,statewide,102.27243614196777,1,7,CHIRPS Daily v2.0,Maharashtra,CHIRPS Rainfall
2025-07-02,2025-07-09,27.0,2025,P116,18.306197264370358,73.25009891506079,Raigarh,normal,statewide,156.5131378173828,1,7,CHIRPS Daily v2.0,Maharashtra,CHIRPS Rainfall
2025-07-02,2025-07-09,27.0,2025,P117,18.21404102289879,73.06194714611064,Raigarh,normal,statewide,325.8092346191406,1,7,CHIRPS Daily v2.0,Maharashtra,CHIRPS Rainfall
2025-07-02,2025-07-09,27.0,2025,P118,17.138719885658215,75.42259970290594,Sangli,normal,statewide,7.060296177864075,1,7,CHIRPS Daily v2.0,Maharashtra,CHIRPS Rainfall
2025-07-02,2025-07-09,27.0,2025,P119,17.048761981005992,74.95348443567921,Sangli,normal,statewide,1.6548382639884949,1,7,CHIRPS Daily v2.0,Maharashtra,CHIRPS Rainfall
2025-07-02,2025-07-09,27.0,2025,P120,16.86707144948229,74.39025538161847,Sangli,normal,statewide,20.130743980407715,1,7,CHIRPS Daily v2.0,Maharashtra,CHIRPS Rainfall
2025-07-02,2025-07-09,27.0,2025,P121,17.048503353144895,74.67157114887826,Sangli,normal,statewide,4.586353063583374,1,7,CHIRPS Daily v2.0,Maharashtra,CHIRPS Rainfall
2025-07-02,2025-07-09,27.0,2025,P148,17.67852974098626,76.08383979812143,Solapur,normal,statewide,26.854334712028503,1,7,CHIRPS Daily v2.0,Maharashtra,CHIRPS Rainfall
2025-07-02,2025-07-09,27.0,2025,P149,18.223365003201543,75.4251413905064,Solapur,normal,statewide,0.9041646718978882,1,7,CHIRPS Daily v2.0,Maharashtra,CHIRPS Rainfall
2025-07-02,2025-07-09,27.0,2025,P150,17.952532582518405,75.23562067753285,Solapur,normal,statewide,6.787610217928886,1,7,CHIRPS Daily v2.0,Maharashtra,CHIRPS Rainfall
2025-07-02,2025-07-09,27.0,2025,P151,18.223690517578447,75.23598186471818,Solapur,normal,statewide,2.026474177837372,1,7,CHIRPS Daily v2.0,Maharashtra,CHIRPS Rainfall
2025-07-02,2025-07-09,27.0,2025,P152,19.658178867370932,72.94986318203122,Thane,normal,statewide,265.0453586578369,1,7,CHIRPS Daily v2.0,Maharashtra,CHIRPS Rainfall
2025-07-02,2025-07-09,27.0,2025,P153,19.65706409210757,72.8545320606096,Thane,normal,statewide,353.41709899902344,1,7,CHIRPS Daily v2.0,Maharashtra,CHIRPS Rainfall
2025-07-02,2025-07-09,27.0,2025,P154,19.477549601897948,72.95214624177059,Thane,normal,statewide,442.53915786743164,1,7,CHIRPS Daily v2.0,Maharashtra,CHIRPS Rainfall
2025-07-02,2025-07-09,27.0,2025,P155,19.83987385799569,73.0429959666335,Thane,normal,statewide,229.7170181274414,1,7,CHIRPS Daily v2.0,Maharashtra,CHIRPS Rainfall
2025-07-02,2025-07-09,27.0,2025,P156,20.806749657616468,78.60135461177485,Wardha,normal,statewide,143.61760473251343,1,7,CHIRPS Daily v2.0,Maharashtra,CHIRPS Rainfall
2025-07-02,2025-07-09,27.0,2025,P157,20.71031267913359,78.88671032458906,Wardha,normal,statewide,143.22426509857178,1,7,CHIRPS Daily v2.0,Maharashtra,CHIRPS Rainfall
2025-07-02,2025-07-09,27.0,2025,P158,21.081265295769754,78.41565980750515,Wardha,normal,statewide,161.56453943252563,1,7,CHIRPS Daily v2.0,Maharashtra,CHIRPS Rainfall
2025-07-02,2025-07-09,27.0,2025,P159,20.439854822938944,78.87986114537097,Wardha,normal,statewide,135.88309335708618,1,7,CHIRPS Daily v2.0,Maharashtra,CHIRPS Rainfall
2025-07-02,2025-07-09,27.0,2025,P160,20.289186257444058,77.15404188735265,Washim,normal,statewide,100.27911734580994,1,7,CHIRPS Daily v2.0,Maharashtra,CHIRPS Rainfall
2025-07-02,2025-07-09,27.0,2025,P161,20.464607292886615,77.53975858757677,Washim,normal,statewide,97.5687963962555,1,7,CHIRPS Daily v2.0,Maharashtra,CHIRPS Rainfall
2025-07-02,2025-07-09,27.0,2025,P162,20.107393166596125,77.2471479173486,Washim,normal,statewide,116.58103346824646,1,7,CHIRPS Daily v2.0,Maharashtra,CHIRPS Rainfall
2025-07-02,2025-07-09,27.0,2025,P163,20.198885002010726,77.1527933390577,Washim,normal,statewide,107.22138512134552,1,7,CHIRPS Daily v2.0,Maharashtra,CHIRPS Rainfall
2025-07-02,2025-07-09,27.0,2025,P164,20.182854533723592,78.20447678161395,Yavatmal,normal,statewide,147.49959897994995,1,7,CHIRPS Daily v2.0,Maharashtra,CHIRPS Rainfall
2025-07-02,2025-07-09,27.0,2025,P165,19.894658373538324,79.05709703494229,Yavatmal,normal,statewide,126.6676230430603,1,7,CHIRPS Daily v2.0,Maharashtra,CHIRPS Rainfall
2025-07-02,2025-07-09,27.0,2025,P166,19.468787468327925,77.71426550730338,Yavatmal,normal,statewide,81.46454191207886,1,7,CHIRPS Daily v2.0,Maharashtra,CHIRPS Rainfall
2025-07-02,2025-07-09,27.0,2025,P167,19.559057510053886,77.71577268345945,Yavatmal,normal,statewide,95.68344640731812,1,7,CHIRPS Daily v2.0,Maharashtra,CHIRPS Rainfall
2025-07-09,2025-07-16,28.0,2025,P147,17.927231643141155,73.94769852026607,Satara,case_study,case_study,0.0,1,7,CHIRPS Daily v2.0,Maharashtra,CHIRPS Rainfall
2025-07-09,2025-07-16,28.0,2025,P061,18.507855650411397,76.91766048140843,Latur,high,priority,0.0,1,7,CHIRPS Daily v2.0,Maharashtra,CHIRPS Rainfall
2025-07-09,2025-07-16,28.0,2025,P062,18.422405896924207,76.3487594508077,Latur,high,priority,0.0,1,7,CHIRPS Daily v2.0,Maharashtra,CHIRPS Rainfall
2025-07-09,2025-07-16,28.0,2025,P063,18.235391198742693,77.05646783810116,Latur,high,priority,23.63553237915039,1,7,CHIRPS Daily v2.0,Maharashtra,CHIRPS Rainfall
2025-07-09,2025-07-16,28.0,2025,P064,18.193056493341274,76.77240080549139,Latur,high,priority,11.431241989135742,1,7,CHIRPS Daily v2.0,Maharashtra,CHIRPS Rainfall
2025-07-09,2025-07-16,28.0,2025,P065,18.331355512513895,76.44266811899327,Latur,high,priority,0.0,1,7,CHIRPS Daily v2.0,Maharashtra,CHIRPS Rainfall
2025-07-09,2025-07-16,28.0,2025,P066,18.104739537876725,76.5352970251765,Latur,high,priority,11.426408767700195,1,7,CHIRPS Daily v2.0,Maharashtra,CHIRPS Rainfall
2025-07-09,2025-07-16,28.0,2025,P067,18.280552974211986,77.0569984711265,Latur,high,priority,8.10837173461914,1,7,CHIRPS Daily v2.0,Maharashtra,CHIRPS Rainfall
2025-07-09,2025-07-16,28.0,2025,P068,18.101823285787773,76.86595720469373,Latur,high,priority,12.752177238464355,1,7,CHIRPS Daily v2.0,Maharashtra,CHIRPS Rainfall
2025-07-09,2025-07-16,28.0,2025,P069,18.595075667016793,77.20284228928156,Latur,high,priority,0.0,1,7,CHIRPS Daily v2.0,Maharashtra,CHIRPS Rainfall
2025-07-09,2025-07-16,28.0,2025,P070,18.41499041187233,77.15322587185987,Latur,high,priority,6.636301517486572,1,7,CHIRPS Daily v2.0,Maharashtra,CHIRPS Rainfall
2025-07-09,2025-07-16,28.0,2025,P071,18.149138807065885,76.63019561379593,Latur,high,priority,11.585103988647461,1,7,CHIRPS Daily v2.0,Maharashtra,CHIRPS Rainfall
2025-07-09,2025-07-16,28.0,2025,P072,18.283393421583035,76.77331492120734,Latur,high,priority,0.0,1,7,CHIRPS Daily v2.0,Maharashtra,CHIRPS Rainfall
2025-07-09,2025-07-16,28.0,2025,P073,17.966315663874607,76.86453029235662,Latur,high,priority,0.0,1,7,CHIRPS Daily v2.0,Maharashtra,CHIRPS Rainfall
2025-07-09,2025-07-16,28.0,2025,P074,18.50832831512306,76.870318205524,Latur,high,priority,0.0,1,7,CHIRPS Daily v2.0,Maharashtra,CHIRPS Rainfall
2025-07-09,2025-07-16,28.0,2025,P075,18.41444640154381,77.20053247493588,Latur,high,priority,6.929591655731201,1,7,CHIRPS Daily v2.0,Maharashtra,CHIRPS Rainfall
2025-07-09,2025-07-16,28.0,2025,P076,18.377877313804504,76.25376722106614,Latur,high,priority,0.0,1,7,CHIRPS Daily v2.0,Maharashtra,CHIRPS Rainfall
2025-07-09,2025-07-16,28.0,2025,P077,18.059564385104267,76.5349046242838,Latur,high,priority,12.064460754394531,1,7,CHIRPS Daily v2.0,Maharashtra,CHIRPS Rainfall
2025-07-09,2025-07-16,28.0,2025,P078,18.1008824154655,76.96042326051098,Latur,high,priority,21.438591957092285,1,7,CHIRPS Daily v2.0,Maharashtra,CHIRPS Rainfall
2025-07-09,2025-07-16,28.0,2025,P079,18.73508698099394,76.77797468180819,Latur,high,priority,22.34432601928711,1,7,CHIRPS Daily v2.0,Maharashtra,CHIRPS Rainfall
2025-07-09,2025-07-16,28.0,2025,P080,18.46791548227568,76.3017694439065,Latur,high,priority,12.762401580810547,1,7,CHIRPS Daily v2.0,Maharashtra,CHIRPS Rainfall
2025-07-09,2025-07-16,28.0,2025,P081,18.10355787609756,76.67701617485712,Latur,high,priority,12.325870513916016,1,7,CHIRPS Daily v2.0,Maharashtra,CHIRPS Rainfall
2025-07-09,2025-07-16,28.0,2025,P082,18.23907887531389,76.67830931416262,Latur,high,priority,10.745847702026367,1,7,CHIRPS Daily v2.0,Maharashtra,CHIRPS Rainfall
2025-07-09,2025-07-16,28.0,2025,P083,18.369289085175563,77.19996171000103,Latur,high,priority,7.5996785163879395,1,7,CHIRPS Daily v2.0,Maharashtra,CHIRPS Rainfall
2025-07-09,2025-07-16,28.0,2025,P084,18.46362582706226,76.82249880582684,Latur,high,priority,0.0,1,7,CHIRPS Daily v2.0,Maharashtra,CHIRPS Rainfall
2025-07-09,2025-07-16,28.0,2025,P085,18.14788579966987,76.77194597718393,Latur,high,priority,12.121973037719727,1,7,CHIRPS Daily v2.0,Maharashtra,CHIRPS Rainfall
2025-07-09,2025-07-16,28.0,2025,P122,17.88145897082753,73.8441448165019,Satara,high,priority,54.5289421081543,1,7,CHIRPS Daily v2.0,Maharashtra,CHIRPS Rainfall
2025-07-09,2025-07-16,28.0,2025,P123,17.386414030975025,74.27088970551878,Satara,high,priority,0.0,1,7,CHIRPS Daily v2.0,Maharashtra,CHIRPS Rainfall
2025-07-09,2025-07-16,28.0,2025,P124,17.43262815429294,74.647353771057,Satara,high,priority,0.0,1,7,CHIRPS Daily v2.0,Maharashtra,CHIRPS Rainfall
2025-07-09,2025-07-16,28.0,2025,P125,17.56734651531964,74.31728219287884,Satara,high,priority,0.0,1,7,CHIRPS Daily v2.0,Maharashtra,CHIRPS Rainfall
2025-07-09,2025-07-16,28.0,2025,P126,17.205080227535593,74.13053949986157,Satara,high,priority,24.733203887939453,1,7,CHIRPS Daily v2.0,Maharashtra,CHIRPS Rainfall
2025-07-09,2025-07-16,28.0,2025,P127,17.65773249367299,74.31694330119876,Satara,high,priority,0.0,1,7,CHIRPS Daily v2.0,Maharashtra,CHIRPS Rainfall
2025-07-09,2025-07-16,28.0,2025,P128,18.019949731345452,74.5517328080669,Satara,high,priority,0.0,1,7,CHIRPS Daily v2.0,Maharashtra,CHIRPS Rainfall
2025-07-09,2025-07-16,28.0,2025,P129,18.063234225271252,74.03192648006461,Satara,high,priority,0.0,1,7,CHIRPS Daily v2.0,Maharashtra,CHIRPS Rainfall
2025-07-09,2025-07-16,28.0,2025,P130,17.61135784271715,74.03436560834085,Satara,high,priority,0.0,1,7,CHIRPS Daily v2.0,Maharashtra,CHIRPS Rainfall
2025-07-09,2025-07-16,28.0,2025,P131,17.612539504496315,74.3171127470388,Satara,high,priority,0.0,1,7,CHIRPS Daily v2.0,Maharashtra,CHIRPS Rainfall
2025-07-09,2025-07-16,28.0,2025,P132,17.702176353872684,74.12817617630324,Satara,high,priority,0.0,1,7,CHIRPS Daily v2.0,Maharashtra,CHIRPS Rainfall
2025-07-09,2025-07-16,28.0,2025,P133,17.25006363896275,74.08329532420031,Satara,high,priority,38.37813949584961,1,7,CHIRPS Daily v2.0,Maharashtra,CHIRPS Rainfall
2025-07-09,2025-07-16,28.0,2025,P134,17.476429903940936,74.17634784498362,Satara,high,priority,8.29603385925293,1,7,CHIRPS Daily v2.0,Maharashtra,CHIRPS Rainfall
2025-07-09,2025-07-16,28.0,2025,P135,17.882716437324603,74.0801070669471,Satara,high,priority,0.0,1,7,CHIRPS Daily v2.0,Maharashtra,CHIRPS Rainfall
2025-07-09,2025-07-16,28.0,2025,P136,17.928520323345598,74.22149178404871,Satara,high,priority,0.0,1,7,CHIRPS Daily v2.0,Maharashtra,CHIRPS Rainfall
2025-07-09,2025-07-16,28.0,2025,P137,17.746687100588183,73.98648378122894,Satara,high,priority,0.0,1,7,CHIRPS Daily v2.0,Maharashtra,CHIRPS Rainfall
2025-07-09,2025-07-16,28.0,2025,P138,17.61269557303319,74.36423652697161,Satara,high,priority,0.0,1,7,CHIRPS Daily v2.0,Maharashtra,CHIRPS Rainfall
2025-07-09,2025-07-16,28.0,2025,P139,17.656773786946495,74.08126197411994,Satara,high,priority,0.0,1,7,CHIRPS Daily v2.0,Maharashtra,CHIRPS Rainfall
2025-07-09,2025-07-16,28.0,2025,P140,17.97464080554139,74.50462240543725,Satara,high,priority,0.0,1,7,CHIRPS Daily v2.0,Maharashtra,CHIRPS Rainfall
2025-07-09,2025-07-16,28.0,2025,P141,17.430826677467348,74.08239904488856,Satara,high,priority,30.941253662109375,1,7,CHIRPS Daily v2.0,Maharashtra,CHIRPS Rainfall
2025-07-09,2025-07-16,28.0,2025,P142,18.064447100757786,74.31538707493111,Satara,high,priority,0.0,1,7,CHIRPS Daily v2.0,Maharashtra,CHIRPS Rainfall
2025-07-09,2025-07-16,28.0,2025,P143,17.70379500755509,74.6468275971327,Satara,high,priority,0.0,1,7,CHIRPS Daily v2.0,Maharashtra,CHIRPS Rainfall
2025-07-09,2025-07-16,28.0,2025,P144,17.929452275465767,74.50474726026674,Satara,high,priority,0.0,1,7,CHIRPS Daily v2.0,Maharashtra,CHIRPS Rainfall
2025-07-09,2025-07-16,28.0,2025,P145,17.47773196144854,74.60017202281048,Satara,high,priority,0.0,1,7,CHIRPS Daily v2.0,Maharashtra,CHIRPS Rainfall
2025-07-09,2025-07-16,28.0,2025,P146,17.839182233739812,74.55218763637436,Satara,high,priority,0.0,1,7,CHIRPS Daily v2.0,Maharashtra,CHIRPS Rainfall
2025-07-09,2025-07-16,28.0,2025,P001,19.940457800458272,74.57045211428928,Ahmednagar,normal,statewide,4.47905969619751,1,7,CHIRPS Daily v2.0,Maharashtra,CHIRPS Rainfall
2025-07-09,2025-07-16,28.0,2025,P002,18.946729294293643,74.76302285238339,Ahmednagar,normal,statewide,3.1794273853302,1,7,CHIRPS Daily v2.0,Maharashtra,CHIRPS Rainfall
2025-07-09,2025-07-16,28.0,2025,P003,18.49469238410162,74.66892244285252,Ahmednagar,normal,statewide,3.7446160316467285,1,7,CHIRPS Daily v2.0,Maharashtra,CHIRPS Rainfall
2025-07-09,2025-07-16,28.0,2025,P004,19.03720445466806,75.1420731965326,Ahmednagar,normal,statewide,9.553872108459473,1,7,CHIRPS Daily v2.0,Maharashtra,CHIRPS Rainfall
2025-07-09,2025-07-16,28.0,2025,P005,20.832153156317954,77.06560453615967,Akola,normal,statewide,58.30701160430908,1,7,CHIRPS Daily v2.0,Maharashtra,CHIRPS Rainfall
2025-07-09,2025-07-16,28.0,2025,P006,20.834360411339407,76.87349308547405,Akola,normal,statewide,54.47085475921631,1,7,CHIRPS Daily v2.0,Maharashtra,CHIRPS Rainfall
2025-07-09,2025-07-16,28.0,2025,P007,21.014976299509232,76.87574047240498,Akola,normal,statewide,49.041189193725586,1,7,CHIRPS Daily v2.0,Maharashtra,CHIRPS Rainfall
2025-07-09,2025-07-16,28.0,2025,P008,20.828434266039377,77.35372489162701,Akola,normal,statewide,48.40388011932373,1,7,CHIRPS Daily v2.0,Maharashtra,CHIRPS Rainfall
2025-07-09,2025-07-16,28.0,2025,P009,21.360971327549258,77.94039543992572,Amravati,normal,statewide,75.2932243347168,1,7,CHIRPS Daily v2.0,Maharashtra,CHIRPS Rainfall
2025-07-09,2025-07-16,28.0,2025,P010,21.178803672212837,78.03301542790685,Amravati,normal,statewide,75.89529657363892,1,7,CHIRPS Daily v2.0,Maharashtra,CHIRPS Rainfall
2025-07-09,2025-07-16,28.0,2025,P011,20.814388097721018,78.21764450702477,Amravati,normal,statewide,77.33969593048096,1,7,CHIRPS Daily v2.0,Maharashtra,CHIRPS Rainfall
2025-07-09,2025-07-16,28.0,2025,P012,21.180502589714195,77.93681032267875,Amravati,normal,statewide,76.55300903320312,1,7,CHIRPS Daily v2.0,Maharashtra,CHIRPS Rainfall
2025-07-09,2025-07-16,28.0,2025,P013,20.031289688916964,74.8570519162974,Aurangabad,normal,statewide,11.124639511108398,1,7,CHIRPS Daily v2.0,Maharashtra,CHIRPS Rainfall
2025-07-09,2025-07-16,28.0,2025,P014,19.760185263069562,75.14270192978114,Aurangabad,normal,statewide,13.149377822875977,1,7,CHIRPS Daily v2.0,Maharashtra,CHIRPS Rainfall
2025-07-09,2025-07-16,28.0,2025,P015,19.9408189876436,74.76157364454102,Aurangabad,normal,statewide,8.392224311828613,1,7,CHIRPS Daily v2.0,Maharashtra,CHIRPS Rainfall
2025-07-09,2025-07-16,28.0,2025,P016,19.66981712112043,75.14262166596218,Aurangabad,normal,statewide,0.0,1,7,CHIRPS Daily v2.0,Maharashtra,CHIRPS Rainfall
2025-07-09,2025-07-16,28.0,2025,P017,21.04613203856966,79.85576216552393,Bhandara,normal,statewide,83.22767543792725,1,7,CHIRPS Daily v2.0,Maharashtra,CHIRPS Rainfall
2025-07-09,2025-07-16,28.0,2025,P018,21.31897105472685,79.76852877161537,Bhandara,normal,statewide,119.52443599700928,1,7,CHIRPS Daily v2.0,Maharashtra,CHIRPS Rainfall
2025-07-09,2025-07-16,28.0,2025,P019,21.40900922319803,79.77144948280537,Bhandara,normal,statewide,115.63619327545166,1,7,CHIRPS Daily v2.0,Maharashtra,CHIRPS Rainfall
2025-07-09,2025-07-16,28.0,2025,P020,21.144196588937042,79.57074980349083,Bhandara,normal,statewide,93.43696212768555,1,7,CHIRPS Daily v2.0,Maharashtra,CHIRPS Rainfall
2025-07-09,2025-07-16,28.0,2025,P021,18.67502288980403,75.52108340877234,Bid,normal,statewide,0.0,1,7,CHIRPS Daily v2.0,Maharashtra,CHIRPS Rainfall
2025-07-09,2025-07-16,28.0,2025,P022,18.856499384477168,75.04699178476999,Bid,normal,statewide,6.10226583480835,1,7,CHIRPS Daily v2.0,Maharashtra,CHIRPS Rainfall
2025-07-09,2025-07-16,28.0,2025,P023,19.126596053486494,75.6175605191647,Bid,normal,statewide,7.08889102935791,1,7,CHIRPS Daily v2.0,Maharashtra,CHIRPS Rainfall
2025-07-09,2025-07-16,28.0,2025,P024,18.763955201213946,75.90084720909012,Bid,normal,statewide,15.746986389160156,1,7,CHIRPS Daily v2.0,Maharashtra,CHIRPS Rainfall
2025-07-09,2025-07-16,28.0,2025,P025,20.93073496240753,76.20164478885242,Buldana,normal,statewide,41.30991744995117,1,7,CHIRPS Daily v2.0,Maharashtra,CHIRPS Rainfall
2025-07-09,2025-07-16,28.0,2025,P026,20.838939908121294,76.39311412898633,Buldana,normal,statewide,41.43461608886719,1,7,CHIRPS Daily v2.0,Maharashtra,CHIRPS Rainfall
2025-07-09,2025-07-16,28.0,2025,P027,20.657476790751314,76.48742857536776,Buldana,normal,statewide,39.24630260467529,1,7,CHIRPS Daily v2.0,Maharashtra,CHIRPS Rainfall
2025-07-09,2025-07-16,28.0,2025,P028,20.47967013624516,76.10222021266374,Buldana,normal,statewide,33.68184471130371,1,7,CHIRPS Daily v2.0,Maharashtra,CHIRPS Rainfall
2025-07-09,2025-07-16,28.0,2025,P029,20.32317798477448,79.92829390325927,Chandrapur,normal,statewide,54.58401918411255,1,7,CHIRPS Daily v2.0,Maharashtra,CHIRPS Rainfall
2025-07-09,2025-07-16,28.0,2025,P030,20.60872097983294,79.36304041732026,Chandrapur,normal,statewide,59.835235595703125,1,7,CHIRPS Daily v2.0,Maharashtra,CHIRPS Rainfall
2025-07-09,2025-07-16,28.0,2025,P031,20.511160307884595,79.64732594588165,Chandrapur,normal,statewide,47.749502182006836,1,7,CHIRPS Daily v2.0,Maharashtra,CHIRPS Rainfall
2025-07-09,2025-07-16,28.0,2025,P032,20.598621115946884,79.74569817422172,Chandrapur,normal,statewide,52.3755989074707,1,7,CHIRPS Daily v2.0,Maharashtra,CHIRPS Rainfall
2025-07-09,2025-07-16,28.0,2025,P033,21.38667804512237,75.14422248324037,Dhule,normal,statewide,8.525138854980469,1,7,CHIRPS Daily v2.0,Maharashtra,CHIRPS Rainfall
2025-07-09,2025-07-16,28.0,2025,P034,21.025151968113196,74.75989256344387,Dhule,normal,statewide,7.041956424713135,1,7,CHIRPS Daily v2.0,Maharashtra,CHIRPS Rainfall
2025-07-09,2025-07-16,28.0,2025,P035,21.477028350667293,74.85568743137505,Dhule,normal,statewide,19.169177055358887,1,7,CHIRPS Daily v2.0,Maharashtra,CHIRPS Rainfall
2025-07-09,2025-07-16,28.0,2025,P036,20.933820660336515,74.37533522949364,Dhule,normal,statewide,0.0,1,7,CHIRPS Daily v2.0,Maharashtra,CHIRPS Rainfall
2025-07-09,2025-07-16,28.0,2025,P037,19.963056524597132,79.91698116388667,Garhchiroli,normal,statewide,71.34404850006104,1,7,CHIRPS Daily v2.0,Maharashtra,CHIRPS Rainfall
2025-07-09,2025-07-16,28.0,2025,P038,19.062661462582188,79.88977172925856,Garhchiroli,normal,statewide,39.28749942779541,1,7,CHIRPS Daily v2.0,Maharashtra,CHIRPS Rainfall
2025-07-09,2025-07-16,28.0,2025,P039,19.510270485428137,79.9981368030594,Garhchiroli,normal,statewide,63.26033020019531,1,7,CHIRPS Daily v2.0,Maharashtra,CHIRPS Rainfall
2025-07-09,2025-07-16,28.0,2025,P040,19.870365190999156,80.00935144220881,Garhchiroli,normal,statewide,61.64792060852051,1,7,CHIRPS Daily v2.0,Maharashtra,CHIRPS Rainfall
2025-07-09,2025-07-16,28.0,2025,P041,21.127639946725598,80.1465044724107,Gondiya,normal,statewide,96.4027509689331,1,7,CHIRPS Daily v2.0,Maharashtra,CHIRPS Rainfall
2025-07-09,2025-07-16,28.0,2025,P042,21.397598383602258,80.15591763473452,Gondiya,normal,statewide,135.39345359802246,1,7,CHIRPS Daily v2.0,Maharashtra,CHIRPS Rainfall
2025-07-09,2025-07-16,28.0,2025,P043,21.574548890706154,80.25847249986273,Gondiya,normal,statewide,134.88442516326904,1,7,CHIRPS Daily v2.0,Maharashtra,CHIRPS Rainfall
2025-07-09,2025-07-16,28.0,2025,P044,21.211649410572516,80.34153217518526,Gondiya,normal,statewide,133.41713333129883,1,7,CHIRPS Daily v2.0,Maharashtra,CHIRPS Rainfall
2025-07-09,2025-07-16,28.0,2025,P045,19.655900266732623,77.2407892392464,Hingoli,normal,statewide,32.92290210723877,1,7,CHIRPS Daily v2.0,Maharashtra,CHIRPS Rainfall
2025-07-09,2025-07-16,28.0,2025,P046,19.566758377573187,77.1442675378435,Hingoli,normal,statewide,31.954362869262695,1,7,CHIRPS Daily v2.0,Maharashtra,CHIRPS Rainfall
2025-07-09,2025-07-16,28.0,2025,P047,19.47860194974656,76.9526242927685,Hingoli,normal,statewide,16.824917316436768,1,7,CHIRPS Daily v2.0,Maharashtra,CHIRPS Rainfall
2025-07-09,2025-07-16,28.0,2025,P048,19.927981235710728,77.14910120338544,Hingoli,normal,statewide,37.81735801696777,1,7,CHIRPS Daily v2.0,Maharashtra,CHIRPS Rainfall
2025-07-09,2025-07-16,28.0,2025,P049,21.292738163229433,76.10816865346904,Jalgaon,normal,statewide,14.000165939331055,1,7,CHIRPS Daily v2.0,Maharashtra,CHIRPS Rainfall
2025-07-09,2025-07-16,28.0,2025,P050,21.386178625804387,75.43363151891216,Jalgaon,normal,statewide,7.752089977264404,1,7,CHIRPS Daily v2.0,Maharashtra,CHIRPS Rainfall
2025-07-09,2025-07-16,28.0,2025,P051,21.112064306745907,76.10682200495089,Jalgaon,normal,statewide,10.821755409240723,1,7,CHIRPS Daily v2.0,Maharashtra,CHIRPS Rainfall
2025-07-09,2025-07-16,28.0,2025,P052,20.844437979720194,75.23982115072519,Jalgaon,normal,statewide,0.0,1,7,CHIRPS Daily v2.0,Maharashtra,CHIRPS Rainfall
2025-07-09,2025-07-16,28.0,2025,P053,19.486369703781666,76.00005328932718,Jalna,normal,statewide,0.0,1,7,CHIRPS Daily v2.0,Maharashtra,CHIRPS Rainfall
2025-07-09,2025-07-16,28.0,2025,P054,20.028502750758555,76.00343774702675,Jalna,normal,statewide,30.04725933074951,1,7,CHIRPS Daily v2.0,Maharashtra,CHIRPS Rainfall
2025-07-09,2025-07-16,28.0,2025,P055,19.75743845682064,76.00172991132328,Jalna,normal,statewide,5.159884452819824,1,7,CHIRPS Daily v2.0,Maharashtra,CHIRPS Rainfall
2025-07-09,2025-07-16,28.0,2025,P056,19.57768317515413,75.80993951591351,Jalna,normal,statewide,0.0,1,7,CHIRPS Daily v2.0,Maharashtra,CHIRPS Rainfall
2025-07-09,2025-07-16,28.0,2025,P057,16.776377793156257,74.29671235971928,Kolhapur,normal,statewide,0.0,1,7,CHIRPS Daily v2.0,Maharashtra,CHIRPS Rainfall
2025-07-09,2025-07-16,28.0,2025,P058,16.324416687682138,74.29834884980589,Kolhapur,normal,statewide,0.0,1,7,CHIRPS Daily v2.0,Maharashtra,CHIRPS Rainfall
2025-07-09,2025-07-16,28.0,2025,P059,16.595891218916975,74.39111598812178,Kolhapur,normal,statewide,0.0,1,7,CHIRPS Daily v2.0,Maharashtra,CHIRPS Rainfall
2025-07-09,2025-07-16,28.0,2025,P060,16.414811584237594,74.29802779453004,Kolhapur,normal,statewide,0.0,1,7,CHIRPS Daily v2.0,Maharashtra,CHIRPS Rainfall
2025-07-09,2025-07-16,28.0,2025,P086,21.054127206758487,79.56798961993874,Nagpur,normal,statewide,85.66234970092773,1,7,CHIRPS Daily v2.0,Maharashtra,CHIRPS Rainfall
2025-07-09,2025-07-16,28.0,2025,P087,21.146765031143822,79.47473643960802,Nagpur,normal,statewide,84.9016342163086,1,7,CHIRPS Daily v2.0,Maharashtra,CHIRPS Rainfall
2025-07-09,2025-07-16,28.0,2025,P088,21.347803602138427,78.61442869606356,Nagpur,normal,statewide,101.42834949493408,1,7,CHIRPS Daily v2.0,Maharashtra,CHIRPS Rainfall
2025-07-09,2025-07-16,28.0,2025,P089,21.165377318940912,78.70615240473293,Nagpur,normal,statewide,72.73909378051758,1,7,CHIRPS Daily v2.0,Maharashtra,CHIRPS Rainfall
2025-07-09,2025-07-16,28.0,2025,P090,19.201968238592887,77.42470040309472,Nanded,normal,statewide,7.737305164337158,1,7,CHIRPS Daily v2.0,Maharashtra,CHIRPS Rainfall
2025-07-09,2025-07-16,28.0,2025,P091,18.566038000956755,77.69963965584807,Nanded,normal,statewide,12.092522621154785,1,7,CHIRPS Daily v2.0,Maharashtra,CHIRPS Rainfall
2025-07-09,2025-07-16,28.0,2025,P092,19.736596618496833,77.90946265591798,Nanded,normal,statewide,57.17415142059326,1,7,CHIRPS Daily v2.0,Maharashtra,CHIRPS Rainfall
2025-07-09,2025-07-16,28.0,2025,P093,18.93564842817583,77.04115528508362,Nanded,normal,statewide,23.511995315551758,1,7,CHIRPS Daily v2.0,Maharashtra,CHIRPS Rainfall
2025-07-09,2025-07-16,28.0,2025,P094,21.564917232430716,74.08292967791392,Nandurbar,normal,statewide,23.79076099395752,1,7,CHIRPS Daily v2.0,Maharashtra,CHIRPS Rainfall
2025-07-09,2025-07-16,28.0,2025,P095,21.5662594218478,74.37266422796263,Nandurbar,normal,statewide,26.574705123901367,1,7,CHIRPS Daily v2.0,Maharashtra,CHIRPS Rainfall
2025-07-09,2025-07-16,28.0,2025,P096,21.385179787168415,74.27697637845674,Nandurbar,normal,statewide,0.0,1,7,CHIRPS Daily v2.0,Maharashtra,CHIRPS Rainfall
2025-07-09,2025-07-16,28.0,2025,P097,21.565421110849755,74.17950488852946,Nandurbar,normal,statewide,7.421205043792725,1,7,CHIRPS Daily v2.0,Maharashtra,CHIRPS Rainfall
2025-07-09,2025-07-16,28.0,2025,P098,20.299553667393326,73.99482675929994,Nashik,normal,statewide,0.0,1,7,CHIRPS Daily v2.0,Maharashtra,CHIRPS Rainfall
2025-07-09,2025-07-16,28.0,2025,P099,20.120253214034264,74.28296495117151,Nashik,normal,statewide,5.173191070556641,1,7,CHIRPS Daily v2.0,Maharashtra,CHIRPS Rainfall
2025-07-09,2025-07-16,28.0,2025,P100,20.389903972938242,73.99424261706194,Nashik,normal,statewide,10.628233909606934,1,7,CHIRPS Daily v2.0,Maharashtra,CHIRPS Rainfall
2025-07-09,2025-07-16,28.0,2025,P101,20.029015547379707,74.09216447619562,Nashik,normal,statewide,0.0,1,7,CHIRPS Daily v2.0,Maharashtra,CHIRPS Rainfall
2025-07-09,2025-07-16,28.0,2025,P102,17.85749130266526,76.36802722645965,Osmanabad,normal,statewide,0.0,1,7,CHIRPS Daily v2.0,Maharashtra,CHIRPS Rainfall
2025-07-09,2025-07-16,28.0,2025,P103,17.76644983645705,76.46164605307673,Osmanabad,normal,statewide,0.0,1,7,CHIRPS Daily v2.0,Maharashtra,CHIRPS Rainfall
2025-07-09,2025-07-16,28.0,2025,P104,17.949094615606196,76.17989775301476,Osmanabad,normal,statewide,0.0,1,7,CHIRPS Daily v2.0,Maharashtra,CHIRPS Rainfall
2025-07-09,2025-07-16,28.0,2025,P105,18.584360447185368,75.61558067829696,Osmanabad,normal,statewide,0.0,1,7,CHIRPS Daily v2.0,Maharashtra,CHIRPS Rainfall
2025-07-09,2025-07-16,28.0,2025,P106,19.031389786894366,76.47235681380711,Parbhani,normal,statewide,0.0,1,7,CHIRPS Daily v2.0,Maharashtra,CHIRPS Rainfall
2025-07-09,2025-07-16,28.0,2025,P107,19.120950831552832,76.56820519095093,Parbhani,normal,statewide,0.0,1,7,CHIRPS Daily v2.0,Maharashtra,CHIRPS Rainfall
2025-07-09,2025-07-16,28.0,2025,P108,19.208625676465683,76.85432786914635,Parbhani,normal,statewide,0.0,1,7,CHIRPS Daily v2.0,Maharashtra,CHIRPS Rainfall
2025-07-09,2025-07-16,28.0,2025,P109,19.212081479782103,76.47396209018636,Parbhani,normal,statewide,0.0,1,7,CHIRPS Daily v2.0,Maharashtra,CHIRPS Rainfall
2025-07-09,2025-07-16,28.0,2025,P110,18.133442771357757,75.04679558432363,Pune,normal,statewide,0.0,1,7,CHIRPS Daily v2.0,Maharashtra,CHIRPS Rainfall
2025-07-09,2025-07-16,28.0,2025,P111,18.584645829652782,74.47919215212944,Pune,normal,statewide,0.0,1,7,CHIRPS Daily v2.0,Maharashtra,CHIRPS Rainfall
2025-07-09,2025-07-16,28.0,2025,P112,18.132979024848197,74.57507620208169,Pune,normal,statewide,0.0,1,7,CHIRPS Daily v2.0,Maharashtra,CHIRPS Rainfall
2025-07-09,2025-07-16,28.0,2025,P113,18.314072036830744,74.76389683618987,Pune,normal,statewide,0.0,1,7,CHIRPS Daily v2.0,Maharashtra,CHIRPS Rainfall
2025-07-09,2025-07-16,28.0,2025,P114,18.48503397121986,73.0589238755964,Raigarh,normal,statewide,173.00659942626953,1,7,CHIRPS Daily v2.0,Maharashtra,CHIRPS Rainfall
2025-07-09,2025-07-16,28.0,2025,P115,18.665689991299164,73.05687714821288,Raigarh,normal,statewide,0.0,1,7,CHIRPS Daily v2.0,Maharashtra,CHIRPS Rainfall
2025-07-09,2025-07-16,28.0,2025,P116,18.306197264370358,73.25009891506079,Raigarh,normal,statewide,176.41603088378906,1,7,CHIRPS Daily v2.0,Maharashtra,CHIRPS Rainfall
2025-07-09,2025-07-16,28.0,2025,P117,18.21404102289879,73.06194714611064,Raigarh,normal,statewide,375.2701110839844,1,7,CHIRPS Daily v2.0,Maharashtra,CHIRPS Rainfall
2025-07-09,2025-07-16,28.0,2025,P118,17.138719885658215,75.42259970290594,Sangli,normal,statewide,0.0,1,7,CHIRPS Daily v2.0,Maharashtra,CHIRPS Rainfall
2025-07-09,2025-07-16,28.0,2025,P119,17.048761981005992,74.95348443567921,Sangli,normal,statewide,1.8456957340240479,1,7,CHIRPS Daily v2.0,Maharashtra,CHIRPS Rainfall
2025-07-09,2025-07-16,28.0,2025,P120,16.86707144948229,74.39025538161847,Sangli,normal,statewide,0.0,1,7,CHIRPS Daily v2.0,Maharashtra,CHIRPS Rainfall
2025-07-09,2025-07-16,28.0,2025,P121,17.048503353144895,74.67157114887826,Sangli,normal,statewide,0.0,1,7,CHIRPS Daily v2.0,Maharashtra,CHIRPS Rainfall
2025-07-09,2025-07-16,28.0,2025,P148,17.67852974098626,76.08383979812143,Solapur,normal,statewide,6.928596019744873,1,7,CHIRPS Daily v2.0,Maharashtra,CHIRPS Rainfall
2025-07-09,2025-07-16,28.0,2025,P149,18.223365003201543,75.4251413905064,Solapur,normal,statewide,0.0,1,7,CHIRPS Daily v2.0,Maharashtra,CHIRPS Rainfall
2025-07-09,2025-07-16,28.0,2025,P150,17.952532582518405,75.23562067753285,Solapur,normal,statewide,5.301050662994385,1,7,CHIRPS Daily v2.0,Maharashtra,CHIRPS Rainfall
2025-07-09,2025-07-16,28.0,2025,P151,18.223690517578447,75.23598186471818,Solapur,normal,statewide,0.0,1,7,CHIRPS Daily v2.0,Maharashtra,CHIRPS Rainfall
2025-07-09,2025-07-16,28.0,2025,P152,19.658178867370932,72.94986318203122,Thane,normal,statewide,84.60648345947266,1,7,CHIRPS Daily v2.0,Maharashtra,CHIRPS Rainfall
2025-07-09,2025-07-16,28.0,2025,P153,19.65706409210757,72.8545320606096,Thane,normal,statewide,102.80068969726562,1,7,CHIRPS Daily v2.0,Maharashtra,CHIRPS Rainfall
2025-07-09,2025-07-16,28.0,2025,P154,19.477549601897948,72.95214624177059,Thane,normal,statewide,112.57569885253906,1,7,CHIRPS Daily v2.0,Maharashtra,CHIRPS Rainfall
2025-07-09,2025-07-16,28.0,2025,P155,19.83987385799569,73.0429959666335,Thane,normal,statewide,64.42693328857422,1,7,CHIRPS Daily v2.0,Maharashtra,CHIRPS Rainfall
2025-07-09,2025-07-16,28.0,2025,P156,20.806749657616468,78.60135461177485,Wardha,normal,statewide,68.20958518981934,1,7,CHIRPS Daily v2.0,Maharashtra,CHIRPS Rainfall
2025-07-09,2025-07-16,28.0,2025,P157,20.71031267913359,78.88671032458906,Wardha,normal,statewide,67.14556789398193,1,7,CHIRPS Daily v2.0,Maharashtra,CHIRPS Rainfall
2025-07-09,2025-07-16,28.0,2025,P158,21.081265295769754,78.41565980750515,Wardha,normal,statewide,64.71658134460449,1,7,CHIRPS Daily v2.0,Maharashtra,CHIRPS Rainfall
2025-07-09,2025-07-16,28.0,2025,P159,20.439854822938944,78.87986114537097,Wardha,normal,statewide,48.92023468017578,1,7,CHIRPS Daily v2.0,Maharashtra,CHIRPS Rainfall
2025-07-09,2025-07-16,28.0,2025,P160,20.289186257444058,77.15404188735265,Washim,normal,statewide,37.43247961997986,1,7,CHIRPS Daily v2.0,Maharashtra,CHIRPS Rainfall
2025-07-09,2025-07-16,28.0,2025,P161,20.464607292886615,77.53975858757677,Washim,normal,statewide,43.97299337387085,1,7,CHIRPS Daily v2.0,Maharashtra,CHIRPS Rainfall
2025-07-09,2025-07-16,28.0,2025,P162,20.107393166596125,77.2471479173486,Washim,normal,statewide,27.229042053222656,1,7,CHIRPS Daily v2.0,Maharashtra,CHIRPS Rainfall
2025-07-09,2025-07-16,28.0,2025,P163,20.198885002010726,77.1527933390577,Washim,normal,statewide,21.351585388183594,1,7,CHIRPS Daily v2.0,Maharashtra,CHIRPS Rainfall
2025-07-09,2025-07-16,28.0,2025,P164,20.182854533723592,78.20447678161395,Yavatmal,normal,statewide,52.51371765136719,1,7,CHIRPS Daily v2.0,Maharashtra,CHIRPS Rainfall
2025-07-09,2025-07-16,28.0,2025,P165,19.894658373538324,79.05709703494229,Yavatmal,normal,statewide,48.910019874572754,1,7,CHIRPS Daily v2.0,Maharashtra,CHIRPS Rainfall
2025-07-09,2025-07-16,28.0,2025,P166,19.468787468327925,77.71426550730338,Yavatmal,normal,statewide,35.15412616729736,1,7,CHIRPS Daily v2.0,Maharashtra,CHIRPS Rainfall
2025-07-09,2025-07-16,28.0,2025,P167,19.559057510053886,77.71577268345945,Yavatmal,normal,statewide,30.229480743408203,1,7,CHIRPS Daily v2.0,Maharashtra,CHIRPS Rainfall
2025-07-16,2025-07-23,29.0,2025,P147,17.927231643141155,73.94769852026607,Satara,case_study,case_study,111.65908813476562,1,7,CHIRPS Daily v2.0,Maharashtra,CHIRPS Rainfall
2025-07-16,2025-07-23,29.0,2025,P061,18.507855650411397,76.91766048140843,Latur,high,priority,77.24168395996094,1,7,CHIRPS Daily v2.0,Maharashtra,CHIRPS Rainfall
2025-07-16,2025-07-23,29.0,2025,P062,18.422405896924207,76.3487594508077,Latur,high,priority,61.796584129333496,1,7,CHIRPS Daily v2.0,Maharashtra,CHIRPS Rainfall
2025-07-16,2025-07-23,29.0,2025,P063,18.235391198742693,77.05646783810116,Latur,high,priority,68.72440433502197,1,7,CHIRPS Daily v2.0,Maharashtra,CHIRPS Rainfall
2025-07-16,2025-07-23,29.0,2025,P064,18.193056493341274,76.77240080549139,Latur,high,priority,64.9571270942688,1,7,CHIRPS Daily v2.0,Maharashtra,CHIRPS Rainfall
2025-07-16,2025-07-23,29.0,2025,P065,18.331355512513895,76.44266811899327,Latur,high,priority,53.129650592803955,1,7,CHIRPS Daily v2.0,Maharashtra,CHIRPS Rainfall
2025-07-16,2025-07-23,29.0,2025,P066,18.104739537876725,76.5352970251765,Latur,high,priority,51.42938232421875,1,7,CHIRPS Daily v2.0,Maharashtra,CHIRPS Rainfall
2025-07-16,2025-07-23,29.0,2025,P067,18.280552974211986,77.0569984711265,Latur,high,priority,67.97292900085449,1,7,CHIRPS Daily v2.0,Maharashtra,CHIRPS Rainfall
2025-07-16,2025-07-23,29.0,2025,P068,18.101823285787773,76.86595720469373,Latur,high,priority,67.60107278823853,1,7,CHIRPS Daily v2.0,Maharashtra,CHIRPS Rainfall
2025-07-16,2025-07-23,29.0,2025,P069,18.595075667016793,77.20284228928156,Latur,high,priority,38.947702407836914,1,7,CHIRPS Daily v2.0,Maharashtra,CHIRPS Rainfall
2025-07-16,2025-07-23,29.0,2025,P070,18.41499041187233,77.15322587185987,Latur,high,priority,65.13118362426758,1,7,CHIRPS Daily v2.0,Maharashtra,CHIRPS Rainfall
2025-07-16,2025-07-23,29.0,2025,P071,18.149138807065885,76.63019561379593,Latur,high,priority,59.4356689453125,1,7,CHIRPS Daily v2.0,Maharashtra,CHIRPS Rainfall
2025-07-16,2025-07-23,29.0,2025,P072,18.283393421583035,76.77331492120734,Latur,high,priority,65.50207805633545,1,7,CHIRPS Daily v2.0,Maharashtra,CHIRPS Rainfall
2025-07-16,2025-07-23,29.0,2025,P073,17.966315663874607,76.86453029235662,Latur,high,priority,65.42148208618164,1,7,CHIRPS Daily v2.0,Maharashtra,CHIRPS Rainfall
2025-07-16,2025-07-23,29.0,2025,P074,18.50832831512306,76.870318205524,Latur,high,priority,71.38024044036865,1,7,CHIRPS Daily v2.0,Maharashtra,CHIRPS Rainfall
2025-07-16,2025-07-23,29.0,2025,P075,18.41444640154381,77.20053247493588,Latur,high,priority,64.67290735244751,1,7,CHIRPS Daily v2.0,Maharashtra,CHIRPS Rainfall
2025-07-16,2025-07-23,29.0,2025,P076,18.377877313804504,76.25376722106614,Latur,high,priority,64.37818717956543,1,7,CHIRPS Daily v2.0,Maharashtra,CHIRPS Rainfall
2025-07-16,2025-07-23,29.0,2025,P077,18.059564385104267,76.5349046242838,Latur,high,priority,52.71665287017822,1,7,CHIRPS Daily v2.0,Maharashtra,CHIRPS Rainfall
2025-07-16,2025-07-23,29.0,2025,P078,18.1008824154655,76.96042326051098,Latur,high,priority,70.95677947998047,1,7,CHIRPS Daily v2.0,Maharashtra,CHIRPS Rainfall
2025-07-16,2025-07-23,29.0,2025,P079,18.73508698099394,76.77797468180819,Latur,high,priority,35.934199810028076,1,7,CHIRPS Daily v2.0,Maharashtra,CHIRPS Rainfall
2025-07-16,2025-07-23,29.0,2025,P080,18.46791548227568,76.3017694439065,Latur,high,priority,52.20783233642578,1,7,CHIRPS Daily v2.0,Maharashtra,CHIRPS Rainfall
2025-07-16,2025-07-23,29.0,2025,P081,18.10355787609756,76.67701617485712,Latur,high,priority,57.522799015045166,1,7,CHIRPS Daily v2.0,Maharashtra,CHIRPS Rainfall
2025-07-16,2025-07-23,29.0,2025,P082,18.23907887531389,76.67830931416262,Latur,high,priority,69.13951015472412,1,7,CHIRPS Daily v2.0,Maharashtra,CHIRPS Rainfall
2025-07-16,2025-07-23,29.0,2025,P083,18.369289085175563,77.19996171000103,Latur,high,priority,63.12796211242676,1,7,CHIRPS Daily v2.0,Maharashtra,CHIRPS Rainfall
2025-07-16,2025-07-23,29.0,2025,P084,18.46362582706226,76.82249880582684,Latur,high,priority,63.48159313201904,1,7,CHIRPS Daily v2.0,Maharashtra,CHIRPS Rainfall
2025-07-16,2025-07-23,29.0,2025,P085,18.14788579966987,76.77194597718393,Latur,high,priority,59.91719675064087,1,7,CHIRPS Daily v2.0,Maharashtra,CHIRPS Rainfall
2025-07-16,2025-07-23,29.0,2025,P122,17.88145897082753,73.8441448165019,Satara,high,priority,144.12604522705078,1,7,CHIRPS Daily v2.0,Maharashtra,CHIRPS Rainfall
2025-07-16,2025-07-23,29.0,2025,P123,17.386414030975025,74.27088970551878,Satara,high,priority,39.34858703613281,1,7,CHIRPS Daily v2.0,Maharashtra,CHIRPS Rainfall
2025-07-16,2025-07-23,29.0,2025,P124,17.43262815429294,74.647353771057,Satara,high,priority,31.110846519470215,1,7,CHIRPS Daily v2.0,Maharashtra,CHIRPS Rainfall
2025-07-16,2025-07-23,29.0,2025,P125,17.56734651531964,74.31728219287884,Satara,high,priority,33.32691955566406,1,7,CHIRPS Daily v2.0,Maharashtra,CHIRPS Rainfall
2025-07-16,2025-07-23,29.0,2025,P126,17.205080227535593,74.13053949986157,Satara,high,priority,31.12763786315918,1,7,CHIRPS Daily v2.0,Maharashtra,CHIRPS Rainfall
2025-07-16,2025-07-23,29.0,2025,P127,17.65773249367299,74.31694330119876,Satara,high,priority,51.990549087524414,1,7,CHIRPS Daily v2.0,Maharashtra,CHIRPS Rainfall
2025-07-16,2025-07-23,29.0,2025,P128,18.019949731345452,74.5517328080669,Satara,high,priority,35.90131425857544,1,7,CHIRPS Daily v2.0,Maharashtra,CHIRPS Rainfall
2025-07-16,2025-07-23,29.0,2025,P129,18.063234225271252,74.03192648006461,Satara,high,priority,70.37569427490234,1,7,CHIRPS Daily v2.0,Maharashtra,CHIRPS Rainfall
2025-07-16,2025-07-23,29.0,2025,P130,17.61135784271715,74.03436560834085,Satara,high,priority,56.13178253173828,1,7,CHIRPS Daily v2.0,Maharashtra,CHIRPS Rainfall
2025-07-16,2025-07-23,29.0,2025,P131,17.612539504496315,74.3171127470388,Satara,high,priority,52.22600555419922,1,7,CHIRPS Daily v2.0,Maharashtra,CHIRPS Rainfall
2025-07-16,2025-07-23,29.0,2025,P132,17.702176353872684,74.12817617630324,Satara,high,priority,76.65568542480469,1,7,CHIRPS Daily v2.0,Maharashtra,CHIRPS Rainfall
2025-07-16,2025-07-23,29.0,2025,P133,17.25006363896275,74.08329532420031,Satara,high,priority,35.611106872558594,1,7,CHIRPS Daily v2.0,Maharashtra,CHIRPS Rainfall
2025-07-16,2025-07-23,29.0,2025,P134,17.476429903940936,74.17634784498362,Satara,high,priority,20.872821807861328,1,7,CHIRPS Daily v2.0,Maharashtra,CHIRPS Rainfall
2025-07-16,2025-07-23,29.0,2025,P135,17.882716437324603,74.0801070669471,Satara,high,priority,82.35264587402344,1,7,CHIRPS Daily v2.0,Maharashtra,CHIRPS Rainfall
2025-07-16,2025-07-23,29.0,2025,P136,17.928520323345598,74.22149178404871,Satara,high,priority,37.989091873168945,1,7,CHIRPS Daily v2.0,Maharashtra,CHIRPS Rainfall
2025-07-16,2025-07-23,29.0,2025,P137,17.746687100588183,73.98648378122894,Satara,high,priority,53.879661560058594,1,7,CHIRPS Daily v2.0,Maharashtra,CHIRPS Rainfall
2025-07-16,2025-07-23,29.0,2025,P138,17.61269557303319,74.36423652697161,Satara,high,priority,42.92355728149414,1,7,CHIRPS Daily v2.0,Maharashtra,CHIRPS Rainfall
2025-07-16,2025-07-23,29.0,2025,P139,17.656773786946495,74.08126197411994,Satara,high,priority,110.05677795410156,1,7,CHIRPS Daily v2.0,Maharashtra,CHIRPS Rainfall
2025-07-16,2025-07-23,29.0,2025,P140,17.97464080554139,74.50462240543725,Satara,high,priority,53.16099262237549,1,7,CHIRPS Daily v2.0,Maharashtra,CHIRPS Rainfall
2025-07-16,2025-07-23,29.0,2025,P141,17.430826677467348,74.08239904488856,Satara,high,priority,64.88951873779297,1,7,CHIRPS Daily v2.0,Maharashtra,CHIRPS Rainfall
2025-07-16,2025-07-23,29.0,2025,P142,18.064447100757786,74.31538707493111,Satara,high,priority,55.15641784667969,1,7,CHIRPS Daily v2.0,Maharashtra,CHIRPS Rainfall
2025-07-16,2025-07-23,29.0,2025,P143,17.70379500755509,74.6468275971327,Satara,high,priority,47.97505569458008,1,7,CHIRPS Daily v2.0,Maharashtra,CHIRPS Rainfall
2025-07-16,2025-07-23,29.0,2025,P144,17.929452275465767,74.50474726026674,Satara,high,priority,49.59415531158447,1,7,CHIRPS Daily v2.0,Maharashtra,CHIRPS Rainfall
2025-07-16,2025-07-23,29.0,2025,P145,17.47773196144854,74.60017202281048,Satara,high,priority,31.28635025024414,1,7,CHIRPS Daily v2.0,Maharashtra,CHIRPS Rainfall
2025-07-16,2025-07-23,29.0,2025,P146,17.839182233739812,74.55218763637436,Satara,high,priority,48.80830383300781,1,7,CHIRPS Daily v2.0,Maharashtra,CHIRPS Rainfall
2025-07-16,2025-07-23,29.0,2025,P001,19.940457800458272,74.57045211428928,Ahmednagar,normal,statewide,40.79667282104492,1,7,CHIRPS Daily v2.0,Maharashtra,CHIRPS Rainfall
2025-07-16,2025-07-23,29.0,2025,P002,18.946729294293643,74.76302285238339,Ahmednagar,normal,statewide,40.65377616882324,1,7,CHIRPS Daily v2.0,Maharashtra,CHIRPS Rainfall
2025-07-16,2025-07-23,29.0,2025,P003,18.49469238410162,74.66892244285252,Ahmednagar,normal,statewide,39.65614414215088,1,7,CHIRPS Daily v2.0,Maharashtra,CHIRPS Rainfall
2025-07-16,2025-07-23,29.0,2025,P004,19.03720445466806,75.1420731965326,Ahmednagar,normal,statewide,34.121989250183105,1,7,CHIRPS Daily v2.0,Maharashtra,CHIRPS Rainfall
2025-07-16,2025-07-23,29.0,2025,P005,20.832153156317954,77.06560453615967,Akola,normal,statewide,23.308554649353027,1,7,CHIRPS Daily v2.0,Maharashtra,CHIRPS Rainfall
2025-07-16,2025-07-23,29.0,2025,P006,20.834360411339407,76.87349308547405,Akola,normal,statewide,19.104252815246582,1,7,CHIRPS Daily v2.0,Maharashtra,CHIRPS Rainfall
2025-07-16,2025-07-23,29.0,2025,P007,21.014976299509232,76.87574047240498,Akola,normal,statewide,14.930110216140747,1,7,CHIRPS Daily v2.0,Maharashtra,CHIRPS Rainfall
2025-07-16,2025-07-23,29.0,2025,P008,20.828434266039377,77.35372489162701,Akola,normal,statewide,18.90705680847168,1,7,CHIRPS Daily v2.0,Maharashtra,CHIRPS Rainfall
2025-07-16,2025-07-23,29.0,2025,P009,21.360971327549258,77.94039543992572,Amravati,normal,statewide,47.45758676528931,1,7,CHIRPS Daily v2.0,Maharashtra,CHIRPS Rainfall
2025-07-16,2025-07-23,29.0,2025,P010,21.178803672212837,78.03301542790685,Amravati,normal,statewide,53.220458030700684,1,7,CHIRPS Daily v2.0,Maharashtra,CHIRPS Rainfall
2025-07-16,2025-07-23,29.0,2025,P011,20.814388097721018,78.21764450702477,Amravati,normal,statewide,53.335535526275635,1,7,CHIRPS Daily v2.0,Maharashtra,CHIRPS Rainfall
2025-07-16,2025-07-23,29.0,2025,P012,21.180502589714195,77.93681032267875,Amravati,normal,statewide,48.56088614463806,1,7,CHIRPS Daily v2.0,Maharashtra,CHIRPS Rainfall
2025-07-16,2025-07-23,29.0,2025,P013,20.031289688916964,74.8570519162974,Aurangabad,normal,statewide,34.25722885131836,1,7,CHIRPS Daily v2.0,Maharashtra,CHIRPS Rainfall
2025-07-16,2025-07-23,29.0,2025,P014,19.760185263069562,75.14270192978114,Aurangabad,normal,statewide,47.923534870147705,1,7,CHIRPS Daily v2.0,Maharashtra,CHIRPS Rainfall
2025-07-16,2025-07-23,29.0,2025,P015,19.9408189876436,74.76157364454102,Aurangabad,normal,statewide,41.73732662200928,1,7,CHIRPS Daily v2.0,Maharashtra,CHIRPS Rainfall
2025-07-16,2025-07-23,29.0,2025,P016,19.66981712112043,75.14262166596218,Aurangabad,normal,statewide,48.743168354034424,1,7,CHIRPS Daily v2.0,Maharashtra,CHIRPS Rainfall
2025-07-16,2025-07-23,29.0,2025,P017,21.04613203856966,79.85576216552393,Bhandara,normal,statewide,51.42846465110779,1,7,CHIRPS Daily v2.0,Maharashtra,CHIRPS Rainfall
2025-07-16,2025-07-23,29.0,2025,P018,21.31897105472685,79.76852877161537,Bhandara,normal,statewide,56.460083961486816,1,7,CHIRPS Daily v2.0,Maharashtra,CHIRPS Rainfall
2025-07-16,2025-07-23,29.0,2025,P019,21.40900922319803,79.77144948280537,Bhandara,normal,statewide,52.70558309555054,1,7,CHIRPS Daily v2.0,Maharashtra,CHIRPS Rainfall
2025-07-16,2025-07-23,29.0,2025,P020,21.144196588937042,79.57074980349083,Bhandara,normal,statewide,50.01808261871338,1,7,CHIRPS Daily v2.0,Maharashtra,CHIRPS Rainfall
2025-07-16,2025-07-23,29.0,2025,P021,18.67502288980403,75.52108340877234,Bid,normal,statewide,20.045485019683838,1,7,CHIRPS Daily v2.0,Maharashtra,CHIRPS Rainfall
2025-07-16,2025-07-23,29.0,2025,P022,18.856499384477168,75.04699178476999,Bid,normal,statewide,38.22954034805298,1,7,CHIRPS Daily v2.0,Maharashtra,CHIRPS Rainfall
2025-07-16,2025-07-23,29.0,2025,P023,19.126596053486494,75.6175605191647,Bid,normal,statewide,51.98884391784668,1,7,CHIRPS Daily v2.0,Maharashtra,CHIRPS Rainfall
2025-07-16,2025-07-23,29.0,2025,P024,18.763955201213946,75.90084720909012,Bid,normal,statewide,23.638941526412964,1,7,CHIRPS Daily v2.0,Maharashtra,CHIRPS Rainfall
2025-07-16,2025-07-23,29.0,2025,P025,20.93073496240753,76.20164478885242,Buldana,normal,statewide,22.546974182128906,1,7,CHIRPS Daily v2.0,Maharashtra,CHIRPS Rainfall
2025-07-16,2025-07-23,29.0,2025,P026,20.838939908121294,76.39311412898633,Buldana,normal,statewide,35.35822153091431,1,7,CHIRPS Daily v2.0,Maharashtra,CHIRPS Rainfall
2025-07-16,2025-07-23,29.0,2025,P027,20.657476790751314,76.48742857536776,Buldana,normal,statewide,56.05859184265137,1,7,CHIRPS Daily v2.0,Maharashtra,CHIRPS Rainfall
2025-07-16,2025-07-23,29.0,2025,P028,20.47967013624516,76.10222021266374,Buldana,normal,statewide,50.265029191970825,1,7,CHIRPS Daily v2.0,Maharashtra,CHIRPS Rainfall
2025-07-16,2025-07-23,29.0,2025,P029,20.32317798477448,79.92829390325927,Chandrapur,normal,statewide,64.73950815200806,1,7,CHIRPS Daily v2.0,Maharashtra,CHIRPS Rainfall
2025-07-16,2025-07-23,29.0,2025,P030,20.60872097983294,79.36304041732026,Chandrapur,normal,statewide,66.3877444267273,1,7,CHIRPS Daily v2.0,Maharashtra,CHIRPS Rainfall
2025-07-16,2025-07-23,29.0,2025,P031,20.511160307884595,79.64732594588165,Chandrapur,normal,statewide,60.36352062225342,1,7,CHIRPS Daily v2.0,Maharashtra,CHIRPS Rainfall
2025-07-16,2025-07-23,29.0,2025,P032,20.598621115946884,79.74569817422172,Chandrapur,normal,statewide,70.31348323822021,1,7,CHIRPS Daily v2.0,Maharashtra,CHIRPS Rainfall
2025-07-16,2025-07-23,29.0,2025,P033,21.38667804512237,75.14422248324037,Dhule,normal,statewide,32.47014808654785,1,7,CHIRPS Daily v2.0,Maharashtra,CHIRPS Rainfall
2025-07-16,2025-07-23,29.0,2025,P034,21.025151968113196,74.75989256344387,Dhule,normal,statewide,37.136714935302734,1,7,CHIRPS Daily v2.0,Maharashtra,CHIRPS Rainfall
2025-07-16,2025-07-23,29.0,2025,P035,21.477028350667293,74.85568743137505,Dhule,normal,statewide,18.844700813293457,1,7,CHIRPS Daily v2.0,Maharashtra,CHIRPS Rainfall
2025-07-16,2025-07-23,29.0,2025,P036,20.933820660336515,74.37533522949364,Dhule,normal,statewide,41.86617565155029,1,7,CHIRPS Daily v2.0,Maharashtra,CHIRPS Rainfall
2025-07-16,2025-07-23,29.0,2025,P037,19.963056524597132,79.91698116388667,Garhchiroli,normal,statewide,74.86802291870117,1,7,CHIRPS Daily v2.0,Maharashtra,CHIRPS Rainfall
2025-07-16,2025-07-23,29.0,2025,P038,19.062661462582188,79.88977172925856,Garhchiroli,normal,statewide,102.42678642272949,1,7,CHIRPS Daily v2.0,Maharashtra,CHIRPS Rainfall
2025-07-16,2025-07-23,29.0,2025,P039,19.510270485428137,79.9981368030594,Garhchiroli,normal,statewide,114.99702644348145,1,7,CHIRPS Daily v2.0,Maharashtra,CHIRPS Rainfall
2025-07-16,2025-07-23,29.0,2025,P040,19.870365190999156,80.00935144220881,Garhchiroli,normal,statewide,90.67625427246094,1,7,CHIRPS Daily v2.0,Maharashtra,CHIRPS Rainfall
2025-07-16,2025-07-23,29.0,2025,P041,21.127639946725598,80.1465044724107,Gondiya,normal,statewide,56.47174024581909,1,7,CHIRPS Daily v2.0,Maharashtra,CHIRPS Rainfall
2025-07-16,2025-07-23,29.0,2025,P042,21.397598383602258,80.15591763473452,Gondiya,normal,statewide,63.95219802856445,1,7,CHIRPS Daily v2.0,Maharashtra,CHIRPS Rainfall
2025-07-16,2025-07-23,29.0,2025,P043,21.574548890706154,80.25847249986273,Gondiya,normal,statewide,52.371248722076416,1,7,CHIRPS Daily v2.0,Maharashtra,CHIRPS Rainfall
2025-07-16,2025-07-23,29.0,2025,P044,21.211649410572516,80.34153217518526,Gondiya,normal,statewide,64.36529207229614,1,7,CHIRPS Daily v2.0,Maharashtra,CHIRPS Rainfall
2025-07-16,2025-07-23,29.0,2025,P045,19.655900266732623,77.2407892392464,Hingoli,normal,statewide,45.29715824127197,1,7,CHIRPS Daily v2.0,Maharashtra,CHIRPS Rainfall
2025-07-16,2025-07-23,29.0,2025,P046,19.566758377573187,77.1442675378435,Hingoli,normal,statewide,44.32639122009277,1,7,CHIRPS Daily v2.0,Maharashtra,CHIRPS Rainfall
2025-07-16,2025-07-23,29.0,2025,P047,19.47860194974656,76.9526242927685,Hingoli,normal,statewide,40.27656078338623,1,7,CHIRPS Daily v2.0,Maharashtra,CHIRPS Rainfall
2025-07-16,2025-07-23,29.0,2025,P048,19.927981235710728,77.14910120338544,Hingoli,normal,statewide,32.04963278770447,1,7,CHIRPS Daily v2.0,Maharashtra,CHIRPS Rainfall
2025-07-16,2025-07-23,29.0,2025,P049,21.292738163229433,76.10816865346904,Jalgaon,normal,statewide,31.00301218032837,1,7,CHIRPS Daily v2.0,Maharashtra,CHIRPS Rainfall
2025-07-16,2025-07-23,29.0,2025,P050,21.386178625804387,75.43363151891216,Jalgaon,normal,statewide,30.094240188598633,1,7,CHIRPS Daily v2.0,Maharashtra,CHIRPS Rainfall
2025-07-16,2025-07-23,29.0,2025,P051,21.112064306745907,76.10682200495089,Jalgaon,normal,statewide,19.26319694519043,1,7,CHIRPS Daily v2.0,Maharashtra,CHIRPS Rainfall
2025-07-16,2025-07-23,29.0,2025,P052,20.844437979720194,75.23982115072519,Jalgaon,normal,statewide,39.646116733551025,1,7,CHIRPS Daily v2.0,Maharashtra,CHIRPS Rainfall
2025-07-16,2025-07-23,29.0,2025,P053,19.486369703781666,76.00005328932718,Jalna,normal,statewide,73.06588840484619,1,7,CHIRPS Daily v2.0,Maharashtra,CHIRPS Rainfall
2025-07-16,2025-07-23,29.0,2025,P054,20.028502750758555,76.00343774702675,Jalna,normal,statewide,43.361820220947266,1,7,CHIRPS Daily v2.0,Maharashtra,CHIRPS Rainfall
2025-07-16,2025-07-23,29.0,2025,P055,19.75743845682064,76.00172991132328,Jalna,normal,statewide,54.98997616767883,1,7,CHIRPS Daily v2.0,Maharashtra,CHIRPS Rainfall
2025-07-16,2025-07-23,29.0,2025,P056,19.57768317515413,75.80993951591351,Jalna,normal,statewide,79.01466751098633,1,7,CHIRPS Daily v2.0,Maharashtra,CHIRPS Rainfall
2025-07-16,2025-07-23,29.0,2025,P057,16.776377793156257,74.29671235971928,Kolhapur,normal,statewide,97.45472717285156,1,7,CHIRPS Daily v2.0,Maharashtra,CHIRPS Rainfall
2025-07-16,2025-07-23,29.0,2025,P058,16.324416687682138,74.29834884980589,Kolhapur,normal,statewide,137.84085083007812,1,7,CHIRPS Daily v2.0,Maharashtra,CHIRPS Rainfall
2025-07-16,2025-07-23,29.0,2025,P059,16.595891218916975,74.39111598812178,Kolhapur,normal,statewide,124.15937042236328,1,7,CHIRPS Daily v2.0,Maharashtra,CHIRPS Rainfall
2025-07-16,2025-07-23,29.0,2025,P060,16.414811584237594,74.29802779453004,Kolhapur,normal,statewide,160.94365310668945,1,7,CHIRPS Daily v2.0,Maharashtra,CHIRPS Rainfall
2025-07-16,2025-07-23,29.0,2025,P086,21.054127206758487,79.56798961993874,Nagpur,normal,statewide,44.085660457611084,1,7,CHIRPS Daily v2.0,Maharashtra,CHIRPS Rainfall
2025-07-16,2025-07-23,29.0,2025,P087,21.146765031143822,79.47473643960802,Nagpur,normal,statewide,48.77278804779053,1,7,CHIRPS Daily v2.0,Maharashtra,CHIRPS Rainfall
2025-07-16,2025-07-23,29.0,2025,P088,21.347803602138427,78.61442869606356,Nagpur,normal,statewide,46.83514213562012,1,7,CHIRPS Daily v2.0,Maharashtra,CHIRPS Rainfall
2025-07-16,2025-07-23,29.0,2025,P089,21.165377318940912,78.70615240473293,Nagpur,normal,statewide,54.97182273864746,1,7,CHIRPS Daily v2.0,Maharashtra,CHIRPS Rainfall
2025-07-16,2025-07-23,29.0,2025,P090,19.201968238592887,77.42470040309472,Nanded,normal,statewide,62.53876495361328,1,7,CHIRPS Daily v2.0,Maharashtra,CHIRPS Rainfall
2025-07-16,2025-07-23,29.0,2025,P091,18.566038000956755,77.69963965584807,Nanded,normal,statewide,66.88957452774048,1,7,CHIRPS Daily v2.0,Maharashtra,CHIRPS Rainfall
2025-07-16,2025-07-23,29.0,2025,P092,19.736596618496833,77.90946265591798,Nanded,normal,statewide,72.001220703125,1,7,CHIRPS Daily v2.0,Maharashtra,CHIRPS Rainfall
2025-07-16,2025-07-23,29.0,2025,P093,18.93564842817583,77.04115528508362,Nanded,normal,statewide,55.68207359313965,1,7,CHIRPS Daily v2.0,Maharashtra,CHIRPS Rainfall
2025-07-16,2025-07-23,29.0,2025,P094,21.564917232430716,74.08292967791392,Nandurbar,normal,statewide,0.0,1,7,CHIRPS Daily v2.0,Maharashtra,CHIRPS Rainfall
2025-07-16,2025-07-23,29.0,2025,P095,21.5662594218478,74.37266422796263,Nandurbar,normal,statewide,0.0,1,7,CHIRPS Daily v2.0,Maharashtra,CHIRPS Rainfall
2025-07-16,2025-07-23,29.0,2025,P096,21.385179787168415,74.27697637845674,Nandurbar,normal,statewide,0.0,1,7,CHIRPS Daily v2.0,Maharashtra,CHIRPS Rainfall
2025-07-16,2025-07-23,29.0,2025,P097,21.565421110849755,74.17950488852946,Nandurbar,normal,statewide,0.0,1,7,CHIRPS Daily v2.0,Maharashtra,CHIRPS Rainfall
2025-07-16,2025-07-23,29.0,2025,P098,20.299553667393326,73.99482675929994,Nashik,normal,statewide,3.2557458877563477,1,7,CHIRPS Daily v2.0,Maharashtra,CHIRPS Rainfall
2025-07-16,2025-07-23,29.0,2025,P099,20.120253214034264,74.28296495117151,Nashik,normal,statewide,20.333148956298828,1,7,CHIRPS Daily v2.0,Maharashtra,CHIRPS Rainfall
2025-07-16,2025-07-23,29.0,2025,P100,20.389903972938242,73.99424261706194,Nashik,normal,statewide,0.0,1,7,CHIRPS Daily v2.0,Maharashtra,CHIRPS Rainfall
2025-07-16,2025-07-23,29.0,2025,P101,20.029015547379707,74.09216447619562,Nashik,normal,statewide,16.467334747314453,1,7,CHIRPS Daily v2.0,Maharashtra,CHIRPS Rainfall
2025-07-16,2025-07-23,29.0,2025,P102,17.85749130266526,76.36802722645965,Osmanabad,normal,statewide,51.052523136138916,1,7,CHIRPS Daily v2.0,Maharashtra,CHIRPS Rainfall
2025-07-16,2025-07-23,29.0,2025,P103,17.76644983645705,76.46164605307673,Osmanabad,normal,statewide,58.449950218200684,1,7,CHIRPS Daily v2.0,Maharashtra,CHIRPS Rainfall
2025-07-16,2025-07-23,29.0,2025,P104,17.949094615606196,76.17989775301476,Osmanabad,normal,statewide,31.29155445098877,1,7,CHIRPS Daily v2.0,Maharashtra,CHIRPS Rainfall
2025-07-16,2025-07-23,29.0,2025,P105,18.584360447185368,75.61558067829696,Osmanabad,normal,statewide,21.752686738967896,1,7,CHIRPS Daily v2.0,Maharashtra,CHIRPS Rainfall
2025-07-16,2025-07-23,29.0,2025,P106,19.031389786894366,76.47235681380711,Parbhani,normal,statewide,78.58095455169678,1,7,CHIRPS Daily v2.0,Maharashtra,CHIRPS Rainfall
2025-07-16,2025-07-23,29.0,2025,P107,19.120950831552832,76.56820519095093,Parbhani,normal,statewide,27.844858646392822,1,7,CHIRPS Daily v2.0,Maharashtra,CHIRPS Rainfall
2025-07-16,2025-07-23,29.0,2025,P108,19.208625676465683,76.85432786914635,Parbhani,normal,statewide,51.39732027053833,1,7,CHIRPS Daily v2.0,Maharashtra,CHIRPS Rainfall
2025-07-16,2025-07-23,29.0,2025,P109,19.212081479782103,76.47396209018636,Parbhani,normal,statewide,61.60549354553223,1,7,CHIRPS Daily v2.0,Maharashtra,CHIRPS Rainfall
2025-07-16,2025-07-23,29.0,2025,P110,18.133442771357757,75.04679558432363,Pune,normal,statewide,41.50531196594238,1,7,CHIRPS Daily v2.0,Maharashtra,CHIRPS Rainfall
2025-07-16,2025-07-23,29.0,2025,P111,18.584645829652782,74.47919215212944,Pune,normal,statewide,31.897167205810547,1,7,CHIRPS Daily v2.0,Maharashtra,CHIRPS Rainfall
2025-07-16,2025-07-23,29.0,2025,P112,18.132979024848197,74.57507620208169,Pune,normal,statewide,23.683897972106934,1,7,CHIRPS Daily v2.0,Maharashtra,CHIRPS Rainfall
2025-07-16,2025-07-23,29.0,2025,P113,18.314072036830744,74.76389683618987,Pune,normal,statewide,40.15789794921875,1,7,CHIRPS Daily v2.0,Maharashtra,CHIRPS Rainfall
2025-07-16,2025-07-23,29.0,2025,P114,18.48503397121986,73.0589238755964,Raigarh,normal,statewide,72.00865936279297,1,7,CHIRPS Daily v2.0,Maharashtra,CHIRPS Rainfall
2025-07-16,2025-07-23,29.0,2025,P115,18.665689991299164,73.05687714821288,Raigarh,normal,statewide,405.9090042114258,1,7,CHIRPS Daily v2.0,Maharashtra,CHIRPS Rainfall
2025-07-16,2025-07-23,29.0,2025,P116,18.306197264370358,73.25009891506079,Raigarh,normal,statewide,161.91851806640625,1,7,CHIRPS Daily v2.0,Maharashtra,CHIRPS Rainfall
2025-07-16,2025-07-23,29.0,2025,P117,18.21404102289879,73.06194714611064,Raigarh,normal,statewide,0.0,1,7,CHIRPS Daily v2.0,Maharashtra,CHIRPS Rainfall
2025-07-16,2025-07-23,29.0,2025,P118,17.138719885658215,75.42259970290594,Sangli,normal,statewide,73.52714729309082,1,7,CHIRPS Daily v2.0,Maharashtra,CHIRPS Rainfall
2025-07-16,2025-07-23,29.0,2025,P119,17.048761981005992,74.95348443567921,Sangli,normal,statewide,35.740787506103516,1,7,CHIRPS Daily v2.0,Maharashtra,CHIRPS Rainfall
2025-07-16,2025-07-23,29.0,2025,P120,16.86707144948229,74.39025538161847,Sangli,normal,statewide,106.86225891113281,1,7,CHIRPS Daily v2.0,Maharashtra,CHIRPS Rainfall
2025-07-16,2025-07-23,29.0,2025,P121,17.048503353144895,74.67157114887826,Sangli,normal,statewide,63.50200271606445,1,7,CHIRPS Daily v2.0,Maharashtra,CHIRPS Rainfall
2025-07-16,2025-07-23,29.0,2025,P148,17.67852974098626,76.08383979812143,Solapur,normal,statewide,52.05411338806152,1,7,CHIRPS Daily v2.0,Maharashtra,CHIRPS Rainfall
2025-07-16,2025-07-23,29.0,2025,P149,18.223365003201543,75.4251413905064,Solapur,normal,statewide,27.736549854278564,1,7,CHIRPS Daily v2.0,Maharashtra,CHIRPS Rainfall
2025-07-16,2025-07-23,29.0,2025,P150,17.952532582518405,75.23562067753285,Solapur,normal,statewide,27.951480388641357,1,7,CHIRPS Daily v2.0,Maharashtra,CHIRPS Rainfall
2025-07-16,2025-07-23,29.0,2025,P151,18.223690517578447,75.23598186471818,Solapur,normal,statewide,30.52474594116211,1,7,CHIRPS Daily v2.0,Maharashtra,CHIRPS Rainfall
2025-07-16,2025-07-23,29.0,2025,P152,19.658178867370932,72.94986318203122,Thane,normal,statewide,0.0,1,7,CHIRPS Daily v2.0,Maharashtra,CHIRPS Rainfall
2025-07-16,2025-07-23,29.0,2025,P153,19.65706409210757,72.8545320606096,Thane,normal,statewide,0.0,1,7,CHIRPS Daily v2.0,Maharashtra,CHIRPS Rainfall
2025-07-16,2025-07-23,29.0,2025,P154,19.477549601897948,72.95214624177059,Thane,normal,statewide,0.0,1,7,CHIRPS Daily v2.0,Maharashtra,CHIRPS Rainfall
2025-07-16,2025-07-23,29.0,2025,P155,19.83987385799569,73.0429959666335,Thane,normal,statewide,0.0,1,7,CHIRPS Daily v2.0,Maharashtra,CHIRPS Rainfall
2025-07-16,2025-07-23,29.0,2025,P156,20.806749657616468,78.60135461177485,Wardha,normal,statewide,43.224435329437256,1,7,CHIRPS Daily v2.0,Maharashtra,CHIRPS Rainfall
2025-07-16,2025-07-23,29.0,2025,P157,20.71031267913359,78.88671032458906,Wardha,normal,statewide,42.2590811252594,1,7,CHIRPS Daily v2.0,Maharashtra,CHIRPS Rainfall
2025-07-16,2025-07-23,29.0,2025,P158,21.081265295769754,78.41565980750515,Wardha,normal,statewide,42.94764280319214,1,7,CHIRPS Daily v2.0,Maharashtra,CHIRPS Rainfall
2025-07-16,2025-07-23,29.0,2025,P159,20.439854822938944,78.87986114537097,Wardha,normal,statewide,62.35206699371338,1,7,CHIRPS Daily v2.0,Maharashtra,CHIRPS Rainfall
2025-07-16,2025-07-23,29.0,2025,P160,20.289186257444058,77.15404188735265,Washim,normal,statewide,33.09689712524414,1,7,CHIRPS Daily v2.0,Maharashtra,CHIRPS Rainfall
2025-07-16,2025-07-23,29.0,2025,P161,20.464607292886615,77.53975858757677,Washim,normal,statewide,35.095040798187256,1,7,CHIRPS Daily v2.0,Maharashtra,CHIRPS Rainfall
2025-07-16,2025-07-23,29.0,2025,P162,20.107393166596125,77.2471479173486,Washim,normal,statewide,37.78342056274414,1,7,CHIRPS Daily v2.0,Maharashtra,CHIRPS Rainfall
2025-07-16,2025-07-23,29.0,2025,P163,20.198885002010726,77.1527933390577,Washim,normal,statewide,36.88748216629028,1,7,CHIRPS Daily v2.0,Maharashtra,CHIRPS Rainfall
2025-07-16,2025-07-23,29.0,2025,P164,20.182854533723592,78.20447678161395,Yavatmal,normal,statewide,80.98377895355225,1,7,CHIRPS Daily v2.0,Maharashtra,CHIRPS Rainfall
2025-07-16,2025-07-23,29.0,2025,P165,19.894658373538324,79.05709703494229,Yavatmal,normal,statewide,110.62222290039062,1,7,CHIRPS Daily v2.0,Maharashtra,CHIRPS Rainfall
2025-07-16,2025-07-23,29.0,2025,P166,19.468787468327925,77.71426550730338,Yavatmal,normal,statewide,79.26568222045898,1,7,CHIRPS Daily v2.0,Maharashtra,CHIRPS Rainfall
2025-07-16,2025-07-23,29.0,2025,P167,19.559057510053886,77.71577268345945,Yavatmal,normal,statewide,85.6863956451416,1,7,CHIRPS Daily v2.0,Maharashtra,CHIRPS Rainfall
2025-07-23,2025-07-30,30.0,2025,P147,17.927231643141155,73.94769852026607,Satara,case_study,case_study,0.0,1,7,CHIRPS Daily v2.0,Maharashtra,CHIRPS Rainfall
2025-07-23,2025-07-30,30.0,2025,P061,18.507855650411397,76.91766048140843,Latur,high,priority,92.17790985107422,1,7,CHIRPS Daily v2.0,Maharashtra,CHIRPS Rainfall
2025-07-23,2025-07-30,30.0,2025,P062,18.422405896924207,76.3487594508077,Latur,high,priority,45.205841064453125,1,7,CHIRPS Daily v2.0,Maharashtra,CHIRPS Rainfall
2025-07-23,2025-07-30,30.0,2025,P063,18.235391198742693,77.05646783810116,Latur,high,priority,115.76411628723145,1,7,CHIRPS Daily v2.0,Maharashtra,CHIRPS Rainfall
2025-07-23,2025-07-30,30.0,2025,P064,18.193056493341274,76.77240080549139,Latur,high,priority,93.80000305175781,1,7,CHIRPS Daily v2.0,Maharashtra,CHIRPS Rainfall
2025-07-23,2025-07-30,30.0,2025,P065,18.331355512513895,76.44266811899327,Latur,high,priority,62.959866523742676,1,7,CHIRPS Daily v2.0,Maharashtra,CHIRPS Rainfall
2025-07-23,2025-07-30,30.0,2025,P066,18.104739537876725,76.5352970251765,Latur,high,priority,81.4660291671753,1,7,CHIRPS Daily v2.0,Maharashtra,CHIRPS Rainfall
2025-07-23,2025-07-30,30.0,2025,P067,18.280552974211986,77.0569984711265,Latur,high,priority,111.06711292266846,1,7,CHIRPS Daily v2.0,Maharashtra,CHIRPS Rainfall
2025-07-23,2025-07-30,30.0,2025,P068,18.101823285787773,76.86595720469373,Latur,high,priority,91.68698310852051,1,7,CHIRPS Daily v2.0,Maharashtra,CHIRPS Rainfall
2025-07-23,2025-07-30,30.0,2025,P069,18.595075667016793,77.20284228928156,Latur,high,priority,129.7812647819519,1,7,CHIRPS Daily v2.0,Maharashtra,CHIRPS Rainfall
2025-07-23,2025-07-30,30.0,2025,P070,18.41499041187233,77.15322587185987,Latur,high,priority,113.73519134521484,1,7,CHIRPS Daily v2.0,Maharashtra,CHIRPS Rainfall
2025-07-23,2025-07-30,30.0,2025,P071,18.149138807065885,76.63019561379593,Latur,high,priority,86.4716682434082,1,7,CHIRPS Daily v2.0,Maharashtra,CHIRPS Rainfall
2025-07-23,2025-07-30,30.0,2025,P072,18.283393421583035,76.77331492120734,Latur,high,priority,96.43460655212402,1,7,CHIRPS Daily v2.0,Maharashtra,CHIRPS Rainfall
2025-07-23,2025-07-30,30.0,2025,P073,17.966315663874607,76.86453029235662,Latur,high,priority,77.36859226226807,1,7,CHIRPS Daily v2.0,Maharashtra,CHIRPS Rainfall
2025-07-23,2025-07-30,30.0,2025,P074,18.50832831512306,76.870318205524,Latur,high,priority,94.95285415649414,1,7,CHIRPS Daily v2.0,Maharashtra,CHIRPS Rainfall
2025-07-23,2025-07-30,30.0,2025,P075,18.41444640154381,77.20053247493588,Latur,high,priority,114.4660415649414,1,7,CHIRPS Daily v2.0,Maharashtra,CHIRPS Rainfall
2025-07-23,2025-07-30,30.0,2025,P076,18.377877313804504,76.25376722106614,Latur,high,priority,50.49363708496094,1,7,CHIRPS Daily v2.0,Maharashtra,CHIRPS Rainfall
2025-07-23,2025-07-30,30.0,2025,P077,18.059564385104267,76.5349046242838,Latur,high,priority,78.88408756256104,1,7,CHIRPS Daily v2.0,Maharashtra,CHIRPS Rainfall
2025-07-23,2025-07-30,30.0,2025,P078,18.1008824154655,76.96042326051098,Latur,high,priority,92.90784311294556,1,7,CHIRPS Daily v2.0,Maharashtra,CHIRPS Rainfall
2025-07-23,2025-07-30,30.0,2025,P079,18.73508698099394,76.77797468180819,Latur,high,priority,107.53889846801758,1,7,CHIRPS Daily v2.0,Maharashtra,CHIRPS Rainfall
2025-07-23,2025-07-30,30.0,2025,P080,18.46791548227568,76.3017694439065,Latur,high,priority,40.99940490722656,1,7,CHIRPS Daily v2.0,Maharashtra,CHIRPS Rainfall
2025-07-23,2025-07-30,30.0,2025,P081,18.10355787609756,76.67701617485712,Latur,high,priority,86.99738216400146,1,7,CHIRPS Daily v2.0,Maharashtra,CHIRPS Rainfall
2025-07-23,2025-07-30,30.0,2025,P082,18.23907887531389,76.67830931416262,Latur,high,priority,93.18690967559814,1,7,CHIRPS Daily v2.0,Maharashtra,CHIRPS Rainfall
2025-07-23,2025-07-30,30.0,2025,P083,18.369289085175563,77.19996171000103,Latur,high,priority,113.46834897994995,1,7,CHIRPS Daily v2.0,Maharashtra,CHIRPS Rainfall
2025-07-23,2025-07-30,30.0,2025,P084,18.46362582706226,76.82249880582684,Latur,high,priority,100.43049907684326,1,7,CHIRPS Daily v2.0,Maharashtra,CHIRPS Rainfall
2025-07-23,2025-07-30,30.0,2025,P085,18.14788579966987,76.77194597718393,Latur,high,priority,81.72157955169678,1,7,CHIRPS Daily v2.0,Maharashtra,CHIRPS Rainfall
2025-07-23,2025-07-30,30.0,2025,P122,17.88145897082753,73.8441448165019,Satara,high,priority,0.0,1,7,CHIRPS Daily v2.0,Maharashtra,CHIRPS Rainfall
2025-07-23,2025-07-30,30.0,2025,P123,17.386414030975025,74.27088970551878,Satara,high,priority,33.95511245727539,1,7,CHIRPS Daily v2.0,Maharashtra,CHIRPS Rainfall
2025-07-23,2025-07-30,30.0,2025,P124,17.43262815429294,74.647353771057,Satara,high,priority,29.107603073120117,1,7,CHIRPS Daily v2.0,Maharashtra,CHIRPS Rainfall
2025-07-23,2025-07-30,30.0,2025,P125,17.56734651531964,74.31728219287884,Satara,high,priority,20.286962509155273,1,7,CHIRPS Daily v2.0,Maharashtra,CHIRPS Rainfall
2025-07-23,2025-07-30,30.0,2025,P126,17.205080227535593,74.13053949986157,Satara,high,priority,81.5020980834961,1,7,CHIRPS Daily v2.0,Maharashtra,CHIRPS Rainfall
2025-07-23,2025-07-30,30.0,2025,P127,17.65773249367299,74.31694330119876,Satara,high,priority,17.1658878326416,1,7,CHIRPS Daily v2.0,Maharashtra,CHIRPS Rainfall
2025-07-23,2025-07-30,30.0,2025,P128,18.019949731345452,74.5517328080669,Satara,high,priority,0.0,1,7,CHIRPS Daily v2.0,Maharashtra,CHIRPS Rainfall
2025-07-23,2025-07-30,30.0,2025,P129,18.063234225271252,74.03192648006461,Satara,high,priority,48.02302169799805,1,7,CHIRPS Daily v2.0,Maharashtra,CHIRPS Rainfall
2025-07-23,2025-07-30,30.0,2025,P130,17.61135784271715,74.03436560834085,Satara,high,priority,54.57244873046875,1,7,CHIRPS Daily v2.0,Maharashtra,CHIRPS Rainfall
2025-07-23,2025-07-30,30.0,2025,P131,17.612539504496315,74.3171127470388,Satara,high,priority,30.856876373291016,1,7,CHIRPS Daily v2.0,Maharashtra,CHIRPS Rainfall
2025-07-23,2025-07-30,30.0,2025,P132,17.702176353872684,74.12817617630324,Satara,high,priority,0.0,1,7,CHIRPS Daily v2.0,Maharashtra,CHIRPS Rainfall
2025-07-23,2025-07-30,30.0,2025,P133,17.25006363896275,74.08329532420031,Satara,high,priority,103.97847366333008,1,7,CHIRPS Daily v2.0,Maharashtra,CHIRPS Rainfall
2025-07-23,2025-07-30,30.0,2025,P134,17.476429903940936,74.17634784498362,Satara,high,priority,71.73818397521973,1,7,CHIRPS Daily v2.0,Maharashtra,CHIRPS Rainfall
2025-07-23,2025-07-30,30.0,2025,P135,17.882716437324603,74.0801070669471,Satara,high,priority,0.0,1,7,CHIRPS Daily v2.0,Maharashtra,CHIRPS Rainfall
2025-07-23,2025-07-30,30.0,2025,P136,17.928520323345598,74.22149178404871,Satara,high,priority,8.907323837280273,1,7,CHIRPS Daily v2.0,Maharashtra,CHIRPS Rainfall
2025-07-23,2025-07-30,30.0,2025,P137,17.746687100588183,73.98648378122894,Satara,high,priority,45.05180740356445,1,7,CHIRPS Daily v2.0,Maharashtra,CHIRPS Rainfall
2025-07-23,2025-07-30,30.0,2025,P138,17.61269557303319,74.36423652697161,Satara,high,priority,27.122989654541016,1,7,CHIRPS Daily v2.0,Maharashtra,CHIRPS Rainfall
2025-07-23,2025-07-30,30.0,2025,P139,17.656773786946495,74.08126197411994,Satara,high,priority,0.0,1,7,CHIRPS Daily v2.0,Maharashtra,CHIRPS Rainfall
2025-07-23,2025-07-30,30.0,2025,P140,17.97464080554139,74.50462240543725,Satara,high,priority,0.0,1,7,CHIRPS Daily v2.0,Maharashtra,CHIRPS Rainfall
2025-07-23,2025-07-30,30.0,2025,P141,17.430826677467348,74.08239904488856,Satara,high,priority,79.54501342773438,1,7,CHIRPS Daily v2.0,Maharashtra,CHIRPS Rainfall
2025-07-23,2025-07-30,30.0,2025,P142,18.064447100757786,74.31538707493111,Satara,high,priority,0.0,1,7,CHIRPS Daily v2.0,Maharashtra,CHIRPS Rainfall
2025-07-23,2025-07-30,30.0,2025,P143,17.70379500755509,74.6468275971327,Satara,high,priority,0.0,1,7,CHIRPS Daily v2.0,Maharashtra,CHIRPS Rainfall
2025-07-23,2025-07-30,30.0,2025,P144,17.929452275465767,74.50474726026674,Satara,high,priority,0.0,1,7,CHIRPS Daily v2.0,Maharashtra,CHIRPS Rainfall
2025-07-23,2025-07-30,30.0,2025,P145,17.47773196144854,74.60017202281048,Satara,high,priority,16.061111450195312,1,7,CHIRPS Daily v2.0,Maharashtra,CHIRPS Rainfall
2025-07-23,2025-07-30,30.0,2025,P146,17.839182233739812,74.55218763637436,Satara,high,priority,0.0,1,7,CHIRPS Daily v2.0,Maharashtra,CHIRPS Rainfall
2025-07-23,2025-07-30,30.0,2025,P001,19.940457800458272,74.57045211428928,Ahmednagar,normal,statewide,41.25368595123291,1,7,CHIRPS Daily v2.0,Maharashtra,CHIRPS Rainfall
2025-07-23,2025-07-30,30.0,2025,P002,18.946729294293643,74.76302285238339,Ahmednagar,normal,statewide,24.041133880615234,1,7,CHIRPS Daily v2.0,Maharashtra,CHIRPS Rainfall
2025-07-23,2025-07-30,30.0,2025,P003,18.49469238410162,74.66892244285252,Ahmednagar,normal,statewide,22.46741485595703,1,7,CHIRPS Daily v2.0,Maharashtra,CHIRPS Rainfall
2025-07-23,2025-07-30,30.0,2025,P004,19.03720445466806,75.1420731965326,Ahmednagar,normal,statewide,32.26916790008545,1,7,CHIRPS Daily v2.0,Maharashtra,CHIRPS Rainfall
2025-07-23,2025-07-30,30.0,2025,P005,20.832153156317954,77.06560453615967,Akola,normal,statewide,81.07979583740234,1,7,CHIRPS Daily v2.0,Maharashtra,CHIRPS Rainfall
2025-07-23,2025-07-30,30.0,2025,P006,20.834360411339407,76.87349308547405,Akola,normal,statewide,75.08307456970215,1,7,CHIRPS Daily v2.0,Maharashtra,CHIRPS Rainfall
2025-07-23,2025-07-30,30.0,2025,P007,21.014976299509232,76.87574047240498,Akola,normal,statewide,72.66996622085571,1,7,CHIRPS Daily v2.0,Maharashtra,CHIRPS Rainfall
2025-07-23,2025-07-30,30.0,2025,P008,20.828434266039377,77.35372489162701,Akola,normal,statewide,77.03503847122192,1,7,CHIRPS Daily v2.0,Maharashtra,CHIRPS Rainfall
2025-07-23,2025-07-30,30.0,2025,P009,21.360971327549258,77.94039543992572,Amravati,normal,statewide,124.5990138053894,1,7,CHIRPS Daily v2.0,Maharashtra,CHIRPS Rainfall
2025-07-23,2025-07-30,30.0,2025,P010,21.178803672212837,78.03301542790685,Amravati,normal,statewide,108.01456069946289,1,7,CHIRPS Daily v2.0,Maharashtra,CHIRPS Rainfall
2025-07-23,2025-07-30,30.0,2025,P011,20.814388097721018,78.21764450702477,Amravati,normal,statewide,84.63957405090332,1,7,CHIRPS Daily v2.0,Maharashtra,CHIRPS Rainfall
2025-07-23,2025-07-30,30.0,2025,P012,21.180502589714195,77.93681032267875,Amravati,normal,statewide,108.26159858703613,1,7,CHIRPS Daily v2.0,Maharashtra,CHIRPS Rainfall
2025-07-23,2025-07-30,30.0,2025,P013,20.031289688916964,74.8570519162974,Aurangabad,normal,statewide,54.447089195251465,1,7,CHIRPS Daily v2.0,Maharashtra,CHIRPS Rainfall
2025-07-23,2025-07-30,30.0,2025,P014,19.760185263069562,75.14270192978114,Aurangabad,normal,statewide,47.3463134765625,1,7,CHIRPS Daily v2.0,Maharashtra,CHIRPS Rainfall
2025-07-23,2025-07-30,30.0,2025,P015,19.9408189876436,74.76157364454102,Aurangabad,normal,statewide,57.857157707214355,1,7,CHIRPS Daily v2.0,Maharashtra,CHIRPS Rainfall
2025-07-23,2025-07-30,30.0,2025,P016,19.66981712112043,75.14262166596218,Aurangabad,normal,statewide,42.59385585784912,1,7,CHIRPS Daily v2.0,Maharashtra,CHIRPS Rainfall
2025-07-23,2025-07-30,30.0,2025,P017,21.04613203856966,79.85576216552393,Bhandara,normal,statewide,161.67023086547852,1,7,CHIRPS Daily v2.0,Maharashtra,CHIRPS Rainfall
2025-07-23,2025-07-30,30.0,2025,P018,21.31897105472685,79.76852877161537,Bhandara,normal,statewide,137.8668918609619,1,7,CHIRPS Daily v2.0,Maharashtra,CHIRPS Rainfall
2025-07-23,2025-07-30,30.0,2025,P019,21.40900922319803,79.77144948280537,Bhandara,normal,statewide,159.0892858505249,1,7,CHIRPS Daily v2.0,Maharashtra,CHIRPS Rainfall
2025-07-23,2025-07-30,30.0,2025,P020,21.144196588937042,79.57074980349083,Bhandara,normal,statewide,143.05419540405273,1,7,CHIRPS Daily v2.0,Maharashtra,CHIRPS Rainfall
2025-07-23,2025-07-30,30.0,2025,P021,18.67502288980403,75.52108340877234,Bid,normal,statewide,20.11263084411621,1,7,CHIRPS Daily v2.0,Maharashtra,CHIRPS Rainfall
2025-07-23,2025-07-30,30.0,2025,P022,18.856499384477168,75.04699178476999,Bid,normal,statewide,21.17538833618164,1,7,CHIRPS Daily v2.0,Maharashtra,CHIRPS Rainfall
2025-07-23,2025-07-30,30.0,2025,P023,19.126596053486494,75.6175605191647,Bid,normal,statewide,32.59772872924805,1,7,CHIRPS Daily v2.0,Maharashtra,CHIRPS Rainfall
2025-07-23,2025-07-30,30.0,2025,P024,18.763955201213946,75.90084720909012,Bid,normal,statewide,46.038408279418945,1,7,CHIRPS Daily v2.0,Maharashtra,CHIRPS Rainfall
2025-07-23,2025-07-30,30.0,2025,P025,20.93073496240753,76.20164478885242,Buldana,normal,statewide,96.2636022567749,1,7,CHIRPS Daily v2.0,Maharashtra,CHIRPS Rainfall
2025-07-23,2025-07-30,30.0,2025,P026,20.838939908121294,76.39311412898633,Buldana,normal,statewide,72.89454793930054,1,7,CHIRPS Daily v2.0,Maharashtra,CHIRPS Rainfall
2025-07-23,2025-07-30,30.0,2025,P027,20.657476790751314,76.48742857536776,Buldana,normal,statewide,71.01156234741211,1,7,CHIRPS Daily v2.0,Maharashtra,CHIRPS Rainfall
2025-07-23,2025-07-30,30.0,2025,P028,20.47967013624516,76.10222021266374,Buldana,normal,statewide,74.51031684875488,1,7,CHIRPS Daily v2.0,Maharashtra,CHIRPS Rainfall
2025-07-23,2025-07-30,30.0,2025,P029,20.32317798477448,79.92829390325927,Chandrapur,normal,statewide,148.8150463104248,1,7,CHIRPS Daily v2.0,Maharashtra,CHIRPS Rainfall
2025-07-23,2025-07-30,30.0,2025,P030,20.60872097983294,79.36304041732026,Chandrapur,normal,statewide,145.30315589904785,1,7,CHIRPS Daily v2.0,Maharashtra,CHIRPS Rainfall
2025-07-23,2025-07-30,30.0,2025,P031,20.511160307884595,79.64732594588165,Chandrapur,normal,statewide,186.50673294067383,1,7,CHIRPS Daily v2.0,Maharashtra,CHIRPS Rainfall
2025-07-23,2025-07-30,30.0,2025,P032,20.598621115946884,79.74569817422172,Chandrapur,normal,statewide,170.57762145996094,1,7,CHIRPS Daily v2.0,Maharashtra,CHIRPS Rainfall
2025-07-23,2025-07-30,30.0,2025,P033,21.38667804512237,75.14422248324037,Dhule,normal,statewide,100.57553482055664,1,7,CHIRPS Daily v2.0,Maharashtra,CHIRPS Rainfall
2025-07-23,2025-07-30,30.0,2025,P034,21.025151968113196,74.75989256344387,Dhule,normal,statewide,72.69003105163574,1,7,CHIRPS Daily v2.0,Maharashtra,CHIRPS Rainfall
2025-07-23,2025-07-30,30.0,2025,P035,21.477028350667293,74.85568743137505,Dhule,normal,statewide,107.79502487182617,1,7,CHIRPS Daily v2.0,Maharashtra,CHIRPS Rainfall
2025-07-23,2025-07-30,30.0,2025,P036,20.933820660336515,74.37533522949364,Dhule,normal,statewide,63.20944404602051,1,7,CHIRPS Daily v2.0,Maharashtra,CHIRPS Rainfall
2025-07-23,2025-07-30,30.0,2025,P037,19.963056524597132,79.91698116388667,Garhchiroli,normal,statewide,170.29505729675293,1,7,CHIRPS Daily v2.0,Maharashtra,CHIRPS Rainfall
2025-07-23,2025-07-30,30.0,2025,P038,19.062661462582188,79.88977172925856,Garhchiroli,normal,statewide,177.7959442138672,1,7,CHIRPS Daily v2.0,Maharashtra,CHIRPS Rainfall
2025-07-23,2025-07-30,30.0,2025,P039,19.510270485428137,79.9981368030594,Garhchiroli,normal,statewide,196.03854179382324,1,7,CHIRPS Daily v2.0,Maharashtra,CHIRPS Rainfall
2025-07-23,2025-07-30,30.0,2025,P040,19.870365190999156,80.00935144220881,Garhchiroli,normal,statewide,174.4705696105957,1,7,CHIRPS Daily v2.0,Maharashtra,CHIRPS Rainfall
2025-07-23,2025-07-30,30.0,2025,P041,21.127639946725598,80.1465044724107,Gondiya,normal,statewide,179.70367622375488,1,7,CHIRPS Daily v2.0,Maharashtra,CHIRPS Rainfall
2025-07-23,2025-07-30,30.0,2025,P042,21.397598383602258,80.15591763473452,Gondiya,normal,statewide,194.9433469772339,1,7,CHIRPS Daily v2.0,Maharashtra,CHIRPS Rainfall
2025-07-23,2025-07-30,30.0,2025,P043,21.574548890706154,80.25847249986273,Gondiya,normal,statewide,204.19423294067383,1,7,CHIRPS Daily v2.0,Maharashtra,CHIRPS Rainfall
2025-07-23,2025-07-30,30.0,2025,P044,21.211649410572516,80.34153217518526,Gondiya,normal,statewide,168.72465133666992,1,7,CHIRPS Daily v2.0,Maharashtra,CHIRPS Rainfall
2025-07-23,2025-07-30,30.0,2025,P045,19.655900266732623,77.2407892392464,Hingoli,normal,statewide,79.20424270629883,1,7,CHIRPS Daily v2.0,Maharashtra,CHIRPS Rainfall
2025-07-23,2025-07-30,30.0,2025,P046,19.566758377573187,77.1442675378435,Hingoli,normal,statewide,79.1347827911377,1,7,CHIRPS Daily v2.0,Maharashtra,CHIRPS Rainfall
2025-07-23,2025-07-30,30.0,2025,P047,19.47860194974656,76.9526242927685,Hingoli,normal,statewide,84.20232105255127,1,7,CHIRPS Daily v2.0,Maharashtra,CHIRPS Rainfall
2025-07-23,2025-07-30,30.0,2025,P048,19.927981235710728,77.14910120338544,Hingoli,normal,statewide,57.945960998535156,1,7,CHIRPS Daily v2.0,Maharashtra,CHIRPS Rainfall
2025-07-23,2025-07-30,30.0,2025,P049,21.292738163229433,76.10816865346904,Jalgaon,normal,statewide,100.04170989990234,1,7,CHIRPS Daily v2.0,Maharashtra,CHIRPS Rainfall
2025-07-23,2025-07-30,30.0,2025,P050,21.386178625804387,75.43363151891216,Jalgaon,normal,statewide,130.5458288192749,1,7,CHIRPS Daily v2.0,Maharashtra,CHIRPS Rainfall
2025-07-23,2025-07-30,30.0,2025,P051,21.112064306745907,76.10682200495089,Jalgaon,normal,statewide,108.0499496459961,1,7,CHIRPS Daily v2.0,Maharashtra,CHIRPS Rainfall
2025-07-23,2025-07-30,30.0,2025,P052,20.844437979720194,75.23982115072519,Jalgaon,normal,statewide,72.85683393478394,1,7,CHIRPS Daily v2.0,Maharashtra,CHIRPS Rainfall
2025-07-23,2025-07-30,30.0,2025,P053,19.486369703781666,76.00005328932718,Jalna,normal,statewide,66.4784049987793,1,7,CHIRPS Daily v2.0,Maharashtra,CHIRPS Rainfall
2025-07-23,2025-07-30,30.0,2025,P054,20.028502750758555,76.00343774702675,Jalna,normal,statewide,58.224968910217285,1,7,CHIRPS Daily v2.0,Maharashtra,CHIRPS Rainfall
2025-07-23,2025-07-30,30.0,2025,P055,19.75743845682064,76.00172991132328,Jalna,normal,statewide,35.342352867126465,1,7,CHIRPS Daily v2.0,Maharashtra,CHIRPS Rainfall
2025-07-23,2025-07-30,30.0,2025,P056,19.57768317515413,75.80993951591351,Jalna,normal,statewide,47.040611267089844,1,7,CHIRPS Daily v2.0,Maharashtra,CHIRPS Rainfall
2025-07-23,2025-07-30,30.0,2025,P057,16.776377793156257,74.29671235971928,Kolhapur,normal,statewide,80.4451675415039,1,7,CHIRPS Daily v2.0,Maharashtra,CHIRPS Rainfall
2025-07-23,2025-07-30,30.0,2025,P058,16.324416687682138,74.29834884980589,Kolhapur,normal,statewide,0.0,1,7,CHIRPS Daily v2.0,Maharashtra,CHIRPS Rainfall
2025-07-23,2025-07-30,30.0,2025,P059,16.595891218916975,74.39111598812178,Kolhapur,normal,statewide,0.0,1,7,CHIRPS Daily v2.0,Maharashtra,CHIRPS Rainfall
2025-07-23,2025-07-30,30.0,2025,P060,16.414811584237594,74.29802779453004,Kolhapur,normal,statewide,0.0,1,7,CHIRPS Daily v2.0,Maharashtra,CHIRPS Rainfall
2025-07-23,2025-07-30,30.0,2025,P086,21.054127206758487,79.56798961993874,Nagpur,normal,statewide,147.49361991882324,1,7,CHIRPS Daily v2.0,Maharashtra,CHIRPS Rainfall
2025-07-23,2025-07-30,30.0,2025,P087,21.146765031143822,79.47473643960802,Nagpur,normal,statewide,133.81472969055176,1,7,CHIRPS Daily v2.0,Maharashtra,CHIRPS Rainfall
2025-07-23,2025-07-30,30.0,2025,P088,21.347803602138427,78.61442869606356,Nagpur,normal,statewide,119.43409729003906,1,7,CHIRPS Daily v2.0,Maharashtra,CHIRPS Rainfall
2025-07-23,2025-07-30,30.0,2025,P089,21.165377318940912,78.70615240473293,Nagpur,normal,statewide,100.34139060974121,1,7,CHIRPS Daily v2.0,Maharashtra,CHIRPS Rainfall
2025-07-23,2025-07-30,30.0,2025,P090,19.201968238592887,77.42470040309472,Nanded,normal,statewide,121.44573211669922,1,7,CHIRPS Daily v2.0,Maharashtra,CHIRPS Rainfall
2025-07-23,2025-07-30,30.0,2025,P091,18.566038000956755,77.69963965584807,Nanded,normal,statewide,139.67024278640747,1,7,CHIRPS Daily v2.0,Maharashtra,CHIRPS Rainfall
2025-07-23,2025-07-30,30.0,2025,P092,19.736596618496833,77.90946265591798,Nanded,normal,statewide,102.05332946777344,1,7,CHIRPS Daily v2.0,Maharashtra,CHIRPS Rainfall
2025-07-23,2025-07-30,30.0,2025,P093,18.93564842817583,77.04115528508362,Nanded,normal,statewide,115.59524917602539,1,7,CHIRPS Daily v2.0,Maharashtra,CHIRPS Rainfall
2025-07-23,2025-07-30,30.0,2025,P094,21.564917232430716,74.08292967791392,Nandurbar,normal,statewide,92.17717552185059,1,7,CHIRPS Daily v2.0,Maharashtra,CHIRPS Rainfall
2025-07-23,2025-07-30,30.0,2025,P095,21.5662594218478,74.37266422796263,Nandurbar,normal,statewide,104.14355278015137,1,7,CHIRPS Daily v2.0,Maharashtra,CHIRPS Rainfall
2025-07-23,2025-07-30,30.0,2025,P096,21.385179787168415,74.27697637845674,Nandurbar,normal,statewide,98.24116516113281,1,7,CHIRPS Daily v2.0,Maharashtra,CHIRPS Rainfall
2025-07-23,2025-07-30,30.0,2025,P097,21.565421110849755,74.17950488852946,Nandurbar,normal,statewide,83.7233943939209,1,7,CHIRPS Daily v2.0,Maharashtra,CHIRPS Rainfall
2025-07-23,2025-07-30,30.0,2025,P098,20.299553667393326,73.99482675929994,Nashik,normal,statewide,40.61326789855957,1,7,CHIRPS Daily v2.0,Maharashtra,CHIRPS Rainfall
2025-07-23,2025-07-30,30.0,2025,P099,20.120253214034264,74.28296495117151,Nashik,normal,statewide,27.462421417236328,1,7,CHIRPS Daily v2.0,Maharashtra,CHIRPS Rainfall
2025-07-23,2025-07-30,30.0,2025,P100,20.389903972938242,73.99424261706194,Nashik,normal,statewide,33.086612701416016,1,7,CHIRPS Daily v2.0,Maharashtra,CHIRPS Rainfall
2025-07-23,2025-07-30,30.0,2025,P101,20.029015547379707,74.09216447619562,Nashik,normal,statewide,40.58872604370117,1,7,CHIRPS Daily v2.0,Maharashtra,CHIRPS Rainfall
2025-07-23,2025-07-30,30.0,2025,P102,17.85749130266526,76.36802722645965,Osmanabad,normal,statewide,45.07140350341797,1,7,CHIRPS Daily v2.0,Maharashtra,CHIRPS Rainfall
2025-07-23,2025-07-30,30.0,2025,P103,17.76644983645705,76.46164605307673,Osmanabad,normal,statewide,54.116305351257324,1,7,CHIRPS Daily v2.0,Maharashtra,CHIRPS Rainfall
2025-07-23,2025-07-30,30.0,2025,P104,17.949094615606196,76.17989775301476,Osmanabad,normal,statewide,48.98431396484375,1,7,CHIRPS Daily v2.0,Maharashtra,CHIRPS Rainfall
2025-07-23,2025-07-30,30.0,2025,P105,18.584360447185368,75.61558067829696,Osmanabad,normal,statewide,26.494218826293945,1,7,CHIRPS Daily v2.0,Maharashtra,CHIRPS Rainfall
2025-07-23,2025-07-30,30.0,2025,P106,19.031389786894366,76.47235681380711,Parbhani,normal,statewide,67.21388721466064,1,7,CHIRPS Daily v2.0,Maharashtra,CHIRPS Rainfall
2025-07-23,2025-07-30,30.0,2025,P107,19.120950831552832,76.56820519095093,Parbhani,normal,statewide,88.10896396636963,1,7,CHIRPS Daily v2.0,Maharashtra,CHIRPS Rainfall
2025-07-23,2025-07-30,30.0,2025,P108,19.208625676465683,76.85432786914635,Parbhani,normal,statewide,70.3767819404602,1,7,CHIRPS Daily v2.0,Maharashtra,CHIRPS Rainfall
2025-07-23,2025-07-30,30.0,2025,P109,19.212081479782103,76.47396209018636,Parbhani,normal,statewide,54.55926322937012,1,7,CHIRPS Daily v2.0,Maharashtra,CHIRPS Rainfall
2025-07-23,2025-07-30,30.0,2025,P110,18.133442771357757,75.04679558432363,Pune,normal,statewide,0.0,1,7,CHIRPS Daily v2.0,Maharashtra,CHIRPS Rainfall
2025-07-23,2025-07-30,30.0,2025,P111,18.584645829652782,74.47919215212944,Pune,normal,statewide,18.377758026123047,1,7,CHIRPS Daily v2.0,Maharashtra,CHIRPS Rainfall
2025-07-23,2025-07-30,30.0,2025,P112,18.132979024848197,74.57507620208169,Pune,normal,statewide,0.0,1,7,CHIRPS Daily v2.0,Maharashtra,CHIRPS Rainfall
2025-07-23,2025-07-30,30.0,2025,P113,18.314072036830744,74.76389683618987,Pune,normal,statewide,30.207122802734375,1,7,CHIRPS Daily v2.0,Maharashtra,CHIRPS Rainfall
2025-07-23,2025-07-30,30.0,2025,P114,18.48503397121986,73.0589238755964,Raigarh,normal,statewide,282.9130630493164,1,7,CHIRPS Daily v2.0,Maharashtra,CHIRPS Rainfall
2025-07-23,2025-07-30,30.0,2025,P115,18.665689991299164,73.05687714821288,Raigarh,normal,statewide,132.77781677246094,1,7,CHIRPS Daily v2.0,Maharashtra,CHIRPS Rainfall
2025-07-23,2025-07-30,30.0,2025,P116,18.306197264370358,73.25009891506079,Raigarh,normal,statewide,139.18577575683594,1,7,CHIRPS Daily v2.0,Maharashtra,CHIRPS Rainfall
2025-07-23,2025-07-30,30.0,2025,P117,18.21404102289879,73.06194714611064,Raigarh,normal,statewide,0.0,1,7,CHIRPS Daily v2.0,Maharashtra,CHIRPS Rainfall
2025-07-23,2025-07-30,30.0,2025,P118,17.138719885658215,75.42259970290594,Sangli,normal,statewide,13.331267356872559,1,7,CHIRPS Daily v2.0,Maharashtra,CHIRPS Rainfall
2025-07-23,2025-07-30,30.0,2025,P119,17.048761981005992,74.95348443567921,Sangli,normal,statewide,24.479076385498047,1,7,CHIRPS Daily v2.0,Maharashtra,CHIRPS Rainfall
2025-07-23,2025-07-30,30.0,2025,P120,16.86707144948229,74.39025538161847,Sangli,normal,statewide,0.0,1,7,CHIRPS Daily v2.0,Maharashtra,CHIRPS Rainfall
2025-07-23,2025-07-30,30.0,2025,P121,17.048503353144895,74.67157114887826,Sangli,normal,statewide,18.946313858032227,1,7,CHIRPS Daily v2.0,Maharashtra,CHIRPS Rainfall
2025-07-23,2025-07-30,30.0,2025,P148,17.67852974098626,76.08383979812143,Solapur,normal,statewide,40.34637451171875,1,7,CHIRPS Daily v2.0,Maharashtra,CHIRPS Rainfall
2025-07-23,2025-07-30,30.0,2025,P149,18.223365003201543,75.4251413905064,Solapur,normal,statewide,46.67747783660889,1,7,CHIRPS Daily v2.0,Maharashtra,CHIRPS Rainfall
2025-07-23,2025-07-30,30.0,2025,P150,17.952532582518405,75.23562067753285,Solapur,normal,statewide,16.926219940185547,1,7,CHIRPS Daily v2.0,Maharashtra,CHIRPS Rainfall
2025-07-23,2025-07-30,30.0,2025,P151,18.223690517578447,75.23598186471818,Solapur,normal,statewide,47.4083948135376,1,7,CHIRPS Daily v2.0,Maharashtra,CHIRPS Rainfall
2025-07-23,2025-07-30,30.0,2025,P152,19.658178867370932,72.94986318203122,Thane,normal,statewide,251.71827697753906,1,7,CHIRPS Daily v2.0,Maharashtra,CHIRPS Rainfall
2025-07-23,2025-07-30,30.0,2025,P153,19.65706409210757,72.8545320606096,Thane,normal,statewide,121.64356231689453,1,7,CHIRPS Daily v2.0,Maharashtra,CHIRPS Rainfall
2025-07-23,2025-07-30,30.0,2025,P154,19.477549601897948,72.95214624177059,Thane,normal,statewide,234.236572265625,1,7,CHIRPS Daily v2.0,Maharashtra,CHIRPS Rainfall
2025-07-23,2025-07-30,30.0,2025,P155,19.83987385799569,73.0429959666335,Thane,normal,statewide,269.608699798584,1,7,CHIRPS Daily v2.0,Maharashtra,CHIRPS Rainfall
2025-07-23,2025-07-30,30.0,2025,P156,20.806749657616468,78.60135461177485,Wardha,normal,statewide,98.07355213165283,1,7,CHIRPS Daily v2.0,Maharashtra,CHIRPS Rainfall
2025-07-23,2025-07-30,30.0,2025,P157,20.71031267913359,78.88671032458906,Wardha,normal,statewide,106.65301847457886,1,7,CHIRPS Daily v2.0,Maharashtra,CHIRPS Rainfall
2025-07-23,2025-07-30,30.0,2025,P158,21.081265295769754,78.41565980750515,Wardha,normal,statewide,104.66116285324097,1,7,CHIRPS Daily v2.0,Maharashtra,CHIRPS Rainfall
2025-07-23,2025-07-30,30.0,2025,P159,20.439854822938944,78.87986114537097,Wardha,normal,statewide,141.4865002632141,1,7,CHIRPS Daily v2.0,Maharashtra,CHIRPS Rainfall
2025-07-23,2025-07-30,30.0,2025,P160,20.289186257444058,77.15404188735265,Washim,normal,statewide,37.15208053588867,1,7,CHIRPS Daily v2.0,Maharashtra,CHIRPS Rainfall
2025-07-23,2025-07-30,30.0,2025,P161,20.464607292886615,77.53975858757677,Washim,normal,statewide,39.19952201843262,1,7,CHIRPS Daily v2.0,Maharashtra,CHIRPS Rainfall
2025-07-23,2025-07-30,30.0,2025,P162,20.107393166596125,77.2471479173486,Washim,normal,statewide,41.23315620422363,1,7,CHIRPS Daily v2.0,Maharashtra,CHIRPS Rainfall
2025-07-23,2025-07-30,30.0,2025,P163,20.198885002010726,77.1527933390577,Washim,normal,statewide,38.43148899078369,1,7,CHIRPS Daily v2.0,Maharashtra,CHIRPS Rainfall
2025-07-23,2025-07-30,30.0,2025,P164,20.182854533723592,78.20447678161395,Yavatmal,normal,statewide,104.32805395126343,1,7,CHIRPS Daily v2.0,Maharashtra,CHIRPS Rainfall
2025-07-23,2025-07-30,30.0,2025,P165,19.894658373538324,79.05709703494229,Yavatmal,normal,statewide,169.2004041671753,1,7,CHIRPS Daily v2.0,Maharashtra,CHIRPS Rainfall
2025-07-23,2025-07-30,30.0,2025,P166,19.468787468327925,77.71426550730338,Yavatmal,normal,statewide,116.12117767333984,1,7,CHIRPS Daily v2.0,Maharashtra,CHIRPS Rainfall
2025-07-23,2025-07-30,30.0,2025,P167,19.559057510053886,77.71577268345945,Yavatmal,normal,statewide,95.21871376037598,1,7,CHIRPS Daily v2.0,Maharashtra,CHIRPS Rainfall
2025-07-30,2025-08-06,31.0,2025,P147,17.927231643141155,73.94769852026607,Satara,case_study,case_study,0.0,1,7,CHIRPS Daily v2.0,Maharashtra,CHIRPS Rainfall
2025-07-30,2025-08-06,31.0,2025,P061,18.507855650411397,76.91766048140843,Latur,high,priority,17.20298194885254,1,7,CHIRPS Daily v2.0,Maharashtra,CHIRPS Rainfall
2025-07-30,2025-08-06,31.0,2025,P062,18.422405896924207,76.3487594508077,Latur,high,priority,10.005779027938843,1,7,CHIRPS Daily v2.0,Maharashtra,CHIRPS Rainfall
2025-07-30,2025-08-06,31.0,2025,P063,18.235391198742693,77.05646783810116,Latur,high,priority,18.775991201400757,1,7,CHIRPS Daily v2.0,Maharashtra,CHIRPS Rainfall
2025-07-30,2025-08-06,31.0,2025,P064,18.193056493341274,76.77240080549139,Latur,high,priority,17.495023727416992,1,7,CHIRPS Daily v2.0,Maharashtra,CHIRPS Rainfall
2025-07-30,2025-08-06,31.0,2025,P065,18.331355512513895,76.44266811899327,Latur,high,priority,14.155474662780762,1,7,CHIRPS Daily v2.0,Maharashtra,CHIRPS Rainfall
2025-07-30,2025-08-06,31.0,2025,P066,18.104739537876725,76.5352970251765,Latur,high,priority,20.79283905029297,1,7,CHIRPS Daily v2.0,Maharashtra,CHIRPS Rainfall
2025-07-30,2025-08-06,31.0,2025,P067,18.280552974211986,77.0569984711265,Latur,high,priority,22.156364917755127,1,7,CHIRPS Daily v2.0,Maharashtra,CHIRPS Rainfall
2025-07-30,2025-08-06,31.0,2025,P068,18.101823285787773,76.86595720469373,Latur,high,priority,24.48310661315918,1,7,CHIRPS Daily v2.0,Maharashtra,CHIRPS Rainfall
2025-07-30,2025-08-06,31.0,2025,P069,18.595075667016793,77.20284228928156,Latur,high,priority,14.24648380279541,1,7,CHIRPS Daily v2.0,Maharashtra,CHIRPS Rainfall
2025-07-30,2025-08-06,31.0,2025,P070,18.41499041187233,77.15322587185987,Latur,high,priority,19.398792266845703,1,7,CHIRPS Daily v2.0,Maharashtra,CHIRPS Rainfall
2025-07-30,2025-08-06,31.0,2025,P071,18.149138807065885,76.63019561379593,Latur,high,priority,21.08940315246582,1,7,CHIRPS Daily v2.0,Maharashtra,CHIRPS Rainfall
2025-07-30,2025-08-06,31.0,2025,P072,18.283393421583035,76.77331492120734,Latur,high,priority,15.271973133087158,1,7,CHIRPS Daily v2.0,Maharashtra,CHIRPS Rainfall
2025-07-30,2025-08-06,31.0,2025,P073,17.966315663874607,76.86453029235662,Latur,high,priority,34.54763603210449,1,7,CHIRPS Daily v2.0,Maharashtra,CHIRPS Rainfall
2025-07-30,2025-08-06,31.0,2025,P074,18.50832831512306,76.870318205524,Latur,high,priority,16.50615882873535,1,7,CHIRPS Daily v2.0,Maharashtra,CHIRPS Rainfall
2025-07-30,2025-08-06,31.0,2025,P075,18.41444640154381,77.20053247493588,Latur,high,priority,17.556554794311523,1,7,CHIRPS Daily v2.0,Maharashtra,CHIRPS Rainfall
2025-07-30,2025-08-06,31.0,2025,P076,18.377877313804504,76.25376722106614,Latur,high,priority,10.137875318527222,1,7,CHIRPS Daily v2.0,Maharashtra,CHIRPS Rainfall
2025-07-30,2025-08-06,31.0,2025,P077,18.059564385104267,76.5349046242838,Latur,high,priority,24.539600372314453,1,7,CHIRPS Daily v2.0,Maharashtra,CHIRPS Rainfall
2025-07-30,2025-08-06,31.0,2025,P078,18.1008824154655,76.96042326051098,Latur,high,priority,25.55162811279297,1,7,CHIRPS Daily v2.0,Maharashtra,CHIRPS Rainfall
2025-07-30,2025-08-06,31.0,2025,P079,18.73508698099394,76.77797468180819,Latur,high,priority,15.816397666931152,1,7,CHIRPS Daily v2.0,Maharashtra,CHIRPS Rainfall
2025-07-30,2025-08-06,31.0,2025,P080,18.46791548227568,76.3017694439065,Latur,high,priority,8.811377048492432,1,7,CHIRPS Daily v2.0,Maharashtra,CHIRPS Rainfall
2025-07-30,2025-08-06,31.0,2025,P081,18.10355787609756,76.67701617485712,Latur,high,priority,23.00058364868164,1,7,CHIRPS Daily v2.0,Maharashtra,CHIRPS Rainfall
2025-07-30,2025-08-06,31.0,2025,P082,18.23907887531389,76.67830931416262,Latur,high,priority,20.243584156036377,1,7,CHIRPS Daily v2.0,Maharashtra,CHIRPS Rainfall
2025-07-30,2025-08-06,31.0,2025,P083,18.369289085175563,77.19996171000103,Latur,high,priority,18.189533233642578,1,7,CHIRPS Daily v2.0,Maharashtra,CHIRPS Rainfall
2025-07-30,2025-08-06,31.0,2025,P084,18.46362582706226,76.82249880582684,Latur,high,priority,16.669139862060547,1,7,CHIRPS Daily v2.0,Maharashtra,CHIRPS Rainfall
2025-07-30,2025-08-06,31.0,2025,P085,18.14788579966987,76.77194597718393,Latur,high,priority,19.75957489013672,1,7,CHIRPS Daily v2.0,Maharashtra,CHIRPS Rainfall
2025-07-30,2025-08-06,31.0,2025,P122,17.88145897082753,73.8441448165019,Satara,high,priority,0.0,1,7,CHIRPS Daily v2.0,Maharashtra,CHIRPS Rainfall
2025-07-30,2025-08-06,31.0,2025,P123,17.386414030975025,74.27088970551878,Satara,high,priority,0.0,1,7,CHIRPS Daily v2.0,Maharashtra,CHIRPS Rainfall
2025-07-30,2025-08-06,31.0,2025,P124,17.43262815429294,74.647353771057,Satara,high,priority,19.193166732788086,1,7,CHIRPS Daily v2.0,Maharashtra,CHIRPS Rainfall
2025-07-30,2025-08-06,31.0,2025,P125,17.56734651531964,74.31728219287884,Satara,high,priority,0.0,1,7,CHIRPS Daily v2.0,Maharashtra,CHIRPS Rainfall
2025-07-30,2025-08-06,31.0,2025,P126,17.205080227535593,74.13053949986157,Satara,high,priority,25.48039436340332,1,7,CHIRPS Daily v2.0,Maharashtra,CHIRPS Rainfall
2025-07-30,2025-08-06,31.0,2025,P127,17.65773249367299,74.31694330119876,Satara,high,priority,0.0,1,7,CHIRPS Daily v2.0,Maharashtra,CHIRPS Rainfall
2025-07-30,2025-08-06,31.0,2025,P128,18.019949731345452,74.5517328080669,Satara,high,priority,0.0,1,7,CHIRPS Daily v2.0,Maharashtra,CHIRPS Rainfall
2025-07-30,2025-08-06,31.0,2025,P129,18.063234225271252,74.03192648006461,Satara,high,priority,0.0,1,7,CHIRPS Daily v2.0,Maharashtra,CHIRPS Rainfall
2025-07-30,2025-08-06,31.0,2025,P130,17.61135784271715,74.03436560834085,Satara,high,priority,0.0,1,7,CHIRPS Daily v2.0,Maharashtra,CHIRPS Rainfall
2025-07-30,2025-08-06,31.0,2025,P131,17.612539504496315,74.3171127470388,Satara,high,priority,0.0,1,7,CHIRPS Daily v2.0,Maharashtra,CHIRPS Rainfall
2025-07-30,2025-08-06,31.0,2025,P132,17.702176353872684,74.12817617630324,Satara,high,priority,0.0,1,7,CHIRPS Daily v2.0,Maharashtra,CHIRPS Rainfall
2025-07-30,2025-08-06,31.0,2025,P133,17.25006363896275,74.08329532420031,Satara,high,priority,32.34955596923828,1,7,CHIRPS Daily v2.0,Maharashtra,CHIRPS Rainfall
2025-07-30,2025-08-06,31.0,2025,P134,17.476429903940936,74.17634784498362,Satara,high,priority,0.0,1,7,CHIRPS Daily v2.0,Maharashtra,CHIRPS Rainfall
2025-07-30,2025-08-06,31.0,2025,P135,17.882716437324603,74.0801070669471,Satara,high,priority,0.0,1,7,CHIRPS Daily v2.0,Maharashtra,CHIRPS Rainfall
2025-07-30,2025-08-06,31.0,2025,P136,17.928520323345598,74.22149178404871,Satara,high,priority,0.0,1,7,CHIRPS Daily v2.0,Maharashtra,CHIRPS Rainfall
2025-07-30,2025-08-06,31.0,2025,P137,17.746687100588183,73.98648378122894,Satara,high,priority,17.433317184448242,1,7,CHIRPS Daily v2.0,Maharashtra,CHIRPS Rainfall
2025-07-30,2025-08-06,31.0,2025,P138,17.61269557303319,74.36423652697161,Satara,high,priority,0.0,1,7,CHIRPS Daily v2.0,Maharashtra,CHIRPS Rainfall
2025-07-30,2025-08-06,31.0,2025,P139,17.656773786946495,74.08126197411994,Satara,high,priority,0.0,1,7,CHIRPS Daily v2.0,Maharashtra,CHIRPS Rainfall
2025-07-30,2025-08-06,31.0,2025,P140,17.97464080554139,74.50462240543725,Satara,high,priority,0.0,1,7,CHIRPS Daily v2.0,Maharashtra,CHIRPS Rainfall
2025-07-30,2025-08-06,31.0,2025,P141,17.430826677467348,74.08239904488856,Satara,high,priority,22.650386810302734,1,7,CHIRPS Daily v2.0,Maharashtra,CHIRPS Rainfall
2025-07-30,2025-08-06,31.0,2025,P142,18.064447100757786,74.31538707493111,Satara,high,priority,0.0,1,7,CHIRPS Daily v2.0,Maharashtra,CHIRPS Rainfall
2025-07-30,2025-08-06,31.0,2025,P143,17.70379500755509,74.6468275971327,Satara,high,priority,0.0,1,7,CHIRPS Daily v2.0,Maharashtra,CHIRPS Rainfall
2025-07-30,2025-08-06,31.0,2025,P144,17.929452275465767,74.50474726026674,Satara,high,priority,0.0,1,7,CHIRPS Daily v2.0,Maharashtra,CHIRPS Rainfall
2025-07-30,2025-08-06,31.0,2025,P145,17.47773196144854,74.60017202281048,Satara,high,priority,15.882978439331055,1,7,CHIRPS Daily v2.0,Maharashtra,CHIRPS Rainfall
2025-07-30,2025-08-06,31.0,2025,P146,17.839182233739812,74.55218763637436,Satara,high,priority,0.0,1,7,CHIRPS Daily v2.0,Maharashtra,CHIRPS Rainfall
2025-07-30,2025-08-06,31.0,2025,P001,19.940457800458272,74.57045211428928,Ahmednagar,normal,statewide,0.0,1,7,CHIRPS Daily v2.0,Maharashtra,CHIRPS Rainfall
2025-07-30,2025-08-06,31.0,2025,P002,18.946729294293643,74.76302285238339,Ahmednagar,normal,statewide,0.0,1,7,CHIRPS Daily v2.0,Maharashtra,CHIRPS Rainfall
2025-07-30,2025-08-06,31.0,2025,P003,18.49469238410162,74.66892244285252,Ahmednagar,normal,statewide,0.0,1,7,CHIRPS Daily v2.0,Maharashtra,CHIRPS Rainfall
2025-07-30,2025-08-06,31.0,2025,P004,19.03720445466806,75.1420731965326,Ahmednagar,normal,statewide,0.0,1,7,CHIRPS Daily v2.0,Maharashtra,CHIRPS Rainfall
2025-07-30,2025-08-06,31.0,2025,P005,20.832153156317954,77.06560453615967,Akola,normal,statewide,2.597992420196533,1,7,CHIRPS Daily v2.0,Maharashtra,CHIRPS Rainfall
2025-07-30,2025-08-06,31.0,2025,P006,20.834360411339407,76.87349308547405,Akola,normal,statewide,7.03554630279541,1,7,CHIRPS Daily v2.0,Maharashtra,CHIRPS Rainfall
2025-07-30,2025-08-06,31.0,2025,P007,21.014976299509232,76.87574047240498,Akola,normal,statewide,6.532697677612305,1,7,CHIRPS Daily v2.0,Maharashtra,CHIRPS Rainfall
2025-07-30,2025-08-06,31.0,2025,P008,20.828434266039377,77.35372489162701,Akola,normal,statewide,0.0,1,7,CHIRPS Daily v2.0,Maharashtra,CHIRPS Rainfall
2025-07-30,2025-08-06,31.0,2025,P009,21.360971327549258,77.94039543992572,Amravati,normal,statewide,0.0,1,7,CHIRPS Daily v2.0,Maharashtra,CHIRPS Rainfall
2025-07-30,2025-08-06,31.0,2025,P010,21.178803672212837,78.03301542790685,Amravati,normal,statewide,3.0258429050445557,1,7,CHIRPS Daily v2.0,Maharashtra,CHIRPS Rainfall
2025-07-30,2025-08-06,31.0,2025,P011,20.814388097721018,78.21764450702477,Amravati,normal,statewide,0.0,1,7,CHIRPS Daily v2.0,Maharashtra,CHIRPS Rainfall
2025-07-30,2025-08-06,31.0,2025,P012,21.180502589714195,77.93681032267875,Amravati,normal,statewide,2.484609842300415,1,7,CHIRPS Daily v2.0,Maharashtra,CHIRPS Rainfall
2025-07-30,2025-08-06,31.0,2025,P013,20.031289688916964,74.8570519162974,Aurangabad,normal,statewide,0.0,1,7,CHIRPS Daily v2.0,Maharashtra,CHIRPS Rainfall
2025-07-30,2025-08-06,31.0,2025,P014,19.760185263069562,75.14270192978114,Aurangabad,normal,statewide,0.0,1,7,CHIRPS Daily v2.0,Maharashtra,CHIRPS Rainfall
2025-07-30,2025-08-06,31.0,2025,P015,19.9408189876436,74.76157364454102,Aurangabad,normal,statewide,0.0,1,7,CHIRPS Daily v2.0,Maharashtra,CHIRPS Rainfall
2025-07-30,2025-08-06,31.0,2025,P016,19.66981712112043,75.14262166596218,Aurangabad,normal,statewide,0.0,1,7,CHIRPS Daily v2.0,Maharashtra,CHIRPS Rainfall
2025-07-30,2025-08-06,31.0,2025,P017,21.04613203856966,79.85576216552393,Bhandara,normal,statewide,0.0,1,7,CHIRPS Daily v2.0,Maharashtra,CHIRPS Rainfall
2025-07-30,2025-08-06,31.0,2025,P018,21.31897105472685,79.76852877161537,Bhandara,normal,statewide,0.0,1,7,CHIRPS Daily v2.0,Maharashtra,CHIRPS Rainfall
2025-07-30,2025-08-06,31.0,2025,P019,21.40900922319803,79.77144948280537,Bhandara,normal,statewide,0.0,1,7,CHIRPS Daily v2.0,Maharashtra,CHIRPS Rainfall
2025-07-30,2025-08-06,31.0,2025,P020,21.144196588937042,79.57074980349083,Bhandara,normal,statewide,0.0,1,7,CHIRPS Daily v2.0,Maharashtra,CHIRPS Rainfall
2025-07-30,2025-08-06,31.0,2025,P021,18.67502288980403,75.52108340877234,Bid,normal,statewide,0.0,1,7,CHIRPS Daily v2.0,Maharashtra,CHIRPS Rainfall
2025-07-30,2025-08-06,31.0,2025,P022,18.856499384477168,75.04699178476999,Bid,normal,statewide,0.0,1,7,CHIRPS Daily v2.0,Maharashtra,CHIRPS Rainfall
2025-07-30,2025-08-06,31.0,2025,P023,19.126596053486494,75.6175605191647,Bid,normal,statewide,3.406461477279663,1,7,CHIRPS Daily v2.0,Maharashtra,CHIRPS Rainfall
2025-07-30,2025-08-06,31.0,2025,P024,18.763955201213946,75.90084720909012,Bid,normal,statewide,11.405158996582031,1,7,CHIRPS Daily v2.0,Maharashtra,CHIRPS Rainfall
2025-07-30,2025-08-06,31.0,2025,P025,20.93073496240753,76.20164478885242,Buldana,normal,statewide,13.538715362548828,1,7,CHIRPS Daily v2.0,Maharashtra,CHIRPS Rainfall
2025-07-30,2025-08-06,31.0,2025,P026,20.838939908121294,76.39311412898633,Buldana,normal,statewide,6.626777172088623,1,7,CHIRPS Daily v2.0,Maharashtra,CHIRPS Rainfall
2025-07-30,2025-08-06,31.0,2025,P027,20.657476790751314,76.48742857536776,Buldana,normal,statewide,8.876445770263672,1,7,CHIRPS Daily v2.0,Maharashtra,CHIRPS Rainfall
2025-07-30,2025-08-06,31.0,2025,P028,20.47967013624516,76.10222021266374,Buldana,normal,statewide,0.0,1,7,CHIRPS Daily v2.0,Maharashtra,CHIRPS Rainfall
2025-07-30,2025-08-06,31.0,2025,P029,20.32317798477448,79.92829390325927,Chandrapur,normal,statewide,18.31617546081543,1,7,CHIRPS Daily v2.0,Maharashtra,CHIRPS Rainfall
2025-07-30,2025-08-06,31.0,2025,P030,20.60872097983294,79.36304041732026,Chandrapur,normal,statewide,5.5773420333862305,1,7,CHIRPS Daily v2.0,Maharashtra,CHIRPS Rainfall
2025-07-30,2025-08-06,31.0,2025,P031,20.511160307884595,79.64732594588165,Chandrapur,normal,statewide,11.090513229370117,1,7,CHIRPS Daily v2.0,Maharashtra,CHIRPS Rainfall
2025-07-30,2025-08-06,31.0,2025,P032,20.598621115946884,79.74569817422172,Chandrapur,normal,statewide,9.36497688293457,1,7,CHIRPS Daily v2.0,Maharashtra,CHIRPS Rainfall
2025-07-30,2025-08-06,31.0,2025,P033,21.38667804512237,75.14422248324037,Dhule,normal,statewide,29.924449920654297,1,7,CHIRPS Daily v2.0,Maharashtra,CHIRPS Rainfall
2025-07-30,2025-08-06,31.0,2025,P034,21.025151968113196,74.75989256344387,Dhule,normal,statewide,29.076013565063477,1,7,CHIRPS Daily v2.0,Maharashtra,CHIRPS Rainfall
2025-07-30,2025-08-06,31.0,2025,P035,21.477028350667293,74.85568743137505,Dhule,normal,statewide,17.618322372436523,1,7,CHIRPS Daily v2.0,Maharashtra,CHIRPS Rainfall
2025-07-30,2025-08-06,31.0,2025,P036,20.933820660336515,74.37533522949364,Dhule,normal,statewide,10.534907341003418,1,7,CHIRPS Daily v2.0,Maharashtra,CHIRPS Rainfall
2025-07-30,2025-08-06,31.0,2025,P037,19.963056524597132,79.91698116388667,Garhchiroli,normal,statewide,14.988091468811035,1,7,CHIRPS Daily v2.0,Maharashtra,CHIRPS Rainfall
2025-07-30,2025-08-06,31.0,2025,P038,19.062661462582188,79.88977172925856,Garhchiroli,normal,statewide,22.501230239868164,1,7,CHIRPS Daily v2.0,Maharashtra,CHIRPS Rainfall
2025-07-30,2025-08-06,31.0,2025,P039,19.510270485428137,79.9981368030594,Garhchiroli,normal,statewide,21.697776794433594,1,7,CHIRPS Daily v2.0,Maharashtra,CHIRPS Rainfall
2025-07-30,2025-08-06,31.0,2025,P040,19.870365190999156,80.00935144220881,Garhchiroli,normal,statewide,0.0,1,7,CHIRPS Daily v2.0,Maharashtra,CHIRPS Rainfall
2025-07-30,2025-08-06,31.0,2025,P041,21.127639946725598,80.1465044724107,Gondiya,normal,statewide,0.0,1,7,CHIRPS Daily v2.0,Maharashtra,CHIRPS Rainfall
2025-07-30,2025-08-06,31.0,2025,P042,21.397598383602258,80.15591763473452,Gondiya,normal,statewide,0.0,1,7,CHIRPS Daily v2.0,Maharashtra,CHIRPS Rainfall
2025-07-30,2025-08-06,31.0,2025,P043,21.574548890706154,80.25847249986273,Gondiya,normal,statewide,12.82851505279541,1,7,CHIRPS Daily v2.0,Maharashtra,CHIRPS Rainfall
2025-07-30,2025-08-06,31.0,2025,P044,21.211649410572516,80.34153217518526,Gondiya,normal,statewide,0.0,1,7,CHIRPS Daily v2.0,Maharashtra,CHIRPS Rainfall
2025-07-30,2025-08-06,31.0,2025,P045,19.655900266732623,77.2407892392464,Hingoli,normal,statewide,0.0,1,7,CHIRPS Daily v2.0,Maharashtra,CHIRPS Rainfall
2025-07-30,2025-08-06,31.0,2025,P046,19.566758377573187,77.1442675378435,Hingoli,normal,statewide,0.0,1,7,CHIRPS Daily v2.0,Maharashtra,CHIRPS Rainfall
2025-07-30,2025-08-06,31.0,2025,P047,19.47860194974656,76.9526242927685,Hingoli,normal,statewide,0.0,1,7,CHIRPS Daily v2.0,Maharashtra,CHIRPS Rainfall
2025-07-30,2025-08-06,31.0,2025,P048,19.927981235710728,77.14910120338544,Hingoli,normal,statewide,0.0,1,7,CHIRPS Daily v2.0,Maharashtra,CHIRPS Rainfall
2025-07-30,2025-08-06,31.0,2025,P049,21.292738163229433,76.10816865346904,Jalgaon,normal,statewide,30.572887182235718,1,7,CHIRPS Daily v2.0,Maharashtra,CHIRPS Rainfall
2025-07-30,2025-08-06,31.0,2025,P050,21.386178625804387,75.43363151891216,Jalgaon,normal,statewide,27.593351364135742,1,7,CHIRPS Daily v2.0,Maharashtra,CHIRPS Rainfall
2025-07-30,2025-08-06,31.0,2025,P051,21.112064306745907,76.10682200495089,Jalgaon,normal,statewide,24.214567184448242,1,7,CHIRPS Daily v2.0,Maharashtra,CHIRPS Rainfall
2025-07-30,2025-08-06,31.0,2025,P052,20.844437979720194,75.23982115072519,Jalgaon,normal,statewide,20.38344383239746,1,7,CHIRPS Daily v2.0,Maharashtra,CHIRPS Rainfall
2025-07-30,2025-08-06,31.0,2025,P053,19.486369703781666,76.00005328932718,Jalna,normal,statewide,0.0,1,7,CHIRPS Daily v2.0,Maharashtra,CHIRPS Rainfall
2025-07-30,2025-08-06,31.0,2025,P054,20.028502750758555,76.00343774702675,Jalna,normal,statewide,0.0,1,7,CHIRPS Daily v2.0,Maharashtra,CHIRPS Rainfall
2025-07-30,2025-08-06,31.0,2025,P055,19.75743845682064,76.00172991132328,Jalna,normal,statewide,0.0,1,7,CHIRPS Daily v2.0,Maharashtra,CHIRPS Rainfall
2025-07-30,2025-08-06,31.0,2025,P056,19.57768317515413,75.80993951591351,Jalna,normal,statewide,0.0,1,7,CHIRPS Daily v2.0,Maharashtra,CHIRPS Rainfall
2025-07-30,2025-08-06,31.0,2025,P057,16.776377793156257,74.29671235971928,Kolhapur,normal,statewide,23.19744110107422,1,7,CHIRPS Daily v2.0,Maharashtra,CHIRPS Rainfall
2025-07-30,2025-08-06,31.0,2025,P058,16.324416687682138,74.29834884980589,Kolhapur,normal,statewide,25.765323638916016,1,7,CHIRPS Daily v2.0,Maharashtra,CHIRPS Rainfall
2025-07-30,2025-08-06,31.0,2025,P059,16.595891218916975,74.39111598812178,Kolhapur,normal,statewide,19.137157440185547,1,7,CHIRPS Daily v2.0,Maharashtra,CHIRPS Rainfall
2025-07-30,2025-08-06,31.0,2025,P060,16.414811584237594,74.29802779453004,Kolhapur,normal,statewide,23.566146850585938,1,7,CHIRPS Daily v2.0,Maharashtra,CHIRPS Rainfall
2025-07-30,2025-08-06,31.0,2025,P086,21.054127206758487,79.56798961993874,Nagpur,normal,statewide,0.0,1,7,CHIRPS Daily v2.0,Maharashtra,CHIRPS Rainfall
2025-07-30,2025-08-06,31.0,2025,P087,21.146765031143822,79.47473643960802,Nagpur,normal,statewide,2.552952289581299,1,7,CHIRPS Daily v2.0,Maharashtra,CHIRPS Rainfall
2025-07-30,2025-08-06,31.0,2025,P088,21.347803602138427,78.61442869606356,Nagpur,normal,statewide,0.0,1,7,CHIRPS Daily v2.0,Maharashtra,CHIRPS Rainfall
2025-07-30,2025-08-06,31.0,2025,P089,21.165377318940912,78.70615240473293,Nagpur,normal,statewide,2.9446797370910645,1,7,CHIRPS Daily v2.0,Maharashtra,CHIRPS Rainfall
2025-07-30,2025-08-06,31.0,2025,P090,19.201968238592887,77.42470040309472,Nanded,normal,statewide,11.202449798583984,1,7,CHIRPS Daily v2.0,Maharashtra,CHIRPS Rainfall
2025-07-30,2025-08-06,31.0,2025,P091,18.566038000956755,77.69963965584807,Nanded,normal,statewide,12.098304748535156,1,7,CHIRPS Daily v2.0,Maharashtra,CHIRPS Rainfall
2025-07-30,2025-08-06,31.0,2025,P092,19.736596618496833,77.90946265591798,Nanded,normal,statewide,4.982837677001953,1,7,CHIRPS Daily v2.0,Maharashtra,CHIRPS Rainfall
2025-07-30,2025-08-06,31.0,2025,P093,18.93564842817583,77.04115528508362,Nanded,normal,statewide,17.641669750213623,1,7,CHIRPS Daily v2.0,Maharashtra,CHIRPS Rainfall
2025-07-30,2025-08-06,31.0,2025,P094,21.564917232430716,74.08292967791392,Nandurbar,normal,statewide,0.0,1,7,CHIRPS Daily v2.0,Maharashtra,CHIRPS Rainfall
2025-07-30,2025-08-06,31.0,2025,P095,21.5662594218478,74.37266422796263,Nandurbar,normal,statewide,8.435970306396484,1,7,CHIRPS Daily v2.0,Maharashtra,CHIRPS Rainfall
2025-07-30,2025-08-06,31.0,2025,P096,21.385179787168415,74.27697637845674,Nandurbar,normal,statewide,0.0,1,7,CHIRPS Daily v2.0,Maharashtra,CHIRPS Rainfall
2025-07-30,2025-08-06,31.0,2025,P097,21.565421110849755,74.17950488852946,Nandurbar,normal,statewide,9.027907371520996,1,7,CHIRPS Daily v2.0,Maharashtra,CHIRPS Rainfall
2025-07-30,2025-08-06,31.0,2025,P098,20.299553667393326,73.99482675929994,Nashik,normal,statewide,13.537755966186523,1,7,CHIRPS Daily v2.0,Maharashtra,CHIRPS Rainfall
2025-07-30,2025-08-06,31.0,2025,P099,20.120253214034264,74.28296495117151,Nashik,normal,statewide,13.731210708618164,1,7,CHIRPS Daily v2.0,Maharashtra,CHIRPS Rainfall
2025-07-30,2025-08-06,31.0,2025,P100,20.389903972938242,73.99424261706194,Nashik,normal,statewide,16.543306350708008,1,7,CHIRPS Daily v2.0,Maharashtra,CHIRPS Rainfall
2025-07-30,2025-08-06,31.0,2025,P101,20.029015547379707,74.09216447619562,Nashik,normal,statewide,10.147181510925293,1,7,CHIRPS Daily v2.0,Maharashtra,CHIRPS Rainfall
2025-07-30,2025-08-06,31.0,2025,P102,17.85749130266526,76.36802722645965,Osmanabad,normal,statewide,24.88551139831543,1,7,CHIRPS Daily v2.0,Maharashtra,CHIRPS Rainfall
2025-07-30,2025-08-06,31.0,2025,P103,17.76644983645705,76.46164605307673,Osmanabad,normal,statewide,32.20875549316406,1,7,CHIRPS Daily v2.0,Maharashtra,CHIRPS Rainfall
2025-07-30,2025-08-06,31.0,2025,P104,17.949094615606196,76.17989775301476,Osmanabad,normal,statewide,19.612104415893555,1,7,CHIRPS Daily v2.0,Maharashtra,CHIRPS Rainfall
2025-07-30,2025-08-06,31.0,2025,P105,18.584360447185368,75.61558067829696,Osmanabad,normal,statewide,5.958530902862549,1,7,CHIRPS Daily v2.0,Maharashtra,CHIRPS Rainfall
2025-07-30,2025-08-06,31.0,2025,P106,19.031389786894366,76.47235681380711,Parbhani,normal,statewide,13.323142051696777,1,7,CHIRPS Daily v2.0,Maharashtra,CHIRPS Rainfall
2025-07-30,2025-08-06,31.0,2025,P107,19.120950831552832,76.56820519095093,Parbhani,normal,statewide,15.082460403442383,1,7,CHIRPS Daily v2.0,Maharashtra,CHIRPS Rainfall
2025-07-30,2025-08-06,31.0,2025,P108,19.208625676465683,76.85432786914635,Parbhani,normal,statewide,11.838016510009766,1,7,CHIRPS Daily v2.0,Maharashtra,CHIRPS Rainfall
2025-07-30,2025-08-06,31.0,2025,P109,19.212081479782103,76.47396209018636,Parbhani,normal,statewide,0.0,1,7,CHIRPS Daily v2.0,Maharashtra,CHIRPS Rainfall
2025-07-30,2025-08-06,31.0,2025,P110,18.133442771357757,75.04679558432363,Pune,normal,statewide,0.0,1,7,CHIRPS Daily v2.0,Maharashtra,CHIRPS Rainfall
2025-07-30,2025-08-06,31.0,2025,P111,18.584645829652782,74.47919215212944,Pune,normal,statewide,0.0,1,7,CHIRPS Daily v2.0,Maharashtra,CHIRPS Rainfall
2025-07-30,2025-08-06,31.0,2025,P112,18.132979024848197,74.57507620208169,Pune,normal,statewide,0.0,1,7,CHIRPS Daily v2.0,Maharashtra,CHIRPS Rainfall
2025-07-30,2025-08-06,31.0,2025,P113,18.314072036830744,74.76389683618987,Pune,normal,statewide,0.0,1,7,CHIRPS Daily v2.0,Maharashtra,CHIRPS Rainfall
2025-07-30,2025-08-06,31.0,2025,P114,18.48503397121986,73.0589238755964,Raigarh,normal,statewide,0.0,1,7,CHIRPS Daily v2.0,Maharashtra,CHIRPS Rainfall
2025-07-30,2025-08-06,31.0,2025,P115,18.665689991299164,73.05687714821288,Raigarh,normal,statewide,0.0,1,7,CHIRPS Daily v2.0,Maharashtra,CHIRPS Rainfall
2025-07-30,2025-08-06,31.0,2025,P116,18.306197264370358,73.25009891506079,Raigarh,normal,statewide,0.0,1,7,CHIRPS Daily v2.0,Maharashtra,CHIRPS Rainfall
2025-07-30,2025-08-06,31.0,2025,P117,18.21404102289879,73.06194714611064,Raigarh,normal,statewide,0.0,1,7,CHIRPS Daily v2.0,Maharashtra,CHIRPS Rainfall
2025-07-30,2025-08-06,31.0,2025,P118,17.138719885658215,75.42259970290594,Sangli,normal,statewide,9.764366626739502,1,7,CHIRPS Daily v2.0,Maharashtra,CHIRPS Rainfall
2025-07-30,2025-08-06,31.0,2025,P119,17.048761981005992,74.95348443567921,Sangli,normal,statewide,10.27252197265625,1,7,CHIRPS Daily v2.0,Maharashtra,CHIRPS Rainfall
2025-07-30,2025-08-06,31.0,2025,P120,16.86707144948229,74.39025538161847,Sangli,normal,statewide,17.968557357788086,1,7,CHIRPS Daily v2.0,Maharashtra,CHIRPS Rainfall
2025-07-30,2025-08-06,31.0,2025,P121,17.048503353144895,74.67157114887826,Sangli,normal,statewide,15.346917152404785,1,7,CHIRPS Daily v2.0,Maharashtra,CHIRPS Rainfall
2025-07-30,2025-08-06,31.0,2025,P148,17.67852974098626,76.08383979812143,Solapur,normal,statewide,12.057296752929688,1,7,CHIRPS Daily v2.0,Maharashtra,CHIRPS Rainfall
2025-07-30,2025-08-06,31.0,2025,P149,18.223365003201543,75.4251413905064,Solapur,normal,statewide,8.720094680786133,1,7,CHIRPS Daily v2.0,Maharashtra,CHIRPS Rainfall
2025-07-30,2025-08-06,31.0,2025,P150,17.952532582518405,75.23562067753285,Solapur,normal,statewide,5.518551349639893,1,7,CHIRPS Daily v2.0,Maharashtra,CHIRPS Rainfall
2025-07-30,2025-08-06,31.0,2025,P151,18.223690517578447,75.23598186471818,Solapur,normal,statewide,0.0,1,7,CHIRPS Daily v2.0,Maharashtra,CHIRPS Rainfall
2025-07-30,2025-08-06,31.0,2025,P152,19.658178867370932,72.94986318203122,Thane,normal,statewide,60.79609680175781,1,7,CHIRPS Daily v2.0,Maharashtra,CHIRPS Rainfall
2025-07-30,2025-08-06,31.0,2025,P153,19.65706409210757,72.8545320606096,Thane,normal,statewide,121.64356231689453,1,7,CHIRPS Daily v2.0,Maharashtra,CHIRPS Rainfall
2025-07-30,2025-08-06,31.0,2025,P154,19.477549601897948,72.95214624177059,Thane,normal,statewide,0.0,1,7,CHIRPS Daily v2.0,Maharashtra,CHIRPS Rainfall
2025-07-30,2025-08-06,31.0,2025,P155,19.83987385799569,73.0429959666335,Thane,normal,statewide,67.49610137939453,1,7,CHIRPS Daily v2.0,Maharashtra,CHIRPS Rainfall
2025-07-30,2025-08-06,31.0,2025,P156,20.806749657616468,78.60135461177485,Wardha,normal,statewide,0.0,1,7,CHIRPS Daily v2.0,Maharashtra,CHIRPS Rainfall
2025-07-30,2025-08-06,31.0,2025,P157,20.71031267913359,78.88671032458906,Wardha,normal,statewide,0.0,1,7,CHIRPS Daily v2.0,Maharashtra,CHIRPS Rainfall
2025-07-30,2025-08-06,31.0,2025,P158,21.081265295769754,78.41565980750515,Wardha,normal,statewide,0.0,1,7,CHIRPS Daily v2.0,Maharashtra,CHIRPS Rainfall
2025-07-30,2025-08-06,31.0,2025,P159,20.439854822938944,78.87986114537097,Wardha,normal,statewide,10.83651065826416,1,7,CHIRPS Daily v2.0,Maharashtra,CHIRPS Rainfall
2025-07-30,2025-08-06,31.0,2025,P160,20.289186257444058,77.15404188735265,Washim,normal,statewide,0.0,1,7,CHIRPS Daily v2.0,Maharashtra,CHIRPS Rainfall
2025-07-30,2025-08-06,31.0,2025,P161,20.464607292886615,77.53975858757677,Washim,normal,statewide,0.0,1,7,CHIRPS Daily v2.0,Maharashtra,CHIRPS Rainfall
2025-07-30,2025-08-06,31.0,2025,P162,20.107393166596125,77.2471479173486,Washim,normal,statewide,0.0,1,7,CHIRPS Daily v2.0,Maharashtra,CHIRPS Rainfall
2025-07-30,2025-08-06,31.0,2025,P163,20.198885002010726,77.1527933390577,Washim,normal,statewide,0.0,1,7,CHIRPS Daily v2.0,Maharashtra,CHIRPS Rainfall
2025-07-30,2025-08-06,31.0,2025,P164,20.182854533723592,78.20447678161395,Yavatmal,normal,statewide,5.14973258972168,1,7,CHIRPS Daily v2.0,Maharashtra,CHIRPS Rainfall
2025-07-30,2025-08-06,31.0,2025,P165,19.894658373538324,79.05709703494229,Yavatmal,normal,statewide,6.882428169250488,1,7,CHIRPS Daily v2.0,Maharashtra,CHIRPS Rainfall
2025-07-30,2025-08-06,31.0,2025,P166,19.468787468327925,77.71426550730338,Yavatmal,normal,statewide,1.1907471418380737,1,7,CHIRPS Daily v2.0,Maharashtra,CHIRPS Rainfall
2025-07-30,2025-08-06,31.0,2025,P167,19.559057510053886,77.71577268345945,Yavatmal,normal,statewide,0.0,1,7,CHIRPS Daily v2.0,Maharashtra,CHIRPS Rainfall
2025-08-06,2025-08-13,32.0,2025,P147,17.927231643141155,73.94769852026607,Satara,case_study,case_study,65.1352310180664,1,7,CHIRPS Daily v2.0,Maharashtra,CHIRPS Rainfall
2025-08-06,2025-08-13,32.0,2025,P061,18.507855650411397,76.91766048140843,Latur,high,priority,87.83951377868652,1,7,CHIRPS Daily v2.0,Maharashtra,CHIRPS Rainfall
2025-08-06,2025-08-13,32.0,2025,P062,18.422405896924207,76.3487594508077,Latur,high,priority,59.228347301483154,1,7,CHIRPS Daily v2.0,Maharashtra,CHIRPS Rainfall
2025-08-06,2025-08-13,32.0,2025,P063,18.235391198742693,77.05646783810116,Latur,high,priority,111.36612701416016,1,7,CHIRPS Daily v2.0,Maharashtra,CHIRPS Rainfall
2025-08-06,2025-08-13,32.0,2025,P064,18.193056493341274,76.77240080549139,Latur,high,priority,79.55094909667969,1,7,CHIRPS Daily v2.0,Maharashtra,CHIRPS Rainfall
2025-08-06,2025-08-13,32.0,2025,P065,18.331355512513895,76.44266811899327,Latur,high,priority,62.419931411743164,1,7,CHIRPS Daily v2.0,Maharashtra,CHIRPS Rainfall
2025-08-06,2025-08-13,32.0,2025,P066,18.104739537876725,76.5352970251765,Latur,high,priority,63.70345592498779,1,7,CHIRPS Daily v2.0,Maharashtra,CHIRPS Rainfall
2025-08-06,2025-08-13,32.0,2025,P067,18.280552974211986,77.0569984711265,Latur,high,priority,108.54202842712402,1,7,CHIRPS Daily v2.0,Maharashtra,CHIRPS Rainfall
2025-08-06,2025-08-13,32.0,2025,P068,18.101823285787773,76.86595720469373,Latur,high,priority,97.00451707839966,1,7,CHIRPS Daily v2.0,Maharashtra,CHIRPS Rainfall
2025-08-06,2025-08-13,32.0,2025,P069,18.595075667016793,77.20284228928156,Latur,high,priority,78.09166717529297,1,7,CHIRPS Daily v2.0,Maharashtra,CHIRPS Rainfall
2025-08-06,2025-08-13,32.0,2025,P070,18.41499041187233,77.15322587185987,Latur,high,priority,92.32738399505615,1,7,CHIRPS Daily v2.0,Maharashtra,CHIRPS Rainfall
2025-08-06,2025-08-13,32.0,2025,P071,18.149138807065885,76.63019561379593,Latur,high,priority,77.7027702331543,1,7,CHIRPS Daily v2.0,Maharashtra,CHIRPS Rainfall
2025-08-06,2025-08-13,32.0,2025,P072,18.283393421583035,76.77331492120734,Latur,high,priority,83.80342102050781,1,7,CHIRPS Daily v2.0,Maharashtra,CHIRPS Rainfall
2025-08-06,2025-08-13,32.0,2025,P073,17.966315663874607,76.86453029235662,Latur,high,priority,140.90918731689453,1,7,CHIRPS Daily v2.0,Maharashtra,CHIRPS Rainfall
2025-08-06,2025-08-13,32.0,2025,P074,18.50832831512306,76.870318205524,Latur,high,priority,85.6392936706543,1,7,CHIRPS Daily v2.0,Maharashtra,CHIRPS Rainfall
2025-08-06,2025-08-13,32.0,2025,P075,18.41444640154381,77.20053247493588,Latur,high,priority,88.54169988632202,1,7,CHIRPS Daily v2.0,Maharashtra,CHIRPS Rainfall
2025-08-06,2025-08-13,32.0,2025,P076,18.377877313804504,76.25376722106614,Latur,high,priority,60.65568161010742,1,7,CHIRPS Daily v2.0,Maharashtra,CHIRPS Rainfall
2025-08-06,2025-08-13,32.0,2025,P077,18.059564385104267,76.5349046242838,Latur,high,priority,67.79977512359619,1,7,CHIRPS Daily v2.0,Maharashtra,CHIRPS Rainfall
2025-08-06,2025-08-13,32.0,2025,P078,18.1008824154655,76.96042326051098,Latur,high,priority,113.36564254760742,1,7,CHIRPS Daily v2.0,Maharashtra,CHIRPS Rainfall
2025-08-06,2025-08-13,32.0,2025,P079,18.73508698099394,76.77797468180819,Latur,high,priority,71.78778648376465,1,7,CHIRPS Daily v2.0,Maharashtra,CHIRPS Rainfall
2025-08-06,2025-08-13,32.0,2025,P080,18.46791548227568,76.3017694439065,Latur,high,priority,55.645535945892334,1,7,CHIRPS Daily v2.0,Maharashtra,CHIRPS Rainfall
2025-08-06,2025-08-13,32.0,2025,P081,18.10355787609756,76.67701617485712,Latur,high,priority,79.93553638458252,1,7,CHIRPS Daily v2.0,Maharashtra,CHIRPS Rainfall
2025-08-06,2025-08-13,32.0,2025,P082,18.23907887531389,76.67830931416262,Latur,high,priority,71.07545852661133,1,7,CHIRPS Daily v2.0,Maharashtra,CHIRPS Rainfall
2025-08-06,2025-08-13,32.0,2025,P083,18.369289085175563,77.19996171000103,Latur,high,priority,109.95411968231201,1,7,CHIRPS Daily v2.0,Maharashtra,CHIRPS Rainfall
2025-08-06,2025-08-13,32.0,2025,P084,18.46362582706226,76.82249880582684,Latur,high,priority,87.54091453552246,1,7,CHIRPS Daily v2.0,Maharashtra,CHIRPS Rainfall
2025-08-06,2025-08-13,32.0,2025,P085,18.14788579966987,76.77194597718393,Latur,high,priority,80.78431987762451,1,7,CHIRPS Daily v2.0,Maharashtra,CHIRPS Rainfall
2025-08-06,2025-08-13,32.0,2025,P122,17.88145897082753,73.8441448165019,Satara,high,priority,45.15964126586914,1,7,CHIRPS Daily v2.0,Maharashtra,CHIRPS Rainfall
2025-08-06,2025-08-13,32.0,2025,P123,17.386414030975025,74.27088970551878,Satara,high,priority,110.6006555557251,1,7,CHIRPS Daily v2.0,Maharashtra,CHIRPS Rainfall
2025-08-06,2025-08-13,32.0,2025,P124,17.43262815429294,74.647353771057,Satara,high,priority,58.62413215637207,1,7,CHIRPS Daily v2.0,Maharashtra,CHIRPS Rainfall
2025-08-06,2025-08-13,32.0,2025,P125,17.56734651531964,74.31728219287884,Satara,high,priority,72.22351455688477,1,7,CHIRPS Daily v2.0,Maharashtra,CHIRPS Rainfall
2025-08-06,2025-08-13,32.0,2025,P126,17.205080227535593,74.13053949986157,Satara,high,priority,79.48348331451416,1,7,CHIRPS Daily v2.0,Maharashtra,CHIRPS Rainfall
2025-08-06,2025-08-13,32.0,2025,P127,17.65773249367299,74.31694330119876,Satara,high,priority,75.26620960235596,1,7,CHIRPS Daily v2.0,Maharashtra,CHIRPS Rainfall
2025-08-06,2025-08-13,32.0,2025,P128,18.019949731345452,74.5517328080669,Satara,high,priority,44.42235279083252,1,7,CHIRPS Daily v2.0,Maharashtra,CHIRPS Rainfall
2025-08-06,2025-08-13,32.0,2025,P129,18.063234225271252,74.03192648006461,Satara,high,priority,57.71287536621094,1,7,CHIRPS Daily v2.0,Maharashtra,CHIRPS Rainfall
2025-08-06,2025-08-13,32.0,2025,P130,17.61135784271715,74.03436560834085,Satara,high,priority,61.663355350494385,1,7,CHIRPS Daily v2.0,Maharashtra,CHIRPS Rainfall
2025-08-06,2025-08-13,32.0,2025,P131,17.612539504496315,74.3171127470388,Satara,high,priority,86.9813928604126,1,7,CHIRPS Daily v2.0,Maharashtra,CHIRPS Rainfall
2025-08-06,2025-08-13,32.0,2025,P132,17.702176353872684,74.12817617630324,Satara,high,priority,71.43759441375732,1,7,CHIRPS Daily v2.0,Maharashtra,CHIRPS Rainfall
2025-08-06,2025-08-13,32.0,2025,P133,17.25006363896275,74.08329532420031,Satara,high,priority,97.99684000015259,1,7,CHIRPS Daily v2.0,Maharashtra,CHIRPS Rainfall
2025-08-06,2025-08-13,32.0,2025,P134,17.476429903940936,74.17634784498362,Satara,high,priority,56.06849145889282,1,7,CHIRPS Daily v2.0,Maharashtra,CHIRPS Rainfall
2025-08-06,2025-08-13,32.0,2025,P135,17.882716437324603,74.0801070669471,Satara,high,priority,72.717041015625,1,7,CHIRPS Daily v2.0,Maharashtra,CHIRPS Rainfall
2025-08-06,2025-08-13,32.0,2025,P136,17.928520323345598,74.22149178404871,Satara,high,priority,49.93669939041138,1,7,CHIRPS Daily v2.0,Maharashtra,CHIRPS Rainfall
2025-08-06,2025-08-13,32.0,2025,P137,17.746687100588183,73.98648378122894,Satara,high,priority,46.277031898498535,1,7,CHIRPS Daily v2.0,Maharashtra,CHIRPS Rainfall
2025-08-06,2025-08-13,32.0,2025,P138,17.61269557303319,74.36423652697161,Satara,high,priority,76.75344610214233,1,7,CHIRPS Daily v2.0,Maharashtra,CHIRPS Rainfall
2025-08-06,2025-08-13,32.0,2025,P139,17.656773786946495,74.08126197411994,Satara,high,priority,72.27822065353394,1,7,CHIRPS Daily v2.0,Maharashtra,CHIRPS Rainfall
2025-08-06,2025-08-13,32.0,2025,P140,17.97464080554139,74.50462240543725,Satara,high,priority,58.60802745819092,1,7,CHIRPS Daily v2.0,Maharashtra,CHIRPS Rainfall
2025-08-06,2025-08-13,32.0,2025,P141,17.430826677467348,74.08239904488856,Satara,high,priority,63.131723403930664,1,7,CHIRPS Daily v2.0,Maharashtra,CHIRPS Rainfall
2025-08-06,2025-08-13,32.0,2025,P142,18.064447100757786,74.31538707493111,Satara,high,priority,54.7234673500061,1,7,CHIRPS Daily v2.0,Maharashtra,CHIRPS Rainfall
2025-08-06,2025-08-13,32.0,2025,P143,17.70379500755509,74.6468275971327,Satara,high,priority,65.3720211982727,1,7,CHIRPS Daily v2.0,Maharashtra,CHIRPS Rainfall
2025-08-06,2025-08-13,32.0,2025,P144,17.929452275465767,74.50474726026674,Satara,high,priority,48.72647285461426,1,7,CHIRPS Daily v2.0,Maharashtra,CHIRPS Rainfall
2025-08-06,2025-08-13,32.0,2025,P145,17.47773196144854,74.60017202281048,Satara,high,priority,65.34684181213379,1,7,CHIRPS Daily v2.0,Maharashtra,CHIRPS Rainfall
2025-08-06,2025-08-13,32.0,2025,P146,17.839182233739812,74.55218763637436,Satara,high,priority,65.23921489715576,1,7,CHIRPS Daily v2.0,Maharashtra,CHIRPS Rainfall
2025-08-06,2025-08-13,32.0,2025,P001,19.940457800458272,74.57045211428928,Ahmednagar,normal,statewide,20.070123195648193,1,7,CHIRPS Daily v2.0,Maharashtra,CHIRPS Rainfall
2025-08-06,2025-08-13,32.0,2025,P002,18.946729294293643,74.76302285238339,Ahmednagar,normal,statewide,52.565861225128174,1,7,CHIRPS Daily v2.0,Maharashtra,CHIRPS Rainfall
2025-08-06,2025-08-13,32.0,2025,P003,18.49469238410162,74.66892244285252,Ahmednagar,normal,statewide,37.90616512298584,1,7,CHIRPS Daily v2.0,Maharashtra,CHIRPS Rainfall
2025-08-06,2025-08-13,32.0,2025,P004,19.03720445466806,75.1420731965326,Ahmednagar,normal,statewide,22.672811269760132,1,7,CHIRPS Daily v2.0,Maharashtra,CHIRPS Rainfall
2025-08-06,2025-08-13,32.0,2025,P005,20.832153156317954,77.06560453615967,Akola,normal,statewide,12.122272968292236,1,7,CHIRPS Daily v2.0,Maharashtra,CHIRPS Rainfall
2025-08-06,2025-08-13,32.0,2025,P006,20.834360411339407,76.87349308547405,Akola,normal,statewide,9.206329107284546,1,7,CHIRPS Daily v2.0,Maharashtra,CHIRPS Rainfall
2025-08-06,2025-08-13,32.0,2025,P007,21.014976299509232,76.87574047240498,Akola,normal,statewide,10.193432569503784,1,7,CHIRPS Daily v2.0,Maharashtra,CHIRPS Rainfall
2025-08-06,2025-08-13,32.0,2025,P008,20.828434266039377,77.35372489162701,Akola,normal,statewide,13.703975200653076,1,7,CHIRPS Daily v2.0,Maharashtra,CHIRPS Rainfall
2025-08-06,2025-08-13,32.0,2025,P009,21.360971327549258,77.94039543992572,Amravati,normal,statewide,22.139704704284668,1,7,CHIRPS Daily v2.0,Maharashtra,CHIRPS Rainfall
2025-08-06,2025-08-13,32.0,2025,P010,21.178803672212837,78.03301542790685,Amravati,normal,statewide,11.474411487579346,1,7,CHIRPS Daily v2.0,Maharashtra,CHIRPS Rainfall
2025-08-06,2025-08-13,32.0,2025,P011,20.814388097721018,78.21764450702477,Amravati,normal,statewide,28.929174423217773,1,7,CHIRPS Daily v2.0,Maharashtra,CHIRPS Rainfall
2025-08-06,2025-08-13,32.0,2025,P012,21.180502589714195,77.93681032267875,Amravati,normal,statewide,11.144926071166992,1,7,CHIRPS Daily v2.0,Maharashtra,CHIRPS Rainfall
2025-08-06,2025-08-13,32.0,2025,P013,20.031289688916964,74.8570519162974,Aurangabad,normal,statewide,25.17457675933838,1,7,CHIRPS Daily v2.0,Maharashtra,CHIRPS Rainfall
2025-08-06,2025-08-13,32.0,2025,P014,19.760185263069562,75.14270192978114,Aurangabad,normal,statewide,33.55711483955383,1,7,CHIRPS Daily v2.0,Maharashtra,CHIRPS Rainfall
2025-08-06,2025-08-13,32.0,2025,P015,19.9408189876436,74.76157364454102,Aurangabad,normal,statewide,26.19017505645752,1,7,CHIRPS Daily v2.0,Maharashtra,CHIRPS Rainfall
2025-08-06,2025-08-13,32.0,2025,P016,19.66981712112043,75.14262166596218,Aurangabad,normal,statewide,37.33602571487427,1,7,CHIRPS Daily v2.0,Maharashtra,CHIRPS Rainfall
2025-08-06,2025-08-13,32.0,2025,P017,21.04613203856966,79.85576216552393,Bhandara,normal,statewide,52.0516471862793,1,7,CHIRPS Daily v2.0,Maharashtra,CHIRPS Rainfall
2025-08-06,2025-08-13,32.0,2025,P018,21.31897105472685,79.76852877161537,Bhandara,normal,statewide,43.36605453491211,1,7,CHIRPS Daily v2.0,Maharashtra,CHIRPS Rainfall
2025-08-06,2025-08-13,32.0,2025,P019,21.40900922319803,79.77144948280537,Bhandara,normal,statewide,42.43203067779541,1,7,CHIRPS Daily v2.0,Maharashtra,CHIRPS Rainfall
2025-08-06,2025-08-13,32.0,2025,P020,21.144196588937042,79.57074980349083,Bhandara,normal,statewide,44.88051128387451,1,7,CHIRPS Daily v2.0,Maharashtra,CHIRPS Rainfall
2025-08-06,2025-08-13,32.0,2025,P021,18.67502288980403,75.52108340877234,Bid,normal,statewide,30.809110403060913,1,7,CHIRPS Daily v2.0,Maharashtra,CHIRPS Rainfall
2025-08-06,2025-08-13,32.0,2025,P022,18.856499384477168,75.04699178476999,Bid,normal,statewide,19.923612356185913,1,7,CHIRPS Daily v2.0,Maharashtra,CHIRPS Rainfall
2025-08-06,2025-08-13,32.0,2025,P023,19.126596053486494,75.6175605191647,Bid,normal,statewide,45.40472888946533,1,7,CHIRPS Daily v2.0,Maharashtra,CHIRPS Rainfall
2025-08-06,2025-08-13,32.0,2025,P024,18.763955201213946,75.90084720909012,Bid,normal,statewide,53.274423599243164,1,7,CHIRPS Daily v2.0,Maharashtra,CHIRPS Rainfall
2025-08-06,2025-08-13,32.0,2025,P025,20.93073496240753,76.20164478885242,Buldana,normal,statewide,10.095417737960815,1,7,CHIRPS Daily v2.0,Maharashtra,CHIRPS Rainfall
2025-08-06,2025-08-13,32.0,2025,P026,20.838939908121294,76.39311412898633,Buldana,normal,statewide,9.85251259803772,1,7,CHIRPS Daily v2.0,Maharashtra,CHIRPS Rainfall
2025-08-06,2025-08-13,32.0,2025,P027,20.657476790751314,76.48742857536776,Buldana,normal,statewide,13.093990802764893,1,7,CHIRPS Daily v2.0,Maharashtra,CHIRPS Rainfall
2025-08-06,2025-08-13,32.0,2025,P028,20.47967013624516,76.10222021266374,Buldana,normal,statewide,27.143230438232422,1,7,CHIRPS Daily v2.0,Maharashtra,CHIRPS Rainfall
2025-08-06,2025-08-13,32.0,2025,P029,20.32317798477448,79.92829390325927,Chandrapur,normal,statewide,44.8958945274353,1,7,CHIRPS Daily v2.0,Maharashtra,CHIRPS Rainfall
2025-08-06,2025-08-13,32.0,2025,P030,20.60872097983294,79.36304041732026,Chandrapur,normal,statewide,35.11676573753357,1,7,CHIRPS Daily v2.0,Maharashtra,CHIRPS Rainfall
2025-08-06,2025-08-13,32.0,2025,P031,20.511160307884595,79.64732594588165,Chandrapur,normal,statewide,46.563156604766846,1,7,CHIRPS Daily v2.0,Maharashtra,CHIRPS Rainfall
2025-08-06,2025-08-13,32.0,2025,P032,20.598621115946884,79.74569817422172,Chandrapur,normal,statewide,40.740275382995605,1,7,CHIRPS Daily v2.0,Maharashtra,CHIRPS Rainfall
2025-08-06,2025-08-13,32.0,2025,P033,21.38667804512237,75.14422248324037,Dhule,normal,statewide,3.577972650527954,1,7,CHIRPS Daily v2.0,Maharashtra,CHIRPS Rainfall
2025-08-06,2025-08-13,32.0,2025,P034,21.025151968113196,74.75989256344387,Dhule,normal,statewide,2.30619478225708,1,7,CHIRPS Daily v2.0,Maharashtra,CHIRPS Rainfall
2025-08-06,2025-08-13,32.0,2025,P035,21.477028350667293,74.85568743137505,Dhule,normal,statewide,3.969479560852051,1,7,CHIRPS Daily v2.0,Maharashtra,CHIRPS Rainfall
2025-08-06,2025-08-13,32.0,2025,P036,20.933820660336515,74.37533522949364,Dhule,normal,statewide,0.0,1,7,CHIRPS Daily v2.0,Maharashtra,CHIRPS Rainfall
2025-08-06,2025-08-13,32.0,2025,P037,19.963056524597132,79.91698116388667,Garhchiroli,normal,statewide,57.80732345581055,1,7,CHIRPS Daily v2.0,Maharashtra,CHIRPS Rainfall
2025-08-06,2025-08-13,32.0,2025,P038,19.062661462582188,79.88977172925856,Garhchiroli,normal,statewide,71.36088991165161,1,7,CHIRPS Daily v2.0,Maharashtra,CHIRPS Rainfall
2025-08-06,2025-08-13,32.0,2025,P039,19.510270485428137,79.9981368030594,Garhchiroli,normal,statewide,69.57907676696777,1,7,CHIRPS Daily v2.0,Maharashtra,CHIRPS Rainfall
2025-08-06,2025-08-13,32.0,2025,P040,19.870365190999156,80.00935144220881,Garhchiroli,normal,statewide,72.54336738586426,1,7,CHIRPS Daily v2.0,Maharashtra,CHIRPS Rainfall
2025-08-06,2025-08-13,32.0,2025,P041,21.127639946725598,80.1465044724107,Gondiya,normal,statewide,53.75678634643555,1,7,CHIRPS Daily v2.0,Maharashtra,CHIRPS Rainfall
2025-08-06,2025-08-13,32.0,2025,P042,21.397598383602258,80.15591763473452,Gondiya,normal,statewide,51.17191410064697,1,7,CHIRPS Daily v2.0,Maharashtra,CHIRPS Rainfall
2025-08-06,2025-08-13,32.0,2025,P043,21.574548890706154,80.25847249986273,Gondiya,normal,statewide,48.59542751312256,1,7,CHIRPS Daily v2.0,Maharashtra,CHIRPS Rainfall
2025-08-06,2025-08-13,32.0,2025,P044,21.211649410572516,80.34153217518526,Gondiya,normal,statewide,49.88817071914673,1,7,CHIRPS Daily v2.0,Maharashtra,CHIRPS Rainfall
2025-08-06,2025-08-13,32.0,2025,P045,19.655900266732623,77.2407892392464,Hingoli,normal,statewide,64.95352745056152,1,7,CHIRPS Daily v2.0,Maharashtra,CHIRPS Rainfall
2025-08-06,2025-08-13,32.0,2025,P046,19.566758377573187,77.1442675378435,Hingoli,normal,statewide,76.74500179290771,1,7,CHIRPS Daily v2.0,Maharashtra,CHIRPS Rainfall
2025-08-06,2025-08-13,32.0,2025,P047,19.47860194974656,76.9526242927685,Hingoli,normal,statewide,69.83812522888184,1,7,CHIRPS Daily v2.0,Maharashtra,CHIRPS Rainfall
2025-08-06,2025-08-13,32.0,2025,P048,19.927981235710728,77.14910120338544,Hingoli,normal,statewide,70.48535966873169,1,7,CHIRPS Daily v2.0,Maharashtra,CHIRPS Rainfall
2025-08-06,2025-08-13,32.0,2025,P049,21.292738163229433,76.10816865346904,Jalgaon,normal,statewide,7.445753574371338,1,7,CHIRPS Daily v2.0,Maharashtra,CHIRPS Rainfall
2025-08-06,2025-08-13,32.0,2025,P050,21.386178625804387,75.43363151891216,Jalgaon,normal,statewide,7.9488983154296875,1,7,CHIRPS Daily v2.0,Maharashtra,CHIRPS Rainfall
2025-08-06,2025-08-13,32.0,2025,P051,21.112064306745907,76.10682200495089,Jalgaon,normal,statewide,10.278502464294434,1,7,CHIRPS Daily v2.0,Maharashtra,CHIRPS Rainfall
2025-08-06,2025-08-13,32.0,2025,P052,20.844437979720194,75.23982115072519,Jalgaon,normal,statewide,4.061914920806885,1,7,CHIRPS Daily v2.0,Maharashtra,CHIRPS Rainfall
2025-08-06,2025-08-13,32.0,2025,P053,19.486369703781666,76.00005328932718,Jalna,normal,statewide,64.33787727355957,1,7,CHIRPS Daily v2.0,Maharashtra,CHIRPS Rainfall
2025-08-06,2025-08-13,32.0,2025,P054,20.028502750758555,76.00343774702675,Jalna,normal,statewide,68.13693904876709,1,7,CHIRPS Daily v2.0,Maharashtra,CHIRPS Rainfall
2025-08-06,2025-08-13,32.0,2025,P055,19.75743845682064,76.00172991132328,Jalna,normal,statewide,60.82943344116211,1,7,CHIRPS Daily v2.0,Maharashtra,CHIRPS Rainfall
2025-08-06,2025-08-13,32.0,2025,P056,19.57768317515413,75.80993951591351,Jalna,normal,statewide,71.20869159698486,1,7,CHIRPS Daily v2.0,Maharashtra,CHIRPS Rainfall
2025-08-06,2025-08-13,32.0,2025,P057,16.776377793156257,74.29671235971928,Kolhapur,normal,statewide,86.9888916015625,1,7,CHIRPS Daily v2.0,Maharashtra,CHIRPS Rainfall
2025-08-06,2025-08-13,32.0,2025,P058,16.324416687682138,74.29834884980589,Kolhapur,normal,statewide,153.30285835266113,1,7,CHIRPS Daily v2.0,Maharashtra,CHIRPS Rainfall
2025-08-06,2025-08-13,32.0,2025,P059,16.595891218916975,74.39111598812178,Kolhapur,normal,statewide,90.35967493057251,1,7,CHIRPS Daily v2.0,Maharashtra,CHIRPS Rainfall
2025-08-06,2025-08-13,32.0,2025,P060,16.414811584237594,74.29802779453004,Kolhapur,normal,statewide,128.51824951171875,1,7,CHIRPS Daily v2.0,Maharashtra,CHIRPS Rainfall
2025-08-06,2025-08-13,32.0,2025,P086,21.054127206758487,79.56798961993874,Nagpur,normal,statewide,46.24340057373047,1,7,CHIRPS Daily v2.0,Maharashtra,CHIRPS Rainfall
2025-08-06,2025-08-13,32.0,2025,P087,21.146765031143822,79.47473643960802,Nagpur,normal,statewide,34.47092580795288,1,7,CHIRPS Daily v2.0,Maharashtra,CHIRPS Rainfall
2025-08-06,2025-08-13,32.0,2025,P088,21.347803602138427,78.61442869606356,Nagpur,normal,statewide,36.782559394836426,1,7,CHIRPS Daily v2.0,Maharashtra,CHIRPS Rainfall
2025-08-06,2025-08-13,32.0,2025,P089,21.165377318940912,78.70615240473293,Nagpur,normal,statewide,21.791324615478516,1,7,CHIRPS Daily v2.0,Maharashtra,CHIRPS Rainfall
2025-08-06,2025-08-13,32.0,2025,P090,19.201968238592887,77.42470040309472,Nanded,normal,statewide,56.654961585998535,1,7,CHIRPS Daily v2.0,Maharashtra,CHIRPS Rainfall
2025-08-06,2025-08-13,32.0,2025,P091,18.566038000956755,77.69963965584807,Nanded,normal,statewide,86.35287475585938,1,7,CHIRPS Daily v2.0,Maharashtra,CHIRPS Rainfall
2025-08-06,2025-08-13,32.0,2025,P092,19.736596618496833,77.90946265591798,Nanded,normal,statewide,56.17005634307861,1,7,CHIRPS Daily v2.0,Maharashtra,CHIRPS Rainfall
2025-08-06,2025-08-13,32.0,2025,P093,18.93564842817583,77.04115528508362,Nanded,normal,statewide,68.85127925872803,1,7,CHIRPS Daily v2.0,Maharashtra,CHIRPS Rainfall
2025-08-06,2025-08-13,32.0,2025,P094,21.564917232430716,74.08292967791392,Nandurbar,normal,statewide,0.0,1,7,CHIRPS Daily v2.0,Maharashtra,CHIRPS Rainfall
2025-08-06,2025-08-13,32.0,2025,P095,21.5662594218478,74.37266422796263,Nandurbar,normal,statewide,0.9883431792259216,1,7,CHIRPS Daily v2.0,Maharashtra,CHIRPS Rainfall
2025-08-06,2025-08-13,32.0,2025,P096,21.385179787168415,74.27697637845674,Nandurbar,normal,statewide,0.0,1,7,CHIRPS Daily v2.0,Maharashtra,CHIRPS Rainfall
2025-08-06,2025-08-13,32.0,2025,P097,21.565421110849755,74.17950488852946,Nandurbar,normal,statewide,0.0,1,7,CHIRPS Daily v2.0,Maharashtra,CHIRPS Rainfall
2025-08-06,2025-08-13,32.0,2025,P098,20.299553667393326,73.99482675929994,Nashik,normal,statewide,7.6103081703186035,1,7,CHIRPS Daily v2.0,Maharashtra,CHIRPS Rainfall
2025-08-06,2025-08-13,32.0,2025,P099,20.120253214034264,74.28296495117151,Nashik,normal,statewide,13.378789901733398,1,7,CHIRPS Daily v2.0,Maharashtra,CHIRPS Rainfall
2025-08-06,2025-08-13,32.0,2025,P100,20.389903972938242,73.99424261706194,Nashik,normal,statewide,4.904122710227966,1,7,CHIRPS Daily v2.0,Maharashtra,CHIRPS Rainfall
2025-08-06,2025-08-13,32.0,2025,P101,20.029015547379707,74.09216447619562,Nashik,normal,statewide,8.331494331359863,1,7,CHIRPS Daily v2.0,Maharashtra,CHIRPS Rainfall
2025-08-06,2025-08-13,32.0,2025,P102,17.85749130266526,76.36802722645965,Osmanabad,normal,statewide,94.94566535949707,1,7,CHIRPS Daily v2.0,Maharashtra,CHIRPS Rainfall
2025-08-06,2025-08-13,32.0,2025,P103,17.76644983645705,76.46164605307673,Osmanabad,normal,statewide,112.29136276245117,1,7,CHIRPS Daily v2.0,Maharashtra,CHIRPS Rainfall
2025-08-06,2025-08-13,32.0,2025,P104,17.949094615606196,76.17989775301476,Osmanabad,normal,statewide,74.43470764160156,1,7,CHIRPS Daily v2.0,Maharashtra,CHIRPS Rainfall
2025-08-06,2025-08-13,32.0,2025,P105,18.584360447185368,75.61558067829696,Osmanabad,normal,statewide,38.90410900115967,1,7,CHIRPS Daily v2.0,Maharashtra,CHIRPS Rainfall
2025-08-06,2025-08-13,32.0,2025,P106,19.031389786894366,76.47235681380711,Parbhani,normal,statewide,57.842909812927246,1,7,CHIRPS Daily v2.0,Maharashtra,CHIRPS Rainfall
2025-08-06,2025-08-13,32.0,2025,P107,19.120950831552832,76.56820519095093,Parbhani,normal,statewide,55.23209095001221,1,7,CHIRPS Daily v2.0,Maharashtra,CHIRPS Rainfall
2025-08-06,2025-08-13,32.0,2025,P108,19.208625676465683,76.85432786914635,Parbhani,normal,statewide,58.94977426528931,1,7,CHIRPS Daily v2.0,Maharashtra,CHIRPS Rainfall
2025-08-06,2025-08-13,32.0,2025,P109,19.212081479782103,76.47396209018636,Parbhani,normal,statewide,58.49554252624512,1,7,CHIRPS Daily v2.0,Maharashtra,CHIRPS Rainfall
2025-08-06,2025-08-13,32.0,2025,P110,18.133442771357757,75.04679558432363,Pune,normal,statewide,26.051162242889404,1,7,CHIRPS Daily v2.0,Maharashtra,CHIRPS Rainfall
2025-08-06,2025-08-13,32.0,2025,P111,18.584645829652782,74.47919215212944,Pune,normal,statewide,56.60184860229492,1,7,CHIRPS Daily v2.0,Maharashtra,CHIRPS Rainfall
2025-08-06,2025-08-13,32.0,2025,P112,18.132979024848197,74.57507620208169,Pune,normal,statewide,32.394493103027344,1,7,CHIRPS Daily v2.0,Maharashtra,CHIRPS Rainfall
2025-08-06,2025-08-13,32.0,2025,P113,18.314072036830744,74.76389683618987,Pune,normal,statewide,39.396018743515015,1,7,CHIRPS Daily v2.0,Maharashtra,CHIRPS Rainfall
2025-08-06,2025-08-13,32.0,2025,P114,18.48503397121986,73.0589238755964,Raigarh,normal,statewide,32.692996978759766,1,7,CHIRPS Daily v2.0,Maharashtra,CHIRPS Rainfall
2025-08-06,2025-08-13,32.0,2025,P115,18.665689991299164,73.05687714821288,Raigarh,normal,statewide,41.44053268432617,1,7,CHIRPS Daily v2.0,Maharashtra,CHIRPS Rainfall
2025-08-06,2025-08-13,32.0,2025,P116,18.306197264370358,73.25009891506079,Raigarh,normal,statewide,37.459232330322266,1,7,CHIRPS Daily v2.0,Maharashtra,CHIRPS Rainfall
2025-08-06,2025-08-13,32.0,2025,P117,18.21404102289879,73.06194714611064,Raigarh,normal,statewide,49.12245559692383,1,7,CHIRPS Daily v2.0,Maharashtra,CHIRPS Rainfall
2025-08-06,2025-08-13,32.0,2025,P118,17.138719885658215,75.42259970290594,Sangli,normal,statewide,42.81015729904175,1,7,CHIRPS Daily v2.0,Maharashtra,CHIRPS Rainfall
2025-08-06,2025-08-13,32.0,2025,P119,17.048761981005992,74.95348443567921,Sangli,normal,statewide,51.01336359977722,1,7,CHIRPS Daily v2.0,Maharashtra,CHIRPS Rainfall
2025-08-06,2025-08-13,32.0,2025,P120,16.86707144948229,74.39025538161847,Sangli,normal,statewide,83.29644727706909,1,7,CHIRPS Daily v2.0,Maharashtra,CHIRPS Rainfall
2025-08-06,2025-08-13,32.0,2025,P121,17.048503353144895,74.67157114887826,Sangli,normal,statewide,57.56419277191162,1,7,CHIRPS Daily v2.0,Maharashtra,CHIRPS Rainfall
2025-08-06,2025-08-13,32.0,2025,P148,17.67852974098626,76.08383979812143,Solapur,normal,statewide,77.18868350982666,1,7,CHIRPS Daily v2.0,Maharashtra,CHIRPS Rainfall
2025-08-06,2025-08-13,32.0,2025,P149,18.223365003201543,75.4251413905064,Solapur,normal,statewide,39.57164120674133,1,7,CHIRPS Daily v2.0,Maharashtra,CHIRPS Rainfall
2025-08-06,2025-08-13,32.0,2025,P150,17.952532582518405,75.23562067753285,Solapur,normal,statewide,30.682769536972046,1,7,CHIRPS Daily v2.0,Maharashtra,CHIRPS Rainfall
2025-08-06,2025-08-13,32.0,2025,P151,18.223690517578447,75.23598186471818,Solapur,normal,statewide,38.95941758155823,1,7,CHIRPS Daily v2.0,Maharashtra,CHIRPS Rainfall
2025-08-06,2025-08-13,32.0,2025,P152,19.658178867370932,72.94986318203122,Thane,normal,statewide,10.629794120788574,1,7,CHIRPS Daily v2.0,Maharashtra,CHIRPS Rainfall
2025-08-06,2025-08-13,32.0,2025,P153,19.65706409210757,72.8545320606096,Thane,normal,statewide,6.861908912658691,1,7,CHIRPS Daily v2.0,Maharashtra,CHIRPS Rainfall
2025-08-06,2025-08-13,32.0,2025,P154,19.477549601897948,72.95214624177059,Thane,normal,statewide,31.573823928833008,1,7,CHIRPS Daily v2.0,Maharashtra,CHIRPS Rainfall
2025-08-06,2025-08-13,32.0,2025,P155,19.83987385799569,73.0429959666335,Thane,normal,statewide,14.481040954589844,1,7,CHIRPS Daily v2.0,Maharashtra,CHIRPS Rainfall
2025-08-06,2025-08-13,32.0,2025,P156,20.806749657616468,78.60135461177485,Wardha,normal,statewide,25.85496425628662,1,7,CHIRPS Daily v2.0,Maharashtra,CHIRPS Rainfall
2025-08-06,2025-08-13,32.0,2025,P157,20.71031267913359,78.88671032458906,Wardha,normal,statewide,30.349153995513916,1,7,CHIRPS Daily v2.0,Maharashtra,CHIRPS Rainfall
2025-08-06,2025-08-13,32.0,2025,P158,21.081265295769754,78.41565980750515,Wardha,normal,statewide,23.083274364471436,1,7,CHIRPS Daily v2.0,Maharashtra,CHIRPS Rainfall
2025-08-06,2025-08-13,32.0,2025,P159,20.439854822938944,78.87986114537097,Wardha,normal,statewide,30.27488422393799,1,7,CHIRPS Daily v2.0,Maharashtra,CHIRPS Rainfall
2025-08-06,2025-08-13,32.0,2025,P160,20.289186257444058,77.15404188735265,Washim,normal,statewide,32.219481468200684,1,7,CHIRPS Daily v2.0,Maharashtra,CHIRPS Rainfall
2025-08-06,2025-08-13,32.0,2025,P161,20.464607292886615,77.53975858757677,Washim,normal,statewide,20.778125762939453,1,7,CHIRPS Daily v2.0,Maharashtra,CHIRPS Rainfall
2025-08-06,2025-08-13,32.0,2025,P162,20.107393166596125,77.2471479173486,Washim,normal,statewide,48.98170852661133,1,7,CHIRPS Daily v2.0,Maharashtra,CHIRPS Rainfall
2025-08-06,2025-08-13,32.0,2025,P163,20.198885002010726,77.1527933390577,Washim,normal,statewide,44.41347312927246,1,7,CHIRPS Daily v2.0,Maharashtra,CHIRPS Rainfall
2025-08-06,2025-08-13,32.0,2025,P164,20.182854533723592,78.20447678161395,Yavatmal,normal,statewide,44.87474012374878,1,7,CHIRPS Daily v2.0,Maharashtra,CHIRPS Rainfall
2025-08-06,2025-08-13,32.0,2025,P165,19.894658373538324,79.05709703494229,Yavatmal,normal,statewide,74.76165771484375,1,7,CHIRPS Daily v2.0,Maharashtra,CHIRPS Rainfall
2025-08-06,2025-08-13,32.0,2025,P166,19.468787468327925,77.71426550730338,Yavatmal,normal,statewide,41.841959953308105,1,7,CHIRPS Daily v2.0,Maharashtra,CHIRPS Rainfall
2025-08-06,2025-08-13,32.0,2025,P167,19.559057510053886,77.71577268345945,Yavatmal,normal,statewide,45.22324800491333,1,7,CHIRPS Daily v2.0,Maharashtra,CHIRPS Rainfall
2025-08-13,2025-08-20,33.0,2025,P147,17.927231643141155,73.94769852026607,Satara,case_study,case_study,269.8497085571289,1,7,CHIRPS Daily v2.0,Maharashtra,CHIRPS Rainfall
2025-08-13,2025-08-20,33.0,2025,P061,18.507855650411397,76.91766048140843,Latur,high,priority,177.65751838684082,1,7,CHIRPS Daily v2.0,Maharashtra,CHIRPS Rainfall
2025-08-13,2025-08-20,33.0,2025,P062,18.422405896924207,76.3487594508077,Latur,high,priority,124.84549331665039,1,7,CHIRPS Daily v2.0,Maharashtra,CHIRPS Rainfall
2025-08-13,2025-08-20,33.0,2025,P063,18.235391198742693,77.05646783810116,Latur,high,priority,167.15431022644043,1,7,CHIRPS Daily v2.0,Maharashtra,CHIRPS Rainfall
2025-08-13,2025-08-20,33.0,2025,P064,18.193056493341274,76.77240080549139,Latur,high,priority,143.17971992492676,1,7,CHIRPS Daily v2.0,Maharashtra,CHIRPS Rainfall
2025-08-13,2025-08-20,33.0,2025,P065,18.331355512513895,76.44266811899327,Latur,high,priority,125.49995040893555,1,7,CHIRPS Daily v2.0,Maharashtra,CHIRPS Rainfall
2025-08-13,2025-08-20,33.0,2025,P066,18.104739537876725,76.5352970251765,Latur,high,priority,127.39610719680786,1,7,CHIRPS Daily v2.0,Maharashtra,CHIRPS Rainfall
2025-08-13,2025-08-20,33.0,2025,P067,18.280552974211986,77.0569984711265,Latur,high,priority,166.28042793273926,1,7,CHIRPS Daily v2.0,Maharashtra,CHIRPS Rainfall
2025-08-13,2025-08-20,33.0,2025,P068,18.101823285787773,76.86595720469373,Latur,high,priority,165.5190715789795,1,7,CHIRPS Daily v2.0,Maharashtra,CHIRPS Rainfall
2025-08-13,2025-08-20,33.0,2025,P069,18.595075667016793,77.20284228928156,Latur,high,priority,165.7233123779297,1,7,CHIRPS Daily v2.0,Maharashtra,CHIRPS Rainfall
2025-08-13,2025-08-20,33.0,2025,P070,18.41499041187233,77.15322587185987,Latur,high,priority,170.09513092041016,1,7,CHIRPS Daily v2.0,Maharashtra,CHIRPS Rainfall
2025-08-13,2025-08-20,33.0,2025,P071,18.149138807065885,76.63019561379593,Latur,high,priority,134.57635688781738,1,7,CHIRPS Daily v2.0,Maharashtra,CHIRPS Rainfall
2025-08-13,2025-08-20,33.0,2025,P072,18.283393421583035,76.77331492120734,Latur,high,priority,139.4367799758911,1,7,CHIRPS Daily v2.0,Maharashtra,CHIRPS Rainfall
2025-08-13,2025-08-20,33.0,2025,P073,17.966315663874607,76.86453029235662,Latur,high,priority,162.76428699493408,1,7,CHIRPS Daily v2.0,Maharashtra,CHIRPS Rainfall
2025-08-13,2025-08-20,33.0,2025,P074,18.50832831512306,76.870318205524,Latur,high,priority,162.49768733978271,1,7,CHIRPS Daily v2.0,Maharashtra,CHIRPS Rainfall
2025-08-13,2025-08-20,33.0,2025,P075,18.41444640154381,77.20053247493588,Latur,high,priority,169.19083642959595,1,7,CHIRPS Daily v2.0,Maharashtra,CHIRPS Rainfall
2025-08-13,2025-08-20,33.0,2025,P076,18.377877313804504,76.25376722106614,Latur,high,priority,126.3584656715393,1,7,CHIRPS Daily v2.0,Maharashtra,CHIRPS Rainfall
2025-08-13,2025-08-20,33.0,2025,P077,18.059564385104267,76.5349046242838,Latur,high,priority,122.01898288726807,1,7,CHIRPS Daily v2.0,Maharashtra,CHIRPS Rainfall
2025-08-13,2025-08-20,33.0,2025,P078,18.1008824154655,76.96042326051098,Latur,high,priority,169.36885452270508,1,7,CHIRPS Daily v2.0,Maharashtra,CHIRPS Rainfall
2025-08-13,2025-08-20,33.0,2025,P079,18.73508698099394,76.77797468180819,Latur,high,priority,133.3712248802185,1,7,CHIRPS Daily v2.0,Maharashtra,CHIRPS Rainfall
2025-08-13,2025-08-20,33.0,2025,P080,18.46791548227568,76.3017694439065,Latur,high,priority,120.14319610595703,1,7,CHIRPS Daily v2.0,Maharashtra,CHIRPS Rainfall
2025-08-13,2025-08-20,33.0,2025,P081,18.10355787609756,76.67701617485712,Latur,high,priority,140.76671886444092,1,7,CHIRPS Daily v2.0,Maharashtra,CHIRPS Rainfall
2025-08-13,2025-08-20,33.0,2025,P082,18.23907887531389,76.67830931416262,Latur,high,priority,141.8459014892578,1,7,CHIRPS Daily v2.0,Maharashtra,CHIRPS Rainfall
2025-08-13,2025-08-20,33.0,2025,P083,18.369289085175563,77.19996171000103,Latur,high,priority,182.80036544799805,1,7,CHIRPS Daily v2.0,Maharashtra,CHIRPS Rainfall
2025-08-13,2025-08-20,33.0,2025,P084,18.46362582706226,76.82249880582684,Latur,high,priority,169.8951301574707,1,7,CHIRPS Daily v2.0,Maharashtra,CHIRPS Rainfall
2025-08-13,2025-08-20,33.0,2025,P085,18.14788579966987,76.77194597718393,Latur,high,priority,153.47841835021973,1,7,CHIRPS Daily v2.0,Maharashtra,CHIRPS Rainfall
2025-08-13,2025-08-20,33.0,2025,P122,17.88145897082753,73.8441448165019,Satara,high,priority,204.69203758239746,1,7,CHIRPS Daily v2.0,Maharashtra,CHIRPS Rainfall
2025-08-13,2025-08-20,33.0,2025,P123,17.386414030975025,74.27088970551878,Satara,high,priority,100.28042602539062,1,7,CHIRPS Daily v2.0,Maharashtra,CHIRPS Rainfall
2025-08-13,2025-08-20,33.0,2025,P124,17.43262815429294,74.647353771057,Satara,high,priority,67.41935348510742,1,7,CHIRPS Daily v2.0,Maharashtra,CHIRPS Rainfall
2025-08-13,2025-08-20,33.0,2025,P125,17.56734651531964,74.31728219287884,Satara,high,priority,98.07890224456787,1,7,CHIRPS Daily v2.0,Maharashtra,CHIRPS Rainfall
2025-08-13,2025-08-20,33.0,2025,P126,17.205080227535593,74.13053949986157,Satara,high,priority,84.78280830383301,1,7,CHIRPS Daily v2.0,Maharashtra,CHIRPS Rainfall
2025-08-13,2025-08-20,33.0,2025,P127,17.65773249367299,74.31694330119876,Satara,high,priority,128.50610494613647,1,7,CHIRPS Daily v2.0,Maharashtra,CHIRPS Rainfall
2025-08-13,2025-08-20,33.0,2025,P128,18.019949731345452,74.5517328080669,Satara,high,priority,81.26032447814941,1,7,CHIRPS Daily v2.0,Maharashtra,CHIRPS Rainfall
2025-08-13,2025-08-20,33.0,2025,P129,18.063234225271252,74.03192648006461,Satara,high,priority,253.31159782409668,1,7,CHIRPS Daily v2.0,Maharashtra,CHIRPS Rainfall
2025-08-13,2025-08-20,33.0,2025,P130,17.61135784271715,74.03436560834085,Satara,high,priority,176.67551612854004,1,7,CHIRPS Daily v2.0,Maharashtra,CHIRPS Rainfall
2025-08-13,2025-08-20,33.0,2025,P131,17.612539504496315,74.3171127470388,Satara,high,priority,121.57776117324829,1,7,CHIRPS Daily v2.0,Maharashtra,CHIRPS Rainfall
2025-08-13,2025-08-20,33.0,2025,P132,17.702176353872684,74.12817617630324,Satara,high,priority,132.14724159240723,1,7,CHIRPS Daily v2.0,Maharashtra,CHIRPS Rainfall
2025-08-13,2025-08-20,33.0,2025,P133,17.25006363896275,74.08329532420031,Satara,high,priority,102.6313304901123,1,7,CHIRPS Daily v2.0,Maharashtra,CHIRPS Rainfall
2025-08-13,2025-08-20,33.0,2025,P134,17.476429903940936,74.17634784498362,Satara,high,priority,70.69677829742432,1,7,CHIRPS Daily v2.0,Maharashtra,CHIRPS Rainfall
2025-08-13,2025-08-20,33.0,2025,P135,17.882716437324603,74.0801070669471,Satara,high,priority,179.4503288269043,1,7,CHIRPS Daily v2.0,Maharashtra,CHIRPS Rainfall
2025-08-13,2025-08-20,33.0,2025,P136,17.928520323345598,74.22149178404871,Satara,high,priority,113.00682067871094,1,7,CHIRPS Daily v2.0,Maharashtra,CHIRPS Rainfall
2025-08-13,2025-08-20,33.0,2025,P137,17.746687100588183,73.98648378122894,Satara,high,priority,136.28648376464844,1,7,CHIRPS Daily v2.0,Maharashtra,CHIRPS Rainfall
2025-08-13,2025-08-20,33.0,2025,P138,17.61269557303319,74.36423652697161,Satara,high,priority,111.21652460098267,1,7,CHIRPS Daily v2.0,Maharashtra,CHIRPS Rainfall
2025-08-13,2025-08-20,33.0,2025,P139,17.656773786946495,74.08126197411994,Satara,high,priority,169.2612648010254,1,7,CHIRPS Daily v2.0,Maharashtra,CHIRPS Rainfall
2025-08-13,2025-08-20,33.0,2025,P140,17.97464080554139,74.50462240543725,Satara,high,priority,100.44094705581665,1,7,CHIRPS Daily v2.0,Maharashtra,CHIRPS Rainfall
2025-08-13,2025-08-20,33.0,2025,P141,17.430826677467348,74.08239904488856,Satara,high,priority,108.06075096130371,1,7,CHIRPS Daily v2.0,Maharashtra,CHIRPS Rainfall
2025-08-13,2025-08-20,33.0,2025,P142,18.064447100757786,74.31538707493111,Satara,high,priority,123.50679206848145,1,7,CHIRPS Daily v2.0,Maharashtra,CHIRPS Rainfall
2025-08-13,2025-08-20,33.0,2025,P143,17.70379500755509,74.6468275971327,Satara,high,priority,100.59453105926514,1,7,CHIRPS Daily v2.0,Maharashtra,CHIRPS Rainfall
2025-08-13,2025-08-20,33.0,2025,P144,17.929452275465767,74.50474726026674,Satara,high,priority,83.45416069030762,1,7,CHIRPS Daily v2.0,Maharashtra,CHIRPS Rainfall
2025-08-13,2025-08-20,33.0,2025,P145,17.47773196144854,74.60017202281048,Satara,high,priority,74.27682876586914,1,7,CHIRPS Daily v2.0,Maharashtra,CHIRPS Rainfall
2025-08-13,2025-08-20,33.0,2025,P146,17.839182233739812,74.55218763637436,Satara,high,priority,110.8157148361206,1,7,CHIRPS Daily v2.0,Maharashtra,CHIRPS Rainfall
2025-08-13,2025-08-20,33.0,2025,P001,19.940457800458272,74.57045211428928,Ahmednagar,normal,statewide,133.62865447998047,1,7,CHIRPS Daily v2.0,Maharashtra,CHIRPS Rainfall
2025-08-13,2025-08-20,33.0,2025,P002,18.946729294293643,74.76302285238339,Ahmednagar,normal,statewide,103.39580631256104,1,7,CHIRPS Daily v2.0,Maharashtra,CHIRPS Rainfall
2025-08-13,2025-08-20,33.0,2025,P003,18.49469238410162,74.66892244285252,Ahmednagar,normal,statewide,84.41532897949219,1,7,CHIRPS Daily v2.0,Maharashtra,CHIRPS Rainfall
2025-08-13,2025-08-20,33.0,2025,P004,19.03720445466806,75.1420731965326,Ahmednagar,normal,statewide,48.98910748958588,1,7,CHIRPS Daily v2.0,Maharashtra,CHIRPS Rainfall
2025-08-13,2025-08-20,33.0,2025,P005,20.832153156317954,77.06560453615967,Akola,normal,statewide,105.65461087226868,1,7,CHIRPS Daily v2.0,Maharashtra,CHIRPS Rainfall
2025-08-13,2025-08-20,33.0,2025,P006,20.834360411339407,76.87349308547405,Akola,normal,statewide,101.17091369628906,1,7,CHIRPS Daily v2.0,Maharashtra,CHIRPS Rainfall
2025-08-13,2025-08-20,33.0,2025,P007,21.014976299509232,76.87574047240498,Akola,normal,statewide,81.733145236969,1,7,CHIRPS Daily v2.0,Maharashtra,CHIRPS Rainfall
2025-08-13,2025-08-20,33.0,2025,P008,20.828434266039377,77.35372489162701,Akola,normal,statewide,107.30734086036682,1,7,CHIRPS Daily v2.0,Maharashtra,CHIRPS Rainfall
2025-08-13,2025-08-20,33.0,2025,P009,21.360971327549258,77.94039543992572,Amravati,normal,statewide,159.84020614624023,1,7,CHIRPS Daily v2.0,Maharashtra,CHIRPS Rainfall
2025-08-13,2025-08-20,33.0,2025,P010,21.178803672212837,78.03301542790685,Amravati,normal,statewide,106.89576148986816,1,7,CHIRPS Daily v2.0,Maharashtra,CHIRPS Rainfall
2025-08-13,2025-08-20,33.0,2025,P011,20.814388097721018,78.21764450702477,Amravati,normal,statewide,131.00434589385986,1,7,CHIRPS Daily v2.0,Maharashtra,CHIRPS Rainfall
2025-08-13,2025-08-20,33.0,2025,P012,21.180502589714195,77.93681032267875,Amravati,normal,statewide,106.65416145324707,1,7,CHIRPS Daily v2.0,Maharashtra,CHIRPS Rainfall
2025-08-13,2025-08-20,33.0,2025,P013,20.031289688916964,74.8570519162974,Aurangabad,normal,statewide,115.87837839126587,1,7,CHIRPS Daily v2.0,Maharashtra,CHIRPS Rainfall
2025-08-13,2025-08-20,33.0,2025,P014,19.760185263069562,75.14270192978114,Aurangabad,normal,statewide,109.1537013053894,1,7,CHIRPS Daily v2.0,Maharashtra,CHIRPS Rainfall
2025-08-13,2025-08-20,33.0,2025,P015,19.9408189876436,74.76157364454102,Aurangabad,normal,statewide,139.24845170974731,1,7,CHIRPS Daily v2.0,Maharashtra,CHIRPS Rainfall
2025-08-13,2025-08-20,33.0,2025,P016,19.66981712112043,75.14262166596218,Aurangabad,normal,statewide,107.14652156829834,1,7,CHIRPS Daily v2.0,Maharashtra,CHIRPS Rainfall
2025-08-13,2025-08-20,33.0,2025,P017,21.04613203856966,79.85576216552393,Bhandara,normal,statewide,207.53319931030273,1,7,CHIRPS Daily v2.0,Maharashtra,CHIRPS Rainfall
2025-08-13,2025-08-20,33.0,2025,P018,21.31897105472685,79.76852877161537,Bhandara,normal,statewide,156.17597770690918,1,7,CHIRPS Daily v2.0,Maharashtra,CHIRPS Rainfall
2025-08-13,2025-08-20,33.0,2025,P019,21.40900922319803,79.77144948280537,Bhandara,normal,statewide,169.7413091659546,1,7,CHIRPS Daily v2.0,Maharashtra,CHIRPS Rainfall
2025-08-13,2025-08-20,33.0,2025,P020,21.144196588937042,79.57074980349083,Bhandara,normal,statewide,184.27476930618286,1,7,CHIRPS Daily v2.0,Maharashtra,CHIRPS Rainfall
2025-08-13,2025-08-20,33.0,2025,P021,18.67502288980403,75.52108340877234,Bid,normal,statewide,84.41007041931152,1,7,CHIRPS Daily v2.0,Maharashtra,CHIRPS Rainfall
2025-08-13,2025-08-20,33.0,2025,P022,18.856499384477168,75.04699178476999,Bid,normal,statewide,41.79358100891113,1,7,CHIRPS Daily v2.0,Maharashtra,CHIRPS Rainfall
2025-08-13,2025-08-20,33.0,2025,P023,19.126596053486494,75.6175605191647,Bid,normal,statewide,117.88796830177307,1,7,CHIRPS Daily v2.0,Maharashtra,CHIRPS Rainfall
2025-08-13,2025-08-20,33.0,2025,P024,18.763955201213946,75.90084720909012,Bid,normal,statewide,140.06241846084595,1,7,CHIRPS Daily v2.0,Maharashtra,CHIRPS Rainfall
2025-08-13,2025-08-20,33.0,2025,P025,20.93073496240753,76.20164478885242,Buldana,normal,statewide,107.81871795654297,1,7,CHIRPS Daily v2.0,Maharashtra,CHIRPS Rainfall
2025-08-13,2025-08-20,33.0,2025,P026,20.838939908121294,76.39311412898633,Buldana,normal,statewide,107.98603534698486,1,7,CHIRPS Daily v2.0,Maharashtra,CHIRPS Rainfall
2025-08-13,2025-08-20,33.0,2025,P027,20.657476790751314,76.48742857536776,Buldana,normal,statewide,101.5392541885376,1,7,CHIRPS Daily v2.0,Maharashtra,CHIRPS Rainfall
2025-08-13,2025-08-20,33.0,2025,P028,20.47967013624516,76.10222021266374,Buldana,normal,statewide,148.03186130523682,1,7,CHIRPS Daily v2.0,Maharashtra,CHIRPS Rainfall
2025-08-13,2025-08-20,33.0,2025,P029,20.32317798477448,79.92829390325927,Chandrapur,normal,statewide,271.49059677124023,1,7,CHIRPS Daily v2.0,Maharashtra,CHIRPS Rainfall
2025-08-13,2025-08-20,33.0,2025,P030,20.60872097983294,79.36304041732026,Chandrapur,normal,statewide,214.38239288330078,1,7,CHIRPS Daily v2.0,Maharashtra,CHIRPS Rainfall
2025-08-13,2025-08-20,33.0,2025,P031,20.511160307884595,79.64732594588165,Chandrapur,normal,statewide,269.97158432006836,1,7,CHIRPS Daily v2.0,Maharashtra,CHIRPS Rainfall
2025-08-13,2025-08-20,33.0,2025,P032,20.598621115946884,79.74569817422172,Chandrapur,normal,statewide,239.5873203277588,1,7,CHIRPS Daily v2.0,Maharashtra,CHIRPS Rainfall
2025-08-13,2025-08-20,33.0,2025,P033,21.38667804512237,75.14422248324037,Dhule,normal,statewide,97.71960830688477,1,7,CHIRPS Daily v2.0,Maharashtra,CHIRPS Rainfall
2025-08-13,2025-08-20,33.0,2025,P034,21.025151968113196,74.75989256344387,Dhule,normal,statewide,120.36614561080933,1,7,CHIRPS Daily v2.0,Maharashtra,CHIRPS Rainfall
2025-08-13,2025-08-20,33.0,2025,P035,21.477028350667293,74.85568743137505,Dhule,normal,statewide,117.04585027694702,1,7,CHIRPS Daily v2.0,Maharashtra,CHIRPS Rainfall
2025-08-13,2025-08-20,33.0,2025,P036,20.933820660336515,74.37533522949364,Dhule,normal,statewide,134.40067100524902,1,7,CHIRPS Daily v2.0,Maharashtra,CHIRPS Rainfall
2025-08-13,2025-08-20,33.0,2025,P037,19.963056524597132,79.91698116388667,Garhchiroli,normal,statewide,283.81009101867676,1,7,CHIRPS Daily v2.0,Maharashtra,CHIRPS Rainfall
2025-08-13,2025-08-20,33.0,2025,P038,19.062661462582188,79.88977172925856,Garhchiroli,normal,statewide,244.6046848297119,1,7,CHIRPS Daily v2.0,Maharashtra,CHIRPS Rainfall
2025-08-13,2025-08-20,33.0,2025,P039,19.510270485428137,79.9981368030594,Garhchiroli,normal,statewide,319.33203506469727,1,7,CHIRPS Daily v2.0,Maharashtra,CHIRPS Rainfall
2025-08-13,2025-08-20,33.0,2025,P040,19.870365190999156,80.00935144220881,Garhchiroli,normal,statewide,300.96330642700195,1,7,CHIRPS Daily v2.0,Maharashtra,CHIRPS Rainfall
2025-08-13,2025-08-20,33.0,2025,P041,21.127639946725598,80.1465044724107,Gondiya,normal,statewide,178.36066722869873,1,7,CHIRPS Daily v2.0,Maharashtra,CHIRPS Rainfall
2025-08-13,2025-08-20,33.0,2025,P042,21.397598383602258,80.15591763473452,Gondiya,normal,statewide,200.03600406646729,1,7,CHIRPS Daily v2.0,Maharashtra,CHIRPS Rainfall
2025-08-13,2025-08-20,33.0,2025,P043,21.574548890706154,80.25847249986273,Gondiya,normal,statewide,146.66797828674316,1,7,CHIRPS Daily v2.0,Maharashtra,CHIRPS Rainfall
2025-08-13,2025-08-20,33.0,2025,P044,21.211649410572516,80.34153217518526,Gondiya,normal,statewide,181.17102336883545,1,7,CHIRPS Daily v2.0,Maharashtra,CHIRPS Rainfall
2025-08-13,2025-08-20,33.0,2025,P045,19.655900266732623,77.2407892392464,Hingoli,normal,statewide,204.11713027954102,1,7,CHIRPS Daily v2.0,Maharashtra,CHIRPS Rainfall
2025-08-13,2025-08-20,33.0,2025,P046,19.566758377573187,77.1442675378435,Hingoli,normal,statewide,210.65322828292847,1,7,CHIRPS Daily v2.0,Maharashtra,CHIRPS Rainfall
2025-08-13,2025-08-20,33.0,2025,P047,19.47860194974656,76.9526242927685,Hingoli,normal,statewide,191.08418321609497,1,7,CHIRPS Daily v2.0,Maharashtra,CHIRPS Rainfall
2025-08-13,2025-08-20,33.0,2025,P048,19.927981235710728,77.14910120338544,Hingoli,normal,statewide,200.6544098854065,1,7,CHIRPS Daily v2.0,Maharashtra,CHIRPS Rainfall
2025-08-13,2025-08-20,33.0,2025,P049,21.292738163229433,76.10816865346904,Jalgaon,normal,statewide,127.54589653015137,1,7,CHIRPS Daily v2.0,Maharashtra,CHIRPS Rainfall
2025-08-13,2025-08-20,33.0,2025,P050,21.386178625804387,75.43363151891216,Jalgaon,normal,statewide,117.87790775299072,1,7,CHIRPS Daily v2.0,Maharashtra,CHIRPS Rainfall
2025-08-13,2025-08-20,33.0,2025,P051,21.112064306745907,76.10682200495089,Jalgaon,normal,statewide,134.5597858428955,1,7,CHIRPS Daily v2.0,Maharashtra,CHIRPS Rainfall
2025-08-13,2025-08-20,33.0,2025,P052,20.844437979720194,75.23982115072519,Jalgaon,normal,statewide,77.77099514007568,1,7,CHIRPS Daily v2.0,Maharashtra,CHIRPS Rainfall
2025-08-13,2025-08-20,33.0,2025,P053,19.486369703781666,76.00005328932718,Jalna,normal,statewide,144.59870314598083,1,7,CHIRPS Daily v2.0,Maharashtra,CHIRPS Rainfall
2025-08-13,2025-08-20,33.0,2025,P054,20.028502750758555,76.00343774702675,Jalna,normal,statewide,193.6376075744629,1,7,CHIRPS Daily v2.0,Maharashtra,CHIRPS Rainfall
2025-08-13,2025-08-20,33.0,2025,P055,19.75743845682064,76.00172991132328,Jalna,normal,statewide,167.78030562400818,1,7,CHIRPS Daily v2.0,Maharashtra,CHIRPS Rainfall
2025-08-13,2025-08-20,33.0,2025,P056,19.57768317515413,75.80993951591351,Jalna,normal,statewide,154.00992012023926,1,7,CHIRPS Daily v2.0,Maharashtra,CHIRPS Rainfall
2025-08-13,2025-08-20,33.0,2025,P057,16.776377793156257,74.29671235971928,Kolhapur,normal,statewide,111.83462905883789,1,7,CHIRPS Daily v2.0,Maharashtra,CHIRPS Rainfall
2025-08-13,2025-08-20,33.0,2025,P058,16.324416687682138,74.29834884980589,Kolhapur,normal,statewide,171.44985580444336,1,7,CHIRPS Daily v2.0,Maharashtra,CHIRPS Rainfall
2025-08-13,2025-08-20,33.0,2025,P059,16.595891218916975,74.39111598812178,Kolhapur,normal,statewide,66.60656356811523,1,7,CHIRPS Daily v2.0,Maharashtra,CHIRPS Rainfall
2025-08-13,2025-08-20,33.0,2025,P060,16.414811584237594,74.29802779453004,Kolhapur,normal,statewide,149.40684127807617,1,7,CHIRPS Daily v2.0,Maharashtra,CHIRPS Rainfall
2025-08-13,2025-08-20,33.0,2025,P086,21.054127206758487,79.56798961993874,Nagpur,normal,statewide,175.6532039642334,1,7,CHIRPS Daily v2.0,Maharashtra,CHIRPS Rainfall
2025-08-13,2025-08-20,33.0,2025,P087,21.146765031143822,79.47473643960802,Nagpur,normal,statewide,152.2142791748047,1,7,CHIRPS Daily v2.0,Maharashtra,CHIRPS Rainfall
2025-08-13,2025-08-20,33.0,2025,P088,21.347803602138427,78.61442869606356,Nagpur,normal,statewide,134.4474582672119,1,7,CHIRPS Daily v2.0,Maharashtra,CHIRPS Rainfall
2025-08-13,2025-08-20,33.0,2025,P089,21.165377318940912,78.70615240473293,Nagpur,normal,statewide,166.2886962890625,1,7,CHIRPS Daily v2.0,Maharashtra,CHIRPS Rainfall
2025-08-13,2025-08-20,33.0,2025,P090,19.201968238592887,77.42470040309472,Nanded,normal,statewide,193.29140853881836,1,7,CHIRPS Daily v2.0,Maharashtra,CHIRPS Rainfall
2025-08-13,2025-08-20,33.0,2025,P091,18.566038000956755,77.69963965584807,Nanded,normal,statewide,135.85859298706055,1,7,CHIRPS Daily v2.0,Maharashtra,CHIRPS Rainfall
2025-08-13,2025-08-20,33.0,2025,P092,19.736596618496833,77.90946265591798,Nanded,normal,statewide,292.2968645095825,1,7,CHIRPS Daily v2.0,Maharashtra,CHIRPS Rainfall
2025-08-13,2025-08-20,33.0,2025,P093,18.93564842817583,77.04115528508362,Nanded,normal,statewide,151.13867664337158,1,7,CHIRPS Daily v2.0,Maharashtra,CHIRPS Rainfall
2025-08-13,2025-08-20,33.0,2025,P094,21.564917232430716,74.08292967791392,Nandurbar,normal,statewide,145.51394271850586,1,7,CHIRPS Daily v2.0,Maharashtra,CHIRPS Rainfall
2025-08-13,2025-08-20,33.0,2025,P095,21.5662594218478,74.37266422796263,Nandurbar,normal,statewide,145.65790176391602,1,7,CHIRPS Daily v2.0,Maharashtra,CHIRPS Rainfall
2025-08-13,2025-08-20,33.0,2025,P096,21.385179787168415,74.27697637845674,Nandurbar,normal,statewide,133.63360214233398,1,7,CHIRPS Daily v2.0,Maharashtra,CHIRPS Rainfall
2025-08-13,2025-08-20,33.0,2025,P097,21.565421110849755,74.17950488852946,Nandurbar,normal,statewide,129.48375606536865,1,7,CHIRPS Daily v2.0,Maharashtra,CHIRPS Rainfall
2025-08-13,2025-08-20,33.0,2025,P098,20.299553667393326,73.99482675929994,Nashik,normal,statewide,107.8673038482666,1,7,CHIRPS Daily v2.0,Maharashtra,CHIRPS Rainfall
2025-08-13,2025-08-20,33.0,2025,P099,20.120253214034264,74.28296495117151,Nashik,normal,statewide,114.77496528625488,1,7,CHIRPS Daily v2.0,Maharashtra,CHIRPS Rainfall
2025-08-13,2025-08-20,33.0,2025,P100,20.389903972938242,73.99424261706194,Nashik,normal,statewide,89.97743082046509,1,7,CHIRPS Daily v2.0,Maharashtra,CHIRPS Rainfall
2025-08-13,2025-08-20,33.0,2025,P101,20.029015547379707,74.09216447619562,Nashik,normal,statewide,126.3157377243042,1,7,CHIRPS Daily v2.0,Maharashtra,CHIRPS Rainfall
2025-08-13,2025-08-20,33.0,2025,P102,17.85749130266526,76.36802722645965,Osmanabad,normal,statewide,100.70419120788574,1,7,CHIRPS Daily v2.0,Maharashtra,CHIRPS Rainfall
2025-08-13,2025-08-20,33.0,2025,P103,17.76644983645705,76.46164605307673,Osmanabad,normal,statewide,122.44420337677002,1,7,CHIRPS Daily v2.0,Maharashtra,CHIRPS Rainfall
2025-08-13,2025-08-20,33.0,2025,P104,17.949094615606196,76.17989775301476,Osmanabad,normal,statewide,107.47012138366699,1,7,CHIRPS Daily v2.0,Maharashtra,CHIRPS Rainfall
2025-08-13,2025-08-20,33.0,2025,P105,18.584360447185368,75.61558067829696,Osmanabad,normal,statewide,93.14041185379028,1,7,CHIRPS Daily v2.0,Maharashtra,CHIRPS Rainfall
2025-08-13,2025-08-20,33.0,2025,P106,19.031389786894366,76.47235681380711,Parbhani,normal,statewide,157.42012071609497,1,7,CHIRPS Daily v2.0,Maharashtra,CHIRPS Rainfall
2025-08-13,2025-08-20,33.0,2025,P107,19.120950831552832,76.56820519095093,Parbhani,normal,statewide,171.70345830917358,1,7,CHIRPS Daily v2.0,Maharashtra,CHIRPS Rainfall
2025-08-13,2025-08-20,33.0,2025,P108,19.208625676465683,76.85432786914635,Parbhani,normal,statewide,200.2215747833252,1,7,CHIRPS Daily v2.0,Maharashtra,CHIRPS Rainfall
2025-08-13,2025-08-20,33.0,2025,P109,19.212081479782103,76.47396209018636,Parbhani,normal,statewide,159.79986238479614,1,7,CHIRPS Daily v2.0,Maharashtra,CHIRPS Rainfall
2025-08-13,2025-08-20,33.0,2025,P110,18.133442771357757,75.04679558432363,Pune,normal,statewide,48.157203674316406,1,7,CHIRPS Daily v2.0,Maharashtra,CHIRPS Rainfall
2025-08-13,2025-08-20,33.0,2025,P111,18.584645829652782,74.47919215212944,Pune,normal,statewide,101.40754127502441,1,7,CHIRPS Daily v2.0,Maharashtra,CHIRPS Rainfall
2025-08-13,2025-08-20,33.0,2025,P112,18.132979024848197,74.57507620208169,Pune,normal,statewide,60.8765082359314,1,7,CHIRPS Daily v2.0,Maharashtra,CHIRPS Rainfall
2025-08-13,2025-08-20,33.0,2025,P113,18.314072036830744,74.76389683618987,Pune,normal,statewide,84.45014476776123,1,7,CHIRPS Daily v2.0,Maharashtra,CHIRPS Rainfall
2025-08-13,2025-08-20,33.0,2025,P114,18.48503397121986,73.0589238755964,Raigarh,normal,statewide,459.03515243530273,1,7,CHIRPS Daily v2.0,Maharashtra,CHIRPS Rainfall
2025-08-13,2025-08-20,33.0,2025,P115,18.665689991299164,73.05687714821288,Raigarh,normal,statewide,509.45730209350586,1,7,CHIRPS Daily v2.0,Maharashtra,CHIRPS Rainfall
2025-08-13,2025-08-20,33.0,2025,P116,18.306197264370358,73.25009891506079,Raigarh,normal,statewide,406.3165588378906,1,7,CHIRPS Daily v2.0,Maharashtra,CHIRPS Rainfall
2025-08-13,2025-08-20,33.0,2025,P117,18.21404102289879,73.06194714611064,Raigarh,normal,statewide,432.363094329834,1,7,CHIRPS Daily v2.0,Maharashtra,CHIRPS Rainfall
2025-08-13,2025-08-20,33.0,2025,P118,17.138719885658215,75.42259970290594,Sangli,normal,statewide,28.270259380340576,1,7,CHIRPS Daily v2.0,Maharashtra,CHIRPS Rainfall
2025-08-13,2025-08-20,33.0,2025,P119,17.048761981005992,74.95348443567921,Sangli,normal,statewide,40.22597026824951,1,7,CHIRPS Daily v2.0,Maharashtra,CHIRPS Rainfall
2025-08-13,2025-08-20,33.0,2025,P120,16.86707144948229,74.39025538161847,Sangli,normal,statewide,64.5437240600586,1,7,CHIRPS Daily v2.0,Maharashtra,CHIRPS Rainfall
2025-08-13,2025-08-20,33.0,2025,P121,17.048503353144895,74.67157114887826,Sangli,normal,statewide,48.536877155303955,1,7,CHIRPS Daily v2.0,Maharashtra,CHIRPS Rainfall
2025-08-13,2025-08-20,33.0,2025,P148,17.67852974098626,76.08383979812143,Solapur,normal,statewide,92.51377391815186,1,7,CHIRPS Daily v2.0,Maharashtra,CHIRPS Rainfall
2025-08-13,2025-08-20,33.0,2025,P149,18.223365003201543,75.4251413905064,Solapur,normal,statewide,75.15389823913574,1,7,CHIRPS Daily v2.0,Maharashtra,CHIRPS Rainfall
2025-08-13,2025-08-20,33.0,2025,P150,17.952532582518405,75.23562067753285,Solapur,normal,statewide,43.119295835494995,1,7,CHIRPS Daily v2.0,Maharashtra,CHIRPS Rainfall
2025-08-13,2025-08-20,33.0,2025,P151,18.223690517578447,75.23598186471818,Solapur,normal,statewide,68.86338186264038,1,7,CHIRPS Daily v2.0,Maharashtra,CHIRPS Rainfall
2025-08-13,2025-08-20,33.0,2025,P152,19.658178867370932,72.94986318203122,Thane,normal,statewide,483.74920654296875,1,7,CHIRPS Daily v2.0,Maharashtra,CHIRPS Rainfall
2025-08-13,2025-08-20,33.0,2025,P153,19.65706409210757,72.8545320606096,Thane,normal,statewide,517.8874626159668,1,7,CHIRPS Daily v2.0,Maharashtra,CHIRPS Rainfall
2025-08-13,2025-08-20,33.0,2025,P154,19.477549601897948,72.95214624177059,Thane,normal,statewide,456.44754791259766,1,7,CHIRPS Daily v2.0,Maharashtra,CHIRPS Rainfall
2025-08-13,2025-08-20,33.0,2025,P155,19.83987385799569,73.0429959666335,Thane,normal,statewide,416.82176208496094,1,7,CHIRPS Daily v2.0,Maharashtra,CHIRPS Rainfall
2025-08-13,2025-08-20,33.0,2025,P156,20.806749657616468,78.60135461177485,Wardha,normal,statewide,155.27509260177612,1,7,CHIRPS Daily v2.0,Maharashtra,CHIRPS Rainfall
2025-08-13,2025-08-20,33.0,2025,P157,20.71031267913359,78.88671032458906,Wardha,normal,statewide,163.74538564682007,1,7,CHIRPS Daily v2.0,Maharashtra,CHIRPS Rainfall
2025-08-13,2025-08-20,33.0,2025,P158,21.081265295769754,78.41565980750515,Wardha,normal,statewide,147.59040069580078,1,7,CHIRPS Daily v2.0,Maharashtra,CHIRPS Rainfall
2025-08-13,2025-08-20,33.0,2025,P159,20.439854822938944,78.87986114537097,Wardha,normal,statewide,201.20941352844238,1,7,CHIRPS Daily v2.0,Maharashtra,CHIRPS Rainfall
2025-08-13,2025-08-20,33.0,2025,P160,20.289186257444058,77.15404188735265,Washim,normal,statewide,174.2016282081604,1,7,CHIRPS Daily v2.0,Maharashtra,CHIRPS Rainfall
2025-08-13,2025-08-20,33.0,2025,P161,20.464607292886615,77.53975858757677,Washim,normal,statewide,157.38624572753906,1,7,CHIRPS Daily v2.0,Maharashtra,CHIRPS Rainfall
2025-08-13,2025-08-20,33.0,2025,P162,20.107393166596125,77.2471479173486,Washim,normal,statewide,184.30277252197266,1,7,CHIRPS Daily v2.0,Maharashtra,CHIRPS Rainfall
2025-08-13,2025-08-20,33.0,2025,P163,20.198885002010726,77.1527933390577,Washim,normal,statewide,169.4704065322876,1,7,CHIRPS Daily v2.0,Maharashtra,CHIRPS Rainfall
2025-08-13,2025-08-20,33.0,2025,P164,20.182854533723592,78.20447678161395,Yavatmal,normal,statewide,218.83313846588135,1,7,CHIRPS Daily v2.0,Maharashtra,CHIRPS Rainfall
2025-08-13,2025-08-20,33.0,2025,P165,19.894658373538324,79.05709703494229,Yavatmal,normal,statewide,262.26523780822754,1,7,CHIRPS Daily v2.0,Maharashtra,CHIRPS Rainfall
2025-08-13,2025-08-20,33.0,2025,P166,19.468787468327925,77.71426550730338,Yavatmal,normal,statewide,206.869291305542,1,7,CHIRPS Daily v2.0,Maharashtra,CHIRPS Rainfall
2025-08-13,2025-08-20,33.0,2025,P167,19.559057510053886,77.71577268345945,Yavatmal,normal,statewide,247.24608087539673,1,7,CHIRPS Daily v2.0,Maharashtra,CHIRPS Rainfall
2025-08-20,2025-08-27,34.0,2025,P147,17.927231643141155,73.94769852026607,Satara,case_study,case_study,0.0,1,7,CHIRPS Daily v2.0,Maharashtra,CHIRPS Rainfall
2025-08-20,2025-08-27,34.0,2025,P061,18.507855650411397,76.91766048140843,Latur,high,priority,0.0,1,7,CHIRPS Daily v2.0,Maharashtra,CHIRPS Rainfall
2025-08-20,2025-08-27,34.0,2025,P062,18.422405896924207,76.3487594508077,Latur,high,priority,8.988311767578125,1,7,CHIRPS Daily v2.0,Maharashtra,CHIRPS Rainfall
2025-08-20,2025-08-27,34.0,2025,P063,18.235391198742693,77.05646783810116,Latur,high,priority,11.143542289733887,1,7,CHIRPS Daily v2.0,Maharashtra,CHIRPS Rainfall
2025-08-20,2025-08-27,34.0,2025,P064,18.193056493341274,76.77240080549139,Latur,high,priority,18.380332946777344,1,7,CHIRPS Daily v2.0,Maharashtra,CHIRPS Rainfall
2025-08-20,2025-08-27,34.0,2025,P065,18.331355512513895,76.44266811899327,Latur,high,priority,14.510085582733154,1,7,CHIRPS Daily v2.0,Maharashtra,CHIRPS Rainfall
2025-08-20,2025-08-27,34.0,2025,P066,18.104739537876725,76.5352970251765,Latur,high,priority,15.068723678588867,1,7,CHIRPS Daily v2.0,Maharashtra,CHIRPS Rainfall
2025-08-20,2025-08-27,34.0,2025,P067,18.280552974211986,77.0569984711265,Latur,high,priority,11.053947448730469,1,7,CHIRPS Daily v2.0,Maharashtra,CHIRPS Rainfall
2025-08-20,2025-08-27,34.0,2025,P068,18.101823285787773,76.86595720469373,Latur,high,priority,17.48008155822754,1,7,CHIRPS Daily v2.0,Maharashtra,CHIRPS Rainfall
2025-08-20,2025-08-27,34.0,2025,P069,18.595075667016793,77.20284228928156,Latur,high,priority,8.893263816833496,1,7,CHIRPS Daily v2.0,Maharashtra,CHIRPS Rainfall
2025-08-20,2025-08-27,34.0,2025,P070,18.41499041187233,77.15322587185987,Latur,high,priority,0.0,1,7,CHIRPS Daily v2.0,Maharashtra,CHIRPS Rainfall
2025-08-20,2025-08-27,34.0,2025,P071,18.149138807065885,76.63019561379593,Latur,high,priority,17.34358024597168,1,7,CHIRPS Daily v2.0,Maharashtra,CHIRPS Rainfall
2025-08-20,2025-08-27,34.0,2025,P072,18.283393421583035,76.77331492120734,Latur,high,priority,17.917741775512695,1,7,CHIRPS Daily v2.0,Maharashtra,CHIRPS Rainfall
2025-08-20,2025-08-27,34.0,2025,P073,17.966315663874607,76.86453029235662,Latur,high,priority,16.27486228942871,1,7,CHIRPS Daily v2.0,Maharashtra,CHIRPS Rainfall
2025-08-20,2025-08-27,34.0,2025,P074,18.50832831512306,76.870318205524,Latur,high,priority,0.0,1,7,CHIRPS Daily v2.0,Maharashtra,CHIRPS Rainfall
2025-08-20,2025-08-27,34.0,2025,P075,18.41444640154381,77.20053247493588,Latur,high,priority,0.0,1,7,CHIRPS Daily v2.0,Maharashtra,CHIRPS Rainfall
2025-08-20,2025-08-27,34.0,2025,P076,18.377877313804504,76.25376722106614,Latur,high,priority,9.626901507377625,1,7,CHIRPS Daily v2.0,Maharashtra,CHIRPS Rainfall
2025-08-20,2025-08-27,34.0,2025,P077,18.059564385104267,76.5349046242838,Latur,high,priority,14.289666175842285,1,7,CHIRPS Daily v2.0,Maharashtra,CHIRPS Rainfall
2025-08-20,2025-08-27,34.0,2025,P078,18.1008824154655,76.96042326051098,Latur,high,priority,20.305679321289062,1,7,CHIRPS Daily v2.0,Maharashtra,CHIRPS Rainfall
2025-08-20,2025-08-27,34.0,2025,P079,18.73508698099394,76.77797468180819,Latur,high,priority,5.674365520477295,1,7,CHIRPS Daily v2.0,Maharashtra,CHIRPS Rainfall
2025-08-20,2025-08-27,34.0,2025,P080,18.46791548227568,76.3017694439065,Latur,high,priority,8.524734497070312,1,7,CHIRPS Daily v2.0,Maharashtra,CHIRPS Rainfall
2025-08-20,2025-08-27,34.0,2025,P081,18.10355787609756,76.67701617485712,Latur,high,priority,17.42432403564453,1,7,CHIRPS Daily v2.0,Maharashtra,CHIRPS Rainfall
2025-08-20,2025-08-27,34.0,2025,P082,18.23907887531389,76.67830931416262,Latur,high,priority,25.13193702697754,1,7,CHIRPS Daily v2.0,Maharashtra,CHIRPS Rainfall
2025-08-20,2025-08-27,34.0,2025,P083,18.369289085175563,77.19996171000103,Latur,high,priority,11.43671989440918,1,7,CHIRPS Daily v2.0,Maharashtra,CHIRPS Rainfall
2025-08-20,2025-08-27,34.0,2025,P084,18.46362582706226,76.82249880582684,Latur,high,priority,0.0,1,7,CHIRPS Daily v2.0,Maharashtra,CHIRPS Rainfall
2025-08-20,2025-08-27,34.0,2025,P085,18.14788579966987,76.77194597718393,Latur,high,priority,17.877029418945312,1,7,CHIRPS Daily v2.0,Maharashtra,CHIRPS Rainfall
2025-08-20,2025-08-27,34.0,2025,P122,17.88145897082753,73.8441448165019,Satara,high,priority,0.0,1,7,CHIRPS Daily v2.0,Maharashtra,CHIRPS Rainfall
2025-08-20,2025-08-27,34.0,2025,P123,17.386414030975025,74.27088970551878,Satara,high,priority,0.0,1,7,CHIRPS Daily v2.0,Maharashtra,CHIRPS Rainfall
2025-08-20,2025-08-27,34.0,2025,P124,17.43262815429294,74.647353771057,Satara,high,priority,6.938610076904297,1,7,CHIRPS Daily v2.0,Maharashtra,CHIRPS Rainfall
2025-08-20,2025-08-27,34.0,2025,P125,17.56734651531964,74.31728219287884,Satara,high,priority,0.0,1,7,CHIRPS Daily v2.0,Maharashtra,CHIRPS Rainfall
2025-08-20,2025-08-27,34.0,2025,P126,17.205080227535593,74.13053949986157,Satara,high,priority,20.08136749267578,1,7,CHIRPS Daily v2.0,Maharashtra,CHIRPS Rainfall
2025-08-20,2025-08-27,34.0,2025,P127,17.65773249367299,74.31694330119876,Satara,high,priority,0.0,1,7,CHIRPS Daily v2.0,Maharashtra,CHIRPS Rainfall
2025-08-20,2025-08-27,34.0,2025,P128,18.019949731345452,74.5517328080669,Satara,high,priority,0.0,1,7,CHIRPS Daily v2.0,Maharashtra,CHIRPS Rainfall
2025-08-20,2025-08-27,34.0,2025,P129,18.063234225271252,74.03192648006461,Satara,high,priority,0.0,1,7,CHIRPS Daily v2.0,Maharashtra,CHIRPS Rainfall
2025-08-20,2025-08-27,34.0,2025,P130,17.61135784271715,74.03436560834085,Satara,high,priority,0.0,1,7,CHIRPS Daily v2.0,Maharashtra,CHIRPS Rainfall
2025-08-20,2025-08-27,34.0,2025,P131,17.612539504496315,74.3171127470388,Satara,high,priority,0.0,1,7,CHIRPS Daily v2.0,Maharashtra,CHIRPS Rainfall
2025-08-20,2025-08-27,34.0,2025,P132,17.702176353872684,74.12817617630324,Satara,high,priority,19.87139892578125,1,7,CHIRPS Daily v2.0,Maharashtra,CHIRPS Rainfall
2025-08-20,2025-08-27,34.0,2025,P133,17.25006363896275,74.08329532420031,Satara,high,priority,0.0,1,7,CHIRPS Daily v2.0,Maharashtra,CHIRPS Rainfall
2025-08-20,2025-08-27,34.0,2025,P134,17.476429903940936,74.17634784498362,Satara,high,priority,0.0,1,7,CHIRPS Daily v2.0,Maharashtra,CHIRPS Rainfall
2025-08-20,2025-08-27,34.0,2025,P135,17.882716437324603,74.0801070669471,Satara,high,priority,0.0,1,7,CHIRPS Daily v2.0,Maharashtra,CHIRPS Rainfall
2025-08-20,2025-08-27,34.0,2025,P136,17.928520323345598,74.22149178404871,Satara,high,priority,0.0,1,7,CHIRPS Daily v2.0,Maharashtra,CHIRPS Rainfall
2025-08-20,2025-08-27,34.0,2025,P137,17.746687100588183,73.98648378122894,Satara,high,priority,23.45210838317871,1,7,CHIRPS Daily v2.0,Maharashtra,CHIRPS Rainfall
2025-08-20,2025-08-27,34.0,2025,P138,17.61269557303319,74.36423652697161,Satara,high,priority,0.0,1,7,CHIRPS Daily v2.0,Maharashtra,CHIRPS Rainfall
2025-08-20,2025-08-27,34.0,2025,P139,17.656773786946495,74.08126197411994,Satara,high,priority,18.947113037109375,1,7,CHIRPS Daily v2.0,Maharashtra,CHIRPS Rainfall
2025-08-20,2025-08-27,34.0,2025,P140,17.97464080554139,74.50462240543725,Satara,high,priority,0.0,1,7,CHIRPS Daily v2.0,Maharashtra,CHIRPS Rainfall
2025-08-20,2025-08-27,34.0,2025,P141,17.430826677467348,74.08239904488856,Satara,high,priority,0.0,1,7,CHIRPS Daily v2.0,Maharashtra,CHIRPS Rainfall
2025-08-20,2025-08-27,34.0,2025,P142,18.064447100757786,74.31538707493111,Satara,high,priority,0.0,1,7,CHIRPS Daily v2.0,Maharashtra,CHIRPS Rainfall
2025-08-20,2025-08-27,34.0,2025,P143,17.70379500755509,74.6468275971327,Satara,high,priority,9.915776252746582,1,7,CHIRPS Daily v2.0,Maharashtra,CHIRPS Rainfall
2025-08-20,2025-08-27,34.0,2025,P144,17.929452275465767,74.50474726026674,Satara,high,priority,14.16758108139038,1,7,CHIRPS Daily v2.0,Maharashtra,CHIRPS Rainfall
2025-08-20,2025-08-27,34.0,2025,P145,17.47773196144854,74.60017202281048,Satara,high,priority,0.0,1,7,CHIRPS Daily v2.0,Maharashtra,CHIRPS Rainfall
2025-08-20,2025-08-27,34.0,2025,P146,17.839182233739812,74.55218763637436,Satara,high,priority,8.734349250793457,1,7,CHIRPS Daily v2.0,Maharashtra,CHIRPS Rainfall
2025-08-20,2025-08-27,34.0,2025,P001,19.940457800458272,74.57045211428928,Ahmednagar,normal,statewide,0.0,1,7,CHIRPS Daily v2.0,Maharashtra,CHIRPS Rainfall
2025-08-20,2025-08-27,34.0,2025,P002,18.946729294293643,74.76302285238339,Ahmednagar,normal,statewide,0.0,1,7,CHIRPS Daily v2.0,Maharashtra,CHIRPS Rainfall
2025-08-20,2025-08-27,34.0,2025,P003,18.49469238410162,74.66892244285252,Ahmednagar,normal,statewide,0.0,1,7,CHIRPS Daily v2.0,Maharashtra,CHIRPS Rainfall
2025-08-20,2025-08-27,34.0,2025,P004,19.03720445466806,75.1420731965326,Ahmednagar,normal,statewide,0.0,1,7,CHIRPS Daily v2.0,Maharashtra,CHIRPS Rainfall
2025-08-20,2025-08-27,34.0,2025,P005,20.832153156317954,77.06560453615967,Akola,normal,statewide,29.757179737091064,1,7,CHIRPS Daily v2.0,Maharashtra,CHIRPS Rainfall
2025-08-20,2025-08-27,34.0,2025,P006,20.834360411339407,76.87349308547405,Akola,normal,statewide,19.733155727386475,1,7,CHIRPS Daily v2.0,Maharashtra,CHIRPS Rainfall
2025-08-20,2025-08-27,34.0,2025,P007,21.014976299509232,76.87574047240498,Akola,normal,statewide,33.755858421325684,1,7,CHIRPS Daily v2.0,Maharashtra,CHIRPS Rainfall
2025-08-20,2025-08-27,34.0,2025,P008,20.828434266039377,77.35372489162701,Akola,normal,statewide,35.7277455329895,1,7,CHIRPS Daily v2.0,Maharashtra,CHIRPS Rainfall
2025-08-20,2025-08-27,34.0,2025,P009,21.360971327549258,77.94039543992572,Amravati,normal,statewide,65.5820140838623,1,7,CHIRPS Daily v2.0,Maharashtra,CHIRPS Rainfall
2025-08-20,2025-08-27,34.0,2025,P010,21.178803672212837,78.03301542790685,Amravati,normal,statewide,61.28596210479736,1,7,CHIRPS Daily v2.0,Maharashtra,CHIRPS Rainfall
2025-08-20,2025-08-27,34.0,2025,P011,20.814388097721018,78.21764450702477,Amravati,normal,statewide,73.63301610946655,1,7,CHIRPS Daily v2.0,Maharashtra,CHIRPS Rainfall
2025-08-20,2025-08-27,34.0,2025,P012,21.180502589714195,77.93681032267875,Amravati,normal,statewide,57.73855209350586,1,7,CHIRPS Daily v2.0,Maharashtra,CHIRPS Rainfall
2025-08-20,2025-08-27,34.0,2025,P013,20.031289688916964,74.8570519162974,Aurangabad,normal,statewide,0.0,1,7,CHIRPS Daily v2.0,Maharashtra,CHIRPS Rainfall
2025-08-20,2025-08-27,34.0,2025,P014,19.760185263069562,75.14270192978114,Aurangabad,normal,statewide,5.4544854164123535,1,7,CHIRPS Daily v2.0,Maharashtra,CHIRPS Rainfall
2025-08-20,2025-08-27,34.0,2025,P015,19.9408189876436,74.76157364454102,Aurangabad,normal,statewide,0.0,1,7,CHIRPS Daily v2.0,Maharashtra,CHIRPS Rainfall
2025-08-20,2025-08-27,34.0,2025,P016,19.66981712112043,75.14262166596218,Aurangabad,normal,statewide,3.514690637588501,1,7,CHIRPS Daily v2.0,Maharashtra,CHIRPS Rainfall
2025-08-20,2025-08-27,34.0,2025,P017,21.04613203856966,79.85576216552393,Bhandara,normal,statewide,81.30488204956055,1,7,CHIRPS Daily v2.0,Maharashtra,CHIRPS Rainfall
2025-08-20,2025-08-27,34.0,2025,P018,21.31897105472685,79.76852877161537,Bhandara,normal,statewide,95.7437744140625,1,7,CHIRPS Daily v2.0,Maharashtra,CHIRPS Rainfall
2025-08-20,2025-08-27,34.0,2025,P019,21.40900922319803,79.77144948280537,Bhandara,normal,statewide,100.59610366821289,1,7,CHIRPS Daily v2.0,Maharashtra,CHIRPS Rainfall
2025-08-20,2025-08-27,34.0,2025,P020,21.144196588937042,79.57074980349083,Bhandara,normal,statewide,88.60003471374512,1,7,CHIRPS Daily v2.0,Maharashtra,CHIRPS Rainfall
2025-08-20,2025-08-27,34.0,2025,P021,18.67502288980403,75.52108340877234,Bid,normal,statewide,0.0,1,7,CHIRPS Daily v2.0,Maharashtra,CHIRPS Rainfall
2025-08-20,2025-08-27,34.0,2025,P022,18.856499384477168,75.04699178476999,Bid,normal,statewide,0.0,1,7,CHIRPS Daily v2.0,Maharashtra,CHIRPS Rainfall
2025-08-20,2025-08-27,34.0,2025,P023,19.126596053486494,75.6175605191647,Bid,normal,statewide,6.920938968658447,1,7,CHIRPS Daily v2.0,Maharashtra,CHIRPS Rainfall
2025-08-20,2025-08-27,34.0,2025,P024,18.763955201213946,75.90084720909012,Bid,normal,statewide,14.42284870147705,1,7,CHIRPS Daily v2.0,Maharashtra,CHIRPS Rainfall
2025-08-20,2025-08-27,34.0,2025,P025,20.93073496240753,76.20164478885242,Buldana,normal,statewide,0.0,1,7,CHIRPS Daily v2.0,Maharashtra,CHIRPS Rainfall
2025-08-20,2025-08-27,34.0,2025,P026,20.838939908121294,76.39311412898633,Buldana,normal,statewide,0.0,1,7,CHIRPS Daily v2.0,Maharashtra,CHIRPS Rainfall
2025-08-20,2025-08-27,34.0,2025,P027,20.657476790751314,76.48742857536776,Buldana,normal,statewide,9.696642875671387,1,7,CHIRPS Daily v2.0,Maharashtra,CHIRPS Rainfall
2025-08-20,2025-08-27,34.0,2025,P028,20.47967013624516,76.10222021266374,Buldana,normal,statewide,7.782888889312744,1,7,CHIRPS Daily v2.0,Maharashtra,CHIRPS Rainfall
2025-08-20,2025-08-27,34.0,2025,P029,20.32317798477448,79.92829390325927,Chandrapur,normal,statewide,95.11027002334595,1,7,CHIRPS Daily v2.0,Maharashtra,CHIRPS Rainfall
2025-08-20,2025-08-27,34.0,2025,P030,20.60872097983294,79.36304041732026,Chandrapur,normal,statewide,77.15069389343262,1,7,CHIRPS Daily v2.0,Maharashtra,CHIRPS Rainfall
2025-08-20,2025-08-27,34.0,2025,P031,20.511160307884595,79.64732594588165,Chandrapur,normal,statewide,101.70359516143799,1,7,CHIRPS Daily v2.0,Maharashtra,CHIRPS Rainfall
2025-08-20,2025-08-27,34.0,2025,P032,20.598621115946884,79.74569817422172,Chandrapur,normal,statewide,75.953622341156,1,7,CHIRPS Daily v2.0,Maharashtra,CHIRPS Rainfall
2025-08-20,2025-08-27,34.0,2025,P033,21.38667804512237,75.14422248324037,Dhule,normal,statewide,21.61013126373291,1,7,CHIRPS Daily v2.0,Maharashtra,CHIRPS Rainfall
2025-08-20,2025-08-27,34.0,2025,P034,21.025151968113196,74.75989256344387,Dhule,normal,statewide,17.08041000366211,1,7,CHIRPS Daily v2.0,Maharashtra,CHIRPS Rainfall
2025-08-20,2025-08-27,34.0,2025,P035,21.477028350667293,74.85568743137505,Dhule,normal,statewide,15.64436960220337,1,7,CHIRPS Daily v2.0,Maharashtra,CHIRPS Rainfall
2025-08-20,2025-08-27,34.0,2025,P036,20.933820660336515,74.37533522949364,Dhule,normal,statewide,14.384225845336914,1,7,CHIRPS Daily v2.0,Maharashtra,CHIRPS Rainfall
2025-08-20,2025-08-27,34.0,2025,P037,19.963056524597132,79.91698116388667,Garhchiroli,normal,statewide,97.29363441467285,1,7,CHIRPS Daily v2.0,Maharashtra,CHIRPS Rainfall
2025-08-20,2025-08-27,34.0,2025,P038,19.062661462582188,79.88977172925856,Garhchiroli,normal,statewide,78.3285140991211,1,7,CHIRPS Daily v2.0,Maharashtra,CHIRPS Rainfall
2025-08-20,2025-08-27,34.0,2025,P039,19.510270485428137,79.9981368030594,Garhchiroli,normal,statewide,94.5202465057373,1,7,CHIRPS Daily v2.0,Maharashtra,CHIRPS Rainfall
2025-08-20,2025-08-27,34.0,2025,P040,19.870365190999156,80.00935144220881,Garhchiroli,normal,statewide,102.41136360168457,1,7,CHIRPS Daily v2.0,Maharashtra,CHIRPS Rainfall
2025-08-20,2025-08-27,34.0,2025,P041,21.127639946725598,80.1465044724107,Gondiya,normal,statewide,104.18284797668457,1,7,CHIRPS Daily v2.0,Maharashtra,CHIRPS Rainfall
2025-08-20,2025-08-27,34.0,2025,P042,21.397598383602258,80.15591763473452,Gondiya,normal,statewide,86.4664659500122,1,7,CHIRPS Daily v2.0,Maharashtra,CHIRPS Rainfall
2025-08-20,2025-08-27,34.0,2025,P043,21.574548890706154,80.25847249986273,Gondiya,normal,statewide,102.87623977661133,1,7,CHIRPS Daily v2.0,Maharashtra,CHIRPS Rainfall
2025-08-20,2025-08-27,34.0,2025,P044,21.211649410572516,80.34153217518526,Gondiya,normal,statewide,106.26131629943848,1,7,CHIRPS Daily v2.0,Maharashtra,CHIRPS Rainfall
2025-08-20,2025-08-27,34.0,2025,P045,19.655900266732623,77.2407892392464,Hingoli,normal,statewide,23.418503761291504,1,7,CHIRPS Daily v2.0,Maharashtra,CHIRPS Rainfall
2025-08-20,2025-08-27,34.0,2025,P046,19.566758377573187,77.1442675378435,Hingoli,normal,statewide,22.881211280822754,1,7,CHIRPS Daily v2.0,Maharashtra,CHIRPS Rainfall
2025-08-20,2025-08-27,34.0,2025,P047,19.47860194974656,76.9526242927685,Hingoli,normal,statewide,20.64778709411621,1,7,CHIRPS Daily v2.0,Maharashtra,CHIRPS Rainfall
2025-08-20,2025-08-27,34.0,2025,P048,19.927981235710728,77.14910120338544,Hingoli,normal,statewide,15.46129560470581,1,7,CHIRPS Daily v2.0,Maharashtra,CHIRPS Rainfall
2025-08-20,2025-08-27,34.0,2025,P049,21.292738163229433,76.10816865346904,Jalgaon,normal,statewide,34.520793437957764,1,7,CHIRPS Daily v2.0,Maharashtra,CHIRPS Rainfall
2025-08-20,2025-08-27,34.0,2025,P050,21.386178625804387,75.43363151891216,Jalgaon,normal,statewide,20.956225395202637,1,7,CHIRPS Daily v2.0,Maharashtra,CHIRPS Rainfall
2025-08-20,2025-08-27,34.0,2025,P051,21.112064306745907,76.10682200495089,Jalgaon,normal,statewide,28.381824493408203,1,7,CHIRPS Daily v2.0,Maharashtra,CHIRPS Rainfall
2025-08-20,2025-08-27,34.0,2025,P052,20.844437979720194,75.23982115072519,Jalgaon,normal,statewide,14.8575439453125,1,7,CHIRPS Daily v2.0,Maharashtra,CHIRPS Rainfall
2025-08-20,2025-08-27,34.0,2025,P053,19.486369703781666,76.00005328932718,Jalna,normal,statewide,0.0,1,7,CHIRPS Daily v2.0,Maharashtra,CHIRPS Rainfall
2025-08-20,2025-08-27,34.0,2025,P054,20.028502750758555,76.00343774702675,Jalna,normal,statewide,27.371524810791016,1,7,CHIRPS Daily v2.0,Maharashtra,CHIRPS Rainfall
2025-08-20,2025-08-27,34.0,2025,P055,19.75743845682064,76.00172991132328,Jalna,normal,statewide,13.474805355072021,1,7,CHIRPS Daily v2.0,Maharashtra,CHIRPS Rainfall
2025-08-20,2025-08-27,34.0,2025,P056,19.57768317515413,75.80993951591351,Jalna,normal,statewide,12.303828477859497,1,7,CHIRPS Daily v2.0,Maharashtra,CHIRPS Rainfall
2025-08-20,2025-08-27,34.0,2025,P057,16.776377793156257,74.29671235971928,Kolhapur,normal,statewide,22.914905548095703,1,7,CHIRPS Daily v2.0,Maharashtra,CHIRPS Rainfall
2025-08-20,2025-08-27,34.0,2025,P058,16.324416687682138,74.29834884980589,Kolhapur,normal,statewide,0.0,1,7,CHIRPS Daily v2.0,Maharashtra,CHIRPS Rainfall
2025-08-20,2025-08-27,34.0,2025,P059,16.595891218916975,74.39111598812178,Kolhapur,normal,statewide,0.0,1,7,CHIRPS Daily v2.0,Maharashtra,CHIRPS Rainfall
2025-08-20,2025-08-27,34.0,2025,P060,16.414811584237594,74.29802779453004,Kolhapur,normal,statewide,0.0,1,7,CHIRPS Daily v2.0,Maharashtra,CHIRPS Rainfall
2025-08-20,2025-08-27,34.0,2025,P086,21.054127206758487,79.56798961993874,Nagpur,normal,statewide,85.20168590545654,1,7,CHIRPS Daily v2.0,Maharashtra,CHIRPS Rainfall
2025-08-20,2025-08-27,34.0,2025,P087,21.146765031143822,79.47473643960802,Nagpur,normal,statewide,80.65151786804199,1,7,CHIRPS Daily v2.0,Maharashtra,CHIRPS Rainfall
2025-08-20,2025-08-27,34.0,2025,P088,21.347803602138427,78.61442869606356,Nagpur,normal,statewide,83.94211006164551,1,7,CHIRPS Daily v2.0,Maharashtra,CHIRPS Rainfall
2025-08-20,2025-08-27,34.0,2025,P089,21.165377318940912,78.70615240473293,Nagpur,normal,statewide,84.4654016494751,1,7,CHIRPS Daily v2.0,Maharashtra,CHIRPS Rainfall
2025-08-20,2025-08-27,34.0,2025,P090,19.201968238592887,77.42470040309472,Nanded,normal,statewide,26.651771545410156,1,7,CHIRPS Daily v2.0,Maharashtra,CHIRPS Rainfall
2025-08-20,2025-08-27,34.0,2025,P091,18.566038000956755,77.69963965584807,Nanded,normal,statewide,10.731732368469238,1,7,CHIRPS Daily v2.0,Maharashtra,CHIRPS Rainfall
2025-08-20,2025-08-27,34.0,2025,P092,19.736596618496833,77.90946265591798,Nanded,normal,statewide,74.14722728729248,1,7,CHIRPS Daily v2.0,Maharashtra,CHIRPS Rainfall
2025-08-20,2025-08-27,34.0,2025,P093,18.93564842817583,77.04115528508362,Nanded,normal,statewide,0.0,1,7,CHIRPS Daily v2.0,Maharashtra,CHIRPS Rainfall
2025-08-20,2025-08-27,34.0,2025,P094,21.564917232430716,74.08292967791392,Nandurbar,normal,statewide,39.49453544616699,1,7,CHIRPS Daily v2.0,Maharashtra,CHIRPS Rainfall
2025-08-20,2025-08-27,34.0,2025,P095,21.5662594218478,74.37266422796263,Nandurbar,normal,statewide,6.135557651519775,1,7,CHIRPS Daily v2.0,Maharashtra,CHIRPS Rainfall
2025-08-20,2025-08-27,34.0,2025,P096,21.385179787168415,74.27697637845674,Nandurbar,normal,statewide,0.0,1,7,CHIRPS Daily v2.0,Maharashtra,CHIRPS Rainfall
2025-08-20,2025-08-27,34.0,2025,P097,21.565421110849755,74.17950488852946,Nandurbar,normal,statewide,29.49862003326416,1,7,CHIRPS Daily v2.0,Maharashtra,CHIRPS Rainfall
2025-08-20,2025-08-27,34.0,2025,P098,20.299553667393326,73.99482675929994,Nashik,normal,statewide,0.0,1,7,CHIRPS Daily v2.0,Maharashtra,CHIRPS Rainfall
2025-08-20,2025-08-27,34.0,2025,P099,20.120253214034264,74.28296495117151,Nashik,normal,statewide,0.0,1,7,CHIRPS Daily v2.0,Maharashtra,CHIRPS Rainfall
2025-08-20,2025-08-27,34.0,2025,P100,20.389903972938242,73.99424261706194,Nashik,normal,statewide,7.138205528259277,1,7,CHIRPS Daily v2.0,Maharashtra,CHIRPS Rainfall
2025-08-20,2025-08-27,34.0,2025,P101,20.029015547379707,74.09216447619562,Nashik,normal,statewide,0.0,1,7,CHIRPS Daily v2.0,Maharashtra,CHIRPS Rainfall
2025-08-20,2025-08-27,34.0,2025,P102,17.85749130266526,76.36802722645965,Osmanabad,normal,statewide,7.446423530578613,1,7,CHIRPS Daily v2.0,Maharashtra,CHIRPS Rainfall
2025-08-20,2025-08-27,34.0,2025,P103,17.76644983645705,76.46164605307673,Osmanabad,normal,statewide,15.965502738952637,1,7,CHIRPS Daily v2.0,Maharashtra,CHIRPS Rainfall
2025-08-20,2025-08-27,34.0,2025,P104,17.949094615606196,76.17989775301476,Osmanabad,normal,statewide,12.967248916625977,1,7,CHIRPS Daily v2.0,Maharashtra,CHIRPS Rainfall
2025-08-20,2025-08-27,34.0,2025,P105,18.584360447185368,75.61558067829696,Osmanabad,normal,statewide,5.950087070465088,1,7,CHIRPS Daily v2.0,Maharashtra,CHIRPS Rainfall
2025-08-20,2025-08-27,34.0,2025,P106,19.031389786894366,76.47235681380711,Parbhani,normal,statewide,0.0,1,7,CHIRPS Daily v2.0,Maharashtra,CHIRPS Rainfall
2025-08-20,2025-08-27,34.0,2025,P107,19.120950831552832,76.56820519095093,Parbhani,normal,statewide,0.0,1,7,CHIRPS Daily v2.0,Maharashtra,CHIRPS Rainfall
2025-08-20,2025-08-27,34.0,2025,P108,19.208625676465683,76.85432786914635,Parbhani,normal,statewide,22.647541522979736,1,7,CHIRPS Daily v2.0,Maharashtra,CHIRPS Rainfall
2025-08-20,2025-08-27,34.0,2025,P109,19.212081479782103,76.47396209018636,Parbhani,normal,statewide,0.0,1,7,CHIRPS Daily v2.0,Maharashtra,CHIRPS Rainfall
2025-08-20,2025-08-27,34.0,2025,P110,18.133442771357757,75.04679558432363,Pune,normal,statewide,0.0,1,7,CHIRPS Daily v2.0,Maharashtra,CHIRPS Rainfall
2025-08-20,2025-08-27,34.0,2025,P111,18.584645829652782,74.47919215212944,Pune,normal,statewide,0.0,1,7,CHIRPS Daily v2.0,Maharashtra,CHIRPS Rainfall
2025-08-20,2025-08-27,34.0,2025,P112,18.132979024848197,74.57507620208169,Pune,normal,statewide,0.0,1,7,CHIRPS Daily v2.0,Maharashtra,CHIRPS Rainfall
2025-08-20,2025-08-27,34.0,2025,P113,18.314072036830744,74.76389683618987,Pune,normal,statewide,0.0,1,7,CHIRPS Daily v2.0,Maharashtra,CHIRPS Rainfall
2025-08-20,2025-08-27,34.0,2025,P114,18.48503397121986,73.0589238755964,Raigarh,normal,statewide,0.0,1,7,CHIRPS Daily v2.0,Maharashtra,CHIRPS Rainfall
2025-08-20,2025-08-27,34.0,2025,P115,18.665689991299164,73.05687714821288,Raigarh,normal,statewide,0.0,1,7,CHIRPS Daily v2.0,Maharashtra,CHIRPS Rainfall
2025-08-20,2025-08-27,34.0,2025,P116,18.306197264370358,73.25009891506079,Raigarh,normal,statewide,60.04936599731445,1,7,CHIRPS Daily v2.0,Maharashtra,CHIRPS Rainfall
2025-08-20,2025-08-27,34.0,2025,P117,18.21404102289879,73.06194714611064,Raigarh,normal,statewide,42.88302993774414,1,7,CHIRPS Daily v2.0,Maharashtra,CHIRPS Rainfall
2025-08-20,2025-08-27,34.0,2025,P118,17.138719885658215,75.42259970290594,Sangli,normal,statewide,4.5393218994140625,1,7,CHIRPS Daily v2.0,Maharashtra,CHIRPS Rainfall
2025-08-20,2025-08-27,34.0,2025,P119,17.048761981005992,74.95348443567921,Sangli,normal,statewide,4.982595443725586,1,7,CHIRPS Daily v2.0,Maharashtra,CHIRPS Rainfall
2025-08-20,2025-08-27,34.0,2025,P120,16.86707144948229,74.39025538161847,Sangli,normal,statewide,12.242746353149414,1,7,CHIRPS Daily v2.0,Maharashtra,CHIRPS Rainfall
2025-08-20,2025-08-27,34.0,2025,P121,17.048503353144895,74.67157114887826,Sangli,normal,statewide,6.755412578582764,1,7,CHIRPS Daily v2.0,Maharashtra,CHIRPS Rainfall
2025-08-20,2025-08-27,34.0,2025,P148,17.67852974098626,76.08383979812143,Solapur,normal,statewide,5.6069464683532715,1,7,CHIRPS Daily v2.0,Maharashtra,CHIRPS Rainfall
2025-08-20,2025-08-27,34.0,2025,P149,18.223365003201543,75.4251413905064,Solapur,normal,statewide,0.0,1,7,CHIRPS Daily v2.0,Maharashtra,CHIRPS Rainfall
2025-08-20,2025-08-27,34.0,2025,P150,17.952532582518405,75.23562067753285,Solapur,normal,statewide,0.0,1,7,CHIRPS Daily v2.0,Maharashtra,CHIRPS Rainfall
2025-08-20,2025-08-27,34.0,2025,P151,18.223690517578447,75.23598186471818,Solapur,normal,statewide,0.0,1,7,CHIRPS Daily v2.0,Maharashtra,CHIRPS Rainfall
2025-08-20,2025-08-27,34.0,2025,P152,19.658178867370932,72.94986318203122,Thane,normal,statewide,93.56072998046875,1,7,CHIRPS Daily v2.0,Maharashtra,CHIRPS Rainfall
2025-08-20,2025-08-27,34.0,2025,P153,19.65706409210757,72.8545320606096,Thane,normal,statewide,77.52980041503906,1,7,CHIRPS Daily v2.0,Maharashtra,CHIRPS Rainfall
2025-08-20,2025-08-27,34.0,2025,P154,19.477549601897948,72.95214624177059,Thane,normal,statewide,167.00430297851562,1,7,CHIRPS Daily v2.0,Maharashtra,CHIRPS Rainfall
2025-08-20,2025-08-27,34.0,2025,P155,19.83987385799569,73.0429959666335,Thane,normal,statewide,158.51108741760254,1,7,CHIRPS Daily v2.0,Maharashtra,CHIRPS Rainfall
2025-08-20,2025-08-27,34.0,2025,P156,20.806749657616468,78.60135461177485,Wardha,normal,statewide,79.06142330169678,1,7,CHIRPS Daily v2.0,Maharashtra,CHIRPS Rainfall
2025-08-20,2025-08-27,34.0,2025,P157,20.71031267913359,78.88671032458906,Wardha,normal,statewide,80.17900657653809,1,7,CHIRPS Daily v2.0,Maharashtra,CHIRPS Rainfall
2025-08-20,2025-08-27,34.0,2025,P158,21.081265295769754,78.41565980750515,Wardha,normal,statewide,81.18114280700684,1,7,CHIRPS Daily v2.0,Maharashtra,CHIRPS Rainfall
2025-08-20,2025-08-27,34.0,2025,P159,20.439854822938944,78.87986114537097,Wardha,normal,statewide,82.58388137817383,1,7,CHIRPS Daily v2.0,Maharashtra,CHIRPS Rainfall
2025-08-20,2025-08-27,34.0,2025,P160,20.289186257444058,77.15404188735265,Washim,normal,statewide,42.40035629272461,1,7,CHIRPS Daily v2.0,Maharashtra,CHIRPS Rainfall
2025-08-20,2025-08-27,34.0,2025,P161,20.464607292886615,77.53975858757677,Washim,normal,statewide,43.41951370239258,1,7,CHIRPS Daily v2.0,Maharashtra,CHIRPS Rainfall
2025-08-20,2025-08-27,34.0,2025,P162,20.107393166596125,77.2471479173486,Washim,normal,statewide,24.985946655273438,1,7,CHIRPS Daily v2.0,Maharashtra,CHIRPS Rainfall
2025-08-20,2025-08-27,34.0,2025,P163,20.198885002010726,77.1527933390577,Washim,normal,statewide,33.092698097229004,1,7,CHIRPS Daily v2.0,Maharashtra,CHIRPS Rainfall
2025-08-20,2025-08-27,34.0,2025,P164,20.182854533723592,78.20447678161395,Yavatmal,normal,statewide,56.522358894348145,1,7,CHIRPS Daily v2.0,Maharashtra,CHIRPS Rainfall
2025-08-20,2025-08-27,34.0,2025,P165,19.894658373538324,79.05709703494229,Yavatmal,normal,statewide,81.04892349243164,1,7,CHIRPS Daily v2.0,Maharashtra,CHIRPS Rainfall
2025-08-20,2025-08-27,34.0,2025,P166,19.468787468327925,77.71426550730338,Yavatmal,normal,statewide,46.885013580322266,1,7,CHIRPS Daily v2.0,Maharashtra,CHIRPS Rainfall
2025-08-20,2025-08-27,34.0,2025,P167,19.559057510053886,77.71577268345945,Yavatmal,normal,statewide,48.400190353393555,1,7,CHIRPS Daily v2.0,Maharashtra,CHIRPS Rainfall
2025-08-27,2025-09-03,35.0,2025,P147,17.927231643141155,73.94769852026607,Satara,case_study,case_study,81.11191177368164,1,7,CHIRPS Daily v2.0,Maharashtra,CHIRPS Rainfall
2025-08-27,2025-09-03,35.0,2025,P061,18.507855650411397,76.91766048140843,Latur,high,priority,167.67584800720215,1,7,CHIRPS Daily v2.0,Maharashtra,CHIRPS Rainfall
2025-08-27,2025-09-03,35.0,2025,P062,18.422405896924207,76.3487594508077,Latur,high,priority,128.3253002166748,1,7,CHIRPS Daily v2.0,Maharashtra,CHIRPS Rainfall
2025-08-27,2025-09-03,35.0,2025,P063,18.235391198742693,77.05646783810116,Latur,high,priority,166.22218132019043,1,7,CHIRPS Daily v2.0,Maharashtra,CHIRPS Rainfall
2025-08-27,2025-09-03,35.0,2025,P064,18.193056493341274,76.77240080549139,Latur,high,priority,146.07291412353516,1,7,CHIRPS Daily v2.0,Maharashtra,CHIRPS Rainfall
2025-08-27,2025-09-03,35.0,2025,P065,18.331355512513895,76.44266811899327,Latur,high,priority,125.7007246017456,1,7,CHIRPS Daily v2.0,Maharashtra,CHIRPS Rainfall
2025-08-27,2025-09-03,35.0,2025,P066,18.104739537876725,76.5352970251765,Latur,high,priority,128.53937339782715,1,7,CHIRPS Daily v2.0,Maharashtra,CHIRPS Rainfall
2025-08-27,2025-09-03,35.0,2025,P067,18.280552974211986,77.0569984711265,Latur,high,priority,161.73064804077148,1,7,CHIRPS Daily v2.0,Maharashtra,CHIRPS Rainfall
2025-08-27,2025-09-03,35.0,2025,P068,18.101823285787773,76.86595720469373,Latur,high,priority,150.00508975982666,1,7,CHIRPS Daily v2.0,Maharashtra,CHIRPS Rainfall
2025-08-27,2025-09-03,35.0,2025,P069,18.595075667016793,77.20284228928156,Latur,high,priority,151.8148365020752,1,7,CHIRPS Daily v2.0,Maharashtra,CHIRPS Rainfall
2025-08-27,2025-09-03,35.0,2025,P070,18.41499041187233,77.15322587185987,Latur,high,priority,168.79388236999512,1,7,CHIRPS Daily v2.0,Maharashtra,CHIRPS Rainfall
2025-08-27,2025-09-03,35.0,2025,P071,18.149138807065885,76.63019561379593,Latur,high,priority,137.47466659545898,1,7,CHIRPS Daily v2.0,Maharashtra,CHIRPS Rainfall
2025-08-27,2025-09-03,35.0,2025,P072,18.283393421583035,76.77331492120734,Latur,high,priority,141.77618408203125,1,7,CHIRPS Daily v2.0,Maharashtra,CHIRPS Rainfall
2025-08-27,2025-09-03,35.0,2025,P073,17.966315663874607,76.86453029235662,Latur,high,priority,142.6731767654419,1,7,CHIRPS Daily v2.0,Maharashtra,CHIRPS Rainfall
2025-08-27,2025-09-03,35.0,2025,P074,18.50832831512306,76.870318205524,Latur,high,priority,163.99293994903564,1,7,CHIRPS Daily v2.0,Maharashtra,CHIRPS Rainfall
2025-08-27,2025-09-03,35.0,2025,P075,18.41444640154381,77.20053247493588,Latur,high,priority,161.9932861328125,1,7,CHIRPS Daily v2.0,Maharashtra,CHIRPS Rainfall
2025-08-27,2025-09-03,35.0,2025,P076,18.377877313804504,76.25376722106614,Latur,high,priority,127.503586769104,1,7,CHIRPS Daily v2.0,Maharashtra,CHIRPS Rainfall
2025-08-27,2025-09-03,35.0,2025,P077,18.059564385104267,76.5349046242838,Latur,high,priority,126.50944566726685,1,7,CHIRPS Daily v2.0,Maharashtra,CHIRPS Rainfall
2025-08-27,2025-09-03,35.0,2025,P078,18.1008824154655,76.96042326051098,Latur,high,priority,151.44518852233887,1,7,CHIRPS Daily v2.0,Maharashtra,CHIRPS Rainfall
2025-08-27,2025-09-03,35.0,2025,P079,18.73508698099394,76.77797468180819,Latur,high,priority,155.7104959487915,1,7,CHIRPS Daily v2.0,Maharashtra,CHIRPS Rainfall
2025-08-27,2025-09-03,35.0,2025,P080,18.46791548227568,76.3017694439065,Latur,high,priority,129.23232555389404,1,7,CHIRPS Daily v2.0,Maharashtra,CHIRPS Rainfall
2025-08-27,2025-09-03,35.0,2025,P081,18.10355787609756,76.67701617485712,Latur,high,priority,138.01672554016113,1,7,CHIRPS Daily v2.0,Maharashtra,CHIRPS Rainfall
2025-08-27,2025-09-03,35.0,2025,P082,18.23907887531389,76.67830931416262,Latur,high,priority,143.2373170852661,1,7,CHIRPS Daily v2.0,Maharashtra,CHIRPS Rainfall
2025-08-27,2025-09-03,35.0,2025,P083,18.369289085175563,77.19996171000103,Latur,high,priority,166.57207107543945,1,7,CHIRPS Daily v2.0,Maharashtra,CHIRPS Rainfall
2025-08-27,2025-09-03,35.0,2025,P084,18.46362582706226,76.82249880582684,Latur,high,priority,160.65435218811035,1,7,CHIRPS Daily v2.0,Maharashtra,CHIRPS Rainfall
2025-08-27,2025-09-03,35.0,2025,P085,18.14788579966987,76.77194597718393,Latur,high,priority,143.23284912109375,1,7,CHIRPS Daily v2.0,Maharashtra,CHIRPS Rainfall
2025-08-27,2025-09-03,35.0,2025,P122,17.88145897082753,73.8441448165019,Satara,high,priority,65.02037048339844,1,7,CHIRPS Daily v2.0,Maharashtra,CHIRPS Rainfall
2025-08-27,2025-09-03,35.0,2025,P123,17.386414030975025,74.27088970551878,Satara,high,priority,43.925052642822266,1,7,CHIRPS Daily v2.0,Maharashtra,CHIRPS Rainfall
2025-08-27,2025-09-03,35.0,2025,P124,17.43262815429294,74.647353771057,Satara,high,priority,35.30248260498047,1,7,CHIRPS Daily v2.0,Maharashtra,CHIRPS Rainfall
2025-08-27,2025-09-03,35.0,2025,P125,17.56734651531964,74.31728219287884,Satara,high,priority,31.98950958251953,1,7,CHIRPS Daily v2.0,Maharashtra,CHIRPS Rainfall
2025-08-27,2025-09-03,35.0,2025,P126,17.205080227535593,74.13053949986157,Satara,high,priority,38.0501708984375,1,7,CHIRPS Daily v2.0,Maharashtra,CHIRPS Rainfall
2025-08-27,2025-09-03,35.0,2025,P127,17.65773249367299,74.31694330119876,Satara,high,priority,43.05508804321289,1,7,CHIRPS Daily v2.0,Maharashtra,CHIRPS Rainfall
2025-08-27,2025-09-03,35.0,2025,P128,18.019949731345452,74.5517328080669,Satara,high,priority,34.97023582458496,1,7,CHIRPS Daily v2.0,Maharashtra,CHIRPS Rainfall
2025-08-27,2025-09-03,35.0,2025,P129,18.063234225271252,74.03192648006461,Satara,high,priority,55.707030296325684,1,7,CHIRPS Daily v2.0,Maharashtra,CHIRPS Rainfall
2025-08-27,2025-09-03,35.0,2025,P130,17.61135784271715,74.03436560834085,Satara,high,priority,44.69148254394531,1,7,CHIRPS Daily v2.0,Maharashtra,CHIRPS Rainfall
2025-08-27,2025-09-03,35.0,2025,P131,17.612539504496315,74.3171127470388,Satara,high,priority,40.1275749206543,1,7,CHIRPS Daily v2.0,Maharashtra,CHIRPS Rainfall
2025-08-27,2025-09-03,35.0,2025,P132,17.702176353872684,74.12817617630324,Satara,high,priority,54.63203430175781,1,7,CHIRPS Daily v2.0,Maharashtra,CHIRPS Rainfall
2025-08-27,2025-09-03,35.0,2025,P133,17.25006363896275,74.08329532420031,Satara,high,priority,52.783302307128906,1,7,CHIRPS Daily v2.0,Maharashtra,CHIRPS Rainfall
2025-08-27,2025-09-03,35.0,2025,P134,17.476429903940936,74.17634784498362,Satara,high,priority,22.846237182617188,1,7,CHIRPS Daily v2.0,Maharashtra,CHIRPS Rainfall
2025-08-27,2025-09-03,35.0,2025,P135,17.882716437324603,74.0801070669471,Satara,high,priority,62.631752014160156,1,7,CHIRPS Daily v2.0,Maharashtra,CHIRPS Rainfall
2025-08-27,2025-09-03,35.0,2025,P136,17.928520323345598,74.22149178404871,Satara,high,priority,41.47850513458252,1,7,CHIRPS Daily v2.0,Maharashtra,CHIRPS Rainfall
2025-08-27,2025-09-03,35.0,2025,P137,17.746687100588183,73.98648378122894,Satara,high,priority,51.34507751464844,1,7,CHIRPS Daily v2.0,Maharashtra,CHIRPS Rainfall
2025-08-27,2025-09-03,35.0,2025,P138,17.61269557303319,74.36423652697161,Satara,high,priority,35.49013423919678,1,7,CHIRPS Daily v2.0,Maharashtra,CHIRPS Rainfall
2025-08-27,2025-09-03,35.0,2025,P139,17.656773786946495,74.08126197411994,Satara,high,priority,56.85197067260742,1,7,CHIRPS Daily v2.0,Maharashtra,CHIRPS Rainfall
2025-08-27,2025-09-03,35.0,2025,P140,17.97464080554139,74.50462240543725,Satara,high,priority,39.73954391479492,1,7,CHIRPS Daily v2.0,Maharashtra,CHIRPS Rainfall
2025-08-27,2025-09-03,35.0,2025,P141,17.430826677467348,74.08239904488856,Satara,high,priority,33.07935333251953,1,7,CHIRPS Daily v2.0,Maharashtra,CHIRPS Rainfall
2025-08-27,2025-09-03,35.0,2025,P142,18.064447100757786,74.31538707493111,Satara,high,priority,49.93676710128784,1,7,CHIRPS Daily v2.0,Maharashtra,CHIRPS Rainfall
2025-08-27,2025-09-03,35.0,2025,P143,17.70379500755509,74.6468275971327,Satara,high,priority,39.66310214996338,1,7,CHIRPS Daily v2.0,Maharashtra,CHIRPS Rainfall
2025-08-27,2025-09-03,35.0,2025,P144,17.929452275465767,74.50474726026674,Satara,high,priority,26.34012508392334,1,7,CHIRPS Daily v2.0,Maharashtra,CHIRPS Rainfall
2025-08-27,2025-09-03,35.0,2025,P145,17.47773196144854,74.60017202281048,Satara,high,priority,37.579050064086914,1,7,CHIRPS Daily v2.0,Maharashtra,CHIRPS Rainfall
2025-08-27,2025-09-03,35.0,2025,P146,17.839182233739812,74.55218763637436,Satara,high,priority,34.937397956848145,1,7,CHIRPS Daily v2.0,Maharashtra,CHIRPS Rainfall
2025-08-27,2025-09-03,35.0,2025,P001,19.940457800458272,74.57045211428928,Ahmednagar,normal,statewide,35.127556800842285,1,7,CHIRPS Daily v2.0,Maharashtra,CHIRPS Rainfall
2025-08-27,2025-09-03,35.0,2025,P002,18.946729294293643,74.76302285238339,Ahmednagar,normal,statewide,57.25984191894531,1,7,CHIRPS Daily v2.0,Maharashtra,CHIRPS Rainfall
2025-08-27,2025-09-03,35.0,2025,P003,18.49469238410162,74.66892244285252,Ahmednagar,normal,statewide,45.02908420562744,1,7,CHIRPS Daily v2.0,Maharashtra,CHIRPS Rainfall
2025-08-27,2025-09-03,35.0,2025,P004,19.03720445466806,75.1420731965326,Ahmednagar,normal,statewide,41.393019676208496,1,7,CHIRPS Daily v2.0,Maharashtra,CHIRPS Rainfall
2025-08-27,2025-09-03,35.0,2025,P005,20.832153156317954,77.06560453615967,Akola,normal,statewide,48.71240997314453,1,7,CHIRPS Daily v2.0,Maharashtra,CHIRPS Rainfall
2025-08-27,2025-09-03,35.0,2025,P006,20.834360411339407,76.87349308547405,Akola,normal,statewide,47.65262460708618,1,7,CHIRPS Daily v2.0,Maharashtra,CHIRPS Rainfall
2025-08-27,2025-09-03,35.0,2025,P007,21.014976299509232,76.87574047240498,Akola,normal,statewide,70.46704959869385,1,7,CHIRPS Daily v2.0,Maharashtra,CHIRPS Rainfall
2025-08-27,2025-09-03,35.0,2025,P008,20.828434266039377,77.35372489162701,Akola,normal,statewide,72.84189796447754,1,7,CHIRPS Daily v2.0,Maharashtra,CHIRPS Rainfall
2025-08-27,2025-09-03,35.0,2025,P009,21.360971327549258,77.94039543992572,Amravati,normal,statewide,92.00064516067505,1,7,CHIRPS Daily v2.0,Maharashtra,CHIRPS Rainfall
2025-08-27,2025-09-03,35.0,2025,P010,21.178803672212837,78.03301542790685,Amravati,normal,statewide,49.78346872329712,1,7,CHIRPS Daily v2.0,Maharashtra,CHIRPS Rainfall
2025-08-27,2025-09-03,35.0,2025,P011,20.814388097721018,78.21764450702477,Amravati,normal,statewide,81.52630376815796,1,7,CHIRPS Daily v2.0,Maharashtra,CHIRPS Rainfall
2025-08-27,2025-09-03,35.0,2025,P012,21.180502589714195,77.93681032267875,Amravati,normal,statewide,45.86624097824097,1,7,CHIRPS Daily v2.0,Maharashtra,CHIRPS Rainfall
2025-08-27,2025-09-03,35.0,2025,P013,20.031289688916964,74.8570519162974,Aurangabad,normal,statewide,56.397722244262695,1,7,CHIRPS Daily v2.0,Maharashtra,CHIRPS Rainfall
2025-08-27,2025-09-03,35.0,2025,P014,19.760185263069562,75.14270192978114,Aurangabad,normal,statewide,38.18139839172363,1,7,CHIRPS Daily v2.0,Maharashtra,CHIRPS Rainfall
2025-08-27,2025-09-03,35.0,2025,P015,19.9408189876436,74.76157364454102,Aurangabad,normal,statewide,46.12529373168945,1,7,CHIRPS Daily v2.0,Maharashtra,CHIRPS Rainfall
2025-08-27,2025-09-03,35.0,2025,P016,19.66981712112043,75.14262166596218,Aurangabad,normal,statewide,43.6192684173584,1,7,CHIRPS Daily v2.0,Maharashtra,CHIRPS Rainfall
2025-08-27,2025-09-03,35.0,2025,P017,21.04613203856966,79.85576216552393,Bhandara,normal,statewide,117.97247886657715,1,7,CHIRPS Daily v2.0,Maharashtra,CHIRPS Rainfall
2025-08-27,2025-09-03,35.0,2025,P018,21.31897105472685,79.76852877161537,Bhandara,normal,statewide,77.6315279006958,1,7,CHIRPS Daily v2.0,Maharashtra,CHIRPS Rainfall
2025-08-27,2025-09-03,35.0,2025,P019,21.40900922319803,79.77144948280537,Bhandara,normal,statewide,93.72558403015137,1,7,CHIRPS Daily v2.0,Maharashtra,CHIRPS Rainfall
2025-08-27,2025-09-03,35.0,2025,P020,21.144196588937042,79.57074980349083,Bhandara,normal,statewide,120.75435638427734,1,7,CHIRPS Daily v2.0,Maharashtra,CHIRPS Rainfall
2025-08-27,2025-09-03,35.0,2025,P021,18.67502288980403,75.52108340877234,Bid,normal,statewide,68.78194236755371,1,7,CHIRPS Daily v2.0,Maharashtra,CHIRPS Rainfall
2025-08-27,2025-09-03,35.0,2025,P022,18.856499384477168,75.04699178476999,Bid,normal,statewide,35.16702938079834,1,7,CHIRPS Daily v2.0,Maharashtra,CHIRPS Rainfall
2025-08-27,2025-09-03,35.0,2025,P023,19.126596053486494,75.6175605191647,Bid,normal,statewide,76.13032722473145,1,7,CHIRPS Daily v2.0,Maharashtra,CHIRPS Rainfall
2025-08-27,2025-09-03,35.0,2025,P024,18.763955201213946,75.90084720909012,Bid,normal,statewide,118.7936201095581,1,7,CHIRPS Daily v2.0,Maharashtra,CHIRPS Rainfall
2025-08-27,2025-09-03,35.0,2025,P025,20.93073496240753,76.20164478885242,Buldana,normal,statewide,44.32156562805176,1,7,CHIRPS Daily v2.0,Maharashtra,CHIRPS Rainfall
2025-08-27,2025-09-03,35.0,2025,P026,20.838939908121294,76.39311412898633,Buldana,normal,statewide,61.552502155303955,1,7,CHIRPS Daily v2.0,Maharashtra,CHIRPS Rainfall
2025-08-27,2025-09-03,35.0,2025,P027,20.657476790751314,76.48742857536776,Buldana,normal,statewide,50.47825765609741,1,7,CHIRPS Daily v2.0,Maharashtra,CHIRPS Rainfall
2025-08-27,2025-09-03,35.0,2025,P028,20.47967013624516,76.10222021266374,Buldana,normal,statewide,54.480220794677734,1,7,CHIRPS Daily v2.0,Maharashtra,CHIRPS Rainfall
2025-08-27,2025-09-03,35.0,2025,P029,20.32317798477448,79.92829390325927,Chandrapur,normal,statewide,125.2160472869873,1,7,CHIRPS Daily v2.0,Maharashtra,CHIRPS Rainfall
2025-08-27,2025-09-03,35.0,2025,P030,20.60872097983294,79.36304041732026,Chandrapur,normal,statewide,108.23254299163818,1,7,CHIRPS Daily v2.0,Maharashtra,CHIRPS Rainfall
2025-08-27,2025-09-03,35.0,2025,P031,20.511160307884595,79.64732594588165,Chandrapur,normal,statewide,101.28948211669922,1,7,CHIRPS Daily v2.0,Maharashtra,CHIRPS Rainfall
2025-08-27,2025-09-03,35.0,2025,P032,20.598621115946884,79.74569817422172,Chandrapur,normal,statewide,96.28430080413818,1,7,CHIRPS Daily v2.0,Maharashtra,CHIRPS Rainfall
2025-08-27,2025-09-03,35.0,2025,P033,21.38667804512237,75.14422248324037,Dhule,normal,statewide,55.49049949645996,1,7,CHIRPS Daily v2.0,Maharashtra,CHIRPS Rainfall
2025-08-27,2025-09-03,35.0,2025,P034,21.025151968113196,74.75989256344387,Dhule,normal,statewide,59.08523178100586,1,7,CHIRPS Daily v2.0,Maharashtra,CHIRPS Rainfall
2025-08-27,2025-09-03,35.0,2025,P035,21.477028350667293,74.85568743137505,Dhule,normal,statewide,63.768836975097656,1,7,CHIRPS Daily v2.0,Maharashtra,CHIRPS Rainfall
2025-08-27,2025-09-03,35.0,2025,P036,20.933820660336515,74.37533522949364,Dhule,normal,statewide,53.794132709503174,1,7,CHIRPS Daily v2.0,Maharashtra,CHIRPS Rainfall
2025-08-27,2025-09-03,35.0,2025,P037,19.963056524597132,79.91698116388667,Garhchiroli,normal,statewide,103.5332841873169,1,7,CHIRPS Daily v2.0,Maharashtra,CHIRPS Rainfall
2025-08-27,2025-09-03,35.0,2025,P038,19.062661462582188,79.88977172925856,Garhchiroli,normal,statewide,107.06303310394287,1,7,CHIRPS Daily v2.0,Maharashtra,CHIRPS Rainfall
2025-08-27,2025-09-03,35.0,2025,P039,19.510270485428137,79.9981368030594,Garhchiroli,normal,statewide,111.45646381378174,1,7,CHIRPS Daily v2.0,Maharashtra,CHIRPS Rainfall
2025-08-27,2025-09-03,35.0,2025,P040,19.870365190999156,80.00935144220881,Garhchiroli,normal,statewide,99.95593547821045,1,7,CHIRPS Daily v2.0,Maharashtra,CHIRPS Rainfall
2025-08-27,2025-09-03,35.0,2025,P041,21.127639946725598,80.1465044724107,Gondiya,normal,statewide,80.72797393798828,1,7,CHIRPS Daily v2.0,Maharashtra,CHIRPS Rainfall
2025-08-27,2025-09-03,35.0,2025,P042,21.397598383602258,80.15591763473452,Gondiya,normal,statewide,97.08034610748291,1,7,CHIRPS Daily v2.0,Maharashtra,CHIRPS Rainfall
2025-08-27,2025-09-03,35.0,2025,P043,21.574548890706154,80.25847249986273,Gondiya,normal,statewide,89.3399887084961,1,7,CHIRPS Daily v2.0,Maharashtra,CHIRPS Rainfall
2025-08-27,2025-09-03,35.0,2025,P044,21.211649410572516,80.34153217518526,Gondiya,normal,statewide,101.57099533081055,1,7,CHIRPS Daily v2.0,Maharashtra,CHIRPS Rainfall
2025-08-27,2025-09-03,35.0,2025,P045,19.655900266732623,77.2407892392464,Hingoli,normal,statewide,140.7966079711914,1,7,CHIRPS Daily v2.0,Maharashtra,CHIRPS Rainfall
2025-08-27,2025-09-03,35.0,2025,P046,19.566758377573187,77.1442675378435,Hingoli,normal,statewide,159.19366598129272,1,7,CHIRPS Daily v2.0,Maharashtra,CHIRPS Rainfall
2025-08-27,2025-09-03,35.0,2025,P047,19.47860194974656,76.9526242927685,Hingoli,normal,statewide,142.00205039978027,1,7,CHIRPS Daily v2.0,Maharashtra,CHIRPS Rainfall
2025-08-27,2025-09-03,35.0,2025,P048,19.927981235710728,77.14910120338544,Hingoli,normal,statewide,134.77637386322021,1,7,CHIRPS Daily v2.0,Maharashtra,CHIRPS Rainfall
2025-08-27,2025-09-03,35.0,2025,P049,21.292738163229433,76.10816865346904,Jalgaon,normal,statewide,54.765432357788086,1,7,CHIRPS Daily v2.0,Maharashtra,CHIRPS Rainfall
2025-08-27,2025-09-03,35.0,2025,P050,21.386178625804387,75.43363151891216,Jalgaon,normal,statewide,70.86542892456055,1,7,CHIRPS Daily v2.0,Maharashtra,CHIRPS Rainfall
2025-08-27,2025-09-03,35.0,2025,P051,21.112064306745907,76.10682200495089,Jalgaon,normal,statewide,50.87688636779785,1,7,CHIRPS Daily v2.0,Maharashtra,CHIRPS Rainfall
2025-08-27,2025-09-03,35.0,2025,P052,20.844437979720194,75.23982115072519,Jalgaon,normal,statewide,39.84544229507446,1,7,CHIRPS Daily v2.0,Maharashtra,CHIRPS Rainfall
2025-08-27,2025-09-03,35.0,2025,P053,19.486369703781666,76.00005328932718,Jalna,normal,statewide,85.42933130264282,1,7,CHIRPS Daily v2.0,Maharashtra,CHIRPS Rainfall
2025-08-27,2025-09-03,35.0,2025,P054,20.028502750758555,76.00343774702675,Jalna,normal,statewide,85.67705631256104,1,7,CHIRPS Daily v2.0,Maharashtra,CHIRPS Rainfall
2025-08-27,2025-09-03,35.0,2025,P055,19.75743845682064,76.00172991132328,Jalna,normal,statewide,75.1971549987793,1,7,CHIRPS Daily v2.0,Maharashtra,CHIRPS Rainfall
2025-08-27,2025-09-03,35.0,2025,P056,19.57768317515413,75.80993951591351,Jalna,normal,statewide,68.34806823730469,1,7,CHIRPS Daily v2.0,Maharashtra,CHIRPS Rainfall
2025-08-27,2025-09-03,35.0,2025,P057,16.776377793156257,74.29671235971928,Kolhapur,normal,statewide,39.62113952636719,1,7,CHIRPS Daily v2.0,Maharashtra,CHIRPS Rainfall
2025-08-27,2025-09-03,35.0,2025,P058,16.324416687682138,74.29834884980589,Kolhapur,normal,statewide,54.37103271484375,1,7,CHIRPS Daily v2.0,Maharashtra,CHIRPS Rainfall
2025-08-27,2025-09-03,35.0,2025,P059,16.595891218916975,74.39111598812178,Kolhapur,normal,statewide,35.31991958618164,1,7,CHIRPS Daily v2.0,Maharashtra,CHIRPS Rainfall
2025-08-27,2025-09-03,35.0,2025,P060,16.414811584237594,74.29802779453004,Kolhapur,normal,statewide,55.88901138305664,1,7,CHIRPS Daily v2.0,Maharashtra,CHIRPS Rainfall
2025-08-27,2025-09-03,35.0,2025,P086,21.054127206758487,79.56798961993874,Nagpur,normal,statewide,118.18070220947266,1,7,CHIRPS Daily v2.0,Maharashtra,CHIRPS Rainfall
2025-08-27,2025-09-03,35.0,2025,P087,21.146765031143822,79.47473643960802,Nagpur,normal,statewide,107.96048831939697,1,7,CHIRPS Daily v2.0,Maharashtra,CHIRPS Rainfall
2025-08-27,2025-09-03,35.0,2025,P088,21.347803602138427,78.61442869606356,Nagpur,normal,statewide,91.2671766281128,1,7,CHIRPS Daily v2.0,Maharashtra,CHIRPS Rainfall
2025-08-27,2025-09-03,35.0,2025,P089,21.165377318940912,78.70615240473293,Nagpur,normal,statewide,66.57426881790161,1,7,CHIRPS Daily v2.0,Maharashtra,CHIRPS Rainfall
2025-08-27,2025-09-03,35.0,2025,P090,19.201968238592887,77.42470040309472,Nanded,normal,statewide,156.03372478485107,1,7,CHIRPS Daily v2.0,Maharashtra,CHIRPS Rainfall
2025-08-27,2025-09-03,35.0,2025,P091,18.566038000956755,77.69963965584807,Nanded,normal,statewide,130.19377994537354,1,7,CHIRPS Daily v2.0,Maharashtra,CHIRPS Rainfall
2025-08-27,2025-09-03,35.0,2025,P092,19.736596618496833,77.90946265591798,Nanded,normal,statewide,123.6360731124878,1,7,CHIRPS Daily v2.0,Maharashtra,CHIRPS Rainfall
2025-08-27,2025-09-03,35.0,2025,P093,18.93564842817583,77.04115528508362,Nanded,normal,statewide,150.44036769866943,1,7,CHIRPS Daily v2.0,Maharashtra,CHIRPS Rainfall
2025-08-27,2025-09-03,35.0,2025,P094,21.564917232430716,74.08292967791392,Nandurbar,normal,statewide,87.76909971237183,1,7,CHIRPS Daily v2.0,Maharashtra,CHIRPS Rainfall
2025-08-27,2025-09-03,35.0,2025,P095,21.5662594218478,74.37266422796263,Nandurbar,normal,statewide,62.856868743896484,1,7,CHIRPS Daily v2.0,Maharashtra,CHIRPS Rainfall
2025-08-27,2025-09-03,35.0,2025,P096,21.385179787168415,74.27697637845674,Nandurbar,normal,statewide,63.37520456314087,1,7,CHIRPS Daily v2.0,Maharashtra,CHIRPS Rainfall
2025-08-27,2025-09-03,35.0,2025,P097,21.565421110849755,74.17950488852946,Nandurbar,normal,statewide,71.8518123626709,1,7,CHIRPS Daily v2.0,Maharashtra,CHIRPS Rainfall
2025-08-27,2025-09-03,35.0,2025,P098,20.299553667393326,73.99482675929994,Nashik,normal,statewide,37.09810256958008,1,7,CHIRPS Daily v2.0,Maharashtra,CHIRPS Rainfall
2025-08-27,2025-09-03,35.0,2025,P099,20.120253214034264,74.28296495117151,Nashik,normal,statewide,36.66255283355713,1,7,CHIRPS Daily v2.0,Maharashtra,CHIRPS Rainfall
2025-08-27,2025-09-03,35.0,2025,P100,20.389903972938242,73.99424261706194,Nashik,normal,statewide,31.255740642547607,1,7,CHIRPS Daily v2.0,Maharashtra,CHIRPS Rainfall
2025-08-27,2025-09-03,35.0,2025,P101,20.029015547379707,74.09216447619562,Nashik,normal,statewide,45.424384117126465,1,7,CHIRPS Daily v2.0,Maharashtra,CHIRPS Rainfall
2025-08-27,2025-09-03,35.0,2025,P102,17.85749130266526,76.36802722645965,Osmanabad,normal,statewide,111.61039161682129,1,7,CHIRPS Daily v2.0,Maharashtra,CHIRPS Rainfall
2025-08-27,2025-09-03,35.0,2025,P103,17.76644983645705,76.46164605307673,Osmanabad,normal,statewide,113.64526557922363,1,7,CHIRPS Daily v2.0,Maharashtra,CHIRPS Rainfall
2025-08-27,2025-09-03,35.0,2025,P104,17.949094615606196,76.17989775301476,Osmanabad,normal,statewide,89.90116214752197,1,7,CHIRPS Daily v2.0,Maharashtra,CHIRPS Rainfall
2025-08-27,2025-09-03,35.0,2025,P105,18.584360447185368,75.61558067829696,Osmanabad,normal,statewide,68.33708763122559,1,7,CHIRPS Daily v2.0,Maharashtra,CHIRPS Rainfall
2025-08-27,2025-09-03,35.0,2025,P106,19.031389786894366,76.47235681380711,Parbhani,normal,statewide,117.72754764556885,1,7,CHIRPS Daily v2.0,Maharashtra,CHIRPS Rainfall
2025-08-27,2025-09-03,35.0,2025,P107,19.120950831552832,76.56820519095093,Parbhani,normal,statewide,130.49410724639893,1,7,CHIRPS Daily v2.0,Maharashtra,CHIRPS Rainfall
2025-08-27,2025-09-03,35.0,2025,P108,19.208625676465683,76.85432786914635,Parbhani,normal,statewide,144.0414628982544,1,7,CHIRPS Daily v2.0,Maharashtra,CHIRPS Rainfall
2025-08-27,2025-09-03,35.0,2025,P109,19.212081479782103,76.47396209018636,Parbhani,normal,statewide,111.37448024749756,1,7,CHIRPS Daily v2.0,Maharashtra,CHIRPS Rainfall
2025-08-27,2025-09-03,35.0,2025,P110,18.133442771357757,75.04679558432363,Pune,normal,statewide,34.2917218208313,1,7,CHIRPS Daily v2.0,Maharashtra,CHIRPS Rainfall
2025-08-27,2025-09-03,35.0,2025,P111,18.584645829652782,74.47919215212944,Pune,normal,statewide,50.52177810668945,1,7,CHIRPS Daily v2.0,Maharashtra,CHIRPS Rainfall
2025-08-27,2025-09-03,35.0,2025,P112,18.132979024848197,74.57507620208169,Pune,normal,statewide,33.20028018951416,1,7,CHIRPS Daily v2.0,Maharashtra,CHIRPS Rainfall
2025-08-27,2025-09-03,35.0,2025,P113,18.314072036830744,74.76389683618987,Pune,normal,statewide,41.045982837677,1,7,CHIRPS Daily v2.0,Maharashtra,CHIRPS Rainfall
2025-08-27,2025-09-03,35.0,2025,P114,18.48503397121986,73.0589238755964,Raigarh,normal,statewide,72.82657623291016,1,7,CHIRPS Daily v2.0,Maharashtra,CHIRPS Rainfall
2025-08-27,2025-09-03,35.0,2025,P115,18.665689991299164,73.05687714821288,Raigarh,normal,statewide,76.69605255126953,1,7,CHIRPS Daily v2.0,Maharashtra,CHIRPS Rainfall
2025-08-27,2025-09-03,35.0,2025,P116,18.306197264370358,73.25009891506079,Raigarh,normal,statewide,79.98085021972656,1,7,CHIRPS Daily v2.0,Maharashtra,CHIRPS Rainfall
2025-08-27,2025-09-03,35.0,2025,P117,18.21404102289879,73.06194714611064,Raigarh,normal,statewide,72.31694793701172,1,7,CHIRPS Daily v2.0,Maharashtra,CHIRPS Rainfall
2025-08-27,2025-09-03,35.0,2025,P118,17.138719885658215,75.42259970290594,Sangli,normal,statewide,40.49959373474121,1,7,CHIRPS Daily v2.0,Maharashtra,CHIRPS Rainfall
2025-08-27,2025-09-03,35.0,2025,P119,17.048761981005992,74.95348443567921,Sangli,normal,statewide,26.360072135925293,1,7,CHIRPS Daily v2.0,Maharashtra,CHIRPS Rainfall
2025-08-27,2025-09-03,35.0,2025,P120,16.86707144948229,74.39025538161847,Sangli,normal,statewide,31.439373016357422,1,7,CHIRPS Daily v2.0,Maharashtra,CHIRPS Rainfall
2025-08-27,2025-09-03,35.0,2025,P121,17.048503353144895,74.67157114887826,Sangli,normal,statewide,19.736568450927734,1,7,CHIRPS Daily v2.0,Maharashtra,CHIRPS Rainfall
2025-08-27,2025-09-03,35.0,2025,P148,17.67852974098626,76.08383979812143,Solapur,normal,statewide,83.73190116882324,1,7,CHIRPS Daily v2.0,Maharashtra,CHIRPS Rainfall
2025-08-27,2025-09-03,35.0,2025,P149,18.223365003201543,75.4251413905064,Solapur,normal,statewide,54.25742983818054,1,7,CHIRPS Daily v2.0,Maharashtra,CHIRPS Rainfall
2025-08-27,2025-09-03,35.0,2025,P150,17.952532582518405,75.23562067753285,Solapur,normal,statewide,42.04795837402344,1,7,CHIRPS Daily v2.0,Maharashtra,CHIRPS Rainfall
2025-08-27,2025-09-03,35.0,2025,P151,18.223690517578447,75.23598186471818,Solapur,normal,statewide,40.62139534950256,1,7,CHIRPS Daily v2.0,Maharashtra,CHIRPS Rainfall
2025-08-27,2025-09-03,35.0,2025,P152,19.658178867370932,72.94986318203122,Thane,normal,statewide,83.80846405029297,1,7,CHIRPS Daily v2.0,Maharashtra,CHIRPS Rainfall
2025-08-27,2025-09-03,35.0,2025,P153,19.65706409210757,72.8545320606096,Thane,normal,statewide,99.25406646728516,1,7,CHIRPS Daily v2.0,Maharashtra,CHIRPS Rainfall
2025-08-27,2025-09-03,35.0,2025,P154,19.477549601897948,72.95214624177059,Thane,normal,statewide,108.533447265625,1,7,CHIRPS Daily v2.0,Maharashtra,CHIRPS Rainfall
2025-08-27,2025-09-03,35.0,2025,P155,19.83987385799569,73.0429959666335,Thane,normal,statewide,76.20333099365234,1,7,CHIRPS Daily v2.0,Maharashtra,CHIRPS Rainfall
2025-08-27,2025-09-03,35.0,2025,P156,20.806749657616468,78.60135461177485,Wardha,normal,statewide,90.32532787322998,1,7,CHIRPS Daily v2.0,Maharashtra,CHIRPS Rainfall
2025-08-27,2025-09-03,35.0,2025,P157,20.71031267913359,78.88671032458906,Wardha,normal,statewide,95.31596946716309,1,7,CHIRPS Daily v2.0,Maharashtra,CHIRPS Rainfall
2025-08-27,2025-09-03,35.0,2025,P158,21.081265295769754,78.41565980750515,Wardha,normal,statewide,70.5735559463501,1,7,CHIRPS Daily v2.0,Maharashtra,CHIRPS Rainfall
2025-08-27,2025-09-03,35.0,2025,P159,20.439854822938944,78.87986114537097,Wardha,normal,statewide,94.91317939758301,1,7,CHIRPS Daily v2.0,Maharashtra,CHIRPS Rainfall
2025-08-27,2025-09-03,35.0,2025,P160,20.289186257444058,77.15404188735265,Washim,normal,statewide,76.09593486785889,1,7,CHIRPS Daily v2.0,Maharashtra,CHIRPS Rainfall
2025-08-27,2025-09-03,35.0,2025,P161,20.464607292886615,77.53975858757677,Washim,normal,statewide,83.42855072021484,1,7,CHIRPS Daily v2.0,Maharashtra,CHIRPS Rainfall
2025-08-27,2025-09-03,35.0,2025,P162,20.107393166596125,77.2471479173486,Washim,normal,statewide,95.4036865234375,1,7,CHIRPS Daily v2.0,Maharashtra,CHIRPS Rainfall
2025-08-27,2025-09-03,35.0,2025,P163,20.198885002010726,77.1527933390577,Washim,normal,statewide,91.9318380355835,1,7,CHIRPS Daily v2.0,Maharashtra,CHIRPS Rainfall
2025-08-27,2025-09-03,35.0,2025,P164,20.182854533723592,78.20447678161395,Yavatmal,normal,statewide,102.55595684051514,1,7,CHIRPS Daily v2.0,Maharashtra,CHIRPS Rainfall
2025-08-27,2025-09-03,35.0,2025,P165,19.894658373538324,79.05709703494229,Yavatmal,normal,statewide,106.24236965179443,1,7,CHIRPS Daily v2.0,Maharashtra,CHIRPS Rainfall
2025-08-27,2025-09-03,35.0,2025,P166,19.468787468327925,77.71426550730338,Yavatmal,normal,statewide,133.88006258010864,1,7,CHIRPS Daily v2.0,Maharashtra,CHIRPS Rainfall
2025-08-27,2025-09-03,35.0,2025,P167,19.559057510053886,77.71577268345945,Yavatmal,normal,statewide,135.30000972747803,1,7,CHIRPS Daily v2.0,Maharashtra,CHIRPS Rainfall
2025-09-03,2025-09-10,36.0,2025,P147,17.927231643141155,73.94769852026607,Satara,case_study,case_study,0.0,1,7,CHIRPS Daily v2.0,Maharashtra,CHIRPS Rainfall
2025-09-03,2025-09-10,36.0,2025,P061,18.507855650411397,76.91766048140843,Latur,high,priority,0.0,1,7,CHIRPS Daily v2.0,Maharashtra,CHIRPS Rainfall
2025-09-03,2025-09-10,36.0,2025,P062,18.422405896924207,76.3487594508077,Latur,high,priority,0.0,1,7,CHIRPS Daily v2.0,Maharashtra,CHIRPS Rainfall
2025-09-03,2025-09-10,36.0,2025,P063,18.235391198742693,77.05646783810116,Latur,high,priority,0.0,1,7,CHIRPS Daily v2.0,Maharashtra,CHIRPS Rainfall
2025-09-03,2025-09-10,36.0,2025,P064,18.193056493341274,76.77240080549139,Latur,high,priority,0.0,1,7,CHIRPS Daily v2.0,Maharashtra,CHIRPS Rainfall
2025-09-03,2025-09-10,36.0,2025,P065,18.331355512513895,76.44266811899327,Latur,high,priority,0.0,1,7,CHIRPS Daily v2.0,Maharashtra,CHIRPS Rainfall
2025-09-03,2025-09-10,36.0,2025,P066,18.104739537876725,76.5352970251765,Latur,high,priority,0.0,1,7,CHIRPS Daily v2.0,Maharashtra,CHIRPS Rainfall
2025-09-03,2025-09-10,36.0,2025,P067,18.280552974211986,77.0569984711265,Latur,high,priority,0.0,1,7,CHIRPS Daily v2.0,Maharashtra,CHIRPS Rainfall
2025-09-03,2025-09-10,36.0,2025,P068,18.101823285787773,76.86595720469373,Latur,high,priority,0.0,1,7,CHIRPS Daily v2.0,Maharashtra,CHIRPS Rainfall
2025-09-03,2025-09-10,36.0,2025,P069,18.595075667016793,77.20284228928156,Latur,high,priority,0.0,1,7,CHIRPS Daily v2.0,Maharashtra,CHIRPS Rainfall
2025-09-03,2025-09-10,36.0,2025,P070,18.41499041187233,77.15322587185987,Latur,high,priority,0.0,1,7,CHIRPS Daily v2.0,Maharashtra,CHIRPS Rainfall
2025-09-03,2025-09-10,36.0,2025,P071,18.149138807065885,76.63019561379593,Latur,high,priority,0.0,1,7,CHIRPS Daily v2.0,Maharashtra,CHIRPS Rainfall
2025-09-03,2025-09-10,36.0,2025,P072,18.283393421583035,76.77331492120734,Latur,high,priority,0.0,1,7,CHIRPS Daily v2.0,Maharashtra,CHIRPS Rainfall
2025-09-03,2025-09-10,36.0,2025,P073,17.966315663874607,76.86453029235662,Latur,high,priority,0.0,1,7,CHIRPS Daily v2.0,Maharashtra,CHIRPS Rainfall
2025-09-03,2025-09-10,36.0,2025,P074,18.50832831512306,76.870318205524,Latur,high,priority,0.0,1,7,CHIRPS Daily v2.0,Maharashtra,CHIRPS Rainfall
2025-09-03,2025-09-10,36.0,2025,P075,18.41444640154381,77.20053247493588,Latur,high,priority,0.0,1,7,CHIRPS Daily v2.0,Maharashtra,CHIRPS Rainfall
2025-09-03,2025-09-10,36.0,2025,P076,18.377877313804504,76.25376722106614,Latur,high,priority,0.0,1,7,CHIRPS Daily v2.0,Maharashtra,CHIRPS Rainfall
2025-09-03,2025-09-10,36.0,2025,P077,18.059564385104267,76.5349046242838,Latur,high,priority,0.0,1,7,CHIRPS Daily v2.0,Maharashtra,CHIRPS Rainfall
2025-09-03,2025-09-10,36.0,2025,P078,18.1008824154655,76.96042326051098,Latur,high,priority,0.0,1,7,CHIRPS Daily v2.0,Maharashtra,CHIRPS Rainfall
2025-09-03,2025-09-10,36.0,2025,P079,18.73508698099394,76.77797468180819,Latur,high,priority,0.0,1,7,CHIRPS Daily v2.0,Maharashtra,CHIRPS Rainfall
2025-09-03,2025-09-10,36.0,2025,P080,18.46791548227568,76.3017694439065,Latur,high,priority,0.0,1,7,CHIRPS Daily v2.0,Maharashtra,CHIRPS Rainfall
2025-09-03,2025-09-10,36.0,2025,P081,18.10355787609756,76.67701617485712,Latur,high,priority,0.0,1,7,CHIRPS Daily v2.0,Maharashtra,CHIRPS Rainfall
2025-09-03,2025-09-10,36.0,2025,P082,18.23907887531389,76.67830931416262,Latur,high,priority,0.0,1,7,CHIRPS Daily v2.0,Maharashtra,CHIRPS Rainfall
2025-09-03,2025-09-10,36.0,2025,P083,18.369289085175563,77.19996171000103,Latur,high,priority,0.0,1,7,CHIRPS Daily v2.0,Maharashtra,CHIRPS Rainfall
2025-09-03,2025-09-10,36.0,2025,P084,18.46362582706226,76.82249880582684,Latur,high,priority,0.0,1,7,CHIRPS Daily v2.0,Maharashtra,CHIRPS Rainfall
2025-09-03,2025-09-10,36.0,2025,P085,18.14788579966987,76.77194597718393,Latur,high,priority,0.0,1,7,CHIRPS Daily v2.0,Maharashtra,CHIRPS Rainfall
2025-09-03,2025-09-10,36.0,2025,P122,17.88145897082753,73.8441448165019,Satara,high,priority,0.0,1,7,CHIRPS Daily v2.0,Maharashtra,CHIRPS Rainfall
2025-09-03,2025-09-10,36.0,2025,P123,17.386414030975025,74.27088970551878,Satara,high,priority,0.0,1,7,CHIRPS Daily v2.0,Maharashtra,CHIRPS Rainfall
2025-09-03,2025-09-10,36.0,2025,P124,17.43262815429294,74.647353771057,Satara,high,priority,0.0,1,7,CHIRPS Daily v2.0,Maharashtra,CHIRPS Rainfall
2025-09-03,2025-09-10,36.0,2025,P125,17.56734651531964,74.31728219287884,Satara,high,priority,0.0,1,7,CHIRPS Daily v2.0,Maharashtra,CHIRPS Rainfall
2025-09-03,2025-09-10,36.0,2025,P126,17.205080227535593,74.13053949986157,Satara,high,priority,0.0,1,7,CHIRPS Daily v2.0,Maharashtra,CHIRPS Rainfall
2025-09-03,2025-09-10,36.0,2025,P127,17.65773249367299,74.31694330119876,Satara,high,priority,0.0,1,7,CHIRPS Daily v2.0,Maharashtra,CHIRPS Rainfall
2025-09-03,2025-09-10,36.0,2025,P128,18.019949731345452,74.5517328080669,Satara,high,priority,0.0,1,7,CHIRPS Daily v2.0,Maharashtra,CHIRPS Rainfall
2025-09-03,2025-09-10,36.0,2025,P129,18.063234225271252,74.03192648006461,Satara,high,priority,0.0,1,7,CHIRPS Daily v2.0,Maharashtra,CHIRPS Rainfall
2025-09-03,2025-09-10,36.0,2025,P130,17.61135784271715,74.03436560834085,Satara,high,priority,0.0,1,7,CHIRPS Daily v2.0,Maharashtra,CHIRPS Rainfall
2025-09-03,2025-09-10,36.0,2025,P131,17.612539504496315,74.3171127470388,Satara,high,priority,0.0,1,7,CHIRPS Daily v2.0,Maharashtra,CHIRPS Rainfall
2025-09-03,2025-09-10,36.0,2025,P132,17.702176353872684,74.12817617630324,Satara,high,priority,0.0,1,7,CHIRPS Daily v2.0,Maharashtra,CHIRPS Rainfall
2025-09-03,2025-09-10,36.0,2025,P133,17.25006363896275,74.08329532420031,Satara,high,priority,0.0,1,7,CHIRPS Daily v2.0,Maharashtra,CHIRPS Rainfall
2025-09-03,2025-09-10,36.0,2025,P134,17.476429903940936,74.17634784498362,Satara,high,priority,0.0,1,7,CHIRPS Daily v2.0,Maharashtra,CHIRPS Rainfall
2025-09-03,2025-09-10,36.0,2025,P135,17.882716437324603,74.0801070669471,Satara,high,priority,0.0,1,7,CHIRPS Daily v2.0,Maharashtra,CHIRPS Rainfall
2025-09-03,2025-09-10,36.0,2025,P136,17.928520323345598,74.22149178404871,Satara,high,priority,0.0,1,7,CHIRPS Daily v2.0,Maharashtra,CHIRPS Rainfall
2025-09-03,2025-09-10,36.0,2025,P137,17.746687100588183,73.98648378122894,Satara,high,priority,0.0,1,7,CHIRPS Daily v2.0,Maharashtra,CHIRPS Rainfall
2025-09-03,2025-09-10,36.0,2025,P138,17.61269557303319,74.36423652697161,Satara,high,priority,0.0,1,7,CHIRPS Daily v2.0,Maharashtra,CHIRPS Rainfall
2025-09-03,2025-09-10,36.0,2025,P139,17.656773786946495,74.08126197411994,Satara,high,priority,0.0,1,7,CHIRPS Daily v2.0,Maharashtra,CHIRPS Rainfall
2025-09-03,2025-09-10,36.0,2025,P140,17.97464080554139,74.50462240543725,Satara,high,priority,0.0,1,7,CHIRPS Daily v2.0,Maharashtra,CHIRPS Rainfall
2025-09-03,2025-09-10,36.0,2025,P141,17.430826677467348,74.08239904488856,Satara,high,priority,0.0,1,7,CHIRPS Daily v2.0,Maharashtra,CHIRPS Rainfall
2025-09-03,2025-09-10,36.0,2025,P142,18.064447100757786,74.31538707493111,Satara,high,priority,0.0,1,7,CHIRPS Daily v2.0,Maharashtra,CHIRPS Rainfall
2025-09-03,2025-09-10,36.0,2025,P143,17.70379500755509,74.6468275971327,Satara,high,priority,0.0,1,7,CHIRPS Daily v2.0,Maharashtra,CHIRPS Rainfall
2025-09-03,2025-09-10,36.0,2025,P144,17.929452275465767,74.50474726026674,Satara,high,priority,0.0,1,7,CHIRPS Daily v2.0,Maharashtra,CHIRPS Rainfall
2025-09-03,2025-09-10,36.0,2025,P145,17.47773196144854,74.60017202281048,Satara,high,priority,15.389765739440918,1,7,CHIRPS Daily v2.0,Maharashtra,CHIRPS Rainfall
2025-09-03,2025-09-10,36.0,2025,P146,17.839182233739812,74.55218763637436,Satara,high,priority,9.978754043579102,1,7,CHIRPS Daily v2.0,Maharashtra,CHIRPS Rainfall
2025-09-03,2025-09-10,36.0,2025,P001,19.940457800458272,74.57045211428928,Ahmednagar,normal,statewide,20.77385139465332,1,7,CHIRPS Daily v2.0,Maharashtra,CHIRPS Rainfall
2025-09-03,2025-09-10,36.0,2025,P002,18.946729294293643,74.76302285238339,Ahmednagar,normal,statewide,0.0,1,7,CHIRPS Daily v2.0,Maharashtra,CHIRPS Rainfall
2025-09-03,2025-09-10,36.0,2025,P003,18.49469238410162,74.66892244285252,Ahmednagar,normal,statewide,0.0,1,7,CHIRPS Daily v2.0,Maharashtra,CHIRPS Rainfall
2025-09-03,2025-09-10,36.0,2025,P004,19.03720445466806,75.1420731965326,Ahmednagar,normal,statewide,0.0,1,7,CHIRPS Daily v2.0,Maharashtra,CHIRPS Rainfall
2025-09-03,2025-09-10,36.0,2025,P005,20.832153156317954,77.06560453615967,Akola,normal,statewide,20.400870323181152,1,7,CHIRPS Daily v2.0,Maharashtra,CHIRPS Rainfall
2025-09-03,2025-09-10,36.0,2025,P006,20.834360411339407,76.87349308547405,Akola,normal,statewide,24.461605548858643,1,7,CHIRPS Daily v2.0,Maharashtra,CHIRPS Rainfall
2025-09-03,2025-09-10,36.0,2025,P007,21.014976299509232,76.87574047240498,Akola,normal,statewide,20.10214328765869,1,7,CHIRPS Daily v2.0,Maharashtra,CHIRPS Rainfall
2025-09-03,2025-09-10,36.0,2025,P008,20.828434266039377,77.35372489162701,Akola,normal,statewide,14.482865810394287,1,7,CHIRPS Daily v2.0,Maharashtra,CHIRPS Rainfall
2025-09-03,2025-09-10,36.0,2025,P009,21.360971327549258,77.94039543992572,Amravati,normal,statewide,25.689298152923584,1,7,CHIRPS Daily v2.0,Maharashtra,CHIRPS Rainfall
2025-09-03,2025-09-10,36.0,2025,P010,21.178803672212837,78.03301542790685,Amravati,normal,statewide,19.4001727104187,1,7,CHIRPS Daily v2.0,Maharashtra,CHIRPS Rainfall
2025-09-03,2025-09-10,36.0,2025,P011,20.814388097721018,78.21764450702477,Amravati,normal,statewide,18.277254581451416,1,7,CHIRPS Daily v2.0,Maharashtra,CHIRPS Rainfall
2025-09-03,2025-09-10,36.0,2025,P012,21.180502589714195,77.93681032267875,Amravati,normal,statewide,22.645686149597168,1,7,CHIRPS Daily v2.0,Maharashtra,CHIRPS Rainfall
2025-09-03,2025-09-10,36.0,2025,P013,20.031289688916964,74.8570519162974,Aurangabad,normal,statewide,17.944162368774414,1,7,CHIRPS Daily v2.0,Maharashtra,CHIRPS Rainfall
2025-09-03,2025-09-10,36.0,2025,P014,19.760185263069562,75.14270192978114,Aurangabad,normal,statewide,5.611104488372803,1,7,CHIRPS Daily v2.0,Maharashtra,CHIRPS Rainfall
2025-09-03,2025-09-10,36.0,2025,P015,19.9408189876436,74.76157364454102,Aurangabad,normal,statewide,16.497474193572998,1,7,CHIRPS Daily v2.0,Maharashtra,CHIRPS Rainfall
2025-09-03,2025-09-10,36.0,2025,P016,19.66981712112043,75.14262166596218,Aurangabad,normal,statewide,9.289346694946289,1,7,CHIRPS Daily v2.0,Maharashtra,CHIRPS Rainfall
2025-09-03,2025-09-10,36.0,2025,P017,21.04613203856966,79.85576216552393,Bhandara,normal,statewide,21.079808712005615,1,7,CHIRPS Daily v2.0,Maharashtra,CHIRPS Rainfall
2025-09-03,2025-09-10,36.0,2025,P018,21.31897105472685,79.76852877161537,Bhandara,normal,statewide,24.952682495117188,1,7,CHIRPS Daily v2.0,Maharashtra,CHIRPS Rainfall
2025-09-03,2025-09-10,36.0,2025,P019,21.40900922319803,79.77144948280537,Bhandara,normal,statewide,13.201273918151855,1,7,CHIRPS Daily v2.0,Maharashtra,CHIRPS Rainfall
2025-09-03,2025-09-10,36.0,2025,P020,21.144196588937042,79.57074980349083,Bhandara,normal,statewide,11.903590202331543,1,7,CHIRPS Daily v2.0,Maharashtra,CHIRPS Rainfall
2025-09-03,2025-09-10,36.0,2025,P021,18.67502288980403,75.52108340877234,Bid,normal,statewide,0.0,1,7,CHIRPS Daily v2.0,Maharashtra,CHIRPS Rainfall
2025-09-03,2025-09-10,36.0,2025,P022,18.856499384477168,75.04699178476999,Bid,normal,statewide,1.5808367729187012,1,7,CHIRPS Daily v2.0,Maharashtra,CHIRPS Rainfall
2025-09-03,2025-09-10,36.0,2025,P023,19.126596053486494,75.6175605191647,Bid,normal,statewide,0.0,1,7,CHIRPS Daily v2.0,Maharashtra,CHIRPS Rainfall
2025-09-03,2025-09-10,36.0,2025,P024,18.763955201213946,75.90084720909012,Bid,normal,statewide,0.0,1,7,CHIRPS Daily v2.0,Maharashtra,CHIRPS Rainfall
2025-09-03,2025-09-10,36.0,2025,P025,20.93073496240753,76.20164478885242,Buldana,normal,statewide,16.992965698242188,1,7,CHIRPS Daily v2.0,Maharashtra,CHIRPS Rainfall
2025-09-03,2025-09-10,36.0,2025,P026,20.838939908121294,76.39311412898633,Buldana,normal,statewide,4.9385504722595215,1,7,CHIRPS Daily v2.0,Maharashtra,CHIRPS Rainfall
2025-09-03,2025-09-10,36.0,2025,P027,20.657476790751314,76.48742857536776,Buldana,normal,statewide,21.37138032913208,1,7,CHIRPS Daily v2.0,Maharashtra,CHIRPS Rainfall
2025-09-03,2025-09-10,36.0,2025,P028,20.47967013624516,76.10222021266374,Buldana,normal,statewide,14.813669204711914,1,7,CHIRPS Daily v2.0,Maharashtra,CHIRPS Rainfall
2025-09-03,2025-09-10,36.0,2025,P029,20.32317798477448,79.92829390325927,Chandrapur,normal,statewide,33.680792808532715,1,7,CHIRPS Daily v2.0,Maharashtra,CHIRPS Rainfall
2025-09-03,2025-09-10,36.0,2025,P030,20.60872097983294,79.36304041732026,Chandrapur,normal,statewide,11.903293132781982,1,7,CHIRPS Daily v2.0,Maharashtra,CHIRPS Rainfall
2025-09-03,2025-09-10,36.0,2025,P031,20.511160307884595,79.64732594588165,Chandrapur,normal,statewide,26.935523986816406,1,7,CHIRPS Daily v2.0,Maharashtra,CHIRPS Rainfall
2025-09-03,2025-09-10,36.0,2025,P032,20.598621115946884,79.74569817422172,Chandrapur,normal,statewide,19.010892868041992,1,7,CHIRPS Daily v2.0,Maharashtra,CHIRPS Rainfall
2025-09-03,2025-09-10,36.0,2025,P033,21.38667804512237,75.14422248324037,Dhule,normal,statewide,31.38787269592285,1,7,CHIRPS Daily v2.0,Maharashtra,CHIRPS Rainfall
2025-09-03,2025-09-10,36.0,2025,P034,21.025151968113196,74.75989256344387,Dhule,normal,statewide,32.53968048095703,1,7,CHIRPS Daily v2.0,Maharashtra,CHIRPS Rainfall
2025-09-03,2025-09-10,36.0,2025,P035,21.477028350667293,74.85568743137505,Dhule,normal,statewide,46.546871185302734,1,7,CHIRPS Daily v2.0,Maharashtra,CHIRPS Rainfall
2025-09-03,2025-09-10,36.0,2025,P036,20.933820660336515,74.37533522949364,Dhule,normal,statewide,60.57420635223389,1,7,CHIRPS Daily v2.0,Maharashtra,CHIRPS Rainfall
2025-09-03,2025-09-10,36.0,2025,P037,19.963056524597132,79.91698116388667,Garhchiroli,normal,statewide,27.309834480285645,1,7,CHIRPS Daily v2.0,Maharashtra,CHIRPS Rainfall
2025-09-03,2025-09-10,36.0,2025,P038,19.062661462582188,79.88977172925856,Garhchiroli,normal,statewide,21.71928644180298,1,7,CHIRPS Daily v2.0,Maharashtra,CHIRPS Rainfall
2025-09-03,2025-09-10,36.0,2025,P039,19.510270485428137,79.9981368030594,Garhchiroli,normal,statewide,10.325898170471191,1,7,CHIRPS Daily v2.0,Maharashtra,CHIRPS Rainfall
2025-09-03,2025-09-10,36.0,2025,P040,19.870365190999156,80.00935144220881,Garhchiroli,normal,statewide,34.175612449645996,1,7,CHIRPS Daily v2.0,Maharashtra,CHIRPS Rainfall
2025-09-03,2025-09-10,36.0,2025,P041,21.127639946725598,80.1465044724107,Gondiya,normal,statewide,19.189980506896973,1,7,CHIRPS Daily v2.0,Maharashtra,CHIRPS Rainfall
2025-09-03,2025-09-10,36.0,2025,P042,21.397598383602258,80.15591763473452,Gondiya,normal,statewide,25.456100940704346,1,7,CHIRPS Daily v2.0,Maharashtra,CHIRPS Rainfall
2025-09-03,2025-09-10,36.0,2025,P043,21.574548890706154,80.25847249986273,Gondiya,normal,statewide,26.77158546447754,1,7,CHIRPS Daily v2.0,Maharashtra,CHIRPS Rainfall
2025-09-03,2025-09-10,36.0,2025,P044,21.211649410572516,80.34153217518526,Gondiya,normal,statewide,20.360060691833496,1,7,CHIRPS Daily v2.0,Maharashtra,CHIRPS Rainfall
2025-09-03,2025-09-10,36.0,2025,P045,19.655900266732623,77.2407892392464,Hingoli,normal,statewide,16.632710695266724,1,7,CHIRPS Daily v2.0,Maharashtra,CHIRPS Rainfall
2025-09-03,2025-09-10,36.0,2025,P046,19.566758377573187,77.1442675378435,Hingoli,normal,statewide,12.066570281982422,1,7,CHIRPS Daily v2.0,Maharashtra,CHIRPS Rainfall
2025-09-03,2025-09-10,36.0,2025,P047,19.47860194974656,76.9526242927685,Hingoli,normal,statewide,7.553741931915283,1,7,CHIRPS Daily v2.0,Maharashtra,CHIRPS Rainfall
2025-09-03,2025-09-10,36.0,2025,P048,19.927981235710728,77.14910120338544,Hingoli,normal,statewide,14.72859239578247,1,7,CHIRPS Daily v2.0,Maharashtra,CHIRPS Rainfall
2025-09-03,2025-09-10,36.0,2025,P049,21.292738163229433,76.10816865346904,Jalgaon,normal,statewide,23.48772096633911,1,7,CHIRPS Daily v2.0,Maharashtra,CHIRPS Rainfall
2025-09-03,2025-09-10,36.0,2025,P050,21.386178625804387,75.43363151891216,Jalgaon,normal,statewide,27.5011625289917,1,7,CHIRPS Daily v2.0,Maharashtra,CHIRPS Rainfall
2025-09-03,2025-09-10,36.0,2025,P051,21.112064306745907,76.10682200495089,Jalgaon,normal,statewide,19.15947914123535,1,7,CHIRPS Daily v2.0,Maharashtra,CHIRPS Rainfall
2025-09-03,2025-09-10,36.0,2025,P052,20.844437979720194,75.23982115072519,Jalgaon,normal,statewide,28.64451313018799,1,7,CHIRPS Daily v2.0,Maharashtra,CHIRPS Rainfall
2025-09-03,2025-09-10,36.0,2025,P053,19.486369703781666,76.00005328932718,Jalna,normal,statewide,6.757885456085205,1,7,CHIRPS Daily v2.0,Maharashtra,CHIRPS Rainfall
2025-09-03,2025-09-10,36.0,2025,P054,20.028502750758555,76.00343774702675,Jalna,normal,statewide,0.0,1,7,CHIRPS Daily v2.0,Maharashtra,CHIRPS Rainfall
2025-09-03,2025-09-10,36.0,2025,P055,19.75743845682064,76.00172991132328,Jalna,normal,statewide,5.186237335205078,1,7,CHIRPS Daily v2.0,Maharashtra,CHIRPS Rainfall
2025-09-03,2025-09-10,36.0,2025,P056,19.57768317515413,75.80993951591351,Jalna,normal,statewide,0.0,1,7,CHIRPS Daily v2.0,Maharashtra,CHIRPS Rainfall
2025-09-03,2025-09-10,36.0,2025,P057,16.776377793156257,74.29671235971928,Kolhapur,normal,statewide,0.0,1,7,CHIRPS Daily v2.0,Maharashtra,CHIRPS Rainfall
2025-09-03,2025-09-10,36.0,2025,P058,16.324416687682138,74.29834884980589,Kolhapur,normal,statewide,0.0,1,7,CHIRPS Daily v2.0,Maharashtra,CHIRPS Rainfall
2025-09-03,2025-09-10,36.0,2025,P059,16.595891218916975,74.39111598812178,Kolhapur,normal,statewide,0.0,1,7,CHIRPS Daily v2.0,Maharashtra,CHIRPS Rainfall
2025-09-03,2025-09-10,36.0,2025,P060,16.414811584237594,74.29802779453004,Kolhapur,normal,statewide,0.0,1,7,CHIRPS Daily v2.0,Maharashtra,CHIRPS Rainfall
2025-09-03,2025-09-10,36.0,2025,P086,21.054127206758487,79.56798961993874,Nagpur,normal,statewide,9.717206954956055,1,7,CHIRPS Daily v2.0,Maharashtra,CHIRPS Rainfall
2025-09-03,2025-09-10,36.0,2025,P087,21.146765031143822,79.47473643960802,Nagpur,normal,statewide,12.365640640258789,1,7,CHIRPS Daily v2.0,Maharashtra,CHIRPS Rainfall
2025-09-03,2025-09-10,36.0,2025,P088,21.347803602138427,78.61442869606356,Nagpur,normal,statewide,11.940978050231934,1,7,CHIRPS Daily v2.0,Maharashtra,CHIRPS Rainfall
2025-09-03,2025-09-10,36.0,2025,P089,21.165377318940912,78.70615240473293,Nagpur,normal,statewide,32.06565856933594,1,7,CHIRPS Daily v2.0,Maharashtra,CHIRPS Rainfall
2025-09-03,2025-09-10,36.0,2025,P090,19.201968238592887,77.42470040309472,Nanded,normal,statewide,11.51026439666748,1,7,CHIRPS Daily v2.0,Maharashtra,CHIRPS Rainfall
2025-09-03,2025-09-10,36.0,2025,P091,18.566038000956755,77.69963965584807,Nanded,normal,statewide,0.0,1,7,CHIRPS Daily v2.0,Maharashtra,CHIRPS Rainfall
2025-09-03,2025-09-10,36.0,2025,P092,19.736596618496833,77.90946265591798,Nanded,normal,statewide,32.451361656188965,1,7,CHIRPS Daily v2.0,Maharashtra,CHIRPS Rainfall
2025-09-03,2025-09-10,36.0,2025,P093,18.93564842817583,77.04115528508362,Nanded,normal,statewide,0.0,1,7,CHIRPS Daily v2.0,Maharashtra,CHIRPS Rainfall
2025-09-03,2025-09-10,36.0,2025,P094,21.564917232430716,74.08292967791392,Nandurbar,normal,statewide,113.75408935546875,1,7,CHIRPS Daily v2.0,Maharashtra,CHIRPS Rainfall
2025-09-03,2025-09-10,36.0,2025,P095,21.5662594218478,74.37266422796263,Nandurbar,normal,statewide,88.16175651550293,1,7,CHIRPS Daily v2.0,Maharashtra,CHIRPS Rainfall
2025-09-03,2025-09-10,36.0,2025,P096,21.385179787168415,74.27697637845674,Nandurbar,normal,statewide,70.29163599014282,1,7,CHIRPS Daily v2.0,Maharashtra,CHIRPS Rainfall
2025-09-03,2025-09-10,36.0,2025,P097,21.565421110849755,74.17950488852946,Nandurbar,normal,statewide,111.26905059814453,1,7,CHIRPS Daily v2.0,Maharashtra,CHIRPS Rainfall
2025-09-03,2025-09-10,36.0,2025,P098,20.299553667393326,73.99482675929994,Nashik,normal,statewide,35.003804206848145,1,7,CHIRPS Daily v2.0,Maharashtra,CHIRPS Rainfall
2025-09-03,2025-09-10,36.0,2025,P099,20.120253214034264,74.28296495117151,Nashik,normal,statewide,39.66783142089844,1,7,CHIRPS Daily v2.0,Maharashtra,CHIRPS Rainfall
2025-09-03,2025-09-10,36.0,2025,P100,20.389903972938242,73.99424261706194,Nashik,normal,statewide,43.812788009643555,1,7,CHIRPS Daily v2.0,Maharashtra,CHIRPS Rainfall
2025-09-03,2025-09-10,36.0,2025,P101,20.029015547379707,74.09216447619562,Nashik,normal,statewide,55.610801696777344,1,7,CHIRPS Daily v2.0,Maharashtra,CHIRPS Rainfall
2025-09-03,2025-09-10,36.0,2025,P102,17.85749130266526,76.36802722645965,Osmanabad,normal,statewide,0.0,1,7,CHIRPS Daily v2.0,Maharashtra,CHIRPS Rainfall
2025-09-03,2025-09-10,36.0,2025,P103,17.76644983645705,76.46164605307673,Osmanabad,normal,statewide,0.0,1,7,CHIRPS Daily v2.0,Maharashtra,CHIRPS Rainfall
2025-09-03,2025-09-10,36.0,2025,P104,17.949094615606196,76.17989775301476,Osmanabad,normal,statewide,0.0,1,7,CHIRPS Daily v2.0,Maharashtra,CHIRPS Rainfall
2025-09-03,2025-09-10,36.0,2025,P105,18.584360447185368,75.61558067829696,Osmanabad,normal,statewide,0.0,1,7,CHIRPS Daily v2.0,Maharashtra,CHIRPS Rainfall
2025-09-03,2025-09-10,36.0,2025,P106,19.031389786894366,76.47235681380711,Parbhani,normal,statewide,0.0,1,7,CHIRPS Daily v2.0,Maharashtra,CHIRPS Rainfall
2025-09-03,2025-09-10,36.0,2025,P107,19.120950831552832,76.56820519095093,Parbhani,normal,statewide,0.0,1,7,CHIRPS Daily v2.0,Maharashtra,CHIRPS Rainfall
2025-09-03,2025-09-10,36.0,2025,P108,19.208625676465683,76.85432786914635,Parbhani,normal,statewide,9.101465702056885,1,7,CHIRPS Daily v2.0,Maharashtra,CHIRPS Rainfall
2025-09-03,2025-09-10,36.0,2025,P109,19.212081479782103,76.47396209018636,Parbhani,normal,statewide,9.170926094055176,1,7,CHIRPS Daily v2.0,Maharashtra,CHIRPS Rainfall
2025-09-03,2025-09-10,36.0,2025,P110,18.133442771357757,75.04679558432363,Pune,normal,statewide,0.0,1,7,CHIRPS Daily v2.0,Maharashtra,CHIRPS Rainfall
2025-09-03,2025-09-10,36.0,2025,P111,18.584645829652782,74.47919215212944,Pune,normal,statewide,0.0,1,7,CHIRPS Daily v2.0,Maharashtra,CHIRPS Rainfall
2025-09-03,2025-09-10,36.0,2025,P112,18.132979024848197,74.57507620208169,Pune,normal,statewide,14.787537574768066,1,7,CHIRPS Daily v2.0,Maharashtra,CHIRPS Rainfall
2025-09-03,2025-09-10,36.0,2025,P113,18.314072036830744,74.76389683618987,Pune,normal,statewide,7.508945941925049,1,7,CHIRPS Daily v2.0,Maharashtra,CHIRPS Rainfall
2025-09-03,2025-09-10,36.0,2025,P114,18.48503397121986,73.0589238755964,Raigarh,normal,statewide,8.783243179321289,1,7,CHIRPS Daily v2.0,Maharashtra,CHIRPS Rainfall
2025-09-03,2025-09-10,36.0,2025,P115,18.665689991299164,73.05687714821288,Raigarh,normal,statewide,22.363475799560547,1,7,CHIRPS Daily v2.0,Maharashtra,CHIRPS Rainfall
2025-09-03,2025-09-10,36.0,2025,P116,18.306197264370358,73.25009891506079,Raigarh,normal,statewide,0.0,1,7,CHIRPS Daily v2.0,Maharashtra,CHIRPS Rainfall
2025-09-03,2025-09-10,36.0,2025,P117,18.21404102289879,73.06194714611064,Raigarh,normal,statewide,0.0,1,7,CHIRPS Daily v2.0,Maharashtra,CHIRPS Rainfall
2025-09-03,2025-09-10,36.0,2025,P118,17.138719885658215,75.42259970290594,Sangli,normal,statewide,0.0,1,7,CHIRPS Daily v2.0,Maharashtra,CHIRPS Rainfall
2025-09-03,2025-09-10,36.0,2025,P119,17.048761981005992,74.95348443567921,Sangli,normal,statewide,0.0,1,7,CHIRPS Daily v2.0,Maharashtra,CHIRPS Rainfall
2025-09-03,2025-09-10,36.0,2025,P120,16.86707144948229,74.39025538161847,Sangli,normal,statewide,0.0,1,7,CHIRPS Daily v2.0,Maharashtra,CHIRPS Rainfall
2025-09-03,2025-09-10,36.0,2025,P121,17.048503353144895,74.67157114887826,Sangli,normal,statewide,0.0,1,7,CHIRPS Daily v2.0,Maharashtra,CHIRPS Rainfall
2025-09-03,2025-09-10,36.0,2025,P148,17.67852974098626,76.08383979812143,Solapur,normal,statewide,7.174487113952637,1,7,CHIRPS Daily v2.0,Maharashtra,CHIRPS Rainfall
2025-09-03,2025-09-10,36.0,2025,P149,18.223365003201543,75.4251413905064,Solapur,normal,statewide,0.0,1,7,CHIRPS Daily v2.0,Maharashtra,CHIRPS Rainfall
2025-09-03,2025-09-10,36.0,2025,P150,17.952532582518405,75.23562067753285,Solapur,normal,statewide,0.0,1,7,CHIRPS Daily v2.0,Maharashtra,CHIRPS Rainfall
2025-09-03,2025-09-10,36.0,2025,P151,18.223690517578447,75.23598186471818,Solapur,normal,statewide,0.0,1,7,CHIRPS Daily v2.0,Maharashtra,CHIRPS Rainfall
2025-09-03,2025-09-10,36.0,2025,P152,19.658178867370932,72.94986318203122,Thane,normal,statewide,160.42758178710938,1,7,CHIRPS Daily v2.0,Maharashtra,CHIRPS Rainfall
2025-09-03,2025-09-10,36.0,2025,P153,19.65706409210757,72.8545320606096,Thane,normal,statewide,160.42794799804688,1,7,CHIRPS Daily v2.0,Maharashtra,CHIRPS Rainfall
2025-09-03,2025-09-10,36.0,2025,P154,19.477549601897948,72.95214624177059,Thane,normal,statewide,122.60033798217773,1,7,CHIRPS Daily v2.0,Maharashtra,CHIRPS Rainfall
2025-09-03,2025-09-10,36.0,2025,P155,19.83987385799569,73.0429959666335,Thane,normal,statewide,147.4884204864502,1,7,CHIRPS Daily v2.0,Maharashtra,CHIRPS Rainfall
2025-09-03,2025-09-10,36.0,2025,P156,20.806749657616468,78.60135461177485,Wardha,normal,statewide,5.140084266662598,1,7,CHIRPS Daily v2.0,Maharashtra,CHIRPS Rainfall
2025-09-03,2025-09-10,36.0,2025,P157,20.71031267913359,78.88671032458906,Wardha,normal,statewide,4.867010116577148,1,7,CHIRPS Daily v2.0,Maharashtra,CHIRPS Rainfall
2025-09-03,2025-09-10,36.0,2025,P158,21.081265295769754,78.41565980750515,Wardha,normal,statewide,31.108325958251953,1,7,CHIRPS Daily v2.0,Maharashtra,CHIRPS Rainfall
2025-09-03,2025-09-10,36.0,2025,P159,20.439854822938944,78.87986114537097,Wardha,normal,statewide,12.690423011779785,1,7,CHIRPS Daily v2.0,Maharashtra,CHIRPS Rainfall
2025-09-03,2025-09-10,36.0,2025,P160,20.289186257444058,77.15404188735265,Washim,normal,statewide,22.717963695526123,1,7,CHIRPS Daily v2.0,Maharashtra,CHIRPS Rainfall
2025-09-03,2025-09-10,36.0,2025,P161,20.464607292886615,77.53975858757677,Washim,normal,statewide,14.186519145965576,1,7,CHIRPS Daily v2.0,Maharashtra,CHIRPS Rainfall
2025-09-03,2025-09-10,36.0,2025,P162,20.107393166596125,77.2471479173486,Washim,normal,statewide,21.074254751205444,1,7,CHIRPS Daily v2.0,Maharashtra,CHIRPS Rainfall
2025-09-03,2025-09-10,36.0,2025,P163,20.198885002010726,77.1527933390577,Washim,normal,statewide,18.91873836517334,1,7,CHIRPS Daily v2.0,Maharashtra,CHIRPS Rainfall
2025-09-03,2025-09-10,36.0,2025,P164,20.182854533723592,78.20447678161395,Yavatmal,normal,statewide,13.655475616455078,1,7,CHIRPS Daily v2.0,Maharashtra,CHIRPS Rainfall
2025-09-03,2025-09-10,36.0,2025,P165,19.894658373538324,79.05709703494229,Yavatmal,normal,statewide,26.166690826416016,1,7,CHIRPS Daily v2.0,Maharashtra,CHIRPS Rainfall
2025-09-03,2025-09-10,36.0,2025,P166,19.468787468327925,77.71426550730338,Yavatmal,normal,statewide,13.899899005889893,1,7,CHIRPS Daily v2.0,Maharashtra,CHIRPS Rainfall
2025-09-03,2025-09-10,36.0,2025,P167,19.559057510053886,77.71577268345945,Yavatmal,normal,statewide,12.438501358032227,1,7,CHIRPS Daily v2.0,Maharashtra,CHIRPS Rainfall
2025-09-10,2025-09-17,37.0,2025,P147,17.927231643141155,73.94769852026607,Satara,case_study,case_study,148.26274299621582,1,7,CHIRPS Daily v2.0,Maharashtra,CHIRPS Rainfall
2025-09-10,2025-09-17,37.0,2025,P061,18.507855650411397,76.91766048140843,Latur,high,priority,143.70001649856567,1,7,CHIRPS Daily v2.0,Maharashtra,CHIRPS Rainfall
2025-09-10,2025-09-17,37.0,2025,P062,18.422405896924207,76.3487594508077,Latur,high,priority,175.43854522705078,1,7,CHIRPS Daily v2.0,Maharashtra,CHIRPS Rainfall
2025-09-10,2025-09-17,37.0,2025,P063,18.235391198742693,77.05646783810116,Latur,high,priority,139.22029972076416,1,7,CHIRPS Daily v2.0,Maharashtra,CHIRPS Rainfall
2025-09-10,2025-09-17,37.0,2025,P064,18.193056493341274,76.77240080549139,Latur,high,priority,147.6396360397339,1,7,CHIRPS Daily v2.0,Maharashtra,CHIRPS Rainfall
2025-09-10,2025-09-17,37.0,2025,P065,18.331355512513895,76.44266811899327,Latur,high,priority,175.42616081237793,1,7,CHIRPS Daily v2.0,Maharashtra,CHIRPS Rainfall
2025-09-10,2025-09-17,37.0,2025,P066,18.104739537876725,76.5352970251765,Latur,high,priority,135.12113666534424,1,7,CHIRPS Daily v2.0,Maharashtra,CHIRPS Rainfall
2025-09-10,2025-09-17,37.0,2025,P067,18.280552974211986,77.0569984711265,Latur,high,priority,138.3041477203369,1,7,CHIRPS Daily v2.0,Maharashtra,CHIRPS Rainfall
2025-09-10,2025-09-17,37.0,2025,P068,18.101823285787773,76.86595720469373,Latur,high,priority,128.1632685661316,1,7,CHIRPS Daily v2.0,Maharashtra,CHIRPS Rainfall
2025-09-10,2025-09-17,37.0,2025,P069,18.595075667016793,77.20284228928156,Latur,high,priority,111.27498817443848,1,7,CHIRPS Daily v2.0,Maharashtra,CHIRPS Rainfall
2025-09-10,2025-09-17,37.0,2025,P070,18.41499041187233,77.15322587185987,Latur,high,priority,121.48174095153809,1,7,CHIRPS Daily v2.0,Maharashtra,CHIRPS Rainfall
2025-09-10,2025-09-17,37.0,2025,P071,18.149138807065885,76.63019561379593,Latur,high,priority,135.1699733734131,1,7,CHIRPS Daily v2.0,Maharashtra,CHIRPS Rainfall
2025-09-10,2025-09-17,37.0,2025,P072,18.283393421583035,76.77331492120734,Latur,high,priority,138.98787212371826,1,7,CHIRPS Daily v2.0,Maharashtra,CHIRPS Rainfall
2025-09-10,2025-09-17,37.0,2025,P073,17.966315663874607,76.86453029235662,Latur,high,priority,127.78672122955322,1,7,CHIRPS Daily v2.0,Maharashtra,CHIRPS Rainfall
2025-09-10,2025-09-17,37.0,2025,P074,18.50832831512306,76.870318205524,Latur,high,priority,133.7949514389038,1,7,CHIRPS Daily v2.0,Maharashtra,CHIRPS Rainfall
2025-09-10,2025-09-17,37.0,2025,P075,18.41444640154381,77.20053247493588,Latur,high,priority,114.16408061981201,1,7,CHIRPS Daily v2.0,Maharashtra,CHIRPS Rainfall
2025-09-10,2025-09-17,37.0,2025,P076,18.377877313804504,76.25376722106614,Latur,high,priority,181.6712417602539,1,7,CHIRPS Daily v2.0,Maharashtra,CHIRPS Rainfall
2025-09-10,2025-09-17,37.0,2025,P077,18.059564385104267,76.5349046242838,Latur,high,priority,140.05960845947266,1,7,CHIRPS Daily v2.0,Maharashtra,CHIRPS Rainfall
2025-09-10,2025-09-17,37.0,2025,P078,18.1008824154655,76.96042326051098,Latur,high,priority,132.38302946090698,1,7,CHIRPS Daily v2.0,Maharashtra,CHIRPS Rainfall
2025-09-10,2025-09-17,37.0,2025,P079,18.73508698099394,76.77797468180819,Latur,high,priority,128.894549369812,1,7,CHIRPS Daily v2.0,Maharashtra,CHIRPS Rainfall
2025-09-10,2025-09-17,37.0,2025,P080,18.46791548227568,76.3017694439065,Latur,high,priority,165.47181510925293,1,7,CHIRPS Daily v2.0,Maharashtra,CHIRPS Rainfall
2025-09-10,2025-09-17,37.0,2025,P081,18.10355787609756,76.67701617485712,Latur,high,priority,137.29084014892578,1,7,CHIRPS Daily v2.0,Maharashtra,CHIRPS Rainfall
2025-09-10,2025-09-17,37.0,2025,P082,18.23907887531389,76.67830931416262,Latur,high,priority,144.09918880462646,1,7,CHIRPS Daily v2.0,Maharashtra,CHIRPS Rainfall
2025-09-10,2025-09-17,37.0,2025,P083,18.369289085175563,77.19996171000103,Latur,high,priority,129.0176124572754,1,7,CHIRPS Daily v2.0,Maharashtra,CHIRPS Rainfall
2025-09-10,2025-09-17,37.0,2025,P084,18.46362582706226,76.82249880582684,Latur,high,priority,138.232027053833,1,7,CHIRPS Daily v2.0,Maharashtra,CHIRPS Rainfall
2025-09-10,2025-09-17,37.0,2025,P085,18.14788579966987,76.77194597718393,Latur,high,priority,141.17007064819336,1,7,CHIRPS Daily v2.0,Maharashtra,CHIRPS Rainfall
2025-09-10,2025-09-17,37.0,2025,P122,17.88145897082753,73.8441448165019,Satara,high,priority,155.33012008666992,1,7,CHIRPS Daily v2.0,Maharashtra,CHIRPS Rainfall
2025-09-10,2025-09-17,37.0,2025,P123,17.386414030975025,74.27088970551878,Satara,high,priority,71.27219772338867,1,7,CHIRPS Daily v2.0,Maharashtra,CHIRPS Rainfall
2025-09-10,2025-09-17,37.0,2025,P124,17.43262815429294,74.647353771057,Satara,high,priority,114.13334274291992,1,7,CHIRPS Daily v2.0,Maharashtra,CHIRPS Rainfall
2025-09-10,2025-09-17,37.0,2025,P125,17.56734651531964,74.31728219287884,Satara,high,priority,104.91922569274902,1,7,CHIRPS Daily v2.0,Maharashtra,CHIRPS Rainfall
2025-09-10,2025-09-17,37.0,2025,P126,17.205080227535593,74.13053949986157,Satara,high,priority,87.47851085662842,1,7,CHIRPS Daily v2.0,Maharashtra,CHIRPS Rainfall
2025-09-10,2025-09-17,37.0,2025,P127,17.65773249367299,74.31694330119876,Satara,high,priority,119.3759708404541,1,7,CHIRPS Daily v2.0,Maharashtra,CHIRPS Rainfall
2025-09-10,2025-09-17,37.0,2025,P128,18.019949731345452,74.5517328080669,Satara,high,priority,202.15793800354004,1,7,CHIRPS Daily v2.0,Maharashtra,CHIRPS Rainfall
2025-09-10,2025-09-17,37.0,2025,P129,18.063234225271252,74.03192648006461,Satara,high,priority,113.3254337310791,1,7,CHIRPS Daily v2.0,Maharashtra,CHIRPS Rainfall
2025-09-10,2025-09-17,37.0,2025,P130,17.61135784271715,74.03436560834085,Satara,high,priority,120.04071807861328,1,7,CHIRPS Daily v2.0,Maharashtra,CHIRPS Rainfall
2025-09-10,2025-09-17,37.0,2025,P131,17.612539504496315,74.3171127470388,Satara,high,priority,131.61054229736328,1,7,CHIRPS Daily v2.0,Maharashtra,CHIRPS Rainfall
2025-09-10,2025-09-17,37.0,2025,P132,17.702176353872684,74.12817617630324,Satara,high,priority,134.9877414703369,1,7,CHIRPS Daily v2.0,Maharashtra,CHIRPS Rainfall
2025-09-10,2025-09-17,37.0,2025,P133,17.25006363896275,74.08329532420031,Satara,high,priority,88.96058940887451,1,7,CHIRPS Daily v2.0,Maharashtra,CHIRPS Rainfall
2025-09-10,2025-09-17,37.0,2025,P134,17.476429903940936,74.17634784498362,Satara,high,priority,79.41849422454834,1,7,CHIRPS Daily v2.0,Maharashtra,CHIRPS Rainfall
2025-09-10,2025-09-17,37.0,2025,P135,17.882716437324603,74.0801070669471,Satara,high,priority,164.62347984313965,1,7,CHIRPS Daily v2.0,Maharashtra,CHIRPS Rainfall
2025-09-10,2025-09-17,37.0,2025,P136,17.928520323345598,74.22149178404871,Satara,high,priority,152.51152515411377,1,7,CHIRPS Daily v2.0,Maharashtra,CHIRPS Rainfall
2025-09-10,2025-09-17,37.0,2025,P137,17.746687100588183,73.98648378122894,Satara,high,priority,116.30265426635742,1,7,CHIRPS Daily v2.0,Maharashtra,CHIRPS Rainfall
2025-09-10,2025-09-17,37.0,2025,P138,17.61269557303319,74.36423652697161,Satara,high,priority,129.64348030090332,1,7,CHIRPS Daily v2.0,Maharashtra,CHIRPS Rainfall
2025-09-10,2025-09-17,37.0,2025,P139,17.656773786946495,74.08126197411994,Satara,high,priority,116.88197135925293,1,7,CHIRPS Daily v2.0,Maharashtra,CHIRPS Rainfall
2025-09-10,2025-09-17,37.0,2025,P140,17.97464080554139,74.50462240543725,Satara,high,priority,196.5920639038086,1,7,CHIRPS Daily v2.0,Maharashtra,CHIRPS Rainfall
2025-09-10,2025-09-17,37.0,2025,P141,17.430826677467348,74.08239904488856,Satara,high,priority,108.21850204467773,1,7,CHIRPS Daily v2.0,Maharashtra,CHIRPS Rainfall
2025-09-10,2025-09-17,37.0,2025,P142,18.064447100757786,74.31538707493111,Satara,high,priority,183.32632446289062,1,7,CHIRPS Daily v2.0,Maharashtra,CHIRPS Rainfall
2025-09-10,2025-09-17,37.0,2025,P143,17.70379500755509,74.6468275971327,Satara,high,priority,141.82688426971436,1,7,CHIRPS Daily v2.0,Maharashtra,CHIRPS Rainfall
2025-09-10,2025-09-17,37.0,2025,P144,17.929452275465767,74.50474726026674,Satara,high,priority,171.34818077087402,1,7,CHIRPS Daily v2.0,Maharashtra,CHIRPS Rainfall
2025-09-10,2025-09-17,37.0,2025,P145,17.47773196144854,74.60017202281048,Satara,high,priority,97.16168117523193,1,7,CHIRPS Daily v2.0,Maharashtra,CHIRPS Rainfall
2025-09-10,2025-09-17,37.0,2025,P146,17.839182233739812,74.55218763637436,Satara,high,priority,141.70883560180664,1,7,CHIRPS Daily v2.0,Maharashtra,CHIRPS Rainfall
2025-09-10,2025-09-17,37.0,2025,P001,19.940457800458272,74.57045211428928,Ahmednagar,normal,statewide,68.82030487060547,1,7,CHIRPS Daily v2.0,Maharashtra,CHIRPS Rainfall
2025-09-10,2025-09-17,37.0,2025,P002,18.946729294293643,74.76302285238339,Ahmednagar,normal,statewide,102.06617259979248,1,7,CHIRPS Daily v2.0,Maharashtra,CHIRPS Rainfall
2025-09-10,2025-09-17,37.0,2025,P003,18.49469238410162,74.66892244285252,Ahmednagar,normal,statewide,129.0588550567627,1,7,CHIRPS Daily v2.0,Maharashtra,CHIRPS Rainfall
2025-09-10,2025-09-17,37.0,2025,P004,19.03720445466806,75.1420731965326,Ahmednagar,normal,statewide,111.23940849304199,1,7,CHIRPS Daily v2.0,Maharashtra,CHIRPS Rainfall
2025-09-10,2025-09-17,37.0,2025,P005,20.832153156317954,77.06560453615967,Akola,normal,statewide,82.79422950744629,1,7,CHIRPS Daily v2.0,Maharashtra,CHIRPS Rainfall
2025-09-10,2025-09-17,37.0,2025,P006,20.834360411339407,76.87349308547405,Akola,normal,statewide,72.67271375656128,1,7,CHIRPS Daily v2.0,Maharashtra,CHIRPS Rainfall
2025-09-10,2025-09-17,37.0,2025,P007,21.014976299509232,76.87574047240498,Akola,normal,statewide,90.20950174331665,1,7,CHIRPS Daily v2.0,Maharashtra,CHIRPS Rainfall
2025-09-10,2025-09-17,37.0,2025,P008,20.828434266039377,77.35372489162701,Akola,normal,statewide,97.69247817993164,1,7,CHIRPS Daily v2.0,Maharashtra,CHIRPS Rainfall
2025-09-10,2025-09-17,37.0,2025,P009,21.360971327549258,77.94039543992572,Amravati,normal,statewide,104.28149175643921,1,7,CHIRPS Daily v2.0,Maharashtra,CHIRPS Rainfall
2025-09-10,2025-09-17,37.0,2025,P010,21.178803672212837,78.03301542790685,Amravati,normal,statewide,104.16134214401245,1,7,CHIRPS Daily v2.0,Maharashtra,CHIRPS Rainfall
2025-09-10,2025-09-17,37.0,2025,P011,20.814388097721018,78.21764450702477,Amravati,normal,statewide,102.07711982727051,1,7,CHIRPS Daily v2.0,Maharashtra,CHIRPS Rainfall
2025-09-10,2025-09-17,37.0,2025,P012,21.180502589714195,77.93681032267875,Amravati,normal,statewide,105.7953519821167,1,7,CHIRPS Daily v2.0,Maharashtra,CHIRPS Rainfall
2025-09-10,2025-09-17,37.0,2025,P013,20.031289688916964,74.8570519162974,Aurangabad,normal,statewide,47.5678768157959,1,7,CHIRPS Daily v2.0,Maharashtra,CHIRPS Rainfall
2025-09-10,2025-09-17,37.0,2025,P014,19.760185263069562,75.14270192978114,Aurangabad,normal,statewide,83.35131239891052,1,7,CHIRPS Daily v2.0,Maharashtra,CHIRPS Rainfall
2025-09-10,2025-09-17,37.0,2025,P015,19.9408189876436,74.76157364454102,Aurangabad,normal,statewide,51.86013698577881,1,7,CHIRPS Daily v2.0,Maharashtra,CHIRPS Rainfall
2025-09-10,2025-09-17,37.0,2025,P016,19.66981712112043,75.14262166596218,Aurangabad,normal,statewide,93.36916208267212,1,7,CHIRPS Daily v2.0,Maharashtra,CHIRPS Rainfall
2025-09-10,2025-09-17,37.0,2025,P017,21.04613203856966,79.85576216552393,Bhandara,normal,statewide,125.90314197540283,1,7,CHIRPS Daily v2.0,Maharashtra,CHIRPS Rainfall
2025-09-10,2025-09-17,37.0,2025,P018,21.31897105472685,79.76852877161537,Bhandara,normal,statewide,97.0699954032898,1,7,CHIRPS Daily v2.0,Maharashtra,CHIRPS Rainfall
2025-09-10,2025-09-17,37.0,2025,P019,21.40900922319803,79.77144948280537,Bhandara,normal,statewide,88.3490481376648,1,7,CHIRPS Daily v2.0,Maharashtra,CHIRPS Rainfall
2025-09-10,2025-09-17,37.0,2025,P020,21.144196588937042,79.57074980349083,Bhandara,normal,statewide,116.03697299957275,1,7,CHIRPS Daily v2.0,Maharashtra,CHIRPS Rainfall
2025-09-10,2025-09-17,37.0,2025,P021,18.67502288980403,75.52108340877234,Bid,normal,statewide,120.7753233909607,1,7,CHIRPS Daily v2.0,Maharashtra,CHIRPS Rainfall
2025-09-10,2025-09-17,37.0,2025,P022,18.856499384477168,75.04699178476999,Bid,normal,statewide,103.06404399871826,1,7,CHIRPS Daily v2.0,Maharashtra,CHIRPS Rainfall
2025-09-10,2025-09-17,37.0,2025,P023,19.126596053486494,75.6175605191647,Bid,normal,statewide,118.6183705329895,1,7,CHIRPS Daily v2.0,Maharashtra,CHIRPS Rainfall
2025-09-10,2025-09-17,37.0,2025,P024,18.763955201213946,75.90084720909012,Bid,normal,statewide,132.90091753005981,1,7,CHIRPS Daily v2.0,Maharashtra,CHIRPS Rainfall
2025-09-10,2025-09-17,37.0,2025,P025,20.93073496240753,76.20164478885242,Buldana,normal,statewide,107.72003126144409,1,7,CHIRPS Daily v2.0,Maharashtra,CHIRPS Rainfall
2025-09-10,2025-09-17,37.0,2025,P026,20.838939908121294,76.39311412898633,Buldana,normal,statewide,110.9588565826416,1,7,CHIRPS Daily v2.0,Maharashtra,CHIRPS Rainfall
2025-09-10,2025-09-17,37.0,2025,P027,20.657476790751314,76.48742857536776,Buldana,normal,statewide,75.11590003967285,1,7,CHIRPS Daily v2.0,Maharashtra,CHIRPS Rainfall
2025-09-10,2025-09-17,37.0,2025,P028,20.47967013624516,76.10222021266374,Buldana,normal,statewide,78.5323896408081,1,7,CHIRPS Daily v2.0,Maharashtra,CHIRPS Rainfall
2025-09-10,2025-09-17,37.0,2025,P029,20.32317798477448,79.92829390325927,Chandrapur,normal,statewide,107.21543788909912,1,7,CHIRPS Daily v2.0,Maharashtra,CHIRPS Rainfall
2025-09-10,2025-09-17,37.0,2025,P030,20.60872097983294,79.36304041732026,Chandrapur,normal,statewide,133.6966781616211,1,7,CHIRPS Daily v2.0,Maharashtra,CHIRPS Rainfall
2025-09-10,2025-09-17,37.0,2025,P031,20.511160307884595,79.64732594588165,Chandrapur,normal,statewide,127.1707763671875,1,7,CHIRPS Daily v2.0,Maharashtra,CHIRPS Rainfall
2025-09-10,2025-09-17,37.0,2025,P032,20.598621115946884,79.74569817422172,Chandrapur,normal,statewide,121.78523683547974,1,7,CHIRPS Daily v2.0,Maharashtra,CHIRPS Rainfall
2025-09-10,2025-09-17,37.0,2025,P033,21.38667804512237,75.14422248324037,Dhule,normal,statewide,36.24086284637451,1,7,CHIRPS Daily v2.0,Maharashtra,CHIRPS Rainfall
2025-09-10,2025-09-17,37.0,2025,P034,21.025151968113196,74.75989256344387,Dhule,normal,statewide,70.22054147720337,1,7,CHIRPS Daily v2.0,Maharashtra,CHIRPS Rainfall
2025-09-10,2025-09-17,37.0,2025,P035,21.477028350667293,74.85568743137505,Dhule,normal,statewide,34.38982701301575,1,7,CHIRPS Daily v2.0,Maharashtra,CHIRPS Rainfall
2025-09-10,2025-09-17,37.0,2025,P036,20.933820660336515,74.37533522949364,Dhule,normal,statewide,56.89544868469238,1,7,CHIRPS Daily v2.0,Maharashtra,CHIRPS Rainfall
2025-09-10,2025-09-17,37.0,2025,P037,19.963056524597132,79.91698116388667,Garhchiroli,normal,statewide,67.50384521484375,1,7,CHIRPS Daily v2.0,Maharashtra,CHIRPS Rainfall
2025-09-10,2025-09-17,37.0,2025,P038,19.062661462582188,79.88977172925856,Garhchiroli,normal,statewide,112.09098625183105,1,7,CHIRPS Daily v2.0,Maharashtra,CHIRPS Rainfall
2025-09-10,2025-09-17,37.0,2025,P039,19.510270485428137,79.9981368030594,Garhchiroli,normal,statewide,93.11828231811523,1,7,CHIRPS Daily v2.0,Maharashtra,CHIRPS Rainfall
2025-09-10,2025-09-17,37.0,2025,P040,19.870365190999156,80.00935144220881,Garhchiroli,normal,statewide,72.09057331085205,1,7,CHIRPS Daily v2.0,Maharashtra,CHIRPS Rainfall
2025-09-10,2025-09-17,37.0,2025,P041,21.127639946725598,80.1465044724107,Gondiya,normal,statewide,115.05453681945801,1,7,CHIRPS Daily v2.0,Maharashtra,CHIRPS Rainfall
2025-09-10,2025-09-17,37.0,2025,P042,21.397598383602258,80.15591763473452,Gondiya,normal,statewide,139.30478191375732,1,7,CHIRPS Daily v2.0,Maharashtra,CHIRPS Rainfall
2025-09-10,2025-09-17,37.0,2025,P043,21.574548890706154,80.25847249986273,Gondiya,normal,statewide,84.8733959197998,1,7,CHIRPS Daily v2.0,Maharashtra,CHIRPS Rainfall
2025-09-10,2025-09-17,37.0,2025,P044,21.211649410572516,80.34153217518526,Gondiya,normal,statewide,126.7512845993042,1,7,CHIRPS Daily v2.0,Maharashtra,CHIRPS Rainfall
2025-09-10,2025-09-17,37.0,2025,P045,19.655900266732623,77.2407892392464,Hingoli,normal,statewide,77.48148918151855,1,7,CHIRPS Daily v2.0,Maharashtra,CHIRPS Rainfall
2025-09-10,2025-09-17,37.0,2025,P046,19.566758377573187,77.1442675378435,Hingoli,normal,statewide,88.70240688323975,1,7,CHIRPS Daily v2.0,Maharashtra,CHIRPS Rainfall
2025-09-10,2025-09-17,37.0,2025,P047,19.47860194974656,76.9526242927685,Hingoli,normal,statewide,111.41104888916016,1,7,CHIRPS Daily v2.0,Maharashtra,CHIRPS Rainfall
2025-09-10,2025-09-17,37.0,2025,P048,19.927981235710728,77.14910120338544,Hingoli,normal,statewide,96.5856065750122,1,7,CHIRPS Daily v2.0,Maharashtra,CHIRPS Rainfall
2025-09-10,2025-09-17,37.0,2025,P049,21.292738163229433,76.10816865346904,Jalgaon,normal,statewide,88.25487518310547,1,7,CHIRPS Daily v2.0,Maharashtra,CHIRPS Rainfall
2025-09-10,2025-09-17,37.0,2025,P050,21.386178625804387,75.43363151891216,Jalgaon,normal,statewide,61.99588394165039,1,7,CHIRPS Daily v2.0,Maharashtra,CHIRPS Rainfall
2025-09-10,2025-09-17,37.0,2025,P051,21.112064306745907,76.10682200495089,Jalgaon,normal,statewide,106.61052989959717,1,7,CHIRPS Daily v2.0,Maharashtra,CHIRPS Rainfall
2025-09-10,2025-09-17,37.0,2025,P052,20.844437979720194,75.23982115072519,Jalgaon,normal,statewide,99.1604995727539,1,7,CHIRPS Daily v2.0,Maharashtra,CHIRPS Rainfall
2025-09-10,2025-09-17,37.0,2025,P053,19.486369703781666,76.00005328932718,Jalna,normal,statewide,100.18581914901733,1,7,CHIRPS Daily v2.0,Maharashtra,CHIRPS Rainfall
2025-09-10,2025-09-17,37.0,2025,P054,20.028502750758555,76.00343774702675,Jalna,normal,statewide,98.91523170471191,1,7,CHIRPS Daily v2.0,Maharashtra,CHIRPS Rainfall
2025-09-10,2025-09-17,37.0,2025,P055,19.75743845682064,76.00172991132328,Jalna,normal,statewide,86.78878164291382,1,7,CHIRPS Daily v2.0,Maharashtra,CHIRPS Rainfall
2025-09-10,2025-09-17,37.0,2025,P056,19.57768317515413,75.80993951591351,Jalna,normal,statewide,100.12345910072327,1,7,CHIRPS Daily v2.0,Maharashtra,CHIRPS Rainfall
2025-09-10,2025-09-17,37.0,2025,P057,16.776377793156257,74.29671235971928,Kolhapur,normal,statewide,38.1979866027832,1,7,CHIRPS Daily v2.0,Maharashtra,CHIRPS Rainfall
2025-09-10,2025-09-17,37.0,2025,P058,16.324416687682138,74.29834884980589,Kolhapur,normal,statewide,28.173011779785156,1,7,CHIRPS Daily v2.0,Maharashtra,CHIRPS Rainfall
2025-09-10,2025-09-17,37.0,2025,P059,16.595891218916975,74.39111598812178,Kolhapur,normal,statewide,14.582725524902344,1,7,CHIRPS Daily v2.0,Maharashtra,CHIRPS Rainfall
2025-09-10,2025-09-17,37.0,2025,P060,16.414811584237594,74.29802779453004,Kolhapur,normal,statewide,15.628148078918457,1,7,CHIRPS Daily v2.0,Maharashtra,CHIRPS Rainfall
2025-09-10,2025-09-17,37.0,2025,P086,21.054127206758487,79.56798961993874,Nagpur,normal,statewide,119.58729362487793,1,7,CHIRPS Daily v2.0,Maharashtra,CHIRPS Rainfall
2025-09-10,2025-09-17,37.0,2025,P087,21.146765031143822,79.47473643960802,Nagpur,normal,statewide,128.24956893920898,1,7,CHIRPS Daily v2.0,Maharashtra,CHIRPS Rainfall
2025-09-10,2025-09-17,37.0,2025,P088,21.347803602138427,78.61442869606356,Nagpur,normal,statewide,96.8379979133606,1,7,CHIRPS Daily v2.0,Maharashtra,CHIRPS Rainfall
2025-09-10,2025-09-17,37.0,2025,P089,21.165377318940912,78.70615240473293,Nagpur,normal,statewide,80.47843885421753,1,7,CHIRPS Daily v2.0,Maharashtra,CHIRPS Rainfall
2025-09-10,2025-09-17,37.0,2025,P090,19.201968238592887,77.42470040309472,Nanded,normal,statewide,111.36390781402588,1,7,CHIRPS Daily v2.0,Maharashtra,CHIRPS Rainfall
2025-09-10,2025-09-17,37.0,2025,P091,18.566038000956755,77.69963965584807,Nanded,normal,statewide,108.49392175674438,1,7,CHIRPS Daily v2.0,Maharashtra,CHIRPS Rainfall
2025-09-10,2025-09-17,37.0,2025,P092,19.736596618496833,77.90946265591798,Nanded,normal,statewide,96.37062358856201,1,7,CHIRPS Daily v2.0,Maharashtra,CHIRPS Rainfall
2025-09-10,2025-09-17,37.0,2025,P093,18.93564842817583,77.04115528508362,Nanded,normal,statewide,138.35799407958984,1,7,CHIRPS Daily v2.0,Maharashtra,CHIRPS Rainfall
2025-09-10,2025-09-17,37.0,2025,P094,21.564917232430716,74.08292967791392,Nandurbar,normal,statewide,34.17899036407471,1,7,CHIRPS Daily v2.0,Maharashtra,CHIRPS Rainfall
2025-09-10,2025-09-17,37.0,2025,P095,21.5662594218478,74.37266422796263,Nandurbar,normal,statewide,34.81503629684448,1,7,CHIRPS Daily v2.0,Maharashtra,CHIRPS Rainfall
2025-09-10,2025-09-17,37.0,2025,P096,21.385179787168415,74.27697637845674,Nandurbar,normal,statewide,25.481855392456055,1,7,CHIRPS Daily v2.0,Maharashtra,CHIRPS Rainfall
2025-09-10,2025-09-17,37.0,2025,P097,21.565421110849755,74.17950488852946,Nandurbar,normal,statewide,37.97210502624512,1,7,CHIRPS Daily v2.0,Maharashtra,CHIRPS Rainfall
2025-09-10,2025-09-17,37.0,2025,P098,20.299553667393326,73.99482675929994,Nashik,normal,statewide,88.14898133277893,1,7,CHIRPS Daily v2.0,Maharashtra,CHIRPS Rainfall
2025-09-10,2025-09-17,37.0,2025,P099,20.120253214034264,74.28296495117151,Nashik,normal,statewide,56.67063236236572,1,7,CHIRPS Daily v2.0,Maharashtra,CHIRPS Rainfall
2025-09-10,2025-09-17,37.0,2025,P100,20.389903972938242,73.99424261706194,Nashik,normal,statewide,84.5877456665039,1,7,CHIRPS Daily v2.0,Maharashtra,CHIRPS Rainfall
2025-09-10,2025-09-17,37.0,2025,P101,20.029015547379707,74.09216447619562,Nashik,normal,statewide,55.74247169494629,1,7,CHIRPS Daily v2.0,Maharashtra,CHIRPS Rainfall
2025-09-10,2025-09-17,37.0,2025,P102,17.85749130266526,76.36802722645965,Osmanabad,normal,statewide,112.4506950378418,1,7,CHIRPS Daily v2.0,Maharashtra,CHIRPS Rainfall
2025-09-10,2025-09-17,37.0,2025,P103,17.76644983645705,76.46164605307673,Osmanabad,normal,statewide,105.448486328125,1,7,CHIRPS Daily v2.0,Maharashtra,CHIRPS Rainfall
2025-09-10,2025-09-17,37.0,2025,P104,17.949094615606196,76.17989775301476,Osmanabad,normal,statewide,126.3459529876709,1,7,CHIRPS Daily v2.0,Maharashtra,CHIRPS Rainfall
2025-09-10,2025-09-17,37.0,2025,P105,18.584360447185368,75.61558067829696,Osmanabad,normal,statewide,120.61627864837646,1,7,CHIRPS Daily v2.0,Maharashtra,CHIRPS Rainfall
2025-09-10,2025-09-17,37.0,2025,P106,19.031389786894366,76.47235681380711,Parbhani,normal,statewide,146.5103816986084,1,7,CHIRPS Daily v2.0,Maharashtra,CHIRPS Rainfall
2025-09-10,2025-09-17,37.0,2025,P107,19.120950831552832,76.56820519095093,Parbhani,normal,statewide,147.89170455932617,1,7,CHIRPS Daily v2.0,Maharashtra,CHIRPS Rainfall
2025-09-10,2025-09-17,37.0,2025,P108,19.208625676465683,76.85432786914635,Parbhani,normal,statewide,121.81512832641602,1,7,CHIRPS Daily v2.0,Maharashtra,CHIRPS Rainfall
2025-09-10,2025-09-17,37.0,2025,P109,19.212081479782103,76.47396209018636,Parbhani,normal,statewide,130.81064414978027,1,7,CHIRPS Daily v2.0,Maharashtra,CHIRPS Rainfall
2025-09-10,2025-09-17,37.0,2025,P110,18.133442771357757,75.04679558432363,Pune,normal,statewide,201.465181350708,1,7,CHIRPS Daily v2.0,Maharashtra,CHIRPS Rainfall
2025-09-10,2025-09-17,37.0,2025,P111,18.584645829652782,74.47919215212944,Pune,normal,statewide,133.10533332824707,1,7,CHIRPS Daily v2.0,Maharashtra,CHIRPS Rainfall
2025-09-10,2025-09-17,37.0,2025,P112,18.132979024848197,74.57507620208169,Pune,normal,statewide,146.99582290649414,1,7,CHIRPS Daily v2.0,Maharashtra,CHIRPS Rainfall
2025-09-10,2025-09-17,37.0,2025,P113,18.314072036830744,74.76389683618987,Pune,normal,statewide,159.5368194580078,1,7,CHIRPS Daily v2.0,Maharashtra,CHIRPS Rainfall
2025-09-10,2025-09-17,37.0,2025,P114,18.48503397121986,73.0589238755964,Raigarh,normal,statewide,152.98616218566895,1,7,CHIRPS Daily v2.0,Maharashtra,CHIRPS Rainfall
2025-09-10,2025-09-17,37.0,2025,P115,18.665689991299164,73.05687714821288,Raigarh,normal,statewide,172.945068359375,1,7,CHIRPS Daily v2.0,Maharashtra,CHIRPS Rainfall
2025-09-10,2025-09-17,37.0,2025,P116,18.306197264370358,73.25009891506079,Raigarh,normal,statewide,111.31127262115479,1,7,CHIRPS Daily v2.0,Maharashtra,CHIRPS Rainfall
2025-09-10,2025-09-17,37.0,2025,P117,18.21404102289879,73.06194714611064,Raigarh,normal,statewide,142.25067901611328,1,7,CHIRPS Daily v2.0,Maharashtra,CHIRPS Rainfall
2025-09-10,2025-09-17,37.0,2025,P118,17.138719885658215,75.42259970290594,Sangli,normal,statewide,81.76628971099854,1,7,CHIRPS Daily v2.0,Maharashtra,CHIRPS Rainfall
2025-09-10,2025-09-17,37.0,2025,P119,17.048761981005992,74.95348443567921,Sangli,normal,statewide,62.27837657928467,1,7,CHIRPS Daily v2.0,Maharashtra,CHIRPS Rainfall
2025-09-10,2025-09-17,37.0,2025,P120,16.86707144948229,74.39025538161847,Sangli,normal,statewide,60.24731731414795,1,7,CHIRPS Daily v2.0,Maharashtra,CHIRPS Rainfall
2025-09-10,2025-09-17,37.0,2025,P121,17.048503353144895,74.67157114887826,Sangli,normal,statewide,67.24915504455566,1,7,CHIRPS Daily v2.0,Maharashtra,CHIRPS Rainfall
2025-09-10,2025-09-17,37.0,2025,P148,17.67852974098626,76.08383979812143,Solapur,normal,statewide,101.07164859771729,1,7,CHIRPS Daily v2.0,Maharashtra,CHIRPS Rainfall
2025-09-10,2025-09-17,37.0,2025,P149,18.223365003201543,75.4251413905064,Solapur,normal,statewide,146.85374641418457,1,7,CHIRPS Daily v2.0,Maharashtra,CHIRPS Rainfall
2025-09-10,2025-09-17,37.0,2025,P150,17.952532582518405,75.23562067753285,Solapur,normal,statewide,206.71478462219238,1,7,CHIRPS Daily v2.0,Maharashtra,CHIRPS Rainfall
2025-09-10,2025-09-17,37.0,2025,P151,18.223690517578447,75.23598186471818,Solapur,normal,statewide,116.58082103729248,1,7,CHIRPS Daily v2.0,Maharashtra,CHIRPS Rainfall
2025-09-10,2025-09-17,37.0,2025,P152,19.658178867370932,72.94986318203122,Thane,normal,statewide,87.64332962036133,1,7,CHIRPS Daily v2.0,Maharashtra,CHIRPS Rainfall
2025-09-10,2025-09-17,37.0,2025,P153,19.65706409210757,72.8545320606096,Thane,normal,statewide,90.40749645233154,1,7,CHIRPS Daily v2.0,Maharashtra,CHIRPS Rainfall
2025-09-10,2025-09-17,37.0,2025,P154,19.477549601897948,72.95214624177059,Thane,normal,statewide,115.85288047790527,1,7,CHIRPS Daily v2.0,Maharashtra,CHIRPS Rainfall
2025-09-10,2025-09-17,37.0,2025,P155,19.83987385799569,73.0429959666335,Thane,normal,statewide,71.4697937965393,1,7,CHIRPS Daily v2.0,Maharashtra,CHIRPS Rainfall
2025-09-10,2025-09-17,37.0,2025,P156,20.806749657616468,78.60135461177485,Wardha,normal,statewide,93.06118965148926,1,7,CHIRPS Daily v2.0,Maharashtra,CHIRPS Rainfall
2025-09-10,2025-09-17,37.0,2025,P157,20.71031267913359,78.88671032458906,Wardha,normal,statewide,101.76615905761719,1,7,CHIRPS Daily v2.0,Maharashtra,CHIRPS Rainfall
2025-09-10,2025-09-17,37.0,2025,P158,21.081265295769754,78.41565980750515,Wardha,normal,statewide,119.40676212310791,1,7,CHIRPS Daily v2.0,Maharashtra,CHIRPS Rainfall
2025-09-10,2025-09-17,37.0,2025,P159,20.439854822938944,78.87986114537097,Wardha,normal,statewide,129.80543327331543,1,7,CHIRPS Daily v2.0,Maharashtra,CHIRPS Rainfall
2025-09-10,2025-09-17,37.0,2025,P160,20.289186257444058,77.15404188735265,Washim,normal,statewide,108.2831621170044,1,7,CHIRPS Daily v2.0,Maharashtra,CHIRPS Rainfall
2025-09-10,2025-09-17,37.0,2025,P161,20.464607292886615,77.53975858757677,Washim,normal,statewide,128.50963258743286,1,7,CHIRPS Daily v2.0,Maharashtra,CHIRPS Rainfall
2025-09-10,2025-09-17,37.0,2025,P162,20.107393166596125,77.2471479173486,Washim,normal,statewide,104.27771377563477,1,7,CHIRPS Daily v2.0,Maharashtra,CHIRPS Rainfall
2025-09-10,2025-09-17,37.0,2025,P163,20.198885002010726,77.1527933390577,Washim,normal,statewide,100.24204540252686,1,7,CHIRPS Daily v2.0,Maharashtra,CHIRPS Rainfall
2025-09-10,2025-09-17,37.0,2025,P164,20.182854533723592,78.20447678161395,Yavatmal,normal,statewide,131.82733869552612,1,7,CHIRPS Daily v2.0,Maharashtra,CHIRPS Rainfall
2025-09-10,2025-09-17,37.0,2025,P165,19.894658373538324,79.05709703494229,Yavatmal,normal,statewide,116.53950309753418,1,7,CHIRPS Daily v2.0,Maharashtra,CHIRPS Rainfall
2025-09-10,2025-09-17,37.0,2025,P166,19.468787468327925,77.71426550730338,Yavatmal,normal,statewide,96.96228837966919,1,7,CHIRPS Daily v2.0,Maharashtra,CHIRPS Rainfall
2025-09-10,2025-09-17,37.0,2025,P167,19.559057510053886,77.71577268345945,Yavatmal,normal,statewide,93.37269973754883,1,7,CHIRPS Daily v2.0,Maharashtra,CHIRPS Rainfall
2025-09-17,2025-09-24,38.0,2025,P147,17.927231643141155,73.94769852026607,Satara,case_study,case_study,91.23653411865234,1,7,CHIRPS Daily v2.0,Maharashtra,CHIRPS Rainfall
2025-09-17,2025-09-24,38.0,2025,P061,18.507855650411397,76.91766048140843,Latur,high,priority,69.83360290527344,1,7,CHIRPS Daily v2.0,Maharashtra,CHIRPS Rainfall
2025-09-17,2025-09-24,38.0,2025,P062,18.422405896924207,76.3487594508077,Latur,high,priority,90.16559171676636,1,7,CHIRPS Daily v2.0,Maharashtra,CHIRPS Rainfall
2025-09-17,2025-09-24,38.0,2025,P063,18.235391198742693,77.05646783810116,Latur,high,priority,69.00794506072998,1,7,CHIRPS Daily v2.0,Maharashtra,CHIRPS Rainfall
2025-09-17,2025-09-24,38.0,2025,P064,18.193056493341274,76.77240080549139,Latur,high,priority,73.93971729278564,1,7,CHIRPS Daily v2.0,Maharashtra,CHIRPS Rainfall
2025-09-17,2025-09-24,38.0,2025,P065,18.331355512513895,76.44266811899327,Latur,high,priority,81.15707111358643,1,7,CHIRPS Daily v2.0,Maharashtra,CHIRPS Rainfall
2025-09-17,2025-09-24,38.0,2025,P066,18.104739537876725,76.5352970251765,Latur,high,priority,81.83087635040283,1,7,CHIRPS Daily v2.0,Maharashtra,CHIRPS Rainfall
2025-09-17,2025-09-24,38.0,2025,P067,18.280552974211986,77.0569984711265,Latur,high,priority,71.5524754524231,1,7,CHIRPS Daily v2.0,Maharashtra,CHIRPS Rainfall
2025-09-17,2025-09-24,38.0,2025,P068,18.101823285787773,76.86595720469373,Latur,high,priority,62.021742820739746,1,7,CHIRPS Daily v2.0,Maharashtra,CHIRPS Rainfall
2025-09-17,2025-09-24,38.0,2025,P069,18.595075667016793,77.20284228928156,Latur,high,priority,52.41667079925537,1,7,CHIRPS Daily v2.0,Maharashtra,CHIRPS Rainfall
2025-09-17,2025-09-24,38.0,2025,P070,18.41499041187233,77.15322587185987,Latur,high,priority,57.47556209564209,1,7,CHIRPS Daily v2.0,Maharashtra,CHIRPS Rainfall
2025-09-17,2025-09-24,38.0,2025,P071,18.149138807065885,76.63019561379593,Latur,high,priority,70.67934989929199,1,7,CHIRPS Daily v2.0,Maharashtra,CHIRPS Rainfall
2025-09-17,2025-09-24,38.0,2025,P072,18.283393421583035,76.77331492120734,Latur,high,priority,86.88098239898682,1,7,CHIRPS Daily v2.0,Maharashtra,CHIRPS Rainfall
2025-09-17,2025-09-24,38.0,2025,P073,17.966315663874607,76.86453029235662,Latur,high,priority,74.28390312194824,1,7,CHIRPS Daily v2.0,Maharashtra,CHIRPS Rainfall
2025-09-17,2025-09-24,38.0,2025,P074,18.50832831512306,76.870318205524,Latur,high,priority,69.58822059631348,1,7,CHIRPS Daily v2.0,Maharashtra,CHIRPS Rainfall
2025-09-17,2025-09-24,38.0,2025,P075,18.41444640154381,77.20053247493588,Latur,high,priority,58.73304605484009,1,7,CHIRPS Daily v2.0,Maharashtra,CHIRPS Rainfall
2025-09-17,2025-09-24,38.0,2025,P076,18.377877313804504,76.25376722106614,Latur,high,priority,89.62020874023438,1,7,CHIRPS Daily v2.0,Maharashtra,CHIRPS Rainfall
2025-09-17,2025-09-24,38.0,2025,P077,18.059564385104267,76.5349046242838,Latur,high,priority,86.29804706573486,1,7,CHIRPS Daily v2.0,Maharashtra,CHIRPS Rainfall
2025-09-17,2025-09-24,38.0,2025,P078,18.1008824154655,76.96042326051098,Latur,high,priority,57.38881158828735,1,7,CHIRPS Daily v2.0,Maharashtra,CHIRPS Rainfall
2025-09-17,2025-09-24,38.0,2025,P079,18.73508698099394,76.77797468180819,Latur,high,priority,70.95842552185059,1,7,CHIRPS Daily v2.0,Maharashtra,CHIRPS Rainfall
2025-09-17,2025-09-24,38.0,2025,P080,18.46791548227568,76.3017694439065,Latur,high,priority,86.87761402130127,1,7,CHIRPS Daily v2.0,Maharashtra,CHIRPS Rainfall
2025-09-17,2025-09-24,38.0,2025,P081,18.10355787609756,76.67701617485712,Latur,high,priority,69.76123905181885,1,7,CHIRPS Daily v2.0,Maharashtra,CHIRPS Rainfall
2025-09-17,2025-09-24,38.0,2025,P082,18.23907887531389,76.67830931416262,Latur,high,priority,84.65506267547607,1,7,CHIRPS Daily v2.0,Maharashtra,CHIRPS Rainfall
2025-09-17,2025-09-24,38.0,2025,P083,18.369289085175563,77.19996171000103,Latur,high,priority,59.68207025527954,1,7,CHIRPS Daily v2.0,Maharashtra,CHIRPS Rainfall
2025-09-17,2025-09-24,38.0,2025,P084,18.46362582706226,76.82249880582684,Latur,high,priority,68.50394630432129,1,7,CHIRPS Daily v2.0,Maharashtra,CHIRPS Rainfall
2025-09-17,2025-09-24,38.0,2025,P085,18.14788579966987,76.77194597718393,Latur,high,priority,69.77825975418091,1,7,CHIRPS Daily v2.0,Maharashtra,CHIRPS Rainfall
2025-09-17,2025-09-24,38.0,2025,P122,17.88145897082753,73.8441448165019,Satara,high,priority,78.01561641693115,1,7,CHIRPS Daily v2.0,Maharashtra,CHIRPS Rainfall
2025-09-17,2025-09-24,38.0,2025,P123,17.386414030975025,74.27088970551878,Satara,high,priority,86.47157001495361,1,7,CHIRPS Daily v2.0,Maharashtra,CHIRPS Rainfall
2025-09-17,2025-09-24,38.0,2025,P124,17.43262815429294,74.647353771057,Satara,high,priority,114.94897937774658,1,7,CHIRPS Daily v2.0,Maharashtra,CHIRPS Rainfall
2025-09-17,2025-09-24,38.0,2025,P125,17.56734651531964,74.31728219287884,Satara,high,priority,102.65561151504517,1,7,CHIRPS Daily v2.0,Maharashtra,CHIRPS Rainfall
2025-09-17,2025-09-24,38.0,2025,P126,17.205080227535593,74.13053949986157,Satara,high,priority,74.76410675048828,1,7,CHIRPS Daily v2.0,Maharashtra,CHIRPS Rainfall
2025-09-17,2025-09-24,38.0,2025,P127,17.65773249367299,74.31694330119876,Satara,high,priority,96.51156425476074,1,7,CHIRPS Daily v2.0,Maharashtra,CHIRPS Rainfall
2025-09-17,2025-09-24,38.0,2025,P128,18.019949731345452,74.5517328080669,Satara,high,priority,129.4209690093994,1,7,CHIRPS Daily v2.0,Maharashtra,CHIRPS Rainfall
2025-09-17,2025-09-24,38.0,2025,P129,18.063234225271252,74.03192648006461,Satara,high,priority,82.9174919128418,1,7,CHIRPS Daily v2.0,Maharashtra,CHIRPS Rainfall
2025-09-17,2025-09-24,38.0,2025,P130,17.61135784271715,74.03436560834085,Satara,high,priority,103.57234573364258,1,7,CHIRPS Daily v2.0,Maharashtra,CHIRPS Rainfall
2025-09-17,2025-09-24,38.0,2025,P131,17.612539504496315,74.3171127470388,Satara,high,priority,104.46935653686523,1,7,CHIRPS Daily v2.0,Maharashtra,CHIRPS Rainfall
2025-09-17,2025-09-24,38.0,2025,P132,17.702176353872684,74.12817617630324,Satara,high,priority,91.83747673034668,1,7,CHIRPS Daily v2.0,Maharashtra,CHIRPS Rainfall
2025-09-17,2025-09-24,38.0,2025,P133,17.25006363896275,74.08329532420031,Satara,high,priority,85.09183692932129,1,7,CHIRPS Daily v2.0,Maharashtra,CHIRPS Rainfall
2025-09-17,2025-09-24,38.0,2025,P134,17.476429903940936,74.17634784498362,Satara,high,priority,71.94113445281982,1,7,CHIRPS Daily v2.0,Maharashtra,CHIRPS Rainfall
2025-09-17,2025-09-24,38.0,2025,P135,17.882716437324603,74.0801070669471,Satara,high,priority,82.93197727203369,1,7,CHIRPS Daily v2.0,Maharashtra,CHIRPS Rainfall
2025-09-17,2025-09-24,38.0,2025,P136,17.928520323345598,74.22149178404871,Satara,high,priority,73.2887020111084,1,7,CHIRPS Daily v2.0,Maharashtra,CHIRPS Rainfall
2025-09-17,2025-09-24,38.0,2025,P137,17.746687100588183,73.98648378122894,Satara,high,priority,80.7882947921753,1,7,CHIRPS Daily v2.0,Maharashtra,CHIRPS Rainfall
2025-09-17,2025-09-24,38.0,2025,P138,17.61269557303319,74.36423652697161,Satara,high,priority,113.76600408554077,1,7,CHIRPS Daily v2.0,Maharashtra,CHIRPS Rainfall
2025-09-17,2025-09-24,38.0,2025,P139,17.656773786946495,74.08126197411994,Satara,high,priority,95.20224189758301,1,7,CHIRPS Daily v2.0,Maharashtra,CHIRPS Rainfall
2025-09-17,2025-09-24,38.0,2025,P140,17.97464080554139,74.50462240543725,Satara,high,priority,107.10843276977539,1,7,CHIRPS Daily v2.0,Maharashtra,CHIRPS Rainfall
2025-09-17,2025-09-24,38.0,2025,P141,17.430826677467348,74.08239904488856,Satara,high,priority,96.91708087921143,1,7,CHIRPS Daily v2.0,Maharashtra,CHIRPS Rainfall
2025-09-17,2025-09-24,38.0,2025,P142,18.064447100757786,74.31538707493111,Satara,high,priority,107.03038024902344,1,7,CHIRPS Daily v2.0,Maharashtra,CHIRPS Rainfall
2025-09-17,2025-09-24,38.0,2025,P143,17.70379500755509,74.6468275971327,Satara,high,priority,138.73495292663574,1,7,CHIRPS Daily v2.0,Maharashtra,CHIRPS Rainfall
2025-09-17,2025-09-24,38.0,2025,P144,17.929452275465767,74.50474726026674,Satara,high,priority,91.6208553314209,1,7,CHIRPS Daily v2.0,Maharashtra,CHIRPS Rainfall
2025-09-17,2025-09-24,38.0,2025,P145,17.47773196144854,74.60017202281048,Satara,high,priority,100.83651876449585,1,7,CHIRPS Daily v2.0,Maharashtra,CHIRPS Rainfall
2025-09-17,2025-09-24,38.0,2025,P146,17.839182233739812,74.55218763637436,Satara,high,priority,109.61447238922119,1,7,CHIRPS Daily v2.0,Maharashtra,CHIRPS Rainfall
2025-09-17,2025-09-24,38.0,2025,P001,19.940457800458272,74.57045211428928,Ahmednagar,normal,statewide,93.3703088760376,1,7,CHIRPS Daily v2.0,Maharashtra,CHIRPS Rainfall
2025-09-17,2025-09-24,38.0,2025,P002,18.946729294293643,74.76302285238339,Ahmednagar,normal,statewide,117.19664478302002,1,7,CHIRPS Daily v2.0,Maharashtra,CHIRPS Rainfall
2025-09-17,2025-09-24,38.0,2025,P003,18.49469238410162,74.66892244285252,Ahmednagar,normal,statewide,135.72742652893066,1,7,CHIRPS Daily v2.0,Maharashtra,CHIRPS Rainfall
2025-09-17,2025-09-24,38.0,2025,P004,19.03720445466806,75.1420731965326,Ahmednagar,normal,statewide,110.71183586120605,1,7,CHIRPS Daily v2.0,Maharashtra,CHIRPS Rainfall
2025-09-17,2025-09-24,38.0,2025,P005,20.832153156317954,77.06560453615967,Akola,normal,statewide,33.79906892776489,1,7,CHIRPS Daily v2.0,Maharashtra,CHIRPS Rainfall
2025-09-17,2025-09-24,38.0,2025,P006,20.834360411339407,76.87349308547405,Akola,normal,statewide,30.64586114883423,1,7,CHIRPS Daily v2.0,Maharashtra,CHIRPS Rainfall
2025-09-17,2025-09-24,38.0,2025,P007,21.014976299509232,76.87574047240498,Akola,normal,statewide,42.173638343811035,1,7,CHIRPS Daily v2.0,Maharashtra,CHIRPS Rainfall
2025-09-17,2025-09-24,38.0,2025,P008,20.828434266039377,77.35372489162701,Akola,normal,statewide,32.79868030548096,1,7,CHIRPS Daily v2.0,Maharashtra,CHIRPS Rainfall
2025-09-17,2025-09-24,38.0,2025,P009,21.360971327549258,77.94039543992572,Amravati,normal,statewide,51.79882335662842,1,7,CHIRPS Daily v2.0,Maharashtra,CHIRPS Rainfall
2025-09-17,2025-09-24,38.0,2025,P010,21.178803672212837,78.03301542790685,Amravati,normal,statewide,38.98358154296875,1,7,CHIRPS Daily v2.0,Maharashtra,CHIRPS Rainfall
2025-09-17,2025-09-24,38.0,2025,P011,20.814388097721018,78.21764450702477,Amravati,normal,statewide,24.415754318237305,1,7,CHIRPS Daily v2.0,Maharashtra,CHIRPS Rainfall
2025-09-17,2025-09-24,38.0,2025,P012,21.180502589714195,77.93681032267875,Amravati,normal,statewide,39.59479904174805,1,7,CHIRPS Daily v2.0,Maharashtra,CHIRPS Rainfall
2025-09-17,2025-09-24,38.0,2025,P013,20.031289688916964,74.8570519162974,Aurangabad,normal,statewide,76.27682733535767,1,7,CHIRPS Daily v2.0,Maharashtra,CHIRPS Rainfall
2025-09-17,2025-09-24,38.0,2025,P014,19.760185263069562,75.14270192978114,Aurangabad,normal,statewide,83.77012825012207,1,7,CHIRPS Daily v2.0,Maharashtra,CHIRPS Rainfall
2025-09-17,2025-09-24,38.0,2025,P015,19.9408189876436,74.76157364454102,Aurangabad,normal,statewide,72.73446893692017,1,7,CHIRPS Daily v2.0,Maharashtra,CHIRPS Rainfall
2025-09-17,2025-09-24,38.0,2025,P016,19.66981712112043,75.14262166596218,Aurangabad,normal,statewide,104.80692481994629,1,7,CHIRPS Daily v2.0,Maharashtra,CHIRPS Rainfall
2025-09-17,2025-09-24,38.0,2025,P017,21.04613203856966,79.85576216552393,Bhandara,normal,statewide,46.117247581481934,1,7,CHIRPS Daily v2.0,Maharashtra,CHIRPS Rainfall
2025-09-17,2025-09-24,38.0,2025,P018,21.31897105472685,79.76852877161537,Bhandara,normal,statewide,16.036212921142578,1,7,CHIRPS Daily v2.0,Maharashtra,CHIRPS Rainfall
2025-09-17,2025-09-24,38.0,2025,P019,21.40900922319803,79.77144948280537,Bhandara,normal,statewide,40.238643646240234,1,7,CHIRPS Daily v2.0,Maharashtra,CHIRPS Rainfall
2025-09-17,2025-09-24,38.0,2025,P020,21.144196588937042,79.57074980349083,Bhandara,normal,statewide,27.007699966430664,1,7,CHIRPS Daily v2.0,Maharashtra,CHIRPS Rainfall
2025-09-17,2025-09-24,38.0,2025,P021,18.67502288980403,75.52108340877234,Bid,normal,statewide,85.32957553863525,1,7,CHIRPS Daily v2.0,Maharashtra,CHIRPS Rainfall
2025-09-17,2025-09-24,38.0,2025,P022,18.856499384477168,75.04699178476999,Bid,normal,statewide,92.85229587554932,1,7,CHIRPS Daily v2.0,Maharashtra,CHIRPS Rainfall
2025-09-17,2025-09-24,38.0,2025,P023,19.126596053486494,75.6175605191647,Bid,normal,statewide,83.03830051422119,1,7,CHIRPS Daily v2.0,Maharashtra,CHIRPS Rainfall
2025-09-17,2025-09-24,38.0,2025,P024,18.763955201213946,75.90084720909012,Bid,normal,statewide,59.212626457214355,1,7,CHIRPS Daily v2.0,Maharashtra,CHIRPS Rainfall
2025-09-17,2025-09-24,38.0,2025,P025,20.93073496240753,76.20164478885242,Buldana,normal,statewide,22.76819086074829,1,7,CHIRPS Daily v2.0,Maharashtra,CHIRPS Rainfall
2025-09-17,2025-09-24,38.0,2025,P026,20.838939908121294,76.39311412898633,Buldana,normal,statewide,12.497527122497559,1,7,CHIRPS Daily v2.0,Maharashtra,CHIRPS Rainfall
2025-09-17,2025-09-24,38.0,2025,P027,20.657476790751314,76.48742857536776,Buldana,normal,statewide,45.59388542175293,1,7,CHIRPS Daily v2.0,Maharashtra,CHIRPS Rainfall
2025-09-17,2025-09-24,38.0,2025,P028,20.47967013624516,76.10222021266374,Buldana,normal,statewide,47.85380172729492,1,7,CHIRPS Daily v2.0,Maharashtra,CHIRPS Rainfall
2025-09-17,2025-09-24,38.0,2025,P029,20.32317798477448,79.92829390325927,Chandrapur,normal,statewide,49.653581619262695,1,7,CHIRPS Daily v2.0,Maharashtra,CHIRPS Rainfall
2025-09-17,2025-09-24,38.0,2025,P030,20.60872097983294,79.36304041732026,Chandrapur,normal,statewide,26.60476303100586,1,7,CHIRPS Daily v2.0,Maharashtra,CHIRPS Rainfall
2025-09-17,2025-09-24,38.0,2025,P031,20.511160307884595,79.64732594588165,Chandrapur,normal,statewide,30.1255464553833,1,7,CHIRPS Daily v2.0,Maharashtra,CHIRPS Rainfall
2025-09-17,2025-09-24,38.0,2025,P032,20.598621115946884,79.74569817422172,Chandrapur,normal,statewide,25.914463996887207,1,7,CHIRPS Daily v2.0,Maharashtra,CHIRPS Rainfall
2025-09-17,2025-09-24,38.0,2025,P033,21.38667804512237,75.14422248324037,Dhule,normal,statewide,83.78191757202148,1,7,CHIRPS Daily v2.0,Maharashtra,CHIRPS Rainfall
2025-09-17,2025-09-24,38.0,2025,P034,21.025151968113196,74.75989256344387,Dhule,normal,statewide,43.424296379089355,1,7,CHIRPS Daily v2.0,Maharashtra,CHIRPS Rainfall
2025-09-17,2025-09-24,38.0,2025,P035,21.477028350667293,74.85568743137505,Dhule,normal,statewide,86.82097434997559,1,7,CHIRPS Daily v2.0,Maharashtra,CHIRPS Rainfall
2025-09-17,2025-09-24,38.0,2025,P036,20.933820660336515,74.37533522949364,Dhule,normal,statewide,73.85132217407227,1,7,CHIRPS Daily v2.0,Maharashtra,CHIRPS Rainfall
2025-09-17,2025-09-24,38.0,2025,P037,19.963056524597132,79.91698116388667,Garhchiroli,normal,statewide,65.1591854095459,1,7,CHIRPS Daily v2.0,Maharashtra,CHIRPS Rainfall
2025-09-17,2025-09-24,38.0,2025,P038,19.062661462582188,79.88977172925856,Garhchiroli,normal,statewide,88.78449535369873,1,7,CHIRPS Daily v2.0,Maharashtra,CHIRPS Rainfall
2025-09-17,2025-09-24,38.0,2025,P039,19.510270485428137,79.9981368030594,Garhchiroli,normal,statewide,52.60285568237305,1,7,CHIRPS Daily v2.0,Maharashtra,CHIRPS Rainfall
2025-09-17,2025-09-24,38.0,2025,P040,19.870365190999156,80.00935144220881,Garhchiroli,normal,statewide,41.38433647155762,1,7,CHIRPS Daily v2.0,Maharashtra,CHIRPS Rainfall
2025-09-17,2025-09-24,38.0,2025,P041,21.127639946725598,80.1465044724107,Gondiya,normal,statewide,38.460222244262695,1,7,CHIRPS Daily v2.0,Maharashtra,CHIRPS Rainfall
2025-09-17,2025-09-24,38.0,2025,P042,21.397598383602258,80.15591763473452,Gondiya,normal,statewide,0.0,1,7,CHIRPS Daily v2.0,Maharashtra,CHIRPS Rainfall
2025-09-17,2025-09-24,38.0,2025,P043,21.574548890706154,80.25847249986273,Gondiya,normal,statewide,45.772459983825684,1,7,CHIRPS Daily v2.0,Maharashtra,CHIRPS Rainfall
2025-09-17,2025-09-24,38.0,2025,P044,21.211649410572516,80.34153217518526,Gondiya,normal,statewide,28.6702823638916,1,7,CHIRPS Daily v2.0,Maharashtra,CHIRPS Rainfall
2025-09-17,2025-09-24,38.0,2025,P045,19.655900266732623,77.2407892392464,Hingoli,normal,statewide,46.14408206939697,1,7,CHIRPS Daily v2.0,Maharashtra,CHIRPS Rainfall
2025-09-17,2025-09-24,38.0,2025,P046,19.566758377573187,77.1442675378435,Hingoli,normal,statewide,51.04757595062256,1,7,CHIRPS Daily v2.0,Maharashtra,CHIRPS Rainfall
2025-09-17,2025-09-24,38.0,2025,P047,19.47860194974656,76.9526242927685,Hingoli,normal,statewide,50.74023628234863,1,7,CHIRPS Daily v2.0,Maharashtra,CHIRPS Rainfall
2025-09-17,2025-09-24,38.0,2025,P048,19.927981235710728,77.14910120338544,Hingoli,normal,statewide,52.96518659591675,1,7,CHIRPS Daily v2.0,Maharashtra,CHIRPS Rainfall
2025-09-17,2025-09-24,38.0,2025,P049,21.292738163229433,76.10816865346904,Jalgaon,normal,statewide,84.85338306427002,1,7,CHIRPS Daily v2.0,Maharashtra,CHIRPS Rainfall
2025-09-17,2025-09-24,38.0,2025,P050,21.386178625804387,75.43363151891216,Jalgaon,normal,statewide,56.120248794555664,1,7,CHIRPS Daily v2.0,Maharashtra,CHIRPS Rainfall
2025-09-17,2025-09-24,38.0,2025,P051,21.112064306745907,76.10682200495089,Jalgaon,normal,statewide,41.45937252044678,1,7,CHIRPS Daily v2.0,Maharashtra,CHIRPS Rainfall
2025-09-17,2025-09-24,38.0,2025,P052,20.844437979720194,75.23982115072519,Jalgaon,normal,statewide,53.40797996520996,1,7,CHIRPS Daily v2.0,Maharashtra,CHIRPS Rainfall
2025-09-17,2025-09-24,38.0,2025,P053,19.486369703781666,76.00005328932718,Jalna,normal,statewide,87.57725429534912,1,7,CHIRPS Daily v2.0,Maharashtra,CHIRPS Rainfall
2025-09-17,2025-09-24,38.0,2025,P054,20.028502750758555,76.00343774702675,Jalna,normal,statewide,71.04097080230713,1,7,CHIRPS Daily v2.0,Maharashtra,CHIRPS Rainfall
2025-09-17,2025-09-24,38.0,2025,P055,19.75743845682064,76.00172991132328,Jalna,normal,statewide,84.95471954345703,1,7,CHIRPS Daily v2.0,Maharashtra,CHIRPS Rainfall
2025-09-17,2025-09-24,38.0,2025,P056,19.57768317515413,75.80993951591351,Jalna,normal,statewide,92.94690227508545,1,7,CHIRPS Daily v2.0,Maharashtra,CHIRPS Rainfall
2025-09-17,2025-09-24,38.0,2025,P057,16.776377793156257,74.29671235971928,Kolhapur,normal,statewide,73.40182685852051,1,7,CHIRPS Daily v2.0,Maharashtra,CHIRPS Rainfall
2025-09-17,2025-09-24,38.0,2025,P058,16.324416687682138,74.29834884980589,Kolhapur,normal,statewide,62.884464263916016,1,7,CHIRPS Daily v2.0,Maharashtra,CHIRPS Rainfall
2025-09-17,2025-09-24,38.0,2025,P059,16.595891218916975,74.39111598812178,Kolhapur,normal,statewide,44.01057004928589,1,7,CHIRPS Daily v2.0,Maharashtra,CHIRPS Rainfall
2025-09-17,2025-09-24,38.0,2025,P060,16.414811584237594,74.29802779453004,Kolhapur,normal,statewide,54.281036376953125,1,7,CHIRPS Daily v2.0,Maharashtra,CHIRPS Rainfall
2025-09-17,2025-09-24,38.0,2025,P086,21.054127206758487,79.56798961993874,Nagpur,normal,statewide,19.52235507965088,1,7,CHIRPS Daily v2.0,Maharashtra,CHIRPS Rainfall
2025-09-17,2025-09-24,38.0,2025,P087,21.146765031143822,79.47473643960802,Nagpur,normal,statewide,14.705671310424805,1,7,CHIRPS Daily v2.0,Maharashtra,CHIRPS Rainfall
2025-09-17,2025-09-24,38.0,2025,P088,21.347803602138427,78.61442869606356,Nagpur,normal,statewide,22.993345737457275,1,7,CHIRPS Daily v2.0,Maharashtra,CHIRPS Rainfall
2025-09-17,2025-09-24,38.0,2025,P089,21.165377318940912,78.70615240473293,Nagpur,normal,statewide,35.55673885345459,1,7,CHIRPS Daily v2.0,Maharashtra,CHIRPS Rainfall
2025-09-17,2025-09-24,38.0,2025,P090,19.201968238592887,77.42470040309472,Nanded,normal,statewide,47.27996349334717,1,7,CHIRPS Daily v2.0,Maharashtra,CHIRPS Rainfall
2025-09-17,2025-09-24,38.0,2025,P091,18.566038000956755,77.69963965584807,Nanded,normal,statewide,60.12520980834961,1,7,CHIRPS Daily v2.0,Maharashtra,CHIRPS Rainfall
2025-09-17,2025-09-24,38.0,2025,P092,19.736596618496833,77.90946265591798,Nanded,normal,statewide,51.419382095336914,1,7,CHIRPS Daily v2.0,Maharashtra,CHIRPS Rainfall
2025-09-17,2025-09-24,38.0,2025,P093,18.93564842817583,77.04115528508362,Nanded,normal,statewide,48.18850040435791,1,7,CHIRPS Daily v2.0,Maharashtra,CHIRPS Rainfall
2025-09-17,2025-09-24,38.0,2025,P094,21.564917232430716,74.08292967791392,Nandurbar,normal,statewide,66.10611057281494,1,7,CHIRPS Daily v2.0,Maharashtra,CHIRPS Rainfall
2025-09-17,2025-09-24,38.0,2025,P095,21.5662594218478,74.37266422796263,Nandurbar,normal,statewide,58.856167793273926,1,7,CHIRPS Daily v2.0,Maharashtra,CHIRPS Rainfall
2025-09-17,2025-09-24,38.0,2025,P096,21.385179787168415,74.27697637845674,Nandurbar,normal,statewide,50.09710884094238,1,7,CHIRPS Daily v2.0,Maharashtra,CHIRPS Rainfall
2025-09-17,2025-09-24,38.0,2025,P097,21.565421110849755,74.17950488852946,Nandurbar,normal,statewide,66.36826801300049,1,7,CHIRPS Daily v2.0,Maharashtra,CHIRPS Rainfall
2025-09-17,2025-09-24,38.0,2025,P098,20.299553667393326,73.99482675929994,Nashik,normal,statewide,54.1550931930542,1,7,CHIRPS Daily v2.0,Maharashtra,CHIRPS Rainfall
2025-09-17,2025-09-24,38.0,2025,P099,20.120253214034264,74.28296495117151,Nashik,normal,statewide,99.78585910797119,1,7,CHIRPS Daily v2.0,Maharashtra,CHIRPS Rainfall
2025-09-17,2025-09-24,38.0,2025,P100,20.389903972938242,73.99424261706194,Nashik,normal,statewide,71.29975605010986,1,7,CHIRPS Daily v2.0,Maharashtra,CHIRPS Rainfall
2025-09-17,2025-09-24,38.0,2025,P101,20.029015547379707,74.09216447619562,Nashik,normal,statewide,137.0152416229248,1,7,CHIRPS Daily v2.0,Maharashtra,CHIRPS Rainfall
2025-09-17,2025-09-24,38.0,2025,P102,17.85749130266526,76.36802722645965,Osmanabad,normal,statewide,107.71990394592285,1,7,CHIRPS Daily v2.0,Maharashtra,CHIRPS Rainfall
2025-09-17,2025-09-24,38.0,2025,P103,17.76644983645705,76.46164605307673,Osmanabad,normal,statewide,116.97423934936523,1,7,CHIRPS Daily v2.0,Maharashtra,CHIRPS Rainfall
2025-09-17,2025-09-24,38.0,2025,P104,17.949094615606196,76.17989775301476,Osmanabad,normal,statewide,106.06947422027588,1,7,CHIRPS Daily v2.0,Maharashtra,CHIRPS Rainfall
2025-09-17,2025-09-24,38.0,2025,P105,18.584360447185368,75.61558067829696,Osmanabad,normal,statewide,98.0191421508789,1,7,CHIRPS Daily v2.0,Maharashtra,CHIRPS Rainfall
2025-09-17,2025-09-24,38.0,2025,P106,19.031389786894366,76.47235681380711,Parbhani,normal,statewide,59.54709339141846,1,7,CHIRPS Daily v2.0,Maharashtra,CHIRPS Rainfall
2025-09-17,2025-09-24,38.0,2025,P107,19.120950831552832,76.56820519095093,Parbhani,normal,statewide,62.96870517730713,1,7,CHIRPS Daily v2.0,Maharashtra,CHIRPS Rainfall
2025-09-17,2025-09-24,38.0,2025,P108,19.208625676465683,76.85432786914635,Parbhani,normal,statewide,53.8391752243042,1,7,CHIRPS Daily v2.0,Maharashtra,CHIRPS Rainfall
2025-09-17,2025-09-24,38.0,2025,P109,19.212081479782103,76.47396209018636,Parbhani,normal,statewide,54.257680892944336,1,7,CHIRPS Daily v2.0,Maharashtra,CHIRPS Rainfall
2025-09-17,2025-09-24,38.0,2025,P110,18.133442771357757,75.04679558432363,Pune,normal,statewide,107.89240074157715,1,7,CHIRPS Daily v2.0,Maharashtra,CHIRPS Rainfall
2025-09-17,2025-09-24,38.0,2025,P111,18.584645829652782,74.47919215212944,Pune,normal,statewide,125.5230188369751,1,7,CHIRPS Daily v2.0,Maharashtra,CHIRPS Rainfall
2025-09-17,2025-09-24,38.0,2025,P112,18.132979024848197,74.57507620208169,Pune,normal,statewide,109.03922700881958,1,7,CHIRPS Daily v2.0,Maharashtra,CHIRPS Rainfall
2025-09-17,2025-09-24,38.0,2025,P113,18.314072036830744,74.76389683618987,Pune,normal,statewide,114.91884708404541,1,7,CHIRPS Daily v2.0,Maharashtra,CHIRPS Rainfall
2025-09-17,2025-09-24,38.0,2025,P114,18.48503397121986,73.0589238755964,Raigarh,normal,statewide,97.93771362304688,1,7,CHIRPS Daily v2.0,Maharashtra,CHIRPS Rainfall
2025-09-17,2025-09-24,38.0,2025,P115,18.665689991299164,73.05687714821288,Raigarh,normal,statewide,124.85822296142578,1,7,CHIRPS Daily v2.0,Maharashtra,CHIRPS Rainfall
2025-09-17,2025-09-24,38.0,2025,P116,18.306197264370358,73.25009891506079,Raigarh,normal,statewide,39.59026527404785,1,7,CHIRPS Daily v2.0,Maharashtra,CHIRPS Rainfall
2025-09-17,2025-09-24,38.0,2025,P117,18.21404102289879,73.06194714611064,Raigarh,normal,statewide,84.47756958007812,1,7,CHIRPS Daily v2.0,Maharashtra,CHIRPS Rainfall
2025-09-17,2025-09-24,38.0,2025,P118,17.138719885658215,75.42259970290594,Sangli,normal,statewide,136.71883583068848,1,7,CHIRPS Daily v2.0,Maharashtra,CHIRPS Rainfall
2025-09-17,2025-09-24,38.0,2025,P119,17.048761981005992,74.95348443567921,Sangli,normal,statewide,91.18090152740479,1,7,CHIRPS Daily v2.0,Maharashtra,CHIRPS Rainfall
2025-09-17,2025-09-24,38.0,2025,P120,16.86707144948229,74.39025538161847,Sangli,normal,statewide,70.79443264007568,1,7,CHIRPS Daily v2.0,Maharashtra,CHIRPS Rainfall
2025-09-17,2025-09-24,38.0,2025,P121,17.048503353144895,74.67157114887826,Sangli,normal,statewide,63.53869152069092,1,7,CHIRPS Daily v2.0,Maharashtra,CHIRPS Rainfall
2025-09-17,2025-09-24,38.0,2025,P148,17.67852974098626,76.08383979812143,Solapur,normal,statewide,107.5692892074585,1,7,CHIRPS Daily v2.0,Maharashtra,CHIRPS Rainfall
2025-09-17,2025-09-24,38.0,2025,P149,18.223365003201543,75.4251413905064,Solapur,normal,statewide,78.26418876647949,1,7,CHIRPS Daily v2.0,Maharashtra,CHIRPS Rainfall
2025-09-17,2025-09-24,38.0,2025,P150,17.952532582518405,75.23562067753285,Solapur,normal,statewide,73.80902194976807,1,7,CHIRPS Daily v2.0,Maharashtra,CHIRPS Rainfall
2025-09-17,2025-09-24,38.0,2025,P151,18.223690517578447,75.23598186471818,Solapur,normal,statewide,86.72966384887695,1,7,CHIRPS Daily v2.0,Maharashtra,CHIRPS Rainfall
2025-09-17,2025-09-24,38.0,2025,P152,19.658178867370932,72.94986318203122,Thane,normal,statewide,46.908443450927734,1,7,CHIRPS Daily v2.0,Maharashtra,CHIRPS Rainfall
2025-09-17,2025-09-24,38.0,2025,P153,19.65706409210757,72.8545320606096,Thane,normal,statewide,39.532127380371094,1,7,CHIRPS Daily v2.0,Maharashtra,CHIRPS Rainfall
2025-09-17,2025-09-24,38.0,2025,P154,19.477549601897948,72.95214624177059,Thane,normal,statewide,88.92032051086426,1,7,CHIRPS Daily v2.0,Maharashtra,CHIRPS Rainfall
2025-09-17,2025-09-24,38.0,2025,P155,19.83987385799569,73.0429959666335,Thane,normal,statewide,32.08484649658203,1,7,CHIRPS Daily v2.0,Maharashtra,CHIRPS Rainfall
2025-09-17,2025-09-24,38.0,2025,P156,20.806749657616468,78.60135461177485,Wardha,normal,statewide,17.356382369995117,1,7,CHIRPS Daily v2.0,Maharashtra,CHIRPS Rainfall
2025-09-17,2025-09-24,38.0,2025,P157,20.71031267913359,78.88671032458906,Wardha,normal,statewide,19.971981048583984,1,7,CHIRPS Daily v2.0,Maharashtra,CHIRPS Rainfall
2025-09-17,2025-09-24,38.0,2025,P158,21.081265295769754,78.41565980750515,Wardha,normal,statewide,11.7806978225708,1,7,CHIRPS Daily v2.0,Maharashtra,CHIRPS Rainfall
2025-09-17,2025-09-24,38.0,2025,P159,20.439854822938944,78.87986114537097,Wardha,normal,statewide,10.33867073059082,1,7,CHIRPS Daily v2.0,Maharashtra,CHIRPS Rainfall
2025-09-17,2025-09-24,38.0,2025,P160,20.289186257444058,77.15404188735265,Washim,normal,statewide,51.019803047180176,1,7,CHIRPS Daily v2.0,Maharashtra,CHIRPS Rainfall
2025-09-17,2025-09-24,38.0,2025,P161,20.464607292886615,77.53975858757677,Washim,normal,statewide,25.897647857666016,1,7,CHIRPS Daily v2.0,Maharashtra,CHIRPS Rainfall
2025-09-17,2025-09-24,38.0,2025,P162,20.107393166596125,77.2471479173486,Washim,normal,statewide,49.20686340332031,1,7,CHIRPS Daily v2.0,Maharashtra,CHIRPS Rainfall
2025-09-17,2025-09-24,38.0,2025,P163,20.198885002010726,77.1527933390577,Washim,normal,statewide,53.003549098968506,1,7,CHIRPS Daily v2.0,Maharashtra,CHIRPS Rainfall
2025-09-17,2025-09-24,38.0,2025,P164,20.182854533723592,78.20447678161395,Yavatmal,normal,statewide,56.073225021362305,1,7,CHIRPS Daily v2.0,Maharashtra,CHIRPS Rainfall
2025-09-17,2025-09-24,38.0,2025,P165,19.894658373538324,79.05709703494229,Yavatmal,normal,statewide,84.76888370513916,1,7,CHIRPS Daily v2.0,Maharashtra,CHIRPS Rainfall
2025-09-17,2025-09-24,38.0,2025,P166,19.468787468327925,77.71426550730338,Yavatmal,normal,statewide,41.68901824951172,1,7,CHIRPS Daily v2.0,Maharashtra,CHIRPS Rainfall
2025-09-17,2025-09-24,38.0,2025,P167,19.559057510053886,77.71577268345945,Yavatmal,normal,statewide,44.69724464416504,1,7,CHIRPS Daily v2.0,Maharashtra,CHIRPS Rainfall
2025-09-24,2025-10-01,39.0,2025,P147,17.927231643141155,73.94769852026607,Satara,case_study,case_study,122.36190795898438,1,7,CHIRPS Daily v2.0,Maharashtra,CHIRPS Rainfall
2025-09-24,2025-10-01,39.0,2025,P061,18.507855650411397,76.91766048140843,Latur,high,priority,74.97653007507324,1,7,CHIRPS Daily v2.0,Maharashtra,CHIRPS Rainfall
2025-09-24,2025-10-01,39.0,2025,P062,18.422405896924207,76.3487594508077,Latur,high,priority,88.34830856323242,1,7,CHIRPS Daily v2.0,Maharashtra,CHIRPS Rainfall
2025-09-24,2025-10-01,39.0,2025,P063,18.235391198742693,77.05646783810116,Latur,high,priority,47.61442565917969,1,7,CHIRPS Daily v2.0,Maharashtra,CHIRPS Rainfall
2025-09-24,2025-10-01,39.0,2025,P064,18.193056493341274,76.77240080549139,Latur,high,priority,50.572078704833984,1,7,CHIRPS Daily v2.0,Maharashtra,CHIRPS Rainfall
2025-09-24,2025-10-01,39.0,2025,P065,18.331355512513895,76.44266811899327,Latur,high,priority,77.71481323242188,1,7,CHIRPS Daily v2.0,Maharashtra,CHIRPS Rainfall
2025-09-24,2025-10-01,39.0,2025,P066,18.104739537876725,76.5352970251765,Latur,high,priority,58.64598083496094,1,7,CHIRPS Daily v2.0,Maharashtra,CHIRPS Rainfall
2025-09-24,2025-10-01,39.0,2025,P067,18.280552974211986,77.0569984711265,Latur,high,priority,42.27499771118164,1,7,CHIRPS Daily v2.0,Maharashtra,CHIRPS Rainfall
2025-09-24,2025-10-01,39.0,2025,P068,18.101823285787773,76.86595720469373,Latur,high,priority,42.42418670654297,1,7,CHIRPS Daily v2.0,Maharashtra,CHIRPS Rainfall
2025-09-24,2025-10-01,39.0,2025,P069,18.595075667016793,77.20284228928156,Latur,high,priority,70.45775270462036,1,7,CHIRPS Daily v2.0,Maharashtra,CHIRPS Rainfall
2025-09-24,2025-10-01,39.0,2025,P070,18.41499041187233,77.15322587185987,Latur,high,priority,57.01272964477539,1,7,CHIRPS Daily v2.0,Maharashtra,CHIRPS Rainfall
2025-09-24,2025-10-01,39.0,2025,P071,18.149138807065885,76.63019561379593,Latur,high,priority,55.05888748168945,1,7,CHIRPS Daily v2.0,Maharashtra,CHIRPS Rainfall
2025-09-24,2025-10-01,39.0,2025,P072,18.283393421583035,76.77331492120734,Latur,high,priority,60.06179428100586,1,7,CHIRPS Daily v2.0,Maharashtra,CHIRPS Rainfall
2025-09-24,2025-10-01,39.0,2025,P073,17.966315663874607,76.86453029235662,Latur,high,priority,38.608357429504395,1,7,CHIRPS Daily v2.0,Maharashtra,CHIRPS Rainfall
2025-09-24,2025-10-01,39.0,2025,P074,18.50832831512306,76.870318205524,Latur,high,priority,76.20428657531738,1,7,CHIRPS Daily v2.0,Maharashtra,CHIRPS Rainfall
2025-09-24,2025-10-01,39.0,2025,P075,18.41444640154381,77.20053247493588,Latur,high,priority,55.08658218383789,1,7,CHIRPS Daily v2.0,Maharashtra,CHIRPS Rainfall
2025-09-24,2025-10-01,39.0,2025,P076,18.377877313804504,76.25376722106614,Latur,high,priority,87.69491577148438,1,7,CHIRPS Daily v2.0,Maharashtra,CHIRPS Rainfall
2025-09-24,2025-10-01,39.0,2025,P077,18.059564385104267,76.5349046242838,Latur,high,priority,60.635032653808594,1,7,CHIRPS Daily v2.0,Maharashtra,CHIRPS Rainfall
2025-09-24,2025-10-01,39.0,2025,P078,18.1008824154655,76.96042326051098,Latur,high,priority,38.71407699584961,1,7,CHIRPS Daily v2.0,Maharashtra,CHIRPS Rainfall
2025-09-24,2025-10-01,39.0,2025,P079,18.73508698099394,76.77797468180819,Latur,high,priority,75.35105895996094,1,7,CHIRPS Daily v2.0,Maharashtra,CHIRPS Rainfall
2025-09-24,2025-10-01,39.0,2025,P080,18.46791548227568,76.3017694439065,Latur,high,priority,83.60035514831543,1,7,CHIRPS Daily v2.0,Maharashtra,CHIRPS Rainfall
2025-09-24,2025-10-01,39.0,2025,P081,18.10355787609756,76.67701617485712,Latur,high,priority,52.2623233795166,1,7,CHIRPS Daily v2.0,Maharashtra,CHIRPS Rainfall
2025-09-24,2025-10-01,39.0,2025,P082,18.23907887531389,76.67830931416262,Latur,high,priority,63.260101318359375,1,7,CHIRPS Daily v2.0,Maharashtra,CHIRPS Rainfall
2025-09-24,2025-10-01,39.0,2025,P083,18.369289085175563,77.19996171000103,Latur,high,priority,49.620513916015625,1,7,CHIRPS Daily v2.0,Maharashtra,CHIRPS Rainfall
2025-09-24,2025-10-01,39.0,2025,P084,18.46362582706226,76.82249880582684,Latur,high,priority,70.06481552124023,1,7,CHIRPS Daily v2.0,Maharashtra,CHIRPS Rainfall
2025-09-24,2025-10-01,39.0,2025,P085,18.14788579966987,76.77194597718393,Latur,high,priority,49.35784149169922,1,7,CHIRPS Daily v2.0,Maharashtra,CHIRPS Rainfall
2025-09-24,2025-10-01,39.0,2025,P122,17.88145897082753,73.8441448165019,Satara,high,priority,129.16386795043945,1,7,CHIRPS Daily v2.0,Maharashtra,CHIRPS Rainfall
2025-09-24,2025-10-01,39.0,2025,P123,17.386414030975025,74.27088970551878,Satara,high,priority,90.89422607421875,1,7,CHIRPS Daily v2.0,Maharashtra,CHIRPS Rainfall
2025-09-24,2025-10-01,39.0,2025,P124,17.43262815429294,74.647353771057,Satara,high,priority,113.19293975830078,1,7,CHIRPS Daily v2.0,Maharashtra,CHIRPS Rainfall
2025-09-24,2025-10-01,39.0,2025,P125,17.56734651531964,74.31728219287884,Satara,high,priority,92.28677558898926,1,7,CHIRPS Daily v2.0,Maharashtra,CHIRPS Rainfall
2025-09-24,2025-10-01,39.0,2025,P126,17.205080227535593,74.13053949986157,Satara,high,priority,87.65812683105469,1,7,CHIRPS Daily v2.0,Maharashtra,CHIRPS Rainfall
2025-09-24,2025-10-01,39.0,2025,P127,17.65773249367299,74.31694330119876,Satara,high,priority,102.3874626159668,1,7,CHIRPS Daily v2.0,Maharashtra,CHIRPS Rainfall
2025-09-24,2025-10-01,39.0,2025,P128,18.019949731345452,74.5517328080669,Satara,high,priority,124.20939445495605,1,7,CHIRPS Daily v2.0,Maharashtra,CHIRPS Rainfall
2025-09-24,2025-10-01,39.0,2025,P129,18.063234225271252,74.03192648006461,Satara,high,priority,92.43811130523682,1,7,CHIRPS Daily v2.0,Maharashtra,CHIRPS Rainfall
2025-09-24,2025-10-01,39.0,2025,P130,17.61135784271715,74.03436560834085,Satara,high,priority,90.0597095489502,1,7,CHIRPS Daily v2.0,Maharashtra,CHIRPS Rainfall
2025-09-24,2025-10-01,39.0,2025,P131,17.612539504496315,74.3171127470388,Satara,high,priority,100.83139991760254,1,7,CHIRPS Daily v2.0,Maharashtra,CHIRPS Rainfall
2025-09-24,2025-10-01,39.0,2025,P132,17.702176353872684,74.12817617630324,Satara,high,priority,96.48614501953125,1,7,CHIRPS Daily v2.0,Maharashtra,CHIRPS Rainfall
2025-09-24,2025-10-01,39.0,2025,P133,17.25006363896275,74.08329532420031,Satara,high,priority,86.12288284301758,1,7,CHIRPS Daily v2.0,Maharashtra,CHIRPS Rainfall
2025-09-24,2025-10-01,39.0,2025,P134,17.476429903940936,74.17634784498362,Satara,high,priority,83.42789840698242,1,7,CHIRPS Daily v2.0,Maharashtra,CHIRPS Rainfall
2025-09-24,2025-10-01,39.0,2025,P135,17.882716437324603,74.0801070669471,Satara,high,priority,100.2815933227539,1,7,CHIRPS Daily v2.0,Maharashtra,CHIRPS Rainfall
2025-09-24,2025-10-01,39.0,2025,P136,17.928520323345598,74.22149178404871,Satara,high,priority,93.84563446044922,1,7,CHIRPS Daily v2.0,Maharashtra,CHIRPS Rainfall
2025-09-24,2025-10-01,39.0,2025,P137,17.746687100588183,73.98648378122894,Satara,high,priority,82.90744400024414,1,7,CHIRPS Daily v2.0,Maharashtra,CHIRPS Rainfall
2025-09-24,2025-10-01,39.0,2025,P138,17.61269557303319,74.36423652697161,Satara,high,priority,109.50429344177246,1,7,CHIRPS Daily v2.0,Maharashtra,CHIRPS Rainfall
2025-09-24,2025-10-01,39.0,2025,P139,17.656773786946495,74.08126197411994,Satara,high,priority,83.84493637084961,1,7,CHIRPS Daily v2.0,Maharashtra,CHIRPS Rainfall
2025-09-24,2025-10-01,39.0,2025,P140,17.97464080554139,74.50462240543725,Satara,high,priority,115.18349647521973,1,7,CHIRPS Daily v2.0,Maharashtra,CHIRPS Rainfall
2025-09-24,2025-10-01,39.0,2025,P141,17.430826677467348,74.08239904488856,Satara,high,priority,101.37322235107422,1,7,CHIRPS Daily v2.0,Maharashtra,CHIRPS Rainfall
2025-09-24,2025-10-01,39.0,2025,P142,18.064447100757786,74.31538707493111,Satara,high,priority,141.65945434570312,1,7,CHIRPS Daily v2.0,Maharashtra,CHIRPS Rainfall
2025-09-24,2025-10-01,39.0,2025,P143,17.70379500755509,74.6468275971327,Satara,high,priority,151.03822326660156,1,7,CHIRPS Daily v2.0,Maharashtra,CHIRPS Rainfall
2025-09-24,2025-10-01,39.0,2025,P144,17.929452275465767,74.50474726026674,Satara,high,priority,113.99701309204102,1,7,CHIRPS Daily v2.0,Maharashtra,CHIRPS Rainfall
2025-09-24,2025-10-01,39.0,2025,P145,17.47773196144854,74.60017202281048,Satara,high,priority,105.68715858459473,1,7,CHIRPS Daily v2.0,Maharashtra,CHIRPS Rainfall
2025-09-24,2025-10-01,39.0,2025,P146,17.839182233739812,74.55218763637436,Satara,high,priority,123.84257888793945,1,7,CHIRPS Daily v2.0,Maharashtra,CHIRPS Rainfall
2025-09-24,2025-10-01,39.0,2025,P001,19.940457800458272,74.57045211428928,Ahmednagar,normal,statewide,88.6440658569336,1,7,CHIRPS Daily v2.0,Maharashtra,CHIRPS Rainfall
2025-09-24,2025-10-01,39.0,2025,P002,18.946729294293643,74.76302285238339,Ahmednagar,normal,statewide,98.3266830444336,1,7,CHIRPS Daily v2.0,Maharashtra,CHIRPS Rainfall
2025-09-24,2025-10-01,39.0,2025,P003,18.49469238410162,74.66892244285252,Ahmednagar,normal,statewide,128.14797019958496,1,7,CHIRPS Daily v2.0,Maharashtra,CHIRPS Rainfall
2025-09-24,2025-10-01,39.0,2025,P004,19.03720445466806,75.1420731965326,Ahmednagar,normal,statewide,106.97209548950195,1,7,CHIRPS Daily v2.0,Maharashtra,CHIRPS Rainfall
2025-09-24,2025-10-01,39.0,2025,P005,20.832153156317954,77.06560453615967,Akola,normal,statewide,49.00727844238281,1,7,CHIRPS Daily v2.0,Maharashtra,CHIRPS Rainfall
2025-09-24,2025-10-01,39.0,2025,P006,20.834360411339407,76.87349308547405,Akola,normal,statewide,45.60070323944092,1,7,CHIRPS Daily v2.0,Maharashtra,CHIRPS Rainfall
2025-09-24,2025-10-01,39.0,2025,P007,21.014976299509232,76.87574047240498,Akola,normal,statewide,52.326805114746094,1,7,CHIRPS Daily v2.0,Maharashtra,CHIRPS Rainfall
2025-09-24,2025-10-01,39.0,2025,P008,20.828434266039377,77.35372489162701,Akola,normal,statewide,51.23112487792969,1,7,CHIRPS Daily v2.0,Maharashtra,CHIRPS Rainfall
2025-09-24,2025-10-01,39.0,2025,P009,21.360971327549258,77.94039543992572,Amravati,normal,statewide,53.95579528808594,1,7,CHIRPS Daily v2.0,Maharashtra,CHIRPS Rainfall
2025-09-24,2025-10-01,39.0,2025,P010,21.178803672212837,78.03301542790685,Amravati,normal,statewide,57.536821365356445,1,7,CHIRPS Daily v2.0,Maharashtra,CHIRPS Rainfall
2025-09-24,2025-10-01,39.0,2025,P011,20.814388097721018,78.21764450702477,Amravati,normal,statewide,69.23746347427368,1,7,CHIRPS Daily v2.0,Maharashtra,CHIRPS Rainfall
2025-09-24,2025-10-01,39.0,2025,P012,21.180502589714195,77.93681032267875,Amravati,normal,statewide,58.78825378417969,1,7,CHIRPS Daily v2.0,Maharashtra,CHIRPS Rainfall
2025-09-24,2025-10-01,39.0,2025,P013,20.031289688916964,74.8570519162974,Aurangabad,normal,statewide,72.52589225769043,1,7,CHIRPS Daily v2.0,Maharashtra,CHIRPS Rainfall
2025-09-24,2025-10-01,39.0,2025,P014,19.760185263069562,75.14270192978114,Aurangabad,normal,statewide,99.88691902160645,1,7,CHIRPS Daily v2.0,Maharashtra,CHIRPS Rainfall
2025-09-24,2025-10-01,39.0,2025,P015,19.9408189876436,74.76157364454102,Aurangabad,normal,statewide,75.77356338500977,1,7,CHIRPS Daily v2.0,Maharashtra,CHIRPS Rainfall
2025-09-24,2025-10-01,39.0,2025,P016,19.66981712112043,75.14262166596218,Aurangabad,normal,statewide,87.21482276916504,1,7,CHIRPS Daily v2.0,Maharashtra,CHIRPS Rainfall
2025-09-24,2025-10-01,39.0,2025,P017,21.04613203856966,79.85576216552393,Bhandara,normal,statewide,112.1167802810669,1,7,CHIRPS Daily v2.0,Maharashtra,CHIRPS Rainfall
2025-09-24,2025-10-01,39.0,2025,P018,21.31897105472685,79.76852877161537,Bhandara,normal,statewide,107.2672004699707,1,7,CHIRPS Daily v2.0,Maharashtra,CHIRPS Rainfall
2025-09-24,2025-10-01,39.0,2025,P019,21.40900922319803,79.77144948280537,Bhandara,normal,statewide,79.77120780944824,1,7,CHIRPS Daily v2.0,Maharashtra,CHIRPS Rainfall
2025-09-24,2025-10-01,39.0,2025,P020,21.144196588937042,79.57074980349083,Bhandara,normal,statewide,120.5035171508789,1,7,CHIRPS Daily v2.0,Maharashtra,CHIRPS Rainfall
2025-09-24,2025-10-01,39.0,2025,P021,18.67502288980403,75.52108340877234,Bid,normal,statewide,109.60263061523438,1,7,CHIRPS Daily v2.0,Maharashtra,CHIRPS Rainfall
2025-09-24,2025-10-01,39.0,2025,P022,18.856499384477168,75.04699178476999,Bid,normal,statewide,104.5335464477539,1,7,CHIRPS Daily v2.0,Maharashtra,CHIRPS Rainfall
2025-09-24,2025-10-01,39.0,2025,P023,19.126596053486494,75.6175605191647,Bid,normal,statewide,100.34635543823242,1,7,CHIRPS Daily v2.0,Maharashtra,CHIRPS Rainfall
2025-09-24,2025-10-01,39.0,2025,P024,18.763955201213946,75.90084720909012,Bid,normal,statewide,94.45291137695312,1,7,CHIRPS Daily v2.0,Maharashtra,CHIRPS Rainfall
2025-09-24,2025-10-01,39.0,2025,P025,20.93073496240753,76.20164478885242,Buldana,normal,statewide,70.14900922775269,1,7,CHIRPS Daily v2.0,Maharashtra,CHIRPS Rainfall
2025-09-24,2025-10-01,39.0,2025,P026,20.838939908121294,76.39311412898633,Buldana,normal,statewide,55.607391357421875,1,7,CHIRPS Daily v2.0,Maharashtra,CHIRPS Rainfall
2025-09-24,2025-10-01,39.0,2025,P027,20.657476790751314,76.48742857536776,Buldana,normal,statewide,58.2161865234375,1,7,CHIRPS Daily v2.0,Maharashtra,CHIRPS Rainfall
2025-09-24,2025-10-01,39.0,2025,P028,20.47967013624516,76.10222021266374,Buldana,normal,statewide,65.31151676177979,1,7,CHIRPS Daily v2.0,Maharashtra,CHIRPS Rainfall
2025-09-24,2025-10-01,39.0,2025,P029,20.32317798477448,79.92829390325927,Chandrapur,normal,statewide,120.97643852233887,1,7,CHIRPS Daily v2.0,Maharashtra,CHIRPS Rainfall
2025-09-24,2025-10-01,39.0,2025,P030,20.60872097983294,79.36304041732026,Chandrapur,normal,statewide,92.79096126556396,1,7,CHIRPS Daily v2.0,Maharashtra,CHIRPS Rainfall
2025-09-24,2025-10-01,39.0,2025,P031,20.511160307884595,79.64732594588165,Chandrapur,normal,statewide,113.42465591430664,1,7,CHIRPS Daily v2.0,Maharashtra,CHIRPS Rainfall
2025-09-24,2025-10-01,39.0,2025,P032,20.598621115946884,79.74569817422172,Chandrapur,normal,statewide,102.98441696166992,1,7,CHIRPS Daily v2.0,Maharashtra,CHIRPS Rainfall
2025-09-24,2025-10-01,39.0,2025,P033,21.38667804512237,75.14422248324037,Dhule,normal,statewide,79.52975082397461,1,7,CHIRPS Daily v2.0,Maharashtra,CHIRPS Rainfall
2025-09-24,2025-10-01,39.0,2025,P034,21.025151968113196,74.75989256344387,Dhule,normal,statewide,71.33326148986816,1,7,CHIRPS Daily v2.0,Maharashtra,CHIRPS Rainfall
2025-09-24,2025-10-01,39.0,2025,P035,21.477028350667293,74.85568743137505,Dhule,normal,statewide,79.67263793945312,1,7,CHIRPS Daily v2.0,Maharashtra,CHIRPS Rainfall
2025-09-24,2025-10-01,39.0,2025,P036,20.933820660336515,74.37533522949364,Dhule,normal,statewide,77.31949615478516,1,7,CHIRPS Daily v2.0,Maharashtra,CHIRPS Rainfall
2025-09-24,2025-10-01,39.0,2025,P037,19.963056524597132,79.91698116388667,Garhchiroli,normal,statewide,118.28955459594727,1,7,CHIRPS Daily v2.0,Maharashtra,CHIRPS Rainfall
2025-09-24,2025-10-01,39.0,2025,P038,19.062661462582188,79.88977172925856,Garhchiroli,normal,statewide,67.74550914764404,1,7,CHIRPS Daily v2.0,Maharashtra,CHIRPS Rainfall
2025-09-24,2025-10-01,39.0,2025,P039,19.510270485428137,79.9981368030594,Garhchiroli,normal,statewide,81.3958568572998,1,7,CHIRPS Daily v2.0,Maharashtra,CHIRPS Rainfall
2025-09-24,2025-10-01,39.0,2025,P040,19.870365190999156,80.00935144220881,Garhchiroli,normal,statewide,116.46850204467773,1,7,CHIRPS Daily v2.0,Maharashtra,CHIRPS Rainfall
2025-09-24,2025-10-01,39.0,2025,P041,21.127639946725598,80.1465044724107,Gondiya,normal,statewide,134.0218391418457,1,7,CHIRPS Daily v2.0,Maharashtra,CHIRPS Rainfall
2025-09-24,2025-10-01,39.0,2025,P042,21.397598383602258,80.15591763473452,Gondiya,normal,statewide,138.69339752197266,1,7,CHIRPS Daily v2.0,Maharashtra,CHIRPS Rainfall
2025-09-24,2025-10-01,39.0,2025,P043,21.574548890706154,80.25847249986273,Gondiya,normal,statewide,102.53467750549316,1,7,CHIRPS Daily v2.0,Maharashtra,CHIRPS Rainfall
2025-09-24,2025-10-01,39.0,2025,P044,21.211649410572516,80.34153217518526,Gondiya,normal,statewide,142.43566226959229,1,7,CHIRPS Daily v2.0,Maharashtra,CHIRPS Rainfall
2025-09-24,2025-10-01,39.0,2025,P045,19.655900266732623,77.2407892392464,Hingoli,normal,statewide,55.01534461975098,1,7,CHIRPS Daily v2.0,Maharashtra,CHIRPS Rainfall
2025-09-24,2025-10-01,39.0,2025,P046,19.566758377573187,77.1442675378435,Hingoli,normal,statewide,62.70351791381836,1,7,CHIRPS Daily v2.0,Maharashtra,CHIRPS Rainfall
2025-09-24,2025-10-01,39.0,2025,P047,19.47860194974656,76.9526242927685,Hingoli,normal,statewide,78.35707664489746,1,7,CHIRPS Daily v2.0,Maharashtra,CHIRPS Rainfall
2025-09-24,2025-10-01,39.0,2025,P048,19.927981235710728,77.14910120338544,Hingoli,normal,statewide,63.376747131347656,1,7,CHIRPS Daily v2.0,Maharashtra,CHIRPS Rainfall
2025-09-24,2025-10-01,39.0,2025,P049,21.292738163229433,76.10816865346904,Jalgaon,normal,statewide,71.82614135742188,1,7,CHIRPS Daily v2.0,Maharashtra,CHIRPS Rainfall
2025-09-24,2025-10-01,39.0,2025,P050,21.386178625804387,75.43363151891216,Jalgaon,normal,statewide,76.49771118164062,1,7,CHIRPS Daily v2.0,Maharashtra,CHIRPS Rainfall
2025-09-24,2025-10-01,39.0,2025,P051,21.112064306745907,76.10682200495089,Jalgaon,normal,statewide,89.71032667160034,1,7,CHIRPS Daily v2.0,Maharashtra,CHIRPS Rainfall
2025-09-24,2025-10-01,39.0,2025,P052,20.844437979720194,75.23982115072519,Jalgaon,normal,statewide,81.52626037597656,1,7,CHIRPS Daily v2.0,Maharashtra,CHIRPS Rainfall
2025-09-24,2025-10-01,39.0,2025,P053,19.486369703781666,76.00005328932718,Jalna,normal,statewide,82.32563209533691,1,7,CHIRPS Daily v2.0,Maharashtra,CHIRPS Rainfall
2025-09-24,2025-10-01,39.0,2025,P054,20.028502750758555,76.00343774702675,Jalna,normal,statewide,96.47483921051025,1,7,CHIRPS Daily v2.0,Maharashtra,CHIRPS Rainfall
2025-09-24,2025-10-01,39.0,2025,P055,19.75743845682064,76.00172991132328,Jalna,normal,statewide,86.72735595703125,1,7,CHIRPS Daily v2.0,Maharashtra,CHIRPS Rainfall
2025-09-24,2025-10-01,39.0,2025,P056,19.57768317515413,75.80993951591351,Jalna,normal,statewide,89.19053649902344,1,7,CHIRPS Daily v2.0,Maharashtra,CHIRPS Rainfall
2025-09-24,2025-10-01,39.0,2025,P057,16.776377793156257,74.29671235971928,Kolhapur,normal,statewide,57.45524978637695,1,7,CHIRPS Daily v2.0,Maharashtra,CHIRPS Rainfall
2025-09-24,2025-10-01,39.0,2025,P058,16.324416687682138,74.29834884980589,Kolhapur,normal,statewide,73.5544662475586,1,7,CHIRPS Daily v2.0,Maharashtra,CHIRPS Rainfall
2025-09-24,2025-10-01,39.0,2025,P059,16.595891218916975,74.39111598812178,Kolhapur,normal,statewide,71.04644012451172,1,7,CHIRPS Daily v2.0,Maharashtra,CHIRPS Rainfall
2025-09-24,2025-10-01,39.0,2025,P060,16.414811584237594,74.29802779453004,Kolhapur,normal,statewide,72.68772888183594,1,7,CHIRPS Daily v2.0,Maharashtra,CHIRPS Rainfall
2025-09-24,2025-10-01,39.0,2025,P086,21.054127206758487,79.56798961993874,Nagpur,normal,statewide,109.91744899749756,1,7,CHIRPS Daily v2.0,Maharashtra,CHIRPS Rainfall
2025-09-24,2025-10-01,39.0,2025,P087,21.146765031143822,79.47473643960802,Nagpur,normal,statewide,103.6722354888916,1,7,CHIRPS Daily v2.0,Maharashtra,CHIRPS Rainfall
2025-09-24,2025-10-01,39.0,2025,P088,21.347803602138427,78.61442869606356,Nagpur,normal,statewide,58.73128080368042,1,7,CHIRPS Daily v2.0,Maharashtra,CHIRPS Rainfall
2025-09-24,2025-10-01,39.0,2025,P089,21.165377318940912,78.70615240473293,Nagpur,normal,statewide,64.9274549484253,1,7,CHIRPS Daily v2.0,Maharashtra,CHIRPS Rainfall
2025-09-24,2025-10-01,39.0,2025,P090,19.201968238592887,77.42470040309472,Nanded,normal,statewide,69.0263147354126,1,7,CHIRPS Daily v2.0,Maharashtra,CHIRPS Rainfall
2025-09-24,2025-10-01,39.0,2025,P091,18.566038000956755,77.69963965584807,Nanded,normal,statewide,46.38248252868652,1,7,CHIRPS Daily v2.0,Maharashtra,CHIRPS Rainfall
2025-09-24,2025-10-01,39.0,2025,P092,19.736596618496833,77.90946265591798,Nanded,normal,statewide,53.885483741760254,1,7,CHIRPS Daily v2.0,Maharashtra,CHIRPS Rainfall
2025-09-24,2025-10-01,39.0,2025,P093,18.93564842817583,77.04115528508362,Nanded,normal,statewide,65.96442317962646,1,7,CHIRPS Daily v2.0,Maharashtra,CHIRPS Rainfall
2025-09-24,2025-10-01,39.0,2025,P094,21.564917232430716,74.08292967791392,Nandurbar,normal,statewide,89.89176940917969,1,7,CHIRPS Daily v2.0,Maharashtra,CHIRPS Rainfall
2025-09-24,2025-10-01,39.0,2025,P095,21.5662594218478,74.37266422796263,Nandurbar,normal,statewide,78.98485374450684,1,7,CHIRPS Daily v2.0,Maharashtra,CHIRPS Rainfall
2025-09-24,2025-10-01,39.0,2025,P096,21.385179787168415,74.27697637845674,Nandurbar,normal,statewide,71.60892486572266,1,7,CHIRPS Daily v2.0,Maharashtra,CHIRPS Rainfall
2025-09-24,2025-10-01,39.0,2025,P097,21.565421110849755,74.17950488852946,Nandurbar,normal,statewide,95.77194213867188,1,7,CHIRPS Daily v2.0,Maharashtra,CHIRPS Rainfall
2025-09-24,2025-10-01,39.0,2025,P098,20.299553667393326,73.99482675929994,Nashik,normal,statewide,80.48827743530273,1,7,CHIRPS Daily v2.0,Maharashtra,CHIRPS Rainfall
2025-09-24,2025-10-01,39.0,2025,P099,20.120253214034264,74.28296495117151,Nashik,normal,statewide,83.25424003601074,1,7,CHIRPS Daily v2.0,Maharashtra,CHIRPS Rainfall
2025-09-24,2025-10-01,39.0,2025,P100,20.389903972938242,73.99424261706194,Nashik,normal,statewide,91.39265060424805,1,7,CHIRPS Daily v2.0,Maharashtra,CHIRPS Rainfall
2025-09-24,2025-10-01,39.0,2025,P101,20.029015547379707,74.09216447619562,Nashik,normal,statewide,107.04477310180664,1,7,CHIRPS Daily v2.0,Maharashtra,CHIRPS Rainfall
2025-09-24,2025-10-01,39.0,2025,P102,17.85749130266526,76.36802722645965,Osmanabad,normal,statewide,50.09063720703125,1,7,CHIRPS Daily v2.0,Maharashtra,CHIRPS Rainfall
2025-09-24,2025-10-01,39.0,2025,P103,17.76644983645705,76.46164605307673,Osmanabad,normal,statewide,54.89816665649414,1,7,CHIRPS Daily v2.0,Maharashtra,CHIRPS Rainfall
2025-09-24,2025-10-01,39.0,2025,P104,17.949094615606196,76.17989775301476,Osmanabad,normal,statewide,58.13998794555664,1,7,CHIRPS Daily v2.0,Maharashtra,CHIRPS Rainfall
2025-09-24,2025-10-01,39.0,2025,P105,18.584360447185368,75.61558067829696,Osmanabad,normal,statewide,109.82824325561523,1,7,CHIRPS Daily v2.0,Maharashtra,CHIRPS Rainfall
2025-09-24,2025-10-01,39.0,2025,P106,19.031389786894366,76.47235681380711,Parbhani,normal,statewide,83.78049898147583,1,7,CHIRPS Daily v2.0,Maharashtra,CHIRPS Rainfall
2025-09-24,2025-10-01,39.0,2025,P107,19.120950831552832,76.56820519095093,Parbhani,normal,statewide,77.281494140625,1,7,CHIRPS Daily v2.0,Maharashtra,CHIRPS Rainfall
2025-09-24,2025-10-01,39.0,2025,P108,19.208625676465683,76.85432786914635,Parbhani,normal,statewide,65.54869270324707,1,7,CHIRPS Daily v2.0,Maharashtra,CHIRPS Rainfall
2025-09-24,2025-10-01,39.0,2025,P109,19.212081479782103,76.47396209018636,Parbhani,normal,statewide,73.84700584411621,1,7,CHIRPS Daily v2.0,Maharashtra,CHIRPS Rainfall
2025-09-24,2025-10-01,39.0,2025,P110,18.133442771357757,75.04679558432363,Pune,normal,statewide,138.05025100708008,1,7,CHIRPS Daily v2.0,Maharashtra,CHIRPS Rainfall
2025-09-24,2025-10-01,39.0,2025,P111,18.584645829652782,74.47919215212944,Pune,normal,statewide,109.40132808685303,1,7,CHIRPS Daily v2.0,Maharashtra,CHIRPS Rainfall
2025-09-24,2025-10-01,39.0,2025,P112,18.132979024848197,74.57507620208169,Pune,normal,statewide,131.82134819030762,1,7,CHIRPS Daily v2.0,Maharashtra,CHIRPS Rainfall
2025-09-24,2025-10-01,39.0,2025,P113,18.314072036830744,74.76389683618987,Pune,normal,statewide,132.54203987121582,1,7,CHIRPS Daily v2.0,Maharashtra,CHIRPS Rainfall
2025-09-24,2025-10-01,39.0,2025,P114,18.48503397121986,73.0589238755964,Raigarh,normal,statewide,208.49041748046875,1,7,CHIRPS Daily v2.0,Maharashtra,CHIRPS Rainfall
2025-09-24,2025-10-01,39.0,2025,P115,18.665689991299164,73.05687714821288,Raigarh,normal,statewide,271.3900375366211,1,7,CHIRPS Daily v2.0,Maharashtra,CHIRPS Rainfall
2025-09-24,2025-10-01,39.0,2025,P116,18.306197264370358,73.25009891506079,Raigarh,normal,statewide,116.72541046142578,1,7,CHIRPS Daily v2.0,Maharashtra,CHIRPS Rainfall
2025-09-24,2025-10-01,39.0,2025,P117,18.21404102289879,73.06194714611064,Raigarh,normal,statewide,212.53338623046875,1,7,CHIRPS Daily v2.0,Maharashtra,CHIRPS Rainfall
2025-09-24,2025-10-01,39.0,2025,P118,17.138719885658215,75.42259970290594,Sangli,normal,statewide,96.08678436279297,1,7,CHIRPS Daily v2.0,Maharashtra,CHIRPS Rainfall
2025-09-24,2025-10-01,39.0,2025,P119,17.048761981005992,74.95348443567921,Sangli,normal,statewide,51.40006446838379,1,7,CHIRPS Daily v2.0,Maharashtra,CHIRPS Rainfall
2025-09-24,2025-10-01,39.0,2025,P120,16.86707144948229,74.39025538161847,Sangli,normal,statewide,76.16045379638672,1,7,CHIRPS Daily v2.0,Maharashtra,CHIRPS Rainfall
2025-09-24,2025-10-01,39.0,2025,P121,17.048503353144895,74.67157114887826,Sangli,normal,statewide,58.06196117401123,1,7,CHIRPS Daily v2.0,Maharashtra,CHIRPS Rainfall
2025-09-24,2025-10-01,39.0,2025,P148,17.67852974098626,76.08383979812143,Solapur,normal,statewide,75.67450141906738,1,7,CHIRPS Daily v2.0,Maharashtra,CHIRPS Rainfall
2025-09-24,2025-10-01,39.0,2025,P149,18.223365003201543,75.4251413905064,Solapur,normal,statewide,99.98551177978516,1,7,CHIRPS Daily v2.0,Maharashtra,CHIRPS Rainfall
2025-09-24,2025-10-01,39.0,2025,P150,17.952532582518405,75.23562067753285,Solapur,normal,statewide,118.79198265075684,1,7,CHIRPS Daily v2.0,Maharashtra,CHIRPS Rainfall
2025-09-24,2025-10-01,39.0,2025,P151,18.223690517578447,75.23598186471818,Solapur,normal,statewide,89.39517974853516,1,7,CHIRPS Daily v2.0,Maharashtra,CHIRPS Rainfall
2025-09-24,2025-10-01,39.0,2025,P152,19.658178867370932,72.94986318203122,Thane,normal,statewide,141.59683227539062,1,7,CHIRPS Daily v2.0,Maharashtra,CHIRPS Rainfall
2025-09-24,2025-10-01,39.0,2025,P153,19.65706409210757,72.8545320606096,Thane,normal,statewide,155.80199432373047,1,7,CHIRPS Daily v2.0,Maharashtra,CHIRPS Rainfall
2025-09-24,2025-10-01,39.0,2025,P154,19.477549601897948,72.95214624177059,Thane,normal,statewide,181.19597244262695,1,7,CHIRPS Daily v2.0,Maharashtra,CHIRPS Rainfall
2025-09-24,2025-10-01,39.0,2025,P155,19.83987385799569,73.0429959666335,Thane,normal,statewide,114.29645919799805,1,7,CHIRPS Daily v2.0,Maharashtra,CHIRPS Rainfall
2025-09-24,2025-10-01,39.0,2025,P156,20.806749657616468,78.60135461177485,Wardha,normal,statewide,79.1583194732666,1,7,CHIRPS Daily v2.0,Maharashtra,CHIRPS Rainfall
2025-09-24,2025-10-01,39.0,2025,P157,20.71031267913359,78.88671032458906,Wardha,normal,statewide,89.83504104614258,1,7,CHIRPS Daily v2.0,Maharashtra,CHIRPS Rainfall
2025-09-24,2025-10-01,39.0,2025,P158,21.081265295769754,78.41565980750515,Wardha,normal,statewide,59.08672904968262,1,7,CHIRPS Daily v2.0,Maharashtra,CHIRPS Rainfall
2025-09-24,2025-10-01,39.0,2025,P159,20.439854822938944,78.87986114537097,Wardha,normal,statewide,131.34820747375488,1,7,CHIRPS Daily v2.0,Maharashtra,CHIRPS Rainfall
2025-09-24,2025-10-01,39.0,2025,P160,20.289186257444058,77.15404188735265,Washim,normal,statewide,74.10380744934082,1,7,CHIRPS Daily v2.0,Maharashtra,CHIRPS Rainfall
2025-09-24,2025-10-01,39.0,2025,P161,20.464607292886615,77.53975858757677,Washim,normal,statewide,77.45757389068604,1,7,CHIRPS Daily v2.0,Maharashtra,CHIRPS Rainfall
2025-09-24,2025-10-01,39.0,2025,P162,20.107393166596125,77.2471479173486,Washim,normal,statewide,65.19671106338501,1,7,CHIRPS Daily v2.0,Maharashtra,CHIRPS Rainfall
2025-09-24,2025-10-01,39.0,2025,P163,20.198885002010726,77.1527933390577,Washim,normal,statewide,67.0207929611206,1,7,CHIRPS Daily v2.0,Maharashtra,CHIRPS Rainfall
2025-09-24,2025-10-01,39.0,2025,P164,20.182854533723592,78.20447678161395,Yavatmal,normal,statewide,101.45529270172119,1,7,CHIRPS Daily v2.0,Maharashtra,CHIRPS Rainfall
2025-09-24,2025-10-01,39.0,2025,P165,19.894658373538324,79.05709703494229,Yavatmal,normal,statewide,88.20942878723145,1,7,CHIRPS Daily v2.0,Maharashtra,CHIRPS Rainfall
2025-09-24,2025-10-01,39.0,2025,P166,19.468787468327925,77.71426550730338,Yavatmal,normal,statewide,50.84718322753906,1,7,CHIRPS Daily v2.0,Maharashtra,CHIRPS Rainfall
2025-09-24,2025-10-01,39.0,2025,P167,19.559057510053886,77.71577268345945,Yavatmal,normal,statewide,68.51827812194824,1,7,CHIRPS Daily v2.0,Maharashtra,CHIRPS Rainfall
2025-10-01,2025-10-08,40.0,2025,P147,17.927231643141155,73.94769852026607,Satara,case_study,case_study,0.7205476611852646,1,7,CHIRPS Daily v2.0,Maharashtra,CHIRPS Rainfall
2025-10-01,2025-10-08,40.0,2025,P061,18.507855650411397,76.91766048140843,Latur,high,priority,24.414942681789398,1,7,CHIRPS Daily v2.0,Maharashtra,CHIRPS Rainfall
2025-10-01,2025-10-08,40.0,2025,P062,18.422405896924207,76.3487594508077,Latur,high,priority,12.678047955036163,1,7,CHIRPS Daily v2.0,Maharashtra,CHIRPS Rainfall
2025-10-01,2025-10-08,40.0,2025,P063,18.235391198742693,77.05646783810116,Latur,high,priority,9.375750541687012,1,7,CHIRPS Daily v2.0,Maharashtra,CHIRPS Rainfall
2025-10-01,2025-10-08,40.0,2025,P064,18.193056493341274,76.77240080549139,Latur,high,priority,24.268381357192993,1,7,CHIRPS Daily v2.0,Maharashtra,CHIRPS Rainfall
2025-10-01,2025-10-08,40.0,2025,P065,18.331355512513895,76.44266811899327,Latur,high,priority,19.032572150230408,1,7,CHIRPS Daily v2.0,Maharashtra,CHIRPS Rainfall
2025-10-01,2025-10-08,40.0,2025,P066,18.104739537876725,76.5352970251765,Latur,high,priority,24.81270095705986,1,7,CHIRPS Daily v2.0,Maharashtra,CHIRPS Rainfall
2025-10-01,2025-10-08,40.0,2025,P067,18.280552974211986,77.0569984711265,Latur,high,priority,19.891171038150787,1,7,CHIRPS Daily v2.0,Maharashtra,CHIRPS Rainfall
2025-10-01,2025-10-08,40.0,2025,P068,18.101823285787773,76.86595720469373,Latur,high,priority,27.49256867170334,1,7,CHIRPS Daily v2.0,Maharashtra,CHIRPS Rainfall
2025-10-01,2025-10-08,40.0,2025,P069,18.595075667016793,77.20284228928156,Latur,high,priority,28.41478705406189,1,7,CHIRPS Daily v2.0,Maharashtra,CHIRPS Rainfall
2025-10-01,2025-10-08,40.0,2025,P070,18.41499041187233,77.15322587185987,Latur,high,priority,33.02224487066269,1,7,CHIRPS Daily v2.0,Maharashtra,CHIRPS Rainfall
2025-10-01,2025-10-08,40.0,2025,P071,18.149138807065885,76.63019561379593,Latur,high,priority,22.362812012434006,1,7,CHIRPS Daily v2.0,Maharashtra,CHIRPS Rainfall
2025-10-01,2025-10-08,40.0,2025,P072,18.283393421583035,76.77331492120734,Latur,high,priority,21.859538316726685,1,7,CHIRPS Daily v2.0,Maharashtra,CHIRPS Rainfall
2025-10-01,2025-10-08,40.0,2025,P073,17.966315663874607,76.86453029235662,Latur,high,priority,30.816714763641357,1,7,CHIRPS Daily v2.0,Maharashtra,CHIRPS Rainfall
2025-10-01,2025-10-08,40.0,2025,P074,18.50832831512306,76.870318205524,Latur,high,priority,23.788482785224915,1,7,CHIRPS Daily v2.0,Maharashtra,CHIRPS Rainfall
2025-10-01,2025-10-08,40.0,2025,P075,18.41444640154381,77.20053247493588,Latur,high,priority,33.45287376642227,1,7,CHIRPS Daily v2.0,Maharashtra,CHIRPS Rainfall
2025-10-01,2025-10-08,40.0,2025,P076,18.377877313804504,76.25376722106614,Latur,high,priority,19.47633582353592,1,7,CHIRPS Daily v2.0,Maharashtra,CHIRPS Rainfall
2025-10-01,2025-10-08,40.0,2025,P077,18.059564385104267,76.5349046242838,Latur,high,priority,22.461885169148445,1,7,CHIRPS Daily v2.0,Maharashtra,CHIRPS Rainfall
2025-10-01,2025-10-08,40.0,2025,P078,18.1008824154655,76.96042326051098,Latur,high,priority,30.98175299167633,1,7,CHIRPS Daily v2.0,Maharashtra,CHIRPS Rainfall
2025-10-01,2025-10-08,40.0,2025,P079,18.73508698099394,76.77797468180819,Latur,high,priority,25.830197632312775,1,7,CHIRPS Daily v2.0,Maharashtra,CHIRPS Rainfall
2025-10-01,2025-10-08,40.0,2025,P080,18.46791548227568,76.3017694439065,Latur,high,priority,13.431636989116669,1,7,CHIRPS Daily v2.0,Maharashtra,CHIRPS Rainfall
2025-10-01,2025-10-08,40.0,2025,P081,18.10355787609756,76.67701617485712,Latur,high,priority,24.674267768859863,1,7,CHIRPS Daily v2.0,Maharashtra,CHIRPS Rainfall
2025-10-01,2025-10-08,40.0,2025,P082,18.23907887531389,76.67830931416262,Latur,high,priority,17.921904265880585,1,7,CHIRPS Daily v2.0,Maharashtra,CHIRPS Rainfall
2025-10-01,2025-10-08,40.0,2025,P083,18.369289085175563,77.19996171000103,Latur,high,priority,30.594805419445038,1,7,CHIRPS Daily v2.0,Maharashtra,CHIRPS Rainfall
2025-10-01,2025-10-08,40.0,2025,P084,18.46362582706226,76.82249880582684,Latur,high,priority,16.08824062347412,1,7,CHIRPS Daily v2.0,Maharashtra,CHIRPS Rainfall
2025-10-01,2025-10-08,40.0,2025,P085,18.14788579966987,76.77194597718393,Latur,high,priority,25.896107733249664,1,7,CHIRPS Daily v2.0,Maharashtra,CHIRPS Rainfall
2025-10-01,2025-10-08,40.0,2025,P122,17.88145897082753,73.8441448165019,Satara,high,priority,3.872767448425293,1,7,CHIRPS Daily v2.0,Maharashtra,CHIRPS Rainfall
2025-10-01,2025-10-08,40.0,2025,P123,17.386414030975025,74.27088970551878,Satara,high,priority,5.5361716747283936,1,7,CHIRPS Daily v2.0,Maharashtra,CHIRPS Rainfall
2025-10-01,2025-10-08,40.0,2025,P124,17.43262815429294,74.647353771057,Satara,high,priority,0.23124879598617554,1,7,CHIRPS Daily v2.0,Maharashtra,CHIRPS Rainfall
2025-10-01,2025-10-08,40.0,2025,P125,17.56734651531964,74.31728219287884,Satara,high,priority,0.0,1,7,CHIRPS Daily v2.0,Maharashtra,CHIRPS Rainfall
2025-10-01,2025-10-08,40.0,2025,P126,17.205080227535593,74.13053949986157,Satara,high,priority,2.962329089641571,1,7,CHIRPS Daily v2.0,Maharashtra,CHIRPS Rainfall
2025-10-01,2025-10-08,40.0,2025,P127,17.65773249367299,74.31694330119876,Satara,high,priority,6.1677587032318115,1,7,CHIRPS Daily v2.0,Maharashtra,CHIRPS Rainfall
2025-10-01,2025-10-08,40.0,2025,P128,18.019949731345452,74.5517328080669,Satara,high,priority,0.8375856876373291,1,7,CHIRPS Daily v2.0,Maharashtra,CHIRPS Rainfall
2025-10-01,2025-10-08,40.0,2025,P129,18.063234225271252,74.03192648006461,Satara,high,priority,4.12624204158783,1,7,CHIRPS Daily v2.0,Maharashtra,CHIRPS Rainfall
2025-10-01,2025-10-08,40.0,2025,P130,17.61135784271715,74.03436560834085,Satara,high,priority,2.4661237001419067,1,7,CHIRPS Daily v2.0,Maharashtra,CHIRPS Rainfall
2025-10-01,2025-10-08,40.0,2025,P131,17.612539504496315,74.3171127470388,Satara,high,priority,23.720744013786316,1,7,CHIRPS Daily v2.0,Maharashtra,CHIRPS Rainfall
2025-10-01,2025-10-08,40.0,2025,P132,17.702176353872684,74.12817617630324,Satara,high,priority,2.209812879562378,1,7,CHIRPS Daily v2.0,Maharashtra,CHIRPS Rainfall
2025-10-01,2025-10-08,40.0,2025,P133,17.25006363896275,74.08329532420031,Satara,high,priority,2.142064481973648,1,7,CHIRPS Daily v2.0,Maharashtra,CHIRPS Rainfall
2025-10-01,2025-10-08,40.0,2025,P134,17.476429903940936,74.17634784498362,Satara,high,priority,3.3792026042938232,1,7,CHIRPS Daily v2.0,Maharashtra,CHIRPS Rainfall
2025-10-01,2025-10-08,40.0,2025,P135,17.882716437324603,74.0801070669471,Satara,high,priority,12.311517238616943,1,7,CHIRPS Daily v2.0,Maharashtra,CHIRPS Rainfall
2025-10-01,2025-10-08,40.0,2025,P136,17.928520323345598,74.22149178404871,Satara,high,priority,15.41749107837677,1,7,CHIRPS Daily v2.0,Maharashtra,CHIRPS Rainfall
2025-10-01,2025-10-08,40.0,2025,P137,17.746687100588183,73.98648378122894,Satara,high,priority,2.589315354824066,1,7,CHIRPS Daily v2.0,Maharashtra,CHIRPS Rainfall
2025-10-01,2025-10-08,40.0,2025,P138,17.61269557303319,74.36423652697161,Satara,high,priority,9.6813183426857,1,7,CHIRPS Daily v2.0,Maharashtra,CHIRPS Rainfall
2025-10-01,2025-10-08,40.0,2025,P139,17.656773786946495,74.08126197411994,Satara,high,priority,6.219978630542755,1,7,CHIRPS Daily v2.0,Maharashtra,CHIRPS Rainfall
2025-10-01,2025-10-08,40.0,2025,P140,17.97464080554139,74.50462240543725,Satara,high,priority,13.667432367801666,1,7,CHIRPS Daily v2.0,Maharashtra,CHIRPS Rainfall
2025-10-01,2025-10-08,40.0,2025,P141,17.430826677467348,74.08239904488856,Satara,high,priority,3.0173131227493286,1,7,CHIRPS Daily v2.0,Maharashtra,CHIRPS Rainfall
2025-10-01,2025-10-08,40.0,2025,P142,18.064447100757786,74.31538707493111,Satara,high,priority,4.2713398933410645,1,7,CHIRPS Daily v2.0,Maharashtra,CHIRPS Rainfall
2025-10-01,2025-10-08,40.0,2025,P143,17.70379500755509,74.6468275971327,Satara,high,priority,0.0,1,7,CHIRPS Daily v2.0,Maharashtra,CHIRPS Rainfall
2025-10-01,2025-10-08,40.0,2025,P144,17.929452275465767,74.50474726026674,Satara,high,priority,16.528878331184387,1,7,CHIRPS Daily v2.0,Maharashtra,CHIRPS Rainfall
2025-10-01,2025-10-08,40.0,2025,P145,17.47773196144854,74.60017202281048,Satara,high,priority,0.6416677832603455,1,7,CHIRPS Daily v2.0,Maharashtra,CHIRPS Rainfall
2025-10-01,2025-10-08,40.0,2025,P146,17.839182233739812,74.55218763637436,Satara,high,priority,17.922774955630302,1,7,CHIRPS Daily v2.0,Maharashtra,CHIRPS Rainfall
2025-10-01,2025-10-08,40.0,2025,P001,19.940457800458272,74.57045211428928,Ahmednagar,normal,statewide,2.27642422914505,1,7,CHIRPS Daily v2.0,Maharashtra,CHIRPS Rainfall
2025-10-01,2025-10-08,40.0,2025,P002,18.946729294293643,74.76302285238339,Ahmednagar,normal,statewide,1.5718550086021423,1,7,CHIRPS Daily v2.0,Maharashtra,CHIRPS Rainfall
2025-10-01,2025-10-08,40.0,2025,P003,18.49469238410162,74.66892244285252,Ahmednagar,normal,statewide,20.472543716430664,1,7,CHIRPS Daily v2.0,Maharashtra,CHIRPS Rainfall
2025-10-01,2025-10-08,40.0,2025,P004,19.03720445466806,75.1420731965326,Ahmednagar,normal,statewide,0.37764009088277817,1,7,CHIRPS Daily v2.0,Maharashtra,CHIRPS Rainfall
2025-10-01,2025-10-08,40.0,2025,P005,20.832153156317954,77.06560453615967,Akola,normal,statewide,3.3512242138385773,1,7,CHIRPS Daily v2.0,Maharashtra,CHIRPS Rainfall
2025-10-01,2025-10-08,40.0,2025,P006,20.834360411339407,76.87349308547405,Akola,normal,statewide,1.8687365651130676,1,7,CHIRPS Daily v2.0,Maharashtra,CHIRPS Rainfall
2025-10-01,2025-10-08,40.0,2025,P007,21.014976299509232,76.87574047240498,Akola,normal,statewide,2.756556421518326,1,7,CHIRPS Daily v2.0,Maharashtra,CHIRPS Rainfall
2025-10-01,2025-10-08,40.0,2025,P008,20.828434266039377,77.35372489162701,Akola,normal,statewide,21.117887943983078,1,7,CHIRPS Daily v2.0,Maharashtra,CHIRPS Rainfall
2025-10-01,2025-10-08,40.0,2025,P009,21.360971327549258,77.94039543992572,Amravati,normal,statewide,26.428523540496826,1,7,CHIRPS Daily v2.0,Maharashtra,CHIRPS Rainfall
2025-10-01,2025-10-08,40.0,2025,P010,21.178803672212837,78.03301542790685,Amravati,normal,statewide,54.56119455397129,1,7,CHIRPS Daily v2.0,Maharashtra,CHIRPS Rainfall
2025-10-01,2025-10-08,40.0,2025,P011,20.814388097721018,78.21764450702477,Amravati,normal,statewide,63.48571136593819,1,7,CHIRPS Daily v2.0,Maharashtra,CHIRPS Rainfall
2025-10-01,2025-10-08,40.0,2025,P012,21.180502589714195,77.93681032267875,Amravati,normal,statewide,48.16309270262718,1,7,CHIRPS Daily v2.0,Maharashtra,CHIRPS Rainfall
2025-10-01,2025-10-08,40.0,2025,P013,20.031289688916964,74.8570519162974,Aurangabad,normal,statewide,0.9976128712296486,1,7,CHIRPS Daily v2.0,Maharashtra,CHIRPS Rainfall
2025-10-01,2025-10-08,40.0,2025,P014,19.760185263069562,75.14270192978114,Aurangabad,normal,statewide,0.0,1,7,CHIRPS Daily v2.0,Maharashtra,CHIRPS Rainfall
2025-10-01,2025-10-08,40.0,2025,P015,19.9408189876436,74.76157364454102,Aurangabad,normal,statewide,4.429361864924431,1,7,CHIRPS Daily v2.0,Maharashtra,CHIRPS Rainfall
2025-10-01,2025-10-08,40.0,2025,P016,19.66981712112043,75.14262166596218,Aurangabad,normal,statewide,0.0,1,7,CHIRPS Daily v2.0,Maharashtra,CHIRPS Rainfall
2025-10-01,2025-10-08,40.0,2025,P017,21.04613203856966,79.85576216552393,Bhandara,normal,statewide,81.46613699197769,1,7,CHIRPS Daily v2.0,Maharashtra,CHIRPS Rainfall
2025-10-01,2025-10-08,40.0,2025,P018,21.31897105472685,79.76852877161537,Bhandara,normal,statewide,81.67161870002747,1,7,CHIRPS Daily v2.0,Maharashtra,CHIRPS Rainfall
2025-10-01,2025-10-08,40.0,2025,P019,21.40900922319803,79.77144948280537,Bhandara,normal,statewide,84.57089513540268,1,7,CHIRPS Daily v2.0,Maharashtra,CHIRPS Rainfall
2025-10-01,2025-10-08,40.0,2025,P020,21.144196588937042,79.57074980349083,Bhandara,normal,statewide,87.78538656234741,1,7,CHIRPS Daily v2.0,Maharashtra,CHIRPS Rainfall
2025-10-01,2025-10-08,40.0,2025,P021,18.67502288980403,75.52108340877234,Bid,normal,statewide,25.864713191986084,1,7,CHIRPS Daily v2.0,Maharashtra,CHIRPS Rainfall
2025-10-01,2025-10-08,40.0,2025,P022,18.856499384477168,75.04699178476999,Bid,normal,statewide,16.72714940458536,1,7,CHIRPS Daily v2.0,Maharashtra,CHIRPS Rainfall
2025-10-01,2025-10-08,40.0,2025,P023,19.126596053486494,75.6175605191647,Bid,normal,statewide,18.823911547660828,1,7,CHIRPS Daily v2.0,Maharashtra,CHIRPS Rainfall
2025-10-01,2025-10-08,40.0,2025,P024,18.763955201213946,75.90084720909012,Bid,normal,statewide,4.633143365383148,1,7,CHIRPS Daily v2.0,Maharashtra,CHIRPS Rainfall
2025-10-01,2025-10-08,40.0,2025,P025,20.93073496240753,76.20164478885242,Buldana,normal,statewide,2.2022374272346497,1,7,CHIRPS Daily v2.0,Maharashtra,CHIRPS Rainfall
2025-10-01,2025-10-08,40.0,2025,P026,20.838939908121294,76.39311412898633,Buldana,normal,statewide,2.9156500101089478,1,7,CHIRPS Daily v2.0,Maharashtra,CHIRPS Rainfall
2025-10-01,2025-10-08,40.0,2025,P027,20.657476790751314,76.48742857536776,Buldana,normal,statewide,2.4216580390930176,1,7,CHIRPS Daily v2.0,Maharashtra,CHIRPS Rainfall
2025-10-01,2025-10-08,40.0,2025,P028,20.47967013624516,76.10222021266374,Buldana,normal,statewide,2.8413246273994446,1,7,CHIRPS Daily v2.0,Maharashtra,CHIRPS Rainfall
2025-10-01,2025-10-08,40.0,2025,P029,20.32317798477448,79.92829390325927,Chandrapur,normal,statewide,69.73308396339417,1,7,CHIRPS Daily v2.0,Maharashtra,CHIRPS Rainfall
2025-10-01,2025-10-08,40.0,2025,P030,20.60872097983294,79.36304041732026,Chandrapur,normal,statewide,73.8741660118103,1,7,CHIRPS Daily v2.0,Maharashtra,CHIRPS Rainfall
2025-10-01,2025-10-08,40.0,2025,P031,20.511160307884595,79.64732594588165,Chandrapur,normal,statewide,84.28970623016357,1,7,CHIRPS Daily v2.0,Maharashtra,CHIRPS Rainfall
2025-10-01,2025-10-08,40.0,2025,P032,20.598621115946884,79.74569817422172,Chandrapur,normal,statewide,73.85291743278503,1,7,CHIRPS Daily v2.0,Maharashtra,CHIRPS Rainfall
2025-10-01,2025-10-08,40.0,2025,P033,21.38667804512237,75.14422248324037,Dhule,normal,statewide,3.1509393751621246,1,7,CHIRPS Daily v2.0,Maharashtra,CHIRPS Rainfall
2025-10-01,2025-10-08,40.0,2025,P034,21.025151968113196,74.75989256344387,Dhule,normal,statewide,2.653157267719507,1,7,CHIRPS Daily v2.0,Maharashtra,CHIRPS Rainfall
2025-10-01,2025-10-08,40.0,2025,P035,21.477028350667293,74.85568743137505,Dhule,normal,statewide,2.752180390059948,1,7,CHIRPS Daily v2.0,Maharashtra,CHIRPS Rainfall
2025-10-01,2025-10-08,40.0,2025,P036,20.933820660336515,74.37533522949364,Dhule,normal,statewide,1.2654355689883232,1,7,CHIRPS Daily v2.0,Maharashtra,CHIRPS Rainfall
2025-10-01,2025-10-08,40.0,2025,P037,19.963056524597132,79.91698116388667,Garhchiroli,normal,statewide,72.18370580673218,1,7,CHIRPS Daily v2.0,Maharashtra,CHIRPS Rainfall
2025-10-01,2025-10-08,40.0,2025,P038,19.062661462582188,79.88977172925856,Garhchiroli,normal,statewide,69.43919003009796,1,7,CHIRPS Daily v2.0,Maharashtra,CHIRPS Rainfall
2025-10-01,2025-10-08,40.0,2025,P039,19.510270485428137,79.9981368030594,Garhchiroli,normal,statewide,70.21481931209564,1,7,CHIRPS Daily v2.0,Maharashtra,CHIRPS Rainfall
2025-10-01,2025-10-08,40.0,2025,P040,19.870365190999156,80.00935144220881,Garhchiroli,normal,statewide,75.20483386516571,1,7,CHIRPS Daily v2.0,Maharashtra,CHIRPS Rainfall
2025-10-01,2025-10-08,40.0,2025,P041,21.127639946725598,80.1465044724107,Gondiya,normal,statewide,73.74713936448097,1,7,CHIRPS Daily v2.0,Maharashtra,CHIRPS Rainfall
2025-10-01,2025-10-08,40.0,2025,P042,21.397598383602258,80.15591763473452,Gondiya,normal,statewide,79.57706320285797,1,7,CHIRPS Daily v2.0,Maharashtra,CHIRPS Rainfall
2025-10-01,2025-10-08,40.0,2025,P043,21.574548890706154,80.25847249986273,Gondiya,normal,statewide,96.14357143640518,1,7,CHIRPS Daily v2.0,Maharashtra,CHIRPS Rainfall
2025-10-01,2025-10-08,40.0,2025,P044,21.211649410572516,80.34153217518526,Gondiya,normal,statewide,85.46855622529984,1,7,CHIRPS Daily v2.0,Maharashtra,CHIRPS Rainfall
2025-10-01,2025-10-08,40.0,2025,P045,19.655900266732623,77.2407892392464,Hingoli,normal,statewide,57.12796115875244,1,7,CHIRPS Daily v2.0,Maharashtra,CHIRPS Rainfall
2025-10-01,2025-10-08,40.0,2025,P046,19.566758377573187,77.1442675378435,Hingoli,normal,statewide,67.22061014175415,1,7,CHIRPS Daily v2.0,Maharashtra,CHIRPS Rainfall
2025-10-01,2025-10-08,40.0,2025,P047,19.47860194974656,76.9526242927685,Hingoli,normal,statewide,49.830564856529236,1,7,CHIRPS Daily v2.0,Maharashtra,CHIRPS Rainfall
2025-10-01,2025-10-08,40.0,2025,P048,19.927981235710728,77.14910120338544,Hingoli,normal,statewide,21.378933668136597,1,7,CHIRPS Daily v2.0,Maharashtra,CHIRPS Rainfall
2025-10-01,2025-10-08,40.0,2025,P049,21.292738163229433,76.10816865346904,Jalgaon,normal,statewide,0.0,1,7,CHIRPS Daily v2.0,Maharashtra,CHIRPS Rainfall
2025-10-01,2025-10-08,40.0,2025,P050,21.386178625804387,75.43363151891216,Jalgaon,normal,statewide,7.829253673553467,1,7,CHIRPS Daily v2.0,Maharashtra,CHIRPS Rainfall
2025-10-01,2025-10-08,40.0,2025,P051,21.112064306745907,76.10682200495089,Jalgaon,normal,statewide,2.3385003805160522,1,7,CHIRPS Daily v2.0,Maharashtra,CHIRPS Rainfall
2025-10-01,2025-10-08,40.0,2025,P052,20.844437979720194,75.23982115072519,Jalgaon,normal,statewide,1.1843241937458515,1,7,CHIRPS Daily v2.0,Maharashtra,CHIRPS Rainfall
2025-10-01,2025-10-08,40.0,2025,P053,19.486369703781666,76.00005328932718,Jalna,normal,statewide,3.4366268515586853,1,7,CHIRPS Daily v2.0,Maharashtra,CHIRPS Rainfall
2025-10-01,2025-10-08,40.0,2025,P054,20.028502750758555,76.00343774702675,Jalna,normal,statewide,3.3467623591423035,1,7,CHIRPS Daily v2.0,Maharashtra,CHIRPS Rainfall
2025-10-01,2025-10-08,40.0,2025,P055,19.75743845682064,76.00172991132328,Jalna,normal,statewide,2.970594346523285,1,7,CHIRPS Daily v2.0,Maharashtra,CHIRPS Rainfall
2025-10-01,2025-10-08,40.0,2025,P056,19.57768317515413,75.80993951591351,Jalna,normal,statewide,1.6987950801849365,1,7,CHIRPS Daily v2.0,Maharashtra,CHIRPS Rainfall
2025-10-01,2025-10-08,40.0,2025,P057,16.776377793156257,74.29671235971928,Kolhapur,normal,statewide,8.906131148338318,1,7,CHIRPS Daily v2.0,Maharashtra,CHIRPS Rainfall
2025-10-01,2025-10-08,40.0,2025,P058,16.324416687682138,74.29834884980589,Kolhapur,normal,statewide,11.698881030082703,1,7,CHIRPS Daily v2.0,Maharashtra,CHIRPS Rainfall
2025-10-01,2025-10-08,40.0,2025,P059,16.595891218916975,74.39111598812178,Kolhapur,normal,statewide,8.95276153087616,1,7,CHIRPS Daily v2.0,Maharashtra,CHIRPS Rainfall
2025-10-01,2025-10-08,40.0,2025,P060,16.414811584237594,74.29802779453004,Kolhapur,normal,statewide,10.55135691165924,1,7,CHIRPS Daily v2.0,Maharashtra,CHIRPS Rainfall
2025-10-01,2025-10-08,40.0,2025,P086,21.054127206758487,79.56798961993874,Nagpur,normal,statewide,93.78602027893066,1,7,CHIRPS Daily v2.0,Maharashtra,CHIRPS Rainfall
2025-10-01,2025-10-08,40.0,2025,P087,21.146765031143822,79.47473643960802,Nagpur,normal,statewide,86.70152521133423,1,7,CHIRPS Daily v2.0,Maharashtra,CHIRPS Rainfall
2025-10-01,2025-10-08,40.0,2025,P088,21.347803602138427,78.61442869606356,Nagpur,normal,statewide,75.5561454296112,1,7,CHIRPS Daily v2.0,Maharashtra,CHIRPS Rainfall
2025-10-01,2025-10-08,40.0,2025,P089,21.165377318940912,78.70615240473293,Nagpur,normal,statewide,78.66846466064453,1,7,CHIRPS Daily v2.0,Maharashtra,CHIRPS Rainfall
2025-10-01,2025-10-08,40.0,2025,P090,19.201968238592887,77.42470040309472,Nanded,normal,statewide,62.44116961956024,1,7,CHIRPS Daily v2.0,Maharashtra,CHIRPS Rainfall
2025-10-01,2025-10-08,40.0,2025,P091,18.566038000956755,77.69963965584807,Nanded,normal,statewide,43.04997098445892,1,7,CHIRPS Daily v2.0,Maharashtra,CHIRPS Rainfall
2025-10-01,2025-10-08,40.0,2025,P092,19.736596618496833,77.90946265591798,Nanded,normal,statewide,64.60828876495361,1,7,CHIRPS Daily v2.0,Maharashtra,CHIRPS Rainfall
2025-10-01,2025-10-08,40.0,2025,P093,18.93564842817583,77.04115528508362,Nanded,normal,statewide,24.38480854034424,1,7,CHIRPS Daily v2.0,Maharashtra,CHIRPS Rainfall
2025-10-01,2025-10-08,40.0,2025,P094,21.564917232430716,74.08292967791392,Nandurbar,normal,statewide,3.085554603487253,1,7,CHIRPS Daily v2.0,Maharashtra,CHIRPS Rainfall
2025-10-01,2025-10-08,40.0,2025,P095,21.5662594218478,74.37266422796263,Nandurbar,normal,statewide,2.9914426002651453,1,7,CHIRPS Daily v2.0,Maharashtra,CHIRPS Rainfall
2025-10-01,2025-10-08,40.0,2025,P096,21.385179787168415,74.27697637845674,Nandurbar,normal,statewide,1.143446664325893,1,7,CHIRPS Daily v2.0,Maharashtra,CHIRPS Rainfall
2025-10-01,2025-10-08,40.0,2025,P097,21.565421110849755,74.17950488852946,Nandurbar,normal,statewide,3.182337760925293,1,7,CHIRPS Daily v2.0,Maharashtra,CHIRPS Rainfall
2025-10-01,2025-10-08,40.0,2025,P098,20.299553667393326,73.99482675929994,Nashik,normal,statewide,2.741924360394478,1,7,CHIRPS Daily v2.0,Maharashtra,CHIRPS Rainfall
2025-10-01,2025-10-08,40.0,2025,P099,20.120253214034264,74.28296495117151,Nashik,normal,statewide,2.1718072295188904,1,7,CHIRPS Daily v2.0,Maharashtra,CHIRPS Rainfall
2025-10-01,2025-10-08,40.0,2025,P100,20.389903972938242,73.99424261706194,Nashik,normal,statewide,2.546221673488617,1,7,CHIRPS Daily v2.0,Maharashtra,CHIRPS Rainfall
2025-10-01,2025-10-08,40.0,2025,P101,20.029015547379707,74.09216447619562,Nashik,normal,statewide,4.956015467643738,1,7,CHIRPS Daily v2.0,Maharashtra,CHIRPS Rainfall
2025-10-01,2025-10-08,40.0,2025,P102,17.85749130266526,76.36802722645965,Osmanabad,normal,statewide,15.9682110324502,1,7,CHIRPS Daily v2.0,Maharashtra,CHIRPS Rainfall
2025-10-01,2025-10-08,40.0,2025,P103,17.76644983645705,76.46164605307673,Osmanabad,normal,statewide,17.75920633226633,1,7,CHIRPS Daily v2.0,Maharashtra,CHIRPS Rainfall
2025-10-01,2025-10-08,40.0,2025,P104,17.949094615606196,76.17989775301476,Osmanabad,normal,statewide,11.84335694462061,1,7,CHIRPS Daily v2.0,Maharashtra,CHIRPS Rainfall
2025-10-01,2025-10-08,40.0,2025,P105,18.584360447185368,75.61558067829696,Osmanabad,normal,statewide,15.502518773078918,1,7,CHIRPS Daily v2.0,Maharashtra,CHIRPS Rainfall
2025-10-01,2025-10-08,40.0,2025,P106,19.031389786894366,76.47235681380711,Parbhani,normal,statewide,35.08054876327515,1,7,CHIRPS Daily v2.0,Maharashtra,CHIRPS Rainfall
2025-10-01,2025-10-08,40.0,2025,P107,19.120950831552832,76.56820519095093,Parbhani,normal,statewide,37.215678334236145,1,7,CHIRPS Daily v2.0,Maharashtra,CHIRPS Rainfall
2025-10-01,2025-10-08,40.0,2025,P108,19.208625676465683,76.85432786914635,Parbhani,normal,statewide,47.030582785606384,1,7,CHIRPS Daily v2.0,Maharashtra,CHIRPS Rainfall
2025-10-01,2025-10-08,40.0,2025,P109,19.212081479782103,76.47396209018636,Parbhani,normal,statewide,28.967103719711304,1,7,CHIRPS Daily v2.0,Maharashtra,CHIRPS Rainfall
2025-10-01,2025-10-08,40.0,2025,P110,18.133442771357757,75.04679558432363,Pune,normal,statewide,18.874462604522705,1,7,CHIRPS Daily v2.0,Maharashtra,CHIRPS Rainfall
2025-10-01,2025-10-08,40.0,2025,P111,18.584645829652782,74.47919215212944,Pune,normal,statewide,32.83722102642059,1,7,CHIRPS Daily v2.0,Maharashtra,CHIRPS Rainfall
2025-10-01,2025-10-08,40.0,2025,P112,18.132979024848197,74.57507620208169,Pune,normal,statewide,12.965097665786743,1,7,CHIRPS Daily v2.0,Maharashtra,CHIRPS Rainfall
2025-10-01,2025-10-08,40.0,2025,P113,18.314072036830744,74.76389683618987,Pune,normal,statewide,15.08462119102478,1,7,CHIRPS Daily v2.0,Maharashtra,CHIRPS Rainfall
2025-10-01,2025-10-08,40.0,2025,P114,18.48503397121986,73.0589238755964,Raigarh,normal,statewide,1.7202701568603516,1,7,CHIRPS Daily v2.0,Maharashtra,CHIRPS Rainfall
2025-10-01,2025-10-08,40.0,2025,P115,18.665689991299164,73.05687714821288,Raigarh,normal,statewide,1.7397128343582153,1,7,CHIRPS Daily v2.0,Maharashtra,CHIRPS Rainfall
2025-10-01,2025-10-08,40.0,2025,P116,18.306197264370358,73.25009891506079,Raigarh,normal,statewide,1.2772399485111237,1,7,CHIRPS Daily v2.0,Maharashtra,CHIRPS Rainfall
2025-10-01,2025-10-08,40.0,2025,P117,18.21404102289879,73.06194714611064,Raigarh,normal,statewide,1.5883125066757202,1,7,CHIRPS Daily v2.0,Maharashtra,CHIRPS Rainfall
2025-10-01,2025-10-08,40.0,2025,P118,17.138719885658215,75.42259970290594,Sangli,normal,statewide,15.75194687396288,1,7,CHIRPS Daily v2.0,Maharashtra,CHIRPS Rainfall
2025-10-01,2025-10-08,40.0,2025,P119,17.048761981005992,74.95348443567921,Sangli,normal,statewide,6.934093065559864,1,7,CHIRPS Daily v2.0,Maharashtra,CHIRPS Rainfall
2025-10-01,2025-10-08,40.0,2025,P120,16.86707144948229,74.39025538161847,Sangli,normal,statewide,6.170278191566467,1,7,CHIRPS Daily v2.0,Maharashtra,CHIRPS Rainfall
2025-10-01,2025-10-08,40.0,2025,P121,17.048503353144895,74.67157114887826,Sangli,normal,statewide,0.5968682020902634,1,7,CHIRPS Daily v2.0,Maharashtra,CHIRPS Rainfall
2025-10-01,2025-10-08,40.0,2025,P148,17.67852974098626,76.08383979812143,Solapur,normal,statewide,11.355064516887069,1,7,CHIRPS Daily v2.0,Maharashtra,CHIRPS Rainfall
2025-10-01,2025-10-08,40.0,2025,P149,18.223365003201543,75.4251413905064,Solapur,normal,statewide,4.800827145576477,1,7,CHIRPS Daily v2.0,Maharashtra,CHIRPS Rainfall
2025-10-01,2025-10-08,40.0,2025,P150,17.952532582518405,75.23562067753285,Solapur,normal,statewide,15.533588258549571,1,7,CHIRPS Daily v2.0,Maharashtra,CHIRPS Rainfall
2025-10-01,2025-10-08,40.0,2025,P151,18.223690517578447,75.23598186471818,Solapur,normal,statewide,6.406816154718399,1,7,CHIRPS Daily v2.0,Maharashtra,CHIRPS Rainfall
2025-10-01,2025-10-08,40.0,2025,P152,19.658178867370932,72.94986318203122,Thane,normal,statewide,1.8024134635925293,1,7,CHIRPS Daily v2.0,Maharashtra,CHIRPS Rainfall
2025-10-01,2025-10-08,40.0,2025,P153,19.65706409210757,72.8545320606096,Thane,normal,statewide,1.8381043374538422,1,7,CHIRPS Daily v2.0,Maharashtra,CHIRPS Rainfall
2025-10-01,2025-10-08,40.0,2025,P154,19.477549601897948,72.95214624177059,Thane,normal,statewide,2.0655212104320526,1,7,CHIRPS Daily v2.0,Maharashtra,CHIRPS Rainfall
2025-10-01,2025-10-08,40.0,2025,P155,19.83987385799569,73.0429959666335,Thane,normal,statewide,1.7985404133796692,1,7,CHIRPS Daily v2.0,Maharashtra,CHIRPS Rainfall
2025-10-01,2025-10-08,40.0,2025,P156,20.806749657616468,78.60135461177485,Wardha,normal,statewide,78.07650065422058,1,7,CHIRPS Daily v2.0,Maharashtra,CHIRPS Rainfall
2025-10-01,2025-10-08,40.0,2025,P157,20.71031267913359,78.88671032458906,Wardha,normal,statewide,85.02936553955078,1,7,CHIRPS Daily v2.0,Maharashtra,CHIRPS Rainfall
2025-10-01,2025-10-08,40.0,2025,P158,21.081265295769754,78.41565980750515,Wardha,normal,statewide,86.13964781165123,1,7,CHIRPS Daily v2.0,Maharashtra,CHIRPS Rainfall
2025-10-01,2025-10-08,40.0,2025,P159,20.439854822938944,78.87986114537097,Wardha,normal,statewide,66.03641557693481,1,7,CHIRPS Daily v2.0,Maharashtra,CHIRPS Rainfall
2025-10-01,2025-10-08,40.0,2025,P160,20.289186257444058,77.15404188735265,Washim,normal,statewide,1.0018483996391296,1,7,CHIRPS Daily v2.0,Maharashtra,CHIRPS Rainfall
2025-10-01,2025-10-08,40.0,2025,P161,20.464607292886615,77.53975858757677,Washim,normal,statewide,15.775160938501358,1,7,CHIRPS Daily v2.0,Maharashtra,CHIRPS Rainfall
2025-10-01,2025-10-08,40.0,2025,P162,20.107393166596125,77.2471479173486,Washim,normal,statewide,12.494809031486511,1,7,CHIRPS Daily v2.0,Maharashtra,CHIRPS Rainfall
2025-10-01,2025-10-08,40.0,2025,P163,20.198885002010726,77.1527933390577,Washim,normal,statewide,12.120054841041565,1,7,CHIRPS Daily v2.0,Maharashtra,CHIRPS Rainfall
2025-10-01,2025-10-08,40.0,2025,P164,20.182854533723592,78.20447678161395,Yavatmal,normal,statewide,54.51943376660347,1,7,CHIRPS Daily v2.0,Maharashtra,CHIRPS Rainfall
2025-10-01,2025-10-08,40.0,2025,P165,19.894658373538324,79.05709703494229,Yavatmal,normal,statewide,90.29941082000732,1,7,CHIRPS Daily v2.0,Maharashtra,CHIRPS Rainfall
2025-10-01,2025-10-08,40.0,2025,P166,19.468787468327925,77.71426550730338,Yavatmal,normal,statewide,62.603944301605225,1,7,CHIRPS Daily v2.0,Maharashtra,CHIRPS Rainfall
2025-10-01,2025-10-08,40.0,2025,P167,19.559057510053886,77.71577268345945,Yavatmal,normal,statewide,55.6806845664978,1,7,CHIRPS Daily v2.0,Maharashtra,CHIRPS Rainfall
2025-10-08,2025-10-15,41.0,2025,P147,17.927231643141155,73.94769852026607,Satara,case_study,case_study,0.44787478912621737,1,7,CHIRPS Daily v2.0,Maharashtra,CHIRPS Rainfall
2025-10-08,2025-10-15,41.0,2025,P061,18.507855650411397,76.91766048140843,Latur,high,priority,0.2357663932775722,1,7,CHIRPS Daily v2.0,Maharashtra,CHIRPS Rainfall
2025-10-08,2025-10-15,41.0,2025,P062,18.422405896924207,76.3487594508077,Latur,high,priority,0.47680889729008413,1,7,CHIRPS Daily v2.0,Maharashtra,CHIRPS Rainfall
2025-10-08,2025-10-15,41.0,2025,P063,18.235391198742693,77.05646783810116,Latur,high,priority,0.285346619784832,1,7,CHIRPS Daily v2.0,Maharashtra,CHIRPS Rainfall
2025-10-08,2025-10-15,41.0,2025,P064,18.193056493341274,76.77240080549139,Latur,high,priority,0.19901840388774872,1,7,CHIRPS Daily v2.0,Maharashtra,CHIRPS Rainfall
2025-10-08,2025-10-15,41.0,2025,P065,18.331355512513895,76.44266811899327,Latur,high,priority,0.32547060400247574,1,7,CHIRPS Daily v2.0,Maharashtra,CHIRPS Rainfall
2025-10-08,2025-10-15,41.0,2025,P066,18.104739537876725,76.5352970251765,Latur,high,priority,0.2902573198080063,1,7,CHIRPS Daily v2.0,Maharashtra,CHIRPS Rainfall
2025-10-08,2025-10-15,41.0,2025,P067,18.280552974211986,77.0569984711265,Latur,high,priority,0.24917051196098328,1,7,CHIRPS Daily v2.0,Maharashtra,CHIRPS Rainfall
2025-10-08,2025-10-15,41.0,2025,P068,18.101823285787773,76.86595720469373,Latur,high,priority,0.3693784326314926,1,7,CHIRPS Daily v2.0,Maharashtra,CHIRPS Rainfall
2025-10-08,2025-10-15,41.0,2025,P069,18.595075667016793,77.20284228928156,Latur,high,priority,0.26326156056120453,1,7,CHIRPS Daily v2.0,Maharashtra,CHIRPS Rainfall
2025-10-08,2025-10-15,41.0,2025,P070,18.41499041187233,77.15322587185987,Latur,high,priority,0.21136641622683783,1,7,CHIRPS Daily v2.0,Maharashtra,CHIRPS Rainfall
2025-10-08,2025-10-15,41.0,2025,P071,18.149138807065885,76.63019561379593,Latur,high,priority,0.25656208395957947,1,7,CHIRPS Daily v2.0,Maharashtra,CHIRPS Rainfall
2025-10-08,2025-10-15,41.0,2025,P072,18.283393421583035,76.77331492120734,Latur,high,priority,0.21047817915678024,1,7,CHIRPS Daily v2.0,Maharashtra,CHIRPS Rainfall
2025-10-08,2025-10-15,41.0,2025,P073,17.966315663874607,76.86453029235662,Latur,high,priority,0.4827701151371002,1,7,CHIRPS Daily v2.0,Maharashtra,CHIRPS Rainfall
2025-10-08,2025-10-15,41.0,2025,P074,18.50832831512306,76.870318205524,Latur,high,priority,0.2417014377256237,1,7,CHIRPS Daily v2.0,Maharashtra,CHIRPS Rainfall
2025-10-08,2025-10-15,41.0,2025,P075,18.41444640154381,77.20053247493588,Latur,high,priority,0.2445519282434816,1,7,CHIRPS Daily v2.0,Maharashtra,CHIRPS Rainfall
2025-10-08,2025-10-15,41.0,2025,P076,18.377877313804504,76.25376722106614,Latur,high,priority,0.37761396541600334,1,7,CHIRPS Daily v2.0,Maharashtra,CHIRPS Rainfall
2025-10-08,2025-10-15,41.0,2025,P077,18.059564385104267,76.5349046242838,Latur,high,priority,0.13277557864785194,1,7,CHIRPS Daily v2.0,Maharashtra,CHIRPS Rainfall
2025-10-08,2025-10-15,41.0,2025,P078,18.1008824154655,76.96042326051098,Latur,high,priority,0.4653867185115814,1,7,CHIRPS Daily v2.0,Maharashtra,CHIRPS Rainfall
2025-10-08,2025-10-15,41.0,2025,P079,18.73508698099394,76.77797468180819,Latur,high,priority,0.3115730522886224,1,7,CHIRPS Daily v2.0,Maharashtra,CHIRPS Rainfall
2025-10-08,2025-10-15,41.0,2025,P080,18.46791548227568,76.3017694439065,Latur,high,priority,0.5260998608791851,1,7,CHIRPS Daily v2.0,Maharashtra,CHIRPS Rainfall
2025-10-08,2025-10-15,41.0,2025,P081,18.10355787609756,76.67701617485712,Latur,high,priority,0.30758219957351685,1,7,CHIRPS Daily v2.0,Maharashtra,CHIRPS Rainfall
2025-10-08,2025-10-15,41.0,2025,P082,18.23907887531389,76.67830931416262,Latur,high,priority,0.2024623230099678,1,7,CHIRPS Daily v2.0,Maharashtra,CHIRPS Rainfall
2025-10-08,2025-10-15,41.0,2025,P083,18.369289085175563,77.19996171000103,Latur,high,priority,0.2476934212264723,1,7,CHIRPS Daily v2.0,Maharashtra,CHIRPS Rainfall
2025-10-08,2025-10-15,41.0,2025,P084,18.46362582706226,76.82249880582684,Latur,high,priority,0.26684190967853283,1,7,CHIRPS Daily v2.0,Maharashtra,CHIRPS Rainfall
2025-10-08,2025-10-15,41.0,2025,P085,18.14788579966987,76.77194597718393,Latur,high,priority,0.3472649157047272,1,7,CHIRPS Daily v2.0,Maharashtra,CHIRPS Rainfall
2025-10-08,2025-10-15,41.0,2025,P122,17.88145897082753,73.8441448165019,Satara,high,priority,2.2356192488223314,1,7,CHIRPS Daily v2.0,Maharashtra,CHIRPS Rainfall
2025-10-08,2025-10-15,41.0,2025,P123,17.386414030975025,74.27088970551878,Satara,high,priority,21.58191028609872,1,7,CHIRPS Daily v2.0,Maharashtra,CHIRPS Rainfall
2025-10-08,2025-10-15,41.0,2025,P124,17.43262815429294,74.647353771057,Satara,high,priority,1.2636634540976956,1,7,CHIRPS Daily v2.0,Maharashtra,CHIRPS Rainfall
2025-10-08,2025-10-15,41.0,2025,P125,17.56734651531964,74.31728219287884,Satara,high,priority,0.0,1,7,CHIRPS Daily v2.0,Maharashtra,CHIRPS Rainfall
2025-10-08,2025-10-15,41.0,2025,P126,17.205080227535593,74.13053949986157,Satara,high,priority,12.97470323368907,1,7,CHIRPS Daily v2.0,Maharashtra,CHIRPS Rainfall
2025-10-08,2025-10-15,41.0,2025,P127,17.65773249367299,74.31694330119876,Satara,high,priority,14.559770327061415,1,7,CHIRPS Daily v2.0,Maharashtra,CHIRPS Rainfall
2025-10-08,2025-10-15,41.0,2025,P128,18.019949731345452,74.5517328080669,Satara,high,priority,1.1312763188034296,1,7,CHIRPS Daily v2.0,Maharashtra,CHIRPS Rainfall
2025-10-08,2025-10-15,41.0,2025,P129,18.063234225271252,74.03192648006461,Satara,high,priority,1.7749271150678396,1,7,CHIRPS Daily v2.0,Maharashtra,CHIRPS Rainfall
2025-10-08,2025-10-15,41.0,2025,P130,17.61135784271715,74.03436560834085,Satara,high,priority,4.792163586243987,1,7,CHIRPS Daily v2.0,Maharashtra,CHIRPS Rainfall
2025-10-08,2025-10-15,41.0,2025,P131,17.612539504496315,74.3171127470388,Satara,high,priority,8.168220113962889,1,7,CHIRPS Daily v2.0,Maharashtra,CHIRPS Rainfall
2025-10-08,2025-10-15,41.0,2025,P132,17.702176353872684,74.12817617630324,Satara,high,priority,3.725678510963917,1,7,CHIRPS Daily v2.0,Maharashtra,CHIRPS Rainfall
2025-10-08,2025-10-15,41.0,2025,P133,17.25006363896275,74.08329532420031,Satara,high,priority,9.882347293198109,1,7,CHIRPS Daily v2.0,Maharashtra,CHIRPS Rainfall
2025-10-08,2025-10-15,41.0,2025,P134,17.476429903940936,74.17634784498362,Satara,high,priority,10.723068427294493,1,7,CHIRPS Daily v2.0,Maharashtra,CHIRPS Rainfall
2025-10-08,2025-10-15,41.0,2025,P135,17.882716437324603,74.0801070669471,Satara,high,priority,3.2654679492115974,1,7,CHIRPS Daily v2.0,Maharashtra,CHIRPS Rainfall
2025-10-08,2025-10-15,41.0,2025,P136,17.928520323345598,74.22149178404871,Satara,high,priority,5.757167287170887,1,7,CHIRPS Daily v2.0,Maharashtra,CHIRPS Rainfall
2025-10-08,2025-10-15,41.0,2025,P137,17.746687100588183,73.98648378122894,Satara,high,priority,3.438750935718417,1,7,CHIRPS Daily v2.0,Maharashtra,CHIRPS Rainfall
2025-10-08,2025-10-15,41.0,2025,P138,17.61269557303319,74.36423652697161,Satara,high,priority,3.9132352732121944,1,7,CHIRPS Daily v2.0,Maharashtra,CHIRPS Rainfall
2025-10-08,2025-10-15,41.0,2025,P139,17.656773786946495,74.08126197411994,Satara,high,priority,4.699585480615497,1,7,CHIRPS Daily v2.0,Maharashtra,CHIRPS Rainfall
2025-10-08,2025-10-15,41.0,2025,P140,17.97464080554139,74.50462240543725,Satara,high,priority,0.9799027414992452,1,7,CHIRPS Daily v2.0,Maharashtra,CHIRPS Rainfall
2025-10-08,2025-10-15,41.0,2025,P141,17.430826677467348,74.08239904488856,Satara,high,priority,10.769550573080778,1,7,CHIRPS Daily v2.0,Maharashtra,CHIRPS Rainfall
2025-10-08,2025-10-15,41.0,2025,P142,18.064447100757786,74.31538707493111,Satara,high,priority,3.092116367071867,1,7,CHIRPS Daily v2.0,Maharashtra,CHIRPS Rainfall
2025-10-08,2025-10-15,41.0,2025,P143,17.70379500755509,74.6468275971327,Satara,high,priority,0.0,1,7,CHIRPS Daily v2.0,Maharashtra,CHIRPS Rainfall
2025-10-08,2025-10-15,41.0,2025,P144,17.929452275465767,74.50474726026674,Satara,high,priority,1.151853259652853,1,7,CHIRPS Daily v2.0,Maharashtra,CHIRPS Rainfall
2025-10-08,2025-10-15,41.0,2025,P145,17.47773196144854,74.60017202281048,Satara,high,priority,2.992276909761131,1,7,CHIRPS Daily v2.0,Maharashtra,CHIRPS Rainfall
2025-10-08,2025-10-15,41.0,2025,P146,17.839182233739812,74.55218763637436,Satara,high,priority,1.2732571926899254,1,7,CHIRPS Daily v2.0,Maharashtra,CHIRPS Rainfall
2025-10-08,2025-10-15,41.0,2025,P001,19.940457800458272,74.57045211428928,Ahmednagar,normal,statewide,0.07696850314323456,1,7,CHIRPS Daily v2.0,Maharashtra,CHIRPS Rainfall
2025-10-08,2025-10-15,41.0,2025,P002,18.946729294293643,74.76302285238339,Ahmednagar,normal,statewide,0.48695636484899296,1,7,CHIRPS Daily v2.0,Maharashtra,CHIRPS Rainfall
2025-10-08,2025-10-15,41.0,2025,P003,18.49469238410162,74.66892244285252,Ahmednagar,normal,statewide,0.9540935035329312,1,7,CHIRPS Daily v2.0,Maharashtra,CHIRPS Rainfall
2025-10-08,2025-10-15,41.0,2025,P004,19.03720445466806,75.1420731965326,Ahmednagar,normal,statewide,1.0328525395993893,1,7,CHIRPS Daily v2.0,Maharashtra,CHIRPS Rainfall
2025-10-08,2025-10-15,41.0,2025,P005,20.832153156317954,77.06560453615967,Akola,normal,statewide,1.274780654348433,1,7,CHIRPS Daily v2.0,Maharashtra,CHIRPS Rainfall
2025-10-08,2025-10-15,41.0,2025,P006,20.834360411339407,76.87349308547405,Akola,normal,statewide,0.5463518770411611,1,7,CHIRPS Daily v2.0,Maharashtra,CHIRPS Rainfall
2025-10-08,2025-10-15,41.0,2025,P007,21.014976299509232,76.87574047240498,Akola,normal,statewide,0.6511843316257,1,7,CHIRPS Daily v2.0,Maharashtra,CHIRPS Rainfall
2025-10-08,2025-10-15,41.0,2025,P008,20.828434266039377,77.35372489162701,Akola,normal,statewide,0.5935049718245864,1,7,CHIRPS Daily v2.0,Maharashtra,CHIRPS Rainfall
2025-10-08,2025-10-15,41.0,2025,P009,21.360971327549258,77.94039543992572,Amravati,normal,statewide,0.0,1,7,CHIRPS Daily v2.0,Maharashtra,CHIRPS Rainfall
2025-10-08,2025-10-15,41.0,2025,P010,21.178803672212837,78.03301542790685,Amravati,normal,statewide,0.20011255843564868,1,7,CHIRPS Daily v2.0,Maharashtra,CHIRPS Rainfall
2025-10-08,2025-10-15,41.0,2025,P011,20.814388097721018,78.21764450702477,Amravati,normal,statewide,0.19275511428713799,1,7,CHIRPS Daily v2.0,Maharashtra,CHIRPS Rainfall
2025-10-08,2025-10-15,41.0,2025,P012,21.180502589714195,77.93681032267875,Amravati,normal,statewide,0.36860192101448774,1,7,CHIRPS Daily v2.0,Maharashtra,CHIRPS Rainfall
2025-10-08,2025-10-15,41.0,2025,P013,20.031289688916964,74.8570519162974,Aurangabad,normal,statewide,0.031185634434223175,1,7,CHIRPS Daily v2.0,Maharashtra,CHIRPS Rainfall
2025-10-08,2025-10-15,41.0,2025,P014,19.760185263069562,75.14270192978114,Aurangabad,normal,statewide,0.0,1,7,CHIRPS Daily v2.0,Maharashtra,CHIRPS Rainfall
2025-10-08,2025-10-15,41.0,2025,P015,19.9408189876436,74.76157364454102,Aurangabad,normal,statewide,0.04960946307414815,1,7,CHIRPS Daily v2.0,Maharashtra,CHIRPS Rainfall
2025-10-08,2025-10-15,41.0,2025,P016,19.66981712112043,75.14262166596218,Aurangabad,normal,statewide,0.0,1,7,CHIRPS Daily v2.0,Maharashtra,CHIRPS Rainfall
2025-10-08,2025-10-15,41.0,2025,P017,21.04613203856966,79.85576216552393,Bhandara,normal,statewide,0.7748787701129913,1,7,CHIRPS Daily v2.0,Maharashtra,CHIRPS Rainfall
2025-10-08,2025-10-15,41.0,2025,P018,21.31897105472685,79.76852877161537,Bhandara,normal,statewide,0.3741055205464363,1,7,CHIRPS Daily v2.0,Maharashtra,CHIRPS Rainfall
2025-10-08,2025-10-15,41.0,2025,P019,21.40900922319803,79.77144948280537,Bhandara,normal,statewide,0.3812982589006424,1,7,CHIRPS Daily v2.0,Maharashtra,CHIRPS Rainfall
2025-10-08,2025-10-15,41.0,2025,P020,21.144196588937042,79.57074980349083,Bhandara,normal,statewide,2.7389533519744873,1,7,CHIRPS Daily v2.0,Maharashtra,CHIRPS Rainfall
2025-10-08,2025-10-15,41.0,2025,P021,18.67502288980403,75.52108340877234,Bid,normal,statewide,1.4463097086409107,1,7,CHIRPS Daily v2.0,Maharashtra,CHIRPS Rainfall
2025-10-08,2025-10-15,41.0,2025,P022,18.856499384477168,75.04699178476999,Bid,normal,statewide,0.8601072308956645,1,7,CHIRPS Daily v2.0,Maharashtra,CHIRPS Rainfall
2025-10-08,2025-10-15,41.0,2025,P023,19.126596053486494,75.6175605191647,Bid,normal,statewide,0.49490445654373616,1,7,CHIRPS Daily v2.0,Maharashtra,CHIRPS Rainfall
2025-10-08,2025-10-15,41.0,2025,P024,18.763955201213946,75.90084720909012,Bid,normal,statewide,0.896497749559785,1,7,CHIRPS Daily v2.0,Maharashtra,CHIRPS Rainfall
2025-10-08,2025-10-15,41.0,2025,P025,20.93073496240753,76.20164478885242,Buldana,normal,statewide,0.20541651372332126,1,7,CHIRPS Daily v2.0,Maharashtra,CHIRPS Rainfall
2025-10-08,2025-10-15,41.0,2025,P026,20.838939908121294,76.39311412898633,Buldana,normal,statewide,0.4774880912154913,1,7,CHIRPS Daily v2.0,Maharashtra,CHIRPS Rainfall
2025-10-08,2025-10-15,41.0,2025,P027,20.657476790751314,76.48742857536776,Buldana,normal,statewide,0.5488904907833785,1,7,CHIRPS Daily v2.0,Maharashtra,CHIRPS Rainfall
2025-10-08,2025-10-15,41.0,2025,P028,20.47967013624516,76.10222021266374,Buldana,normal,statewide,0.7207871489226818,1,7,CHIRPS Daily v2.0,Maharashtra,CHIRPS Rainfall
2025-10-08,2025-10-15,41.0,2025,P029,20.32317798477448,79.92829390325927,Chandrapur,normal,statewide,2.0071609914302826,1,7,CHIRPS Daily v2.0,Maharashtra,CHIRPS Rainfall
2025-10-08,2025-10-15,41.0,2025,P030,20.60872097983294,79.36304041732026,Chandrapur,normal,statewide,3.214841663837433,1,7,CHIRPS Daily v2.0,Maharashtra,CHIRPS Rainfall
2025-10-08,2025-10-15,41.0,2025,P031,20.511160307884595,79.64732594588165,Chandrapur,normal,statewide,3.824625015258789,1,7,CHIRPS Daily v2.0,Maharashtra,CHIRPS Rainfall
2025-10-08,2025-10-15,41.0,2025,P032,20.598621115946884,79.74569817422172,Chandrapur,normal,statewide,2.7226330637931824,1,7,CHIRPS Daily v2.0,Maharashtra,CHIRPS Rainfall
2025-10-08,2025-10-15,41.0,2025,P033,21.38667804512237,75.14422248324037,Dhule,normal,statewide,0.00685826947278656,1,7,CHIRPS Daily v2.0,Maharashtra,CHIRPS Rainfall
2025-10-08,2025-10-15,41.0,2025,P034,21.025151968113196,74.75989256344387,Dhule,normal,statewide,0.005879717391053418,1,7,CHIRPS Daily v2.0,Maharashtra,CHIRPS Rainfall
2025-10-08,2025-10-15,41.0,2025,P035,21.477028350667293,74.85568743137505,Dhule,normal,statewide,0.005821225921863515,1,7,CHIRPS Daily v2.0,Maharashtra,CHIRPS Rainfall
2025-10-08,2025-10-15,41.0,2025,P036,20.933820660336515,74.37533522949364,Dhule,normal,statewide,0.006515663531899918,1,7,CHIRPS Daily v2.0,Maharashtra,CHIRPS Rainfall
2025-10-08,2025-10-15,41.0,2025,P037,19.963056524597132,79.91698116388667,Garhchiroli,normal,statewide,4.937960863113403,1,7,CHIRPS Daily v2.0,Maharashtra,CHIRPS Rainfall
2025-10-08,2025-10-15,41.0,2025,P038,19.062661462582188,79.88977172925856,Garhchiroli,normal,statewide,1.7282673716545105,1,7,CHIRPS Daily v2.0,Maharashtra,CHIRPS Rainfall
2025-10-08,2025-10-15,41.0,2025,P039,19.510270485428137,79.9981368030594,Garhchiroli,normal,statewide,0.6271208673715591,1,7,CHIRPS Daily v2.0,Maharashtra,CHIRPS Rainfall
2025-10-08,2025-10-15,41.0,2025,P040,19.870365190999156,80.00935144220881,Garhchiroli,normal,statewide,1.5800295174121857,1,7,CHIRPS Daily v2.0,Maharashtra,CHIRPS Rainfall
2025-10-08,2025-10-15,41.0,2025,P041,21.127639946725598,80.1465044724107,Gondiya,normal,statewide,0.3167411535978317,1,7,CHIRPS Daily v2.0,Maharashtra,CHIRPS Rainfall
2025-10-08,2025-10-15,41.0,2025,P042,21.397598383602258,80.15591763473452,Gondiya,normal,statewide,0.655103862285614,1,7,CHIRPS Daily v2.0,Maharashtra,CHIRPS Rainfall
2025-10-08,2025-10-15,41.0,2025,P043,21.574548890706154,80.25847249986273,Gondiya,normal,statewide,0.9279858618974686,1,7,CHIRPS Daily v2.0,Maharashtra,CHIRPS Rainfall
2025-10-08,2025-10-15,41.0,2025,P044,21.211649410572516,80.34153217518526,Gondiya,normal,statewide,0.9442021697759628,1,7,CHIRPS Daily v2.0,Maharashtra,CHIRPS Rainfall
2025-10-08,2025-10-15,41.0,2025,P045,19.655900266732623,77.2407892392464,Hingoli,normal,statewide,1.210842173499259,1,7,CHIRPS Daily v2.0,Maharashtra,CHIRPS Rainfall
2025-10-08,2025-10-15,41.0,2025,P046,19.566758377573187,77.1442675378435,Hingoli,normal,statewide,1.2182605590678577,1,7,CHIRPS Daily v2.0,Maharashtra,CHIRPS Rainfall
2025-10-08,2025-10-15,41.0,2025,P047,19.47860194974656,76.9526242927685,Hingoli,normal,statewide,0.9789191951822431,1,7,CHIRPS Daily v2.0,Maharashtra,CHIRPS Rainfall
2025-10-08,2025-10-15,41.0,2025,P048,19.927981235710728,77.14910120338544,Hingoli,normal,statewide,1.1714989766478539,1,7,CHIRPS Daily v2.0,Maharashtra,CHIRPS Rainfall
2025-10-08,2025-10-15,41.0,2025,P049,21.292738163229433,76.10816865346904,Jalgaon,normal,statewide,0.0,1,7,CHIRPS Daily v2.0,Maharashtra,CHIRPS Rainfall
2025-10-08,2025-10-15,41.0,2025,P050,21.386178625804387,75.43363151891216,Jalgaon,normal,statewide,0.0,1,7,CHIRPS Daily v2.0,Maharashtra,CHIRPS Rainfall
2025-10-08,2025-10-15,41.0,2025,P051,21.112064306745907,76.10682200495089,Jalgaon,normal,statewide,0.04369441792368889,1,7,CHIRPS Daily v2.0,Maharashtra,CHIRPS Rainfall
2025-10-08,2025-10-15,41.0,2025,P052,20.844437979720194,75.23982115072519,Jalgaon,normal,statewide,0.0048539084822323275,1,7,CHIRPS Daily v2.0,Maharashtra,CHIRPS Rainfall
2025-10-08,2025-10-15,41.0,2025,P053,19.486369703781666,76.00005328932718,Jalna,normal,statewide,1.295394504442811,1,7,CHIRPS Daily v2.0,Maharashtra,CHIRPS Rainfall
2025-10-08,2025-10-15,41.0,2025,P054,20.028502750758555,76.00343774702675,Jalna,normal,statewide,1.2703394262480288,1,7,CHIRPS Daily v2.0,Maharashtra,CHIRPS Rainfall
2025-10-08,2025-10-15,41.0,2025,P055,19.75743845682064,76.00172991132328,Jalna,normal,statewide,1.2146854692691704,1,7,CHIRPS Daily v2.0,Maharashtra,CHIRPS Rainfall
2025-10-08,2025-10-15,41.0,2025,P056,19.57768317515413,75.80993951591351,Jalna,normal,statewide,1.0021461771698341,1,7,CHIRPS Daily v2.0,Maharashtra,CHIRPS Rainfall
2025-10-08,2025-10-15,41.0,2025,P057,16.776377793156257,74.29671235971928,Kolhapur,normal,statewide,21.027907953131944,1,7,CHIRPS Daily v2.0,Maharashtra,CHIRPS Rainfall
2025-10-08,2025-10-15,41.0,2025,P058,16.324416687682138,74.29834884980589,Kolhapur,normal,statewide,19.16238045692444,1,7,CHIRPS Daily v2.0,Maharashtra,CHIRPS Rainfall
2025-10-08,2025-10-15,41.0,2025,P059,16.595891218916975,74.39111598812178,Kolhapur,normal,statewide,18.554766178131104,1,7,CHIRPS Daily v2.0,Maharashtra,CHIRPS Rainfall
2025-10-08,2025-10-15,41.0,2025,P060,16.414811584237594,74.29802779453004,Kolhapur,normal,statewide,18.67173194885254,1,7,CHIRPS Daily v2.0,Maharashtra,CHIRPS Rainfall
2025-10-08,2025-10-15,41.0,2025,P086,21.054127206758487,79.56798961993874,Nagpur,normal,statewide,3.81044340133667,1,7,CHIRPS Daily v2.0,Maharashtra,CHIRPS Rainfall
2025-10-08,2025-10-15,41.0,2025,P087,21.146765031143822,79.47473643960802,Nagpur,normal,statewide,3.3163353204727173,1,7,CHIRPS Daily v2.0,Maharashtra,CHIRPS Rainfall
2025-10-08,2025-10-15,41.0,2025,P088,21.347803602138427,78.61442869606356,Nagpur,normal,statewide,1.6026563197374344,1,7,CHIRPS Daily v2.0,Maharashtra,CHIRPS Rainfall
2025-10-08,2025-10-15,41.0,2025,P089,21.165377318940912,78.70615240473293,Nagpur,normal,statewide,2.66686674952507,1,7,CHIRPS Daily v2.0,Maharashtra,CHIRPS Rainfall
2025-10-08,2025-10-15,41.0,2025,P090,19.201968238592887,77.42470040309472,Nanded,normal,statewide,0.7338981479406357,1,7,CHIRPS Daily v2.0,Maharashtra,CHIRPS Rainfall
2025-10-08,2025-10-15,41.0,2025,P091,18.566038000956755,77.69963965584807,Nanded,normal,statewide,0.7720248648693087,1,7,CHIRPS Daily v2.0,Maharashtra,CHIRPS Rainfall
2025-10-08,2025-10-15,41.0,2025,P092,19.736596618496833,77.90946265591798,Nanded,normal,statewide,1.898008981719613,1,7,CHIRPS Daily v2.0,Maharashtra,CHIRPS Rainfall
2025-10-08,2025-10-15,41.0,2025,P093,18.93564842817583,77.04115528508362,Nanded,normal,statewide,0.3385770862756772,1,7,CHIRPS Daily v2.0,Maharashtra,CHIRPS Rainfall
2025-10-08,2025-10-15,41.0,2025,P094,21.564917232430716,74.08292967791392,Nandurbar,normal,statewide,0.0,1,7,CHIRPS Daily v2.0,Maharashtra,CHIRPS Rainfall
2025-10-08,2025-10-15,41.0,2025,P095,21.5662594218478,74.37266422796263,Nandurbar,normal,statewide,0.0032444093376398087,1,7,CHIRPS Daily v2.0,Maharashtra,CHIRPS Rainfall
2025-10-08,2025-10-15,41.0,2025,P096,21.385179787168415,74.27697637845674,Nandurbar,normal,statewide,0.0022778035819897013,1,7,CHIRPS Daily v2.0,Maharashtra,CHIRPS Rainfall
2025-10-08,2025-10-15,41.0,2025,P097,21.565421110849755,74.17950488852946,Nandurbar,normal,statewide,9.069980587810278E-4,1,7,CHIRPS Daily v2.0,Maharashtra,CHIRPS Rainfall
2025-10-08,2025-10-15,41.0,2025,P098,20.299553667393326,73.99482675929994,Nashik,normal,statewide,0.18958983849734068,1,7,CHIRPS Daily v2.0,Maharashtra,CHIRPS Rainfall
2025-10-08,2025-10-15,41.0,2025,P099,20.120253214034264,74.28296495117151,Nashik,normal,statewide,0.0832443106919527,1,7,CHIRPS Daily v2.0,Maharashtra,CHIRPS Rainfall
2025-10-08,2025-10-15,41.0,2025,P100,20.389903972938242,73.99424261706194,Nashik,normal,statewide,0.1586951045319438,1,7,CHIRPS Daily v2.0,Maharashtra,CHIRPS Rainfall
2025-10-08,2025-10-15,41.0,2025,P101,20.029015547379707,74.09216447619562,Nashik,normal,statewide,0.39239613339304924,1,7,CHIRPS Daily v2.0,Maharashtra,CHIRPS Rainfall
2025-10-08,2025-10-15,41.0,2025,P102,17.85749130266526,76.36802722645965,Osmanabad,normal,statewide,0.14354000985622406,1,7,CHIRPS Daily v2.0,Maharashtra,CHIRPS Rainfall
2025-10-08,2025-10-15,41.0,2025,P103,17.76644983645705,76.46164605307673,Osmanabad,normal,statewide,0.13473938032984734,1,7,CHIRPS Daily v2.0,Maharashtra,CHIRPS Rainfall
2025-10-08,2025-10-15,41.0,2025,P104,17.949094615606196,76.17989775301476,Osmanabad,normal,statewide,0.06257479265332222,1,7,CHIRPS Daily v2.0,Maharashtra,CHIRPS Rainfall
2025-10-08,2025-10-15,41.0,2025,P105,18.584360447185368,75.61558067829696,Osmanabad,normal,statewide,0.21760848478379557,1,7,CHIRPS Daily v2.0,Maharashtra,CHIRPS Rainfall
2025-10-08,2025-10-15,41.0,2025,P106,19.031389786894366,76.47235681380711,Parbhani,normal,statewide,0.8447458334267139,1,7,CHIRPS Daily v2.0,Maharashtra,CHIRPS Rainfall
2025-10-08,2025-10-15,41.0,2025,P107,19.120950831552832,76.56820519095093,Parbhani,normal,statewide,0.9336918704211712,1,7,CHIRPS Daily v2.0,Maharashtra,CHIRPS Rainfall
2025-10-08,2025-10-15,41.0,2025,P108,19.208625676465683,76.85432786914635,Parbhani,normal,statewide,0.8661647401750088,1,7,CHIRPS Daily v2.0,Maharashtra,CHIRPS Rainfall
2025-10-08,2025-10-15,41.0,2025,P109,19.212081479782103,76.47396209018636,Parbhani,normal,statewide,1.2131655812263489,1,7,CHIRPS Daily v2.0,Maharashtra,CHIRPS Rainfall
2025-10-08,2025-10-15,41.0,2025,P110,18.133442771357757,75.04679558432363,Pune,normal,statewide,6.786838531494141,1,7,CHIRPS Daily v2.0,Maharashtra,CHIRPS Rainfall
2025-10-08,2025-10-15,41.0,2025,P111,18.584645829652782,74.47919215212944,Pune,normal,statewide,0.21549597824923694,1,7,CHIRPS Daily v2.0,Maharashtra,CHIRPS Rainfall
2025-10-08,2025-10-15,41.0,2025,P112,18.132979024848197,74.57507620208169,Pune,normal,statewide,2.790719874203205,1,7,CHIRPS Daily v2.0,Maharashtra,CHIRPS Rainfall
2025-10-08,2025-10-15,41.0,2025,P113,18.314072036830744,74.76389683618987,Pune,normal,statewide,0.9365020394325256,1,7,CHIRPS Daily v2.0,Maharashtra,CHIRPS Rainfall
2025-10-08,2025-10-15,41.0,2025,P114,18.48503397121986,73.0589238755964,Raigarh,normal,statewide,0.21022686478681862,1,7,CHIRPS Daily v2.0,Maharashtra,CHIRPS Rainfall
2025-10-08,2025-10-15,41.0,2025,P115,18.665689991299164,73.05687714821288,Raigarh,normal,statewide,0.22808007134881336,1,7,CHIRPS Daily v2.0,Maharashtra,CHIRPS Rainfall
2025-10-08,2025-10-15,41.0,2025,P116,18.306197264370358,73.25009891506079,Raigarh,normal,statewide,0.1486972605343908,1,7,CHIRPS Daily v2.0,Maharashtra,CHIRPS Rainfall
2025-10-08,2025-10-15,41.0,2025,P117,18.21404102289879,73.06194714611064,Raigarh,normal,statewide,0.18183631380088627,1,7,CHIRPS Daily v2.0,Maharashtra,CHIRPS Rainfall
2025-10-08,2025-10-15,41.0,2025,P118,17.138719885658215,75.42259970290594,Sangli,normal,statewide,1.0837075263261795,1,7,CHIRPS Daily v2.0,Maharashtra,CHIRPS Rainfall
2025-10-08,2025-10-15,41.0,2025,P119,17.048761981005992,74.95348443567921,Sangli,normal,statewide,3.909722328186035,1,7,CHIRPS Daily v2.0,Maharashtra,CHIRPS Rainfall
2025-10-08,2025-10-15,41.0,2025,P120,16.86707144948229,74.39025538161847,Sangli,normal,statewide,16.830068407580256,1,7,CHIRPS Daily v2.0,Maharashtra,CHIRPS Rainfall
2025-10-08,2025-10-15,41.0,2025,P121,17.048503353144895,74.67157114887826,Sangli,normal,statewide,2.565572202205658,1,7,CHIRPS Daily v2.0,Maharashtra,CHIRPS Rainfall
2025-10-08,2025-10-15,41.0,2025,P148,17.67852974098626,76.08383979812143,Solapur,normal,statewide,0.2280673161149025,1,7,CHIRPS Daily v2.0,Maharashtra,CHIRPS Rainfall
2025-10-08,2025-10-15,41.0,2025,P149,18.223365003201543,75.4251413905064,Solapur,normal,statewide,0.7059399429708719,1,7,CHIRPS Daily v2.0,Maharashtra,CHIRPS Rainfall
2025-10-08,2025-10-15,41.0,2025,P150,17.952532582518405,75.23562067753285,Solapur,normal,statewide,8.533924238756299,1,7,CHIRPS Daily v2.0,Maharashtra,CHIRPS Rainfall
2025-10-08,2025-10-15,41.0,2025,P151,18.223690517578447,75.23598186471818,Solapur,normal,statewide,3.285653829574585,1,7,CHIRPS Daily v2.0,Maharashtra,CHIRPS Rainfall
2025-10-08,2025-10-15,41.0,2025,P152,19.658178867370932,72.94986318203122,Thane,normal,statewide,0.22508202292806345,1,7,CHIRPS Daily v2.0,Maharashtra,CHIRPS Rainfall
2025-10-08,2025-10-15,41.0,2025,P153,19.65706409210757,72.8545320606096,Thane,normal,statewide,0.23283186936714628,1,7,CHIRPS Daily v2.0,Maharashtra,CHIRPS Rainfall
2025-10-08,2025-10-15,41.0,2025,P154,19.477549601897948,72.95214624177059,Thane,normal,statewide,0.2548906207084656,1,7,CHIRPS Daily v2.0,Maharashtra,CHIRPS Rainfall
2025-10-08,2025-10-15,41.0,2025,P155,19.83987385799569,73.0429959666335,Thane,normal,statewide,0.20214887070073928,1,7,CHIRPS Daily v2.0,Maharashtra,CHIRPS Rainfall
2025-10-08,2025-10-15,41.0,2025,P156,20.806749657616468,78.60135461177485,Wardha,normal,statewide,1.2386743277311325,1,7,CHIRPS Daily v2.0,Maharashtra,CHIRPS Rainfall
2025-10-08,2025-10-15,41.0,2025,P157,20.71031267913359,78.88671032458906,Wardha,normal,statewide,4.7280542850494385,1,7,CHIRPS Daily v2.0,Maharashtra,CHIRPS Rainfall
2025-10-08,2025-10-15,41.0,2025,P158,21.081265295769754,78.41565980750515,Wardha,normal,statewide,0.2457336187362671,1,7,CHIRPS Daily v2.0,Maharashtra,CHIRPS Rainfall
2025-10-08,2025-10-15,41.0,2025,P159,20.439854822938944,78.87986114537097,Wardha,normal,statewide,3.314201295375824,1,7,CHIRPS Daily v2.0,Maharashtra,CHIRPS Rainfall
2025-10-08,2025-10-15,41.0,2025,P160,20.289186257444058,77.15404188735265,Washim,normal,statewide,0.2599159409292042,1,7,CHIRPS Daily v2.0,Maharashtra,CHIRPS Rainfall
2025-10-08,2025-10-15,41.0,2025,P161,20.464607292886615,77.53975858757677,Washim,normal,statewide,0.24675387650495395,1,7,CHIRPS Daily v2.0,Maharashtra,CHIRPS Rainfall
2025-10-08,2025-10-15,41.0,2025,P162,20.107393166596125,77.2471479173486,Washim,normal,statewide,0.5438457913696766,1,7,CHIRPS Daily v2.0,Maharashtra,CHIRPS Rainfall
2025-10-08,2025-10-15,41.0,2025,P163,20.198885002010726,77.1527933390577,Washim,normal,statewide,0.4226009859703481,1,7,CHIRPS Daily v2.0,Maharashtra,CHIRPS Rainfall
2025-10-08,2025-10-15,41.0,2025,P164,20.182854533723592,78.20447678161395,Yavatmal,normal,statewide,0.19017104199156165,1,7,CHIRPS Daily v2.0,Maharashtra,CHIRPS Rainfall
2025-10-08,2025-10-15,41.0,2025,P165,19.894658373538324,79.05709703494229,Yavatmal,normal,statewide,6.0824596881866455,1,7,CHIRPS Daily v2.0,Maharashtra,CHIRPS Rainfall
2025-10-08,2025-10-15,41.0,2025,P166,19.468787468327925,77.71426550730338,Yavatmal,normal,statewide,1.2222448885440826,1,7,CHIRPS Daily v2.0,Maharashtra,CHIRPS Rainfall
2025-10-08,2025-10-15,41.0,2025,P167,19.559057510053886,77.71577268345945,Yavatmal,normal,statewide,1.2217849679291248,1,7,CHIRPS Daily v2.0,Maharashtra,CHIRPS Rainfall
2025-10-15,2025-10-22,42.0,2025,P147,17.927231643141155,73.94769852026607,Satara,case_study,case_study,14.479571342468262,1,7,CHIRPS Daily v2.0,Maharashtra,CHIRPS Rainfall
2025-10-15,2025-10-22,42.0,2025,P061,18.507855650411397,76.91766048140843,Latur,high,priority,0.0,1,7,CHIRPS Daily v2.0,Maharashtra,CHIRPS Rainfall
2025-10-15,2025-10-22,42.0,2025,P062,18.422405896924207,76.3487594508077,Latur,high,priority,0.0,1,7,CHIRPS Daily v2.0,Maharashtra,CHIRPS Rainfall
2025-10-15,2025-10-22,42.0,2025,P063,18.235391198742693,77.05646783810116,Latur,high,priority,0.0,1,7,CHIRPS Daily v2.0,Maharashtra,CHIRPS Rainfall
2025-10-15,2025-10-22,42.0,2025,P064,18.193056493341274,76.77240080549139,Latur,high,priority,0.0,1,7,CHIRPS Daily v2.0,Maharashtra,CHIRPS Rainfall
2025-10-15,2025-10-22,42.0,2025,P065,18.331355512513895,76.44266811899327,Latur,high,priority,0.0,1,7,CHIRPS Daily v2.0,Maharashtra,CHIRPS Rainfall
2025-10-15,2025-10-22,42.0,2025,P066,18.104739537876725,76.5352970251765,Latur,high,priority,0.0,1,7,CHIRPS Daily v2.0,Maharashtra,CHIRPS Rainfall
2025-10-15,2025-10-22,42.0,2025,P067,18.280552974211986,77.0569984711265,Latur,high,priority,0.0,1,7,CHIRPS Daily v2.0,Maharashtra,CHIRPS Rainfall
2025-10-15,2025-10-22,42.0,2025,P068,18.101823285787773,76.86595720469373,Latur,high,priority,0.0,1,7,CHIRPS Daily v2.0,Maharashtra,CHIRPS Rainfall
2025-10-15,2025-10-22,42.0,2025,P069,18.595075667016793,77.20284228928156,Latur,high,priority,0.0,1,7,CHIRPS Daily v2.0,Maharashtra,CHIRPS Rainfall
2025-10-15,2025-10-22,42.0,2025,P070,18.41499041187233,77.15322587185987,Latur,high,priority,0.0,1,7,CHIRPS Daily v2.0,Maharashtra,CHIRPS Rainfall
2025-10-15,2025-10-22,42.0,2025,P071,18.149138807065885,76.63019561379593,Latur,high,priority,0.0,1,7,CHIRPS Daily v2.0,Maharashtra,CHIRPS Rainfall
2025-10-15,2025-10-22,42.0,2025,P072,18.283393421583035,76.77331492120734,Latur,high,priority,0.0,1,7,CHIRPS Daily v2.0,Maharashtra,CHIRPS Rainfall
2025-10-15,2025-10-22,42.0,2025,P073,17.966315663874607,76.86453029235662,Latur,high,priority,0.0,1,7,CHIRPS Daily v2.0,Maharashtra,CHIRPS Rainfall
2025-10-15,2025-10-22,42.0,2025,P074,18.50832831512306,76.870318205524,Latur,high,priority,0.0,1,7,CHIRPS Daily v2.0,Maharashtra,CHIRPS Rainfall
2025-10-15,2025-10-22,42.0,2025,P075,18.41444640154381,77.20053247493588,Latur,high,priority,0.0,1,7,CHIRPS Daily v2.0,Maharashtra,CHIRPS Rainfall
2025-10-15,2025-10-22,42.0,2025,P076,18.377877313804504,76.25376722106614,Latur,high,priority,0.0,1,7,CHIRPS Daily v2.0,Maharashtra,CHIRPS Rainfall
2025-10-15,2025-10-22,42.0,2025,P077,18.059564385104267,76.5349046242838,Latur,high,priority,0.0,1,7,CHIRPS Daily v2.0,Maharashtra,CHIRPS Rainfall
2025-10-15,2025-10-22,42.0,2025,P078,18.1008824154655,76.96042326051098,Latur,high,priority,0.0,1,7,CHIRPS Daily v2.0,Maharashtra,CHIRPS Rainfall
2025-10-15,2025-10-22,42.0,2025,P079,18.73508698099394,76.77797468180819,Latur,high,priority,0.0,1,7,CHIRPS Daily v2.0,Maharashtra,CHIRPS Rainfall
2025-10-15,2025-10-22,42.0,2025,P080,18.46791548227568,76.3017694439065,Latur,high,priority,0.0,1,7,CHIRPS Daily v2.0,Maharashtra,CHIRPS Rainfall
2025-10-15,2025-10-22,42.0,2025,P081,18.10355787609756,76.67701617485712,Latur,high,priority,0.0,1,7,CHIRPS Daily v2.0,Maharashtra,CHIRPS Rainfall
2025-10-15,2025-10-22,42.0,2025,P082,18.23907887531389,76.67830931416262,Latur,high,priority,0.0,1,7,CHIRPS Daily v2.0,Maharashtra,CHIRPS Rainfall
2025-10-15,2025-10-22,42.0,2025,P083,18.369289085175563,77.19996171000103,Latur,high,priority,0.0,1,7,CHIRPS Daily v2.0,Maharashtra,CHIRPS Rainfall
2025-10-15,2025-10-22,42.0,2025,P084,18.46362582706226,76.82249880582684,Latur,high,priority,0.0,1,7,CHIRPS Daily v2.0,Maharashtra,CHIRPS Rainfall
2025-10-15,2025-10-22,42.0,2025,P085,18.14788579966987,76.77194597718393,Latur,high,priority,0.0,1,7,CHIRPS Daily v2.0,Maharashtra,CHIRPS Rainfall
2025-10-15,2025-10-22,42.0,2025,P122,17.88145897082753,73.8441448165019,Satara,high,priority,32.77156066894531,1,7,CHIRPS Daily v2.0,Maharashtra,CHIRPS Rainfall
2025-10-15,2025-10-22,42.0,2025,P123,17.386414030975025,74.27088970551878,Satara,high,priority,0.0,1,7,CHIRPS Daily v2.0,Maharashtra,CHIRPS Rainfall
2025-10-15,2025-10-22,42.0,2025,P124,17.43262815429294,74.647353771057,Satara,high,priority,0.0,1,7,CHIRPS Daily v2.0,Maharashtra,CHIRPS Rainfall
2025-10-15,2025-10-22,42.0,2025,P125,17.56734651531964,74.31728219287884,Satara,high,priority,30.49213218688965,1,7,CHIRPS Daily v2.0,Maharashtra,CHIRPS Rainfall
2025-10-15,2025-10-22,42.0,2025,P126,17.205080227535593,74.13053949986157,Satara,high,priority,25.931137084960938,1,7,CHIRPS Daily v2.0,Maharashtra,CHIRPS Rainfall
2025-10-15,2025-10-22,42.0,2025,P127,17.65773249367299,74.31694330119876,Satara,high,priority,0.0,1,7,CHIRPS Daily v2.0,Maharashtra,CHIRPS Rainfall
2025-10-15,2025-10-22,42.0,2025,P128,18.019949731345452,74.5517328080669,Satara,high,priority,0.0,1,7,CHIRPS Daily v2.0,Maharashtra,CHIRPS Rainfall
2025-10-15,2025-10-22,42.0,2025,P129,18.063234225271252,74.03192648006461,Satara,high,priority,15.038000106811523,1,7,CHIRPS Daily v2.0,Maharashtra,CHIRPS Rainfall
2025-10-15,2025-10-22,42.0,2025,P130,17.61135784271715,74.03436560834085,Satara,high,priority,16.407682418823242,1,7,CHIRPS Daily v2.0,Maharashtra,CHIRPS Rainfall
2025-10-15,2025-10-22,42.0,2025,P131,17.612539504496315,74.3171127470388,Satara,high,priority,0.0,1,7,CHIRPS Daily v2.0,Maharashtra,CHIRPS Rainfall
2025-10-15,2025-10-22,42.0,2025,P132,17.702176353872684,74.12817617630324,Satara,high,priority,18.916433334350586,1,7,CHIRPS Daily v2.0,Maharashtra,CHIRPS Rainfall
2025-10-15,2025-10-22,42.0,2025,P133,17.25006363896275,74.08329532420031,Satara,high,priority,24.64374542236328,1,7,CHIRPS Daily v2.0,Maharashtra,CHIRPS Rainfall
2025-10-15,2025-10-22,42.0,2025,P134,17.476429903940936,74.17634784498362,Satara,high,priority,31.209158420562744,1,7,CHIRPS Daily v2.0,Maharashtra,CHIRPS Rainfall
2025-10-15,2025-10-22,42.0,2025,P135,17.882716437324603,74.0801070669471,Satara,high,priority,14.150763511657715,1,7,CHIRPS Daily v2.0,Maharashtra,CHIRPS Rainfall
2025-10-15,2025-10-22,42.0,2025,P136,17.928520323345598,74.22149178404871,Satara,high,priority,16.189712524414062,1,7,CHIRPS Daily v2.0,Maharashtra,CHIRPS Rainfall
2025-10-15,2025-10-22,42.0,2025,P137,17.746687100588183,73.98648378122894,Satara,high,priority,14.31877613067627,1,7,CHIRPS Daily v2.0,Maharashtra,CHIRPS Rainfall
2025-10-15,2025-10-22,42.0,2025,P138,17.61269557303319,74.36423652697161,Satara,high,priority,3.20041823387146,1,7,CHIRPS Daily v2.0,Maharashtra,CHIRPS Rainfall
2025-10-15,2025-10-22,42.0,2025,P139,17.656773786946495,74.08126197411994,Satara,high,priority,14.80056095123291,1,7,CHIRPS Daily v2.0,Maharashtra,CHIRPS Rainfall
2025-10-15,2025-10-22,42.0,2025,P140,17.97464080554139,74.50462240543725,Satara,high,priority,4.722809791564941,1,7,CHIRPS Daily v2.0,Maharashtra,CHIRPS Rainfall
2025-10-15,2025-10-22,42.0,2025,P141,17.430826677467348,74.08239904488856,Satara,high,priority,35.282233238220215,1,7,CHIRPS Daily v2.0,Maharashtra,CHIRPS Rainfall
2025-10-15,2025-10-22,42.0,2025,P142,18.064447100757786,74.31538707493111,Satara,high,priority,5.5849080085754395,1,7,CHIRPS Daily v2.0,Maharashtra,CHIRPS Rainfall
2025-10-15,2025-10-22,42.0,2025,P143,17.70379500755509,74.6468275971327,Satara,high,priority,9.662518501281738,1,7,CHIRPS Daily v2.0,Maharashtra,CHIRPS Rainfall
2025-10-15,2025-10-22,42.0,2025,P144,17.929452275465767,74.50474726026674,Satara,high,priority,5.460302829742432,1,7,CHIRPS Daily v2.0,Maharashtra,CHIRPS Rainfall
2025-10-15,2025-10-22,42.0,2025,P145,17.47773196144854,74.60017202281048,Satara,high,priority,0.0,1,7,CHIRPS Daily v2.0,Maharashtra,CHIRPS Rainfall
2025-10-15,2025-10-22,42.0,2025,P146,17.839182233739812,74.55218763637436,Satara,high,priority,12.371800422668457,1,7,CHIRPS Daily v2.0,Maharashtra,CHIRPS Rainfall
2025-10-15,2025-10-22,42.0,2025,P001,19.940457800458272,74.57045211428928,Ahmednagar,normal,statewide,7.861589431762695,1,7,CHIRPS Daily v2.0,Maharashtra,CHIRPS Rainfall
2025-10-15,2025-10-22,42.0,2025,P002,18.946729294293643,74.76302285238339,Ahmednagar,normal,statewide,0.0,1,7,CHIRPS Daily v2.0,Maharashtra,CHIRPS Rainfall
2025-10-15,2025-10-22,42.0,2025,P003,18.49469238410162,74.66892244285252,Ahmednagar,normal,statewide,4.100760459899902,1,7,CHIRPS Daily v2.0,Maharashtra,CHIRPS Rainfall
2025-10-15,2025-10-22,42.0,2025,P004,19.03720445466806,75.1420731965326,Ahmednagar,normal,statewide,0.0,1,7,CHIRPS Daily v2.0,Maharashtra,CHIRPS Rainfall
2025-10-15,2025-10-22,42.0,2025,P005,20.832153156317954,77.06560453615967,Akola,normal,statewide,0.0,1,7,CHIRPS Daily v2.0,Maharashtra,CHIRPS Rainfall
2025-10-15,2025-10-22,42.0,2025,P006,20.834360411339407,76.87349308547405,Akola,normal,statewide,0.0,1,7,CHIRPS Daily v2.0,Maharashtra,CHIRPS Rainfall
2025-10-15,2025-10-22,42.0,2025,P007,21.014976299509232,76.87574047240498,Akola,normal,statewide,0.0,1,7,CHIRPS Daily v2.0,Maharashtra,CHIRPS Rainfall
2025-10-15,2025-10-22,42.0,2025,P008,20.828434266039377,77.35372489162701,Akola,normal,statewide,0.0,1,7,CHIRPS Daily v2.0,Maharashtra,CHIRPS Rainfall
2025-10-15,2025-10-22,42.0,2025,P009,21.360971327549258,77.94039543992572,Amravati,normal,statewide,15.433301448822021,1,7,CHIRPS Daily v2.0,Maharashtra,CHIRPS Rainfall
2025-10-15,2025-10-22,42.0,2025,P010,21.178803672212837,78.03301542790685,Amravati,normal,statewide,0.0,1,7,CHIRPS Daily v2.0,Maharashtra,CHIRPS Rainfall
2025-10-15,2025-10-22,42.0,2025,P011,20.814388097721018,78.21764450702477,Amravati,normal,statewide,0.0,1,7,CHIRPS Daily v2.0,Maharashtra,CHIRPS Rainfall
2025-10-15,2025-10-22,42.0,2025,P012,21.180502589714195,77.93681032267875,Amravati,normal,statewide,0.0,1,7,CHIRPS Daily v2.0,Maharashtra,CHIRPS Rainfall
2025-10-15,2025-10-22,42.0,2025,P013,20.031289688916964,74.8570519162974,Aurangabad,normal,statewide,5.4584174156188965,1,7,CHIRPS Daily v2.0,Maharashtra,CHIRPS Rainfall
2025-10-15,2025-10-22,42.0,2025,P014,19.760185263069562,75.14270192978114,Aurangabad,normal,statewide,20.535861015319824,1,7,CHIRPS Daily v2.0,Maharashtra,CHIRPS Rainfall
2025-10-15,2025-10-22,42.0,2025,P015,19.9408189876436,74.76157364454102,Aurangabad,normal,statewide,7.021417617797852,1,7,CHIRPS Daily v2.0,Maharashtra,CHIRPS Rainfall
2025-10-15,2025-10-22,42.0,2025,P016,19.66981712112043,75.14262166596218,Aurangabad,normal,statewide,15.476364612579346,1,7,CHIRPS Daily v2.0,Maharashtra,CHIRPS Rainfall
2025-10-15,2025-10-22,42.0,2025,P017,21.04613203856966,79.85576216552393,Bhandara,normal,statewide,0.0,1,7,CHIRPS Daily v2.0,Maharashtra,CHIRPS Rainfall
2025-10-15,2025-10-22,42.0,2025,P018,21.31897105472685,79.76852877161537,Bhandara,normal,statewide,0.0,1,7,CHIRPS Daily v2.0,Maharashtra,CHIRPS Rainfall
2025-10-15,2025-10-22,42.0,2025,P019,21.40900922319803,79.77144948280537,Bhandara,normal,statewide,0.0,1,7,CHIRPS Daily v2.0,Maharashtra,CHIRPS Rainfall
2025-10-15,2025-10-22,42.0,2025,P020,21.144196588937042,79.57074980349083,Bhandara,normal,statewide,0.0,1,7,CHIRPS Daily v2.0,Maharashtra,CHIRPS Rainfall
2025-10-15,2025-10-22,42.0,2025,P021,18.67502288980403,75.52108340877234,Bid,normal,statewide,0.0,1,7,CHIRPS Daily v2.0,Maharashtra,CHIRPS Rainfall
2025-10-15,2025-10-22,42.0,2025,P022,18.856499384477168,75.04699178476999,Bid,normal,statewide,22.13162899017334,1,7,CHIRPS Daily v2.0,Maharashtra,CHIRPS Rainfall
2025-10-15,2025-10-22,42.0,2025,P023,19.126596053486494,75.6175605191647,Bid,normal,statewide,0.0,1,7,CHIRPS Daily v2.0,Maharashtra,CHIRPS Rainfall
2025-10-15,2025-10-22,42.0,2025,P024,18.763955201213946,75.90084720909012,Bid,normal,statewide,4.429927825927734,1,7,CHIRPS Daily v2.0,Maharashtra,CHIRPS Rainfall
2025-10-15,2025-10-22,42.0,2025,P025,20.93073496240753,76.20164478885242,Buldana,normal,statewide,0.0,1,7,CHIRPS Daily v2.0,Maharashtra,CHIRPS Rainfall
2025-10-15,2025-10-22,42.0,2025,P026,20.838939908121294,76.39311412898633,Buldana,normal,statewide,0.0,1,7,CHIRPS Daily v2.0,Maharashtra,CHIRPS Rainfall
2025-10-15,2025-10-22,42.0,2025,P027,20.657476790751314,76.48742857536776,Buldana,normal,statewide,0.0,1,7,CHIRPS Daily v2.0,Maharashtra,CHIRPS Rainfall
2025-10-15,2025-10-22,42.0,2025,P028,20.47967013624516,76.10222021266374,Buldana,normal,statewide,0.0,1,7,CHIRPS Daily v2.0,Maharashtra,CHIRPS Rainfall
2025-10-15,2025-10-22,42.0,2025,P029,20.32317798477448,79.92829390325927,Chandrapur,normal,statewide,0.0,1,7,CHIRPS Daily v2.0,Maharashtra,CHIRPS Rainfall
2025-10-15,2025-10-22,42.0,2025,P030,20.60872097983294,79.36304041732026,Chandrapur,normal,statewide,0.0,1,7,CHIRPS Daily v2.0,Maharashtra,CHIRPS Rainfall
2025-10-15,2025-10-22,42.0,2025,P031,20.511160307884595,79.64732594588165,Chandrapur,normal,statewide,0.0,1,7,CHIRPS Daily v2.0,Maharashtra,CHIRPS Rainfall
2025-10-15,2025-10-22,42.0,2025,P032,20.598621115946884,79.74569817422172,Chandrapur,normal,statewide,0.0,1,7,CHIRPS Daily v2.0,Maharashtra,CHIRPS Rainfall
2025-10-15,2025-10-22,42.0,2025,P033,21.38667804512237,75.14422248324037,Dhule,normal,statewide,0.0,1,7,CHIRPS Daily v2.0,Maharashtra,CHIRPS Rainfall
2025-10-15,2025-10-22,42.0,2025,P034,21.025151968113196,74.75989256344387,Dhule,normal,statewide,0.0,1,7,CHIRPS Daily v2.0,Maharashtra,CHIRPS Rainfall
2025-10-15,2025-10-22,42.0,2025,P035,21.477028350667293,74.85568743137505,Dhule,normal,statewide,0.0,1,7,CHIRPS Daily v2.0,Maharashtra,CHIRPS Rainfall
2025-10-15,2025-10-22,42.0,2025,P036,20.933820660336515,74.37533522949364,Dhule,normal,statewide,0.0,1,7,CHIRPS Daily v2.0,Maharashtra,CHIRPS Rainfall
2025-10-15,2025-10-22,42.0,2025,P037,19.963056524597132,79.91698116388667,Garhchiroli,normal,statewide,0.0,1,7,CHIRPS Daily v2.0,Maharashtra,CHIRPS Rainfall
2025-10-15,2025-10-22,42.0,2025,P038,19.062661462582188,79.88977172925856,Garhchiroli,normal,statewide,0.0,1,7,CHIRPS Daily v2.0,Maharashtra,CHIRPS Rainfall
2025-10-15,2025-10-22,42.0,2025,P039,19.510270485428137,79.9981368030594,Garhchiroli,normal,statewide,0.0,1,7,CHIRPS Daily v2.0,Maharashtra,CHIRPS Rainfall
2025-10-15,2025-10-22,42.0,2025,P040,19.870365190999156,80.00935144220881,Garhchiroli,normal,statewide,0.0,1,7,CHIRPS Daily v2.0,Maharashtra,CHIRPS Rainfall
2025-10-15,2025-10-22,42.0,2025,P041,21.127639946725598,80.1465044724107,Gondiya,normal,statewide,0.0,1,7,CHIRPS Daily v2.0,Maharashtra,CHIRPS Rainfall
2025-10-15,2025-10-22,42.0,2025,P042,21.397598383602258,80.15591763473452,Gondiya,normal,statewide,0.0,1,7,CHIRPS Daily v2.0,Maharashtra,CHIRPS Rainfall
2025-10-15,2025-10-22,42.0,2025,P043,21.574548890706154,80.25847249986273,Gondiya,normal,statewide,0.0,1,7,CHIRPS Daily v2.0,Maharashtra,CHIRPS Rainfall
2025-10-15,2025-10-22,42.0,2025,P044,21.211649410572516,80.34153217518526,Gondiya,normal,statewide,0.0,1,7,CHIRPS Daily v2.0,Maharashtra,CHIRPS Rainfall
2025-10-15,2025-10-22,42.0,2025,P045,19.655900266732623,77.2407892392464,Hingoli,normal,statewide,0.0,1,7,CHIRPS Daily v2.0,Maharashtra,CHIRPS Rainfall
2025-10-15,2025-10-22,42.0,2025,P046,19.566758377573187,77.1442675378435,Hingoli,normal,statewide,0.0,1,7,CHIRPS Daily v2.0,Maharashtra,CHIRPS Rainfall
2025-10-15,2025-10-22,42.0,2025,P047,19.47860194974656,76.9526242927685,Hingoli,normal,statewide,0.0,1,7,CHIRPS Daily v2.0,Maharashtra,CHIRPS Rainfall
2025-10-15,2025-10-22,42.0,2025,P048,19.927981235710728,77.14910120338544,Hingoli,normal,statewide,8.415281295776367,1,7,CHIRPS Daily v2.0,Maharashtra,CHIRPS Rainfall
2025-10-15,2025-10-22,42.0,2025,P049,21.292738163229433,76.10816865346904,Jalgaon,normal,statewide,0.0,1,7,CHIRPS Daily v2.0,Maharashtra,CHIRPS Rainfall
2025-10-15,2025-10-22,42.0,2025,P050,21.386178625804387,75.43363151891216,Jalgaon,normal,statewide,16.71930980682373,1,7,CHIRPS Daily v2.0,Maharashtra,CHIRPS Rainfall
2025-10-15,2025-10-22,42.0,2025,P051,21.112064306745907,76.10682200495089,Jalgaon,normal,statewide,0.0,1,7,CHIRPS Daily v2.0,Maharashtra,CHIRPS Rainfall
2025-10-15,2025-10-22,42.0,2025,P052,20.844437979720194,75.23982115072519,Jalgaon,normal,statewide,0.0,1,7,CHIRPS Daily v2.0,Maharashtra,CHIRPS Rainfall
2025-10-15,2025-10-22,42.0,2025,P053,19.486369703781666,76.00005328932718,Jalna,normal,statewide,16.86359405517578,1,7,CHIRPS Daily v2.0,Maharashtra,CHIRPS Rainfall
2025-10-15,2025-10-22,42.0,2025,P054,20.028502750758555,76.00343774702675,Jalna,normal,statewide,19.03415870666504,1,7,CHIRPS Daily v2.0,Maharashtra,CHIRPS Rainfall
2025-10-15,2025-10-22,42.0,2025,P055,19.75743845682064,76.00172991132328,Jalna,normal,statewide,25.337547302246094,1,7,CHIRPS Daily v2.0,Maharashtra,CHIRPS Rainfall
2025-10-15,2025-10-22,42.0,2025,P056,19.57768317515413,75.80993951591351,Jalna,normal,statewide,8.537675857543945,1,7,CHIRPS Daily v2.0,Maharashtra,CHIRPS Rainfall
2025-10-15,2025-10-22,42.0,2025,P057,16.776377793156257,74.29671235971928,Kolhapur,normal,statewide,45.85984516143799,1,7,CHIRPS Daily v2.0,Maharashtra,CHIRPS Rainfall
2025-10-15,2025-10-22,42.0,2025,P058,16.324416687682138,74.29834884980589,Kolhapur,normal,statewide,36.25564670562744,1,7,CHIRPS Daily v2.0,Maharashtra,CHIRPS Rainfall
2025-10-15,2025-10-22,42.0,2025,P059,16.595891218916975,74.39111598812178,Kolhapur,normal,statewide,8.413256645202637,1,7,CHIRPS Daily v2.0,Maharashtra,CHIRPS Rainfall
2025-10-15,2025-10-22,42.0,2025,P060,16.414811584237594,74.29802779453004,Kolhapur,normal,statewide,37.727094650268555,1,7,CHIRPS Daily v2.0,Maharashtra,CHIRPS Rainfall
2025-10-15,2025-10-22,42.0,2025,P086,21.054127206758487,79.56798961993874,Nagpur,normal,statewide,0.0,1,7,CHIRPS Daily v2.0,Maharashtra,CHIRPS Rainfall
2025-10-15,2025-10-22,42.0,2025,P087,21.146765031143822,79.47473643960802,Nagpur,normal,statewide,0.0,1,7,CHIRPS Daily v2.0,Maharashtra,CHIRPS Rainfall
2025-10-15,2025-10-22,42.0,2025,P088,21.347803602138427,78.61442869606356,Nagpur,normal,statewide,0.0,1,7,CHIRPS Daily v2.0,Maharashtra,CHIRPS Rainfall
2025-10-15,2025-10-22,42.0,2025,P089,21.165377318940912,78.70615240473293,Nagpur,normal,statewide,0.0,1,7,CHIRPS Daily v2.0,Maharashtra,CHIRPS Rainfall
2025-10-15,2025-10-22,42.0,2025,P090,19.201968238592887,77.42470040309472,Nanded,normal,statewide,13.639439582824707,1,7,CHIRPS Daily v2.0,Maharashtra,CHIRPS Rainfall
2025-10-15,2025-10-22,42.0,2025,P091,18.566038000956755,77.69963965584807,Nanded,normal,statewide,0.0,1,7,CHIRPS Daily v2.0,Maharashtra,CHIRPS Rainfall
2025-10-15,2025-10-22,42.0,2025,P092,19.736596618496833,77.90946265591798,Nanded,normal,statewide,0.0,1,7,CHIRPS Daily v2.0,Maharashtra,CHIRPS Rainfall
2025-10-15,2025-10-22,42.0,2025,P093,18.93564842817583,77.04115528508362,Nanded,normal,statewide,0.0,1,7,CHIRPS Daily v2.0,Maharashtra,CHIRPS Rainfall
2025-10-15,2025-10-22,42.0,2025,P094,21.564917232430716,74.08292967791392,Nandurbar,normal,statewide,0.0,1,7,CHIRPS Daily v2.0,Maharashtra,CHIRPS Rainfall
2025-10-15,2025-10-22,42.0,2025,P095,21.5662594218478,74.37266422796263,Nandurbar,normal,statewide,0.0,1,7,CHIRPS Daily v2.0,Maharashtra,CHIRPS Rainfall
2025-10-15,2025-10-22,42.0,2025,P096,21.385179787168415,74.27697637845674,Nandurbar,normal,statewide,0.0,1,7,CHIRPS Daily v2.0,Maharashtra,CHIRPS Rainfall
2025-10-15,2025-10-22,42.0,2025,P097,21.565421110849755,74.17950488852946,Nandurbar,normal,statewide,0.0,1,7,CHIRPS Daily v2.0,Maharashtra,CHIRPS Rainfall
2025-10-15,2025-10-22,42.0,2025,P098,20.299553667393326,73.99482675929994,Nashik,normal,statewide,9.002632141113281,1,7,CHIRPS Daily v2.0,Maharashtra,CHIRPS Rainfall
2025-10-15,2025-10-22,42.0,2025,P099,20.120253214034264,74.28296495117151,Nashik,normal,statewide,25.721038818359375,1,7,CHIRPS Daily v2.0,Maharashtra,CHIRPS Rainfall
2025-10-15,2025-10-22,42.0,2025,P100,20.389903972938242,73.99424261706194,Nashik,normal,statewide,24.840018272399902,1,7,CHIRPS Daily v2.0,Maharashtra,CHIRPS Rainfall
2025-10-15,2025-10-22,42.0,2025,P101,20.029015547379707,74.09216447619562,Nashik,normal,statewide,24.175264358520508,1,7,CHIRPS Daily v2.0,Maharashtra,CHIRPS Rainfall
2025-10-15,2025-10-22,42.0,2025,P102,17.85749130266526,76.36802722645965,Osmanabad,normal,statewide,0.0,1,7,CHIRPS Daily v2.0,Maharashtra,CHIRPS Rainfall
2025-10-15,2025-10-22,42.0,2025,P103,17.76644983645705,76.46164605307673,Osmanabad,normal,statewide,0.0,1,7,CHIRPS Daily v2.0,Maharashtra,CHIRPS Rainfall
2025-10-15,2025-10-22,42.0,2025,P104,17.949094615606196,76.17989775301476,Osmanabad,normal,statewide,0.0,1,7,CHIRPS Daily v2.0,Maharashtra,CHIRPS Rainfall
2025-10-15,2025-10-22,42.0,2025,P105,18.584360447185368,75.61558067829696,Osmanabad,normal,statewide,0.0,1,7,CHIRPS Daily v2.0,Maharashtra,CHIRPS Rainfall
2025-10-15,2025-10-22,42.0,2025,P106,19.031389786894366,76.47235681380711,Parbhani,normal,statewide,0.0,1,7,CHIRPS Daily v2.0,Maharashtra,CHIRPS Rainfall
2025-10-15,2025-10-22,42.0,2025,P107,19.120950831552832,76.56820519095093,Parbhani,normal,statewide,0.0,1,7,CHIRPS Daily v2.0,Maharashtra,CHIRPS Rainfall
2025-10-15,2025-10-22,42.0,2025,P108,19.208625676465683,76.85432786914635,Parbhani,normal,statewide,0.0,1,7,CHIRPS Daily v2.0,Maharashtra,CHIRPS Rainfall
2025-10-15,2025-10-22,42.0,2025,P109,19.212081479782103,76.47396209018636,Parbhani,normal,statewide,0.0,1,7,CHIRPS Daily v2.0,Maharashtra,CHIRPS Rainfall
2025-10-15,2025-10-22,42.0,2025,P110,18.133442771357757,75.04679558432363,Pune,normal,statewide,0.0,1,7,CHIRPS Daily v2.0,Maharashtra,CHIRPS Rainfall
2025-10-15,2025-10-22,42.0,2025,P111,18.584645829652782,74.47919215212944,Pune,normal,statewide,0.0,1,7,CHIRPS Daily v2.0,Maharashtra,CHIRPS Rainfall
2025-10-15,2025-10-22,42.0,2025,P112,18.132979024848197,74.57507620208169,Pune,normal,statewide,0.0,1,7,CHIRPS Daily v2.0,Maharashtra,CHIRPS Rainfall
2025-10-15,2025-10-22,42.0,2025,P113,18.314072036830744,74.76389683618987,Pune,normal,statewide,0.0,1,7,CHIRPS Daily v2.0,Maharashtra,CHIRPS Rainfall
2025-10-15,2025-10-22,42.0,2025,P114,18.48503397121986,73.0589238755964,Raigarh,normal,statewide,6.460991859436035,1,7,CHIRPS Daily v2.0,Maharashtra,CHIRPS Rainfall
2025-10-15,2025-10-22,42.0,2025,P115,18.665689991299164,73.05687714821288,Raigarh,normal,statewide,11.687027931213379,1,7,CHIRPS Daily v2.0,Maharashtra,CHIRPS Rainfall
2025-10-15,2025-10-22,42.0,2025,P116,18.306197264370358,73.25009891506079,Raigarh,normal,statewide,21.751234531402588,1,7,CHIRPS Daily v2.0,Maharashtra,CHIRPS Rainfall
2025-10-15,2025-10-22,42.0,2025,P117,18.21404102289879,73.06194714611064,Raigarh,normal,statewide,24.07954454421997,1,7,CHIRPS Daily v2.0,Maharashtra,CHIRPS Rainfall
2025-10-15,2025-10-22,42.0,2025,P118,17.138719885658215,75.42259970290594,Sangli,normal,statewide,0.0,1,7,CHIRPS Daily v2.0,Maharashtra,CHIRPS Rainfall
2025-10-15,2025-10-22,42.0,2025,P119,17.048761981005992,74.95348443567921,Sangli,normal,statewide,12.1406888961792,1,7,CHIRPS Daily v2.0,Maharashtra,CHIRPS Rainfall
2025-10-15,2025-10-22,42.0,2025,P120,16.86707144948229,74.39025538161847,Sangli,normal,statewide,26.46697425842285,1,7,CHIRPS Daily v2.0,Maharashtra,CHIRPS Rainfall
2025-10-15,2025-10-22,42.0,2025,P121,17.048503353144895,74.67157114887826,Sangli,normal,statewide,23.644132614135742,1,7,CHIRPS Daily v2.0,Maharashtra,CHIRPS Rainfall
2025-10-15,2025-10-22,42.0,2025,P148,17.67852974098626,76.08383979812143,Solapur,normal,statewide,0.0,1,7,CHIRPS Daily v2.0,Maharashtra,CHIRPS Rainfall
2025-10-15,2025-10-22,42.0,2025,P149,18.223365003201543,75.4251413905064,Solapur,normal,statewide,0.0,1,7,CHIRPS Daily v2.0,Maharashtra,CHIRPS Rainfall
2025-10-15,2025-10-22,42.0,2025,P150,17.952532582518405,75.23562067753285,Solapur,normal,statewide,29.013892650604248,1,7,CHIRPS Daily v2.0,Maharashtra,CHIRPS Rainfall
2025-10-15,2025-10-22,42.0,2025,P151,18.223690517578447,75.23598186471818,Solapur,normal,statewide,0.0,1,7,CHIRPS Daily v2.0,Maharashtra,CHIRPS Rainfall
2025-10-15,2025-10-22,42.0,2025,P152,19.658178867370932,72.94986318203122,Thane,normal,statewide,9.207276582717896,1,7,CHIRPS Daily v2.0,Maharashtra,CHIRPS Rainfall
2025-10-15,2025-10-22,42.0,2025,P153,19.65706409210757,72.8545320606096,Thane,normal,statewide,7.134280681610107,1,7,CHIRPS Daily v2.0,Maharashtra,CHIRPS Rainfall
2025-10-15,2025-10-22,42.0,2025,P154,19.477549601897948,72.95214624177059,Thane,normal,statewide,5.068148136138916,1,7,CHIRPS Daily v2.0,Maharashtra,CHIRPS Rainfall
2025-10-15,2025-10-22,42.0,2025,P155,19.83987385799569,73.0429959666335,Thane,normal,statewide,16.101893424987793,1,7,CHIRPS Daily v2.0,Maharashtra,CHIRPS Rainfall
2025-10-15,2025-10-22,42.0,2025,P156,20.806749657616468,78.60135461177485,Wardha,normal,statewide,0.0,1,7,CHIRPS Daily v2.0,Maharashtra,CHIRPS Rainfall
2025-10-15,2025-10-22,42.0,2025,P157,20.71031267913359,78.88671032458906,Wardha,normal,statewide,0.0,1,7,CHIRPS Daily v2.0,Maharashtra,CHIRPS Rainfall
2025-10-15,2025-10-22,42.0,2025,P158,21.081265295769754,78.41565980750515,Wardha,normal,statewide,0.0,1,7,CHIRPS Daily v2.0,Maharashtra,CHIRPS Rainfall
2025-10-15,2025-10-22,42.0,2025,P159,20.439854822938944,78.87986114537097,Wardha,normal,statewide,0.0,1,7,CHIRPS Daily v2.0,Maharashtra,CHIRPS Rainfall
2025-10-15,2025-10-22,42.0,2025,P160,20.289186257444058,77.15404188735265,Washim,normal,statewide,24.85549545288086,1,7,CHIRPS Daily v2.0,Maharashtra,CHIRPS Rainfall
2025-10-15,2025-10-22,42.0,2025,P161,20.464607292886615,77.53975858757677,Washim,normal,statewide,11.969118118286133,1,7,CHIRPS Daily v2.0,Maharashtra,CHIRPS Rainfall
2025-10-15,2025-10-22,42.0,2025,P162,20.107393166596125,77.2471479173486,Washim,normal,statewide,14.369183540344238,1,7,CHIRPS Daily v2.0,Maharashtra,CHIRPS Rainfall
2025-10-15,2025-10-22,42.0,2025,P163,20.198885002010726,77.1527933390577,Washim,normal,statewide,15.564262390136719,1,7,CHIRPS Daily v2.0,Maharashtra,CHIRPS Rainfall
2025-10-15,2025-10-22,42.0,2025,P164,20.182854533723592,78.20447678161395,Yavatmal,normal,statewide,0.0,1,7,CHIRPS Daily v2.0,Maharashtra,CHIRPS Rainfall
2025-10-15,2025-10-22,42.0,2025,P165,19.894658373538324,79.05709703494229,Yavatmal,normal,statewide,0.0,1,7,CHIRPS Daily v2.0,Maharashtra,CHIRPS Rainfall
2025-10-15,2025-10-22,42.0,2025,P166,19.468787468327925,77.71426550730338,Yavatmal,normal,statewide,0.0,1,7,CHIRPS Daily v2.0,Maharashtra,CHIRPS Rainfall
2025-10-15,2025-10-22,42.0,2025,P167,19.559057510053886,77.71577268345945,Yavatmal,normal,statewide,0.0,1,7,CHIRPS Daily v2.0,Maharashtra,CHIRPS Rainfall
2025-10-22,2025-10-29,43.0,2025,P147,17.927231643141155,73.94769852026607,Satara,case_study,case_study,96.90178108215332,1,7,CHIRPS Daily v2.0,Maharashtra,CHIRPS Rainfall
2025-10-22,2025-10-29,43.0,2025,P061,18.507855650411397,76.91766048140843,Latur,high,priority,51.944156646728516,1,7,CHIRPS Daily v2.0,Maharashtra,CHIRPS Rainfall
2025-10-22,2025-10-29,43.0,2025,P062,18.422405896924207,76.3487594508077,Latur,high,priority,25.297149658203125,1,7,CHIRPS Daily v2.0,Maharashtra,CHIRPS Rainfall
2025-10-22,2025-10-29,43.0,2025,P063,18.235391198742693,77.05646783810116,Latur,high,priority,55.1729621887207,1,7,CHIRPS Daily v2.0,Maharashtra,CHIRPS Rainfall
2025-10-22,2025-10-29,43.0,2025,P064,18.193056493341274,76.77240080549139,Latur,high,priority,72.01547145843506,1,7,CHIRPS Daily v2.0,Maharashtra,CHIRPS Rainfall
2025-10-22,2025-10-29,43.0,2025,P065,18.331355512513895,76.44266811899327,Latur,high,priority,37.837100982666016,1,7,CHIRPS Daily v2.0,Maharashtra,CHIRPS Rainfall
2025-10-22,2025-10-29,43.0,2025,P066,18.104739537876725,76.5352970251765,Latur,high,priority,54.528690338134766,1,7,CHIRPS Daily v2.0,Maharashtra,CHIRPS Rainfall
2025-10-22,2025-10-29,43.0,2025,P067,18.280552974211986,77.0569984711265,Latur,high,priority,60.26542091369629,1,7,CHIRPS Daily v2.0,Maharashtra,CHIRPS Rainfall
2025-10-22,2025-10-29,43.0,2025,P068,18.101823285787773,76.86595720469373,Latur,high,priority,61.37786865234375,1,7,CHIRPS Daily v2.0,Maharashtra,CHIRPS Rainfall
2025-10-22,2025-10-29,43.0,2025,P069,18.595075667016793,77.20284228928156,Latur,high,priority,28.867109298706055,1,7,CHIRPS Daily v2.0,Maharashtra,CHIRPS Rainfall
2025-10-22,2025-10-29,43.0,2025,P070,18.41499041187233,77.15322587185987,Latur,high,priority,27.10764503479004,1,7,CHIRPS Daily v2.0,Maharashtra,CHIRPS Rainfall
2025-10-22,2025-10-29,43.0,2025,P071,18.149138807065885,76.63019561379593,Latur,high,priority,64.21080589294434,1,7,CHIRPS Daily v2.0,Maharashtra,CHIRPS Rainfall
2025-10-22,2025-10-29,43.0,2025,P072,18.283393421583035,76.77331492120734,Latur,high,priority,60.76526641845703,1,7,CHIRPS Daily v2.0,Maharashtra,CHIRPS Rainfall
2025-10-22,2025-10-29,43.0,2025,P073,17.966315663874607,76.86453029235662,Latur,high,priority,57.01222324371338,1,7,CHIRPS Daily v2.0,Maharashtra,CHIRPS Rainfall
2025-10-22,2025-10-29,43.0,2025,P074,18.50832831512306,76.870318205524,Latur,high,priority,62.53119659423828,1,7,CHIRPS Daily v2.0,Maharashtra,CHIRPS Rainfall
2025-10-22,2025-10-29,43.0,2025,P075,18.41444640154381,77.20053247493588,Latur,high,priority,22.79240608215332,1,7,CHIRPS Daily v2.0,Maharashtra,CHIRPS Rainfall
2025-10-22,2025-10-29,43.0,2025,P076,18.377877313804504,76.25376722106614,Latur,high,priority,50.393829345703125,1,7,CHIRPS Daily v2.0,Maharashtra,CHIRPS Rainfall
2025-10-22,2025-10-29,43.0,2025,P077,18.059564385104267,76.5349046242838,Latur,high,priority,52.248087882995605,1,7,CHIRPS Daily v2.0,Maharashtra,CHIRPS Rainfall
2025-10-22,2025-10-29,43.0,2025,P078,18.1008824154655,76.96042326051098,Latur,high,priority,64.0642147064209,1,7,CHIRPS Daily v2.0,Maharashtra,CHIRPS Rainfall
2025-10-22,2025-10-29,43.0,2025,P079,18.73508698099394,76.77797468180819,Latur,high,priority,27.877777099609375,1,7,CHIRPS Daily v2.0,Maharashtra,CHIRPS Rainfall
2025-10-22,2025-10-29,43.0,2025,P080,18.46791548227568,76.3017694439065,Latur,high,priority,39.615562438964844,1,7,CHIRPS Daily v2.0,Maharashtra,CHIRPS Rainfall
2025-10-22,2025-10-29,43.0,2025,P081,18.10355787609756,76.67701617485712,Latur,high,priority,61.01463317871094,1,7,CHIRPS Daily v2.0,Maharashtra,CHIRPS Rainfall
2025-10-22,2025-10-29,43.0,2025,P082,18.23907887531389,76.67830931416262,Latur,high,priority,69.32285022735596,1,7,CHIRPS Daily v2.0,Maharashtra,CHIRPS Rainfall
2025-10-22,2025-10-29,43.0,2025,P083,18.369289085175563,77.19996171000103,Latur,high,priority,26.603879928588867,1,7,CHIRPS Daily v2.0,Maharashtra,CHIRPS Rainfall
2025-10-22,2025-10-29,43.0,2025,P084,18.46362582706226,76.82249880582684,Latur,high,priority,71.14202404022217,1,7,CHIRPS Daily v2.0,Maharashtra,CHIRPS Rainfall
2025-10-22,2025-10-29,43.0,2025,P085,18.14788579966987,76.77194597718393,Latur,high,priority,71.53738307952881,1,7,CHIRPS Daily v2.0,Maharashtra,CHIRPS Rainfall
2025-10-22,2025-10-29,43.0,2025,P122,17.88145897082753,73.8441448165019,Satara,high,priority,92.01571655273438,1,7,CHIRPS Daily v2.0,Maharashtra,CHIRPS Rainfall
2025-10-22,2025-10-29,43.0,2025,P123,17.386414030975025,74.27088970551878,Satara,high,priority,29.58024787902832,1,7,CHIRPS Daily v2.0,Maharashtra,CHIRPS Rainfall
2025-10-22,2025-10-29,43.0,2025,P124,17.43262815429294,74.647353771057,Satara,high,priority,32.18575668334961,1,7,CHIRPS Daily v2.0,Maharashtra,CHIRPS Rainfall
2025-10-22,2025-10-29,43.0,2025,P125,17.56734651531964,74.31728219287884,Satara,high,priority,40.29720211029053,1,7,CHIRPS Daily v2.0,Maharashtra,CHIRPS Rainfall
2025-10-22,2025-10-29,43.0,2025,P126,17.205080227535593,74.13053949986157,Satara,high,priority,21.67898941040039,1,7,CHIRPS Daily v2.0,Maharashtra,CHIRPS Rainfall
2025-10-22,2025-10-29,43.0,2025,P127,17.65773249367299,74.31694330119876,Satara,high,priority,53.42185592651367,1,7,CHIRPS Daily v2.0,Maharashtra,CHIRPS Rainfall
2025-10-22,2025-10-29,43.0,2025,P128,18.019949731345452,74.5517328080669,Satara,high,priority,73.61103057861328,1,7,CHIRPS Daily v2.0,Maharashtra,CHIRPS Rainfall
2025-10-22,2025-10-29,43.0,2025,P129,18.063234225271252,74.03192648006461,Satara,high,priority,122.95231628417969,1,7,CHIRPS Daily v2.0,Maharashtra,CHIRPS Rainfall
2025-10-22,2025-10-29,43.0,2025,P130,17.61135784271715,74.03436560834085,Satara,high,priority,94.22063827514648,1,7,CHIRPS Daily v2.0,Maharashtra,CHIRPS Rainfall
2025-10-22,2025-10-29,43.0,2025,P131,17.612539504496315,74.3171127470388,Satara,high,priority,45.02940368652344,1,7,CHIRPS Daily v2.0,Maharashtra,CHIRPS Rainfall
2025-10-22,2025-10-29,43.0,2025,P132,17.702176353872684,74.12817617630324,Satara,high,priority,79.43712997436523,1,7,CHIRPS Daily v2.0,Maharashtra,CHIRPS Rainfall
2025-10-22,2025-10-29,43.0,2025,P133,17.25006363896275,74.08329532420031,Satara,high,priority,24.699987411499023,1,7,CHIRPS Daily v2.0,Maharashtra,CHIRPS Rainfall
2025-10-22,2025-10-29,43.0,2025,P134,17.476429903940936,74.17634784498362,Satara,high,priority,31.660053253173828,1,7,CHIRPS Daily v2.0,Maharashtra,CHIRPS Rainfall
2025-10-22,2025-10-29,43.0,2025,P135,17.882716437324603,74.0801070669471,Satara,high,priority,105.67742538452148,1,7,CHIRPS Daily v2.0,Maharashtra,CHIRPS Rainfall
2025-10-22,2025-10-29,43.0,2025,P136,17.928520323345598,74.22149178404871,Satara,high,priority,55.542086601257324,1,7,CHIRPS Daily v2.0,Maharashtra,CHIRPS Rainfall
2025-10-22,2025-10-29,43.0,2025,P137,17.746687100588183,73.98648378122894,Satara,high,priority,108.24238204956055,1,7,CHIRPS Daily v2.0,Maharashtra,CHIRPS Rainfall
2025-10-22,2025-10-29,43.0,2025,P138,17.61269557303319,74.36423652697161,Satara,high,priority,40.77828502655029,1,7,CHIRPS Daily v2.0,Maharashtra,CHIRPS Rainfall
2025-10-22,2025-10-29,43.0,2025,P139,17.656773786946495,74.08126197411994,Satara,high,priority,99.1999568939209,1,7,CHIRPS Daily v2.0,Maharashtra,CHIRPS Rainfall
2025-10-22,2025-10-29,43.0,2025,P140,17.97464080554139,74.50462240543725,Satara,high,priority,48.53956985473633,1,7,CHIRPS Daily v2.0,Maharashtra,CHIRPS Rainfall
2025-10-22,2025-10-29,43.0,2025,P141,17.430826677467348,74.08239904488856,Satara,high,priority,37.219886779785156,1,7,CHIRPS Daily v2.0,Maharashtra,CHIRPS Rainfall
2025-10-22,2025-10-29,43.0,2025,P142,18.064447100757786,74.31538707493111,Satara,high,priority,77.8992919921875,1,7,CHIRPS Daily v2.0,Maharashtra,CHIRPS Rainfall
2025-10-22,2025-10-29,43.0,2025,P143,17.70379500755509,74.6468275971327,Satara,high,priority,39.80412483215332,1,7,CHIRPS Daily v2.0,Maharashtra,CHIRPS Rainfall
2025-10-22,2025-10-29,43.0,2025,P144,17.929452275465767,74.50474726026674,Satara,high,priority,51.285797119140625,1,7,CHIRPS Daily v2.0,Maharashtra,CHIRPS Rainfall
2025-10-22,2025-10-29,43.0,2025,P145,17.47773196144854,74.60017202281048,Satara,high,priority,38.96084976196289,1,7,CHIRPS Daily v2.0,Maharashtra,CHIRPS Rainfall
2025-10-22,2025-10-29,43.0,2025,P146,17.839182233739812,74.55218763637436,Satara,high,priority,24.899089813232422,1,7,CHIRPS Daily v2.0,Maharashtra,CHIRPS Rainfall
2025-10-22,2025-10-29,43.0,2025,P001,19.940457800458272,74.57045211428928,Ahmednagar,normal,statewide,91.73255920410156,1,7,CHIRPS Daily v2.0,Maharashtra,CHIRPS Rainfall
2025-10-22,2025-10-29,43.0,2025,P002,18.946729294293643,74.76302285238339,Ahmednagar,normal,statewide,70.03169631958008,1,7,CHIRPS Daily v2.0,Maharashtra,CHIRPS Rainfall
2025-10-22,2025-10-29,43.0,2025,P003,18.49469238410162,74.66892244285252,Ahmednagar,normal,statewide,37.31272506713867,1,7,CHIRPS Daily v2.0,Maharashtra,CHIRPS Rainfall
2025-10-22,2025-10-29,43.0,2025,P004,19.03720445466806,75.1420731965326,Ahmednagar,normal,statewide,48.69013214111328,1,7,CHIRPS Daily v2.0,Maharashtra,CHIRPS Rainfall
2025-10-22,2025-10-29,43.0,2025,P005,20.832153156317954,77.06560453615967,Akola,normal,statewide,40.847900390625,1,7,CHIRPS Daily v2.0,Maharashtra,CHIRPS Rainfall
2025-10-22,2025-10-29,43.0,2025,P006,20.834360411339407,76.87349308547405,Akola,normal,statewide,19.575578689575195,1,7,CHIRPS Daily v2.0,Maharashtra,CHIRPS Rainfall
2025-10-22,2025-10-29,43.0,2025,P007,21.014976299509232,76.87574047240498,Akola,normal,statewide,20.791641235351562,1,7,CHIRPS Daily v2.0,Maharashtra,CHIRPS Rainfall
2025-10-22,2025-10-29,43.0,2025,P008,20.828434266039377,77.35372489162701,Akola,normal,statewide,17.96198081970215,1,7,CHIRPS Daily v2.0,Maharashtra,CHIRPS Rainfall
2025-10-22,2025-10-29,43.0,2025,P009,21.360971327549258,77.94039543992572,Amravati,normal,statewide,0.0,1,7,CHIRPS Daily v2.0,Maharashtra,CHIRPS Rainfall
2025-10-22,2025-10-29,43.0,2025,P010,21.178803672212837,78.03301542790685,Amravati,normal,statewide,0.0,1,7,CHIRPS Daily v2.0,Maharashtra,CHIRPS Rainfall
2025-10-22,2025-10-29,43.0,2025,P011,20.814388097721018,78.21764450702477,Amravati,normal,statewide,0.0,1,7,CHIRPS Daily v2.0,Maharashtra,CHIRPS Rainfall
2025-10-22,2025-10-29,43.0,2025,P012,21.180502589714195,77.93681032267875,Amravati,normal,statewide,0.0,1,7,CHIRPS Daily v2.0,Maharashtra,CHIRPS Rainfall
2025-10-22,2025-10-29,43.0,2025,P013,20.031289688916964,74.8570519162974,Aurangabad,normal,statewide,78.70040512084961,1,7,CHIRPS Daily v2.0,Maharashtra,CHIRPS Rainfall
2025-10-22,2025-10-29,43.0,2025,P014,19.760185263069562,75.14270192978114,Aurangabad,normal,statewide,12.305859088897705,1,7,CHIRPS Daily v2.0,Maharashtra,CHIRPS Rainfall
2025-10-22,2025-10-29,43.0,2025,P015,19.9408189876436,74.76157364454102,Aurangabad,normal,statewide,83.06716537475586,1,7,CHIRPS Daily v2.0,Maharashtra,CHIRPS Rainfall
2025-10-22,2025-10-29,43.0,2025,P016,19.66981712112043,75.14262166596218,Aurangabad,normal,statewide,0.0,1,7,CHIRPS Daily v2.0,Maharashtra,CHIRPS Rainfall
2025-10-22,2025-10-29,43.0,2025,P017,21.04613203856966,79.85576216552393,Bhandara,normal,statewide,4.8584303855896,1,7,CHIRPS Daily v2.0,Maharashtra,CHIRPS Rainfall
2025-10-22,2025-10-29,43.0,2025,P018,21.31897105472685,79.76852877161537,Bhandara,normal,statewide,0.0,1,7,CHIRPS Daily v2.0,Maharashtra,CHIRPS Rainfall
2025-10-22,2025-10-29,43.0,2025,P019,21.40900922319803,79.77144948280537,Bhandara,normal,statewide,0.0,1,7,CHIRPS Daily v2.0,Maharashtra,CHIRPS Rainfall
2025-10-22,2025-10-29,43.0,2025,P020,21.144196588937042,79.57074980349083,Bhandara,normal,statewide,0.0,1,7,CHIRPS Daily v2.0,Maharashtra,CHIRPS Rainfall
2025-10-22,2025-10-29,43.0,2025,P021,18.67502288980403,75.52108340877234,Bid,normal,statewide,29.24939727783203,1,7,CHIRPS Daily v2.0,Maharashtra,CHIRPS Rainfall
2025-10-22,2025-10-29,43.0,2025,P022,18.856499384477168,75.04699178476999,Bid,normal,statewide,22.464859008789062,1,7,CHIRPS Daily v2.0,Maharashtra,CHIRPS Rainfall
2025-10-22,2025-10-29,43.0,2025,P023,19.126596053486494,75.6175605191647,Bid,normal,statewide,36.37653732299805,1,7,CHIRPS Daily v2.0,Maharashtra,CHIRPS Rainfall
2025-10-22,2025-10-29,43.0,2025,P024,18.763955201213946,75.90084720909012,Bid,normal,statewide,33.19245529174805,1,7,CHIRPS Daily v2.0,Maharashtra,CHIRPS Rainfall
2025-10-22,2025-10-29,43.0,2025,P025,20.93073496240753,76.20164478885242,Buldana,normal,statewide,61.21001052856445,1,7,CHIRPS Daily v2.0,Maharashtra,CHIRPS Rainfall
2025-10-22,2025-10-29,43.0,2025,P026,20.838939908121294,76.39311412898633,Buldana,normal,statewide,0.0,1,7,CHIRPS Daily v2.0,Maharashtra,CHIRPS Rainfall
2025-10-22,2025-10-29,43.0,2025,P027,20.657476790751314,76.48742857536776,Buldana,normal,statewide,0.0,1,7,CHIRPS Daily v2.0,Maharashtra,CHIRPS Rainfall
2025-10-22,2025-10-29,43.0,2025,P028,20.47967013624516,76.10222021266374,Buldana,normal,statewide,66.00960540771484,1,7,CHIRPS Daily v2.0,Maharashtra,CHIRPS Rainfall
2025-10-22,2025-10-29,43.0,2025,P029,20.32317798477448,79.92829390325927,Chandrapur,normal,statewide,14.7385892868042,1,7,CHIRPS Daily v2.0,Maharashtra,CHIRPS Rainfall
2025-10-22,2025-10-29,43.0,2025,P030,20.60872097983294,79.36304041732026,Chandrapur,normal,statewide,16.586681842803955,1,7,CHIRPS Daily v2.0,Maharashtra,CHIRPS Rainfall
2025-10-22,2025-10-29,43.0,2025,P031,20.511160307884595,79.64732594588165,Chandrapur,normal,statewide,0.0,1,7,CHIRPS Daily v2.0,Maharashtra,CHIRPS Rainfall
2025-10-22,2025-10-29,43.0,2025,P032,20.598621115946884,79.74569817422172,Chandrapur,normal,statewide,0.0,1,7,CHIRPS Daily v2.0,Maharashtra,CHIRPS Rainfall
2025-10-22,2025-10-29,43.0,2025,P033,21.38667804512237,75.14422248324037,Dhule,normal,statewide,48.41765022277832,1,7,CHIRPS Daily v2.0,Maharashtra,CHIRPS Rainfall
2025-10-22,2025-10-29,43.0,2025,P034,21.025151968113196,74.75989256344387,Dhule,normal,statewide,56.210453033447266,1,7,CHIRPS Daily v2.0,Maharashtra,CHIRPS Rainfall
2025-10-22,2025-10-29,43.0,2025,P035,21.477028350667293,74.85568743137505,Dhule,normal,statewide,47.51665019989014,1,7,CHIRPS Daily v2.0,Maharashtra,CHIRPS Rainfall
2025-10-22,2025-10-29,43.0,2025,P036,20.933820660336515,74.37533522949364,Dhule,normal,statewide,61.5779914855957,1,7,CHIRPS Daily v2.0,Maharashtra,CHIRPS Rainfall
2025-10-22,2025-10-29,43.0,2025,P037,19.963056524597132,79.91698116388667,Garhchiroli,normal,statewide,0.0,1,7,CHIRPS Daily v2.0,Maharashtra,CHIRPS Rainfall
2025-10-22,2025-10-29,43.0,2025,P038,19.062661462582188,79.88977172925856,Garhchiroli,normal,statewide,21.599478721618652,1,7,CHIRPS Daily v2.0,Maharashtra,CHIRPS Rainfall
2025-10-22,2025-10-29,43.0,2025,P039,19.510270485428137,79.9981368030594,Garhchiroli,normal,statewide,0.0,1,7,CHIRPS Daily v2.0,Maharashtra,CHIRPS Rainfall
2025-10-22,2025-10-29,43.0,2025,P040,19.870365190999156,80.00935144220881,Garhchiroli,normal,statewide,6.066214561462402,1,7,CHIRPS Daily v2.0,Maharashtra,CHIRPS Rainfall
2025-10-22,2025-10-29,43.0,2025,P041,21.127639946725598,80.1465044724107,Gondiya,normal,statewide,7.285305023193359,1,7,CHIRPS Daily v2.0,Maharashtra,CHIRPS Rainfall
2025-10-22,2025-10-29,43.0,2025,P042,21.397598383602258,80.15591763473452,Gondiya,normal,statewide,8.079886436462402,1,7,CHIRPS Daily v2.0,Maharashtra,CHIRPS Rainfall
2025-10-22,2025-10-29,43.0,2025,P043,21.574548890706154,80.25847249986273,Gondiya,normal,statewide,0.0,1,7,CHIRPS Daily v2.0,Maharashtra,CHIRPS Rainfall
2025-10-22,2025-10-29,43.0,2025,P044,21.211649410572516,80.34153217518526,Gondiya,normal,statewide,6.375225067138672,1,7,CHIRPS Daily v2.0,Maharashtra,CHIRPS Rainfall
2025-10-22,2025-10-29,43.0,2025,P045,19.655900266732623,77.2407892392464,Hingoli,normal,statewide,20.6480712890625,1,7,CHIRPS Daily v2.0,Maharashtra,CHIRPS Rainfall
2025-10-22,2025-10-29,43.0,2025,P046,19.566758377573187,77.1442675378435,Hingoli,normal,statewide,16.109012603759766,1,7,CHIRPS Daily v2.0,Maharashtra,CHIRPS Rainfall
2025-10-22,2025-10-29,43.0,2025,P047,19.47860194974656,76.9526242927685,Hingoli,normal,statewide,21.598031997680664,1,7,CHIRPS Daily v2.0,Maharashtra,CHIRPS Rainfall
2025-10-22,2025-10-29,43.0,2025,P048,19.927981235710728,77.14910120338544,Hingoli,normal,statewide,15.409113883972168,1,7,CHIRPS Daily v2.0,Maharashtra,CHIRPS Rainfall
2025-10-22,2025-10-29,43.0,2025,P049,21.292738163229433,76.10816865346904,Jalgaon,normal,statewide,20.267946243286133,1,7,CHIRPS Daily v2.0,Maharashtra,CHIRPS Rainfall
2025-10-22,2025-10-29,43.0,2025,P050,21.386178625804387,75.43363151891216,Jalgaon,normal,statewide,7.792919158935547,1,7,CHIRPS Daily v2.0,Maharashtra,CHIRPS Rainfall
2025-10-22,2025-10-29,43.0,2025,P051,21.112064306745907,76.10682200495089,Jalgaon,normal,statewide,57.965511322021484,1,7,CHIRPS Daily v2.0,Maharashtra,CHIRPS Rainfall
2025-10-22,2025-10-29,43.0,2025,P052,20.844437979720194,75.23982115072519,Jalgaon,normal,statewide,57.858463287353516,1,7,CHIRPS Daily v2.0,Maharashtra,CHIRPS Rainfall
2025-10-22,2025-10-29,43.0,2025,P053,19.486369703781666,76.00005328932718,Jalna,normal,statewide,55.8001594543457,1,7,CHIRPS Daily v2.0,Maharashtra,CHIRPS Rainfall
2025-10-22,2025-10-29,43.0,2025,P054,20.028502750758555,76.00343774702675,Jalna,normal,statewide,24.74583625793457,1,7,CHIRPS Daily v2.0,Maharashtra,CHIRPS Rainfall
2025-10-22,2025-10-29,43.0,2025,P055,19.75743845682064,76.00172991132328,Jalna,normal,statewide,68.21633338928223,1,7,CHIRPS Daily v2.0,Maharashtra,CHIRPS Rainfall
2025-10-22,2025-10-29,43.0,2025,P056,19.57768317515413,75.80993951591351,Jalna,normal,statewide,51.08921813964844,1,7,CHIRPS Daily v2.0,Maharashtra,CHIRPS Rainfall
2025-10-22,2025-10-29,43.0,2025,P057,16.776377793156257,74.29671235971928,Kolhapur,normal,statewide,0.0,1,7,CHIRPS Daily v2.0,Maharashtra,CHIRPS Rainfall
2025-10-22,2025-10-29,43.0,2025,P058,16.324416687682138,74.29834884980589,Kolhapur,normal,statewide,81.87064361572266,1,7,CHIRPS Daily v2.0,Maharashtra,CHIRPS Rainfall
2025-10-22,2025-10-29,43.0,2025,P059,16.595891218916975,74.39111598812178,Kolhapur,normal,statewide,38.465824127197266,1,7,CHIRPS Daily v2.0,Maharashtra,CHIRPS Rainfall
2025-10-22,2025-10-29,43.0,2025,P060,16.414811584237594,74.29802779453004,Kolhapur,normal,statewide,48.16986560821533,1,7,CHIRPS Daily v2.0,Maharashtra,CHIRPS Rainfall
2025-10-22,2025-10-29,43.0,2025,P086,21.054127206758487,79.56798961993874,Nagpur,normal,statewide,0.0,1,7,CHIRPS Daily v2.0,Maharashtra,CHIRPS Rainfall
2025-10-22,2025-10-29,43.0,2025,P087,21.146765031143822,79.47473643960802,Nagpur,normal,statewide,0.0,1,7,CHIRPS Daily v2.0,Maharashtra,CHIRPS Rainfall
2025-10-22,2025-10-29,43.0,2025,P088,21.347803602138427,78.61442869606356,Nagpur,normal,statewide,0.0,1,7,CHIRPS Daily v2.0,Maharashtra,CHIRPS Rainfall
2025-10-22,2025-10-29,43.0,2025,P089,21.165377318940912,78.70615240473293,Nagpur,normal,statewide,0.0,1,7,CHIRPS Daily v2.0,Maharashtra,CHIRPS Rainfall
2025-10-22,2025-10-29,43.0,2025,P090,19.201968238592887,77.42470040309472,Nanded,normal,statewide,33.74352550506592,1,7,CHIRPS Daily v2.0,Maharashtra,CHIRPS Rainfall
2025-10-22,2025-10-29,43.0,2025,P091,18.566038000956755,77.69963965584807,Nanded,normal,statewide,18.618257522583008,1,7,CHIRPS Daily v2.0,Maharashtra,CHIRPS Rainfall
2025-10-22,2025-10-29,43.0,2025,P092,19.736596618496833,77.90946265591798,Nanded,normal,statewide,20.64794397354126,1,7,CHIRPS Daily v2.0,Maharashtra,CHIRPS Rainfall
2025-10-22,2025-10-29,43.0,2025,P093,18.93564842817583,77.04115528508362,Nanded,normal,statewide,25.256622314453125,1,7,CHIRPS Daily v2.0,Maharashtra,CHIRPS Rainfall
2025-10-22,2025-10-29,43.0,2025,P094,21.564917232430716,74.08292967791392,Nandurbar,normal,statewide,38.06096267700195,1,7,CHIRPS Daily v2.0,Maharashtra,CHIRPS Rainfall
2025-10-22,2025-10-29,43.0,2025,P095,21.5662594218478,74.37266422796263,Nandurbar,normal,statewide,44.507713317871094,1,7,CHIRPS Daily v2.0,Maharashtra,CHIRPS Rainfall
2025-10-22,2025-10-29,43.0,2025,P096,21.385179787168415,74.27697637845674,Nandurbar,normal,statewide,46.10639142990112,1,7,CHIRPS Daily v2.0,Maharashtra,CHIRPS Rainfall
2025-10-22,2025-10-29,43.0,2025,P097,21.565421110849755,74.17950488852946,Nandurbar,normal,statewide,40.833473205566406,1,7,CHIRPS Daily v2.0,Maharashtra,CHIRPS Rainfall
2025-10-22,2025-10-29,43.0,2025,P098,20.299553667393326,73.99482675929994,Nashik,normal,statewide,71.99872207641602,1,7,CHIRPS Daily v2.0,Maharashtra,CHIRPS Rainfall
2025-10-22,2025-10-29,43.0,2025,P099,20.120253214034264,74.28296495117151,Nashik,normal,statewide,69.43802261352539,1,7,CHIRPS Daily v2.0,Maharashtra,CHIRPS Rainfall
2025-10-22,2025-10-29,43.0,2025,P100,20.389903972938242,73.99424261706194,Nashik,normal,statewide,57.41401290893555,1,7,CHIRPS Daily v2.0,Maharashtra,CHIRPS Rainfall
2025-10-22,2025-10-29,43.0,2025,P101,20.029015547379707,74.09216447619562,Nashik,normal,statewide,48.350528717041016,1,7,CHIRPS Daily v2.0,Maharashtra,CHIRPS Rainfall
2025-10-22,2025-10-29,43.0,2025,P102,17.85749130266526,76.36802722645965,Osmanabad,normal,statewide,65.3228588104248,1,7,CHIRPS Daily v2.0,Maharashtra,CHIRPS Rainfall
2025-10-22,2025-10-29,43.0,2025,P103,17.76644983645705,76.46164605307673,Osmanabad,normal,statewide,48.9455680847168,1,7,CHIRPS Daily v2.0,Maharashtra,CHIRPS Rainfall
2025-10-22,2025-10-29,43.0,2025,P104,17.949094615606196,76.17989775301476,Osmanabad,normal,statewide,58.56707763671875,1,7,CHIRPS Daily v2.0,Maharashtra,CHIRPS Rainfall
2025-10-22,2025-10-29,43.0,2025,P105,18.584360447185368,75.61558067829696,Osmanabad,normal,statewide,36.66422653198242,1,7,CHIRPS Daily v2.0,Maharashtra,CHIRPS Rainfall
2025-10-22,2025-10-29,43.0,2025,P106,19.031389786894366,76.47235681380711,Parbhani,normal,statewide,18.789710998535156,1,7,CHIRPS Daily v2.0,Maharashtra,CHIRPS Rainfall
2025-10-22,2025-10-29,43.0,2025,P107,19.120950831552832,76.56820519095093,Parbhani,normal,statewide,38.20986557006836,1,7,CHIRPS Daily v2.0,Maharashtra,CHIRPS Rainfall
2025-10-22,2025-10-29,43.0,2025,P108,19.208625676465683,76.85432786914635,Parbhani,normal,statewide,28.663105010986328,1,7,CHIRPS Daily v2.0,Maharashtra,CHIRPS Rainfall
2025-10-22,2025-10-29,43.0,2025,P109,19.212081479782103,76.47396209018636,Parbhani,normal,statewide,26.276744842529297,1,7,CHIRPS Daily v2.0,Maharashtra,CHIRPS Rainfall
2025-10-22,2025-10-29,43.0,2025,P110,18.133442771357757,75.04679558432363,Pune,normal,statewide,58.44367790222168,1,7,CHIRPS Daily v2.0,Maharashtra,CHIRPS Rainfall
2025-10-22,2025-10-29,43.0,2025,P111,18.584645829652782,74.47919215212944,Pune,normal,statewide,50.449764251708984,1,7,CHIRPS Daily v2.0,Maharashtra,CHIRPS Rainfall
2025-10-22,2025-10-29,43.0,2025,P112,18.132979024848197,74.57507620208169,Pune,normal,statewide,63.30370330810547,1,7,CHIRPS Daily v2.0,Maharashtra,CHIRPS Rainfall
2025-10-22,2025-10-29,43.0,2025,P113,18.314072036830744,74.76389683618987,Pune,normal,statewide,43.222782135009766,1,7,CHIRPS Daily v2.0,Maharashtra,CHIRPS Rainfall
2025-10-22,2025-10-29,43.0,2025,P114,18.48503397121986,73.0589238755964,Raigarh,normal,statewide,119.92564392089844,1,7,CHIRPS Daily v2.0,Maharashtra,CHIRPS Rainfall
2025-10-22,2025-10-29,43.0,2025,P115,18.665689991299164,73.05687714821288,Raigarh,normal,statewide,84.03844976425171,1,7,CHIRPS Daily v2.0,Maharashtra,CHIRPS Rainfall
2025-10-22,2025-10-29,43.0,2025,P116,18.306197264370358,73.25009891506079,Raigarh,normal,statewide,147.20353412628174,1,7,CHIRPS Daily v2.0,Maharashtra,CHIRPS Rainfall
2025-10-22,2025-10-29,43.0,2025,P117,18.21404102289879,73.06194714611064,Raigarh,normal,statewide,110.2161693572998,1,7,CHIRPS Daily v2.0,Maharashtra,CHIRPS Rainfall
2025-10-22,2025-10-29,43.0,2025,P118,17.138719885658215,75.42259970290594,Sangli,normal,statewide,55.801780700683594,1,7,CHIRPS Daily v2.0,Maharashtra,CHIRPS Rainfall
2025-10-22,2025-10-29,43.0,2025,P119,17.048761981005992,74.95348443567921,Sangli,normal,statewide,29.213836669921875,1,7,CHIRPS Daily v2.0,Maharashtra,CHIRPS Rainfall
2025-10-22,2025-10-29,43.0,2025,P120,16.86707144948229,74.39025538161847,Sangli,normal,statewide,0.0,1,7,CHIRPS Daily v2.0,Maharashtra,CHIRPS Rainfall
2025-10-22,2025-10-29,43.0,2025,P121,17.048503353144895,74.67157114887826,Sangli,normal,statewide,0.0,1,7,CHIRPS Daily v2.0,Maharashtra,CHIRPS Rainfall
2025-10-22,2025-10-29,43.0,2025,P148,17.67852974098626,76.08383979812143,Solapur,normal,statewide,85.68431091308594,1,7,CHIRPS Daily v2.0,Maharashtra,CHIRPS Rainfall
2025-10-22,2025-10-29,43.0,2025,P149,18.223365003201543,75.4251413905064,Solapur,normal,statewide,75.79303741455078,1,7,CHIRPS Daily v2.0,Maharashtra,CHIRPS Rainfall
2025-10-22,2025-10-29,43.0,2025,P150,17.952532582518405,75.23562067753285,Solapur,normal,statewide,42.651363372802734,1,7,CHIRPS Daily v2.0,Maharashtra,CHIRPS Rainfall
2025-10-22,2025-10-29,43.0,2025,P151,18.223690517578447,75.23598186471818,Solapur,normal,statewide,50.58893394470215,1,7,CHIRPS Daily v2.0,Maharashtra,CHIRPS Rainfall
2025-10-22,2025-10-29,43.0,2025,P152,19.658178867370932,72.94986318203122,Thane,normal,statewide,59.97388458251953,1,7,CHIRPS Daily v2.0,Maharashtra,CHIRPS Rainfall
2025-10-22,2025-10-29,43.0,2025,P153,19.65706409210757,72.8545320606096,Thane,normal,statewide,70.93482160568237,1,7,CHIRPS Daily v2.0,Maharashtra,CHIRPS Rainfall
2025-10-22,2025-10-29,43.0,2025,P154,19.477549601897948,72.95214624177059,Thane,normal,statewide,30.40889024734497,1,7,CHIRPS Daily v2.0,Maharashtra,CHIRPS Rainfall
2025-10-22,2025-10-29,43.0,2025,P155,19.83987385799569,73.0429959666335,Thane,normal,statewide,69.97729873657227,1,7,CHIRPS Daily v2.0,Maharashtra,CHIRPS Rainfall
2025-10-22,2025-10-29,43.0,2025,P156,20.806749657616468,78.60135461177485,Wardha,normal,statewide,0.0,1,7,CHIRPS Daily v2.0,Maharashtra,CHIRPS Rainfall
2025-10-22,2025-10-29,43.0,2025,P157,20.71031267913359,78.88671032458906,Wardha,normal,statewide,15.773948669433594,1,7,CHIRPS Daily v2.0,Maharashtra,CHIRPS Rainfall
2025-10-22,2025-10-29,43.0,2025,P158,21.081265295769754,78.41565980750515,Wardha,normal,statewide,0.0,1,7,CHIRPS Daily v2.0,Maharashtra,CHIRPS Rainfall
2025-10-22,2025-10-29,43.0,2025,P159,20.439854822938944,78.87986114537097,Wardha,normal,statewide,6.992776393890381,1,7,CHIRPS Daily v2.0,Maharashtra,CHIRPS Rainfall
2025-10-22,2025-10-29,43.0,2025,P160,20.289186257444058,77.15404188735265,Washim,normal,statewide,0.0,1,7,CHIRPS Daily v2.0,Maharashtra,CHIRPS Rainfall
2025-10-22,2025-10-29,43.0,2025,P161,20.464607292886615,77.53975858757677,Washim,normal,statewide,0.0,1,7,CHIRPS Daily v2.0,Maharashtra,CHIRPS Rainfall
2025-10-22,2025-10-29,43.0,2025,P162,20.107393166596125,77.2471479173486,Washim,normal,statewide,20.090391159057617,1,7,CHIRPS Daily v2.0,Maharashtra,CHIRPS Rainfall
2025-10-22,2025-10-29,43.0,2025,P163,20.198885002010726,77.1527933390577,Washim,normal,statewide,28.896631240844727,1,7,CHIRPS Daily v2.0,Maharashtra,CHIRPS Rainfall
2025-10-22,2025-10-29,43.0,2025,P164,20.182854533723592,78.20447678161395,Yavatmal,normal,statewide,0.0,1,7,CHIRPS Daily v2.0,Maharashtra,CHIRPS Rainfall
2025-10-22,2025-10-29,43.0,2025,P165,19.894658373538324,79.05709703494229,Yavatmal,normal,statewide,0.0,1,7,CHIRPS Daily v2.0,Maharashtra,CHIRPS Rainfall
2025-10-22,2025-10-29,43.0,2025,P166,19.468787468327925,77.71426550730338,Yavatmal,normal,statewide,24.438220500946045,1,7,CHIRPS Daily v2.0,Maharashtra,CHIRPS Rainfall
2025-10-22,2025-10-29,43.0,2025,P167,19.559057510053886,77.71577268345945,Yavatmal,normal,statewide,29.719231128692627,1,7,CHIRPS Daily v2.0,Maharashtra,CHIRPS Rainfall
2025-10-29,2025-11-05,44.0,2025,P147,17.927231643141155,73.94769852026607,Satara,case_study,case_study,0.0,1,7,CHIRPS Daily v2.0,Maharashtra,CHIRPS Rainfall
2025-10-29,2025-11-05,44.0,2025,P061,18.507855650411397,76.91766048140843,Latur,high,priority,25.972078323364258,1,7,CHIRPS Daily v2.0,Maharashtra,CHIRPS Rainfall
2025-10-29,2025-11-05,44.0,2025,P062,18.422405896924207,76.3487594508077,Latur,high,priority,50.59429931640625,1,7,CHIRPS Daily v2.0,Maharashtra,CHIRPS Rainfall
2025-10-29,2025-11-05,44.0,2025,P063,18.235391198742693,77.05646783810116,Latur,high,priority,45.475852966308594,1,7,CHIRPS Daily v2.0,Maharashtra,CHIRPS Rainfall
2025-10-29,2025-11-05,44.0,2025,P064,18.193056493341274,76.77240080549139,Latur,high,priority,20.882956504821777,1,7,CHIRPS Daily v2.0,Maharashtra,CHIRPS Rainfall
2025-10-29,2025-11-05,44.0,2025,P065,18.331355512513895,76.44266811899327,Latur,high,priority,37.837100982666016,1,7,CHIRPS Daily v2.0,Maharashtra,CHIRPS Rainfall
2025-10-29,2025-11-05,44.0,2025,P066,18.104739537876725,76.5352970251765,Latur,high,priority,27.264345169067383,1,7,CHIRPS Daily v2.0,Maharashtra,CHIRPS Rainfall
2025-10-29,2025-11-05,44.0,2025,P067,18.280552974211986,77.0569984711265,Latur,high,priority,23.694894790649414,1,7,CHIRPS Daily v2.0,Maharashtra,CHIRPS Rainfall
2025-10-29,2025-11-05,44.0,2025,P068,18.101823285787773,76.86595720469373,Latur,high,priority,37.6294960975647,1,7,CHIRPS Daily v2.0,Maharashtra,CHIRPS Rainfall
2025-10-29,2025-11-05,44.0,2025,P069,18.595075667016793,77.20284228928156,Latur,high,priority,36.083885192871094,1,7,CHIRPS Daily v2.0,Maharashtra,CHIRPS Rainfall
2025-10-29,2025-11-05,44.0,2025,P070,18.41499041187233,77.15322587185987,Latur,high,priority,40.661468505859375,1,7,CHIRPS Daily v2.0,Maharashtra,CHIRPS Rainfall
2025-10-29,2025-11-05,44.0,2025,P071,18.149138807065885,76.63019561379593,Latur,high,priority,20.579526901245117,1,7,CHIRPS Daily v2.0,Maharashtra,CHIRPS Rainfall
2025-10-29,2025-11-05,44.0,2025,P072,18.283393421583035,76.77331492120734,Latur,high,priority,30.353349685668945,1,7,CHIRPS Daily v2.0,Maharashtra,CHIRPS Rainfall
2025-10-29,2025-11-05,44.0,2025,P073,17.966315663874607,76.86453029235662,Latur,high,priority,22.731285095214844,1,7,CHIRPS Daily v2.0,Maharashtra,CHIRPS Rainfall
2025-10-29,2025-11-05,44.0,2025,P074,18.50832831512306,76.870318205524,Latur,high,priority,15.63279914855957,1,7,CHIRPS Daily v2.0,Maharashtra,CHIRPS Rainfall
2025-10-29,2025-11-05,44.0,2025,P075,18.41444640154381,77.20053247493588,Latur,high,priority,45.58481216430664,1,7,CHIRPS Daily v2.0,Maharashtra,CHIRPS Rainfall
2025-10-29,2025-11-05,44.0,2025,P076,18.377877313804504,76.25376722106614,Latur,high,priority,25.196914672851562,1,7,CHIRPS Daily v2.0,Maharashtra,CHIRPS Rainfall
2025-10-29,2025-11-05,44.0,2025,P077,18.059564385104267,76.5349046242838,Latur,high,priority,27.297874450683594,1,7,CHIRPS Daily v2.0,Maharashtra,CHIRPS Rainfall
2025-10-29,2025-11-05,44.0,2025,P078,18.1008824154655,76.96042326051098,Latur,high,priority,30.511398315429688,1,7,CHIRPS Daily v2.0,Maharashtra,CHIRPS Rainfall
2025-10-29,2025-11-05,44.0,2025,P079,18.73508698099394,76.77797468180819,Latur,high,priority,41.81666564941406,1,7,CHIRPS Daily v2.0,Maharashtra,CHIRPS Rainfall
2025-10-29,2025-11-05,44.0,2025,P080,18.46791548227568,76.3017694439065,Latur,high,priority,39.615562438964844,1,7,CHIRPS Daily v2.0,Maharashtra,CHIRPS Rainfall
2025-10-29,2025-11-05,44.0,2025,P081,18.10355787609756,76.67701617485712,Latur,high,priority,27.783679962158203,1,7,CHIRPS Daily v2.0,Maharashtra,CHIRPS Rainfall
2025-10-29,2025-11-05,44.0,2025,P082,18.23907887531389,76.67830931416262,Latur,high,priority,14.250456809997559,1,7,CHIRPS Daily v2.0,Maharashtra,CHIRPS Rainfall
2025-10-29,2025-11-05,44.0,2025,P083,18.369289085175563,77.19996171000103,Latur,high,priority,53.207759857177734,1,7,CHIRPS Daily v2.0,Maharashtra,CHIRPS Rainfall
2025-10-29,2025-11-05,44.0,2025,P084,18.46362582706226,76.82249880582684,Latur,high,priority,13.831357955932617,1,7,CHIRPS Daily v2.0,Maharashtra,CHIRPS Rainfall
2025-10-29,2025-11-05,44.0,2025,P085,18.14788579966987,76.77194597718393,Latur,high,priority,22.89729595184326,1,7,CHIRPS Daily v2.0,Maharashtra,CHIRPS Rainfall
2025-10-29,2025-11-05,44.0,2025,P122,17.88145897082753,73.8441448165019,Satara,high,priority,0.0,1,7,CHIRPS Daily v2.0,Maharashtra,CHIRPS Rainfall
2025-10-29,2025-11-05,44.0,2025,P123,17.386414030975025,74.27088970551878,Satara,high,priority,0.0,1,7,CHIRPS Daily v2.0,Maharashtra,CHIRPS Rainfall
2025-10-29,2025-11-05,44.0,2025,P124,17.43262815429294,74.647353771057,Satara,high,priority,0.0,1,7,CHIRPS Daily v2.0,Maharashtra,CHIRPS Rainfall
2025-10-29,2025-11-05,44.0,2025,P125,17.56734651531964,74.31728219287884,Satara,high,priority,0.0,1,7,CHIRPS Daily v2.0,Maharashtra,CHIRPS Rainfall
2025-10-29,2025-11-05,44.0,2025,P126,17.205080227535593,74.13053949986157,Satara,high,priority,0.0,1,7,CHIRPS Daily v2.0,Maharashtra,CHIRPS Rainfall
2025-10-29,2025-11-05,44.0,2025,P127,17.65773249367299,74.31694330119876,Satara,high,priority,0.0,1,7,CHIRPS Daily v2.0,Maharashtra,CHIRPS Rainfall
2025-10-29,2025-11-05,44.0,2025,P128,18.019949731345452,74.5517328080669,Satara,high,priority,0.0,1,7,CHIRPS Daily v2.0,Maharashtra,CHIRPS Rainfall
2025-10-29,2025-11-05,44.0,2025,P129,18.063234225271252,74.03192648006461,Satara,high,priority,0.0,1,7,CHIRPS Daily v2.0,Maharashtra,CHIRPS Rainfall
2025-10-29,2025-11-05,44.0,2025,P130,17.61135784271715,74.03436560834085,Satara,high,priority,0.0,1,7,CHIRPS Daily v2.0,Maharashtra,CHIRPS Rainfall
2025-10-29,2025-11-05,44.0,2025,P131,17.612539504496315,74.3171127470388,Satara,high,priority,0.0,1,7,CHIRPS Daily v2.0,Maharashtra,CHIRPS Rainfall
2025-10-29,2025-11-05,44.0,2025,P132,17.702176353872684,74.12817617630324,Satara,high,priority,0.0,1,7,CHIRPS Daily v2.0,Maharashtra,CHIRPS Rainfall
2025-10-29,2025-11-05,44.0,2025,P133,17.25006363896275,74.08329532420031,Satara,high,priority,0.0,1,7,CHIRPS Daily v2.0,Maharashtra,CHIRPS Rainfall
2025-10-29,2025-11-05,44.0,2025,P134,17.476429903940936,74.17634784498362,Satara,high,priority,0.0,1,7,CHIRPS Daily v2.0,Maharashtra,CHIRPS Rainfall
2025-10-29,2025-11-05,44.0,2025,P135,17.882716437324603,74.0801070669471,Satara,high,priority,0.0,1,7,CHIRPS Daily v2.0,Maharashtra,CHIRPS Rainfall
2025-10-29,2025-11-05,44.0,2025,P136,17.928520323345598,74.22149178404871,Satara,high,priority,0.0,1,7,CHIRPS Daily v2.0,Maharashtra,CHIRPS Rainfall
2025-10-29,2025-11-05,44.0,2025,P137,17.746687100588183,73.98648378122894,Satara,high,priority,0.0,1,7,CHIRPS Daily v2.0,Maharashtra,CHIRPS Rainfall
2025-10-29,2025-11-05,44.0,2025,P138,17.61269557303319,74.36423652697161,Satara,high,priority,0.0,1,7,CHIRPS Daily v2.0,Maharashtra,CHIRPS Rainfall
2025-10-29,2025-11-05,44.0,2025,P139,17.656773786946495,74.08126197411994,Satara,high,priority,0.0,1,7,CHIRPS Daily v2.0,Maharashtra,CHIRPS Rainfall
2025-10-29,2025-11-05,44.0,2025,P140,17.97464080554139,74.50462240543725,Satara,high,priority,0.0,1,7,CHIRPS Daily v2.0,Maharashtra,CHIRPS Rainfall
2025-10-29,2025-11-05,44.0,2025,P141,17.430826677467348,74.08239904488856,Satara,high,priority,0.0,1,7,CHIRPS Daily v2.0,Maharashtra,CHIRPS Rainfall
2025-10-29,2025-11-05,44.0,2025,P142,18.064447100757786,74.31538707493111,Satara,high,priority,0.0,1,7,CHIRPS Daily v2.0,Maharashtra,CHIRPS Rainfall
2025-10-29,2025-11-05,44.0,2025,P143,17.70379500755509,74.6468275971327,Satara,high,priority,0.0,1,7,CHIRPS Daily v2.0,Maharashtra,CHIRPS Rainfall
2025-10-29,2025-11-05,44.0,2025,P144,17.929452275465767,74.50474726026674,Satara,high,priority,0.0,1,7,CHIRPS Daily v2.0,Maharashtra,CHIRPS Rainfall
2025-10-29,2025-11-05,44.0,2025,P145,17.47773196144854,74.60017202281048,Satara,high,priority,0.0,1,7,CHIRPS Daily v2.0,Maharashtra,CHIRPS Rainfall
2025-10-29,2025-11-05,44.0,2025,P146,17.839182233739812,74.55218763637436,Satara,high,priority,0.0,1,7,CHIRPS Daily v2.0,Maharashtra,CHIRPS Rainfall
2025-10-29,2025-11-05,44.0,2025,P001,19.940457800458272,74.57045211428928,Ahmednagar,normal,statewide,0.0,1,7,CHIRPS Daily v2.0,Maharashtra,CHIRPS Rainfall
2025-10-29,2025-11-05,44.0,2025,P002,18.946729294293643,74.76302285238339,Ahmednagar,normal,statewide,0.0,1,7,CHIRPS Daily v2.0,Maharashtra,CHIRPS Rainfall
2025-10-29,2025-11-05,44.0,2025,P003,18.49469238410162,74.66892244285252,Ahmednagar,normal,statewide,0.0,1,7,CHIRPS Daily v2.0,Maharashtra,CHIRPS Rainfall
2025-10-29,2025-11-05,44.0,2025,P004,19.03720445466806,75.1420731965326,Ahmednagar,normal,statewide,0.0,1,7,CHIRPS Daily v2.0,Maharashtra,CHIRPS Rainfall
2025-10-29,2025-11-05,44.0,2025,P005,20.832153156317954,77.06560453615967,Akola,normal,statewide,11.285982608795166,1,7,CHIRPS Daily v2.0,Maharashtra,CHIRPS Rainfall
2025-10-29,2025-11-05,44.0,2025,P006,20.834360411339407,76.87349308547405,Akola,normal,statewide,39.04116439819336,1,7,CHIRPS Daily v2.0,Maharashtra,CHIRPS Rainfall
2025-10-29,2025-11-05,44.0,2025,P007,21.014976299509232,76.87574047240498,Akola,normal,statewide,33.67509841918945,1,7,CHIRPS Daily v2.0,Maharashtra,CHIRPS Rainfall
2025-10-29,2025-11-05,44.0,2025,P008,20.828434266039377,77.35372489162701,Akola,normal,statewide,26.087139129638672,1,7,CHIRPS Daily v2.0,Maharashtra,CHIRPS Rainfall
2025-10-29,2025-11-05,44.0,2025,P009,21.360971327549258,77.94039543992572,Amravati,normal,statewide,6.233332633972168,1,7,CHIRPS Daily v2.0,Maharashtra,CHIRPS Rainfall
2025-10-29,2025-11-05,44.0,2025,P010,21.178803672212837,78.03301542790685,Amravati,normal,statewide,27.678640365600586,1,7,CHIRPS Daily v2.0,Maharashtra,CHIRPS Rainfall
2025-10-29,2025-11-05,44.0,2025,P011,20.814388097721018,78.21764450702477,Amravati,normal,statewide,32.723388671875,1,7,CHIRPS Daily v2.0,Maharashtra,CHIRPS Rainfall
2025-10-29,2025-11-05,44.0,2025,P012,21.180502589714195,77.93681032267875,Amravati,normal,statewide,33.173336029052734,1,7,CHIRPS Daily v2.0,Maharashtra,CHIRPS Rainfall
2025-10-29,2025-11-05,44.0,2025,P013,20.031289688916964,74.8570519162974,Aurangabad,normal,statewide,17.017650604248047,1,7,CHIRPS Daily v2.0,Maharashtra,CHIRPS Rainfall
2025-10-29,2025-11-05,44.0,2025,P014,19.760185263069562,75.14270192978114,Aurangabad,normal,statewide,7.31027364730835,1,7,CHIRPS Daily v2.0,Maharashtra,CHIRPS Rainfall
2025-10-29,2025-11-05,44.0,2025,P015,19.9408189876436,74.76157364454102,Aurangabad,normal,statewide,14.515071868896484,1,7,CHIRPS Daily v2.0,Maharashtra,CHIRPS Rainfall
2025-10-29,2025-11-05,44.0,2025,P016,19.66981712112043,75.14262166596218,Aurangabad,normal,statewide,13.218398571014404,1,7,CHIRPS Daily v2.0,Maharashtra,CHIRPS Rainfall
2025-10-29,2025-11-05,44.0,2025,P017,21.04613203856966,79.85576216552393,Bhandara,normal,statewide,27.546710968017578,1,7,CHIRPS Daily v2.0,Maharashtra,CHIRPS Rainfall
2025-10-29,2025-11-05,44.0,2025,P018,21.31897105472685,79.76852877161537,Bhandara,normal,statewide,28.204105377197266,1,7,CHIRPS Daily v2.0,Maharashtra,CHIRPS Rainfall
2025-10-29,2025-11-05,44.0,2025,P019,21.40900922319803,79.77144948280537,Bhandara,normal,statewide,19.76426124572754,1,7,CHIRPS Daily v2.0,Maharashtra,CHIRPS Rainfall
2025-10-29,2025-11-05,44.0,2025,P020,21.144196588937042,79.57074980349083,Bhandara,normal,statewide,51.535611152648926,1,7,CHIRPS Daily v2.0,Maharashtra,CHIRPS Rainfall
2025-10-29,2025-11-05,44.0,2025,P021,18.67502288980403,75.52108340877234,Bid,normal,statewide,29.24939727783203,1,7,CHIRPS Daily v2.0,Maharashtra,CHIRPS Rainfall
2025-10-29,2025-11-05,44.0,2025,P022,18.856499384477168,75.04699178476999,Bid,normal,statewide,0.0,1,7,CHIRPS Daily v2.0,Maharashtra,CHIRPS Rainfall
2025-10-29,2025-11-05,44.0,2025,P023,19.126596053486494,75.6175605191647,Bid,normal,statewide,0.0,1,7,CHIRPS Daily v2.0,Maharashtra,CHIRPS Rainfall
2025-10-29,2025-11-05,44.0,2025,P024,18.763955201213946,75.90084720909012,Bid,normal,statewide,66.3849105834961,1,7,CHIRPS Daily v2.0,Maharashtra,CHIRPS Rainfall
2025-10-29,2025-11-05,44.0,2025,P025,20.93073496240753,76.20164478885242,Buldana,normal,statewide,15.286972999572754,1,7,CHIRPS Daily v2.0,Maharashtra,CHIRPS Rainfall
2025-10-29,2025-11-05,44.0,2025,P026,20.838939908121294,76.39311412898633,Buldana,normal,statewide,73.50584316253662,1,7,CHIRPS Daily v2.0,Maharashtra,CHIRPS Rainfall
2025-10-29,2025-11-05,44.0,2025,P027,20.657476790751314,76.48742857536776,Buldana,normal,statewide,72.85781192779541,1,7,CHIRPS Daily v2.0,Maharashtra,CHIRPS Rainfall
2025-10-29,2025-11-05,44.0,2025,P028,20.47967013624516,76.10222021266374,Buldana,normal,statewide,20.9241943359375,1,7,CHIRPS Daily v2.0,Maharashtra,CHIRPS Rainfall
2025-10-29,2025-11-05,44.0,2025,P029,20.32317798477448,79.92829390325927,Chandrapur,normal,statewide,22.107887268066406,1,7,CHIRPS Daily v2.0,Maharashtra,CHIRPS Rainfall
2025-10-29,2025-11-05,44.0,2025,P030,20.60872097983294,79.36304041732026,Chandrapur,normal,statewide,46.77663803100586,1,7,CHIRPS Daily v2.0,Maharashtra,CHIRPS Rainfall
2025-10-29,2025-11-05,44.0,2025,P031,20.511160307884595,79.64732594588165,Chandrapur,normal,statewide,42.341529846191406,1,7,CHIRPS Daily v2.0,Maharashtra,CHIRPS Rainfall
2025-10-29,2025-11-05,44.0,2025,P032,20.598621115946884,79.74569817422172,Chandrapur,normal,statewide,32.88933181762695,1,7,CHIRPS Daily v2.0,Maharashtra,CHIRPS Rainfall
2025-10-29,2025-11-05,44.0,2025,P033,21.38667804512237,75.14422248324037,Dhule,normal,statewide,0.0,1,7,CHIRPS Daily v2.0,Maharashtra,CHIRPS Rainfall
2025-10-29,2025-11-05,44.0,2025,P034,21.025151968113196,74.75989256344387,Dhule,normal,statewide,28.105226516723633,1,7,CHIRPS Daily v2.0,Maharashtra,CHIRPS Rainfall
2025-10-29,2025-11-05,44.0,2025,P035,21.477028350667293,74.85568743137505,Dhule,normal,statewide,0.0,1,7,CHIRPS Daily v2.0,Maharashtra,CHIRPS Rainfall
2025-10-29,2025-11-05,44.0,2025,P036,20.933820660336515,74.37533522949364,Dhule,normal,statewide,34.80413591861725,1,7,CHIRPS Daily v2.0,Maharashtra,CHIRPS Rainfall
2025-10-29,2025-11-05,44.0,2025,P037,19.963056524597132,79.91698116388667,Garhchiroli,normal,statewide,33.00654602050781,1,7,CHIRPS Daily v2.0,Maharashtra,CHIRPS Rainfall
2025-10-29,2025-11-05,44.0,2025,P038,19.062661462582188,79.88977172925856,Garhchiroli,normal,statewide,17.415152072906494,1,7,CHIRPS Daily v2.0,Maharashtra,CHIRPS Rainfall
2025-10-29,2025-11-05,44.0,2025,P039,19.510270485428137,79.9981368030594,Garhchiroli,normal,statewide,28.084430694580078,1,7,CHIRPS Daily v2.0,Maharashtra,CHIRPS Rainfall
2025-10-29,2025-11-05,44.0,2025,P040,19.870365190999156,80.00935144220881,Garhchiroli,normal,statewide,24.264859199523926,1,7,CHIRPS Daily v2.0,Maharashtra,CHIRPS Rainfall
2025-10-29,2025-11-05,44.0,2025,P041,21.127639946725598,80.1465044724107,Gondiya,normal,statewide,14.570610046386719,1,7,CHIRPS Daily v2.0,Maharashtra,CHIRPS Rainfall
2025-10-29,2025-11-05,44.0,2025,P042,21.397598383602258,80.15591763473452,Gondiya,normal,statewide,8.079886436462402,1,7,CHIRPS Daily v2.0,Maharashtra,CHIRPS Rainfall
2025-10-29,2025-11-05,44.0,2025,P043,21.574548890706154,80.25847249986273,Gondiya,normal,statewide,0.0,1,7,CHIRPS Daily v2.0,Maharashtra,CHIRPS Rainfall
2025-10-29,2025-11-05,44.0,2025,P044,21.211649410572516,80.34153217518526,Gondiya,normal,statewide,12.750450134277344,1,7,CHIRPS Daily v2.0,Maharashtra,CHIRPS Rainfall
2025-10-29,2025-11-05,44.0,2025,P045,19.655900266732623,77.2407892392464,Hingoli,normal,statewide,41.296142578125,1,7,CHIRPS Daily v2.0,Maharashtra,CHIRPS Rainfall
2025-10-29,2025-11-05,44.0,2025,P046,19.566758377573187,77.1442675378435,Hingoli,normal,statewide,59.756829261779785,1,7,CHIRPS Daily v2.0,Maharashtra,CHIRPS Rainfall
2025-10-29,2025-11-05,44.0,2025,P047,19.47860194974656,76.9526242927685,Hingoli,normal,statewide,55.073686599731445,1,7,CHIRPS Daily v2.0,Maharashtra,CHIRPS Rainfall
2025-10-29,2025-11-05,44.0,2025,P048,19.927981235710728,77.14910120338544,Hingoli,normal,statewide,43.834988594055176,1,7,CHIRPS Daily v2.0,Maharashtra,CHIRPS Rainfall
2025-10-29,2025-11-05,44.0,2025,P049,21.292738163229433,76.10816865346904,Jalgaon,normal,statewide,19.701062202453613,1,7,CHIRPS Daily v2.0,Maharashtra,CHIRPS Rainfall
2025-10-29,2025-11-05,44.0,2025,P050,21.386178625804387,75.43363151891216,Jalgaon,normal,statewide,7.964682102203369,1,7,CHIRPS Daily v2.0,Maharashtra,CHIRPS Rainfall
2025-10-29,2025-11-05,44.0,2025,P051,21.112064306745907,76.10682200495089,Jalgaon,normal,statewide,12.108387351036072,1,7,CHIRPS Daily v2.0,Maharashtra,CHIRPS Rainfall
2025-10-29,2025-11-05,44.0,2025,P052,20.844437979720194,75.23982115072519,Jalgaon,normal,statewide,13.190476417541504,1,7,CHIRPS Daily v2.0,Maharashtra,CHIRPS Rainfall
2025-10-29,2025-11-05,44.0,2025,P053,19.486369703781666,76.00005328932718,Jalna,normal,statewide,0.0,1,7,CHIRPS Daily v2.0,Maharashtra,CHIRPS Rainfall
2025-10-29,2025-11-05,44.0,2025,P054,20.028502750758555,76.00343774702675,Jalna,normal,statewide,34.594239234924316,1,7,CHIRPS Daily v2.0,Maharashtra,CHIRPS Rainfall
2025-10-29,2025-11-05,44.0,2025,P055,19.75743845682064,76.00172991132328,Jalna,normal,statewide,0.0,1,7,CHIRPS Daily v2.0,Maharashtra,CHIRPS Rainfall
2025-10-29,2025-11-05,44.0,2025,P056,19.57768317515413,75.80993951591351,Jalna,normal,statewide,0.0,1,7,CHIRPS Daily v2.0,Maharashtra,CHIRPS Rainfall
2025-10-29,2025-11-05,44.0,2025,P057,16.776377793156257,74.29671235971928,Kolhapur,normal,statewide,0.0,1,7,CHIRPS Daily v2.0,Maharashtra,CHIRPS Rainfall
2025-10-29,2025-11-05,44.0,2025,P058,16.324416687682138,74.29834884980589,Kolhapur,normal,statewide,0.0,1,7,CHIRPS Daily v2.0,Maharashtra,CHIRPS Rainfall
2025-10-29,2025-11-05,44.0,2025,P059,16.595891218916975,74.39111598812178,Kolhapur,normal,statewide,0.0,1,7,CHIRPS Daily v2.0,Maharashtra,CHIRPS Rainfall
2025-10-29,2025-11-05,44.0,2025,P060,16.414811584237594,74.29802779453004,Kolhapur,normal,statewide,0.0,1,7,CHIRPS Daily v2.0,Maharashtra,CHIRPS Rainfall
2025-10-29,2025-11-05,44.0,2025,P086,21.054127206758487,79.56798961993874,Nagpur,normal,statewide,53.34356689453125,1,7,CHIRPS Daily v2.0,Maharashtra,CHIRPS Rainfall
2025-10-29,2025-11-05,44.0,2025,P087,21.146765031143822,79.47473643960802,Nagpur,normal,statewide,55.84380912780762,1,7,CHIRPS Daily v2.0,Maharashtra,CHIRPS Rainfall
2025-10-29,2025-11-05,44.0,2025,P088,21.347803602138427,78.61442869606356,Nagpur,normal,statewide,0.0,1,7,CHIRPS Daily v2.0,Maharashtra,CHIRPS Rainfall
2025-10-29,2025-11-05,44.0,2025,P089,21.165377318940912,78.70615240473293,Nagpur,normal,statewide,28.36347007751465,1,7,CHIRPS Daily v2.0,Maharashtra,CHIRPS Rainfall
2025-10-29,2025-11-05,44.0,2025,P090,19.201968238592887,77.42470040309472,Nanded,normal,statewide,40.20817279815674,1,7,CHIRPS Daily v2.0,Maharashtra,CHIRPS Rainfall
2025-10-29,2025-11-05,44.0,2025,P091,18.566038000956755,77.69963965584807,Nanded,normal,statewide,41.89107942581177,1,7,CHIRPS Daily v2.0,Maharashtra,CHIRPS Rainfall
2025-10-29,2025-11-05,44.0,2025,P092,19.736596618496833,77.90946265591798,Nanded,normal,statewide,39.713850021362305,1,7,CHIRPS Daily v2.0,Maharashtra,CHIRPS Rainfall
2025-10-29,2025-11-05,44.0,2025,P093,18.93564842817583,77.04115528508362,Nanded,normal,statewide,37.88493347167969,1,7,CHIRPS Daily v2.0,Maharashtra,CHIRPS Rainfall
2025-10-29,2025-11-05,44.0,2025,P094,21.564917232430716,74.08292967791392,Nandurbar,normal,statewide,0.0,1,7,CHIRPS Daily v2.0,Maharashtra,CHIRPS Rainfall
2025-10-29,2025-11-05,44.0,2025,P095,21.5662594218478,74.37266422796263,Nandurbar,normal,statewide,0.0,1,7,CHIRPS Daily v2.0,Maharashtra,CHIRPS Rainfall
2025-10-29,2025-11-05,44.0,2025,P096,21.385179787168415,74.27697637845674,Nandurbar,normal,statewide,0.0,1,7,CHIRPS Daily v2.0,Maharashtra,CHIRPS Rainfall
2025-10-29,2025-11-05,44.0,2025,P097,21.565421110849755,74.17950488852946,Nandurbar,normal,statewide,0.0,1,7,CHIRPS Daily v2.0,Maharashtra,CHIRPS Rainfall
2025-10-29,2025-11-05,44.0,2025,P098,20.299553667393326,73.99482675929994,Nashik,normal,statewide,0.0,1,7,CHIRPS Daily v2.0,Maharashtra,CHIRPS Rainfall
2025-10-29,2025-11-05,44.0,2025,P099,20.120253214034264,74.28296495117151,Nashik,normal,statewide,0.0,1,7,CHIRPS Daily v2.0,Maharashtra,CHIRPS Rainfall
2025-10-29,2025-11-05,44.0,2025,P100,20.389903972938242,73.99424261706194,Nashik,normal,statewide,0.0,1,7,CHIRPS Daily v2.0,Maharashtra,CHIRPS Rainfall
2025-10-29,2025-11-05,44.0,2025,P101,20.029015547379707,74.09216447619562,Nashik,normal,statewide,0.0,1,7,CHIRPS Daily v2.0,Maharashtra,CHIRPS Rainfall
2025-10-29,2025-11-05,44.0,2025,P102,17.85749130266526,76.36802722645965,Osmanabad,normal,statewide,21.79899024963379,1,7,CHIRPS Daily v2.0,Maharashtra,CHIRPS Rainfall
2025-10-29,2025-11-05,44.0,2025,P103,17.76644983645705,76.46164605307673,Osmanabad,normal,statewide,31.39981460571289,1,7,CHIRPS Daily v2.0,Maharashtra,CHIRPS Rainfall
2025-10-29,2025-11-05,44.0,2025,P104,17.949094615606196,76.17989775301476,Osmanabad,normal,statewide,19.566909790039062,1,7,CHIRPS Daily v2.0,Maharashtra,CHIRPS Rainfall
2025-10-29,2025-11-05,44.0,2025,P105,18.584360447185368,75.61558067829696,Osmanabad,normal,statewide,36.66422653198242,1,7,CHIRPS Daily v2.0,Maharashtra,CHIRPS Rainfall
2025-10-29,2025-11-05,44.0,2025,P106,19.031389786894366,76.47235681380711,Parbhani,normal,statewide,56.36913299560547,1,7,CHIRPS Daily v2.0,Maharashtra,CHIRPS Rainfall
2025-10-29,2025-11-05,44.0,2025,P107,19.120950831552832,76.56820519095093,Parbhani,normal,statewide,38.20986557006836,1,7,CHIRPS Daily v2.0,Maharashtra,CHIRPS Rainfall
2025-10-29,2025-11-05,44.0,2025,P108,19.208625676465683,76.85432786914635,Parbhani,normal,statewide,52.22335934638977,1,7,CHIRPS Daily v2.0,Maharashtra,CHIRPS Rainfall
2025-10-29,2025-11-05,44.0,2025,P109,19.212081479782103,76.47396209018636,Parbhani,normal,statewide,52.553489685058594,1,7,CHIRPS Daily v2.0,Maharashtra,CHIRPS Rainfall
2025-10-29,2025-11-05,44.0,2025,P110,18.133442771357757,75.04679558432363,Pune,normal,statewide,0.0,1,7,CHIRPS Daily v2.0,Maharashtra,CHIRPS Rainfall
2025-10-29,2025-11-05,44.0,2025,P111,18.584645829652782,74.47919215212944,Pune,normal,statewide,0.0,1,7,CHIRPS Daily v2.0,Maharashtra,CHIRPS Rainfall
2025-10-29,2025-11-05,44.0,2025,P112,18.132979024848197,74.57507620208169,Pune,normal,statewide,0.0,1,7,CHIRPS Daily v2.0,Maharashtra,CHIRPS Rainfall
2025-10-29,2025-11-05,44.0,2025,P113,18.314072036830744,74.76389683618987,Pune,normal,statewide,0.0,1,7,CHIRPS Daily v2.0,Maharashtra,CHIRPS Rainfall
2025-10-29,2025-11-05,44.0,2025,P114,18.48503397121986,73.0589238755964,Raigarh,normal,statewide,77.72560501098633,1,7,CHIRPS Daily v2.0,Maharashtra,CHIRPS Rainfall
2025-10-29,2025-11-05,44.0,2025,P115,18.665689991299164,73.05687714821288,Raigarh,normal,statewide,81.5439682006836,1,7,CHIRPS Daily v2.0,Maharashtra,CHIRPS Rainfall
2025-10-29,2025-11-05,44.0,2025,P116,18.306197264370358,73.25009891506079,Raigarh,normal,statewide,76.92233467102051,1,7,CHIRPS Daily v2.0,Maharashtra,CHIRPS Rainfall
2025-10-29,2025-11-05,44.0,2025,P117,18.21404102289879,73.06194714611064,Raigarh,normal,statewide,95.72025680541992,1,7,CHIRPS Daily v2.0,Maharashtra,CHIRPS Rainfall
2025-10-29,2025-11-05,44.0,2025,P118,17.138719885658215,75.42259970290594,Sangli,normal,statewide,0.0,1,7,CHIRPS Daily v2.0,Maharashtra,CHIRPS Rainfall
2025-10-29,2025-11-05,44.0,2025,P119,17.048761981005992,74.95348443567921,Sangli,normal,statewide,0.0,1,7,CHIRPS Daily v2.0,Maharashtra,CHIRPS Rainfall
2025-10-29,2025-11-05,44.0,2025,P120,16.86707144948229,74.39025538161847,Sangli,normal,statewide,0.0,1,7,CHIRPS Daily v2.0,Maharashtra,CHIRPS Rainfall
2025-10-29,2025-11-05,44.0,2025,P121,17.048503353144895,74.67157114887826,Sangli,normal,statewide,0.0,1,7,CHIRPS Daily v2.0,Maharashtra,CHIRPS Rainfall
2025-10-29,2025-11-05,44.0,2025,P148,17.67852974098626,76.08383979812143,Solapur,normal,statewide,0.0,1,7,CHIRPS Daily v2.0,Maharashtra,CHIRPS Rainfall
2025-10-29,2025-11-05,44.0,2025,P149,18.223365003201543,75.4251413905064,Solapur,normal,statewide,0.0,1,7,CHIRPS Daily v2.0,Maharashtra,CHIRPS Rainfall
2025-10-29,2025-11-05,44.0,2025,P150,17.952532582518405,75.23562067753285,Solapur,normal,statewide,0.0,1,7,CHIRPS Daily v2.0,Maharashtra,CHIRPS Rainfall
2025-10-29,2025-11-05,44.0,2025,P151,18.223690517578447,75.23598186471818,Solapur,normal,statewide,0.0,1,7,CHIRPS Daily v2.0,Maharashtra,CHIRPS Rainfall
2025-10-29,2025-11-05,44.0,2025,P152,19.658178867370932,72.94986318203122,Thane,normal,statewide,31.883514404296875,1,7,CHIRPS Daily v2.0,Maharashtra,CHIRPS Rainfall
2025-10-29,2025-11-05,44.0,2025,P153,19.65706409210757,72.8545320606096,Thane,normal,statewide,21.198848724365234,1,7,CHIRPS Daily v2.0,Maharashtra,CHIRPS Rainfall
2025-10-29,2025-11-05,44.0,2025,P154,19.477549601897948,72.95214624177059,Thane,normal,statewide,64.10066890716553,1,7,CHIRPS Daily v2.0,Maharashtra,CHIRPS Rainfall
2025-10-29,2025-11-05,44.0,2025,P155,19.83987385799569,73.0429959666335,Thane,normal,statewide,26.623794555664062,1,7,CHIRPS Daily v2.0,Maharashtra,CHIRPS Rainfall
2025-10-29,2025-11-05,44.0,2025,P156,20.806749657616468,78.60135461177485,Wardha,normal,statewide,41.87653732299805,1,7,CHIRPS Daily v2.0,Maharashtra,CHIRPS Rainfall
2025-10-29,2025-11-05,44.0,2025,P157,20.71031267913359,78.88671032458906,Wardha,normal,statewide,51.51273727416992,1,7,CHIRPS Daily v2.0,Maharashtra,CHIRPS Rainfall
2025-10-29,2025-11-05,44.0,2025,P158,21.081265295769754,78.41565980750515,Wardha,normal,statewide,0.0,1,7,CHIRPS Daily v2.0,Maharashtra,CHIRPS Rainfall
2025-10-29,2025-11-05,44.0,2025,P159,20.439854822938944,78.87986114537097,Wardha,normal,statewide,49.75715255737305,1,7,CHIRPS Daily v2.0,Maharashtra,CHIRPS Rainfall
2025-10-29,2025-11-05,44.0,2025,P160,20.289186257444058,77.15404188735265,Washim,normal,statewide,31.012746810913086,1,7,CHIRPS Daily v2.0,Maharashtra,CHIRPS Rainfall
2025-10-29,2025-11-05,44.0,2025,P161,20.464607292886615,77.53975858757677,Washim,normal,statewide,40.134822845458984,1,7,CHIRPS Daily v2.0,Maharashtra,CHIRPS Rainfall
2025-10-29,2025-11-05,44.0,2025,P162,20.107393166596125,77.2471479173486,Washim,normal,statewide,20.090391159057617,1,7,CHIRPS Daily v2.0,Maharashtra,CHIRPS Rainfall
2025-10-29,2025-11-05,44.0,2025,P163,20.198885002010726,77.1527933390577,Washim,normal,statewide,14.448315620422363,1,7,CHIRPS Daily v2.0,Maharashtra,CHIRPS Rainfall
2025-10-29,2025-11-05,44.0,2025,P164,20.182854533723592,78.20447678161395,Yavatmal,normal,statewide,53.22120904922485,1,7,CHIRPS Daily v2.0,Maharashtra,CHIRPS Rainfall
2025-10-29,2025-11-05,44.0,2025,P165,19.894658373538324,79.05709703494229,Yavatmal,normal,statewide,53.656208992004395,1,7,CHIRPS Daily v2.0,Maharashtra,CHIRPS Rainfall
2025-10-29,2025-11-05,44.0,2025,P166,19.468787468327925,77.71426550730338,Yavatmal,normal,statewide,44.869261741638184,1,7,CHIRPS Daily v2.0,Maharashtra,CHIRPS Rainfall
2025-10-29,2025-11-05,44.0,2025,P167,19.559057510053886,77.71577268345945,Yavatmal,normal,statewide,32.693060874938965,1,7,CHIRPS Daily v2.0,Maharashtra,CHIRPS Rainfall
2025-11-05,2025-11-12,45.0,2025,P147,17.927231643141155,73.94769852026607,Satara,case_study,case_study,0.0,1,7,CHIRPS Daily v2.0,Maharashtra,CHIRPS Rainfall
2025-11-05,2025-11-12,45.0,2025,P061,18.507855650411397,76.91766048140843,Latur,high,priority,0.0,1,7,CHIRPS Daily v2.0,Maharashtra,CHIRPS Rainfall
2025-11-05,2025-11-12,45.0,2025,P062,18.422405896924207,76.3487594508077,Latur,high,priority,0.0,1,7,CHIRPS Daily v2.0,Maharashtra,CHIRPS Rainfall
2025-11-05,2025-11-12,45.0,2025,P063,18.235391198742693,77.05646783810116,Latur,high,priority,0.0,1,7,CHIRPS Daily v2.0,Maharashtra,CHIRPS Rainfall
2025-11-05,2025-11-12,45.0,2025,P064,18.193056493341274,76.77240080549139,Latur,high,priority,0.0,1,7,CHIRPS Daily v2.0,Maharashtra,CHIRPS Rainfall
2025-11-05,2025-11-12,45.0,2025,P065,18.331355512513895,76.44266811899327,Latur,high,priority,0.0,1,7,CHIRPS Daily v2.0,Maharashtra,CHIRPS Rainfall
2025-11-05,2025-11-12,45.0,2025,P066,18.104739537876725,76.5352970251765,Latur,high,priority,0.0,1,7,CHIRPS Daily v2.0,Maharashtra,CHIRPS Rainfall
2025-11-05,2025-11-12,45.0,2025,P067,18.280552974211986,77.0569984711265,Latur,high,priority,0.0,1,7,CHIRPS Daily v2.0,Maharashtra,CHIRPS Rainfall
2025-11-05,2025-11-12,45.0,2025,P068,18.101823285787773,76.86595720469373,Latur,high,priority,0.0,1,7,CHIRPS Daily v2.0,Maharashtra,CHIRPS Rainfall
2025-11-05,2025-11-12,45.0,2025,P069,18.595075667016793,77.20284228928156,Latur,high,priority,0.0,1,7,CHIRPS Daily v2.0,Maharashtra,CHIRPS Rainfall
2025-11-05,2025-11-12,45.0,2025,P070,18.41499041187233,77.15322587185987,Latur,high,priority,0.0,1,7,CHIRPS Daily v2.0,Maharashtra,CHIRPS Rainfall
2025-11-05,2025-11-12,45.0,2025,P071,18.149138807065885,76.63019561379593,Latur,high,priority,0.0,1,7,CHIRPS Daily v2.0,Maharashtra,CHIRPS Rainfall
2025-11-05,2025-11-12,45.0,2025,P072,18.283393421583035,76.77331492120734,Latur,high,priority,0.0,1,7,CHIRPS Daily v2.0,Maharashtra,CHIRPS Rainfall
2025-11-05,2025-11-12,45.0,2025,P073,17.966315663874607,76.86453029235662,Latur,high,priority,0.0,1,7,CHIRPS Daily v2.0,Maharashtra,CHIRPS Rainfall
2025-11-05,2025-11-12,45.0,2025,P074,18.50832831512306,76.870318205524,Latur,high,priority,0.0,1,7,CHIRPS Daily v2.0,Maharashtra,CHIRPS Rainfall
2025-11-05,2025-11-12,45.0,2025,P075,18.41444640154381,77.20053247493588,Latur,high,priority,0.0,1,7,CHIRPS Daily v2.0,Maharashtra,CHIRPS Rainfall
2025-11-05,2025-11-12,45.0,2025,P076,18.377877313804504,76.25376722106614,Latur,high,priority,0.0,1,7,CHIRPS Daily v2.0,Maharashtra,CHIRPS Rainfall
2025-11-05,2025-11-12,45.0,2025,P077,18.059564385104267,76.5349046242838,Latur,high,priority,0.0,1,7,CHIRPS Daily v2.0,Maharashtra,CHIRPS Rainfall
2025-11-05,2025-11-12,45.0,2025,P078,18.1008824154655,76.96042326051098,Latur,high,priority,0.0,1,7,CHIRPS Daily v2.0,Maharashtra,CHIRPS Rainfall
2025-11-05,2025-11-12,45.0,2025,P079,18.73508698099394,76.77797468180819,Latur,high,priority,0.0,1,7,CHIRPS Daily v2.0,Maharashtra,CHIRPS Rainfall
2025-11-05,2025-11-12,45.0,2025,P080,18.46791548227568,76.3017694439065,Latur,high,priority,0.0,1,7,CHIRPS Daily v2.0,Maharashtra,CHIRPS Rainfall
2025-11-05,2025-11-12,45.0,2025,P081,18.10355787609756,76.67701617485712,Latur,high,priority,0.0,1,7,CHIRPS Daily v2.0,Maharashtra,CHIRPS Rainfall
2025-11-05,2025-11-12,45.0,2025,P082,18.23907887531389,76.67830931416262,Latur,high,priority,0.0,1,7,CHIRPS Daily v2.0,Maharashtra,CHIRPS Rainfall
2025-11-05,2025-11-12,45.0,2025,P083,18.369289085175563,77.19996171000103,Latur,high,priority,0.0,1,7,CHIRPS Daily v2.0,Maharashtra,CHIRPS Rainfall
2025-11-05,2025-11-12,45.0,2025,P084,18.46362582706226,76.82249880582684,Latur,high,priority,0.0,1,7,CHIRPS Daily v2.0,Maharashtra,CHIRPS Rainfall
2025-11-05,2025-11-12,45.0,2025,P085,18.14788579966987,76.77194597718393,Latur,high,priority,0.0,1,7,CHIRPS Daily v2.0,Maharashtra,CHIRPS Rainfall
2025-11-05,2025-11-12,45.0,2025,P122,17.88145897082753,73.8441448165019,Satara,high,priority,0.0,1,7,CHIRPS Daily v2.0,Maharashtra,CHIRPS Rainfall
2025-11-05,2025-11-12,45.0,2025,P123,17.386414030975025,74.27088970551878,Satara,high,priority,0.0,1,7,CHIRPS Daily v2.0,Maharashtra,CHIRPS Rainfall
2025-11-05,2025-11-12,45.0,2025,P124,17.43262815429294,74.647353771057,Satara,high,priority,0.0,1,7,CHIRPS Daily v2.0,Maharashtra,CHIRPS Rainfall
2025-11-05,2025-11-12,45.0,2025,P125,17.56734651531964,74.31728219287884,Satara,high,priority,0.0,1,7,CHIRPS Daily v2.0,Maharashtra,CHIRPS Rainfall
2025-11-05,2025-11-12,45.0,2025,P126,17.205080227535593,74.13053949986157,Satara,high,priority,0.0,1,7,CHIRPS Daily v2.0,Maharashtra,CHIRPS Rainfall
2025-11-05,2025-11-12,45.0,2025,P127,17.65773249367299,74.31694330119876,Satara,high,priority,0.0,1,7,CHIRPS Daily v2.0,Maharashtra,CHIRPS Rainfall
2025-11-05,2025-11-12,45.0,2025,P128,18.019949731345452,74.5517328080669,Satara,high,priority,0.0,1,7,CHIRPS Daily v2.0,Maharashtra,CHIRPS Rainfall
2025-11-05,2025-11-12,45.0,2025,P129,18.063234225271252,74.03192648006461,Satara,high,priority,0.0,1,7,CHIRPS Daily v2.0,Maharashtra,CHIRPS Rainfall
2025-11-05,2025-11-12,45.0,2025,P130,17.61135784271715,74.03436560834085,Satara,high,priority,0.0,1,7,CHIRPS Daily v2.0,Maharashtra,CHIRPS Rainfall
2025-11-05,2025-11-12,45.0,2025,P131,17.612539504496315,74.3171127470388,Satara,high,priority,0.0,1,7,CHIRPS Daily v2.0,Maharashtra,CHIRPS Rainfall
2025-11-05,2025-11-12,45.0,2025,P132,17.702176353872684,74.12817617630324,Satara,high,priority,0.0,1,7,CHIRPS Daily v2.0,Maharashtra,CHIRPS Rainfall
2025-11-05,2025-11-12,45.0,2025,P133,17.25006363896275,74.08329532420031,Satara,high,priority,0.0,1,7,CHIRPS Daily v2.0,Maharashtra,CHIRPS Rainfall
2025-11-05,2025-11-12,45.0,2025,P134,17.476429903940936,74.17634784498362,Satara,high,priority,0.0,1,7,CHIRPS Daily v2.0,Maharashtra,CHIRPS Rainfall
2025-11-05,2025-11-12,45.0,2025,P135,17.882716437324603,74.0801070669471,Satara,high,priority,0.0,1,7,CHIRPS Daily v2.0,Maharashtra,CHIRPS Rainfall
2025-11-05,2025-11-12,45.0,2025,P136,17.928520323345598,74.22149178404871,Satara,high,priority,0.0,1,7,CHIRPS Daily v2.0,Maharashtra,CHIRPS Rainfall
2025-11-05,2025-11-12,45.0,2025,P137,17.746687100588183,73.98648378122894,Satara,high,priority,0.0,1,7,CHIRPS Daily v2.0,Maharashtra,CHIRPS Rainfall
2025-11-05,2025-11-12,45.0,2025,P138,17.61269557303319,74.36423652697161,Satara,high,priority,0.0,1,7,CHIRPS Daily v2.0,Maharashtra,CHIRPS Rainfall
2025-11-05,2025-11-12,45.0,2025,P139,17.656773786946495,74.08126197411994,Satara,high,priority,0.0,1,7,CHIRPS Daily v2.0,Maharashtra,CHIRPS Rainfall
2025-11-05,2025-11-12,45.0,2025,P140,17.97464080554139,74.50462240543725,Satara,high,priority,0.0,1,7,CHIRPS Daily v2.0,Maharashtra,CHIRPS Rainfall
2025-11-05,2025-11-12,45.0,2025,P141,17.430826677467348,74.08239904488856,Satara,high,priority,0.0,1,7,CHIRPS Daily v2.0,Maharashtra,CHIRPS Rainfall
2025-11-05,2025-11-12,45.0,2025,P142,18.064447100757786,74.31538707493111,Satara,high,priority,0.0,1,7,CHIRPS Daily v2.0,Maharashtra,CHIRPS Rainfall
2025-11-05,2025-11-12,45.0,2025,P143,17.70379500755509,74.6468275971327,Satara,high,priority,0.0,1,7,CHIRPS Daily v2.0,Maharashtra,CHIRPS Rainfall
2025-11-05,2025-11-12,45.0,2025,P144,17.929452275465767,74.50474726026674,Satara,high,priority,0.0,1,7,CHIRPS Daily v2.0,Maharashtra,CHIRPS Rainfall
2025-11-05,2025-11-12,45.0,2025,P145,17.47773196144854,74.60017202281048,Satara,high,priority,0.0,1,7,CHIRPS Daily v2.0,Maharashtra,CHIRPS Rainfall
2025-11-05,2025-11-12,45.0,2025,P146,17.839182233739812,74.55218763637436,Satara,high,priority,0.0,1,7,CHIRPS Daily v2.0,Maharashtra,CHIRPS Rainfall
2025-11-05,2025-11-12,45.0,2025,P001,19.940457800458272,74.57045211428928,Ahmednagar,normal,statewide,0.0,1,7,CHIRPS Daily v2.0,Maharashtra,CHIRPS Rainfall
2025-11-05,2025-11-12,45.0,2025,P002,18.946729294293643,74.76302285238339,Ahmednagar,normal,statewide,0.0,1,7,CHIRPS Daily v2.0,Maharashtra,CHIRPS Rainfall
2025-11-05,2025-11-12,45.0,2025,P003,18.49469238410162,74.66892244285252,Ahmednagar,normal,statewide,0.0,1,7,CHIRPS Daily v2.0,Maharashtra,CHIRPS Rainfall
2025-11-05,2025-11-12,45.0,2025,P004,19.03720445466806,75.1420731965326,Ahmednagar,normal,statewide,0.0,1,7,CHIRPS Daily v2.0,Maharashtra,CHIRPS Rainfall
2025-11-05,2025-11-12,45.0,2025,P005,20.832153156317954,77.06560453615967,Akola,normal,statewide,0.0,1,7,CHIRPS Daily v2.0,Maharashtra,CHIRPS Rainfall
2025-11-05,2025-11-12,45.0,2025,P006,20.834360411339407,76.87349308547405,Akola,normal,statewide,0.0,1,7,CHIRPS Daily v2.0,Maharashtra,CHIRPS Rainfall
2025-11-05,2025-11-12,45.0,2025,P007,21.014976299509232,76.87574047240498,Akola,normal,statewide,0.0,1,7,CHIRPS Daily v2.0,Maharashtra,CHIRPS Rainfall
2025-11-05,2025-11-12,45.0,2025,P008,20.828434266039377,77.35372489162701,Akola,normal,statewide,0.0,1,7,CHIRPS Daily v2.0,Maharashtra,CHIRPS Rainfall
2025-11-05,2025-11-12,45.0,2025,P009,21.360971327549258,77.94039543992572,Amravati,normal,statewide,0.0,1,7,CHIRPS Daily v2.0,Maharashtra,CHIRPS Rainfall
2025-11-05,2025-11-12,45.0,2025,P010,21.178803672212837,78.03301542790685,Amravati,normal,statewide,0.0,1,7,CHIRPS Daily v2.0,Maharashtra,CHIRPS Rainfall
2025-11-05,2025-11-12,45.0,2025,P011,20.814388097721018,78.21764450702477,Amravati,normal,statewide,0.0,1,7,CHIRPS Daily v2.0,Maharashtra,CHIRPS Rainfall
2025-11-05,2025-11-12,45.0,2025,P012,21.180502589714195,77.93681032267875,Amravati,normal,statewide,0.0,1,7,CHIRPS Daily v2.0,Maharashtra,CHIRPS Rainfall
2025-11-05,2025-11-12,45.0,2025,P013,20.031289688916964,74.8570519162974,Aurangabad,normal,statewide,0.0,1,7,CHIRPS Daily v2.0,Maharashtra,CHIRPS Rainfall
2025-11-05,2025-11-12,45.0,2025,P014,19.760185263069562,75.14270192978114,Aurangabad,normal,statewide,0.0,1,7,CHIRPS Daily v2.0,Maharashtra,CHIRPS Rainfall
2025-11-05,2025-11-12,45.0,2025,P015,19.9408189876436,74.76157364454102,Aurangabad,normal,statewide,0.0,1,7,CHIRPS Daily v2.0,Maharashtra,CHIRPS Rainfall
2025-11-05,2025-11-12,45.0,2025,P016,19.66981712112043,75.14262166596218,Aurangabad,normal,statewide,0.0,1,7,CHIRPS Daily v2.0,Maharashtra,CHIRPS Rainfall
2025-11-05,2025-11-12,45.0,2025,P017,21.04613203856966,79.85576216552393,Bhandara,normal,statewide,0.0,1,7,CHIRPS Daily v2.0,Maharashtra,CHIRPS Rainfall
2025-11-05,2025-11-12,45.0,2025,P018,21.31897105472685,79.76852877161537,Bhandara,normal,statewide,0.0,1,7,CHIRPS Daily v2.0,Maharashtra,CHIRPS Rainfall
2025-11-05,2025-11-12,45.0,2025,P019,21.40900922319803,79.77144948280537,Bhandara,normal,statewide,0.0,1,7,CHIRPS Daily v2.0,Maharashtra,CHIRPS Rainfall
2025-11-05,2025-11-12,45.0,2025,P020,21.144196588937042,79.57074980349083,Bhandara,normal,statewide,0.0,1,7,CHIRPS Daily v2.0,Maharashtra,CHIRPS Rainfall
2025-11-05,2025-11-12,45.0,2025,P021,18.67502288980403,75.52108340877234,Bid,normal,statewide,0.0,1,7,CHIRPS Daily v2.0,Maharashtra,CHIRPS Rainfall
2025-11-05,2025-11-12,45.0,2025,P022,18.856499384477168,75.04699178476999,Bid,normal,statewide,0.0,1,7,CHIRPS Daily v2.0,Maharashtra,CHIRPS Rainfall
2025-11-05,2025-11-12,45.0,2025,P023,19.126596053486494,75.6175605191647,Bid,normal,statewide,0.0,1,7,CHIRPS Daily v2.0,Maharashtra,CHIRPS Rainfall
2025-11-05,2025-11-12,45.0,2025,P024,18.763955201213946,75.90084720909012,Bid,normal,statewide,0.0,1,7,CHIRPS Daily v2.0,Maharashtra,CHIRPS Rainfall
2025-11-05,2025-11-12,45.0,2025,P025,20.93073496240753,76.20164478885242,Buldana,normal,statewide,0.0,1,7,CHIRPS Daily v2.0,Maharashtra,CHIRPS Rainfall
2025-11-05,2025-11-12,45.0,2025,P026,20.838939908121294,76.39311412898633,Buldana,normal,statewide,0.0,1,7,CHIRPS Daily v2.0,Maharashtra,CHIRPS Rainfall
2025-11-05,2025-11-12,45.0,2025,P027,20.657476790751314,76.48742857536776,Buldana,normal,statewide,0.0,1,7,CHIRPS Daily v2.0,Maharashtra,CHIRPS Rainfall
2025-11-05,2025-11-12,45.0,2025,P028,20.47967013624516,76.10222021266374,Buldana,normal,statewide,0.0,1,7,CHIRPS Daily v2.0,Maharashtra,CHIRPS Rainfall
2025-11-05,2025-11-12,45.0,2025,P029,20.32317798477448,79.92829390325927,Chandrapur,normal,statewide,0.0,1,7,CHIRPS Daily v2.0,Maharashtra,CHIRPS Rainfall
2025-11-05,2025-11-12,45.0,2025,P030,20.60872097983294,79.36304041732026,Chandrapur,normal,statewide,0.0,1,7,CHIRPS Daily v2.0,Maharashtra,CHIRPS Rainfall
2025-11-05,2025-11-12,45.0,2025,P031,20.511160307884595,79.64732594588165,Chandrapur,normal,statewide,0.0,1,7,CHIRPS Daily v2.0,Maharashtra,CHIRPS Rainfall
2025-11-05,2025-11-12,45.0,2025,P032,20.598621115946884,79.74569817422172,Chandrapur,normal,statewide,0.0,1,7,CHIRPS Daily v2.0,Maharashtra,CHIRPS Rainfall
2025-11-05,2025-11-12,45.0,2025,P033,21.38667804512237,75.14422248324037,Dhule,normal,statewide,0.0,1,7,CHIRPS Daily v2.0,Maharashtra,CHIRPS Rainfall
2025-11-05,2025-11-12,45.0,2025,P034,21.025151968113196,74.75989256344387,Dhule,normal,statewide,0.0,1,7,CHIRPS Daily v2.0,Maharashtra,CHIRPS Rainfall
2025-11-05,2025-11-12,45.0,2025,P035,21.477028350667293,74.85568743137505,Dhule,normal,statewide,0.0,1,7,CHIRPS Daily v2.0,Maharashtra,CHIRPS Rainfall
2025-11-05,2025-11-12,45.0,2025,P036,20.933820660336515,74.37533522949364,Dhule,normal,statewide,0.0,1,7,CHIRPS Daily v2.0,Maharashtra,CHIRPS Rainfall
2025-11-05,2025-11-12,45.0,2025,P037,19.963056524597132,79.91698116388667,Garhchiroli,normal,statewide,0.0,1,7,CHIRPS Daily v2.0,Maharashtra,CHIRPS Rainfall
2025-11-05,2025-11-12,45.0,2025,P038,19.062661462582188,79.88977172925856,Garhchiroli,normal,statewide,0.0,1,7,CHIRPS Daily v2.0,Maharashtra,CHIRPS Rainfall
2025-11-05,2025-11-12,45.0,2025,P039,19.510270485428137,79.9981368030594,Garhchiroli,normal,statewide,0.0,1,7,CHIRPS Daily v2.0,Maharashtra,CHIRPS Rainfall
2025-11-05,2025-11-12,45.0,2025,P040,19.870365190999156,80.00935144220881,Garhchiroli,normal,statewide,0.0,1,7,CHIRPS Daily v2.0,Maharashtra,CHIRPS Rainfall
2025-11-05,2025-11-12,45.0,2025,P041,21.127639946725598,80.1465044724107,Gondiya,normal,statewide,0.0,1,7,CHIRPS Daily v2.0,Maharashtra,CHIRPS Rainfall
2025-11-05,2025-11-12,45.0,2025,P042,21.397598383602258,80.15591763473452,Gondiya,normal,statewide,0.0,1,7,CHIRPS Daily v2.0,Maharashtra,CHIRPS Rainfall
2025-11-05,2025-11-12,45.0,2025,P043,21.574548890706154,80.25847249986273,Gondiya,normal,statewide,0.0,1,7,CHIRPS Daily v2.0,Maharashtra,CHIRPS Rainfall
2025-11-05,2025-11-12,45.0,2025,P044,21.211649410572516,80.34153217518526,Gondiya,normal,statewide,0.0,1,7,CHIRPS Daily v2.0,Maharashtra,CHIRPS Rainfall
2025-11-05,2025-11-12,45.0,2025,P045,19.655900266732623,77.2407892392464,Hingoli,normal,statewide,0.0,1,7,CHIRPS Daily v2.0,Maharashtra,CHIRPS Rainfall
2025-11-05,2025-11-12,45.0,2025,P046,19.566758377573187,77.1442675378435,Hingoli,normal,statewide,0.0,1,7,CHIRPS Daily v2.0,Maharashtra,CHIRPS Rainfall
2025-11-05,2025-11-12,45.0,2025,P047,19.47860194974656,76.9526242927685,Hingoli,normal,statewide,1.9317773580551147,1,7,CHIRPS Daily v2.0,Maharashtra,CHIRPS Rainfall
2025-11-05,2025-11-12,45.0,2025,P048,19.927981235710728,77.14910120338544,Hingoli,normal,statewide,0.0,1,7,CHIRPS Daily v2.0,Maharashtra,CHIRPS Rainfall
2025-11-05,2025-11-12,45.0,2025,P049,21.292738163229433,76.10816865346904,Jalgaon,normal,statewide,0.0,1,7,CHIRPS Daily v2.0,Maharashtra,CHIRPS Rainfall
2025-11-05,2025-11-12,45.0,2025,P050,21.386178625804387,75.43363151891216,Jalgaon,normal,statewide,0.0,1,7,CHIRPS Daily v2.0,Maharashtra,CHIRPS Rainfall
2025-11-05,2025-11-12,45.0,2025,P051,21.112064306745907,76.10682200495089,Jalgaon,normal,statewide,0.0,1,7,CHIRPS Daily v2.0,Maharashtra,CHIRPS Rainfall
2025-11-05,2025-11-12,45.0,2025,P052,20.844437979720194,75.23982115072519,Jalgaon,normal,statewide,0.0,1,7,CHIRPS Daily v2.0,Maharashtra,CHIRPS Rainfall
2025-11-05,2025-11-12,45.0,2025,P053,19.486369703781666,76.00005328932718,Jalna,normal,statewide,0.0,1,7,CHIRPS Daily v2.0,Maharashtra,CHIRPS Rainfall
2025-11-05,2025-11-12,45.0,2025,P054,20.028502750758555,76.00343774702675,Jalna,normal,statewide,0.0,1,7,CHIRPS Daily v2.0,Maharashtra,CHIRPS Rainfall
2025-11-05,2025-11-12,45.0,2025,P055,19.75743845682064,76.00172991132328,Jalna,normal,statewide,0.0,1,7,CHIRPS Daily v2.0,Maharashtra,CHIRPS Rainfall
2025-11-05,2025-11-12,45.0,2025,P056,19.57768317515413,75.80993951591351,Jalna,normal,statewide,0.0,1,7,CHIRPS Daily v2.0,Maharashtra,CHIRPS Rainfall
2025-11-05,2025-11-12,45.0,2025,P057,16.776377793156257,74.29671235971928,Kolhapur,normal,statewide,0.0,1,7,CHIRPS Daily v2.0,Maharashtra,CHIRPS Rainfall
2025-11-05,2025-11-12,45.0,2025,P058,16.324416687682138,74.29834884980589,Kolhapur,normal,statewide,0.0,1,7,CHIRPS Daily v2.0,Maharashtra,CHIRPS Rainfall
2025-11-05,2025-11-12,45.0,2025,P059,16.595891218916975,74.39111598812178,Kolhapur,normal,statewide,0.0,1,7,CHIRPS Daily v2.0,Maharashtra,CHIRPS Rainfall
2025-11-05,2025-11-12,45.0,2025,P060,16.414811584237594,74.29802779453004,Kolhapur,normal,statewide,0.0,1,7,CHIRPS Daily v2.0,Maharashtra,CHIRPS Rainfall
2025-11-05,2025-11-12,45.0,2025,P086,21.054127206758487,79.56798961993874,Nagpur,normal,statewide,0.0,1,7,CHIRPS Daily v2.0,Maharashtra,CHIRPS Rainfall
2025-11-05,2025-11-12,45.0,2025,P087,21.146765031143822,79.47473643960802,Nagpur,normal,statewide,0.0,1,7,CHIRPS Daily v2.0,Maharashtra,CHIRPS Rainfall
2025-11-05,2025-11-12,45.0,2025,P088,21.347803602138427,78.61442869606356,Nagpur,normal,statewide,0.0,1,7,CHIRPS Daily v2.0,Maharashtra,CHIRPS Rainfall
2025-11-05,2025-11-12,45.0,2025,P089,21.165377318940912,78.70615240473293,Nagpur,normal,statewide,0.0,1,7,CHIRPS Daily v2.0,Maharashtra,CHIRPS Rainfall
2025-11-05,2025-11-12,45.0,2025,P090,19.201968238592887,77.42470040309472,Nanded,normal,statewide,0.0,1,7,CHIRPS Daily v2.0,Maharashtra,CHIRPS Rainfall
2025-11-05,2025-11-12,45.0,2025,P091,18.566038000956755,77.69963965584807,Nanded,normal,statewide,5.634110450744629,1,7,CHIRPS Daily v2.0,Maharashtra,CHIRPS Rainfall
2025-11-05,2025-11-12,45.0,2025,P092,19.736596618496833,77.90946265591798,Nanded,normal,statewide,0.0,1,7,CHIRPS Daily v2.0,Maharashtra,CHIRPS Rainfall
2025-11-05,2025-11-12,45.0,2025,P093,18.93564842817583,77.04115528508362,Nanded,normal,statewide,0.0,1,7,CHIRPS Daily v2.0,Maharashtra,CHIRPS Rainfall
2025-11-05,2025-11-12,45.0,2025,P094,21.564917232430716,74.08292967791392,Nandurbar,normal,statewide,0.0,1,7,CHIRPS Daily v2.0,Maharashtra,CHIRPS Rainfall
2025-11-05,2025-11-12,45.0,2025,P095,21.5662594218478,74.37266422796263,Nandurbar,normal,statewide,0.0,1,7,CHIRPS Daily v2.0,Maharashtra,CHIRPS Rainfall
2025-11-05,2025-11-12,45.0,2025,P096,21.385179787168415,74.27697637845674,Nandurbar,normal,statewide,0.0,1,7,CHIRPS Daily v2.0,Maharashtra,CHIRPS Rainfall
2025-11-05,2025-11-12,45.0,2025,P097,21.565421110849755,74.17950488852946,Nandurbar,normal,statewide,0.0,1,7,CHIRPS Daily v2.0,Maharashtra,CHIRPS Rainfall
2025-11-05,2025-11-12,45.0,2025,P098,20.299553667393326,73.99482675929994,Nashik,normal,statewide,0.0,1,7,CHIRPS Daily v2.0,Maharashtra,CHIRPS Rainfall
2025-11-05,2025-11-12,45.0,2025,P099,20.120253214034264,74.28296495117151,Nashik,normal,statewide,0.0,1,7,CHIRPS Daily v2.0,Maharashtra,CHIRPS Rainfall
2025-11-05,2025-11-12,45.0,2025,P100,20.389903972938242,73.99424261706194,Nashik,normal,statewide,0.0,1,7,CHIRPS Daily v2.0,Maharashtra,CHIRPS Rainfall
2025-11-05,2025-11-12,45.0,2025,P101,20.029015547379707,74.09216447619562,Nashik,normal,statewide,0.0,1,7,CHIRPS Daily v2.0,Maharashtra,CHIRPS Rainfall
2025-11-05,2025-11-12,45.0,2025,P102,17.85749130266526,76.36802722645965,Osmanabad,normal,statewide,0.0,1,7,CHIRPS Daily v2.0,Maharashtra,CHIRPS Rainfall
2025-11-05,2025-11-12,45.0,2025,P103,17.76644983645705,76.46164605307673,Osmanabad,normal,statewide,0.0,1,7,CHIRPS Daily v2.0,Maharashtra,CHIRPS Rainfall
2025-11-05,2025-11-12,45.0,2025,P104,17.949094615606196,76.17989775301476,Osmanabad,normal,statewide,0.0,1,7,CHIRPS Daily v2.0,Maharashtra,CHIRPS Rainfall
2025-11-05,2025-11-12,45.0,2025,P105,18.584360447185368,75.61558067829696,Osmanabad,normal,statewide,0.0,1,7,CHIRPS Daily v2.0,Maharashtra,CHIRPS Rainfall
2025-11-05,2025-11-12,45.0,2025,P106,19.031389786894366,76.47235681380711,Parbhani,normal,statewide,0.0,1,7,CHIRPS Daily v2.0,Maharashtra,CHIRPS Rainfall
2025-11-05,2025-11-12,45.0,2025,P107,19.120950831552832,76.56820519095093,Parbhani,normal,statewide,0.0,1,7,CHIRPS Daily v2.0,Maharashtra,CHIRPS Rainfall
2025-11-05,2025-11-12,45.0,2025,P108,19.208625676465683,76.85432786914635,Parbhani,normal,statewide,0.0,1,7,CHIRPS Daily v2.0,Maharashtra,CHIRPS Rainfall
2025-11-05,2025-11-12,45.0,2025,P109,19.212081479782103,76.47396209018636,Parbhani,normal,statewide,0.0,1,7,CHIRPS Daily v2.0,Maharashtra,CHIRPS Rainfall
2025-11-05,2025-11-12,45.0,2025,P110,18.133442771357757,75.04679558432363,Pune,normal,statewide,0.0,1,7,CHIRPS Daily v2.0,Maharashtra,CHIRPS Rainfall
2025-11-05,2025-11-12,45.0,2025,P111,18.584645829652782,74.47919215212944,Pune,normal,statewide,0.0,1,7,CHIRPS Daily v2.0,Maharashtra,CHIRPS Rainfall
2025-11-05,2025-11-12,45.0,2025,P112,18.132979024848197,74.57507620208169,Pune,normal,statewide,0.0,1,7,CHIRPS Daily v2.0,Maharashtra,CHIRPS Rainfall
2025-11-05,2025-11-12,45.0,2025,P113,18.314072036830744,74.76389683618987,Pune,normal,statewide,0.0,1,7,CHIRPS Daily v2.0,Maharashtra,CHIRPS Rainfall
2025-11-05,2025-11-12,45.0,2025,P114,18.48503397121986,73.0589238755964,Raigarh,normal,statewide,0.0,1,7,CHIRPS Daily v2.0,Maharashtra,CHIRPS Rainfall
2025-11-05,2025-11-12,45.0,2025,P115,18.665689991299164,73.05687714821288,Raigarh,normal,statewide,0.0,1,7,CHIRPS Daily v2.0,Maharashtra,CHIRPS Rainfall
2025-11-05,2025-11-12,45.0,2025,P116,18.306197264370358,73.25009891506079,Raigarh,normal,statewide,0.0,1,7,CHIRPS Daily v2.0,Maharashtra,CHIRPS Rainfall
2025-11-05,2025-11-12,45.0,2025,P117,18.21404102289879,73.06194714611064,Raigarh,normal,statewide,0.0,1,7,CHIRPS Daily v2.0,Maharashtra,CHIRPS Rainfall
2025-11-05,2025-11-12,45.0,2025,P118,17.138719885658215,75.42259970290594,Sangli,normal,statewide,0.0,1,7,CHIRPS Daily v2.0,Maharashtra,CHIRPS Rainfall
2025-11-05,2025-11-12,45.0,2025,P119,17.048761981005992,74.95348443567921,Sangli,normal,statewide,0.0,1,7,CHIRPS Daily v2.0,Maharashtra,CHIRPS Rainfall
2025-11-05,2025-11-12,45.0,2025,P120,16.86707144948229,74.39025538161847,Sangli,normal,statewide,0.0,1,7,CHIRPS Daily v2.0,Maharashtra,CHIRPS Rainfall
2025-11-05,2025-11-12,45.0,2025,P121,17.048503353144895,74.67157114887826,Sangli,normal,statewide,0.0,1,7,CHIRPS Daily v2.0,Maharashtra,CHIRPS Rainfall
2025-11-05,2025-11-12,45.0,2025,P148,17.67852974098626,76.08383979812143,Solapur,normal,statewide,0.0,1,7,CHIRPS Daily v2.0,Maharashtra,CHIRPS Rainfall
2025-11-05,2025-11-12,45.0,2025,P149,18.223365003201543,75.4251413905064,Solapur,normal,statewide,0.0,1,7,CHIRPS Daily v2.0,Maharashtra,CHIRPS Rainfall
2025-11-05,2025-11-12,45.0,2025,P150,17.952532582518405,75.23562067753285,Solapur,normal,statewide,0.0,1,7,CHIRPS Daily v2.0,Maharashtra,CHIRPS Rainfall
2025-11-05,2025-11-12,45.0,2025,P151,18.223690517578447,75.23598186471818,Solapur,normal,statewide,0.0,1,7,CHIRPS Daily v2.0,Maharashtra,CHIRPS Rainfall
2025-11-05,2025-11-12,45.0,2025,P152,19.658178867370932,72.94986318203122,Thane,normal,statewide,0.0,1,7,CHIRPS Daily v2.0,Maharashtra,CHIRPS Rainfall
2025-11-05,2025-11-12,45.0,2025,P153,19.65706409210757,72.8545320606096,Thane,normal,statewide,0.0,1,7,CHIRPS Daily v2.0,Maharashtra,CHIRPS Rainfall
2025-11-05,2025-11-12,45.0,2025,P154,19.477549601897948,72.95214624177059,Thane,normal,statewide,4.5073771476745605,1,7,CHIRPS Daily v2.0,Maharashtra,CHIRPS Rainfall
2025-11-05,2025-11-12,45.0,2025,P155,19.83987385799569,73.0429959666335,Thane,normal,statewide,0.0,1,7,CHIRPS Daily v2.0,Maharashtra,CHIRPS Rainfall
2025-11-05,2025-11-12,45.0,2025,P156,20.806749657616468,78.60135461177485,Wardha,normal,statewide,0.0,1,7,CHIRPS Daily v2.0,Maharashtra,CHIRPS Rainfall
2025-11-05,2025-11-12,45.0,2025,P157,20.71031267913359,78.88671032458906,Wardha,normal,statewide,0.0,1,7,CHIRPS Daily v2.0,Maharashtra,CHIRPS Rainfall
2025-11-05,2025-11-12,45.0,2025,P158,21.081265295769754,78.41565980750515,Wardha,normal,statewide,0.0,1,7,CHIRPS Daily v2.0,Maharashtra,CHIRPS Rainfall
2025-11-05,2025-11-12,45.0,2025,P159,20.439854822938944,78.87986114537097,Wardha,normal,statewide,0.0,1,7,CHIRPS Daily v2.0,Maharashtra,CHIRPS Rainfall
2025-11-05,2025-11-12,45.0,2025,P160,20.289186257444058,77.15404188735265,Washim,normal,statewide,0.0,1,7,CHIRPS Daily v2.0,Maharashtra,CHIRPS Rainfall
2025-11-05,2025-11-12,45.0,2025,P161,20.464607292886615,77.53975858757677,Washim,normal,statewide,0.0,1,7,CHIRPS Daily v2.0,Maharashtra,CHIRPS Rainfall
2025-11-05,2025-11-12,45.0,2025,P162,20.107393166596125,77.2471479173486,Washim,normal,statewide,0.0,1,7,CHIRPS Daily v2.0,Maharashtra,CHIRPS Rainfall
2025-11-05,2025-11-12,45.0,2025,P163,20.198885002010726,77.1527933390577,Washim,normal,statewide,0.0,1,7,CHIRPS Daily v2.0,Maharashtra,CHIRPS Rainfall
2025-11-05,2025-11-12,45.0,2025,P164,20.182854533723592,78.20447678161395,Yavatmal,normal,statewide,0.0,1,7,CHIRPS Daily v2.0,Maharashtra,CHIRPS Rainfall
2025-11-05,2025-11-12,45.0,2025,P165,19.894658373538324,79.05709703494229,Yavatmal,normal,statewide,0.0,1,7,CHIRPS Daily v2.0,Maharashtra,CHIRPS Rainfall
2025-11-05,2025-11-12,45.0,2025,P166,19.468787468327925,77.71426550730338,Yavatmal,normal,statewide,0.0,1,7,CHIRPS Daily v2.0,Maharashtra,CHIRPS Rainfall
2025-11-05,2025-11-12,45.0,2025,P167,19.559057510053886,77.71577268345945,Yavatmal,normal,statewide,0.0,1,7,CHIRPS Daily v2.0,Maharashtra,CHIRPS Rainfall
2025-11-12,2025-11-19,46.0,2025,P147,17.927231643141155,73.94769852026607,Satara,case_study,case_study,0.0,1,7,CHIRPS Daily v2.0,Maharashtra,CHIRPS Rainfall
2025-11-12,2025-11-19,46.0,2025,P061,18.507855650411397,76.91766048140843,Latur,high,priority,0.0,1,7,CHIRPS Daily v2.0,Maharashtra,CHIRPS Rainfall
2025-11-12,2025-11-19,46.0,2025,P062,18.422405896924207,76.3487594508077,Latur,high,priority,0.0,1,7,CHIRPS Daily v2.0,Maharashtra,CHIRPS Rainfall
2025-11-12,2025-11-19,46.0,2025,P063,18.235391198742693,77.05646783810116,Latur,high,priority,0.0,1,7,CHIRPS Daily v2.0,Maharashtra,CHIRPS Rainfall
2025-11-12,2025-11-19,46.0,2025,P064,18.193056493341274,76.77240080549139,Latur,high,priority,0.0,1,7,CHIRPS Daily v2.0,Maharashtra,CHIRPS Rainfall
2025-11-12,2025-11-19,46.0,2025,P065,18.331355512513895,76.44266811899327,Latur,high,priority,0.0,1,7,CHIRPS Daily v2.0,Maharashtra,CHIRPS Rainfall
2025-11-12,2025-11-19,46.0,2025,P066,18.104739537876725,76.5352970251765,Latur,high,priority,0.0,1,7,CHIRPS Daily v2.0,Maharashtra,CHIRPS Rainfall
2025-11-12,2025-11-19,46.0,2025,P067,18.280552974211986,77.0569984711265,Latur,high,priority,0.0,1,7,CHIRPS Daily v2.0,Maharashtra,CHIRPS Rainfall
2025-11-12,2025-11-19,46.0,2025,P068,18.101823285787773,76.86595720469373,Latur,high,priority,0.0,1,7,CHIRPS Daily v2.0,Maharashtra,CHIRPS Rainfall
2025-11-12,2025-11-19,46.0,2025,P069,18.595075667016793,77.20284228928156,Latur,high,priority,0.0,1,7,CHIRPS Daily v2.0,Maharashtra,CHIRPS Rainfall
2025-11-12,2025-11-19,46.0,2025,P070,18.41499041187233,77.15322587185987,Latur,high,priority,0.0,1,7,CHIRPS Daily v2.0,Maharashtra,CHIRPS Rainfall
2025-11-12,2025-11-19,46.0,2025,P071,18.149138807065885,76.63019561379593,Latur,high,priority,0.0,1,7,CHIRPS Daily v2.0,Maharashtra,CHIRPS Rainfall
2025-11-12,2025-11-19,46.0,2025,P072,18.283393421583035,76.77331492120734,Latur,high,priority,0.0,1,7,CHIRPS Daily v2.0,Maharashtra,CHIRPS Rainfall
2025-11-12,2025-11-19,46.0,2025,P073,17.966315663874607,76.86453029235662,Latur,high,priority,0.0,1,7,CHIRPS Daily v2.0,Maharashtra,CHIRPS Rainfall
2025-11-12,2025-11-19,46.0,2025,P074,18.50832831512306,76.870318205524,Latur,high,priority,0.0,1,7,CHIRPS Daily v2.0,Maharashtra,CHIRPS Rainfall
2025-11-12,2025-11-19,46.0,2025,P075,18.41444640154381,77.20053247493588,Latur,high,priority,0.0,1,7,CHIRPS Daily v2.0,Maharashtra,CHIRPS Rainfall
2025-11-12,2025-11-19,46.0,2025,P076,18.377877313804504,76.25376722106614,Latur,high,priority,0.0,1,7,CHIRPS Daily v2.0,Maharashtra,CHIRPS Rainfall
2025-11-12,2025-11-19,46.0,2025,P077,18.059564385104267,76.5349046242838,Latur,high,priority,0.0,1,7,CHIRPS Daily v2.0,Maharashtra,CHIRPS Rainfall
2025-11-12,2025-11-19,46.0,2025,P078,18.1008824154655,76.96042326051098,Latur,high,priority,0.0,1,7,CHIRPS Daily v2.0,Maharashtra,CHIRPS Rainfall
2025-11-12,2025-11-19,46.0,2025,P079,18.73508698099394,76.77797468180819,Latur,high,priority,0.0,1,7,CHIRPS Daily v2.0,Maharashtra,CHIRPS Rainfall
2025-11-12,2025-11-19,46.0,2025,P080,18.46791548227568,76.3017694439065,Latur,high,priority,0.0,1,7,CHIRPS Daily v2.0,Maharashtra,CHIRPS Rainfall
2025-11-12,2025-11-19,46.0,2025,P081,18.10355787609756,76.67701617485712,Latur,high,priority,0.0,1,7,CHIRPS Daily v2.0,Maharashtra,CHIRPS Rainfall
2025-11-12,2025-11-19,46.0,2025,P082,18.23907887531389,76.67830931416262,Latur,high,priority,0.0,1,7,CHIRPS Daily v2.0,Maharashtra,CHIRPS Rainfall
2025-11-12,2025-11-19,46.0,2025,P083,18.369289085175563,77.19996171000103,Latur,high,priority,0.0,1,7,CHIRPS Daily v2.0,Maharashtra,CHIRPS Rainfall
2025-11-12,2025-11-19,46.0,2025,P084,18.46362582706226,76.82249880582684,Latur,high,priority,0.0,1,7,CHIRPS Daily v2.0,Maharashtra,CHIRPS Rainfall
2025-11-12,2025-11-19,46.0,2025,P085,18.14788579966987,76.77194597718393,Latur,high,priority,0.0,1,7,CHIRPS Daily v2.0,Maharashtra,CHIRPS Rainfall
2025-11-12,2025-11-19,46.0,2025,P122,17.88145897082753,73.8441448165019,Satara,high,priority,0.0,1,7,CHIRPS Daily v2.0,Maharashtra,CHIRPS Rainfall
2025-11-12,2025-11-19,46.0,2025,P123,17.386414030975025,74.27088970551878,Satara,high,priority,0.0,1,7,CHIRPS Daily v2.0,Maharashtra,CHIRPS Rainfall
2025-11-12,2025-11-19,46.0,2025,P124,17.43262815429294,74.647353771057,Satara,high,priority,0.0,1,7,CHIRPS Daily v2.0,Maharashtra,CHIRPS Rainfall
2025-11-12,2025-11-19,46.0,2025,P125,17.56734651531964,74.31728219287884,Satara,high,priority,0.0,1,7,CHIRPS Daily v2.0,Maharashtra,CHIRPS Rainfall
2025-11-12,2025-11-19,46.0,2025,P126,17.205080227535593,74.13053949986157,Satara,high,priority,0.0,1,7,CHIRPS Daily v2.0,Maharashtra,CHIRPS Rainfall
2025-11-12,2025-11-19,46.0,2025,P127,17.65773249367299,74.31694330119876,Satara,high,priority,0.0,1,7,CHIRPS Daily v2.0,Maharashtra,CHIRPS Rainfall
2025-11-12,2025-11-19,46.0,2025,P128,18.019949731345452,74.5517328080669,Satara,high,priority,0.0,1,7,CHIRPS Daily v2.0,Maharashtra,CHIRPS Rainfall
2025-11-12,2025-11-19,46.0,2025,P129,18.063234225271252,74.03192648006461,Satara,high,priority,0.0,1,7,CHIRPS Daily v2.0,Maharashtra,CHIRPS Rainfall
2025-11-12,2025-11-19,46.0,2025,P130,17.61135784271715,74.03436560834085,Satara,high,priority,0.0,1,7,CHIRPS Daily v2.0,Maharashtra,CHIRPS Rainfall
2025-11-12,2025-11-19,46.0,2025,P131,17.612539504496315,74.3171127470388,Satara,high,priority,0.0,1,7,CHIRPS Daily v2.0,Maharashtra,CHIRPS Rainfall
2025-11-12,2025-11-19,46.0,2025,P132,17.702176353872684,74.12817617630324,Satara,high,priority,0.0,1,7,CHIRPS Daily v2.0,Maharashtra,CHIRPS Rainfall
2025-11-12,2025-11-19,46.0,2025,P133,17.25006363896275,74.08329532420031,Satara,high,priority,0.0,1,7,CHIRPS Daily v2.0,Maharashtra,CHIRPS Rainfall
2025-11-12,2025-11-19,46.0,2025,P134,17.476429903940936,74.17634784498362,Satara,high,priority,0.0,1,7,CHIRPS Daily v2.0,Maharashtra,CHIRPS Rainfall
2025-11-12,2025-11-19,46.0,2025,P135,17.882716437324603,74.0801070669471,Satara,high,priority,0.0,1,7,CHIRPS Daily v2.0,Maharashtra,CHIRPS Rainfall
2025-11-12,2025-11-19,46.0,2025,P136,17.928520323345598,74.22149178404871,Satara,high,priority,0.0,1,7,CHIRPS Daily v2.0,Maharashtra,CHIRPS Rainfall
2025-11-12,2025-11-19,46.0,2025,P137,17.746687100588183,73.98648378122894,Satara,high,priority,0.0,1,7,CHIRPS Daily v2.0,Maharashtra,CHIRPS Rainfall
2025-11-12,2025-11-19,46.0,2025,P138,17.61269557303319,74.36423652697161,Satara,high,priority,0.0,1,7,CHIRPS Daily v2.0,Maharashtra,CHIRPS Rainfall
2025-11-12,2025-11-19,46.0,2025,P139,17.656773786946495,74.08126197411994,Satara,high,priority,0.0,1,7,CHIRPS Daily v2.0,Maharashtra,CHIRPS Rainfall
2025-11-12,2025-11-19,46.0,2025,P140,17.97464080554139,74.50462240543725,Satara,high,priority,0.0,1,7,CHIRPS Daily v2.0,Maharashtra,CHIRPS Rainfall
2025-11-12,2025-11-19,46.0,2025,P141,17.430826677467348,74.08239904488856,Satara,high,priority,0.0,1,7,CHIRPS Daily v2.0,Maharashtra,CHIRPS Rainfall
2025-11-12,2025-11-19,46.0,2025,P142,18.064447100757786,74.31538707493111,Satara,high,priority,0.0,1,7,CHIRPS Daily v2.0,Maharashtra,CHIRPS Rainfall
2025-11-12,2025-11-19,46.0,2025,P143,17.70379500755509,74.6468275971327,Satara,high,priority,0.0,1,7,CHIRPS Daily v2.0,Maharashtra,CHIRPS Rainfall
2025-11-12,2025-11-19,46.0,2025,P144,17.929452275465767,74.50474726026674,Satara,high,priority,0.0,1,7,CHIRPS Daily v2.0,Maharashtra,CHIRPS Rainfall
2025-11-12,2025-11-19,46.0,2025,P145,17.47773196144854,74.60017202281048,Satara,high,priority,0.0,1,7,CHIRPS Daily v2.0,Maharashtra,CHIRPS Rainfall
2025-11-12,2025-11-19,46.0,2025,P146,17.839182233739812,74.55218763637436,Satara,high,priority,0.0,1,7,CHIRPS Daily v2.0,Maharashtra,CHIRPS Rainfall
2025-11-12,2025-11-19,46.0,2025,P001,19.940457800458272,74.57045211428928,Ahmednagar,normal,statewide,0.0,1,7,CHIRPS Daily v2.0,Maharashtra,CHIRPS Rainfall
2025-11-12,2025-11-19,46.0,2025,P002,18.946729294293643,74.76302285238339,Ahmednagar,normal,statewide,0.0,1,7,CHIRPS Daily v2.0,Maharashtra,CHIRPS Rainfall
2025-11-12,2025-11-19,46.0,2025,P003,18.49469238410162,74.66892244285252,Ahmednagar,normal,statewide,0.0,1,7,CHIRPS Daily v2.0,Maharashtra,CHIRPS Rainfall
2025-11-12,2025-11-19,46.0,2025,P004,19.03720445466806,75.1420731965326,Ahmednagar,normal,statewide,0.0,1,7,CHIRPS Daily v2.0,Maharashtra,CHIRPS Rainfall
2025-11-12,2025-11-19,46.0,2025,P005,20.832153156317954,77.06560453615967,Akola,normal,statewide,0.0,1,7,CHIRPS Daily v2.0,Maharashtra,CHIRPS Rainfall
2025-11-12,2025-11-19,46.0,2025,P006,20.834360411339407,76.87349308547405,Akola,normal,statewide,0.0,1,7,CHIRPS Daily v2.0,Maharashtra,CHIRPS Rainfall
2025-11-12,2025-11-19,46.0,2025,P007,21.014976299509232,76.87574047240498,Akola,normal,statewide,0.0,1,7,CHIRPS Daily v2.0,Maharashtra,CHIRPS Rainfall
2025-11-12,2025-11-19,46.0,2025,P008,20.828434266039377,77.35372489162701,Akola,normal,statewide,0.0,1,7,CHIRPS Daily v2.0,Maharashtra,CHIRPS Rainfall
2025-11-12,2025-11-19,46.0,2025,P009,21.360971327549258,77.94039543992572,Amravati,normal,statewide,0.0,1,7,CHIRPS Daily v2.0,Maharashtra,CHIRPS Rainfall
2025-11-12,2025-11-19,46.0,2025,P010,21.178803672212837,78.03301542790685,Amravati,normal,statewide,0.0,1,7,CHIRPS Daily v2.0,Maharashtra,CHIRPS Rainfall
2025-11-12,2025-11-19,46.0,2025,P011,20.814388097721018,78.21764450702477,Amravati,normal,statewide,0.0,1,7,CHIRPS Daily v2.0,Maharashtra,CHIRPS Rainfall
2025-11-12,2025-11-19,46.0,2025,P012,21.180502589714195,77.93681032267875,Amravati,normal,statewide,0.0,1,7,CHIRPS Daily v2.0,Maharashtra,CHIRPS Rainfall
2025-11-12,2025-11-19,46.0,2025,P013,20.031289688916964,74.8570519162974,Aurangabad,normal,statewide,0.0,1,7,CHIRPS Daily v2.0,Maharashtra,CHIRPS Rainfall
2025-11-12,2025-11-19,46.0,2025,P014,19.760185263069562,75.14270192978114,Aurangabad,normal,statewide,0.0,1,7,CHIRPS Daily v2.0,Maharashtra,CHIRPS Rainfall
2025-11-12,2025-11-19,46.0,2025,P015,19.9408189876436,74.76157364454102,Aurangabad,normal,statewide,0.0,1,7,CHIRPS Daily v2.0,Maharashtra,CHIRPS Rainfall
2025-11-12,2025-11-19,46.0,2025,P016,19.66981712112043,75.14262166596218,Aurangabad,normal,statewide,0.0,1,7,CHIRPS Daily v2.0,Maharashtra,CHIRPS Rainfall
2025-11-12,2025-11-19,46.0,2025,P017,21.04613203856966,79.85576216552393,Bhandara,normal,statewide,0.0,1,7,CHIRPS Daily v2.0,Maharashtra,CHIRPS Rainfall
2025-11-12,2025-11-19,46.0,2025,P018,21.31897105472685,79.76852877161537,Bhandara,normal,statewide,0.0,1,7,CHIRPS Daily v2.0,Maharashtra,CHIRPS Rainfall
2025-11-12,2025-11-19,46.0,2025,P019,21.40900922319803,79.77144948280537,Bhandara,normal,statewide,0.0,1,7,CHIRPS Daily v2.0,Maharashtra,CHIRPS Rainfall
2025-11-12,2025-11-19,46.0,2025,P020,21.144196588937042,79.57074980349083,Bhandara,normal,statewide,0.0,1,7,CHIRPS Daily v2.0,Maharashtra,CHIRPS Rainfall
2025-11-12,2025-11-19,46.0,2025,P021,18.67502288980403,75.52108340877234,Bid,normal,statewide,0.0,1,7,CHIRPS Daily v2.0,Maharashtra,CHIRPS Rainfall
2025-11-12,2025-11-19,46.0,2025,P022,18.856499384477168,75.04699178476999,Bid,normal,statewide,0.0,1,7,CHIRPS Daily v2.0,Maharashtra,CHIRPS Rainfall
2025-11-12,2025-11-19,46.0,2025,P023,19.126596053486494,75.6175605191647,Bid,normal,statewide,0.0,1,7,CHIRPS Daily v2.0,Maharashtra,CHIRPS Rainfall
2025-11-12,2025-11-19,46.0,2025,P024,18.763955201213946,75.90084720909012,Bid,normal,statewide,0.0,1,7,CHIRPS Daily v2.0,Maharashtra,CHIRPS Rainfall
2025-11-12,2025-11-19,46.0,2025,P025,20.93073496240753,76.20164478885242,Buldana,normal,statewide,0.0,1,7,CHIRPS Daily v2.0,Maharashtra,CHIRPS Rainfall
2025-11-12,2025-11-19,46.0,2025,P026,20.838939908121294,76.39311412898633,Buldana,normal,statewide,0.0,1,7,CHIRPS Daily v2.0,Maharashtra,CHIRPS Rainfall
2025-11-12,2025-11-19,46.0,2025,P027,20.657476790751314,76.48742857536776,Buldana,normal,statewide,0.0,1,7,CHIRPS Daily v2.0,Maharashtra,CHIRPS Rainfall
2025-11-12,2025-11-19,46.0,2025,P028,20.47967013624516,76.10222021266374,Buldana,normal,statewide,0.0,1,7,CHIRPS Daily v2.0,Maharashtra,CHIRPS Rainfall
2025-11-12,2025-11-19,46.0,2025,P029,20.32317798477448,79.92829390325927,Chandrapur,normal,statewide,0.0,1,7,CHIRPS Daily v2.0,Maharashtra,CHIRPS Rainfall
2025-11-12,2025-11-19,46.0,2025,P030,20.60872097983294,79.36304041732026,Chandrapur,normal,statewide,0.0,1,7,CHIRPS Daily v2.0,Maharashtra,CHIRPS Rainfall
2025-11-12,2025-11-19,46.0,2025,P031,20.511160307884595,79.64732594588165,Chandrapur,normal,statewide,0.0,1,7,CHIRPS Daily v2.0,Maharashtra,CHIRPS Rainfall
2025-11-12,2025-11-19,46.0,2025,P032,20.598621115946884,79.74569817422172,Chandrapur,normal,statewide,0.0,1,7,CHIRPS Daily v2.0,Maharashtra,CHIRPS Rainfall
2025-11-12,2025-11-19,46.0,2025,P033,21.38667804512237,75.14422248324037,Dhule,normal,statewide,0.0,1,7,CHIRPS Daily v2.0,Maharashtra,CHIRPS Rainfall
2025-11-12,2025-11-19,46.0,2025,P034,21.025151968113196,74.75989256344387,Dhule,normal,statewide,0.0,1,7,CHIRPS Daily v2.0,Maharashtra,CHIRPS Rainfall
2025-11-12,2025-11-19,46.0,2025,P035,21.477028350667293,74.85568743137505,Dhule,normal,statewide,0.0,1,7,CHIRPS Daily v2.0,Maharashtra,CHIRPS Rainfall
2025-11-12,2025-11-19,46.0,2025,P036,20.933820660336515,74.37533522949364,Dhule,normal,statewide,0.0,1,7,CHIRPS Daily v2.0,Maharashtra,CHIRPS Rainfall
2025-11-12,2025-11-19,46.0,2025,P037,19.963056524597132,79.91698116388667,Garhchiroli,normal,statewide,0.0,1,7,CHIRPS Daily v2.0,Maharashtra,CHIRPS Rainfall
2025-11-12,2025-11-19,46.0,2025,P038,19.062661462582188,79.88977172925856,Garhchiroli,normal,statewide,0.0,1,7,CHIRPS Daily v2.0,Maharashtra,CHIRPS Rainfall
2025-11-12,2025-11-19,46.0,2025,P039,19.510270485428137,79.9981368030594,Garhchiroli,normal,statewide,0.0,1,7,CHIRPS Daily v2.0,Maharashtra,CHIRPS Rainfall
2025-11-12,2025-11-19,46.0,2025,P040,19.870365190999156,80.00935144220881,Garhchiroli,normal,statewide,0.0,1,7,CHIRPS Daily v2.0,Maharashtra,CHIRPS Rainfall
2025-11-12,2025-11-19,46.0,2025,P041,21.127639946725598,80.1465044724107,Gondiya,normal,statewide,0.0,1,7,CHIRPS Daily v2.0,Maharashtra,CHIRPS Rainfall
2025-11-12,2025-11-19,46.0,2025,P042,21.397598383602258,80.15591763473452,Gondiya,normal,statewide,0.0,1,7,CHIRPS Daily v2.0,Maharashtra,CHIRPS Rainfall
2025-11-12,2025-11-19,46.0,2025,P043,21.574548890706154,80.25847249986273,Gondiya,normal,statewide,0.0,1,7,CHIRPS Daily v2.0,Maharashtra,CHIRPS Rainfall
2025-11-12,2025-11-19,46.0,2025,P044,21.211649410572516,80.34153217518526,Gondiya,normal,statewide,0.0,1,7,CHIRPS Daily v2.0,Maharashtra,CHIRPS Rainfall
2025-11-12,2025-11-19,46.0,2025,P045,19.655900266732623,77.2407892392464,Hingoli,normal,statewide,0.0,1,7,CHIRPS Daily v2.0,Maharashtra,CHIRPS Rainfall
2025-11-12,2025-11-19,46.0,2025,P046,19.566758377573187,77.1442675378435,Hingoli,normal,statewide,0.0,1,7,CHIRPS Daily v2.0,Maharashtra,CHIRPS Rainfall
2025-11-12,2025-11-19,46.0,2025,P047,19.47860194974656,76.9526242927685,Hingoli,normal,statewide,0.0,1,7,CHIRPS Daily v2.0,Maharashtra,CHIRPS Rainfall
2025-11-12,2025-11-19,46.0,2025,P048,19.927981235710728,77.14910120338544,Hingoli,normal,statewide,0.0,1,7,CHIRPS Daily v2.0,Maharashtra,CHIRPS Rainfall
2025-11-12,2025-11-19,46.0,2025,P049,21.292738163229433,76.10816865346904,Jalgaon,normal,statewide,0.0,1,7,CHIRPS Daily v2.0,Maharashtra,CHIRPS Rainfall
2025-11-12,2025-11-19,46.0,2025,P050,21.386178625804387,75.43363151891216,Jalgaon,normal,statewide,0.0,1,7,CHIRPS Daily v2.0,Maharashtra,CHIRPS Rainfall
2025-11-12,2025-11-19,46.0,2025,P051,21.112064306745907,76.10682200495089,Jalgaon,normal,statewide,0.0,1,7,CHIRPS Daily v2.0,Maharashtra,CHIRPS Rainfall
2025-11-12,2025-11-19,46.0,2025,P052,20.844437979720194,75.23982115072519,Jalgaon,normal,statewide,0.0,1,7,CHIRPS Daily v2.0,Maharashtra,CHIRPS Rainfall
2025-11-12,2025-11-19,46.0,2025,P053,19.486369703781666,76.00005328932718,Jalna,normal,statewide,0.0,1,7,CHIRPS Daily v2.0,Maharashtra,CHIRPS Rainfall
2025-11-12,2025-11-19,46.0,2025,P054,20.028502750758555,76.00343774702675,Jalna,normal,statewide,0.0,1,7,CHIRPS Daily v2.0,Maharashtra,CHIRPS Rainfall
2025-11-12,2025-11-19,46.0,2025,P055,19.75743845682064,76.00172991132328,Jalna,normal,statewide,0.0,1,7,CHIRPS Daily v2.0,Maharashtra,CHIRPS Rainfall
2025-11-12,2025-11-19,46.0,2025,P056,19.57768317515413,75.80993951591351,Jalna,normal,statewide,0.0,1,7,CHIRPS Daily v2.0,Maharashtra,CHIRPS Rainfall
2025-11-12,2025-11-19,46.0,2025,P057,16.776377793156257,74.29671235971928,Kolhapur,normal,statewide,0.0,1,7,CHIRPS Daily v2.0,Maharashtra,CHIRPS Rainfall
2025-11-12,2025-11-19,46.0,2025,P058,16.324416687682138,74.29834884980589,Kolhapur,normal,statewide,0.0,1,7,CHIRPS Daily v2.0,Maharashtra,CHIRPS Rainfall
2025-11-12,2025-11-19,46.0,2025,P059,16.595891218916975,74.39111598812178,Kolhapur,normal,statewide,0.0,1,7,CHIRPS Daily v2.0,Maharashtra,CHIRPS Rainfall
2025-11-12,2025-11-19,46.0,2025,P060,16.414811584237594,74.29802779453004,Kolhapur,normal,statewide,0.0,1,7,CHIRPS Daily v2.0,Maharashtra,CHIRPS Rainfall
2025-11-12,2025-11-19,46.0,2025,P086,21.054127206758487,79.56798961993874,Nagpur,normal,statewide,0.0,1,7,CHIRPS Daily v2.0,Maharashtra,CHIRPS Rainfall
2025-11-12,2025-11-19,46.0,2025,P087,21.146765031143822,79.47473643960802,Nagpur,normal,statewide,0.0,1,7,CHIRPS Daily v2.0,Maharashtra,CHIRPS Rainfall
2025-11-12,2025-11-19,46.0,2025,P088,21.347803602138427,78.61442869606356,Nagpur,normal,statewide,0.0,1,7,CHIRPS Daily v2.0,Maharashtra,CHIRPS Rainfall
2025-11-12,2025-11-19,46.0,2025,P089,21.165377318940912,78.70615240473293,Nagpur,normal,statewide,0.0,1,7,CHIRPS Daily v2.0,Maharashtra,CHIRPS Rainfall
2025-11-12,2025-11-19,46.0,2025,P090,19.201968238592887,77.42470040309472,Nanded,normal,statewide,0.0,1,7,CHIRPS Daily v2.0,Maharashtra,CHIRPS Rainfall
2025-11-12,2025-11-19,46.0,2025,P091,18.566038000956755,77.69963965584807,Nanded,normal,statewide,3.745570659637451,1,7,CHIRPS Daily v2.0,Maharashtra,CHIRPS Rainfall
2025-11-12,2025-11-19,46.0,2025,P092,19.736596618496833,77.90946265591798,Nanded,normal,statewide,0.0,1,7,CHIRPS Daily v2.0,Maharashtra,CHIRPS Rainfall
2025-11-12,2025-11-19,46.0,2025,P093,18.93564842817583,77.04115528508362,Nanded,normal,statewide,0.0,1,7,CHIRPS Daily v2.0,Maharashtra,CHIRPS Rainfall
2025-11-12,2025-11-19,46.0,2025,P094,21.564917232430716,74.08292967791392,Nandurbar,normal,statewide,0.0,1,7,CHIRPS Daily v2.0,Maharashtra,CHIRPS Rainfall
2025-11-12,2025-11-19,46.0,2025,P095,21.5662594218478,74.37266422796263,Nandurbar,normal,statewide,0.0,1,7,CHIRPS Daily v2.0,Maharashtra,CHIRPS Rainfall
2025-11-12,2025-11-19,46.0,2025,P096,21.385179787168415,74.27697637845674,Nandurbar,normal,statewide,0.0,1,7,CHIRPS Daily v2.0,Maharashtra,CHIRPS Rainfall
2025-11-12,2025-11-19,46.0,2025,P097,21.565421110849755,74.17950488852946,Nandurbar,normal,statewide,0.0,1,7,CHIRPS Daily v2.0,Maharashtra,CHIRPS Rainfall
2025-11-12,2025-11-19,46.0,2025,P098,20.299553667393326,73.99482675929994,Nashik,normal,statewide,0.0,1,7,CHIRPS Daily v2.0,Maharashtra,CHIRPS Rainfall
2025-11-12,2025-11-19,46.0,2025,P099,20.120253214034264,74.28296495117151,Nashik,normal,statewide,0.0,1,7,CHIRPS Daily v2.0,Maharashtra,CHIRPS Rainfall
2025-11-12,2025-11-19,46.0,2025,P100,20.389903972938242,73.99424261706194,Nashik,normal,statewide,0.0,1,7,CHIRPS Daily v2.0,Maharashtra,CHIRPS Rainfall
2025-11-12,2025-11-19,46.0,2025,P101,20.029015547379707,74.09216447619562,Nashik,normal,statewide,0.0,1,7,CHIRPS Daily v2.0,Maharashtra,CHIRPS Rainfall
2025-11-12,2025-11-19,46.0,2025,P102,17.85749130266526,76.36802722645965,Osmanabad,normal,statewide,0.0,1,7,CHIRPS Daily v2.0,Maharashtra,CHIRPS Rainfall
2025-11-12,2025-11-19,46.0,2025,P103,17.76644983645705,76.46164605307673,Osmanabad,normal,statewide,0.0,1,7,CHIRPS Daily v2.0,Maharashtra,CHIRPS Rainfall
2025-11-12,2025-11-19,46.0,2025,P104,17.949094615606196,76.17989775301476,Osmanabad,normal,statewide,0.0,1,7,CHIRPS Daily v2.0,Maharashtra,CHIRPS Rainfall
2025-11-12,2025-11-19,46.0,2025,P105,18.584360447185368,75.61558067829696,Osmanabad,normal,statewide,0.0,1,7,CHIRPS Daily v2.0,Maharashtra,CHIRPS Rainfall
2025-11-12,2025-11-19,46.0,2025,P106,19.031389786894366,76.47235681380711,Parbhani,normal,statewide,0.0,1,7,CHIRPS Daily v2.0,Maharashtra,CHIRPS Rainfall
2025-11-12,2025-11-19,46.0,2025,P107,19.120950831552832,76.56820519095093,Parbhani,normal,statewide,0.0,1,7,CHIRPS Daily v2.0,Maharashtra,CHIRPS Rainfall
2025-11-12,2025-11-19,46.0,2025,P108,19.208625676465683,76.85432786914635,Parbhani,normal,statewide,0.0,1,7,CHIRPS Daily v2.0,Maharashtra,CHIRPS Rainfall
2025-11-12,2025-11-19,46.0,2025,P109,19.212081479782103,76.47396209018636,Parbhani,normal,statewide,0.0,1,7,CHIRPS Daily v2.0,Maharashtra,CHIRPS Rainfall
2025-11-12,2025-11-19,46.0,2025,P110,18.133442771357757,75.04679558432363,Pune,normal,statewide,0.0,1,7,CHIRPS Daily v2.0,Maharashtra,CHIRPS Rainfall
2025-11-12,2025-11-19,46.0,2025,P111,18.584645829652782,74.47919215212944,Pune,normal,statewide,0.0,1,7,CHIRPS Daily v2.0,Maharashtra,CHIRPS Rainfall
2025-11-12,2025-11-19,46.0,2025,P112,18.132979024848197,74.57507620208169,Pune,normal,statewide,0.0,1,7,CHIRPS Daily v2.0,Maharashtra,CHIRPS Rainfall
2025-11-12,2025-11-19,46.0,2025,P113,18.314072036830744,74.76389683618987,Pune,normal,statewide,0.0,1,7,CHIRPS Daily v2.0,Maharashtra,CHIRPS Rainfall
2025-11-12,2025-11-19,46.0,2025,P114,18.48503397121986,73.0589238755964,Raigarh,normal,statewide,0.0,1,7,CHIRPS Daily v2.0,Maharashtra,CHIRPS Rainfall
2025-11-12,2025-11-19,46.0,2025,P115,18.665689991299164,73.05687714821288,Raigarh,normal,statewide,0.0,1,7,CHIRPS Daily v2.0,Maharashtra,CHIRPS Rainfall
2025-11-12,2025-11-19,46.0,2025,P116,18.306197264370358,73.25009891506079,Raigarh,normal,statewide,0.0,1,7,CHIRPS Daily v2.0,Maharashtra,CHIRPS Rainfall
2025-11-12,2025-11-19,46.0,2025,P117,18.21404102289879,73.06194714611064,Raigarh,normal,statewide,0.0,1,7,CHIRPS Daily v2.0,Maharashtra,CHIRPS Rainfall
2025-11-12,2025-11-19,46.0,2025,P118,17.138719885658215,75.42259970290594,Sangli,normal,statewide,0.0,1,7,CHIRPS Daily v2.0,Maharashtra,CHIRPS Rainfall
2025-11-12,2025-11-19,46.0,2025,P119,17.048761981005992,74.95348443567921,Sangli,normal,statewide,0.0,1,7,CHIRPS Daily v2.0,Maharashtra,CHIRPS Rainfall
2025-11-12,2025-11-19,46.0,2025,P120,16.86707144948229,74.39025538161847,Sangli,normal,statewide,0.0,1,7,CHIRPS Daily v2.0,Maharashtra,CHIRPS Rainfall
2025-11-12,2025-11-19,46.0,2025,P121,17.048503353144895,74.67157114887826,Sangli,normal,statewide,0.0,1,7,CHIRPS Daily v2.0,Maharashtra,CHIRPS Rainfall
2025-11-12,2025-11-19,46.0,2025,P148,17.67852974098626,76.08383979812143,Solapur,normal,statewide,0.0,1,7,CHIRPS Daily v2.0,Maharashtra,CHIRPS Rainfall
2025-11-12,2025-11-19,46.0,2025,P149,18.223365003201543,75.4251413905064,Solapur,normal,statewide,0.0,1,7,CHIRPS Daily v2.0,Maharashtra,CHIRPS Rainfall
2025-11-12,2025-11-19,46.0,2025,P150,17.952532582518405,75.23562067753285,Solapur,normal,statewide,0.0,1,7,CHIRPS Daily v2.0,Maharashtra,CHIRPS Rainfall
2025-11-12,2025-11-19,46.0,2025,P151,18.223690517578447,75.23598186471818,Solapur,normal,statewide,0.0,1,7,CHIRPS Daily v2.0,Maharashtra,CHIRPS Rainfall
2025-11-12,2025-11-19,46.0,2025,P152,19.658178867370932,72.94986318203122,Thane,normal,statewide,0.0,1,7,CHIRPS Daily v2.0,Maharashtra,CHIRPS Rainfall
2025-11-12,2025-11-19,46.0,2025,P153,19.65706409210757,72.8545320606096,Thane,normal,statewide,0.0,1,7,CHIRPS Daily v2.0,Maharashtra,CHIRPS Rainfall
2025-11-12,2025-11-19,46.0,2025,P154,19.477549601897948,72.95214624177059,Thane,normal,statewide,0.0,1,7,CHIRPS Daily v2.0,Maharashtra,CHIRPS Rainfall
2025-11-12,2025-11-19,46.0,2025,P155,19.83987385799569,73.0429959666335,Thane,normal,statewide,0.0,1,7,CHIRPS Daily v2.0,Maharashtra,CHIRPS Rainfall
2025-11-12,2025-11-19,46.0,2025,P156,20.806749657616468,78.60135461177485,Wardha,normal,statewide,0.0,1,7,CHIRPS Daily v2.0,Maharashtra,CHIRPS Rainfall
2025-11-12,2025-11-19,46.0,2025,P157,20.71031267913359,78.88671032458906,Wardha,normal,statewide,0.0,1,7,CHIRPS Daily v2.0,Maharashtra,CHIRPS Rainfall
2025-11-12,2025-11-19,46.0,2025,P158,21.081265295769754,78.41565980750515,Wardha,normal,statewide,0.0,1,7,CHIRPS Daily v2.0,Maharashtra,CHIRPS Rainfall
2025-11-12,2025-11-19,46.0,2025,P159,20.439854822938944,78.87986114537097,Wardha,normal,statewide,0.0,1,7,CHIRPS Daily v2.0,Maharashtra,CHIRPS Rainfall
2025-11-12,2025-11-19,46.0,2025,P160,20.289186257444058,77.15404188735265,Washim,normal,statewide,0.0,1,7,CHIRPS Daily v2.0,Maharashtra,CHIRPS Rainfall
2025-11-12,2025-11-19,46.0,2025,P161,20.464607292886615,77.53975858757677,Washim,normal,statewide,0.0,1,7,CHIRPS Daily v2.0,Maharashtra,CHIRPS Rainfall
2025-11-12,2025-11-19,46.0,2025,P162,20.107393166596125,77.2471479173486,Washim,normal,statewide,0.0,1,7,CHIRPS Daily v2.0,Maharashtra,CHIRPS Rainfall
2025-11-12,2025-11-19,46.0,2025,P163,20.198885002010726,77.1527933390577,Washim,normal,statewide,0.0,1,7,CHIRPS Daily v2.0,Maharashtra,CHIRPS Rainfall
2025-11-12,2025-11-19,46.0,2025,P164,20.182854533723592,78.20447678161395,Yavatmal,normal,statewide,0.0,1,7,CHIRPS Daily v2.0,Maharashtra,CHIRPS Rainfall
2025-11-12,2025-11-19,46.0,2025,P165,19.894658373538324,79.05709703494229,Yavatmal,normal,statewide,0.0,1,7,CHIRPS Daily v2.0,Maharashtra,CHIRPS Rainfall
2025-11-12,2025-11-19,46.0,2025,P166,19.468787468327925,77.71426550730338,Yavatmal,normal,statewide,0.0,1,7,CHIRPS Daily v2.0,Maharashtra,CHIRPS Rainfall
2025-11-12,2025-11-19,46.0,2025,P167,19.559057510053886,77.71577268345945,Yavatmal,normal,statewide,0.0,1,7,CHIRPS Daily v2.0,Maharashtra,CHIRPS Rainfall
2025-11-19,2025-11-26,47.0,2025,P147,17.927231643141155,73.94769852026607,Satara,case_study,case_study,8.630919694900513,1,7,CHIRPS Daily v2.0,Maharashtra,CHIRPS Rainfall
2025-11-19,2025-11-26,47.0,2025,P061,18.507855650411397,76.91766048140843,Latur,high,priority,6.823264062404633,1,7,CHIRPS Daily v2.0,Maharashtra,CHIRPS Rainfall
2025-11-19,2025-11-26,47.0,2025,P062,18.422405896924207,76.3487594508077,Latur,high,priority,6.5352142453193665,1,7,CHIRPS Daily v2.0,Maharashtra,CHIRPS Rainfall
2025-11-19,2025-11-26,47.0,2025,P063,18.235391198742693,77.05646783810116,Latur,high,priority,4.1794145330786705,1,7,CHIRPS Daily v2.0,Maharashtra,CHIRPS Rainfall
2025-11-19,2025-11-26,47.0,2025,P064,18.193056493341274,76.77240080549139,Latur,high,priority,1.5466345995664597,1,7,CHIRPS Daily v2.0,Maharashtra,CHIRPS Rainfall
2025-11-19,2025-11-26,47.0,2025,P065,18.331355512513895,76.44266811899327,Latur,high,priority,3.479519009590149,1,7,CHIRPS Daily v2.0,Maharashtra,CHIRPS Rainfall
2025-11-19,2025-11-26,47.0,2025,P066,18.104739537876725,76.5352970251765,Latur,high,priority,3.2998868227005005,1,7,CHIRPS Daily v2.0,Maharashtra,CHIRPS Rainfall
2025-11-19,2025-11-26,47.0,2025,P067,18.280552974211986,77.0569984711265,Latur,high,priority,4.247469559311867,1,7,CHIRPS Daily v2.0,Maharashtra,CHIRPS Rainfall
2025-11-19,2025-11-26,47.0,2025,P068,18.101823285787773,76.86595720469373,Latur,high,priority,1.6518073379993439,1,7,CHIRPS Daily v2.0,Maharashtra,CHIRPS Rainfall
2025-11-19,2025-11-26,47.0,2025,P069,18.595075667016793,77.20284228928156,Latur,high,priority,6.208905965089798,1,7,CHIRPS Daily v2.0,Maharashtra,CHIRPS Rainfall
2025-11-19,2025-11-26,47.0,2025,P070,18.41499041187233,77.15322587185987,Latur,high,priority,7.104789659380913,1,7,CHIRPS Daily v2.0,Maharashtra,CHIRPS Rainfall
2025-11-19,2025-11-26,47.0,2025,P071,18.149138807065885,76.63019561379593,Latur,high,priority,3.411517322063446,1,7,CHIRPS Daily v2.0,Maharashtra,CHIRPS Rainfall
2025-11-19,2025-11-26,47.0,2025,P072,18.283393421583035,76.77331492120734,Latur,high,priority,1.4029422253370285,1,7,CHIRPS Daily v2.0,Maharashtra,CHIRPS Rainfall
2025-11-19,2025-11-26,47.0,2025,P073,17.966315663874607,76.86453029235662,Latur,high,priority,4.23943018913269,1,7,CHIRPS Daily v2.0,Maharashtra,CHIRPS Rainfall
2025-11-19,2025-11-26,47.0,2025,P074,18.50832831512306,76.870318205524,Latur,high,priority,4.355283513665199,1,7,CHIRPS Daily v2.0,Maharashtra,CHIRPS Rainfall
2025-11-19,2025-11-26,47.0,2025,P075,18.41444640154381,77.20053247493588,Latur,high,priority,6.9520541578531265,1,7,CHIRPS Daily v2.0,Maharashtra,CHIRPS Rainfall
2025-11-19,2025-11-26,47.0,2025,P076,18.377877313804504,76.25376722106614,Latur,high,priority,6.057569749653339,1,7,CHIRPS Daily v2.0,Maharashtra,CHIRPS Rainfall
2025-11-19,2025-11-26,47.0,2025,P077,18.059564385104267,76.5349046242838,Latur,high,priority,3.2118843495845795,1,7,CHIRPS Daily v2.0,Maharashtra,CHIRPS Rainfall
2025-11-19,2025-11-26,47.0,2025,P078,18.1008824154655,76.96042326051098,Latur,high,priority,4.190213620662689,1,7,CHIRPS Daily v2.0,Maharashtra,CHIRPS Rainfall
2025-11-19,2025-11-26,47.0,2025,P079,18.73508698099394,76.77797468180819,Latur,high,priority,4.724087402224541,1,7,CHIRPS Daily v2.0,Maharashtra,CHIRPS Rainfall
2025-11-19,2025-11-26,47.0,2025,P080,18.46791548227568,76.3017694439065,Latur,high,priority,6.359019756317139,1,7,CHIRPS Daily v2.0,Maharashtra,CHIRPS Rainfall
2025-11-19,2025-11-26,47.0,2025,P081,18.10355787609756,76.67701617485712,Latur,high,priority,3.43366676568985,1,7,CHIRPS Daily v2.0,Maharashtra,CHIRPS Rainfall
2025-11-19,2025-11-26,47.0,2025,P082,18.23907887531389,76.67830931416262,Latur,high,priority,3.3519182316958904,1,7,CHIRPS Daily v2.0,Maharashtra,CHIRPS Rainfall
2025-11-19,2025-11-26,47.0,2025,P083,18.369289085175563,77.19996171000103,Latur,high,priority,4.3207536190748215,1,7,CHIRPS Daily v2.0,Maharashtra,CHIRPS Rainfall
2025-11-19,2025-11-26,47.0,2025,P084,18.46362582706226,76.82249880582684,Latur,high,priority,4.036630019545555,1,7,CHIRPS Daily v2.0,Maharashtra,CHIRPS Rainfall
2025-11-19,2025-11-26,47.0,2025,P085,18.14788579966987,76.77194597718393,Latur,high,priority,1.491077782586217,1,7,CHIRPS Daily v2.0,Maharashtra,CHIRPS Rainfall
2025-11-19,2025-11-26,47.0,2025,P122,17.88145897082753,73.8441448165019,Satara,high,priority,9.361641883850098,1,7,CHIRPS Daily v2.0,Maharashtra,CHIRPS Rainfall
2025-11-19,2025-11-26,47.0,2025,P123,17.386414030975025,74.27088970551878,Satara,high,priority,7.842854857444763,1,7,CHIRPS Daily v2.0,Maharashtra,CHIRPS Rainfall
2025-11-19,2025-11-26,47.0,2025,P124,17.43262815429294,74.647353771057,Satara,high,priority,7.152062654495239,1,7,CHIRPS Daily v2.0,Maharashtra,CHIRPS Rainfall
2025-11-19,2025-11-26,47.0,2025,P125,17.56734651531964,74.31728219287884,Satara,high,priority,4.967085123062134,1,7,CHIRPS Daily v2.0,Maharashtra,CHIRPS Rainfall
2025-11-19,2025-11-26,47.0,2025,P126,17.205080227535593,74.13053949986157,Satara,high,priority,8.311033248901367,1,7,CHIRPS Daily v2.0,Maharashtra,CHIRPS Rainfall
2025-11-19,2025-11-26,47.0,2025,P127,17.65773249367299,74.31694330119876,Satara,high,priority,5.489199638366699,1,7,CHIRPS Daily v2.0,Maharashtra,CHIRPS Rainfall
2025-11-19,2025-11-26,47.0,2025,P128,18.019949731345452,74.5517328080669,Satara,high,priority,5.975991487503052,1,7,CHIRPS Daily v2.0,Maharashtra,CHIRPS Rainfall
2025-11-19,2025-11-26,47.0,2025,P129,18.063234225271252,74.03192648006461,Satara,high,priority,8.292777642607689,1,7,CHIRPS Daily v2.0,Maharashtra,CHIRPS Rainfall
2025-11-19,2025-11-26,47.0,2025,P130,17.61135784271715,74.03436560834085,Satara,high,priority,7.43455696105957,1,7,CHIRPS Daily v2.0,Maharashtra,CHIRPS Rainfall
2025-11-19,2025-11-26,47.0,2025,P131,17.612539504496315,74.3171127470388,Satara,high,priority,5.396748065948486,1,7,CHIRPS Daily v2.0,Maharashtra,CHIRPS Rainfall
2025-11-19,2025-11-26,47.0,2025,P132,17.702176353872684,74.12817617630324,Satara,high,priority,7.21148157119751,1,7,CHIRPS Daily v2.0,Maharashtra,CHIRPS Rainfall
2025-11-19,2025-11-26,47.0,2025,P133,17.25006363896275,74.08329532420031,Satara,high,priority,8.65645170211792,1,7,CHIRPS Daily v2.0,Maharashtra,CHIRPS Rainfall
2025-11-19,2025-11-26,47.0,2025,P134,17.476429903940936,74.17634784498362,Satara,high,priority,5.283658504486084,1,7,CHIRPS Daily v2.0,Maharashtra,CHIRPS Rainfall
2025-11-19,2025-11-26,47.0,2025,P135,17.882716437324603,74.0801070669471,Satara,high,priority,8.502997398376465,1,7,CHIRPS Daily v2.0,Maharashtra,CHIRPS Rainfall
2025-11-19,2025-11-26,47.0,2025,P136,17.928520323345598,74.22149178404871,Satara,high,priority,7.059564828872681,1,7,CHIRPS Daily v2.0,Maharashtra,CHIRPS Rainfall
2025-11-19,2025-11-26,47.0,2025,P137,17.746687100588183,73.98648378122894,Satara,high,priority,7.407231330871582,1,7,CHIRPS Daily v2.0,Maharashtra,CHIRPS Rainfall
2025-11-19,2025-11-26,47.0,2025,P138,17.61269557303319,74.36423652697161,Satara,high,priority,5.448396682739258,1,7,CHIRPS Daily v2.0,Maharashtra,CHIRPS Rainfall
2025-11-19,2025-11-26,47.0,2025,P139,17.656773786946495,74.08126197411994,Satara,high,priority,7.624019622802734,1,7,CHIRPS Daily v2.0,Maharashtra,CHIRPS Rainfall
2025-11-19,2025-11-26,47.0,2025,P140,17.97464080554139,74.50462240543725,Satara,high,priority,5.33144211769104,1,7,CHIRPS Daily v2.0,Maharashtra,CHIRPS Rainfall
2025-11-19,2025-11-26,47.0,2025,P141,17.430826677467348,74.08239904488856,Satara,high,priority,5.790521502494812,1,7,CHIRPS Daily v2.0,Maharashtra,CHIRPS Rainfall
2025-11-19,2025-11-26,47.0,2025,P142,18.064447100757786,74.31538707493111,Satara,high,priority,6.866649508476257,1,7,CHIRPS Daily v2.0,Maharashtra,CHIRPS Rainfall
2025-11-19,2025-11-26,47.0,2025,P143,17.70379500755509,74.6468275971327,Satara,high,priority,7.050058364868164,1,7,CHIRPS Daily v2.0,Maharashtra,CHIRPS Rainfall
2025-11-19,2025-11-26,47.0,2025,P144,17.929452275465767,74.50474726026674,Satara,high,priority,5.2042317390441895,1,7,CHIRPS Daily v2.0,Maharashtra,CHIRPS Rainfall
2025-11-19,2025-11-26,47.0,2025,P145,17.47773196144854,74.60017202281048,Satara,high,priority,7.112862467765808,1,7,CHIRPS Daily v2.0,Maharashtra,CHIRPS Rainfall
2025-11-19,2025-11-26,47.0,2025,P146,17.839182233739812,74.55218763637436,Satara,high,priority,4.715243816375732,1,7,CHIRPS Daily v2.0,Maharashtra,CHIRPS Rainfall
2025-11-19,2025-11-26,47.0,2025,P001,19.940457800458272,74.57045211428928,Ahmednagar,normal,statewide,3.1234352588653564,1,7,CHIRPS Daily v2.0,Maharashtra,CHIRPS Rainfall
2025-11-19,2025-11-26,47.0,2025,P002,18.946729294293643,74.76302285238339,Ahmednagar,normal,statewide,5.024529218673706,1,7,CHIRPS Daily v2.0,Maharashtra,CHIRPS Rainfall
2025-11-19,2025-11-26,47.0,2025,P003,18.49469238410162,74.66892244285252,Ahmednagar,normal,statewide,4.608685314655304,1,7,CHIRPS Daily v2.0,Maharashtra,CHIRPS Rainfall
2025-11-19,2025-11-26,47.0,2025,P004,19.03720445466806,75.1420731965326,Ahmednagar,normal,statewide,4.542848229408264,1,7,CHIRPS Daily v2.0,Maharashtra,CHIRPS Rainfall
2025-11-19,2025-11-26,47.0,2025,P005,20.832153156317954,77.06560453615967,Akola,normal,statewide,0.0,1,7,CHIRPS Daily v2.0,Maharashtra,CHIRPS Rainfall
2025-11-19,2025-11-26,47.0,2025,P006,20.834360411339407,76.87349308547405,Akola,normal,statewide,3.2782320198602974,1,7,CHIRPS Daily v2.0,Maharashtra,CHIRPS Rainfall
2025-11-19,2025-11-26,47.0,2025,P007,21.014976299509232,76.87574047240498,Akola,normal,statewide,3.1055845134251285,1,7,CHIRPS Daily v2.0,Maharashtra,CHIRPS Rainfall
2025-11-19,2025-11-26,47.0,2025,P008,20.828434266039377,77.35372489162701,Akola,normal,statewide,3.292152669513598,1,7,CHIRPS Daily v2.0,Maharashtra,CHIRPS Rainfall
2025-11-19,2025-11-26,47.0,2025,P009,21.360971327549258,77.94039543992572,Amravati,normal,statewide,3.749000748968683,1,7,CHIRPS Daily v2.0,Maharashtra,CHIRPS Rainfall
2025-11-19,2025-11-26,47.0,2025,P010,21.178803672212837,78.03301542790685,Amravati,normal,statewide,4.309485534438863,1,7,CHIRPS Daily v2.0,Maharashtra,CHIRPS Rainfall
2025-11-19,2025-11-26,47.0,2025,P011,20.814388097721018,78.21764450702477,Amravati,normal,statewide,4.358239753171802,1,7,CHIRPS Daily v2.0,Maharashtra,CHIRPS Rainfall
2025-11-19,2025-11-26,47.0,2025,P012,21.180502589714195,77.93681032267875,Amravati,normal,statewide,4.14216061643674,1,7,CHIRPS Daily v2.0,Maharashtra,CHIRPS Rainfall
2025-11-19,2025-11-26,47.0,2025,P013,20.031289688916964,74.8570519162974,Aurangabad,normal,statewide,1.0496159875765443,1,7,CHIRPS Daily v2.0,Maharashtra,CHIRPS Rainfall
2025-11-19,2025-11-26,47.0,2025,P014,19.760185263069562,75.14270192978114,Aurangabad,normal,statewide,3.724839448928833,1,7,CHIRPS Daily v2.0,Maharashtra,CHIRPS Rainfall
2025-11-19,2025-11-26,47.0,2025,P015,19.9408189876436,74.76157364454102,Aurangabad,normal,statewide,1.149736762046814,1,7,CHIRPS Daily v2.0,Maharashtra,CHIRPS Rainfall
2025-11-19,2025-11-26,47.0,2025,P016,19.66981712112043,75.14262166596218,Aurangabad,normal,statewide,3.233717978000641,1,7,CHIRPS Daily v2.0,Maharashtra,CHIRPS Rainfall
2025-11-19,2025-11-26,47.0,2025,P017,21.04613203856966,79.85576216552393,Bhandara,normal,statewide,3.4836935997009277,1,7,CHIRPS Daily v2.0,Maharashtra,CHIRPS Rainfall
2025-11-19,2025-11-26,47.0,2025,P018,21.31897105472685,79.76852877161537,Bhandara,normal,statewide,4.221401333808899,1,7,CHIRPS Daily v2.0,Maharashtra,CHIRPS Rainfall
2025-11-19,2025-11-26,47.0,2025,P019,21.40900922319803,79.77144948280537,Bhandara,normal,statewide,4.315081596374512,1,7,CHIRPS Daily v2.0,Maharashtra,CHIRPS Rainfall
2025-11-19,2025-11-26,47.0,2025,P020,21.144196588937042,79.57074980349083,Bhandara,normal,statewide,1.193021535873413,1,7,CHIRPS Daily v2.0,Maharashtra,CHIRPS Rainfall
2025-11-19,2025-11-26,47.0,2025,P021,18.67502288980403,75.52108340877234,Bid,normal,statewide,3.428084969520569,1,7,CHIRPS Daily v2.0,Maharashtra,CHIRPS Rainfall
2025-11-19,2025-11-26,47.0,2025,P022,18.856499384477168,75.04699178476999,Bid,normal,statewide,4.457033114042133,1,7,CHIRPS Daily v2.0,Maharashtra,CHIRPS Rainfall
2025-11-19,2025-11-26,47.0,2025,P023,19.126596053486494,75.6175605191647,Bid,normal,statewide,3.764464020729065,1,7,CHIRPS Daily v2.0,Maharashtra,CHIRPS Rainfall
2025-11-19,2025-11-26,47.0,2025,P024,18.763955201213946,75.90084720909012,Bid,normal,statewide,6.295842304825783,1,7,CHIRPS Daily v2.0,Maharashtra,CHIRPS Rainfall
2025-11-19,2025-11-26,47.0,2025,P025,20.93073496240753,76.20164478885242,Buldana,normal,statewide,0.9167658984661102,1,7,CHIRPS Daily v2.0,Maharashtra,CHIRPS Rainfall
2025-11-19,2025-11-26,47.0,2025,P026,20.838939908121294,76.39311412898633,Buldana,normal,statewide,0.8581063915044069,1,7,CHIRPS Daily v2.0,Maharashtra,CHIRPS Rainfall
2025-11-19,2025-11-26,47.0,2025,P027,20.657476790751314,76.48742857536776,Buldana,normal,statewide,1.414708238095045,1,7,CHIRPS Daily v2.0,Maharashtra,CHIRPS Rainfall
2025-11-19,2025-11-26,47.0,2025,P028,20.47967013624516,76.10222021266374,Buldana,normal,statewide,1.4458653256297112,1,7,CHIRPS Daily v2.0,Maharashtra,CHIRPS Rainfall
2025-11-19,2025-11-26,47.0,2025,P029,20.32317798477448,79.92829390325927,Chandrapur,normal,statewide,3.4487477242946625,1,7,CHIRPS Daily v2.0,Maharashtra,CHIRPS Rainfall
2025-11-19,2025-11-26,47.0,2025,P030,20.60872097983294,79.36304041732026,Chandrapur,normal,statewide,1.100309431552887,1,7,CHIRPS Daily v2.0,Maharashtra,CHIRPS Rainfall
2025-11-19,2025-11-26,47.0,2025,P031,20.511160307884595,79.64732594588165,Chandrapur,normal,statewide,3.3208313584327698,1,7,CHIRPS Daily v2.0,Maharashtra,CHIRPS Rainfall
2025-11-19,2025-11-26,47.0,2025,P032,20.598621115946884,79.74569817422172,Chandrapur,normal,statewide,3.537078380584717,1,7,CHIRPS Daily v2.0,Maharashtra,CHIRPS Rainfall
2025-11-19,2025-11-26,47.0,2025,P033,21.38667804512237,75.14422248324037,Dhule,normal,statewide,1.7957194149494171,1,7,CHIRPS Daily v2.0,Maharashtra,CHIRPS Rainfall
2025-11-19,2025-11-26,47.0,2025,P034,21.025151968113196,74.75989256344387,Dhule,normal,statewide,1.6620993614196777,1,7,CHIRPS Daily v2.0,Maharashtra,CHIRPS Rainfall
2025-11-19,2025-11-26,47.0,2025,P035,21.477028350667293,74.85568743137505,Dhule,normal,statewide,1.68972647190094,1,7,CHIRPS Daily v2.0,Maharashtra,CHIRPS Rainfall
2025-11-19,2025-11-26,47.0,2025,P036,20.933820660336515,74.37533522949364,Dhule,normal,statewide,0.0,1,7,CHIRPS Daily v2.0,Maharashtra,CHIRPS Rainfall
2025-11-19,2025-11-26,47.0,2025,P037,19.963056524597132,79.91698116388667,Garhchiroli,normal,statewide,3.8481221199035645,1,7,CHIRPS Daily v2.0,Maharashtra,CHIRPS Rainfall
2025-11-19,2025-11-26,47.0,2025,P038,19.062661462582188,79.88977172925856,Garhchiroli,normal,statewide,3.9058333039283752,1,7,CHIRPS Daily v2.0,Maharashtra,CHIRPS Rainfall
2025-11-19,2025-11-26,47.0,2025,P039,19.510270485428137,79.9981368030594,Garhchiroli,normal,statewide,3.206785559654236,1,7,CHIRPS Daily v2.0,Maharashtra,CHIRPS Rainfall
2025-11-19,2025-11-26,47.0,2025,P040,19.870365190999156,80.00935144220881,Garhchiroli,normal,statewide,4.5349955558776855,1,7,CHIRPS Daily v2.0,Maharashtra,CHIRPS Rainfall
2025-11-19,2025-11-26,47.0,2025,P041,21.127639946725598,80.1465044724107,Gondiya,normal,statewide,3.2694380283355713,1,7,CHIRPS Daily v2.0,Maharashtra,CHIRPS Rainfall
2025-11-19,2025-11-26,47.0,2025,P042,21.397598383602258,80.15591763473452,Gondiya,normal,statewide,3.9857002794742584,1,7,CHIRPS Daily v2.0,Maharashtra,CHIRPS Rainfall
2025-11-19,2025-11-26,47.0,2025,P043,21.574548890706154,80.25847249986273,Gondiya,normal,statewide,3.7759634852409363,1,7,CHIRPS Daily v2.0,Maharashtra,CHIRPS Rainfall
2025-11-19,2025-11-26,47.0,2025,P044,21.211649410572516,80.34153217518526,Gondiya,normal,statewide,3.2628204822540283,1,7,CHIRPS Daily v2.0,Maharashtra,CHIRPS Rainfall
2025-11-19,2025-11-26,47.0,2025,P045,19.655900266732623,77.2407892392464,Hingoli,normal,statewide,4.6650537848472595,1,7,CHIRPS Daily v2.0,Maharashtra,CHIRPS Rainfall
2025-11-19,2025-11-26,47.0,2025,P046,19.566758377573187,77.1442675378435,Hingoli,normal,statewide,1.1609478294849396,1,7,CHIRPS Daily v2.0,Maharashtra,CHIRPS Rainfall
2025-11-19,2025-11-26,47.0,2025,P047,19.47860194974656,76.9526242927685,Hingoli,normal,statewide,0.0,1,7,CHIRPS Daily v2.0,Maharashtra,CHIRPS Rainfall
2025-11-19,2025-11-26,47.0,2025,P048,19.927981235710728,77.14910120338544,Hingoli,normal,statewide,2.3271102905273438,1,7,CHIRPS Daily v2.0,Maharashtra,CHIRPS Rainfall
2025-11-19,2025-11-26,47.0,2025,P049,21.292738163229433,76.10816865346904,Jalgaon,normal,statewide,2.2675135135650635,1,7,CHIRPS Daily v2.0,Maharashtra,CHIRPS Rainfall
2025-11-19,2025-11-26,47.0,2025,P050,21.386178625804387,75.43363151891216,Jalgaon,normal,statewide,0.0,1,7,CHIRPS Daily v2.0,Maharashtra,CHIRPS Rainfall
2025-11-19,2025-11-26,47.0,2025,P051,21.112064306745907,76.10682200495089,Jalgaon,normal,statewide,0.0,1,7,CHIRPS Daily v2.0,Maharashtra,CHIRPS Rainfall
2025-11-19,2025-11-26,47.0,2025,P052,20.844437979720194,75.23982115072519,Jalgaon,normal,statewide,0.5610252544283867,1,7,CHIRPS Daily v2.0,Maharashtra,CHIRPS Rainfall
2025-11-19,2025-11-26,47.0,2025,P053,19.486369703781666,76.00005328932718,Jalna,normal,statewide,3.3956529339775443,1,7,CHIRPS Daily v2.0,Maharashtra,CHIRPS Rainfall
2025-11-19,2025-11-26,47.0,2025,P054,20.028502750758555,76.00343774702675,Jalna,normal,statewide,0.8980855569243431,1,7,CHIRPS Daily v2.0,Maharashtra,CHIRPS Rainfall
2025-11-19,2025-11-26,47.0,2025,P055,19.75743845682064,76.00172991132328,Jalna,normal,statewide,3.237788200378418,1,7,CHIRPS Daily v2.0,Maharashtra,CHIRPS Rainfall
2025-11-19,2025-11-26,47.0,2025,P056,19.57768317515413,75.80993951591351,Jalna,normal,statewide,3.2709953421726823,1,7,CHIRPS Daily v2.0,Maharashtra,CHIRPS Rainfall
2025-11-19,2025-11-26,47.0,2025,P057,16.776377793156257,74.29671235971928,Kolhapur,normal,statewide,9.0334766585147,1,7,CHIRPS Daily v2.0,Maharashtra,CHIRPS Rainfall
2025-11-19,2025-11-26,47.0,2025,P058,16.324416687682138,74.29834884980589,Kolhapur,normal,statewide,9.493725016480312,1,7,CHIRPS Daily v2.0,Maharashtra,CHIRPS Rainfall
2025-11-19,2025-11-26,47.0,2025,P059,16.595891218916975,74.39111598812178,Kolhapur,normal,statewide,5.739474840229377,1,7,CHIRPS Daily v2.0,Maharashtra,CHIRPS Rainfall
2025-11-19,2025-11-26,47.0,2025,P060,16.414811584237594,74.29802779453004,Kolhapur,normal,statewide,9.190931018441916,1,7,CHIRPS Daily v2.0,Maharashtra,CHIRPS Rainfall
2025-11-19,2025-11-26,47.0,2025,P086,21.054127206758487,79.56798961993874,Nagpur,normal,statewide,1.0972874164581299,1,7,CHIRPS Daily v2.0,Maharashtra,CHIRPS Rainfall
2025-11-19,2025-11-26,47.0,2025,P087,21.146765031143822,79.47473643960802,Nagpur,normal,statewide,1.1654201745986938,1,7,CHIRPS Daily v2.0,Maharashtra,CHIRPS Rainfall
2025-11-19,2025-11-26,47.0,2025,P088,21.347803602138427,78.61442869606356,Nagpur,normal,statewide,4.749444484710693,1,7,CHIRPS Daily v2.0,Maharashtra,CHIRPS Rainfall
2025-11-19,2025-11-26,47.0,2025,P089,21.165377318940912,78.70615240473293,Nagpur,normal,statewide,4.980249881744385,1,7,CHIRPS Daily v2.0,Maharashtra,CHIRPS Rainfall
2025-11-19,2025-11-26,47.0,2025,P090,19.201968238592887,77.42470040309472,Nanded,normal,statewide,3.2676572054624557,1,7,CHIRPS Daily v2.0,Maharashtra,CHIRPS Rainfall
2025-11-19,2025-11-26,47.0,2025,P091,18.566038000956755,77.69963965584807,Nanded,normal,statewide,0.0,1,7,CHIRPS Daily v2.0,Maharashtra,CHIRPS Rainfall
2025-11-19,2025-11-26,47.0,2025,P092,19.736596618496833,77.90946265591798,Nanded,normal,statewide,0.0,1,7,CHIRPS Daily v2.0,Maharashtra,CHIRPS Rainfall
2025-11-19,2025-11-26,47.0,2025,P093,18.93564842817583,77.04115528508362,Nanded,normal,statewide,3.369716912508011,1,7,CHIRPS Daily v2.0,Maharashtra,CHIRPS Rainfall
2025-11-19,2025-11-26,47.0,2025,P094,21.564917232430716,74.08292967791392,Nandurbar,normal,statewide,1.87656369805336,1,7,CHIRPS Daily v2.0,Maharashtra,CHIRPS Rainfall
2025-11-19,2025-11-26,47.0,2025,P095,21.5662594218478,74.37266422796263,Nandurbar,normal,statewide,1.8692063018679619,1,7,CHIRPS Daily v2.0,Maharashtra,CHIRPS Rainfall
2025-11-19,2025-11-26,47.0,2025,P096,21.385179787168415,74.27697637845674,Nandurbar,normal,statewide,1.401737466454506,1,7,CHIRPS Daily v2.0,Maharashtra,CHIRPS Rainfall
2025-11-19,2025-11-26,47.0,2025,P097,21.565421110849755,74.17950488852946,Nandurbar,normal,statewide,1.9830686524510384,1,7,CHIRPS Daily v2.0,Maharashtra,CHIRPS Rainfall
2025-11-19,2025-11-26,47.0,2025,P098,20.299553667393326,73.99482675929994,Nashik,normal,statewide,3.512112855911255,1,7,CHIRPS Daily v2.0,Maharashtra,CHIRPS Rainfall
2025-11-19,2025-11-26,47.0,2025,P099,20.120253214034264,74.28296495117151,Nashik,normal,statewide,3.7479264438152313,1,7,CHIRPS Daily v2.0,Maharashtra,CHIRPS Rainfall
2025-11-19,2025-11-26,47.0,2025,P100,20.389903972938242,73.99424261706194,Nashik,normal,statewide,3.480900675058365,1,7,CHIRPS Daily v2.0,Maharashtra,CHIRPS Rainfall
2025-11-19,2025-11-26,47.0,2025,P101,20.029015547379707,74.09216447619562,Nashik,normal,statewide,4.1903626108542085,1,7,CHIRPS Daily v2.0,Maharashtra,CHIRPS Rainfall
2025-11-19,2025-11-26,47.0,2025,P102,17.85749130266526,76.36802722645965,Osmanabad,normal,statewide,3.250304102897644,1,7,CHIRPS Daily v2.0,Maharashtra,CHIRPS Rainfall
2025-11-19,2025-11-26,47.0,2025,P103,17.76644983645705,76.46164605307673,Osmanabad,normal,statewide,3.9227266907691956,1,7,CHIRPS Daily v2.0,Maharashtra,CHIRPS Rainfall
2025-11-19,2025-11-26,47.0,2025,P104,17.949094615606196,76.17989775301476,Osmanabad,normal,statewide,3.2140477895736694,1,7,CHIRPS Daily v2.0,Maharashtra,CHIRPS Rainfall
2025-11-19,2025-11-26,47.0,2025,P105,18.584360447185368,75.61558067829696,Osmanabad,normal,statewide,3.242426797747612,1,7,CHIRPS Daily v2.0,Maharashtra,CHIRPS Rainfall
2025-11-19,2025-11-26,47.0,2025,P106,19.031389786894366,76.47235681380711,Parbhani,normal,statewide,3.5020581781864166,1,7,CHIRPS Daily v2.0,Maharashtra,CHIRPS Rainfall
2025-11-19,2025-11-26,47.0,2025,P107,19.120950831552832,76.56820519095093,Parbhani,normal,statewide,3.566614270210266,1,7,CHIRPS Daily v2.0,Maharashtra,CHIRPS Rainfall
2025-11-19,2025-11-26,47.0,2025,P108,19.208625676465683,76.85432786914635,Parbhani,normal,statewide,0.0,1,7,CHIRPS Daily v2.0,Maharashtra,CHIRPS Rainfall
2025-11-19,2025-11-26,47.0,2025,P109,19.212081479782103,76.47396209018636,Parbhani,normal,statewide,2.969766527414322,1,7,CHIRPS Daily v2.0,Maharashtra,CHIRPS Rainfall
2025-11-19,2025-11-26,47.0,2025,P110,18.133442771357757,75.04679558432363,Pune,normal,statewide,3.564933404326439,1,7,CHIRPS Daily v2.0,Maharashtra,CHIRPS Rainfall
2025-11-19,2025-11-26,47.0,2025,P111,18.584645829652782,74.47919215212944,Pune,normal,statewide,7.016944408416748,1,7,CHIRPS Daily v2.0,Maharashtra,CHIRPS Rainfall
2025-11-19,2025-11-26,47.0,2025,P112,18.132979024848197,74.57507620208169,Pune,normal,statewide,6.052119717001915,1,7,CHIRPS Daily v2.0,Maharashtra,CHIRPS Rainfall
2025-11-19,2025-11-26,47.0,2025,P113,18.314072036830744,74.76389683618987,Pune,normal,statewide,3.5880224406719208,1,7,CHIRPS Daily v2.0,Maharashtra,CHIRPS Rainfall
2025-11-19,2025-11-26,47.0,2025,P114,18.48503397121986,73.0589238755964,Raigarh,normal,statewide,1.4684104099869728,1,7,CHIRPS Daily v2.0,Maharashtra,CHIRPS Rainfall
2025-11-19,2025-11-26,47.0,2025,P115,18.665689991299164,73.05687714821288,Raigarh,normal,statewide,1.0697259046137333,1,7,CHIRPS Daily v2.0,Maharashtra,CHIRPS Rainfall
2025-11-19,2025-11-26,47.0,2025,P116,18.306197264370358,73.25009891506079,Raigarh,normal,statewide,2.067198731005192,1,7,CHIRPS Daily v2.0,Maharashtra,CHIRPS Rainfall
2025-11-19,2025-11-26,47.0,2025,P117,18.21404102289879,73.06194714611064,Raigarh,normal,statewide,1.2590989340096712,1,7,CHIRPS Daily v2.0,Maharashtra,CHIRPS Rainfall
2025-11-19,2025-11-26,47.0,2025,P118,17.138719885658215,75.42259970290594,Sangli,normal,statewide,4.382244348526001,1,7,CHIRPS Daily v2.0,Maharashtra,CHIRPS Rainfall
2025-11-19,2025-11-26,47.0,2025,P119,17.048761981005992,74.95348443567921,Sangli,normal,statewide,4.726828932762146,1,7,CHIRPS Daily v2.0,Maharashtra,CHIRPS Rainfall
2025-11-19,2025-11-26,47.0,2025,P120,16.86707144948229,74.39025538161847,Sangli,normal,statewide,4.722007931559347,1,7,CHIRPS Daily v2.0,Maharashtra,CHIRPS Rainfall
2025-11-19,2025-11-26,47.0,2025,P121,17.048503353144895,74.67157114887826,Sangli,normal,statewide,3.7032787799835205,1,7,CHIRPS Daily v2.0,Maharashtra,CHIRPS Rainfall
2025-11-19,2025-11-26,47.0,2025,P148,17.67852974098626,76.08383979812143,Solapur,normal,statewide,3.0702807903289795,1,7,CHIRPS Daily v2.0,Maharashtra,CHIRPS Rainfall
2025-11-19,2025-11-26,47.0,2025,P149,18.223365003201543,75.4251413905064,Solapur,normal,statewide,4.4010758474469185,1,7,CHIRPS Daily v2.0,Maharashtra,CHIRPS Rainfall
2025-11-19,2025-11-26,47.0,2025,P150,17.952532582518405,75.23562067753285,Solapur,normal,statewide,5.62713348865509,1,7,CHIRPS Daily v2.0,Maharashtra,CHIRPS Rainfall
2025-11-19,2025-11-26,47.0,2025,P151,18.223690517578447,75.23598186471818,Solapur,normal,statewide,3.0193570517003536,1,7,CHIRPS Daily v2.0,Maharashtra,CHIRPS Rainfall
2025-11-19,2025-11-26,47.0,2025,P152,19.658178867370932,72.94986318203122,Thane,normal,statewide,3.7973693013191223,1,7,CHIRPS Daily v2.0,Maharashtra,CHIRPS Rainfall
2025-11-19,2025-11-26,47.0,2025,P153,19.65706409210757,72.8545320606096,Thane,normal,statewide,3.7986576557159424,1,7,CHIRPS Daily v2.0,Maharashtra,CHIRPS Rainfall
2025-11-19,2025-11-26,47.0,2025,P154,19.477549601897948,72.95214624177059,Thane,normal,statewide,0.0,1,7,CHIRPS Daily v2.0,Maharashtra,CHIRPS Rainfall
2025-11-19,2025-11-26,47.0,2025,P155,19.83987385799569,73.0429959666335,Thane,normal,statewide,2.7652645111083984,1,7,CHIRPS Daily v2.0,Maharashtra,CHIRPS Rainfall
2025-11-19,2025-11-26,47.0,2025,P156,20.806749657616468,78.60135461177485,Wardha,normal,statewide,4.080646634101868,1,7,CHIRPS Daily v2.0,Maharashtra,CHIRPS Rainfall
2025-11-19,2025-11-26,47.0,2025,P157,20.71031267913359,78.88671032458906,Wardha,normal,statewide,1.34183731675148,1,7,CHIRPS Daily v2.0,Maharashtra,CHIRPS Rainfall
2025-11-19,2025-11-26,47.0,2025,P158,21.081265295769754,78.41565980750515,Wardha,normal,statewide,5.392827987670898,1,7,CHIRPS Daily v2.0,Maharashtra,CHIRPS Rainfall
2025-11-19,2025-11-26,47.0,2025,P159,20.439854822938944,78.87986114537097,Wardha,normal,statewide,1.0148279815912247,1,7,CHIRPS Daily v2.0,Maharashtra,CHIRPS Rainfall
2025-11-19,2025-11-26,47.0,2025,P160,20.289186257444058,77.15404188735265,Washim,normal,statewide,6.90314245223999,1,7,CHIRPS Daily v2.0,Maharashtra,CHIRPS Rainfall
2025-11-19,2025-11-26,47.0,2025,P161,20.464607292886615,77.53975858757677,Washim,normal,statewide,6.295336127281189,1,7,CHIRPS Daily v2.0,Maharashtra,CHIRPS Rainfall
2025-11-19,2025-11-26,47.0,2025,P162,20.107393166596125,77.2471479173486,Washim,normal,statewide,6.30097758769989,1,7,CHIRPS Daily v2.0,Maharashtra,CHIRPS Rainfall
2025-11-19,2025-11-26,47.0,2025,P163,20.198885002010726,77.1527933390577,Washim,normal,statewide,6.421904623508453,1,7,CHIRPS Daily v2.0,Maharashtra,CHIRPS Rainfall
2025-11-19,2025-11-26,47.0,2025,P164,20.182854533723592,78.20447678161395,Yavatmal,normal,statewide,0.0,1,7,CHIRPS Daily v2.0,Maharashtra,CHIRPS Rainfall
2025-11-19,2025-11-26,47.0,2025,P165,19.894658373538324,79.05709703494229,Yavatmal,normal,statewide,0.8350407481193542,1,7,CHIRPS Daily v2.0,Maharashtra,CHIRPS Rainfall
2025-11-19,2025-11-26,47.0,2025,P166,19.468787468327925,77.71426550730338,Yavatmal,normal,statewide,4.606941133737564,1,7,CHIRPS Daily v2.0,Maharashtra,CHIRPS Rainfall
2025-11-19,2025-11-26,47.0,2025,P167,19.559057510053886,77.71577268345945,Yavatmal,normal,statewide,4.451617002487183,1,7,CHIRPS Daily v2.0,Maharashtra,CHIRPS Rainfall
2025-11-26,2025-12-03,48.0,2025,P147,17.927231643141155,73.94769852026607,Satara,case_study,case_study,9.210692167282104,1,7,CHIRPS Daily v2.0,Maharashtra,CHIRPS Rainfall
2025-11-26,2025-12-03,48.0,2025,P061,18.507855650411397,76.91766048140843,Latur,high,priority,5.706301778554916,1,7,CHIRPS Daily v2.0,Maharashtra,CHIRPS Rainfall
2025-11-26,2025-12-03,48.0,2025,P062,18.422405896924207,76.3487594508077,Latur,high,priority,5.798632204532623,1,7,CHIRPS Daily v2.0,Maharashtra,CHIRPS Rainfall
2025-11-26,2025-12-03,48.0,2025,P063,18.235391198742693,77.05646783810116,Latur,high,priority,3.3553387224674225,1,7,CHIRPS Daily v2.0,Maharashtra,CHIRPS Rainfall
2025-11-26,2025-12-03,48.0,2025,P064,18.193056493341274,76.77240080549139,Latur,high,priority,1.3579240068793297,1,7,CHIRPS Daily v2.0,Maharashtra,CHIRPS Rainfall
2025-11-26,2025-12-03,48.0,2025,P065,18.331355512513895,76.44266811899327,Latur,high,priority,3.130520075559616,1,7,CHIRPS Daily v2.0,Maharashtra,CHIRPS Rainfall
2025-11-26,2025-12-03,48.0,2025,P066,18.104739537876725,76.5352970251765,Latur,high,priority,3.006755158305168,1,7,CHIRPS Daily v2.0,Maharashtra,CHIRPS Rainfall
2025-11-26,2025-12-03,48.0,2025,P067,18.280552974211986,77.0569984711265,Latur,high,priority,3.4515540152788162,1,7,CHIRPS Daily v2.0,Maharashtra,CHIRPS Rainfall
2025-11-26,2025-12-03,48.0,2025,P068,18.101823285787773,76.86595720469373,Latur,high,priority,1.4122172370553017,1,7,CHIRPS Daily v2.0,Maharashtra,CHIRPS Rainfall
2025-11-26,2025-12-03,48.0,2025,P069,18.595075667016793,77.20284228928156,Latur,high,priority,5.049203760921955,1,7,CHIRPS Daily v2.0,Maharashtra,CHIRPS Rainfall
2025-11-26,2025-12-03,48.0,2025,P070,18.41499041187233,77.15322587185987,Latur,high,priority,5.719541788101196,1,7,CHIRPS Daily v2.0,Maharashtra,CHIRPS Rainfall
2025-11-26,2025-12-03,48.0,2025,P071,18.149138807065885,76.63019561379593,Latur,high,priority,3.0799005031585693,1,7,CHIRPS Daily v2.0,Maharashtra,CHIRPS Rainfall
2025-11-26,2025-12-03,48.0,2025,P072,18.283393421583035,76.77331492120734,Latur,high,priority,1.2384269014000893,1,7,CHIRPS Daily v2.0,Maharashtra,CHIRPS Rainfall
2025-11-26,2025-12-03,48.0,2025,P073,17.966315663874607,76.86453029235662,Latur,high,priority,6.596521317958832,1,7,CHIRPS Daily v2.0,Maharashtra,CHIRPS Rainfall
2025-11-26,2025-12-03,48.0,2025,P074,18.50832831512306,76.870318205524,Latur,high,priority,3.6451645493507385,1,7,CHIRPS Daily v2.0,Maharashtra,CHIRPS Rainfall
2025-11-26,2025-12-03,48.0,2025,P075,18.41444640154381,77.20053247493588,Latur,high,priority,5.4157902002334595,1,7,CHIRPS Daily v2.0,Maharashtra,CHIRPS Rainfall
2025-11-26,2025-12-03,48.0,2025,P076,18.377877313804504,76.25376722106614,Latur,high,priority,5.455549478530884,1,7,CHIRPS Daily v2.0,Maharashtra,CHIRPS Rainfall
2025-11-26,2025-12-03,48.0,2025,P077,18.059564385104267,76.5349046242838,Latur,high,priority,2.925717055797577,1,7,CHIRPS Daily v2.0,Maharashtra,CHIRPS Rainfall
2025-11-26,2025-12-03,48.0,2025,P078,18.1008824154655,76.96042326051098,Latur,high,priority,3.571548253297806,1,7,CHIRPS Daily v2.0,Maharashtra,CHIRPS Rainfall
2025-11-26,2025-12-03,48.0,2025,P079,18.73508698099394,76.77797468180819,Latur,high,priority,3.791953206062317,1,7,CHIRPS Daily v2.0,Maharashtra,CHIRPS Rainfall
2025-11-26,2025-12-03,48.0,2025,P080,18.46791548227568,76.3017694439065,Latur,high,priority,5.744072824716568,1,7,CHIRPS Daily v2.0,Maharashtra,CHIRPS Rainfall
2025-11-26,2025-12-03,48.0,2025,P081,18.10355787609756,76.67701617485712,Latur,high,priority,3.1085927486419678,1,7,CHIRPS Daily v2.0,Maharashtra,CHIRPS Rainfall
2025-11-26,2025-12-03,48.0,2025,P082,18.23907887531389,76.67830931416262,Latur,high,priority,3.1277758479118347,1,7,CHIRPS Daily v2.0,Maharashtra,CHIRPS Rainfall
2025-11-26,2025-12-03,48.0,2025,P083,18.369289085175563,77.19996171000103,Latur,high,priority,3.480977714061737,1,7,CHIRPS Daily v2.0,Maharashtra,CHIRPS Rainfall
2025-11-26,2025-12-03,48.0,2025,P084,18.46362582706226,76.82249880582684,Latur,high,priority,3.544826775789261,1,7,CHIRPS Daily v2.0,Maharashtra,CHIRPS Rainfall
2025-11-26,2025-12-03,48.0,2025,P085,18.14788579966987,76.77194597718393,Latur,high,priority,1.2860324084758759,1,7,CHIRPS Daily v2.0,Maharashtra,CHIRPS Rainfall
2025-11-26,2025-12-03,48.0,2025,P122,17.88145897082753,73.8441448165019,Satara,high,priority,10.429393291473389,1,7,CHIRPS Daily v2.0,Maharashtra,CHIRPS Rainfall
2025-11-26,2025-12-03,48.0,2025,P123,17.386414030975025,74.27088970551878,Satara,high,priority,7.960115909576416,1,7,CHIRPS Daily v2.0,Maharashtra,CHIRPS Rainfall
2025-11-26,2025-12-03,48.0,2025,P124,17.43262815429294,74.647353771057,Satara,high,priority,7.112911224365234,1,7,CHIRPS Daily v2.0,Maharashtra,CHIRPS Rainfall
2025-11-26,2025-12-03,48.0,2025,P125,17.56734651531964,74.31728219287884,Satara,high,priority,5.1475430727005005,1,7,CHIRPS Daily v2.0,Maharashtra,CHIRPS Rainfall
2025-11-26,2025-12-03,48.0,2025,P126,17.205080227535593,74.13053949986157,Satara,high,priority,8.31933879852295,1,7,CHIRPS Daily v2.0,Maharashtra,CHIRPS Rainfall
2025-11-26,2025-12-03,48.0,2025,P127,17.65773249367299,74.31694330119876,Satara,high,priority,5.7694491147994995,1,7,CHIRPS Daily v2.0,Maharashtra,CHIRPS Rainfall
2025-11-26,2025-12-03,48.0,2025,P128,18.019949731345452,74.5517328080669,Satara,high,priority,5.882932066917419,1,7,CHIRPS Daily v2.0,Maharashtra,CHIRPS Rainfall
2025-11-26,2025-12-03,48.0,2025,P129,18.063234225271252,74.03192648006461,Satara,high,priority,8.383463859558105,1,7,CHIRPS Daily v2.0,Maharashtra,CHIRPS Rainfall
2025-11-26,2025-12-03,48.0,2025,P130,17.61135784271715,74.03436560834085,Satara,high,priority,7.958430767059326,1,7,CHIRPS Daily v2.0,Maharashtra,CHIRPS Rainfall
2025-11-26,2025-12-03,48.0,2025,P131,17.612539504496315,74.3171127470388,Satara,high,priority,5.567623853683472,1,7,CHIRPS Daily v2.0,Maharashtra,CHIRPS Rainfall
2025-11-26,2025-12-03,48.0,2025,P132,17.702176353872684,74.12817617630324,Satara,high,priority,7.516318440437317,1,7,CHIRPS Daily v2.0,Maharashtra,CHIRPS Rainfall
2025-11-26,2025-12-03,48.0,2025,P133,17.25006363896275,74.08329532420031,Satara,high,priority,8.644172668457031,1,7,CHIRPS Daily v2.0,Maharashtra,CHIRPS Rainfall
2025-11-26,2025-12-03,48.0,2025,P134,17.476429903940936,74.17634784498362,Satara,high,priority,5.450413107872009,1,7,CHIRPS Daily v2.0,Maharashtra,CHIRPS Rainfall
2025-11-26,2025-12-03,48.0,2025,P135,17.882716437324603,74.0801070669471,Satara,high,priority,9.080195784568787,1,7,CHIRPS Daily v2.0,Maharashtra,CHIRPS Rainfall
2025-11-26,2025-12-03,48.0,2025,P136,17.928520323345598,74.22149178404871,Satara,high,priority,7.208429336547852,1,7,CHIRPS Daily v2.0,Maharashtra,CHIRPS Rainfall
2025-11-26,2025-12-03,48.0,2025,P137,17.746687100588183,73.98648378122894,Satara,high,priority,7.737233757972717,1,7,CHIRPS Daily v2.0,Maharashtra,CHIRPS Rainfall
2025-11-26,2025-12-03,48.0,2025,P138,17.61269557303319,74.36423652697161,Satara,high,priority,5.602335453033447,1,7,CHIRPS Daily v2.0,Maharashtra,CHIRPS Rainfall
2025-11-26,2025-12-03,48.0,2025,P139,17.656773786946495,74.08126197411994,Satara,high,priority,8.015573024749756,1,7,CHIRPS Daily v2.0,Maharashtra,CHIRPS Rainfall
2025-11-26,2025-12-03,48.0,2025,P140,17.97464080554139,74.50462240543725,Satara,high,priority,5.385160207748413,1,7,CHIRPS Daily v2.0,Maharashtra,CHIRPS Rainfall
2025-11-26,2025-12-03,48.0,2025,P141,17.430826677467348,74.08239904488856,Satara,high,priority,5.929404258728027,1,7,CHIRPS Daily v2.0,Maharashtra,CHIRPS Rainfall
2025-11-26,2025-12-03,48.0,2025,P142,18.064447100757786,74.31538707493111,Satara,high,priority,7.083645857172087,1,7,CHIRPS Daily v2.0,Maharashtra,CHIRPS Rainfall
2025-11-26,2025-12-03,48.0,2025,P143,17.70379500755509,74.6468275971327,Satara,high,priority,6.945373684167862,1,7,CHIRPS Daily v2.0,Maharashtra,CHIRPS Rainfall
2025-11-26,2025-12-03,48.0,2025,P144,17.929452275465767,74.50474726026674,Satara,high,priority,5.289634466171265,1,7,CHIRPS Daily v2.0,Maharashtra,CHIRPS Rainfall
2025-11-26,2025-12-03,48.0,2025,P145,17.47773196144854,74.60017202281048,Satara,high,priority,7.1829551458358765,1,7,CHIRPS Daily v2.0,Maharashtra,CHIRPS Rainfall
2025-11-26,2025-12-03,48.0,2025,P146,17.839182233739812,74.55218763637436,Satara,high,priority,4.804373323917389,1,7,CHIRPS Daily v2.0,Maharashtra,CHIRPS Rainfall
2025-11-26,2025-12-03,48.0,2025,P001,19.940457800458272,74.57045211428928,Ahmednagar,normal,statewide,13.209802806377411,1,7,CHIRPS Daily v2.0,Maharashtra,CHIRPS Rainfall
2025-11-26,2025-12-03,48.0,2025,P002,18.946729294293643,74.76302285238339,Ahmednagar,normal,statewide,5.216797411441803,1,7,CHIRPS Daily v2.0,Maharashtra,CHIRPS Rainfall
2025-11-26,2025-12-03,48.0,2025,P003,18.49469238410162,74.66892244285252,Ahmednagar,normal,statewide,4.577210932970047,1,7,CHIRPS Daily v2.0,Maharashtra,CHIRPS Rainfall
2025-11-26,2025-12-03,48.0,2025,P004,19.03720445466806,75.1420731965326,Ahmednagar,normal,statewide,4.670314311981201,1,7,CHIRPS Daily v2.0,Maharashtra,CHIRPS Rainfall
2025-11-26,2025-12-03,48.0,2025,P005,20.832153156317954,77.06560453615967,Akola,normal,statewide,0.0,1,7,CHIRPS Daily v2.0,Maharashtra,CHIRPS Rainfall
2025-11-26,2025-12-03,48.0,2025,P006,20.834360411339407,76.87349308547405,Akola,normal,statewide,3.3735911410767585,1,7,CHIRPS Daily v2.0,Maharashtra,CHIRPS Rainfall
2025-11-26,2025-12-03,48.0,2025,P007,21.014976299509232,76.87574047240498,Akola,normal,statewide,3.4923711179289967,1,7,CHIRPS Daily v2.0,Maharashtra,CHIRPS Rainfall
2025-11-26,2025-12-03,48.0,2025,P008,20.828434266039377,77.35372489162701,Akola,normal,statewide,3.279574813786894,1,7,CHIRPS Daily v2.0,Maharashtra,CHIRPS Rainfall
2025-11-26,2025-12-03,48.0,2025,P009,21.360971327549258,77.94039543992572,Amravati,normal,statewide,3.7014575581706595,1,7,CHIRPS Daily v2.0,Maharashtra,CHIRPS Rainfall
2025-11-26,2025-12-03,48.0,2025,P010,21.178803672212837,78.03301542790685,Amravati,normal,statewide,4.205965820350684,1,7,CHIRPS Daily v2.0,Maharashtra,CHIRPS Rainfall
2025-11-26,2025-12-03,48.0,2025,P011,20.814388097721018,78.21764450702477,Amravati,normal,statewide,4.6097899451851845,1,7,CHIRPS Daily v2.0,Maharashtra,CHIRPS Rainfall
2025-11-26,2025-12-03,48.0,2025,P012,21.180502589714195,77.93681032267875,Amravati,normal,statewide,4.069496996817179,1,7,CHIRPS Daily v2.0,Maharashtra,CHIRPS Rainfall
2025-11-26,2025-12-03,48.0,2025,P013,20.031289688916964,74.8570519162974,Aurangabad,normal,statewide,3.2841302156448364,1,7,CHIRPS Daily v2.0,Maharashtra,CHIRPS Rainfall
2025-11-26,2025-12-03,48.0,2025,P014,19.760185263069562,75.14270192978114,Aurangabad,normal,statewide,4.189167737960815,1,7,CHIRPS Daily v2.0,Maharashtra,CHIRPS Rainfall
2025-11-26,2025-12-03,48.0,2025,P015,19.9408189876436,74.76157364454102,Aurangabad,normal,statewide,1.2280022725462914,1,7,CHIRPS Daily v2.0,Maharashtra,CHIRPS Rainfall
2025-11-26,2025-12-03,48.0,2025,P016,19.66981712112043,75.14262166596218,Aurangabad,normal,statewide,3.517141044139862,1,7,CHIRPS Daily v2.0,Maharashtra,CHIRPS Rainfall
2025-11-26,2025-12-03,48.0,2025,P017,21.04613203856966,79.85576216552393,Bhandara,normal,statewide,3.638262093067169,1,7,CHIRPS Daily v2.0,Maharashtra,CHIRPS Rainfall
2025-11-26,2025-12-03,48.0,2025,P018,21.31897105472685,79.76852877161537,Bhandara,normal,statewide,4.555721759796143,1,7,CHIRPS Daily v2.0,Maharashtra,CHIRPS Rainfall
2025-11-26,2025-12-03,48.0,2025,P019,21.40900922319803,79.77144948280537,Bhandara,normal,statewide,4.665789365768433,1,7,CHIRPS Daily v2.0,Maharashtra,CHIRPS Rainfall
2025-11-26,2025-12-03,48.0,2025,P020,21.144196588937042,79.57074980349083,Bhandara,normal,statewide,1.3170196264982224,1,7,CHIRPS Daily v2.0,Maharashtra,CHIRPS Rainfall
2025-11-26,2025-12-03,48.0,2025,P021,18.67502288980403,75.52108340877234,Bid,normal,statewide,3.3756853342056274,1,7,CHIRPS Daily v2.0,Maharashtra,CHIRPS Rainfall
2025-11-26,2025-12-03,48.0,2025,P022,18.856499384477168,75.04699178476999,Bid,normal,statewide,4.639782190322876,1,7,CHIRPS Daily v2.0,Maharashtra,CHIRPS Rainfall
2025-11-26,2025-12-03,48.0,2025,P023,19.126596053486494,75.6175605191647,Bid,normal,statewide,6.90177047252655,1,7,CHIRPS Daily v2.0,Maharashtra,CHIRPS Rainfall
2025-11-26,2025-12-03,48.0,2025,P024,18.763955201213946,75.90084720909012,Bid,normal,statewide,6.23367166519165,1,7,CHIRPS Daily v2.0,Maharashtra,CHIRPS Rainfall
2025-11-26,2025-12-03,48.0,2025,P025,20.93073496240753,76.20164478885242,Buldana,normal,statewide,1.0425827205181122,1,7,CHIRPS Daily v2.0,Maharashtra,CHIRPS Rainfall
2025-11-26,2025-12-03,48.0,2025,P026,20.838939908121294,76.39311412898633,Buldana,normal,statewide,0.9110848507843912,1,7,CHIRPS Daily v2.0,Maharashtra,CHIRPS Rainfall
2025-11-26,2025-12-03,48.0,2025,P027,20.657476790751314,76.48742857536776,Buldana,normal,statewide,1.4519619420170784,1,7,CHIRPS Daily v2.0,Maharashtra,CHIRPS Rainfall
2025-11-26,2025-12-03,48.0,2025,P028,20.47967013624516,76.10222021266374,Buldana,normal,statewide,1.485093280673027,1,7,CHIRPS Daily v2.0,Maharashtra,CHIRPS Rainfall
2025-11-26,2025-12-03,48.0,2025,P029,20.32317798477448,79.92829390325927,Chandrapur,normal,statewide,5.975348591804504,1,7,CHIRPS Daily v2.0,Maharashtra,CHIRPS Rainfall
2025-11-26,2025-12-03,48.0,2025,P030,20.60872097983294,79.36304041732026,Chandrapur,normal,statewide,1.2154693752527237,1,7,CHIRPS Daily v2.0,Maharashtra,CHIRPS Rainfall
2025-11-26,2025-12-03,48.0,2025,P031,20.511160307884595,79.64732594588165,Chandrapur,normal,statewide,3.393805146217346,1,7,CHIRPS Daily v2.0,Maharashtra,CHIRPS Rainfall
2025-11-26,2025-12-03,48.0,2025,P032,20.598621115946884,79.74569817422172,Chandrapur,normal,statewide,3.6598375514149666,1,7,CHIRPS Daily v2.0,Maharashtra,CHIRPS Rainfall
2025-11-26,2025-12-03,48.0,2025,P033,21.38667804512237,75.14422248324037,Dhule,normal,statewide,2.017305016517639,1,7,CHIRPS Daily v2.0,Maharashtra,CHIRPS Rainfall
2025-11-26,2025-12-03,48.0,2025,P034,21.025151968113196,74.75989256344387,Dhule,normal,statewide,1.9583320319652557,1,7,CHIRPS Daily v2.0,Maharashtra,CHIRPS Rainfall
2025-11-26,2025-12-03,48.0,2025,P035,21.477028350667293,74.85568743137505,Dhule,normal,statewide,1.9197237193584442,1,7,CHIRPS Daily v2.0,Maharashtra,CHIRPS Rainfall
2025-11-26,2025-12-03,48.0,2025,P036,20.933820660336515,74.37533522949364,Dhule,normal,statewide,0.0,1,7,CHIRPS Daily v2.0,Maharashtra,CHIRPS Rainfall
2025-11-26,2025-12-03,48.0,2025,P037,19.963056524597132,79.91698116388667,Garhchiroli,normal,statewide,3.277696378529072,1,7,CHIRPS Daily v2.0,Maharashtra,CHIRPS Rainfall
2025-11-26,2025-12-03,48.0,2025,P038,19.062661462582188,79.88977172925856,Garhchiroli,normal,statewide,3.2097622454166412,1,7,CHIRPS Daily v2.0,Maharashtra,CHIRPS Rainfall
2025-11-26,2025-12-03,48.0,2025,P039,19.510270485428137,79.9981368030594,Garhchiroli,normal,statewide,2.60798616707325,1,7,CHIRPS Daily v2.0,Maharashtra,CHIRPS Rainfall
2025-11-26,2025-12-03,48.0,2025,P040,19.870365190999156,80.00935144220881,Garhchiroli,normal,statewide,3.7578932617325336,1,7,CHIRPS Daily v2.0,Maharashtra,CHIRPS Rainfall
2025-11-26,2025-12-03,48.0,2025,P041,21.127639946725598,80.1465044724107,Gondiya,normal,statewide,3.5530636310577393,1,7,CHIRPS Daily v2.0,Maharashtra,CHIRPS Rainfall
2025-11-26,2025-12-03,48.0,2025,P042,21.397598383602258,80.15591763473452,Gondiya,normal,statewide,4.1757876724004745,1,7,CHIRPS Daily v2.0,Maharashtra,CHIRPS Rainfall
2025-11-26,2025-12-03,48.0,2025,P043,21.574548890706154,80.25847249986273,Gondiya,normal,statewide,3.8717121481895447,1,7,CHIRPS Daily v2.0,Maharashtra,CHIRPS Rainfall
2025-11-26,2025-12-03,48.0,2025,P044,21.211649410572516,80.34153217518526,Gondiya,normal,statewide,3.3604028820991516,1,7,CHIRPS Daily v2.0,Maharashtra,CHIRPS Rainfall
2025-11-26,2025-12-03,48.0,2025,P045,19.655900266732623,77.2407892392464,Hingoli,normal,statewide,4.740747511386871,1,7,CHIRPS Daily v2.0,Maharashtra,CHIRPS Rainfall
2025-11-26,2025-12-03,48.0,2025,P046,19.566758377573187,77.1442675378435,Hingoli,normal,statewide,1.1015056520700455,1,7,CHIRPS Daily v2.0,Maharashtra,CHIRPS Rainfall
2025-11-26,2025-12-03,48.0,2025,P047,19.47860194974656,76.9526242927685,Hingoli,normal,statewide,0.0,1,7,CHIRPS Daily v2.0,Maharashtra,CHIRPS Rainfall
2025-11-26,2025-12-03,48.0,2025,P048,19.927981235710728,77.14910120338544,Hingoli,normal,statewide,2.325077772140503,1,7,CHIRPS Daily v2.0,Maharashtra,CHIRPS Rainfall
2025-11-26,2025-12-03,48.0,2025,P049,21.292738163229433,76.10816865346904,Jalgaon,normal,statewide,2.6014469265937805,1,7,CHIRPS Daily v2.0,Maharashtra,CHIRPS Rainfall
2025-11-26,2025-12-03,48.0,2025,P050,21.386178625804387,75.43363151891216,Jalgaon,normal,statewide,1.0731756687164307,1,7,CHIRPS Daily v2.0,Maharashtra,CHIRPS Rainfall
2025-11-26,2025-12-03,48.0,2025,P051,21.112064306745907,76.10682200495089,Jalgaon,normal,statewide,0.0,1,7,CHIRPS Daily v2.0,Maharashtra,CHIRPS Rainfall
2025-11-26,2025-12-03,48.0,2025,P052,20.844437979720194,75.23982115072519,Jalgaon,normal,statewide,0.6492429599165916,1,7,CHIRPS Daily v2.0,Maharashtra,CHIRPS Rainfall
2025-11-26,2025-12-03,48.0,2025,P053,19.486369703781666,76.00005328932718,Jalna,normal,statewide,3.33432425186038,1,7,CHIRPS Daily v2.0,Maharashtra,CHIRPS Rainfall
2025-11-26,2025-12-03,48.0,2025,P054,20.028502750758555,76.00343774702675,Jalna,normal,statewide,0.899368166923523,1,7,CHIRPS Daily v2.0,Maharashtra,CHIRPS Rainfall
2025-11-26,2025-12-03,48.0,2025,P055,19.75743845682064,76.00172991132328,Jalna,normal,statewide,3.161656826734543,1,7,CHIRPS Daily v2.0,Maharashtra,CHIRPS Rainfall
2025-11-26,2025-12-03,48.0,2025,P056,19.57768317515413,75.80993951591351,Jalna,normal,statewide,3.262359857559204,1,7,CHIRPS Daily v2.0,Maharashtra,CHIRPS Rainfall
2025-11-26,2025-12-03,48.0,2025,P057,16.776377793156257,74.29671235971928,Kolhapur,normal,statewide,9.744958877563477,1,7,CHIRPS Daily v2.0,Maharashtra,CHIRPS Rainfall
2025-11-26,2025-12-03,48.0,2025,P058,16.324416687682138,74.29834884980589,Kolhapur,normal,statewide,10.557514190673828,1,7,CHIRPS Daily v2.0,Maharashtra,CHIRPS Rainfall
2025-11-26,2025-12-03,48.0,2025,P059,16.595891218916975,74.39111598812178,Kolhapur,normal,statewide,6.417312860488892,1,7,CHIRPS Daily v2.0,Maharashtra,CHIRPS Rainfall
2025-11-26,2025-12-03,48.0,2025,P060,16.414811584237594,74.29802779453004,Kolhapur,normal,statewide,10.28627061843872,1,7,CHIRPS Daily v2.0,Maharashtra,CHIRPS Rainfall
2025-11-26,2025-12-03,48.0,2025,P086,21.054127206758487,79.56798961993874,Nagpur,normal,statewide,1.2309292703866959,1,7,CHIRPS Daily v2.0,Maharashtra,CHIRPS Rainfall
2025-11-26,2025-12-03,48.0,2025,P087,21.146765031143822,79.47473643960802,Nagpur,normal,statewide,1.3431996405124664,1,7,CHIRPS Daily v2.0,Maharashtra,CHIRPS Rainfall
2025-11-26,2025-12-03,48.0,2025,P088,21.347803602138427,78.61442869606356,Nagpur,normal,statewide,5.030341148376465,1,7,CHIRPS Daily v2.0,Maharashtra,CHIRPS Rainfall
2025-11-26,2025-12-03,48.0,2025,P089,21.165377318940912,78.70615240473293,Nagpur,normal,statewide,5.387861251831055,1,7,CHIRPS Daily v2.0,Maharashtra,CHIRPS Rainfall
2025-11-26,2025-12-03,48.0,2025,P090,19.201968238592887,77.42470040309472,Nanded,normal,statewide,2.876104161143303,1,7,CHIRPS Daily v2.0,Maharashtra,CHIRPS Rainfall
2025-11-26,2025-12-03,48.0,2025,P091,18.566038000956755,77.69963965584807,Nanded,normal,statewide,0.0,1,7,CHIRPS Daily v2.0,Maharashtra,CHIRPS Rainfall
2025-11-26,2025-12-03,48.0,2025,P092,19.736596618496833,77.90946265591798,Nanded,normal,statewide,0.0,1,7,CHIRPS Daily v2.0,Maharashtra,CHIRPS Rainfall
2025-11-26,2025-12-03,48.0,2025,P093,18.93564842817583,77.04115528508362,Nanded,normal,statewide,2.9194775819778442,1,7,CHIRPS Daily v2.0,Maharashtra,CHIRPS Rainfall
2025-11-26,2025-12-03,48.0,2025,P094,21.564917232430716,74.08292967791392,Nandurbar,normal,statewide,1.8904675245285034,1,7,CHIRPS Daily v2.0,Maharashtra,CHIRPS Rainfall
2025-11-26,2025-12-03,48.0,2025,P095,21.5662594218478,74.37266422796263,Nandurbar,normal,statewide,2.0322289764881134,1,7,CHIRPS Daily v2.0,Maharashtra,CHIRPS Rainfall
2025-11-26,2025-12-03,48.0,2025,P096,21.385179787168415,74.27697637845674,Nandurbar,normal,statewide,1.5531177073717117,1,7,CHIRPS Daily v2.0,Maharashtra,CHIRPS Rainfall
2025-11-26,2025-12-03,48.0,2025,P097,21.565421110849755,74.17950488852946,Nandurbar,normal,statewide,2.022650808095932,1,7,CHIRPS Daily v2.0,Maharashtra,CHIRPS Rainfall
2025-11-26,2025-12-03,48.0,2025,P098,20.299553667393326,73.99482675929994,Nashik,normal,statewide,3.7751553058624268,1,7,CHIRPS Daily v2.0,Maharashtra,CHIRPS Rainfall
2025-11-26,2025-12-03,48.0,2025,P099,20.120253214034264,74.28296495117151,Nashik,normal,statewide,4.090450286865234,1,7,CHIRPS Daily v2.0,Maharashtra,CHIRPS Rainfall
2025-11-26,2025-12-03,48.0,2025,P100,20.389903972938242,73.99424261706194,Nashik,normal,statewide,3.7313727140426636,1,7,CHIRPS Daily v2.0,Maharashtra,CHIRPS Rainfall
2025-11-26,2025-12-03,48.0,2025,P101,20.029015547379707,74.09216447619562,Nashik,normal,statewide,4.594728231430054,1,7,CHIRPS Daily v2.0,Maharashtra,CHIRPS Rainfall
2025-11-26,2025-12-03,48.0,2025,P102,17.85749130266526,76.36802722645965,Osmanabad,normal,statewide,2.9490954279899597,1,7,CHIRPS Daily v2.0,Maharashtra,CHIRPS Rainfall
2025-11-26,2025-12-03,48.0,2025,P103,17.76644983645705,76.46164605307673,Osmanabad,normal,statewide,3.524844229221344,1,7,CHIRPS Daily v2.0,Maharashtra,CHIRPS Rainfall
2025-11-26,2025-12-03,48.0,2025,P104,17.949094615606196,76.17989775301476,Osmanabad,normal,statewide,2.909780502319336,1,7,CHIRPS Daily v2.0,Maharashtra,CHIRPS Rainfall
2025-11-26,2025-12-03,48.0,2025,P105,18.584360447185368,75.61558067829696,Osmanabad,normal,statewide,3.2417268119752407,1,7,CHIRPS Daily v2.0,Maharashtra,CHIRPS Rainfall
2025-11-26,2025-12-03,48.0,2025,P106,19.031389786894366,76.47235681380711,Parbhani,normal,statewide,5.942172408103943,1,7,CHIRPS Daily v2.0,Maharashtra,CHIRPS Rainfall
2025-11-26,2025-12-03,48.0,2025,P107,19.120950831552832,76.56820519095093,Parbhani,normal,statewide,5.985853493213654,1,7,CHIRPS Daily v2.0,Maharashtra,CHIRPS Rainfall
2025-11-26,2025-12-03,48.0,2025,P108,19.208625676465683,76.85432786914635,Parbhani,normal,statewide,0.0,1,7,CHIRPS Daily v2.0,Maharashtra,CHIRPS Rainfall
2025-11-26,2025-12-03,48.0,2025,P109,19.212081479782103,76.47396209018636,Parbhani,normal,statewide,2.736963778734207,1,7,CHIRPS Daily v2.0,Maharashtra,CHIRPS Rainfall
2025-11-26,2025-12-03,48.0,2025,P110,18.133442771357757,75.04679558432363,Pune,normal,statewide,3.4314892441034317,1,7,CHIRPS Daily v2.0,Maharashtra,CHIRPS Rainfall
2025-11-26,2025-12-03,48.0,2025,P111,18.584645829652782,74.47919215212944,Pune,normal,statewide,7.111478917300701,1,7,CHIRPS Daily v2.0,Maharashtra,CHIRPS Rainfall
2025-11-26,2025-12-03,48.0,2025,P112,18.132979024848197,74.57507620208169,Pune,normal,statewide,6.1408692598342896,1,7,CHIRPS Daily v2.0,Maharashtra,CHIRPS Rainfall
2025-11-26,2025-12-03,48.0,2025,P113,18.314072036830744,74.76389683618987,Pune,normal,statewide,3.607668489217758,1,7,CHIRPS Daily v2.0,Maharashtra,CHIRPS Rainfall
2025-11-26,2025-12-03,48.0,2025,P114,18.48503397121986,73.0589238755964,Raigarh,normal,statewide,1.4132648780941963,1,7,CHIRPS Daily v2.0,Maharashtra,CHIRPS Rainfall
2025-11-26,2025-12-03,48.0,2025,P115,18.665689991299164,73.05687714821288,Raigarh,normal,statewide,0.9703987538814545,1,7,CHIRPS Daily v2.0,Maharashtra,CHIRPS Rainfall
2025-11-26,2025-12-03,48.0,2025,P116,18.306197264370358,73.25009891506079,Raigarh,normal,statewide,5.117247045040131,1,7,CHIRPS Daily v2.0,Maharashtra,CHIRPS Rainfall
2025-11-26,2025-12-03,48.0,2025,P117,18.21404102289879,73.06194714611064,Raigarh,normal,statewide,1.243612363934517,1,7,CHIRPS Daily v2.0,Maharashtra,CHIRPS Rainfall
2025-11-26,2025-12-03,48.0,2025,P118,17.138719885658215,75.42259970290594,Sangli,normal,statewide,4.208795070648193,1,7,CHIRPS Daily v2.0,Maharashtra,CHIRPS Rainfall
2025-11-26,2025-12-03,48.0,2025,P119,17.048761981005992,74.95348443567921,Sangli,normal,statewide,4.64877986907959,1,7,CHIRPS Daily v2.0,Maharashtra,CHIRPS Rainfall
2025-11-26,2025-12-03,48.0,2025,P120,16.86707144948229,74.39025538161847,Sangli,normal,statewide,4.876440763473511,1,7,CHIRPS Daily v2.0,Maharashtra,CHIRPS Rainfall
2025-11-26,2025-12-03,48.0,2025,P121,17.048503353144895,74.67157114887826,Sangli,normal,statewide,3.626457929611206,1,7,CHIRPS Daily v2.0,Maharashtra,CHIRPS Rainfall
2025-11-26,2025-12-03,48.0,2025,P148,17.67852974098626,76.08383979812143,Solapur,normal,statewide,2.7475971579551697,1,7,CHIRPS Daily v2.0,Maharashtra,CHIRPS Rainfall
2025-11-26,2025-12-03,48.0,2025,P149,18.223365003201543,75.4251413905064,Solapur,normal,statewide,4.130068719387054,1,7,CHIRPS Daily v2.0,Maharashtra,CHIRPS Rainfall
2025-11-26,2025-12-03,48.0,2025,P150,17.952532582518405,75.23562067753285,Solapur,normal,statewide,5.282931208610535,1,7,CHIRPS Daily v2.0,Maharashtra,CHIRPS Rainfall
2025-11-26,2025-12-03,48.0,2025,P151,18.223690517578447,75.23598186471818,Solapur,normal,statewide,2.888599216938019,1,7,CHIRPS Daily v2.0,Maharashtra,CHIRPS Rainfall
2025-11-26,2025-12-03,48.0,2025,P152,19.658178867370932,72.94986318203122,Thane,normal,statewide,8.563349723815918,1,7,CHIRPS Daily v2.0,Maharashtra,CHIRPS Rainfall
2025-11-26,2025-12-03,48.0,2025,P153,19.65706409210757,72.8545320606096,Thane,normal,statewide,3.376285433769226,1,7,CHIRPS Daily v2.0,Maharashtra,CHIRPS Rainfall
2025-11-26,2025-12-03,48.0,2025,P154,19.477549601897948,72.95214624177059,Thane,normal,statewide,0.0,1,7,CHIRPS Daily v2.0,Maharashtra,CHIRPS Rainfall
2025-11-26,2025-12-03,48.0,2025,P155,19.83987385799569,73.0429959666335,Thane,normal,statewide,6.527760446071625,1,7,CHIRPS Daily v2.0,Maharashtra,CHIRPS Rainfall
2025-11-26,2025-12-03,48.0,2025,P156,20.806749657616468,78.60135461177485,Wardha,normal,statewide,4.512301802635193,1,7,CHIRPS Daily v2.0,Maharashtra,CHIRPS Rainfall
2025-11-26,2025-12-03,48.0,2025,P157,20.71031267913359,78.88671032458906,Wardha,normal,statewide,1.4838982224464417,1,7,CHIRPS Daily v2.0,Maharashtra,CHIRPS Rainfall
2025-11-26,2025-12-03,48.0,2025,P158,21.081265295769754,78.41565980750515,Wardha,normal,statewide,5.555033326148987,1,7,CHIRPS Daily v2.0,Maharashtra,CHIRPS Rainfall
2025-11-26,2025-12-03,48.0,2025,P159,20.439854822938944,78.87986114537097,Wardha,normal,statewide,3.2589313089847565,1,7,CHIRPS Daily v2.0,Maharashtra,CHIRPS Rainfall
2025-11-26,2025-12-03,48.0,2025,P160,20.289186257444058,77.15404188735265,Washim,normal,statewide,6.930146932601929,1,7,CHIRPS Daily v2.0,Maharashtra,CHIRPS Rainfall
2025-11-26,2025-12-03,48.0,2025,P161,20.464607292886615,77.53975858757677,Washim,normal,statewide,6.345965385437012,1,7,CHIRPS Daily v2.0,Maharashtra,CHIRPS Rainfall
2025-11-26,2025-12-03,48.0,2025,P162,20.107393166596125,77.2471479173486,Washim,normal,statewide,6.3280348777771,1,7,CHIRPS Daily v2.0,Maharashtra,CHIRPS Rainfall
2025-11-26,2025-12-03,48.0,2025,P163,20.198885002010726,77.1527933390577,Washim,normal,statewide,6.500386476516724,1,7,CHIRPS Daily v2.0,Maharashtra,CHIRPS Rainfall
2025-11-26,2025-12-03,48.0,2025,P164,20.182854533723592,78.20447678161395,Yavatmal,normal,statewide,0.0,1,7,CHIRPS Daily v2.0,Maharashtra,CHIRPS Rainfall
2025-11-26,2025-12-03,48.0,2025,P165,19.894658373538324,79.05709703494229,Yavatmal,normal,statewide,0.7616684064269066,1,7,CHIRPS Daily v2.0,Maharashtra,CHIRPS Rainfall
2025-11-26,2025-12-03,48.0,2025,P166,19.468787468327925,77.71426550730338,Yavatmal,normal,statewide,4.322693649679422,1,7,CHIRPS Daily v2.0,Maharashtra,CHIRPS Rainfall
2025-11-26,2025-12-03,48.0,2025,P167,19.559057510053886,77.71577268345945,Yavatmal,normal,statewide,4.252862811088562,1,7,CHIRPS Daily v2.0,Maharashtra,CHIRPS Rainfall
2025-12-03,2025-12-10,49.0,2025,P147,17.927231643141155,73.94769852026607,Satara,case_study,case_study,6.334077596664429,1,7,CHIRPS Daily v2.0,Maharashtra,CHIRPS Rainfall
2025-12-03,2025-12-10,49.0,2025,P061,18.507855650411397,76.91766048140843,Latur,high,priority,0.0,1,7,CHIRPS Daily v2.0,Maharashtra,CHIRPS Rainfall
2025-12-03,2025-12-10,49.0,2025,P062,18.422405896924207,76.3487594508077,Latur,high,priority,0.0,1,7,CHIRPS Daily v2.0,Maharashtra,CHIRPS Rainfall
2025-12-03,2025-12-10,49.0,2025,P063,18.235391198742693,77.05646783810116,Latur,high,priority,0.0,1,7,CHIRPS Daily v2.0,Maharashtra,CHIRPS Rainfall
2025-12-03,2025-12-10,49.0,2025,P064,18.193056493341274,76.77240080549139,Latur,high,priority,0.0,1,7,CHIRPS Daily v2.0,Maharashtra,CHIRPS Rainfall
2025-12-03,2025-12-10,49.0,2025,P065,18.331355512513895,76.44266811899327,Latur,high,priority,0.0,1,7,CHIRPS Daily v2.0,Maharashtra,CHIRPS Rainfall
2025-12-03,2025-12-10,49.0,2025,P066,18.104739537876725,76.5352970251765,Latur,high,priority,0.0,1,7,CHIRPS Daily v2.0,Maharashtra,CHIRPS Rainfall
2025-12-03,2025-12-10,49.0,2025,P067,18.280552974211986,77.0569984711265,Latur,high,priority,0.0,1,7,CHIRPS Daily v2.0,Maharashtra,CHIRPS Rainfall
2025-12-03,2025-12-10,49.0,2025,P068,18.101823285787773,76.86595720469373,Latur,high,priority,0.0,1,7,CHIRPS Daily v2.0,Maharashtra,CHIRPS Rainfall
2025-12-03,2025-12-10,49.0,2025,P069,18.595075667016793,77.20284228928156,Latur,high,priority,0.0,1,7,CHIRPS Daily v2.0,Maharashtra,CHIRPS Rainfall
2025-12-03,2025-12-10,49.0,2025,P070,18.41499041187233,77.15322587185987,Latur,high,priority,0.0,1,7,CHIRPS Daily v2.0,Maharashtra,CHIRPS Rainfall
2025-12-03,2025-12-10,49.0,2025,P071,18.149138807065885,76.63019561379593,Latur,high,priority,0.0,1,7,CHIRPS Daily v2.0,Maharashtra,CHIRPS Rainfall
2025-12-03,2025-12-10,49.0,2025,P072,18.283393421583035,76.77331492120734,Latur,high,priority,2.991084098815918,1,7,CHIRPS Daily v2.0,Maharashtra,CHIRPS Rainfall
2025-12-03,2025-12-10,49.0,2025,P073,17.966315663874607,76.86453029235662,Latur,high,priority,1.9278273582458496,1,7,CHIRPS Daily v2.0,Maharashtra,CHIRPS Rainfall
2025-12-03,2025-12-10,49.0,2025,P074,18.50832831512306,76.870318205524,Latur,high,priority,3.4840786457061768,1,7,CHIRPS Daily v2.0,Maharashtra,CHIRPS Rainfall
2025-12-03,2025-12-10,49.0,2025,P075,18.41444640154381,77.20053247493588,Latur,high,priority,0.0,1,7,CHIRPS Daily v2.0,Maharashtra,CHIRPS Rainfall
2025-12-03,2025-12-10,49.0,2025,P076,18.377877313804504,76.25376722106614,Latur,high,priority,0.0,1,7,CHIRPS Daily v2.0,Maharashtra,CHIRPS Rainfall
2025-12-03,2025-12-10,49.0,2025,P077,18.059564385104267,76.5349046242838,Latur,high,priority,0.0,1,7,CHIRPS Daily v2.0,Maharashtra,CHIRPS Rainfall
2025-12-03,2025-12-10,49.0,2025,P078,18.1008824154655,76.96042326051098,Latur,high,priority,3.0807478427886963,1,7,CHIRPS Daily v2.0,Maharashtra,CHIRPS Rainfall
2025-12-03,2025-12-10,49.0,2025,P079,18.73508698099394,76.77797468180819,Latur,high,priority,0.0,1,7,CHIRPS Daily v2.0,Maharashtra,CHIRPS Rainfall
2025-12-03,2025-12-10,49.0,2025,P080,18.46791548227568,76.3017694439065,Latur,high,priority,0.0,1,7,CHIRPS Daily v2.0,Maharashtra,CHIRPS Rainfall
2025-12-03,2025-12-10,49.0,2025,P081,18.10355787609756,76.67701617485712,Latur,high,priority,0.0,1,7,CHIRPS Daily v2.0,Maharashtra,CHIRPS Rainfall
2025-12-03,2025-12-10,49.0,2025,P082,18.23907887531389,76.67830931416262,Latur,high,priority,0.0,1,7,CHIRPS Daily v2.0,Maharashtra,CHIRPS Rainfall
2025-12-03,2025-12-10,49.0,2025,P083,18.369289085175563,77.19996171000103,Latur,high,priority,0.0,1,7,CHIRPS Daily v2.0,Maharashtra,CHIRPS Rainfall
2025-12-03,2025-12-10,49.0,2025,P084,18.46362582706226,76.82249880582684,Latur,high,priority,3.424379348754883,1,7,CHIRPS Daily v2.0,Maharashtra,CHIRPS Rainfall
2025-12-03,2025-12-10,49.0,2025,P085,18.14788579966987,76.77194597718393,Latur,high,priority,0.0,1,7,CHIRPS Daily v2.0,Maharashtra,CHIRPS Rainfall
2025-12-03,2025-12-10,49.0,2025,P122,17.88145897082753,73.8441448165019,Satara,high,priority,8.940356969833374,1,7,CHIRPS Daily v2.0,Maharashtra,CHIRPS Rainfall
2025-12-03,2025-12-10,49.0,2025,P123,17.386414030975025,74.27088970551878,Satara,high,priority,0.0,1,7,CHIRPS Daily v2.0,Maharashtra,CHIRPS Rainfall
2025-12-03,2025-12-10,49.0,2025,P124,17.43262815429294,74.647353771057,Satara,high,priority,0.0,1,7,CHIRPS Daily v2.0,Maharashtra,CHIRPS Rainfall
2025-12-03,2025-12-10,49.0,2025,P125,17.56734651531964,74.31728219287884,Satara,high,priority,0.0,1,7,CHIRPS Daily v2.0,Maharashtra,CHIRPS Rainfall
2025-12-03,2025-12-10,49.0,2025,P126,17.205080227535593,74.13053949986157,Satara,high,priority,0.0,1,7,CHIRPS Daily v2.0,Maharashtra,CHIRPS Rainfall
2025-12-03,2025-12-10,49.0,2025,P127,17.65773249367299,74.31694330119876,Satara,high,priority,0.0,1,7,CHIRPS Daily v2.0,Maharashtra,CHIRPS Rainfall
2025-12-03,2025-12-10,49.0,2025,P128,18.019949731345452,74.5517328080669,Satara,high,priority,3.434239625930786,1,7,CHIRPS Daily v2.0,Maharashtra,CHIRPS Rainfall
2025-12-03,2025-12-10,49.0,2025,P129,18.063234225271252,74.03192648006461,Satara,high,priority,3.5119104385375977,1,7,CHIRPS Daily v2.0,Maharashtra,CHIRPS Rainfall
2025-12-03,2025-12-10,49.0,2025,P130,17.61135784271715,74.03436560834085,Satara,high,priority,5.152276515960693,1,7,CHIRPS Daily v2.0,Maharashtra,CHIRPS Rainfall
2025-12-03,2025-12-10,49.0,2025,P131,17.612539504496315,74.3171127470388,Satara,high,priority,0.0,1,7,CHIRPS Daily v2.0,Maharashtra,CHIRPS Rainfall
2025-12-03,2025-12-10,49.0,2025,P132,17.702176353872684,74.12817617630324,Satara,high,priority,5.127400875091553,1,7,CHIRPS Daily v2.0,Maharashtra,CHIRPS Rainfall
2025-12-03,2025-12-10,49.0,2025,P133,17.25006363896275,74.08329532420031,Satara,high,priority,0.0,1,7,CHIRPS Daily v2.0,Maharashtra,CHIRPS Rainfall
2025-12-03,2025-12-10,49.0,2025,P134,17.476429903940936,74.17634784498362,Satara,high,priority,0.0,1,7,CHIRPS Daily v2.0,Maharashtra,CHIRPS Rainfall
2025-12-03,2025-12-10,49.0,2025,P135,17.882716437324603,74.0801070669471,Satara,high,priority,5.833787441253662,1,7,CHIRPS Daily v2.0,Maharashtra,CHIRPS Rainfall
2025-12-03,2025-12-10,49.0,2025,P136,17.928520323345598,74.22149178404871,Satara,high,priority,0.0,1,7,CHIRPS Daily v2.0,Maharashtra,CHIRPS Rainfall
2025-12-03,2025-12-10,49.0,2025,P137,17.746687100588183,73.98648378122894,Satara,high,priority,5.187577247619629,1,7,CHIRPS Daily v2.0,Maharashtra,CHIRPS Rainfall
2025-12-03,2025-12-10,49.0,2025,P138,17.61269557303319,74.36423652697161,Satara,high,priority,0.0,1,7,CHIRPS Daily v2.0,Maharashtra,CHIRPS Rainfall
2025-12-03,2025-12-10,49.0,2025,P139,17.656773786946495,74.08126197411994,Satara,high,priority,0.0,1,7,CHIRPS Daily v2.0,Maharashtra,CHIRPS Rainfall
2025-12-03,2025-12-10,49.0,2025,P140,17.97464080554139,74.50462240543725,Satara,high,priority,0.0,1,7,CHIRPS Daily v2.0,Maharashtra,CHIRPS Rainfall
2025-12-03,2025-12-10,49.0,2025,P141,17.430826677467348,74.08239904488856,Satara,high,priority,0.0,1,7,CHIRPS Daily v2.0,Maharashtra,CHIRPS Rainfall
2025-12-03,2025-12-10,49.0,2025,P142,18.064447100757786,74.31538707493111,Satara,high,priority,3.498872995376587,1,7,CHIRPS Daily v2.0,Maharashtra,CHIRPS Rainfall
2025-12-03,2025-12-10,49.0,2025,P143,17.70379500755509,74.6468275971327,Satara,high,priority,0.0,1,7,CHIRPS Daily v2.0,Maharashtra,CHIRPS Rainfall
2025-12-03,2025-12-10,49.0,2025,P144,17.929452275465767,74.50474726026674,Satara,high,priority,0.0,1,7,CHIRPS Daily v2.0,Maharashtra,CHIRPS Rainfall
2025-12-03,2025-12-10,49.0,2025,P145,17.47773196144854,74.60017202281048,Satara,high,priority,0.0,1,7,CHIRPS Daily v2.0,Maharashtra,CHIRPS Rainfall
2025-12-03,2025-12-10,49.0,2025,P146,17.839182233739812,74.55218763637436,Satara,high,priority,0.0,1,7,CHIRPS Daily v2.0,Maharashtra,CHIRPS Rainfall
2025-12-03,2025-12-10,49.0,2025,P001,19.940457800458272,74.57045211428928,Ahmednagar,normal,statewide,0.0,1,7,CHIRPS Daily v2.0,Maharashtra,CHIRPS Rainfall
2025-12-03,2025-12-10,49.0,2025,P002,18.946729294293643,74.76302285238339,Ahmednagar,normal,statewide,0.0,1,7,CHIRPS Daily v2.0,Maharashtra,CHIRPS Rainfall
2025-12-03,2025-12-10,49.0,2025,P003,18.49469238410162,74.66892244285252,Ahmednagar,normal,statewide,3.6406192779541016,1,7,CHIRPS Daily v2.0,Maharashtra,CHIRPS Rainfall
2025-12-03,2025-12-10,49.0,2025,P004,19.03720445466806,75.1420731965326,Ahmednagar,normal,statewide,0.0,1,7,CHIRPS Daily v2.0,Maharashtra,CHIRPS Rainfall
2025-12-03,2025-12-10,49.0,2025,P005,20.832153156317954,77.06560453615967,Akola,normal,statewide,0.0,1,7,CHIRPS Daily v2.0,Maharashtra,CHIRPS Rainfall
2025-12-03,2025-12-10,49.0,2025,P006,20.834360411339407,76.87349308547405,Akola,normal,statewide,2.4707584381103516,1,7,CHIRPS Daily v2.0,Maharashtra,CHIRPS Rainfall
2025-12-03,2025-12-10,49.0,2025,P007,21.014976299509232,76.87574047240498,Akola,normal,statewide,0.0,1,7,CHIRPS Daily v2.0,Maharashtra,CHIRPS Rainfall
2025-12-03,2025-12-10,49.0,2025,P008,20.828434266039377,77.35372489162701,Akola,normal,statewide,0.0,1,7,CHIRPS Daily v2.0,Maharashtra,CHIRPS Rainfall
2025-12-03,2025-12-10,49.0,2025,P009,21.360971327549258,77.94039543992572,Amravati,normal,statewide,0.0,1,7,CHIRPS Daily v2.0,Maharashtra,CHIRPS Rainfall
2025-12-03,2025-12-10,49.0,2025,P010,21.178803672212837,78.03301542790685,Amravati,normal,statewide,0.0,1,7,CHIRPS Daily v2.0,Maharashtra,CHIRPS Rainfall
2025-12-03,2025-12-10,49.0,2025,P011,20.814388097721018,78.21764450702477,Amravati,normal,statewide,2.966008186340332,1,7,CHIRPS Daily v2.0,Maharashtra,CHIRPS Rainfall
2025-12-03,2025-12-10,49.0,2025,P012,21.180502589714195,77.93681032267875,Amravati,normal,statewide,0.0,1,7,CHIRPS Daily v2.0,Maharashtra,CHIRPS Rainfall
2025-12-03,2025-12-10,49.0,2025,P013,20.031289688916964,74.8570519162974,Aurangabad,normal,statewide,0.0,1,7,CHIRPS Daily v2.0,Maharashtra,CHIRPS Rainfall
2025-12-03,2025-12-10,49.0,2025,P014,19.760185263069562,75.14270192978114,Aurangabad,normal,statewide,0.0,1,7,CHIRPS Daily v2.0,Maharashtra,CHIRPS Rainfall
2025-12-03,2025-12-10,49.0,2025,P015,19.9408189876436,74.76157364454102,Aurangabad,normal,statewide,0.0,1,7,CHIRPS Daily v2.0,Maharashtra,CHIRPS Rainfall
2025-12-03,2025-12-10,49.0,2025,P016,19.66981712112043,75.14262166596218,Aurangabad,normal,statewide,0.0,1,7,CHIRPS Daily v2.0,Maharashtra,CHIRPS Rainfall
2025-12-03,2025-12-10,49.0,2025,P017,21.04613203856966,79.85576216552393,Bhandara,normal,statewide,0.0,1,7,CHIRPS Daily v2.0,Maharashtra,CHIRPS Rainfall
2025-12-03,2025-12-10,49.0,2025,P018,21.31897105472685,79.76852877161537,Bhandara,normal,statewide,0.0,1,7,CHIRPS Daily v2.0,Maharashtra,CHIRPS Rainfall
2025-12-03,2025-12-10,49.0,2025,P019,21.40900922319803,79.77144948280537,Bhandara,normal,statewide,0.0,1,7,CHIRPS Daily v2.0,Maharashtra,CHIRPS Rainfall
2025-12-03,2025-12-10,49.0,2025,P020,21.144196588937042,79.57074980349083,Bhandara,normal,statewide,0.0,1,7,CHIRPS Daily v2.0,Maharashtra,CHIRPS Rainfall
2025-12-03,2025-12-10,49.0,2025,P021,18.67502288980403,75.52108340877234,Bid,normal,statewide,0.0,1,7,CHIRPS Daily v2.0,Maharashtra,CHIRPS Rainfall
2025-12-03,2025-12-10,49.0,2025,P022,18.856499384477168,75.04699178476999,Bid,normal,statewide,0.0,1,7,CHIRPS Daily v2.0,Maharashtra,CHIRPS Rainfall
2025-12-03,2025-12-10,49.0,2025,P023,19.126596053486494,75.6175605191647,Bid,normal,statewide,0.0,1,7,CHIRPS Daily v2.0,Maharashtra,CHIRPS Rainfall
2025-12-03,2025-12-10,49.0,2025,P024,18.763955201213946,75.90084720909012,Bid,normal,statewide,0.0,1,7,CHIRPS Daily v2.0,Maharashtra,CHIRPS Rainfall
2025-12-03,2025-12-10,49.0,2025,P025,20.93073496240753,76.20164478885242,Buldana,normal,statewide,0.0,1,7,CHIRPS Daily v2.0,Maharashtra,CHIRPS Rainfall
2025-12-03,2025-12-10,49.0,2025,P026,20.838939908121294,76.39311412898633,Buldana,normal,statewide,0.0,1,7,CHIRPS Daily v2.0,Maharashtra,CHIRPS Rainfall
2025-12-03,2025-12-10,49.0,2025,P027,20.657476790751314,76.48742857536776,Buldana,normal,statewide,0.0,1,7,CHIRPS Daily v2.0,Maharashtra,CHIRPS Rainfall
2025-12-03,2025-12-10,49.0,2025,P028,20.47967013624516,76.10222021266374,Buldana,normal,statewide,0.0,1,7,CHIRPS Daily v2.0,Maharashtra,CHIRPS Rainfall
2025-12-03,2025-12-10,49.0,2025,P029,20.32317798477448,79.92829390325927,Chandrapur,normal,statewide,2.4260025024414062,1,7,CHIRPS Daily v2.0,Maharashtra,CHIRPS Rainfall
2025-12-03,2025-12-10,49.0,2025,P030,20.60872097983294,79.36304041732026,Chandrapur,normal,statewide,0.0,1,7,CHIRPS Daily v2.0,Maharashtra,CHIRPS Rainfall
2025-12-03,2025-12-10,49.0,2025,P031,20.511160307884595,79.64732594588165,Chandrapur,normal,statewide,0.0,1,7,CHIRPS Daily v2.0,Maharashtra,CHIRPS Rainfall
2025-12-03,2025-12-10,49.0,2025,P032,20.598621115946884,79.74569817422172,Chandrapur,normal,statewide,2.713399887084961,1,7,CHIRPS Daily v2.0,Maharashtra,CHIRPS Rainfall
2025-12-03,2025-12-10,49.0,2025,P033,21.38667804512237,75.14422248324037,Dhule,normal,statewide,0.0,1,7,CHIRPS Daily v2.0,Maharashtra,CHIRPS Rainfall
2025-12-03,2025-12-10,49.0,2025,P034,21.025151968113196,74.75989256344387,Dhule,normal,statewide,0.0,1,7,CHIRPS Daily v2.0,Maharashtra,CHIRPS Rainfall
2025-12-03,2025-12-10,49.0,2025,P035,21.477028350667293,74.85568743137505,Dhule,normal,statewide,0.0,1,7,CHIRPS Daily v2.0,Maharashtra,CHIRPS Rainfall
2025-12-03,2025-12-10,49.0,2025,P036,20.933820660336515,74.37533522949364,Dhule,normal,statewide,0.0,1,7,CHIRPS Daily v2.0,Maharashtra,CHIRPS Rainfall
2025-12-03,2025-12-10,49.0,2025,P037,19.963056524597132,79.91698116388667,Garhchiroli,normal,statewide,0.0,1,7,CHIRPS Daily v2.0,Maharashtra,CHIRPS Rainfall
2025-12-03,2025-12-10,49.0,2025,P038,19.062661462582188,79.88977172925856,Garhchiroli,normal,statewide,0.0,1,7,CHIRPS Daily v2.0,Maharashtra,CHIRPS Rainfall
2025-12-03,2025-12-10,49.0,2025,P039,19.510270485428137,79.9981368030594,Garhchiroli,normal,statewide,0.0,1,7,CHIRPS Daily v2.0,Maharashtra,CHIRPS Rainfall
2025-12-03,2025-12-10,49.0,2025,P040,19.870365190999156,80.00935144220881,Garhchiroli,normal,statewide,0.0,1,7,CHIRPS Daily v2.0,Maharashtra,CHIRPS Rainfall
2025-12-03,2025-12-10,49.0,2025,P041,21.127639946725598,80.1465044724107,Gondiya,normal,statewide,0.0,1,7,CHIRPS Daily v2.0,Maharashtra,CHIRPS Rainfall
2025-12-03,2025-12-10,49.0,2025,P042,21.397598383602258,80.15591763473452,Gondiya,normal,statewide,0.0,1,7,CHIRPS Daily v2.0,Maharashtra,CHIRPS Rainfall
2025-12-03,2025-12-10,49.0,2025,P043,21.574548890706154,80.25847249986273,Gondiya,normal,statewide,4.1478753089904785,1,7,CHIRPS Daily v2.0,Maharashtra,CHIRPS Rainfall
2025-12-03,2025-12-10,49.0,2025,P044,21.211649410572516,80.34153217518526,Gondiya,normal,statewide,0.0,1,7,CHIRPS Daily v2.0,Maharashtra,CHIRPS Rainfall
2025-12-03,2025-12-10,49.0,2025,P045,19.655900266732623,77.2407892392464,Hingoli,normal,statewide,5.528665542602539,1,7,CHIRPS Daily v2.0,Maharashtra,CHIRPS Rainfall
2025-12-03,2025-12-10,49.0,2025,P046,19.566758377573187,77.1442675378435,Hingoli,normal,statewide,0.0,1,7,CHIRPS Daily v2.0,Maharashtra,CHIRPS Rainfall
2025-12-03,2025-12-10,49.0,2025,P047,19.47860194974656,76.9526242927685,Hingoli,normal,statewide,5.558879613876343,1,7,CHIRPS Daily v2.0,Maharashtra,CHIRPS Rainfall
2025-12-03,2025-12-10,49.0,2025,P048,19.927981235710728,77.14910120338544,Hingoli,normal,statewide,0.0,1,7,CHIRPS Daily v2.0,Maharashtra,CHIRPS Rainfall
2025-12-03,2025-12-10,49.0,2025,P049,21.292738163229433,76.10816865346904,Jalgaon,normal,statewide,0.0,1,7,CHIRPS Daily v2.0,Maharashtra,CHIRPS Rainfall
2025-12-03,2025-12-10,49.0,2025,P050,21.386178625804387,75.43363151891216,Jalgaon,normal,statewide,0.0,1,7,CHIRPS Daily v2.0,Maharashtra,CHIRPS Rainfall
2025-12-03,2025-12-10,49.0,2025,P051,21.112064306745907,76.10682200495089,Jalgaon,normal,statewide,2.840017318725586,1,7,CHIRPS Daily v2.0,Maharashtra,CHIRPS Rainfall
2025-12-03,2025-12-10,49.0,2025,P052,20.844437979720194,75.23982115072519,Jalgaon,normal,statewide,2.9477319717407227,1,7,CHIRPS Daily v2.0,Maharashtra,CHIRPS Rainfall
2025-12-03,2025-12-10,49.0,2025,P053,19.486369703781666,76.00005328932718,Jalna,normal,statewide,0.0,1,7,CHIRPS Daily v2.0,Maharashtra,CHIRPS Rainfall
2025-12-03,2025-12-10,49.0,2025,P054,20.028502750758555,76.00343774702675,Jalna,normal,statewide,0.0,1,7,CHIRPS Daily v2.0,Maharashtra,CHIRPS Rainfall
2025-12-03,2025-12-10,49.0,2025,P055,19.75743845682064,76.00172991132328,Jalna,normal,statewide,0.0,1,7,CHIRPS Daily v2.0,Maharashtra,CHIRPS Rainfall
2025-12-03,2025-12-10,49.0,2025,P056,19.57768317515413,75.80993951591351,Jalna,normal,statewide,0.0,1,7,CHIRPS Daily v2.0,Maharashtra,CHIRPS Rainfall
2025-12-03,2025-12-10,49.0,2025,P057,16.776377793156257,74.29671235971928,Kolhapur,normal,statewide,0.0,1,7,CHIRPS Daily v2.0,Maharashtra,CHIRPS Rainfall
2025-12-03,2025-12-10,49.0,2025,P058,16.324416687682138,74.29834884980589,Kolhapur,normal,statewide,0.0,1,7,CHIRPS Daily v2.0,Maharashtra,CHIRPS Rainfall
2025-12-03,2025-12-10,49.0,2025,P059,16.595891218916975,74.39111598812178,Kolhapur,normal,statewide,0.0,1,7,CHIRPS Daily v2.0,Maharashtra,CHIRPS Rainfall
2025-12-03,2025-12-10,49.0,2025,P060,16.414811584237594,74.29802779453004,Kolhapur,normal,statewide,0.0,1,7,CHIRPS Daily v2.0,Maharashtra,CHIRPS Rainfall
2025-12-03,2025-12-10,49.0,2025,P086,21.054127206758487,79.56798961993874,Nagpur,normal,statewide,0.0,1,7,CHIRPS Daily v2.0,Maharashtra,CHIRPS Rainfall
2025-12-03,2025-12-10,49.0,2025,P087,21.146765031143822,79.47473643960802,Nagpur,normal,statewide,0.0,1,7,CHIRPS Daily v2.0,Maharashtra,CHIRPS Rainfall
2025-12-03,2025-12-10,49.0,2025,P088,21.347803602138427,78.61442869606356,Nagpur,normal,statewide,0.0,1,7,CHIRPS Daily v2.0,Maharashtra,CHIRPS Rainfall
2025-12-03,2025-12-10,49.0,2025,P089,21.165377318940912,78.70615240473293,Nagpur,normal,statewide,0.0,1,7,CHIRPS Daily v2.0,Maharashtra,CHIRPS Rainfall
2025-12-03,2025-12-10,49.0,2025,P090,19.201968238592887,77.42470040309472,Nanded,normal,statewide,0.0,1,7,CHIRPS Daily v2.0,Maharashtra,CHIRPS Rainfall
2025-12-03,2025-12-10,49.0,2025,P091,18.566038000956755,77.69963965584807,Nanded,normal,statewide,0.0,1,7,CHIRPS Daily v2.0,Maharashtra,CHIRPS Rainfall
2025-12-03,2025-12-10,49.0,2025,P092,19.736596618496833,77.90946265591798,Nanded,normal,statewide,0.0,1,7,CHIRPS Daily v2.0,Maharashtra,CHIRPS Rainfall
2025-12-03,2025-12-10,49.0,2025,P093,18.93564842817583,77.04115528508362,Nanded,normal,statewide,0.0,1,7,CHIRPS Daily v2.0,Maharashtra,CHIRPS Rainfall
2025-12-03,2025-12-10,49.0,2025,P094,21.564917232430716,74.08292967791392,Nandurbar,normal,statewide,0.0,1,7,CHIRPS Daily v2.0,Maharashtra,CHIRPS Rainfall
2025-12-03,2025-12-10,49.0,2025,P095,21.5662594218478,74.37266422796263,Nandurbar,normal,statewide,0.0,1,7,CHIRPS Daily v2.0,Maharashtra,CHIRPS Rainfall
2025-12-03,2025-12-10,49.0,2025,P096,21.385179787168415,74.27697637845674,Nandurbar,normal,statewide,0.0,1,7,CHIRPS Daily v2.0,Maharashtra,CHIRPS Rainfall
2025-12-03,2025-12-10,49.0,2025,P097,21.565421110849755,74.17950488852946,Nandurbar,normal,statewide,0.0,1,7,CHIRPS Daily v2.0,Maharashtra,CHIRPS Rainfall
2025-12-03,2025-12-10,49.0,2025,P098,20.299553667393326,73.99482675929994,Nashik,normal,statewide,0.0,1,7,CHIRPS Daily v2.0,Maharashtra,CHIRPS Rainfall
2025-12-03,2025-12-10,49.0,2025,P099,20.120253214034264,74.28296495117151,Nashik,normal,statewide,0.0,1,7,CHIRPS Daily v2.0,Maharashtra,CHIRPS Rainfall
2025-12-03,2025-12-10,49.0,2025,P100,20.389903972938242,73.99424261706194,Nashik,normal,statewide,0.0,1,7,CHIRPS Daily v2.0,Maharashtra,CHIRPS Rainfall
2025-12-03,2025-12-10,49.0,2025,P101,20.029015547379707,74.09216447619562,Nashik,normal,statewide,0.0,1,7,CHIRPS Daily v2.0,Maharashtra,CHIRPS Rainfall
2025-12-03,2025-12-10,49.0,2025,P102,17.85749130266526,76.36802722645965,Osmanabad,normal,statewide,0.0,1,7,CHIRPS Daily v2.0,Maharashtra,CHIRPS Rainfall
2025-12-03,2025-12-10,49.0,2025,P103,17.76644983645705,76.46164605307673,Osmanabad,normal,statewide,0.0,1,7,CHIRPS Daily v2.0,Maharashtra,CHIRPS Rainfall
2025-12-03,2025-12-10,49.0,2025,P104,17.949094615606196,76.17989775301476,Osmanabad,normal,statewide,0.0,1,7,CHIRPS Daily v2.0,Maharashtra,CHIRPS Rainfall
2025-12-03,2025-12-10,49.0,2025,P105,18.584360447185368,75.61558067829696,Osmanabad,normal,statewide,0.0,1,7,CHIRPS Daily v2.0,Maharashtra,CHIRPS Rainfall
2025-12-03,2025-12-10,49.0,2025,P106,19.031389786894366,76.47235681380711,Parbhani,normal,statewide,0.0,1,7,CHIRPS Daily v2.0,Maharashtra,CHIRPS Rainfall
2025-12-03,2025-12-10,49.0,2025,P107,19.120950831552832,76.56820519095093,Parbhani,normal,statewide,0.0,1,7,CHIRPS Daily v2.0,Maharashtra,CHIRPS Rainfall
2025-12-03,2025-12-10,49.0,2025,P108,19.208625676465683,76.85432786914635,Parbhani,normal,statewide,0.0,1,7,CHIRPS Daily v2.0,Maharashtra,CHIRPS Rainfall
2025-12-03,2025-12-10,49.0,2025,P109,19.212081479782103,76.47396209018636,Parbhani,normal,statewide,0.0,1,7,CHIRPS Daily v2.0,Maharashtra,CHIRPS Rainfall
2025-12-03,2025-12-10,49.0,2025,P110,18.133442771357757,75.04679558432363,Pune,normal,statewide,0.0,1,7,CHIRPS Daily v2.0,Maharashtra,CHIRPS Rainfall
2025-12-03,2025-12-10,49.0,2025,P111,18.584645829652782,74.47919215212944,Pune,normal,statewide,3.3000288009643555,1,7,CHIRPS Daily v2.0,Maharashtra,CHIRPS Rainfall
2025-12-03,2025-12-10,49.0,2025,P112,18.132979024848197,74.57507620208169,Pune,normal,statewide,3.6053097248077393,1,7,CHIRPS Daily v2.0,Maharashtra,CHIRPS Rainfall
2025-12-03,2025-12-10,49.0,2025,P113,18.314072036830744,74.76389683618987,Pune,normal,statewide,0.0,1,7,CHIRPS Daily v2.0,Maharashtra,CHIRPS Rainfall
2025-12-03,2025-12-10,49.0,2025,P114,18.48503397121986,73.0589238755964,Raigarh,normal,statewide,3.756993055343628,1,7,CHIRPS Daily v2.0,Maharashtra,CHIRPS Rainfall
2025-12-03,2025-12-10,49.0,2025,P115,18.665689991299164,73.05687714821288,Raigarh,normal,statewide,0.0,1,7,CHIRPS Daily v2.0,Maharashtra,CHIRPS Rainfall
2025-12-03,2025-12-10,49.0,2025,P116,18.306197264370358,73.25009891506079,Raigarh,normal,statewide,0.0,1,7,CHIRPS Daily v2.0,Maharashtra,CHIRPS Rainfall
2025-12-03,2025-12-10,49.0,2025,P117,18.21404102289879,73.06194714611064,Raigarh,normal,statewide,3.4496588706970215,1,7,CHIRPS Daily v2.0,Maharashtra,CHIRPS Rainfall
2025-12-03,2025-12-10,49.0,2025,P118,17.138719885658215,75.42259970290594,Sangli,normal,statewide,0.0,1,7,CHIRPS Daily v2.0,Maharashtra,CHIRPS Rainfall
2025-12-03,2025-12-10,49.0,2025,P119,17.048761981005992,74.95348443567921,Sangli,normal,statewide,0.0,1,7,CHIRPS Daily v2.0,Maharashtra,CHIRPS Rainfall
2025-12-03,2025-12-10,49.0,2025,P120,16.86707144948229,74.39025538161847,Sangli,normal,statewide,0.0,1,7,CHIRPS Daily v2.0,Maharashtra,CHIRPS Rainfall
2025-12-03,2025-12-10,49.0,2025,P121,17.048503353144895,74.67157114887826,Sangli,normal,statewide,0.0,1,7,CHIRPS Daily v2.0,Maharashtra,CHIRPS Rainfall
2025-12-03,2025-12-10,49.0,2025,P148,17.67852974098626,76.08383979812143,Solapur,normal,statewide,0.0,1,7,CHIRPS Daily v2.0,Maharashtra,CHIRPS Rainfall
2025-12-03,2025-12-10,49.0,2025,P149,18.223365003201543,75.4251413905064,Solapur,normal,statewide,0.0,1,7,CHIRPS Daily v2.0,Maharashtra,CHIRPS Rainfall
2025-12-03,2025-12-10,49.0,2025,P150,17.952532582518405,75.23562067753285,Solapur,normal,statewide,0.0,1,7,CHIRPS Daily v2.0,Maharashtra,CHIRPS Rainfall
2025-12-03,2025-12-10,49.0,2025,P151,18.223690517578447,75.23598186471818,Solapur,normal,statewide,0.0,1,7,CHIRPS Daily v2.0,Maharashtra,CHIRPS Rainfall
2025-12-03,2025-12-10,49.0,2025,P152,19.658178867370932,72.94986318203122,Thane,normal,statewide,0.0,1,7,CHIRPS Daily v2.0,Maharashtra,CHIRPS Rainfall
2025-12-03,2025-12-10,49.0,2025,P153,19.65706409210757,72.8545320606096,Thane,normal,statewide,0.0,1,7,CHIRPS Daily v2.0,Maharashtra,CHIRPS Rainfall
2025-12-03,2025-12-10,49.0,2025,P154,19.477549601897948,72.95214624177059,Thane,normal,statewide,0.0,1,7,CHIRPS Daily v2.0,Maharashtra,CHIRPS Rainfall
2025-12-03,2025-12-10,49.0,2025,P155,19.83987385799569,73.0429959666335,Thane,normal,statewide,0.0,1,7,CHIRPS Daily v2.0,Maharashtra,CHIRPS Rainfall
2025-12-03,2025-12-10,49.0,2025,P156,20.806749657616468,78.60135461177485,Wardha,normal,statewide,2.9280624389648438,1,7,CHIRPS Daily v2.0,Maharashtra,CHIRPS Rainfall
2025-12-03,2025-12-10,49.0,2025,P157,20.71031267913359,78.88671032458906,Wardha,normal,statewide,2.9600329399108887,1,7,CHIRPS Daily v2.0,Maharashtra,CHIRPS Rainfall
2025-12-03,2025-12-10,49.0,2025,P158,21.081265295769754,78.41565980750515,Wardha,normal,statewide,0.0,1,7,CHIRPS Daily v2.0,Maharashtra,CHIRPS Rainfall
2025-12-03,2025-12-10,49.0,2025,P159,20.439854822938944,78.87986114537097,Wardha,normal,statewide,3.080228567123413,1,7,CHIRPS Daily v2.0,Maharashtra,CHIRPS Rainfall
2025-12-03,2025-12-10,49.0,2025,P160,20.289186257444058,77.15404188735265,Washim,normal,statewide,0.0,1,7,CHIRPS Daily v2.0,Maharashtra,CHIRPS Rainfall
2025-12-03,2025-12-10,49.0,2025,P161,20.464607292886615,77.53975858757677,Washim,normal,statewide,0.0,1,7,CHIRPS Daily v2.0,Maharashtra,CHIRPS Rainfall
2025-12-03,2025-12-10,49.0,2025,P162,20.107393166596125,77.2471479173486,Washim,normal,statewide,0.0,1,7,CHIRPS Daily v2.0,Maharashtra,CHIRPS Rainfall
2025-12-03,2025-12-10,49.0,2025,P163,20.198885002010726,77.1527933390577,Washim,normal,statewide,0.0,1,7,CHIRPS Daily v2.0,Maharashtra,CHIRPS Rainfall
2025-12-03,2025-12-10,49.0,2025,P164,20.182854533723592,78.20447678161395,Yavatmal,normal,statewide,3.028599262237549,1,7,CHIRPS Daily v2.0,Maharashtra,CHIRPS Rainfall
2025-12-03,2025-12-10,49.0,2025,P165,19.894658373538324,79.05709703494229,Yavatmal,normal,statewide,0.0,1,7,CHIRPS Daily v2.0,Maharashtra,CHIRPS Rainfall
2025-12-03,2025-12-10,49.0,2025,P166,19.468787468327925,77.71426550730338,Yavatmal,normal,statewide,6.079331874847412,1,7,CHIRPS Daily v2.0,Maharashtra,CHIRPS Rainfall
2025-12-03,2025-12-10,49.0,2025,P167,19.559057510053886,77.71577268345945,Yavatmal,normal,statewide,5.221737384796143,1,7,CHIRPS Daily v2.0,Maharashtra,CHIRPS Rainfall
2025-12-10,2025-12-17,50.0,2025,P147,17.927231643141155,73.94769852026607,Satara,case_study,case_study,0.0,1,7,CHIRPS Daily v2.0,Maharashtra,CHIRPS Rainfall
2025-12-10,2025-12-17,50.0,2025,P061,18.507855650411397,76.91766048140843,Latur,high,priority,0.0,1,7,CHIRPS Daily v2.0,Maharashtra,CHIRPS Rainfall
2025-12-10,2025-12-17,50.0,2025,P062,18.422405896924207,76.3487594508077,Latur,high,priority,0.0,1,7,CHIRPS Daily v2.0,Maharashtra,CHIRPS Rainfall
2025-12-10,2025-12-17,50.0,2025,P063,18.235391198742693,77.05646783810116,Latur,high,priority,0.0,1,7,CHIRPS Daily v2.0,Maharashtra,CHIRPS Rainfall
2025-12-10,2025-12-17,50.0,2025,P064,18.193056493341274,76.77240080549139,Latur,high,priority,0.0,1,7,CHIRPS Daily v2.0,Maharashtra,CHIRPS Rainfall
2025-12-10,2025-12-17,50.0,2025,P065,18.331355512513895,76.44266811899327,Latur,high,priority,0.0,1,7,CHIRPS Daily v2.0,Maharashtra,CHIRPS Rainfall
2025-12-10,2025-12-17,50.0,2025,P066,18.104739537876725,76.5352970251765,Latur,high,priority,0.0,1,7,CHIRPS Daily v2.0,Maharashtra,CHIRPS Rainfall
2025-12-10,2025-12-17,50.0,2025,P067,18.280552974211986,77.0569984711265,Latur,high,priority,0.0,1,7,CHIRPS Daily v2.0,Maharashtra,CHIRPS Rainfall
2025-12-10,2025-12-17,50.0,2025,P068,18.101823285787773,76.86595720469373,Latur,high,priority,0.0,1,7,CHIRPS Daily v2.0,Maharashtra,CHIRPS Rainfall
2025-12-10,2025-12-17,50.0,2025,P069,18.595075667016793,77.20284228928156,Latur,high,priority,0.0,1,7,CHIRPS Daily v2.0,Maharashtra,CHIRPS Rainfall
2025-12-10,2025-12-17,50.0,2025,P070,18.41499041187233,77.15322587185987,Latur,high,priority,0.0,1,7,CHIRPS Daily v2.0,Maharashtra,CHIRPS Rainfall
2025-12-10,2025-12-17,50.0,2025,P071,18.149138807065885,76.63019561379593,Latur,high,priority,0.0,1,7,CHIRPS Daily v2.0,Maharashtra,CHIRPS Rainfall
2025-12-10,2025-12-17,50.0,2025,P072,18.283393421583035,76.77331492120734,Latur,high,priority,0.0,1,7,CHIRPS Daily v2.0,Maharashtra,CHIRPS Rainfall
2025-12-10,2025-12-17,50.0,2025,P073,17.966315663874607,76.86453029235662,Latur,high,priority,0.0,1,7,CHIRPS Daily v2.0,Maharashtra,CHIRPS Rainfall
2025-12-10,2025-12-17,50.0,2025,P074,18.50832831512306,76.870318205524,Latur,high,priority,0.0,1,7,CHIRPS Daily v2.0,Maharashtra,CHIRPS Rainfall
2025-12-10,2025-12-17,50.0,2025,P075,18.41444640154381,77.20053247493588,Latur,high,priority,0.0,1,7,CHIRPS Daily v2.0,Maharashtra,CHIRPS Rainfall
2025-12-10,2025-12-17,50.0,2025,P076,18.377877313804504,76.25376722106614,Latur,high,priority,0.0,1,7,CHIRPS Daily v2.0,Maharashtra,CHIRPS Rainfall
2025-12-10,2025-12-17,50.0,2025,P077,18.059564385104267,76.5349046242838,Latur,high,priority,0.0,1,7,CHIRPS Daily v2.0,Maharashtra,CHIRPS Rainfall
2025-12-10,2025-12-17,50.0,2025,P078,18.1008824154655,76.96042326051098,Latur,high,priority,0.0,1,7,CHIRPS Daily v2.0,Maharashtra,CHIRPS Rainfall
2025-12-10,2025-12-17,50.0,2025,P079,18.73508698099394,76.77797468180819,Latur,high,priority,0.0,1,7,CHIRPS Daily v2.0,Maharashtra,CHIRPS Rainfall
2025-12-10,2025-12-17,50.0,2025,P080,18.46791548227568,76.3017694439065,Latur,high,priority,0.0,1,7,CHIRPS Daily v2.0,Maharashtra,CHIRPS Rainfall
2025-12-10,2025-12-17,50.0,2025,P081,18.10355787609756,76.67701617485712,Latur,high,priority,0.0,1,7,CHIRPS Daily v2.0,Maharashtra,CHIRPS Rainfall
2025-12-10,2025-12-17,50.0,2025,P082,18.23907887531389,76.67830931416262,Latur,high,priority,0.0,1,7,CHIRPS Daily v2.0,Maharashtra,CHIRPS Rainfall
2025-12-10,2025-12-17,50.0,2025,P083,18.369289085175563,77.19996171000103,Latur,high,priority,0.0,1,7,CHIRPS Daily v2.0,Maharashtra,CHIRPS Rainfall
2025-12-10,2025-12-17,50.0,2025,P084,18.46362582706226,76.82249880582684,Latur,high,priority,0.0,1,7,CHIRPS Daily v2.0,Maharashtra,CHIRPS Rainfall
2025-12-10,2025-12-17,50.0,2025,P085,18.14788579966987,76.77194597718393,Latur,high,priority,0.0,1,7,CHIRPS Daily v2.0,Maharashtra,CHIRPS Rainfall
2025-12-10,2025-12-17,50.0,2025,P122,17.88145897082753,73.8441448165019,Satara,high,priority,0.0,1,7,CHIRPS Daily v2.0,Maharashtra,CHIRPS Rainfall
2025-12-10,2025-12-17,50.0,2025,P123,17.386414030975025,74.27088970551878,Satara,high,priority,0.0,1,7,CHIRPS Daily v2.0,Maharashtra,CHIRPS Rainfall
2025-12-10,2025-12-17,50.0,2025,P124,17.43262815429294,74.647353771057,Satara,high,priority,0.0,1,7,CHIRPS Daily v2.0,Maharashtra,CHIRPS Rainfall
2025-12-10,2025-12-17,50.0,2025,P125,17.56734651531964,74.31728219287884,Satara,high,priority,0.0,1,7,CHIRPS Daily v2.0,Maharashtra,CHIRPS Rainfall
2025-12-10,2025-12-17,50.0,2025,P126,17.205080227535593,74.13053949986157,Satara,high,priority,0.0,1,7,CHIRPS Daily v2.0,Maharashtra,CHIRPS Rainfall
2025-12-10,2025-12-17,50.0,2025,P127,17.65773249367299,74.31694330119876,Satara,high,priority,0.0,1,7,CHIRPS Daily v2.0,Maharashtra,CHIRPS Rainfall
2025-12-10,2025-12-17,50.0,2025,P128,18.019949731345452,74.5517328080669,Satara,high,priority,0.0,1,7,CHIRPS Daily v2.0,Maharashtra,CHIRPS Rainfall
2025-12-10,2025-12-17,50.0,2025,P129,18.063234225271252,74.03192648006461,Satara,high,priority,0.0,1,7,CHIRPS Daily v2.0,Maharashtra,CHIRPS Rainfall
2025-12-10,2025-12-17,50.0,2025,P130,17.61135784271715,74.03436560834085,Satara,high,priority,0.0,1,7,CHIRPS Daily v2.0,Maharashtra,CHIRPS Rainfall
2025-12-10,2025-12-17,50.0,2025,P131,17.612539504496315,74.3171127470388,Satara,high,priority,0.0,1,7,CHIRPS Daily v2.0,Maharashtra,CHIRPS Rainfall
2025-12-10,2025-12-17,50.0,2025,P132,17.702176353872684,74.12817617630324,Satara,high,priority,0.0,1,7,CHIRPS Daily v2.0,Maharashtra,CHIRPS Rainfall
2025-12-10,2025-12-17,50.0,2025,P133,17.25006363896275,74.08329532420031,Satara,high,priority,0.0,1,7,CHIRPS Daily v2.0,Maharashtra,CHIRPS Rainfall
2025-12-10,2025-12-17,50.0,2025,P134,17.476429903940936,74.17634784498362,Satara,high,priority,0.0,1,7,CHIRPS Daily v2.0,Maharashtra,CHIRPS Rainfall
2025-12-10,2025-12-17,50.0,2025,P135,17.882716437324603,74.0801070669471,Satara,high,priority,0.0,1,7,CHIRPS Daily v2.0,Maharashtra,CHIRPS Rainfall
2025-12-10,2025-12-17,50.0,2025,P136,17.928520323345598,74.22149178404871,Satara,high,priority,0.0,1,7,CHIRPS Daily v2.0,Maharashtra,CHIRPS Rainfall
2025-12-10,2025-12-17,50.0,2025,P137,17.746687100588183,73.98648378122894,Satara,high,priority,0.0,1,7,CHIRPS Daily v2.0,Maharashtra,CHIRPS Rainfall
2025-12-10,2025-12-17,50.0,2025,P138,17.61269557303319,74.36423652697161,Satara,high,priority,0.0,1,7,CHIRPS Daily v2.0,Maharashtra,CHIRPS Rainfall
2025-12-10,2025-12-17,50.0,2025,P139,17.656773786946495,74.08126197411994,Satara,high,priority,0.0,1,7,CHIRPS Daily v2.0,Maharashtra,CHIRPS Rainfall
2025-12-10,2025-12-17,50.0,2025,P140,17.97464080554139,74.50462240543725,Satara,high,priority,0.0,1,7,CHIRPS Daily v2.0,Maharashtra,CHIRPS Rainfall
2025-12-10,2025-12-17,50.0,2025,P141,17.430826677467348,74.08239904488856,Satara,high,priority,0.0,1,7,CHIRPS Daily v2.0,Maharashtra,CHIRPS Rainfall
2025-12-10,2025-12-17,50.0,2025,P142,18.064447100757786,74.31538707493111,Satara,high,priority,0.0,1,7,CHIRPS Daily v2.0,Maharashtra,CHIRPS Rainfall
2025-12-10,2025-12-17,50.0,2025,P143,17.70379500755509,74.6468275971327,Satara,high,priority,0.0,1,7,CHIRPS Daily v2.0,Maharashtra,CHIRPS Rainfall
2025-12-10,2025-12-17,50.0,2025,P144,17.929452275465767,74.50474726026674,Satara,high,priority,0.0,1,7,CHIRPS Daily v2.0,Maharashtra,CHIRPS Rainfall
2025-12-10,2025-12-17,50.0,2025,P145,17.47773196144854,74.60017202281048,Satara,high,priority,0.0,1,7,CHIRPS Daily v2.0,Maharashtra,CHIRPS Rainfall
2025-12-10,2025-12-17,50.0,2025,P146,17.839182233739812,74.55218763637436,Satara,high,priority,0.0,1,7,CHIRPS Daily v2.0,Maharashtra,CHIRPS Rainfall
2025-12-10,2025-12-17,50.0,2025,P001,19.940457800458272,74.57045211428928,Ahmednagar,normal,statewide,0.0,1,7,CHIRPS Daily v2.0,Maharashtra,CHIRPS Rainfall
2025-12-10,2025-12-17,50.0,2025,P002,18.946729294293643,74.76302285238339,Ahmednagar,normal,statewide,0.0,1,7,CHIRPS Daily v2.0,Maharashtra,CHIRPS Rainfall
2025-12-10,2025-12-17,50.0,2025,P003,18.49469238410162,74.66892244285252,Ahmednagar,normal,statewide,0.0,1,7,CHIRPS Daily v2.0,Maharashtra,CHIRPS Rainfall
2025-12-10,2025-12-17,50.0,2025,P004,19.03720445466806,75.1420731965326,Ahmednagar,normal,statewide,0.0,1,7,CHIRPS Daily v2.0,Maharashtra,CHIRPS Rainfall
2025-12-10,2025-12-17,50.0,2025,P005,20.832153156317954,77.06560453615967,Akola,normal,statewide,0.0,1,7,CHIRPS Daily v2.0,Maharashtra,CHIRPS Rainfall
2025-12-10,2025-12-17,50.0,2025,P006,20.834360411339407,76.87349308547405,Akola,normal,statewide,0.0,1,7,CHIRPS Daily v2.0,Maharashtra,CHIRPS Rainfall
2025-12-10,2025-12-17,50.0,2025,P007,21.014976299509232,76.87574047240498,Akola,normal,statewide,0.0,1,7,CHIRPS Daily v2.0,Maharashtra,CHIRPS Rainfall
2025-12-10,2025-12-17,50.0,2025,P008,20.828434266039377,77.35372489162701,Akola,normal,statewide,0.0,1,7,CHIRPS Daily v2.0,Maharashtra,CHIRPS Rainfall
2025-12-10,2025-12-17,50.0,2025,P009,21.360971327549258,77.94039543992572,Amravati,normal,statewide,0.0,1,7,CHIRPS Daily v2.0,Maharashtra,CHIRPS Rainfall
2025-12-10,2025-12-17,50.0,2025,P010,21.178803672212837,78.03301542790685,Amravati,normal,statewide,0.0,1,7,CHIRPS Daily v2.0,Maharashtra,CHIRPS Rainfall
2025-12-10,2025-12-17,50.0,2025,P011,20.814388097721018,78.21764450702477,Amravati,normal,statewide,0.0,1,7,CHIRPS Daily v2.0,Maharashtra,CHIRPS Rainfall
2025-12-10,2025-12-17,50.0,2025,P012,21.180502589714195,77.93681032267875,Amravati,normal,statewide,0.0,1,7,CHIRPS Daily v2.0,Maharashtra,CHIRPS Rainfall
2025-12-10,2025-12-17,50.0,2025,P013,20.031289688916964,74.8570519162974,Aurangabad,normal,statewide,0.0,1,7,CHIRPS Daily v2.0,Maharashtra,CHIRPS Rainfall
2025-12-10,2025-12-17,50.0,2025,P014,19.760185263069562,75.14270192978114,Aurangabad,normal,statewide,0.0,1,7,CHIRPS Daily v2.0,Maharashtra,CHIRPS Rainfall
2025-12-10,2025-12-17,50.0,2025,P015,19.9408189876436,74.76157364454102,Aurangabad,normal,statewide,0.0,1,7,CHIRPS Daily v2.0,Maharashtra,CHIRPS Rainfall
2025-12-10,2025-12-17,50.0,2025,P016,19.66981712112043,75.14262166596218,Aurangabad,normal,statewide,0.0,1,7,CHIRPS Daily v2.0,Maharashtra,CHIRPS Rainfall
2025-12-10,2025-12-17,50.0,2025,P017,21.04613203856966,79.85576216552393,Bhandara,normal,statewide,0.0,1,7,CHIRPS Daily v2.0,Maharashtra,CHIRPS Rainfall
2025-12-10,2025-12-17,50.0,2025,P018,21.31897105472685,79.76852877161537,Bhandara,normal,statewide,0.0,1,7,CHIRPS Daily v2.0,Maharashtra,CHIRPS Rainfall
2025-12-10,2025-12-17,50.0,2025,P019,21.40900922319803,79.77144948280537,Bhandara,normal,statewide,3.082611083984375,1,7,CHIRPS Daily v2.0,Maharashtra,CHIRPS Rainfall
2025-12-10,2025-12-17,50.0,2025,P020,21.144196588937042,79.57074980349083,Bhandara,normal,statewide,0.0,1,7,CHIRPS Daily v2.0,Maharashtra,CHIRPS Rainfall
2025-12-10,2025-12-17,50.0,2025,P021,18.67502288980403,75.52108340877234,Bid,normal,statewide,0.0,1,7,CHIRPS Daily v2.0,Maharashtra,CHIRPS Rainfall
2025-12-10,2025-12-17,50.0,2025,P022,18.856499384477168,75.04699178476999,Bid,normal,statewide,0.0,1,7,CHIRPS Daily v2.0,Maharashtra,CHIRPS Rainfall
2025-12-10,2025-12-17,50.0,2025,P023,19.126596053486494,75.6175605191647,Bid,normal,statewide,2.4260811805725098,1,7,CHIRPS Daily v2.0,Maharashtra,CHIRPS Rainfall
2025-12-10,2025-12-17,50.0,2025,P024,18.763955201213946,75.90084720909012,Bid,normal,statewide,0.0,1,7,CHIRPS Daily v2.0,Maharashtra,CHIRPS Rainfall
2025-12-10,2025-12-17,50.0,2025,P025,20.93073496240753,76.20164478885242,Buldana,normal,statewide,0.0,1,7,CHIRPS Daily v2.0,Maharashtra,CHIRPS Rainfall
2025-12-10,2025-12-17,50.0,2025,P026,20.838939908121294,76.39311412898633,Buldana,normal,statewide,0.0,1,7,CHIRPS Daily v2.0,Maharashtra,CHIRPS Rainfall
2025-12-10,2025-12-17,50.0,2025,P027,20.657476790751314,76.48742857536776,Buldana,normal,statewide,0.0,1,7,CHIRPS Daily v2.0,Maharashtra,CHIRPS Rainfall
2025-12-10,2025-12-17,50.0,2025,P028,20.47967013624516,76.10222021266374,Buldana,normal,statewide,0.0,1,7,CHIRPS Daily v2.0,Maharashtra,CHIRPS Rainfall
2025-12-10,2025-12-17,50.0,2025,P029,20.32317798477448,79.92829390325927,Chandrapur,normal,statewide,0.0,1,7,CHIRPS Daily v2.0,Maharashtra,CHIRPS Rainfall
2025-12-10,2025-12-17,50.0,2025,P030,20.60872097983294,79.36304041732026,Chandrapur,normal,statewide,0.0,1,7,CHIRPS Daily v2.0,Maharashtra,CHIRPS Rainfall
2025-12-10,2025-12-17,50.0,2025,P031,20.511160307884595,79.64732594588165,Chandrapur,normal,statewide,0.0,1,7,CHIRPS Daily v2.0,Maharashtra,CHIRPS Rainfall
2025-12-10,2025-12-17,50.0,2025,P032,20.598621115946884,79.74569817422172,Chandrapur,normal,statewide,0.0,1,7,CHIRPS Daily v2.0,Maharashtra,CHIRPS Rainfall
2025-12-10,2025-12-17,50.0,2025,P033,21.38667804512237,75.14422248324037,Dhule,normal,statewide,0.0,1,7,CHIRPS Daily v2.0,Maharashtra,CHIRPS Rainfall
2025-12-10,2025-12-17,50.0,2025,P034,21.025151968113196,74.75989256344387,Dhule,normal,statewide,0.0,1,7,CHIRPS Daily v2.0,Maharashtra,CHIRPS Rainfall
2025-12-10,2025-12-17,50.0,2025,P035,21.477028350667293,74.85568743137505,Dhule,normal,statewide,0.0,1,7,CHIRPS Daily v2.0,Maharashtra,CHIRPS Rainfall
2025-12-10,2025-12-17,50.0,2025,P036,20.933820660336515,74.37533522949364,Dhule,normal,statewide,0.0,1,7,CHIRPS Daily v2.0,Maharashtra,CHIRPS Rainfall
2025-12-10,2025-12-17,50.0,2025,P037,19.963056524597132,79.91698116388667,Garhchiroli,normal,statewide,0.0,1,7,CHIRPS Daily v2.0,Maharashtra,CHIRPS Rainfall
2025-12-10,2025-12-17,50.0,2025,P038,19.062661462582188,79.88977172925856,Garhchiroli,normal,statewide,0.0,1,7,CHIRPS Daily v2.0,Maharashtra,CHIRPS Rainfall
2025-12-10,2025-12-17,50.0,2025,P039,19.510270485428137,79.9981368030594,Garhchiroli,normal,statewide,0.0,1,7,CHIRPS Daily v2.0,Maharashtra,CHIRPS Rainfall
2025-12-10,2025-12-17,50.0,2025,P040,19.870365190999156,80.00935144220881,Garhchiroli,normal,statewide,0.0,1,7,CHIRPS Daily v2.0,Maharashtra,CHIRPS Rainfall
2025-12-10,2025-12-17,50.0,2025,P041,21.127639946725598,80.1465044724107,Gondiya,normal,statewide,2.7479562759399414,1,7,CHIRPS Daily v2.0,Maharashtra,CHIRPS Rainfall
2025-12-10,2025-12-17,50.0,2025,P042,21.397598383602258,80.15591763473452,Gondiya,normal,statewide,0.0,1,7,CHIRPS Daily v2.0,Maharashtra,CHIRPS Rainfall
2025-12-10,2025-12-17,50.0,2025,P043,21.574548890706154,80.25847249986273,Gondiya,normal,statewide,3.1563994884490967,1,7,CHIRPS Daily v2.0,Maharashtra,CHIRPS Rainfall
2025-12-10,2025-12-17,50.0,2025,P044,21.211649410572516,80.34153217518526,Gondiya,normal,statewide,0.0,1,7,CHIRPS Daily v2.0,Maharashtra,CHIRPS Rainfall
2025-12-10,2025-12-17,50.0,2025,P045,19.655900266732623,77.2407892392464,Hingoli,normal,statewide,0.0,1,7,CHIRPS Daily v2.0,Maharashtra,CHIRPS Rainfall
2025-12-10,2025-12-17,50.0,2025,P046,19.566758377573187,77.1442675378435,Hingoli,normal,statewide,0.0,1,7,CHIRPS Daily v2.0,Maharashtra,CHIRPS Rainfall
2025-12-10,2025-12-17,50.0,2025,P047,19.47860194974656,76.9526242927685,Hingoli,normal,statewide,0.0,1,7,CHIRPS Daily v2.0,Maharashtra,CHIRPS Rainfall
2025-12-10,2025-12-17,50.0,2025,P048,19.927981235710728,77.14910120338544,Hingoli,normal,statewide,0.0,1,7,CHIRPS Daily v2.0,Maharashtra,CHIRPS Rainfall
2025-12-10,2025-12-17,50.0,2025,P049,21.292738163229433,76.10816865346904,Jalgaon,normal,statewide,0.0,1,7,CHIRPS Daily v2.0,Maharashtra,CHIRPS Rainfall
2025-12-10,2025-12-17,50.0,2025,P050,21.386178625804387,75.43363151891216,Jalgaon,normal,statewide,0.0,1,7,CHIRPS Daily v2.0,Maharashtra,CHIRPS Rainfall
2025-12-10,2025-12-17,50.0,2025,P051,21.112064306745907,76.10682200495089,Jalgaon,normal,statewide,0.0,1,7,CHIRPS Daily v2.0,Maharashtra,CHIRPS Rainfall
2025-12-10,2025-12-17,50.0,2025,P052,20.844437979720194,75.23982115072519,Jalgaon,normal,statewide,0.0,1,7,CHIRPS Daily v2.0,Maharashtra,CHIRPS Rainfall
2025-12-10,2025-12-17,50.0,2025,P053,19.486369703781666,76.00005328932718,Jalna,normal,statewide,0.0,1,7,CHIRPS Daily v2.0,Maharashtra,CHIRPS Rainfall
2025-12-10,2025-12-17,50.0,2025,P054,20.028502750758555,76.00343774702675,Jalna,normal,statewide,0.0,1,7,CHIRPS Daily v2.0,Maharashtra,CHIRPS Rainfall
2025-12-10,2025-12-17,50.0,2025,P055,19.75743845682064,76.00172991132328,Jalna,normal,statewide,0.0,1,7,CHIRPS Daily v2.0,Maharashtra,CHIRPS Rainfall
2025-12-10,2025-12-17,50.0,2025,P056,19.57768317515413,75.80993951591351,Jalna,normal,statewide,0.0,1,7,CHIRPS Daily v2.0,Maharashtra,CHIRPS Rainfall
2025-12-10,2025-12-17,50.0,2025,P057,16.776377793156257,74.29671235971928,Kolhapur,normal,statewide,0.0,1,7,CHIRPS Daily v2.0,Maharashtra,CHIRPS Rainfall
2025-12-10,2025-12-17,50.0,2025,P058,16.324416687682138,74.29834884980589,Kolhapur,normal,statewide,0.0,1,7,CHIRPS Daily v2.0,Maharashtra,CHIRPS Rainfall
2025-12-10,2025-12-17,50.0,2025,P059,16.595891218916975,74.39111598812178,Kolhapur,normal,statewide,0.0,1,7,CHIRPS Daily v2.0,Maharashtra,CHIRPS Rainfall
2025-12-10,2025-12-17,50.0,2025,P060,16.414811584237594,74.29802779453004,Kolhapur,normal,statewide,0.0,1,7,CHIRPS Daily v2.0,Maharashtra,CHIRPS Rainfall
2025-12-10,2025-12-17,50.0,2025,P086,21.054127206758487,79.56798961993874,Nagpur,normal,statewide,0.0,1,7,CHIRPS Daily v2.0,Maharashtra,CHIRPS Rainfall
2025-12-10,2025-12-17,50.0,2025,P087,21.146765031143822,79.47473643960802,Nagpur,normal,statewide,0.0,1,7,CHIRPS Daily v2.0,Maharashtra,CHIRPS Rainfall
2025-12-10,2025-12-17,50.0,2025,P088,21.347803602138427,78.61442869606356,Nagpur,normal,statewide,0.0,1,7,CHIRPS Daily v2.0,Maharashtra,CHIRPS Rainfall
2025-12-10,2025-12-17,50.0,2025,P089,21.165377318940912,78.70615240473293,Nagpur,normal,statewide,0.0,1,7,CHIRPS Daily v2.0,Maharashtra,CHIRPS Rainfall
2025-12-10,2025-12-17,50.0,2025,P090,19.201968238592887,77.42470040309472,Nanded,normal,statewide,0.0,1,7,CHIRPS Daily v2.0,Maharashtra,CHIRPS Rainfall
2025-12-10,2025-12-17,50.0,2025,P091,18.566038000956755,77.69963965584807,Nanded,normal,statewide,0.0,1,7,CHIRPS Daily v2.0,Maharashtra,CHIRPS Rainfall
2025-12-10,2025-12-17,50.0,2025,P092,19.736596618496833,77.90946265591798,Nanded,normal,statewide,0.0,1,7,CHIRPS Daily v2.0,Maharashtra,CHIRPS Rainfall
2025-12-10,2025-12-17,50.0,2025,P093,18.93564842817583,77.04115528508362,Nanded,normal,statewide,0.0,1,7,CHIRPS Daily v2.0,Maharashtra,CHIRPS Rainfall
2025-12-10,2025-12-17,50.0,2025,P094,21.564917232430716,74.08292967791392,Nandurbar,normal,statewide,0.0,1,7,CHIRPS Daily v2.0,Maharashtra,CHIRPS Rainfall
2025-12-10,2025-12-17,50.0,2025,P095,21.5662594218478,74.37266422796263,Nandurbar,normal,statewide,0.0,1,7,CHIRPS Daily v2.0,Maharashtra,CHIRPS Rainfall
2025-12-10,2025-12-17,50.0,2025,P096,21.385179787168415,74.27697637845674,Nandurbar,normal,statewide,0.0,1,7,CHIRPS Daily v2.0,Maharashtra,CHIRPS Rainfall
2025-12-10,2025-12-17,50.0,2025,P097,21.565421110849755,74.17950488852946,Nandurbar,normal,statewide,0.0,1,7,CHIRPS Daily v2.0,Maharashtra,CHIRPS Rainfall
2025-12-10,2025-12-17,50.0,2025,P098,20.299553667393326,73.99482675929994,Nashik,normal,statewide,0.0,1,7,CHIRPS Daily v2.0,Maharashtra,CHIRPS Rainfall
2025-12-10,2025-12-17,50.0,2025,P099,20.120253214034264,74.28296495117151,Nashik,normal,statewide,0.0,1,7,CHIRPS Daily v2.0,Maharashtra,CHIRPS Rainfall
2025-12-10,2025-12-17,50.0,2025,P100,20.389903972938242,73.99424261706194,Nashik,normal,statewide,0.0,1,7,CHIRPS Daily v2.0,Maharashtra,CHIRPS Rainfall
2025-12-10,2025-12-17,50.0,2025,P101,20.029015547379707,74.09216447619562,Nashik,normal,statewide,0.0,1,7,CHIRPS Daily v2.0,Maharashtra,CHIRPS Rainfall
2025-12-10,2025-12-17,50.0,2025,P102,17.85749130266526,76.36802722645965,Osmanabad,normal,statewide,0.0,1,7,CHIRPS Daily v2.0,Maharashtra,CHIRPS Rainfall
2025-12-10,2025-12-17,50.0,2025,P103,17.76644983645705,76.46164605307673,Osmanabad,normal,statewide,0.0,1,7,CHIRPS Daily v2.0,Maharashtra,CHIRPS Rainfall
2025-12-10,2025-12-17,50.0,2025,P104,17.949094615606196,76.17989775301476,Osmanabad,normal,statewide,0.0,1,7,CHIRPS Daily v2.0,Maharashtra,CHIRPS Rainfall
2025-12-10,2025-12-17,50.0,2025,P105,18.584360447185368,75.61558067829696,Osmanabad,normal,statewide,0.0,1,7,CHIRPS Daily v2.0,Maharashtra,CHIRPS Rainfall
2025-12-10,2025-12-17,50.0,2025,P106,19.031389786894366,76.47235681380711,Parbhani,normal,statewide,2.8336172103881836,1,7,CHIRPS Daily v2.0,Maharashtra,CHIRPS Rainfall
2025-12-10,2025-12-17,50.0,2025,P107,19.120950831552832,76.56820519095093,Parbhani,normal,statewide,2.7302207946777344,1,7,CHIRPS Daily v2.0,Maharashtra,CHIRPS Rainfall
2025-12-10,2025-12-17,50.0,2025,P108,19.208625676465683,76.85432786914635,Parbhani,normal,statewide,2.5053229331970215,1,7,CHIRPS Daily v2.0,Maharashtra,CHIRPS Rainfall
2025-12-10,2025-12-17,50.0,2025,P109,19.212081479782103,76.47396209018636,Parbhani,normal,statewide,3.0057215690612793,1,7,CHIRPS Daily v2.0,Maharashtra,CHIRPS Rainfall
2025-12-10,2025-12-17,50.0,2025,P110,18.133442771357757,75.04679558432363,Pune,normal,statewide,0.0,1,7,CHIRPS Daily v2.0,Maharashtra,CHIRPS Rainfall
2025-12-10,2025-12-17,50.0,2025,P111,18.584645829652782,74.47919215212944,Pune,normal,statewide,0.0,1,7,CHIRPS Daily v2.0,Maharashtra,CHIRPS Rainfall
2025-12-10,2025-12-17,50.0,2025,P112,18.132979024848197,74.57507620208169,Pune,normal,statewide,0.0,1,7,CHIRPS Daily v2.0,Maharashtra,CHIRPS Rainfall
2025-12-10,2025-12-17,50.0,2025,P113,18.314072036830744,74.76389683618987,Pune,normal,statewide,0.0,1,7,CHIRPS Daily v2.0,Maharashtra,CHIRPS Rainfall
2025-12-10,2025-12-17,50.0,2025,P114,18.48503397121986,73.0589238755964,Raigarh,normal,statewide,0.0,1,7,CHIRPS Daily v2.0,Maharashtra,CHIRPS Rainfall
2025-12-10,2025-12-17,50.0,2025,P115,18.665689991299164,73.05687714821288,Raigarh,normal,statewide,0.0,1,7,CHIRPS Daily v2.0,Maharashtra,CHIRPS Rainfall
2025-12-10,2025-12-17,50.0,2025,P116,18.306197264370358,73.25009891506079,Raigarh,normal,statewide,0.0,1,7,CHIRPS Daily v2.0,Maharashtra,CHIRPS Rainfall
2025-12-10,2025-12-17,50.0,2025,P117,18.21404102289879,73.06194714611064,Raigarh,normal,statewide,0.0,1,7,CHIRPS Daily v2.0,Maharashtra,CHIRPS Rainfall
2025-12-10,2025-12-17,50.0,2025,P118,17.138719885658215,75.42259970290594,Sangli,normal,statewide,0.0,1,7,CHIRPS Daily v2.0,Maharashtra,CHIRPS Rainfall
2025-12-10,2025-12-17,50.0,2025,P119,17.048761981005992,74.95348443567921,Sangli,normal,statewide,0.0,1,7,CHIRPS Daily v2.0,Maharashtra,CHIRPS Rainfall
2025-12-10,2025-12-17,50.0,2025,P120,16.86707144948229,74.39025538161847,Sangli,normal,statewide,0.0,1,7,CHIRPS Daily v2.0,Maharashtra,CHIRPS Rainfall
2025-12-10,2025-12-17,50.0,2025,P121,17.048503353144895,74.67157114887826,Sangli,normal,statewide,0.0,1,7,CHIRPS Daily v2.0,Maharashtra,CHIRPS Rainfall
2025-12-10,2025-12-17,50.0,2025,P148,17.67852974098626,76.08383979812143,Solapur,normal,statewide,0.0,1,7,CHIRPS Daily v2.0,Maharashtra,CHIRPS Rainfall
2025-12-10,2025-12-17,50.0,2025,P149,18.223365003201543,75.4251413905064,Solapur,normal,statewide,0.0,1,7,CHIRPS Daily v2.0,Maharashtra,CHIRPS Rainfall
2025-12-10,2025-12-17,50.0,2025,P150,17.952532582518405,75.23562067753285,Solapur,normal,statewide,0.0,1,7,CHIRPS Daily v2.0,Maharashtra,CHIRPS Rainfall
2025-12-10,2025-12-17,50.0,2025,P151,18.223690517578447,75.23598186471818,Solapur,normal,statewide,0.0,1,7,CHIRPS Daily v2.0,Maharashtra,CHIRPS Rainfall
2025-12-10,2025-12-17,50.0,2025,P152,19.658178867370932,72.94986318203122,Thane,normal,statewide,0.0,1,7,CHIRPS Daily v2.0,Maharashtra,CHIRPS Rainfall
2025-12-10,2025-12-17,50.0,2025,P153,19.65706409210757,72.8545320606096,Thane,normal,statewide,0.0,1,7,CHIRPS Daily v2.0,Maharashtra,CHIRPS Rainfall
2025-12-10,2025-12-17,50.0,2025,P154,19.477549601897948,72.95214624177059,Thane,normal,statewide,0.0,1,7,CHIRPS Daily v2.0,Maharashtra,CHIRPS Rainfall
2025-12-10,2025-12-17,50.0,2025,P155,19.83987385799569,73.0429959666335,Thane,normal,statewide,0.0,1,7,CHIRPS Daily v2.0,Maharashtra,CHIRPS Rainfall
2025-12-10,2025-12-17,50.0,2025,P156,20.806749657616468,78.60135461177485,Wardha,normal,statewide,0.0,1,7,CHIRPS Daily v2.0,Maharashtra,CHIRPS Rainfall
2025-12-10,2025-12-17,50.0,2025,P157,20.71031267913359,78.88671032458906,Wardha,normal,statewide,0.0,1,7,CHIRPS Daily v2.0,Maharashtra,CHIRPS Rainfall
2025-12-10,2025-12-17,50.0,2025,P158,21.081265295769754,78.41565980750515,Wardha,normal,statewide,0.0,1,7,CHIRPS Daily v2.0,Maharashtra,CHIRPS Rainfall
2025-12-10,2025-12-17,50.0,2025,P159,20.439854822938944,78.87986114537097,Wardha,normal,statewide,0.0,1,7,CHIRPS Daily v2.0,Maharashtra,CHIRPS Rainfall
2025-12-10,2025-12-17,50.0,2025,P160,20.289186257444058,77.15404188735265,Washim,normal,statewide,0.0,1,7,CHIRPS Daily v2.0,Maharashtra,CHIRPS Rainfall
2025-12-10,2025-12-17,50.0,2025,P161,20.464607292886615,77.53975858757677,Washim,normal,statewide,0.0,1,7,CHIRPS Daily v2.0,Maharashtra,CHIRPS Rainfall
2025-12-10,2025-12-17,50.0,2025,P162,20.107393166596125,77.2471479173486,Washim,normal,statewide,0.0,1,7,CHIRPS Daily v2.0,Maharashtra,CHIRPS Rainfall
2025-12-10,2025-12-17,50.0,2025,P163,20.198885002010726,77.1527933390577,Washim,normal,statewide,0.0,1,7,CHIRPS Daily v2.0,Maharashtra,CHIRPS Rainfall
2025-12-10,2025-12-17,50.0,2025,P164,20.182854533723592,78.20447678161395,Yavatmal,normal,statewide,0.0,1,7,CHIRPS Daily v2.0,Maharashtra,CHIRPS Rainfall
2025-12-10,2025-12-17,50.0,2025,P165,19.894658373538324,79.05709703494229,Yavatmal,normal,statewide,0.0,1,7,CHIRPS Daily v2.0,Maharashtra,CHIRPS Rainfall
2025-12-10,2025-12-17,50.0,2025,P166,19.468787468327925,77.71426550730338,Yavatmal,normal,statewide,0.0,1,7,CHIRPS Daily v2.0,Maharashtra,CHIRPS Rainfall
2025-12-10,2025-12-17,50.0,2025,P167,19.559057510053886,77.71577268345945,Yavatmal,normal,statewide,0.0,1,7,CHIRPS Daily v2.0,Maharashtra,CHIRPS Rainfall
2025-12-17,2025-12-24,51.0,2025,P147,17.927231643141155,73.94769852026607,Satara,case_study,case_study,0.0,1,7,CHIRPS Daily v2.0,Maharashtra,CHIRPS Rainfall
2025-12-17,2025-12-24,51.0,2025,P061,18.507855650411397,76.91766048140843,Latur,high,priority,0.0,1,7,CHIRPS Daily v2.0,Maharashtra,CHIRPS Rainfall
2025-12-17,2025-12-24,51.0,2025,P062,18.422405896924207,76.3487594508077,Latur,high,priority,0.0,1,7,CHIRPS Daily v2.0,Maharashtra,CHIRPS Rainfall
2025-12-17,2025-12-24,51.0,2025,P063,18.235391198742693,77.05646783810116,Latur,high,priority,0.0,1,7,CHIRPS Daily v2.0,Maharashtra,CHIRPS Rainfall
2025-12-17,2025-12-24,51.0,2025,P064,18.193056493341274,76.77240080549139,Latur,high,priority,0.0,1,7,CHIRPS Daily v2.0,Maharashtra,CHIRPS Rainfall
2025-12-17,2025-12-24,51.0,2025,P065,18.331355512513895,76.44266811899327,Latur,high,priority,0.0,1,7,CHIRPS Daily v2.0,Maharashtra,CHIRPS Rainfall
2025-12-17,2025-12-24,51.0,2025,P066,18.104739537876725,76.5352970251765,Latur,high,priority,0.0,1,7,CHIRPS Daily v2.0,Maharashtra,CHIRPS Rainfall
2025-12-17,2025-12-24,51.0,2025,P067,18.280552974211986,77.0569984711265,Latur,high,priority,0.0,1,7,CHIRPS Daily v2.0,Maharashtra,CHIRPS Rainfall
2025-12-17,2025-12-24,51.0,2025,P068,18.101823285787773,76.86595720469373,Latur,high,priority,0.0,1,7,CHIRPS Daily v2.0,Maharashtra,CHIRPS Rainfall
2025-12-17,2025-12-24,51.0,2025,P069,18.595075667016793,77.20284228928156,Latur,high,priority,0.0,1,7,CHIRPS Daily v2.0,Maharashtra,CHIRPS Rainfall
2025-12-17,2025-12-24,51.0,2025,P070,18.41499041187233,77.15322587185987,Latur,high,priority,0.0,1,7,CHIRPS Daily v2.0,Maharashtra,CHIRPS Rainfall
2025-12-17,2025-12-24,51.0,2025,P071,18.149138807065885,76.63019561379593,Latur,high,priority,0.0,1,7,CHIRPS Daily v2.0,Maharashtra,CHIRPS Rainfall
2025-12-17,2025-12-24,51.0,2025,P072,18.283393421583035,76.77331492120734,Latur,high,priority,2.165573835372925,1,7,CHIRPS Daily v2.0,Maharashtra,CHIRPS Rainfall
2025-12-17,2025-12-24,51.0,2025,P073,17.966315663874607,76.86453029235662,Latur,high,priority,0.0,1,7,CHIRPS Daily v2.0,Maharashtra,CHIRPS Rainfall
2025-12-17,2025-12-24,51.0,2025,P074,18.50832831512306,76.870318205524,Latur,high,priority,1.602927565574646,1,7,CHIRPS Daily v2.0,Maharashtra,CHIRPS Rainfall
2025-12-17,2025-12-24,51.0,2025,P075,18.41444640154381,77.20053247493588,Latur,high,priority,0.0,1,7,CHIRPS Daily v2.0,Maharashtra,CHIRPS Rainfall
2025-12-17,2025-12-24,51.0,2025,P076,18.377877313804504,76.25376722106614,Latur,high,priority,0.0,1,7,CHIRPS Daily v2.0,Maharashtra,CHIRPS Rainfall
2025-12-17,2025-12-24,51.0,2025,P077,18.059564385104267,76.5349046242838,Latur,high,priority,0.0,1,7,CHIRPS Daily v2.0,Maharashtra,CHIRPS Rainfall
2025-12-17,2025-12-24,51.0,2025,P078,18.1008824154655,76.96042326051098,Latur,high,priority,2.235542058944702,1,7,CHIRPS Daily v2.0,Maharashtra,CHIRPS Rainfall
2025-12-17,2025-12-24,51.0,2025,P079,18.73508698099394,76.77797468180819,Latur,high,priority,0.0,1,7,CHIRPS Daily v2.0,Maharashtra,CHIRPS Rainfall
2025-12-17,2025-12-24,51.0,2025,P080,18.46791548227568,76.3017694439065,Latur,high,priority,0.0,1,7,CHIRPS Daily v2.0,Maharashtra,CHIRPS Rainfall
2025-12-17,2025-12-24,51.0,2025,P081,18.10355787609756,76.67701617485712,Latur,high,priority,0.0,1,7,CHIRPS Daily v2.0,Maharashtra,CHIRPS Rainfall
2025-12-17,2025-12-24,51.0,2025,P082,18.23907887531389,76.67830931416262,Latur,high,priority,0.0,1,7,CHIRPS Daily v2.0,Maharashtra,CHIRPS Rainfall
2025-12-17,2025-12-24,51.0,2025,P083,18.369289085175563,77.19996171000103,Latur,high,priority,0.0,1,7,CHIRPS Daily v2.0,Maharashtra,CHIRPS Rainfall
2025-12-17,2025-12-24,51.0,2025,P084,18.46362582706226,76.82249880582684,Latur,high,priority,1.8099063634872437,1,7,CHIRPS Daily v2.0,Maharashtra,CHIRPS Rainfall
2025-12-17,2025-12-24,51.0,2025,P085,18.14788579966987,76.77194597718393,Latur,high,priority,0.0,1,7,CHIRPS Daily v2.0,Maharashtra,CHIRPS Rainfall
2025-12-17,2025-12-24,51.0,2025,P122,17.88145897082753,73.8441448165019,Satara,high,priority,0.0,1,7,CHIRPS Daily v2.0,Maharashtra,CHIRPS Rainfall
2025-12-17,2025-12-24,51.0,2025,P123,17.386414030975025,74.27088970551878,Satara,high,priority,0.0,1,7,CHIRPS Daily v2.0,Maharashtra,CHIRPS Rainfall
2025-12-17,2025-12-24,51.0,2025,P124,17.43262815429294,74.647353771057,Satara,high,priority,0.0,1,7,CHIRPS Daily v2.0,Maharashtra,CHIRPS Rainfall
2025-12-17,2025-12-24,51.0,2025,P125,17.56734651531964,74.31728219287884,Satara,high,priority,0.0,1,7,CHIRPS Daily v2.0,Maharashtra,CHIRPS Rainfall
2025-12-17,2025-12-24,51.0,2025,P126,17.205080227535593,74.13053949986157,Satara,high,priority,0.0,1,7,CHIRPS Daily v2.0,Maharashtra,CHIRPS Rainfall
2025-12-17,2025-12-24,51.0,2025,P127,17.65773249367299,74.31694330119876,Satara,high,priority,0.0,1,7,CHIRPS Daily v2.0,Maharashtra,CHIRPS Rainfall
2025-12-17,2025-12-24,51.0,2025,P128,18.019949731345452,74.5517328080669,Satara,high,priority,1.8999160528182983,1,7,CHIRPS Daily v2.0,Maharashtra,CHIRPS Rainfall
2025-12-17,2025-12-24,51.0,2025,P129,18.063234225271252,74.03192648006461,Satara,high,priority,1.9536720514297485,1,7,CHIRPS Daily v2.0,Maharashtra,CHIRPS Rainfall
2025-12-17,2025-12-24,51.0,2025,P130,17.61135784271715,74.03436560834085,Satara,high,priority,0.0,1,7,CHIRPS Daily v2.0,Maharashtra,CHIRPS Rainfall
2025-12-17,2025-12-24,51.0,2025,P131,17.612539504496315,74.3171127470388,Satara,high,priority,0.0,1,7,CHIRPS Daily v2.0,Maharashtra,CHIRPS Rainfall
2025-12-17,2025-12-24,51.0,2025,P132,17.702176353872684,74.12817617630324,Satara,high,priority,0.0,1,7,CHIRPS Daily v2.0,Maharashtra,CHIRPS Rainfall
2025-12-17,2025-12-24,51.0,2025,P133,17.25006363896275,74.08329532420031,Satara,high,priority,0.0,1,7,CHIRPS Daily v2.0,Maharashtra,CHIRPS Rainfall
2025-12-17,2025-12-24,51.0,2025,P134,17.476429903940936,74.17634784498362,Satara,high,priority,0.0,1,7,CHIRPS Daily v2.0,Maharashtra,CHIRPS Rainfall
2025-12-17,2025-12-24,51.0,2025,P135,17.882716437324603,74.0801070669471,Satara,high,priority,0.0,1,7,CHIRPS Daily v2.0,Maharashtra,CHIRPS Rainfall
2025-12-17,2025-12-24,51.0,2025,P136,17.928520323345598,74.22149178404871,Satara,high,priority,0.0,1,7,CHIRPS Daily v2.0,Maharashtra,CHIRPS Rainfall
2025-12-17,2025-12-24,51.0,2025,P137,17.746687100588183,73.98648378122894,Satara,high,priority,0.0,1,7,CHIRPS Daily v2.0,Maharashtra,CHIRPS Rainfall
2025-12-17,2025-12-24,51.0,2025,P138,17.61269557303319,74.36423652697161,Satara,high,priority,0.0,1,7,CHIRPS Daily v2.0,Maharashtra,CHIRPS Rainfall
2025-12-17,2025-12-24,51.0,2025,P139,17.656773786946495,74.08126197411994,Satara,high,priority,0.0,1,7,CHIRPS Daily v2.0,Maharashtra,CHIRPS Rainfall
2025-12-17,2025-12-24,51.0,2025,P140,17.97464080554139,74.50462240543725,Satara,high,priority,0.0,1,7,CHIRPS Daily v2.0,Maharashtra,CHIRPS Rainfall
2025-12-17,2025-12-24,51.0,2025,P141,17.430826677467348,74.08239904488856,Satara,high,priority,0.0,1,7,CHIRPS Daily v2.0,Maharashtra,CHIRPS Rainfall
2025-12-17,2025-12-24,51.0,2025,P142,18.064447100757786,74.31538707493111,Satara,high,priority,1.879657506942749,1,7,CHIRPS Daily v2.0,Maharashtra,CHIRPS Rainfall
2025-12-17,2025-12-24,51.0,2025,P143,17.70379500755509,74.6468275971327,Satara,high,priority,0.0,1,7,CHIRPS Daily v2.0,Maharashtra,CHIRPS Rainfall
2025-12-17,2025-12-24,51.0,2025,P144,17.929452275465767,74.50474726026674,Satara,high,priority,0.0,1,7,CHIRPS Daily v2.0,Maharashtra,CHIRPS Rainfall
2025-12-17,2025-12-24,51.0,2025,P145,17.47773196144854,74.60017202281048,Satara,high,priority,0.0,1,7,CHIRPS Daily v2.0,Maharashtra,CHIRPS Rainfall
2025-12-17,2025-12-24,51.0,2025,P146,17.839182233739812,74.55218763637436,Satara,high,priority,0.0,1,7,CHIRPS Daily v2.0,Maharashtra,CHIRPS Rainfall
2025-12-17,2025-12-24,51.0,2025,P001,19.940457800458272,74.57045211428928,Ahmednagar,normal,statewide,0.0,1,7,CHIRPS Daily v2.0,Maharashtra,CHIRPS Rainfall
2025-12-17,2025-12-24,51.0,2025,P002,18.946729294293643,74.76302285238339,Ahmednagar,normal,statewide,0.0,1,7,CHIRPS Daily v2.0,Maharashtra,CHIRPS Rainfall
2025-12-17,2025-12-24,51.0,2025,P003,18.49469238410162,74.66892244285252,Ahmednagar,normal,statewide,1.410373330116272,1,7,CHIRPS Daily v2.0,Maharashtra,CHIRPS Rainfall
2025-12-17,2025-12-24,51.0,2025,P004,19.03720445466806,75.1420731965326,Ahmednagar,normal,statewide,0.0,1,7,CHIRPS Daily v2.0,Maharashtra,CHIRPS Rainfall
2025-12-17,2025-12-24,51.0,2025,P005,20.832153156317954,77.06560453615967,Akola,normal,statewide,2.860976219177246,1,7,CHIRPS Daily v2.0,Maharashtra,CHIRPS Rainfall
2025-12-17,2025-12-24,51.0,2025,P006,20.834360411339407,76.87349308547405,Akola,normal,statewide,0.0,1,7,CHIRPS Daily v2.0,Maharashtra,CHIRPS Rainfall
2025-12-17,2025-12-24,51.0,2025,P007,21.014976299509232,76.87574047240498,Akola,normal,statewide,2.911302089691162,1,7,CHIRPS Daily v2.0,Maharashtra,CHIRPS Rainfall
2025-12-17,2025-12-24,51.0,2025,P008,20.828434266039377,77.35372489162701,Akola,normal,statewide,0.0,1,7,CHIRPS Daily v2.0,Maharashtra,CHIRPS Rainfall
2025-12-17,2025-12-24,51.0,2025,P009,21.360971327549258,77.94039543992572,Amravati,normal,statewide,0.0,1,7,CHIRPS Daily v2.0,Maharashtra,CHIRPS Rainfall
2025-12-17,2025-12-24,51.0,2025,P010,21.178803672212837,78.03301542790685,Amravati,normal,statewide,5.404465436935425,1,7,CHIRPS Daily v2.0,Maharashtra,CHIRPS Rainfall
2025-12-17,2025-12-24,51.0,2025,P011,20.814388097721018,78.21764450702477,Amravati,normal,statewide,0.0,1,7,CHIRPS Daily v2.0,Maharashtra,CHIRPS Rainfall
2025-12-17,2025-12-24,51.0,2025,P012,21.180502589714195,77.93681032267875,Amravati,normal,statewide,5.952892303466797,1,7,CHIRPS Daily v2.0,Maharashtra,CHIRPS Rainfall
2025-12-17,2025-12-24,51.0,2025,P013,20.031289688916964,74.8570519162974,Aurangabad,normal,statewide,0.0,1,7,CHIRPS Daily v2.0,Maharashtra,CHIRPS Rainfall
2025-12-17,2025-12-24,51.0,2025,P014,19.760185263069562,75.14270192978114,Aurangabad,normal,statewide,0.0,1,7,CHIRPS Daily v2.0,Maharashtra,CHIRPS Rainfall
2025-12-17,2025-12-24,51.0,2025,P015,19.9408189876436,74.76157364454102,Aurangabad,normal,statewide,0.0,1,7,CHIRPS Daily v2.0,Maharashtra,CHIRPS Rainfall
2025-12-17,2025-12-24,51.0,2025,P016,19.66981712112043,75.14262166596218,Aurangabad,normal,statewide,0.0,1,7,CHIRPS Daily v2.0,Maharashtra,CHIRPS Rainfall
2025-12-17,2025-12-24,51.0,2025,P017,21.04613203856966,79.85576216552393,Bhandara,normal,statewide,0.0,1,7,CHIRPS Daily v2.0,Maharashtra,CHIRPS Rainfall
2025-12-17,2025-12-24,51.0,2025,P018,21.31897105472685,79.76852877161537,Bhandara,normal,statewide,6.05781626701355,1,7,CHIRPS Daily v2.0,Maharashtra,CHIRPS Rainfall
2025-12-17,2025-12-24,51.0,2025,P019,21.40900922319803,79.77144948280537,Bhandara,normal,statewide,0.0,1,7,CHIRPS Daily v2.0,Maharashtra,CHIRPS Rainfall
2025-12-17,2025-12-24,51.0,2025,P020,21.144196588937042,79.57074980349083,Bhandara,normal,statewide,5.045658826828003,1,7,CHIRPS Daily v2.0,Maharashtra,CHIRPS Rainfall
2025-12-17,2025-12-24,51.0,2025,P021,18.67502288980403,75.52108340877234,Bid,normal,statewide,0.0,1,7,CHIRPS Daily v2.0,Maharashtra,CHIRPS Rainfall
2025-12-17,2025-12-24,51.0,2025,P022,18.856499384477168,75.04699178476999,Bid,normal,statewide,0.0,1,7,CHIRPS Daily v2.0,Maharashtra,CHIRPS Rainfall
2025-12-17,2025-12-24,51.0,2025,P023,19.126596053486494,75.6175605191647,Bid,normal,statewide,0.0,1,7,CHIRPS Daily v2.0,Maharashtra,CHIRPS Rainfall
2025-12-17,2025-12-24,51.0,2025,P024,18.763955201213946,75.90084720909012,Bid,normal,statewide,6.210682153701782,1,7,CHIRPS Daily v2.0,Maharashtra,CHIRPS Rainfall
2025-12-17,2025-12-24,51.0,2025,P025,20.93073496240753,76.20164478885242,Buldana,normal,statewide,2.5718088150024414,1,7,CHIRPS Daily v2.0,Maharashtra,CHIRPS Rainfall
2025-12-17,2025-12-24,51.0,2025,P026,20.838939908121294,76.39311412898633,Buldana,normal,statewide,0.0,1,7,CHIRPS Daily v2.0,Maharashtra,CHIRPS Rainfall
2025-12-17,2025-12-24,51.0,2025,P027,20.657476790751314,76.48742857536776,Buldana,normal,statewide,0.0,1,7,CHIRPS Daily v2.0,Maharashtra,CHIRPS Rainfall
2025-12-17,2025-12-24,51.0,2025,P028,20.47967013624516,76.10222021266374,Buldana,normal,statewide,0.0,1,7,CHIRPS Daily v2.0,Maharashtra,CHIRPS Rainfall
2025-12-17,2025-12-24,51.0,2025,P029,20.32317798477448,79.92829390325927,Chandrapur,normal,statewide,0.0,1,7,CHIRPS Daily v2.0,Maharashtra,CHIRPS Rainfall
2025-12-17,2025-12-24,51.0,2025,P030,20.60872097983294,79.36304041732026,Chandrapur,normal,statewide,0.0,1,7,CHIRPS Daily v2.0,Maharashtra,CHIRPS Rainfall
2025-12-17,2025-12-24,51.0,2025,P031,20.511160307884595,79.64732594588165,Chandrapur,normal,statewide,0.0,1,7,CHIRPS Daily v2.0,Maharashtra,CHIRPS Rainfall
2025-12-17,2025-12-24,51.0,2025,P032,20.598621115946884,79.74569817422172,Chandrapur,normal,statewide,0.0,1,7,CHIRPS Daily v2.0,Maharashtra,CHIRPS Rainfall
2025-12-17,2025-12-24,51.0,2025,P033,21.38667804512237,75.14422248324037,Dhule,normal,statewide,0.0,1,7,CHIRPS Daily v2.0,Maharashtra,CHIRPS Rainfall
2025-12-17,2025-12-24,51.0,2025,P034,21.025151968113196,74.75989256344387,Dhule,normal,statewide,0.0,1,7,CHIRPS Daily v2.0,Maharashtra,CHIRPS Rainfall
2025-12-17,2025-12-24,51.0,2025,P035,21.477028350667293,74.85568743137505,Dhule,normal,statewide,0.0,1,7,CHIRPS Daily v2.0,Maharashtra,CHIRPS Rainfall
2025-12-17,2025-12-24,51.0,2025,P036,20.933820660336515,74.37533522949364,Dhule,normal,statewide,0.0,1,7,CHIRPS Daily v2.0,Maharashtra,CHIRPS Rainfall
2025-12-17,2025-12-24,51.0,2025,P037,19.963056524597132,79.91698116388667,Garhchiroli,normal,statewide,0.0,1,7,CHIRPS Daily v2.0,Maharashtra,CHIRPS Rainfall
2025-12-17,2025-12-24,51.0,2025,P038,19.062661462582188,79.88977172925856,Garhchiroli,normal,statewide,0.0,1,7,CHIRPS Daily v2.0,Maharashtra,CHIRPS Rainfall
2025-12-17,2025-12-24,51.0,2025,P039,19.510270485428137,79.9981368030594,Garhchiroli,normal,statewide,0.0,1,7,CHIRPS Daily v2.0,Maharashtra,CHIRPS Rainfall
2025-12-17,2025-12-24,51.0,2025,P040,19.870365190999156,80.00935144220881,Garhchiroli,normal,statewide,0.0,1,7,CHIRPS Daily v2.0,Maharashtra,CHIRPS Rainfall
2025-12-17,2025-12-24,51.0,2025,P041,21.127639946725598,80.1465044724107,Gondiya,normal,statewide,3.3640739917755127,1,7,CHIRPS Daily v2.0,Maharashtra,CHIRPS Rainfall
2025-12-17,2025-12-24,51.0,2025,P042,21.397598383602258,80.15591763473452,Gondiya,normal,statewide,4.528662204742432,1,7,CHIRPS Daily v2.0,Maharashtra,CHIRPS Rainfall
2025-12-17,2025-12-24,51.0,2025,P043,21.574548890706154,80.25847249986273,Gondiya,normal,statewide,0.0,1,7,CHIRPS Daily v2.0,Maharashtra,CHIRPS Rainfall
2025-12-17,2025-12-24,51.0,2025,P044,21.211649410572516,80.34153217518526,Gondiya,normal,statewide,5.98011040687561,1,7,CHIRPS Daily v2.0,Maharashtra,CHIRPS Rainfall
2025-12-17,2025-12-24,51.0,2025,P045,19.655900266732623,77.2407892392464,Hingoli,normal,statewide,0.0,1,7,CHIRPS Daily v2.0,Maharashtra,CHIRPS Rainfall
2025-12-17,2025-12-24,51.0,2025,P046,19.566758377573187,77.1442675378435,Hingoli,normal,statewide,0.0,1,7,CHIRPS Daily v2.0,Maharashtra,CHIRPS Rainfall
2025-12-17,2025-12-24,51.0,2025,P047,19.47860194974656,76.9526242927685,Hingoli,normal,statewide,0.0,1,7,CHIRPS Daily v2.0,Maharashtra,CHIRPS Rainfall
2025-12-17,2025-12-24,51.0,2025,P048,19.927981235710728,77.14910120338544,Hingoli,normal,statewide,0.0,1,7,CHIRPS Daily v2.0,Maharashtra,CHIRPS Rainfall
2025-12-17,2025-12-24,51.0,2025,P049,21.292738163229433,76.10816865346904,Jalgaon,normal,statewide,5.032372713088989,1,7,CHIRPS Daily v2.0,Maharashtra,CHIRPS Rainfall
2025-12-17,2025-12-24,51.0,2025,P050,21.386178625804387,75.43363151891216,Jalgaon,normal,statewide,0.0,1,7,CHIRPS Daily v2.0,Maharashtra,CHIRPS Rainfall
2025-12-17,2025-12-24,51.0,2025,P051,21.112064306745907,76.10682200495089,Jalgaon,normal,statewide,0.0,1,7,CHIRPS Daily v2.0,Maharashtra,CHIRPS Rainfall
2025-12-17,2025-12-24,51.0,2025,P052,20.844437979720194,75.23982115072519,Jalgaon,normal,statewide,0.0,1,7,CHIRPS Daily v2.0,Maharashtra,CHIRPS Rainfall
2025-12-17,2025-12-24,51.0,2025,P053,19.486369703781666,76.00005328932718,Jalna,normal,statewide,0.0,1,7,CHIRPS Daily v2.0,Maharashtra,CHIRPS Rainfall
2025-12-17,2025-12-24,51.0,2025,P054,20.028502750758555,76.00343774702675,Jalna,normal,statewide,0.0,1,7,CHIRPS Daily v2.0,Maharashtra,CHIRPS Rainfall
2025-12-17,2025-12-24,51.0,2025,P055,19.75743845682064,76.00172991132328,Jalna,normal,statewide,0.0,1,7,CHIRPS Daily v2.0,Maharashtra,CHIRPS Rainfall
2025-12-17,2025-12-24,51.0,2025,P056,19.57768317515413,75.80993951591351,Jalna,normal,statewide,0.0,1,7,CHIRPS Daily v2.0,Maharashtra,CHIRPS Rainfall
2025-12-17,2025-12-24,51.0,2025,P057,16.776377793156257,74.29671235971928,Kolhapur,normal,statewide,0.0,1,7,CHIRPS Daily v2.0,Maharashtra,CHIRPS Rainfall
2025-12-17,2025-12-24,51.0,2025,P058,16.324416687682138,74.29834884980589,Kolhapur,normal,statewide,0.0,1,7,CHIRPS Daily v2.0,Maharashtra,CHIRPS Rainfall
2025-12-17,2025-12-24,51.0,2025,P059,16.595891218916975,74.39111598812178,Kolhapur,normal,statewide,0.0,1,7,CHIRPS Daily v2.0,Maharashtra,CHIRPS Rainfall
2025-12-17,2025-12-24,51.0,2025,P060,16.414811584237594,74.29802779453004,Kolhapur,normal,statewide,0.0,1,7,CHIRPS Daily v2.0,Maharashtra,CHIRPS Rainfall
2025-12-17,2025-12-24,51.0,2025,P086,21.054127206758487,79.56798961993874,Nagpur,normal,statewide,0.0,1,7,CHIRPS Daily v2.0,Maharashtra,CHIRPS Rainfall
2025-12-17,2025-12-24,51.0,2025,P087,21.146765031143822,79.47473643960802,Nagpur,normal,statewide,5.858107566833496,1,7,CHIRPS Daily v2.0,Maharashtra,CHIRPS Rainfall
2025-12-17,2025-12-24,51.0,2025,P088,21.347803602138427,78.61442869606356,Nagpur,normal,statewide,0.0,1,7,CHIRPS Daily v2.0,Maharashtra,CHIRPS Rainfall
2025-12-17,2025-12-24,51.0,2025,P089,21.165377318940912,78.70615240473293,Nagpur,normal,statewide,0.0,1,7,CHIRPS Daily v2.0,Maharashtra,CHIRPS Rainfall
2025-12-17,2025-12-24,51.0,2025,P090,19.201968238592887,77.42470040309472,Nanded,normal,statewide,0.0,1,7,CHIRPS Daily v2.0,Maharashtra,CHIRPS Rainfall
2025-12-17,2025-12-24,51.0,2025,P091,18.566038000956755,77.69963965584807,Nanded,normal,statewide,0.0,1,7,CHIRPS Daily v2.0,Maharashtra,CHIRPS Rainfall
2025-12-17,2025-12-24,51.0,2025,P092,19.736596618496833,77.90946265591798,Nanded,normal,statewide,0.0,1,7,CHIRPS Daily v2.0,Maharashtra,CHIRPS Rainfall
2025-12-17,2025-12-24,51.0,2025,P093,18.93564842817583,77.04115528508362,Nanded,normal,statewide,0.0,1,7,CHIRPS Daily v2.0,Maharashtra,CHIRPS Rainfall
2025-12-17,2025-12-24,51.0,2025,P094,21.564917232430716,74.08292967791392,Nandurbar,normal,statewide,0.0,1,7,CHIRPS Daily v2.0,Maharashtra,CHIRPS Rainfall
2025-12-17,2025-12-24,51.0,2025,P095,21.5662594218478,74.37266422796263,Nandurbar,normal,statewide,0.0,1,7,CHIRPS Daily v2.0,Maharashtra,CHIRPS Rainfall
2025-12-17,2025-12-24,51.0,2025,P096,21.385179787168415,74.27697637845674,Nandurbar,normal,statewide,0.0,1,7,CHIRPS Daily v2.0,Maharashtra,CHIRPS Rainfall
2025-12-17,2025-12-24,51.0,2025,P097,21.565421110849755,74.17950488852946,Nandurbar,normal,statewide,0.0,1,7,CHIRPS Daily v2.0,Maharashtra,CHIRPS Rainfall
2025-12-17,2025-12-24,51.0,2025,P098,20.299553667393326,73.99482675929994,Nashik,normal,statewide,0.0,1,7,CHIRPS Daily v2.0,Maharashtra,CHIRPS Rainfall
2025-12-17,2025-12-24,51.0,2025,P099,20.120253214034264,74.28296495117151,Nashik,normal,statewide,0.0,1,7,CHIRPS Daily v2.0,Maharashtra,CHIRPS Rainfall
2025-12-17,2025-12-24,51.0,2025,P100,20.389903972938242,73.99424261706194,Nashik,normal,statewide,0.0,1,7,CHIRPS Daily v2.0,Maharashtra,CHIRPS Rainfall
2025-12-17,2025-12-24,51.0,2025,P101,20.029015547379707,74.09216447619562,Nashik,normal,statewide,0.0,1,7,CHIRPS Daily v2.0,Maharashtra,CHIRPS Rainfall
2025-12-17,2025-12-24,51.0,2025,P102,17.85749130266526,76.36802722645965,Osmanabad,normal,statewide,0.0,1,7,CHIRPS Daily v2.0,Maharashtra,CHIRPS Rainfall
2025-12-17,2025-12-24,51.0,2025,P103,17.76644983645705,76.46164605307673,Osmanabad,normal,statewide,0.0,1,7,CHIRPS Daily v2.0,Maharashtra,CHIRPS Rainfall
2025-12-17,2025-12-24,51.0,2025,P104,17.949094615606196,76.17989775301476,Osmanabad,normal,statewide,0.0,1,7,CHIRPS Daily v2.0,Maharashtra,CHIRPS Rainfall
2025-12-17,2025-12-24,51.0,2025,P105,18.584360447185368,75.61558067829696,Osmanabad,normal,statewide,0.0,1,7,CHIRPS Daily v2.0,Maharashtra,CHIRPS Rainfall
2025-12-17,2025-12-24,51.0,2025,P106,19.031389786894366,76.47235681380711,Parbhani,normal,statewide,0.0,1,7,CHIRPS Daily v2.0,Maharashtra,CHIRPS Rainfall
2025-12-17,2025-12-24,51.0,2025,P107,19.120950831552832,76.56820519095093,Parbhani,normal,statewide,0.0,1,7,CHIRPS Daily v2.0,Maharashtra,CHIRPS Rainfall
2025-12-17,2025-12-24,51.0,2025,P108,19.208625676465683,76.85432786914635,Parbhani,normal,statewide,0.0,1,7,CHIRPS Daily v2.0,Maharashtra,CHIRPS Rainfall
2025-12-17,2025-12-24,51.0,2025,P109,19.212081479782103,76.47396209018636,Parbhani,normal,statewide,0.0,1,7,CHIRPS Daily v2.0,Maharashtra,CHIRPS Rainfall
2025-12-17,2025-12-24,51.0,2025,P110,18.133442771357757,75.04679558432363,Pune,normal,statewide,0.0,1,7,CHIRPS Daily v2.0,Maharashtra,CHIRPS Rainfall
2025-12-17,2025-12-24,51.0,2025,P111,18.584645829652782,74.47919215212944,Pune,normal,statewide,1.7373566627502441,1,7,CHIRPS Daily v2.0,Maharashtra,CHIRPS Rainfall
2025-12-17,2025-12-24,51.0,2025,P112,18.132979024848197,74.57507620208169,Pune,normal,statewide,2.0030736923217773,1,7,CHIRPS Daily v2.0,Maharashtra,CHIRPS Rainfall
2025-12-17,2025-12-24,51.0,2025,P113,18.314072036830744,74.76389683618987,Pune,normal,statewide,0.0,1,7,CHIRPS Daily v2.0,Maharashtra,CHIRPS Rainfall
2025-12-17,2025-12-24,51.0,2025,P114,18.48503397121986,73.0589238755964,Raigarh,normal,statewide,1.512290358543396,1,7,CHIRPS Daily v2.0,Maharashtra,CHIRPS Rainfall
2025-12-17,2025-12-24,51.0,2025,P115,18.665689991299164,73.05687714821288,Raigarh,normal,statewide,0.0,1,7,CHIRPS Daily v2.0,Maharashtra,CHIRPS Rainfall
2025-12-17,2025-12-24,51.0,2025,P116,18.306197264370358,73.25009891506079,Raigarh,normal,statewide,0.0,1,7,CHIRPS Daily v2.0,Maharashtra,CHIRPS Rainfall
2025-12-17,2025-12-24,51.0,2025,P117,18.21404102289879,73.06194714611064,Raigarh,normal,statewide,1.9339860677719116,1,7,CHIRPS Daily v2.0,Maharashtra,CHIRPS Rainfall
2025-12-17,2025-12-24,51.0,2025,P118,17.138719885658215,75.42259970290594,Sangli,normal,statewide,0.0,1,7,CHIRPS Daily v2.0,Maharashtra,CHIRPS Rainfall
2025-12-17,2025-12-24,51.0,2025,P119,17.048761981005992,74.95348443567921,Sangli,normal,statewide,0.0,1,7,CHIRPS Daily v2.0,Maharashtra,CHIRPS Rainfall
2025-12-17,2025-12-24,51.0,2025,P120,16.86707144948229,74.39025538161847,Sangli,normal,statewide,0.0,1,7,CHIRPS Daily v2.0,Maharashtra,CHIRPS Rainfall
2025-12-17,2025-12-24,51.0,2025,P121,17.048503353144895,74.67157114887826,Sangli,normal,statewide,0.0,1,7,CHIRPS Daily v2.0,Maharashtra,CHIRPS Rainfall
2025-12-17,2025-12-24,51.0,2025,P148,17.67852974098626,76.08383979812143,Solapur,normal,statewide,0.0,1,7,CHIRPS Daily v2.0,Maharashtra,CHIRPS Rainfall
2025-12-17,2025-12-24,51.0,2025,P149,18.223365003201543,75.4251413905064,Solapur,normal,statewide,0.0,1,7,CHIRPS Daily v2.0,Maharashtra,CHIRPS Rainfall
2025-12-17,2025-12-24,51.0,2025,P150,17.952532582518405,75.23562067753285,Solapur,normal,statewide,0.0,1,7,CHIRPS Daily v2.0,Maharashtra,CHIRPS Rainfall
2025-12-17,2025-12-24,51.0,2025,P151,18.223690517578447,75.23598186471818,Solapur,normal,statewide,0.0,1,7,CHIRPS Daily v2.0,Maharashtra,CHIRPS Rainfall
2025-12-17,2025-12-24,51.0,2025,P152,19.658178867370932,72.94986318203122,Thane,normal,statewide,0.0,1,7,CHIRPS Daily v2.0,Maharashtra,CHIRPS Rainfall
2025-12-17,2025-12-24,51.0,2025,P153,19.65706409210757,72.8545320606096,Thane,normal,statewide,0.0,1,7,CHIRPS Daily v2.0,Maharashtra,CHIRPS Rainfall
2025-12-17,2025-12-24,51.0,2025,P154,19.477549601897948,72.95214624177059,Thane,normal,statewide,0.0,1,7,CHIRPS Daily v2.0,Maharashtra,CHIRPS Rainfall
2025-12-17,2025-12-24,51.0,2025,P155,19.83987385799569,73.0429959666335,Thane,normal,statewide,0.0,1,7,CHIRPS Daily v2.0,Maharashtra,CHIRPS Rainfall
2025-12-17,2025-12-24,51.0,2025,P156,20.806749657616468,78.60135461177485,Wardha,normal,statewide,0.0,1,7,CHIRPS Daily v2.0,Maharashtra,CHIRPS Rainfall
2025-12-17,2025-12-24,51.0,2025,P157,20.71031267913359,78.88671032458906,Wardha,normal,statewide,0.0,1,7,CHIRPS Daily v2.0,Maharashtra,CHIRPS Rainfall
2025-12-17,2025-12-24,51.0,2025,P158,21.081265295769754,78.41565980750515,Wardha,normal,statewide,0.0,1,7,CHIRPS Daily v2.0,Maharashtra,CHIRPS Rainfall
2025-12-17,2025-12-24,51.0,2025,P159,20.439854822938944,78.87986114537097,Wardha,normal,statewide,0.0,1,7,CHIRPS Daily v2.0,Maharashtra,CHIRPS Rainfall
2025-12-17,2025-12-24,51.0,2025,P160,20.289186257444058,77.15404188735265,Washim,normal,statewide,0.0,1,7,CHIRPS Daily v2.0,Maharashtra,CHIRPS Rainfall
2025-12-17,2025-12-24,51.0,2025,P161,20.464607292886615,77.53975858757677,Washim,normal,statewide,0.0,1,7,CHIRPS Daily v2.0,Maharashtra,CHIRPS Rainfall
2025-12-17,2025-12-24,51.0,2025,P162,20.107393166596125,77.2471479173486,Washim,normal,statewide,0.0,1,7,CHIRPS Daily v2.0,Maharashtra,CHIRPS Rainfall
2025-12-17,2025-12-24,51.0,2025,P163,20.198885002010726,77.1527933390577,Washim,normal,statewide,0.0,1,7,CHIRPS Daily v2.0,Maharashtra,CHIRPS Rainfall
2025-12-17,2025-12-24,51.0,2025,P164,20.182854533723592,78.20447678161395,Yavatmal,normal,statewide,2.400740385055542,1,7,CHIRPS Daily v2.0,Maharashtra,CHIRPS Rainfall
2025-12-17,2025-12-24,51.0,2025,P165,19.894658373538324,79.05709703494229,Yavatmal,normal,statewide,0.0,1,7,CHIRPS Daily v2.0,Maharashtra,CHIRPS Rainfall
2025-12-17,2025-12-24,51.0,2025,P166,19.468787468327925,77.71426550730338,Yavatmal,normal,statewide,0.0,1,7,CHIRPS Daily v2.0,Maharashtra,CHIRPS Rainfall
2025-12-17,2025-12-24,51.0,2025,P167,19.559057510053886,77.71577268345945,Yavatmal,normal,statewide,0.0,1,7,CHIRPS Daily v2.0,Maharashtra,CHIRPS Rainfall
2025-12-24,2025-12-31,52.0,2025,P147,17.927231643141155,73.94769852026607,Satara,case_study,case_study,0.0,1,7,CHIRPS Daily v2.0,Maharashtra,CHIRPS Rainfall
2025-12-24,2025-12-31,52.0,2025,P061,18.507855650411397,76.91766048140843,Latur,high,priority,0.0,1,7,CHIRPS Daily v2.0,Maharashtra,CHIRPS Rainfall
2025-12-24,2025-12-31,52.0,2025,P062,18.422405896924207,76.3487594508077,Latur,high,priority,0.0,1,7,CHIRPS Daily v2.0,Maharashtra,CHIRPS Rainfall
2025-12-24,2025-12-31,52.0,2025,P063,18.235391198742693,77.05646783810116,Latur,high,priority,0.0,1,7,CHIRPS Daily v2.0,Maharashtra,CHIRPS Rainfall
2025-12-24,2025-12-31,52.0,2025,P064,18.193056493341274,76.77240080549139,Latur,high,priority,0.0,1,7,CHIRPS Daily v2.0,Maharashtra,CHIRPS Rainfall
2025-12-24,2025-12-31,52.0,2025,P065,18.331355512513895,76.44266811899327,Latur,high,priority,0.0,1,7,CHIRPS Daily v2.0,Maharashtra,CHIRPS Rainfall
2025-12-24,2025-12-31,52.0,2025,P066,18.104739537876725,76.5352970251765,Latur,high,priority,0.0,1,7,CHIRPS Daily v2.0,Maharashtra,CHIRPS Rainfall
2025-12-24,2025-12-31,52.0,2025,P067,18.280552974211986,77.0569984711265,Latur,high,priority,0.0,1,7,CHIRPS Daily v2.0,Maharashtra,CHIRPS Rainfall
2025-12-24,2025-12-31,52.0,2025,P068,18.101823285787773,76.86595720469373,Latur,high,priority,0.0,1,7,CHIRPS Daily v2.0,Maharashtra,CHIRPS Rainfall
2025-12-24,2025-12-31,52.0,2025,P069,18.595075667016793,77.20284228928156,Latur,high,priority,0.0,1,7,CHIRPS Daily v2.0,Maharashtra,CHIRPS Rainfall
2025-12-24,2025-12-31,52.0,2025,P070,18.41499041187233,77.15322587185987,Latur,high,priority,0.0,1,7,CHIRPS Daily v2.0,Maharashtra,CHIRPS Rainfall
2025-12-24,2025-12-31,52.0,2025,P071,18.149138807065885,76.63019561379593,Latur,high,priority,0.0,1,7,CHIRPS Daily v2.0,Maharashtra,CHIRPS Rainfall
2025-12-24,2025-12-31,52.0,2025,P072,18.283393421583035,76.77331492120734,Latur,high,priority,0.0,1,7,CHIRPS Daily v2.0,Maharashtra,CHIRPS Rainfall
2025-12-24,2025-12-31,52.0,2025,P073,17.966315663874607,76.86453029235662,Latur,high,priority,0.0,1,7,CHIRPS Daily v2.0,Maharashtra,CHIRPS Rainfall
2025-12-24,2025-12-31,52.0,2025,P074,18.50832831512306,76.870318205524,Latur,high,priority,0.0,1,7,CHIRPS Daily v2.0,Maharashtra,CHIRPS Rainfall
2025-12-24,2025-12-31,52.0,2025,P075,18.41444640154381,77.20053247493588,Latur,high,priority,0.0,1,7,CHIRPS Daily v2.0,Maharashtra,CHIRPS Rainfall
2025-12-24,2025-12-31,52.0,2025,P076,18.377877313804504,76.25376722106614,Latur,high,priority,0.0,1,7,CHIRPS Daily v2.0,Maharashtra,CHIRPS Rainfall
2025-12-24,2025-12-31,52.0,2025,P077,18.059564385104267,76.5349046242838,Latur,high,priority,0.0,1,7,CHIRPS Daily v2.0,Maharashtra,CHIRPS Rainfall
2025-12-24,2025-12-31,52.0,2025,P078,18.1008824154655,76.96042326051098,Latur,high,priority,0.0,1,7,CHIRPS Daily v2.0,Maharashtra,CHIRPS Rainfall
2025-12-24,2025-12-31,52.0,2025,P079,18.73508698099394,76.77797468180819,Latur,high,priority,0.0,1,7,CHIRPS Daily v2.0,Maharashtra,CHIRPS Rainfall
2025-12-24,2025-12-31,52.0,2025,P080,18.46791548227568,76.3017694439065,Latur,high,priority,0.0,1,7,CHIRPS Daily v2.0,Maharashtra,CHIRPS Rainfall
2025-12-24,2025-12-31,52.0,2025,P081,18.10355787609756,76.67701617485712,Latur,high,priority,0.0,1,7,CHIRPS Daily v2.0,Maharashtra,CHIRPS Rainfall
2025-12-24,2025-12-31,52.0,2025,P082,18.23907887531389,76.67830931416262,Latur,high,priority,0.0,1,7,CHIRPS Daily v2.0,Maharashtra,CHIRPS Rainfall
2025-12-24,2025-12-31,52.0,2025,P083,18.369289085175563,77.19996171000103,Latur,high,priority,0.0,1,7,CHIRPS Daily v2.0,Maharashtra,CHIRPS Rainfall
2025-12-24,2025-12-31,52.0,2025,P084,18.46362582706226,76.82249880582684,Latur,high,priority,0.0,1,7,CHIRPS Daily v2.0,Maharashtra,CHIRPS Rainfall
2025-12-24,2025-12-31,52.0,2025,P085,18.14788579966987,76.77194597718393,Latur,high,priority,0.0,1,7,CHIRPS Daily v2.0,Maharashtra,CHIRPS Rainfall
2025-12-24,2025-12-31,52.0,2025,P122,17.88145897082753,73.8441448165019,Satara,high,priority,0.0,1,7,CHIRPS Daily v2.0,Maharashtra,CHIRPS Rainfall
2025-12-24,2025-12-31,52.0,2025,P123,17.386414030975025,74.27088970551878,Satara,high,priority,0.0,1,7,CHIRPS Daily v2.0,Maharashtra,CHIRPS Rainfall
2025-12-24,2025-12-31,52.0,2025,P124,17.43262815429294,74.647353771057,Satara,high,priority,0.0,1,7,CHIRPS Daily v2.0,Maharashtra,CHIRPS Rainfall
2025-12-24,2025-12-31,52.0,2025,P125,17.56734651531964,74.31728219287884,Satara,high,priority,0.0,1,7,CHIRPS Daily v2.0,Maharashtra,CHIRPS Rainfall
2025-12-24,2025-12-31,52.0,2025,P126,17.205080227535593,74.13053949986157,Satara,high,priority,0.0,1,7,CHIRPS Daily v2.0,Maharashtra,CHIRPS Rainfall
2025-12-24,2025-12-31,52.0,2025,P127,17.65773249367299,74.31694330119876,Satara,high,priority,0.0,1,7,CHIRPS Daily v2.0,Maharashtra,CHIRPS Rainfall
2025-12-24,2025-12-31,52.0,2025,P128,18.019949731345452,74.5517328080669,Satara,high,priority,0.0,1,7,CHIRPS Daily v2.0,Maharashtra,CHIRPS Rainfall
2025-12-24,2025-12-31,52.0,2025,P129,18.063234225271252,74.03192648006461,Satara,high,priority,0.0,1,7,CHIRPS Daily v2.0,Maharashtra,CHIRPS Rainfall
2025-12-24,2025-12-31,52.0,2025,P130,17.61135784271715,74.03436560834085,Satara,high,priority,0.0,1,7,CHIRPS Daily v2.0,Maharashtra,CHIRPS Rainfall
2025-12-24,2025-12-31,52.0,2025,P131,17.612539504496315,74.3171127470388,Satara,high,priority,0.0,1,7,CHIRPS Daily v2.0,Maharashtra,CHIRPS Rainfall
2025-12-24,2025-12-31,52.0,2025,P132,17.702176353872684,74.12817617630324,Satara,high,priority,0.0,1,7,CHIRPS Daily v2.0,Maharashtra,CHIRPS Rainfall
2025-12-24,2025-12-31,52.0,2025,P133,17.25006363896275,74.08329532420031,Satara,high,priority,0.0,1,7,CHIRPS Daily v2.0,Maharashtra,CHIRPS Rainfall
2025-12-24,2025-12-31,52.0,2025,P134,17.476429903940936,74.17634784498362,Satara,high,priority,0.0,1,7,CHIRPS Daily v2.0,Maharashtra,CHIRPS Rainfall
2025-12-24,2025-12-31,52.0,2025,P135,17.882716437324603,74.0801070669471,Satara,high,priority,0.0,1,7,CHIRPS Daily v2.0,Maharashtra,CHIRPS Rainfall
2025-12-24,2025-12-31,52.0,2025,P136,17.928520323345598,74.22149178404871,Satara,high,priority,0.0,1,7,CHIRPS Daily v2.0,Maharashtra,CHIRPS Rainfall
2025-12-24,2025-12-31,52.0,2025,P137,17.746687100588183,73.98648378122894,Satara,high,priority,0.0,1,7,CHIRPS Daily v2.0,Maharashtra,CHIRPS Rainfall
2025-12-24,2025-12-31,52.0,2025,P138,17.61269557303319,74.36423652697161,Satara,high,priority,0.0,1,7,CHIRPS Daily v2.0,Maharashtra,CHIRPS Rainfall
2025-12-24,2025-12-31,52.0,2025,P139,17.656773786946495,74.08126197411994,Satara,high,priority,0.0,1,7,CHIRPS Daily v2.0,Maharashtra,CHIRPS Rainfall
2025-12-24,2025-12-31,52.0,2025,P140,17.97464080554139,74.50462240543725,Satara,high,priority,0.0,1,7,CHIRPS Daily v2.0,Maharashtra,CHIRPS Rainfall
2025-12-24,2025-12-31,52.0,2025,P141,17.430826677467348,74.08239904488856,Satara,high,priority,0.0,1,7,CHIRPS Daily v2.0,Maharashtra,CHIRPS Rainfall
2025-12-24,2025-12-31,52.0,2025,P142,18.064447100757786,74.31538707493111,Satara,high,priority,0.0,1,7,CHIRPS Daily v2.0,Maharashtra,CHIRPS Rainfall
2025-12-24,2025-12-31,52.0,2025,P143,17.70379500755509,74.6468275971327,Satara,high,priority,0.0,1,7,CHIRPS Daily v2.0,Maharashtra,CHIRPS Rainfall
2025-12-24,2025-12-31,52.0,2025,P144,17.929452275465767,74.50474726026674,Satara,high,priority,0.0,1,7,CHIRPS Daily v2.0,Maharashtra,CHIRPS Rainfall
2025-12-24,2025-12-31,52.0,2025,P145,17.47773196144854,74.60017202281048,Satara,high,priority,0.0,1,7,CHIRPS Daily v2.0,Maharashtra,CHIRPS Rainfall
2025-12-24,2025-12-31,52.0,2025,P146,17.839182233739812,74.55218763637436,Satara,high,priority,0.0,1,7,CHIRPS Daily v2.0,Maharashtra,CHIRPS Rainfall
2025-12-24,2025-12-31,52.0,2025,P001,19.940457800458272,74.57045211428928,Ahmednagar,normal,statewide,0.0,1,7,CHIRPS Daily v2.0,Maharashtra,CHIRPS Rainfall
2025-12-24,2025-12-31,52.0,2025,P002,18.946729294293643,74.76302285238339,Ahmednagar,normal,statewide,0.0,1,7,CHIRPS Daily v2.0,Maharashtra,CHIRPS Rainfall
2025-12-24,2025-12-31,52.0,2025,P003,18.49469238410162,74.66892244285252,Ahmednagar,normal,statewide,0.0,1,7,CHIRPS Daily v2.0,Maharashtra,CHIRPS Rainfall
2025-12-24,2025-12-31,52.0,2025,P004,19.03720445466806,75.1420731965326,Ahmednagar,normal,statewide,0.0,1,7,CHIRPS Daily v2.0,Maharashtra,CHIRPS Rainfall
2025-12-24,2025-12-31,52.0,2025,P005,20.832153156317954,77.06560453615967,Akola,normal,statewide,3.1552793979644775,1,7,CHIRPS Daily v2.0,Maharashtra,CHIRPS Rainfall
2025-12-24,2025-12-31,52.0,2025,P006,20.834360411339407,76.87349308547405,Akola,normal,statewide,2.949608087539673,1,7,CHIRPS Daily v2.0,Maharashtra,CHIRPS Rainfall
2025-12-24,2025-12-31,52.0,2025,P007,21.014976299509232,76.87574047240498,Akola,normal,statewide,2.77793025970459,1,7,CHIRPS Daily v2.0,Maharashtra,CHIRPS Rainfall
2025-12-24,2025-12-31,52.0,2025,P008,20.828434266039377,77.35372489162701,Akola,normal,statewide,0.0,1,7,CHIRPS Daily v2.0,Maharashtra,CHIRPS Rainfall
2025-12-24,2025-12-31,52.0,2025,P009,21.360971327549258,77.94039543992572,Amravati,normal,statewide,0.0,1,7,CHIRPS Daily v2.0,Maharashtra,CHIRPS Rainfall
2025-12-24,2025-12-31,52.0,2025,P010,21.178803672212837,78.03301542790685,Amravati,normal,statewide,0.0,1,7,CHIRPS Daily v2.0,Maharashtra,CHIRPS Rainfall
2025-12-24,2025-12-31,52.0,2025,P011,20.814388097721018,78.21764450702477,Amravati,normal,statewide,2.879822015762329,1,7,CHIRPS Daily v2.0,Maharashtra,CHIRPS Rainfall
2025-12-24,2025-12-31,52.0,2025,P012,21.180502589714195,77.93681032267875,Amravati,normal,statewide,0.0,1,7,CHIRPS Daily v2.0,Maharashtra,CHIRPS Rainfall
2025-12-24,2025-12-31,52.0,2025,P013,20.031289688916964,74.8570519162974,Aurangabad,normal,statewide,0.0,1,7,CHIRPS Daily v2.0,Maharashtra,CHIRPS Rainfall
2025-12-24,2025-12-31,52.0,2025,P014,19.760185263069562,75.14270192978114,Aurangabad,normal,statewide,0.0,1,7,CHIRPS Daily v2.0,Maharashtra,CHIRPS Rainfall
2025-12-24,2025-12-31,52.0,2025,P015,19.9408189876436,74.76157364454102,Aurangabad,normal,statewide,0.0,1,7,CHIRPS Daily v2.0,Maharashtra,CHIRPS Rainfall
2025-12-24,2025-12-31,52.0,2025,P016,19.66981712112043,75.14262166596218,Aurangabad,normal,statewide,0.0,1,7,CHIRPS Daily v2.0,Maharashtra,CHIRPS Rainfall
2025-12-24,2025-12-31,52.0,2025,P017,21.04613203856966,79.85576216552393,Bhandara,normal,statewide,0.0,1,7,CHIRPS Daily v2.0,Maharashtra,CHIRPS Rainfall
2025-12-24,2025-12-31,52.0,2025,P018,21.31897105472685,79.76852877161537,Bhandara,normal,statewide,0.0,1,7,CHIRPS Daily v2.0,Maharashtra,CHIRPS Rainfall
2025-12-24,2025-12-31,52.0,2025,P019,21.40900922319803,79.77144948280537,Bhandara,normal,statewide,2.893434762954712,1,7,CHIRPS Daily v2.0,Maharashtra,CHIRPS Rainfall
2025-12-24,2025-12-31,52.0,2025,P020,21.144196588937042,79.57074980349083,Bhandara,normal,statewide,0.0,1,7,CHIRPS Daily v2.0,Maharashtra,CHIRPS Rainfall
2025-12-24,2025-12-31,52.0,2025,P021,18.67502288980403,75.52108340877234,Bid,normal,statewide,0.0,1,7,CHIRPS Daily v2.0,Maharashtra,CHIRPS Rainfall
2025-12-24,2025-12-31,52.0,2025,P022,18.856499384477168,75.04699178476999,Bid,normal,statewide,0.0,1,7,CHIRPS Daily v2.0,Maharashtra,CHIRPS Rainfall
2025-12-24,2025-12-31,52.0,2025,P023,19.126596053486494,75.6175605191647,Bid,normal,statewide,0.0,1,7,CHIRPS Daily v2.0,Maharashtra,CHIRPS Rainfall
2025-12-24,2025-12-31,52.0,2025,P024,18.763955201213946,75.90084720909012,Bid,normal,statewide,0.0,1,7,CHIRPS Daily v2.0,Maharashtra,CHIRPS Rainfall
2025-12-24,2025-12-31,52.0,2025,P025,20.93073496240753,76.20164478885242,Buldana,normal,statewide,2.9125940799713135,1,7,CHIRPS Daily v2.0,Maharashtra,CHIRPS Rainfall
2025-12-24,2025-12-31,52.0,2025,P026,20.838939908121294,76.39311412898633,Buldana,normal,statewide,0.0,1,7,CHIRPS Daily v2.0,Maharashtra,CHIRPS Rainfall
2025-12-24,2025-12-31,52.0,2025,P027,20.657476790751314,76.48742857536776,Buldana,normal,statewide,0.0,1,7,CHIRPS Daily v2.0,Maharashtra,CHIRPS Rainfall
2025-12-24,2025-12-31,52.0,2025,P028,20.47967013624516,76.10222021266374,Buldana,normal,statewide,0.0,1,7,CHIRPS Daily v2.0,Maharashtra,CHIRPS Rainfall
2025-12-24,2025-12-31,52.0,2025,P029,20.32317798477448,79.92829390325927,Chandrapur,normal,statewide,0.0,1,7,CHIRPS Daily v2.0,Maharashtra,CHIRPS Rainfall
2025-12-24,2025-12-31,52.0,2025,P030,20.60872097983294,79.36304041732026,Chandrapur,normal,statewide,0.0,1,7,CHIRPS Daily v2.0,Maharashtra,CHIRPS Rainfall
2025-12-24,2025-12-31,52.0,2025,P031,20.511160307884595,79.64732594588165,Chandrapur,normal,statewide,0.0,1,7,CHIRPS Daily v2.0,Maharashtra,CHIRPS Rainfall
2025-12-24,2025-12-31,52.0,2025,P032,20.598621115946884,79.74569817422172,Chandrapur,normal,statewide,2.582472085952759,1,7,CHIRPS Daily v2.0,Maharashtra,CHIRPS Rainfall
2025-12-24,2025-12-31,52.0,2025,P033,21.38667804512237,75.14422248324037,Dhule,normal,statewide,0.0,1,7,CHIRPS Daily v2.0,Maharashtra,CHIRPS Rainfall
2025-12-24,2025-12-31,52.0,2025,P034,21.025151968113196,74.75989256344387,Dhule,normal,statewide,0.0,1,7,CHIRPS Daily v2.0,Maharashtra,CHIRPS Rainfall
2025-12-24,2025-12-31,52.0,2025,P035,21.477028350667293,74.85568743137505,Dhule,normal,statewide,0.0,1,7,CHIRPS Daily v2.0,Maharashtra,CHIRPS Rainfall
2025-12-24,2025-12-31,52.0,2025,P036,20.933820660336515,74.37533522949364,Dhule,normal,statewide,0.0,1,7,CHIRPS Daily v2.0,Maharashtra,CHIRPS Rainfall
2025-12-24,2025-12-31,52.0,2025,P037,19.963056524597132,79.91698116388667,Garhchiroli,normal,statewide,0.0,1,7,CHIRPS Daily v2.0,Maharashtra,CHIRPS Rainfall
2025-12-24,2025-12-31,52.0,2025,P038,19.062661462582188,79.88977172925856,Garhchiroli,normal,statewide,0.0,1,7,CHIRPS Daily v2.0,Maharashtra,CHIRPS Rainfall
2025-12-24,2025-12-31,52.0,2025,P039,19.510270485428137,79.9981368030594,Garhchiroli,normal,statewide,0.0,1,7,CHIRPS Daily v2.0,Maharashtra,CHIRPS Rainfall
2025-12-24,2025-12-31,52.0,2025,P040,19.870365190999156,80.00935144220881,Garhchiroli,normal,statewide,0.0,1,7,CHIRPS Daily v2.0,Maharashtra,CHIRPS Rainfall
2025-12-24,2025-12-31,52.0,2025,P041,21.127639946725598,80.1465044724107,Gondiya,normal,statewide,0.0,1,7,CHIRPS Daily v2.0,Maharashtra,CHIRPS Rainfall
2025-12-24,2025-12-31,52.0,2025,P042,21.397598383602258,80.15591763473452,Gondiya,normal,statewide,2.496636152267456,1,7,CHIRPS Daily v2.0,Maharashtra,CHIRPS Rainfall
2025-12-24,2025-12-31,52.0,2025,P043,21.574548890706154,80.25847249986273,Gondiya,normal,statewide,0.0,1,7,CHIRPS Daily v2.0,Maharashtra,CHIRPS Rainfall
2025-12-24,2025-12-31,52.0,2025,P044,21.211649410572516,80.34153217518526,Gondiya,normal,statewide,0.0,1,7,CHIRPS Daily v2.0,Maharashtra,CHIRPS Rainfall
2025-12-24,2025-12-31,52.0,2025,P045,19.655900266732623,77.2407892392464,Hingoli,normal,statewide,0.0,1,7,CHIRPS Daily v2.0,Maharashtra,CHIRPS Rainfall
2025-12-24,2025-12-31,52.0,2025,P046,19.566758377573187,77.1442675378435,Hingoli,normal,statewide,0.0,1,7,CHIRPS Daily v2.0,Maharashtra,CHIRPS Rainfall
2025-12-24,2025-12-31,52.0,2025,P047,19.47860194974656,76.9526242927685,Hingoli,normal,statewide,0.0,1,7,CHIRPS Daily v2.0,Maharashtra,CHIRPS Rainfall
2025-12-24,2025-12-31,52.0,2025,P048,19.927981235710728,77.14910120338544,Hingoli,normal,statewide,0.0,1,7,CHIRPS Daily v2.0,Maharashtra,CHIRPS Rainfall
2025-12-24,2025-12-31,52.0,2025,P049,21.292738163229433,76.10816865346904,Jalgaon,normal,statewide,0.0,1,7,CHIRPS Daily v2.0,Maharashtra,CHIRPS Rainfall
2025-12-24,2025-12-31,52.0,2025,P050,21.386178625804387,75.43363151891216,Jalgaon,normal,statewide,0.0,1,7,CHIRPS Daily v2.0,Maharashtra,CHIRPS Rainfall
2025-12-24,2025-12-31,52.0,2025,P051,21.112064306745907,76.10682200495089,Jalgaon,normal,statewide,0.0,1,7,CHIRPS Daily v2.0,Maharashtra,CHIRPS Rainfall
2025-12-24,2025-12-31,52.0,2025,P052,20.844437979720194,75.23982115072519,Jalgaon,normal,statewide,0.0,1,7,CHIRPS Daily v2.0,Maharashtra,CHIRPS Rainfall
2025-12-24,2025-12-31,52.0,2025,P053,19.486369703781666,76.00005328932718,Jalna,normal,statewide,0.0,1,7,CHIRPS Daily v2.0,Maharashtra,CHIRPS Rainfall
2025-12-24,2025-12-31,52.0,2025,P054,20.028502750758555,76.00343774702675,Jalna,normal,statewide,0.0,1,7,CHIRPS Daily v2.0,Maharashtra,CHIRPS Rainfall
2025-12-24,2025-12-31,52.0,2025,P055,19.75743845682064,76.00172991132328,Jalna,normal,statewide,0.0,1,7,CHIRPS Daily v2.0,Maharashtra,CHIRPS Rainfall
2025-12-24,2025-12-31,52.0,2025,P056,19.57768317515413,75.80993951591351,Jalna,normal,statewide,0.0,1,7,CHIRPS Daily v2.0,Maharashtra,CHIRPS Rainfall
2025-12-24,2025-12-31,52.0,2025,P057,16.776377793156257,74.29671235971928,Kolhapur,normal,statewide,0.0,1,7,CHIRPS Daily v2.0,Maharashtra,CHIRPS Rainfall
2025-12-24,2025-12-31,52.0,2025,P058,16.324416687682138,74.29834884980589,Kolhapur,normal,statewide,0.0,1,7,CHIRPS Daily v2.0,Maharashtra,CHIRPS Rainfall
2025-12-24,2025-12-31,52.0,2025,P059,16.595891218916975,74.39111598812178,Kolhapur,normal,statewide,0.0,1,7,CHIRPS Daily v2.0,Maharashtra,CHIRPS Rainfall
2025-12-24,2025-12-31,52.0,2025,P060,16.414811584237594,74.29802779453004,Kolhapur,normal,statewide,0.0,1,7,CHIRPS Daily v2.0,Maharashtra,CHIRPS Rainfall
2025-12-24,2025-12-31,52.0,2025,P086,21.054127206758487,79.56798961993874,Nagpur,normal,statewide,0.0,1,7,CHIRPS Daily v2.0,Maharashtra,CHIRPS Rainfall
2025-12-24,2025-12-31,52.0,2025,P087,21.146765031143822,79.47473643960802,Nagpur,normal,statewide,0.0,1,7,CHIRPS Daily v2.0,Maharashtra,CHIRPS Rainfall
2025-12-24,2025-12-31,52.0,2025,P088,21.347803602138427,78.61442869606356,Nagpur,normal,statewide,0.0,1,7,CHIRPS Daily v2.0,Maharashtra,CHIRPS Rainfall
2025-12-24,2025-12-31,52.0,2025,P089,21.165377318940912,78.70615240473293,Nagpur,normal,statewide,0.0,1,7,CHIRPS Daily v2.0,Maharashtra,CHIRPS Rainfall
2025-12-24,2025-12-31,52.0,2025,P090,19.201968238592887,77.42470040309472,Nanded,normal,statewide,0.0,1,7,CHIRPS Daily v2.0,Maharashtra,CHIRPS Rainfall
2025-12-24,2025-12-31,52.0,2025,P091,18.566038000956755,77.69963965584807,Nanded,normal,statewide,0.0,1,7,CHIRPS Daily v2.0,Maharashtra,CHIRPS Rainfall
2025-12-24,2025-12-31,52.0,2025,P092,19.736596618496833,77.90946265591798,Nanded,normal,statewide,0.0,1,7,CHIRPS Daily v2.0,Maharashtra,CHIRPS Rainfall
2025-12-24,2025-12-31,52.0,2025,P093,18.93564842817583,77.04115528508362,Nanded,normal,statewide,0.0,1,7,CHIRPS Daily v2.0,Maharashtra,CHIRPS Rainfall
2025-12-24,2025-12-31,52.0,2025,P094,21.564917232430716,74.08292967791392,Nandurbar,normal,statewide,0.0,1,7,CHIRPS Daily v2.0,Maharashtra,CHIRPS Rainfall
2025-12-24,2025-12-31,52.0,2025,P095,21.5662594218478,74.37266422796263,Nandurbar,normal,statewide,0.0,1,7,CHIRPS Daily v2.0,Maharashtra,CHIRPS Rainfall
2025-12-24,2025-12-31,52.0,2025,P096,21.385179787168415,74.27697637845674,Nandurbar,normal,statewide,0.0,1,7,CHIRPS Daily v2.0,Maharashtra,CHIRPS Rainfall
2025-12-24,2025-12-31,52.0,2025,P097,21.565421110849755,74.17950488852946,Nandurbar,normal,statewide,0.0,1,7,CHIRPS Daily v2.0,Maharashtra,CHIRPS Rainfall
2025-12-24,2025-12-31,52.0,2025,P098,20.299553667393326,73.99482675929994,Nashik,normal,statewide,0.0,1,7,CHIRPS Daily v2.0,Maharashtra,CHIRPS Rainfall
2025-12-24,2025-12-31,52.0,2025,P099,20.120253214034264,74.28296495117151,Nashik,normal,statewide,0.0,1,7,CHIRPS Daily v2.0,Maharashtra,CHIRPS Rainfall
2025-12-24,2025-12-31,52.0,2025,P100,20.389903972938242,73.99424261706194,Nashik,normal,statewide,0.0,1,7,CHIRPS Daily v2.0,Maharashtra,CHIRPS Rainfall
2025-12-24,2025-12-31,52.0,2025,P101,20.029015547379707,74.09216447619562,Nashik,normal,statewide,0.0,1,7,CHIRPS Daily v2.0,Maharashtra,CHIRPS Rainfall
2025-12-24,2025-12-31,52.0,2025,P102,17.85749130266526,76.36802722645965,Osmanabad,normal,statewide,0.0,1,7,CHIRPS Daily v2.0,Maharashtra,CHIRPS Rainfall
2025-12-24,2025-12-31,52.0,2025,P103,17.76644983645705,76.46164605307673,Osmanabad,normal,statewide,0.0,1,7,CHIRPS Daily v2.0,Maharashtra,CHIRPS Rainfall
2025-12-24,2025-12-31,52.0,2025,P104,17.949094615606196,76.17989775301476,Osmanabad,normal,statewide,0.0,1,7,CHIRPS Daily v2.0,Maharashtra,CHIRPS Rainfall
2025-12-24,2025-12-31,52.0,2025,P105,18.584360447185368,75.61558067829696,Osmanabad,normal,statewide,0.0,1,7,CHIRPS Daily v2.0,Maharashtra,CHIRPS Rainfall
2025-12-24,2025-12-31,52.0,2025,P106,19.031389786894366,76.47235681380711,Parbhani,normal,statewide,0.0,1,7,CHIRPS Daily v2.0,Maharashtra,CHIRPS Rainfall
2025-12-24,2025-12-31,52.0,2025,P107,19.120950831552832,76.56820519095093,Parbhani,normal,statewide,0.0,1,7,CHIRPS Daily v2.0,Maharashtra,CHIRPS Rainfall
2025-12-24,2025-12-31,52.0,2025,P108,19.208625676465683,76.85432786914635,Parbhani,normal,statewide,2.8197388648986816,1,7,CHIRPS Daily v2.0,Maharashtra,CHIRPS Rainfall
2025-12-24,2025-12-31,52.0,2025,P109,19.212081479782103,76.47396209018636,Parbhani,normal,statewide,2.70695161819458,1,7,CHIRPS Daily v2.0,Maharashtra,CHIRPS Rainfall
2025-12-24,2025-12-31,52.0,2025,P110,18.133442771357757,75.04679558432363,Pune,normal,statewide,0.0,1,7,CHIRPS Daily v2.0,Maharashtra,CHIRPS Rainfall
2025-12-24,2025-12-31,52.0,2025,P111,18.584645829652782,74.47919215212944,Pune,normal,statewide,0.0,1,7,CHIRPS Daily v2.0,Maharashtra,CHIRPS Rainfall
2025-12-24,2025-12-31,52.0,2025,P112,18.132979024848197,74.57507620208169,Pune,normal,statewide,0.0,1,7,CHIRPS Daily v2.0,Maharashtra,CHIRPS Rainfall
2025-12-24,2025-12-31,52.0,2025,P113,18.314072036830744,74.76389683618987,Pune,normal,statewide,0.0,1,7,CHIRPS Daily v2.0,Maharashtra,CHIRPS Rainfall
2025-12-24,2025-12-31,52.0,2025,P114,18.48503397121986,73.0589238755964,Raigarh,normal,statewide,0.0,1,7,CHIRPS Daily v2.0,Maharashtra,CHIRPS Rainfall
2025-12-24,2025-12-31,52.0,2025,P115,18.665689991299164,73.05687714821288,Raigarh,normal,statewide,0.0,1,7,CHIRPS Daily v2.0,Maharashtra,CHIRPS Rainfall
2025-12-24,2025-12-31,52.0,2025,P116,18.306197264370358,73.25009891506079,Raigarh,normal,statewide,0.0,1,7,CHIRPS Daily v2.0,Maharashtra,CHIRPS Rainfall
2025-12-24,2025-12-31,52.0,2025,P117,18.21404102289879,73.06194714611064,Raigarh,normal,statewide,0.0,1,7,CHIRPS Daily v2.0,Maharashtra,CHIRPS Rainfall
2025-12-24,2025-12-31,52.0,2025,P118,17.138719885658215,75.42259970290594,Sangli,normal,statewide,0.0,1,7,CHIRPS Daily v2.0,Maharashtra,CHIRPS Rainfall
2025-12-24,2025-12-31,52.0,2025,P119,17.048761981005992,74.95348443567921,Sangli,normal,statewide,0.0,1,7,CHIRPS Daily v2.0,Maharashtra,CHIRPS Rainfall
2025-12-24,2025-12-31,52.0,2025,P120,16.86707144948229,74.39025538161847,Sangli,normal,statewide,0.0,1,7,CHIRPS Daily v2.0,Maharashtra,CHIRPS Rainfall
2025-12-24,2025-12-31,52.0,2025,P121,17.048503353144895,74.67157114887826,Sangli,normal,statewide,0.0,1,7,CHIRPS Daily v2.0,Maharashtra,CHIRPS Rainfall
2025-12-24,2025-12-31,52.0,2025,P148,17.67852974098626,76.08383979812143,Solapur,normal,statewide,0.0,1,7,CHIRPS Daily v2.0,Maharashtra,CHIRPS Rainfall
2025-12-24,2025-12-31,52.0,2025,P149,18.223365003201543,75.4251413905064,Solapur,normal,statewide,0.0,1,7,CHIRPS Daily v2.0,Maharashtra,CHIRPS Rainfall
2025-12-24,2025-12-31,52.0,2025,P150,17.952532582518405,75.23562067753285,Solapur,normal,statewide,0.0,1,7,CHIRPS Daily v2.0,Maharashtra,CHIRPS Rainfall
2025-12-24,2025-12-31,52.0,2025,P151,18.223690517578447,75.23598186471818,Solapur,normal,statewide,0.0,1,7,CHIRPS Daily v2.0,Maharashtra,CHIRPS Rainfall
2025-12-24,2025-12-31,52.0,2025,P152,19.658178867370932,72.94986318203122,Thane,normal,statewide,0.0,1,7,CHIRPS Daily v2.0,Maharashtra,CHIRPS Rainfall
2025-12-24,2025-12-31,52.0,2025,P153,19.65706409210757,72.8545320606096,Thane,normal,statewide,0.0,1,7,CHIRPS Daily v2.0,Maharashtra,CHIRPS Rainfall
2025-12-24,2025-12-31,52.0,2025,P154,19.477549601897948,72.95214624177059,Thane,normal,statewide,0.0,1,7,CHIRPS Daily v2.0,Maharashtra,CHIRPS Rainfall
2025-12-24,2025-12-31,52.0,2025,P155,19.83987385799569,73.0429959666335,Thane,normal,statewide,0.0,1,7,CHIRPS Daily v2.0,Maharashtra,CHIRPS Rainfall
2025-12-24,2025-12-31,52.0,2025,P156,20.806749657616468,78.60135461177485,Wardha,normal,statewide,2.4860758781433105,1,7,CHIRPS Daily v2.0,Maharashtra,CHIRPS Rainfall
2025-12-24,2025-12-31,52.0,2025,P157,20.71031267913359,78.88671032458906,Wardha,normal,statewide,2.6418144702911377,1,7,CHIRPS Daily v2.0,Maharashtra,CHIRPS Rainfall
2025-12-24,2025-12-31,52.0,2025,P158,21.081265295769754,78.41565980750515,Wardha,normal,statewide,0.0,1,7,CHIRPS Daily v2.0,Maharashtra,CHIRPS Rainfall
2025-12-24,2025-12-31,52.0,2025,P159,20.439854822938944,78.87986114537097,Wardha,normal,statewide,0.0,1,7,CHIRPS Daily v2.0,Maharashtra,CHIRPS Rainfall
2025-12-24,2025-12-31,52.0,2025,P160,20.289186257444058,77.15404188735265,Washim,normal,statewide,0.0,1,7,CHIRPS Daily v2.0,Maharashtra,CHIRPS Rainfall
2025-12-24,2025-12-31,52.0,2025,P161,20.464607292886615,77.53975858757677,Washim,normal,statewide,0.0,1,7,CHIRPS Daily v2.0,Maharashtra,CHIRPS Rainfall
2025-12-24,2025-12-31,52.0,2025,P162,20.107393166596125,77.2471479173486,Washim,normal,statewide,0.0,1,7,CHIRPS Daily v2.0,Maharashtra,CHIRPS Rainfall
2025-12-24,2025-12-31,52.0,2025,P163,20.198885002010726,77.1527933390577,Washim,normal,statewide,0.0,1,7,CHIRPS Daily v2.0,Maharashtra,CHIRPS Rainfall
2025-12-24,2025-12-31,52.0,2025,P164,20.182854533723592,78.20447678161395,Yavatmal,normal,statewide,0.0,1,7,CHIRPS Daily v2.0,Maharashtra,CHIRPS Rainfall
2025-12-24,2025-12-31,52.0,2025,P165,19.894658373538324,79.05709703494229,Yavatmal,normal,statewide,0.0,1,7,CHIRPS Daily v2.0,Maharashtra,CHIRPS Rainfall
2025-12-24,2025-12-31,52.0,2025,P166,19.468787468327925,77.71426550730338,Yavatmal,normal,statewide,0.0,1,7,CHIRPS Daily v2.0,Maharashtra,CHIRPS Rainfall
2025-12-24,2025-12-31,52.0,2025,P167,19.559057510053886,77.71577268345945,Yavatmal,normal,statewide,0.0,1,7,CHIRPS Daily v2.0,Maharashtra,CHIRPS Rainfall
