Week_Start,Week_End,Week_Number,Year,point_id,latitude,longitude,district,sampling_priority,region_type,NDVI,NDVI_Valid,Sentinel2_Images,Cloud_Probability_Threshold,Scene_Cloud_Threshold,study_area,dataset
2023-07-09,2023-07-16,28.0,2023,P061,18.507855650411397,76.91766048140843,Latur,high,priority,0.4586126506328583,1,16,65,80,Maharashtra,Sentinel-2 NDVI
2023-07-09,2023-07-16,28.0,2023,P062,18.422405896924207,76.3487594508077,Latur,high,priority,0.2572815418243408,1,16,65,80,Maharashtra,Sentinel-2 NDVI
2023-07-09,2023-07-16,28.0,2023,P065,18.331355512513895,76.44266811899327,Latur,high,priority,0.22174839675426483,1,16,65,80,Maharashtra,Sentinel-2 NDVI
2023-07-09,2023-07-16,28.0,2023,P069,18.595075667016793,77.20284228928156,Latur,high,priority,0.05928853899240494,1,16,65,80,Maharashtra,Sentinel-2 NDVI
2023-07-09,2023-07-16,28.0,2023,P070,18.41499041187233,77.15322587185987,Latur,high,priority,0.7385673522949219,1,16,65,80,Maharashtra,Sentinel-2 NDVI
2023-07-09,2023-07-16,28.0,2023,P079,18.73508698099394,76.77797468180819,Latur,high,priority,0.22113503515720367,1,16,65,80,Maharashtra,Sentinel-2 NDVI
2023-07-09,2023-07-16,28.0,2023,P083,18.369289085175563,77.19996171000103,Latur,high,priority,0.251086950302124,1,16,65,80,Maharashtra,Sentinel-2 NDVI
2023-07-09,2023-07-16,28.0,2023,P085,18.14788579966987,76.77194597718393,Latur,high,priority,0.14868804812431335,1,16,65,80,Maharashtra,Sentinel-2 NDVI
2023-07-09,2023-07-16,28.0,2023,P023,19.126596053486494,75.6175605191647,Bid,normal,statewide,0.28084784746170044,1,16,65,80,Maharashtra,Sentinel-2 NDVI
2023-07-09,2023-07-16,28.0,2023,P047,19.47860194974656,76.9526242927685,Hingoli,normal,statewide,0.22335636615753174,1,16,65,80,Maharashtra,Sentinel-2 NDVI
2023-07-09,2023-07-16,28.0,2023,P056,19.57768317515413,75.80993951591351,Jalna,normal,statewide,0.5312883257865906,1,16,65,80,Maharashtra,Sentinel-2 NDVI
2023-07-09,2023-07-16,28.0,2023,P090,19.201968238592887,77.42470040309472,Nanded,normal,statewide,0.21980564296245575,1,16,65,80,Maharashtra,Sentinel-2 NDVI
2023-07-09,2023-07-16,28.0,2023,P091,18.566038000956755,77.69963965584807,Nanded,normal,statewide,0.07517482340335846,1,16,65,80,Maharashtra,Sentinel-2 NDVI
2023-07-09,2023-07-16,28.0,2023,P093,18.93564842817583,77.04115528508362,Nanded,normal,statewide,0.10248022526502609,1,16,65,80,Maharashtra,Sentinel-2 NDVI
2023-07-09,2023-07-16,28.0,2023,P105,18.584360447185368,75.61558067829696,Osmanabad,normal,statewide,0.2957937717437744,1,16,65,80,Maharashtra,Sentinel-2 NDVI
2023-07-09,2023-07-16,28.0,2023,P164,20.182854533723592,78.20447678161395,Yavatmal,normal,statewide,0.3877760171890259,1,16,65,80,Maharashtra,Sentinel-2 NDVI
2023-07-09,2023-07-16,28.0,2023,P166,19.468787468327925,77.71426550730338,Yavatmal,normal,statewide,0.7368280291557312,1,16,65,80,Maharashtra,Sentinel-2 NDVI
2023-07-09,2023-07-16,28.0,2023,P167,19.559057510053886,77.71577268345945,Yavatmal,normal,statewide,0.4967387616634369,1,16,65,80,Maharashtra,Sentinel-2 NDVI
2023-07-23,2023-07-30,30.0,2023,P017,21.04613203856966,79.85576216552393,Bhandara,normal,statewide,0.36183205246925354,1,5,65,80,Maharashtra,Sentinel-2 NDVI
2023-07-23,2023-07-30,30.0,2023,P018,21.31897105472685,79.76852877161537,Bhandara,normal,statewide,0.4429530203342438,1,5,65,80,Maharashtra,Sentinel-2 NDVI
2023-07-23,2023-07-30,30.0,2023,P019,21.40900922319803,79.77144948280537,Bhandara,normal,statewide,0.1654091626405716,1,5,65,80,Maharashtra,Sentinel-2 NDVI
2023-07-23,2023-07-30,30.0,2023,P034,21.025151968113196,74.75989256344387,Dhule,normal,statewide,0.6853609681129456,1,5,65,80,Maharashtra,Sentinel-2 NDVI
2023-07-23,2023-07-30,30.0,2023,P043,21.574548890706154,80.25847249986273,Gondiya,normal,statewide,0.030985916033387184,1,5,65,80,Maharashtra,Sentinel-2 NDVI
2023-07-23,2023-07-30,30.0,2023,P044,21.211649410572516,80.34153217518526,Gondiya,normal,statewide,0.39491915702819824,1,5,65,80,Maharashtra,Sentinel-2 NDVI
2023-07-23,2023-07-30,30.0,2023,P086,21.054127206758487,79.56798961993874,Nagpur,normal,statewide,0.6125069856643677,1,5,65,80,Maharashtra,Sentinel-2 NDVI
2023-07-23,2023-07-30,30.0,2023,P157,20.71031267913359,78.88671032458906,Wardha,normal,statewide,0.535185694694519,1,5,65,80,Maharashtra,Sentinel-2 NDVI
2023-07-30,2023-08-06,31.0,2023,P061,18.507855650411397,76.91766048140843,Latur,high,priority,0.5794768333435059,1,6,65,80,Maharashtra,Sentinel-2 NDVI
2023-07-30,2023-08-06,31.0,2023,P070,18.41499041187233,77.15322587185987,Latur,high,priority,0.7588235139846802,1,6,65,80,Maharashtra,Sentinel-2 NDVI
2023-07-30,2023-08-06,31.0,2023,P075,18.41444640154381,77.20053247493588,Latur,high,priority,0.6271501779556274,1,6,65,80,Maharashtra,Sentinel-2 NDVI
2023-07-30,2023-08-06,31.0,2023,P078,18.1008824154655,76.96042326051098,Latur,high,priority,0.4859728515148163,1,6,65,80,Maharashtra,Sentinel-2 NDVI
2023-07-30,2023-08-06,31.0,2023,P083,18.369289085175563,77.19996171000103,Latur,high,priority,0.6194196343421936,1,6,65,80,Maharashtra,Sentinel-2 NDVI
2023-08-06,2023-08-13,32.0,2023,P058,16.324416687682138,74.29834884980589,Kolhapur,normal,statewide,0.6564705967903137,1,6,65,80,Maharashtra,Sentinel-2 NDVI
2023-08-06,2023-08-13,32.0,2023,P120,16.86707144948229,74.39025538161847,Sangli,normal,statewide,0.5119510889053345,1,6,65,80,Maharashtra,Sentinel-2 NDVI
2023-08-06,2023-08-13,32.0,2023,P156,20.806749657616468,78.60135461177485,Wardha,normal,statewide,0.5870464444160461,1,6,65,80,Maharashtra,Sentinel-2 NDVI
2023-08-13,2023-08-20,33.0,2023,P062,18.422405896924207,76.3487594508077,Latur,high,priority,0.5679405331611633,1,26,65,80,Maharashtra,Sentinel-2 NDVI
2023-08-13,2023-08-20,33.0,2023,P065,18.331355512513895,76.44266811899327,Latur,high,priority,0.6932515501976013,1,26,65,80,Maharashtra,Sentinel-2 NDVI
2023-08-13,2023-08-20,33.0,2023,P066,18.104739537876725,76.5352970251765,Latur,high,priority,0.3443640172481537,1,26,65,80,Maharashtra,Sentinel-2 NDVI
2023-08-13,2023-08-20,33.0,2023,P069,18.595075667016793,77.20284228928156,Latur,high,priority,0.20794148743152618,1,26,65,80,Maharashtra,Sentinel-2 NDVI
2023-08-13,2023-08-20,33.0,2023,P070,18.41499041187233,77.15322587185987,Latur,high,priority,0.656516432762146,1,26,65,80,Maharashtra,Sentinel-2 NDVI
2023-08-13,2023-08-20,33.0,2023,P071,18.149138807065885,76.63019561379593,Latur,high,priority,0.5367913246154785,1,26,65,80,Maharashtra,Sentinel-2 NDVI
2023-08-13,2023-08-20,33.0,2023,P075,18.41444640154381,77.20053247493588,Latur,high,priority,0.4311494827270508,1,26,65,80,Maharashtra,Sentinel-2 NDVI
2023-08-13,2023-08-20,33.0,2023,P076,18.377877313804504,76.25376722106614,Latur,high,priority,0.586833119392395,1,26,65,80,Maharashtra,Sentinel-2 NDVI
2023-08-13,2023-08-20,33.0,2023,P077,18.059564385104267,76.5349046242838,Latur,high,priority,0.4400915205478668,1,26,65,80,Maharashtra,Sentinel-2 NDVI
2023-08-13,2023-08-20,33.0,2023,P078,18.1008824154655,76.96042326051098,Latur,high,priority,0.5248523950576782,1,26,65,80,Maharashtra,Sentinel-2 NDVI
2023-08-13,2023-08-20,33.0,2023,P080,18.46791548227568,76.3017694439065,Latur,high,priority,0.4470885992050171,1,26,65,80,Maharashtra,Sentinel-2 NDVI
2023-08-13,2023-08-20,33.0,2023,P081,18.10355787609756,76.67701617485712,Latur,high,priority,0.44662773609161377,1,26,65,80,Maharashtra,Sentinel-2 NDVI
2023-08-13,2023-08-20,33.0,2023,P082,18.23907887531389,76.67830931416262,Latur,high,priority,0.5256077647209167,1,26,65,80,Maharashtra,Sentinel-2 NDVI
2023-08-13,2023-08-20,33.0,2023,P083,18.369289085175563,77.19996171000103,Latur,high,priority,0.6679536700248718,1,26,65,80,Maharashtra,Sentinel-2 NDVI
2023-08-13,2023-08-20,33.0,2023,P123,17.386414030975025,74.27088970551878,Satara,high,priority,0.542336106300354,1,26,65,80,Maharashtra,Sentinel-2 NDVI
2023-08-13,2023-08-20,33.0,2023,P124,17.43262815429294,74.647353771057,Satara,high,priority,0.14579439163208008,1,26,65,80,Maharashtra,Sentinel-2 NDVI
2023-08-13,2023-08-20,33.0,2023,P127,17.65773249367299,74.31694330119876,Satara,high,priority,0.38530927896499634,1,26,65,80,Maharashtra,Sentinel-2 NDVI
2023-08-13,2023-08-20,33.0,2023,P131,17.612539504496315,74.3171127470388,Satara,high,priority,0.7651245594024658,1,26,65,80,Maharashtra,Sentinel-2 NDVI
2023-08-13,2023-08-20,33.0,2023,P140,17.97464080554139,74.50462240543725,Satara,high,priority,0.6015180349349976,1,26,65,80,Maharashtra,Sentinel-2 NDVI
2023-08-13,2023-08-20,33.0,2023,P019,21.40900922319803,79.77144948280537,Bhandara,normal,statewide,0.7637659311294556,1,26,65,80,Maharashtra,Sentinel-2 NDVI
2023-08-13,2023-08-20,33.0,2023,P023,19.126596053486494,75.6175605191647,Bid,normal,statewide,0.5224359035491943,1,26,65,80,Maharashtra,Sentinel-2 NDVI
2023-08-13,2023-08-20,33.0,2023,P029,20.32317798477448,79.92829390325927,Chandrapur,normal,statewide,0.17304746806621552,1,26,65,80,Maharashtra,Sentinel-2 NDVI
2023-08-13,2023-08-20,33.0,2023,P037,19.963056524597132,79.91698116388667,Garhchiroli,normal,statewide,0.39254292845726013,1,26,65,80,Maharashtra,Sentinel-2 NDVI
2023-08-13,2023-08-20,33.0,2023,P039,19.510270485428137,79.9981368030594,Garhchiroli,normal,statewide,0.5687315464019775,1,26,65,80,Maharashtra,Sentinel-2 NDVI
2023-08-13,2023-08-20,33.0,2023,P040,19.870365190999156,80.00935144220881,Garhchiroli,normal,statewide,0.5992165207862854,1,26,65,80,Maharashtra,Sentinel-2 NDVI
2023-08-13,2023-08-20,33.0,2023,P041,21.127639946725598,80.1465044724107,Gondiya,normal,statewide,0.7746898531913757,1,26,65,80,Maharashtra,Sentinel-2 NDVI
2023-08-13,2023-08-20,33.0,2023,P042,21.397598383602258,80.15591763473452,Gondiya,normal,statewide,0.2906976640224457,1,26,65,80,Maharashtra,Sentinel-2 NDVI
2023-08-13,2023-08-20,33.0,2023,P057,16.776377793156257,74.29671235971928,Kolhapur,normal,statewide,0.6811137199401855,1,26,65,80,Maharashtra,Sentinel-2 NDVI
2023-08-13,2023-08-20,33.0,2023,P059,16.595891218916975,74.39111598812178,Kolhapur,normal,statewide,0.5310023427009583,1,26,65,80,Maharashtra,Sentinel-2 NDVI
2023-08-13,2023-08-20,33.0,2023,P102,17.85749130266526,76.36802722645965,Osmanabad,normal,statewide,0.35593220591545105,1,26,65,80,Maharashtra,Sentinel-2 NDVI
2023-08-13,2023-08-20,33.0,2023,P104,17.949094615606196,76.17989775301476,Osmanabad,normal,statewide,0.22492918372154236,1,26,65,80,Maharashtra,Sentinel-2 NDVI
2023-08-13,2023-08-20,33.0,2023,P118,17.138719885658215,75.42259970290594,Sangli,normal,statewide,0.197553813457489,1,26,65,80,Maharashtra,Sentinel-2 NDVI
2023-08-13,2023-08-20,33.0,2023,P120,16.86707144948229,74.39025538161847,Sangli,normal,statewide,0.6088833808898926,1,26,65,80,Maharashtra,Sentinel-2 NDVI
2023-08-13,2023-08-20,33.0,2023,P148,17.67852974098626,76.08383979812143,Solapur,normal,statewide,0.5383132696151733,1,26,65,80,Maharashtra,Sentinel-2 NDVI
2023-08-13,2023-08-20,33.0,2023,P156,20.806749657616468,78.60135461177485,Wardha,normal,statewide,0.646486759185791,1,26,65,80,Maharashtra,Sentinel-2 NDVI
2023-08-20,2023-08-27,34.0,2023,P067,18.280552974211986,77.0569984711265,Latur,high,priority,0.8782608509063721,1,35,65,80,Maharashtra,Sentinel-2 NDVI
2023-08-20,2023-08-27,34.0,2023,P071,18.149138807065885,76.63019561379593,Latur,high,priority,0.6606985330581665,1,35,65,80,Maharashtra,Sentinel-2 NDVI
2023-08-20,2023-08-27,34.0,2023,P077,18.059564385104267,76.5349046242838,Latur,high,priority,0.4462001621723175,1,35,65,80,Maharashtra,Sentinel-2 NDVI
2023-08-20,2023-08-27,34.0,2023,P079,18.73508698099394,76.77797468180819,Latur,high,priority,0.4105151295661926,1,35,65,80,Maharashtra,Sentinel-2 NDVI
2023-08-20,2023-08-27,34.0,2023,P082,18.23907887531389,76.67830931416262,Latur,high,priority,0.4497695863246918,1,35,65,80,Maharashtra,Sentinel-2 NDVI
2023-08-20,2023-08-27,34.0,2023,P124,17.43262815429294,74.647353771057,Satara,high,priority,0.19141502678394318,1,35,65,80,Maharashtra,Sentinel-2 NDVI
2023-08-20,2023-08-27,34.0,2023,P125,17.56734651531964,74.31728219287884,Satara,high,priority,0.7175925970077515,1,35,65,80,Maharashtra,Sentinel-2 NDVI
2023-08-20,2023-08-27,34.0,2023,P127,17.65773249367299,74.31694330119876,Satara,high,priority,0.36385878920555115,1,35,65,80,Maharashtra,Sentinel-2 NDVI
2023-08-20,2023-08-27,34.0,2023,P131,17.612539504496315,74.3171127470388,Satara,high,priority,0.8420920372009277,1,35,65,80,Maharashtra,Sentinel-2 NDVI
2023-08-20,2023-08-27,34.0,2023,P138,17.61269557303319,74.36423652697161,Satara,high,priority,0.1480206549167633,1,35,65,80,Maharashtra,Sentinel-2 NDVI
2023-08-20,2023-08-27,34.0,2023,P139,17.656773786946495,74.08126197411994,Satara,high,priority,0.6962766051292419,1,35,65,80,Maharashtra,Sentinel-2 NDVI
2023-08-20,2023-08-27,34.0,2023,P140,17.97464080554139,74.50462240543725,Satara,high,priority,0.7422342300415039,1,35,65,80,Maharashtra,Sentinel-2 NDVI
2023-08-20,2023-08-27,34.0,2023,P142,18.064447100757786,74.31538707493111,Satara,high,priority,0.7271936535835266,1,35,65,80,Maharashtra,Sentinel-2 NDVI
2023-08-20,2023-08-27,34.0,2023,P145,17.47773196144854,74.60017202281048,Satara,high,priority,0.1938653290271759,1,35,65,80,Maharashtra,Sentinel-2 NDVI
2023-08-20,2023-08-27,34.0,2023,P016,19.66981712112043,75.14262166596218,Aurangabad,normal,statewide,0.2508266270160675,1,35,65,80,Maharashtra,Sentinel-2 NDVI
2023-08-20,2023-08-27,34.0,2023,P017,21.04613203856966,79.85576216552393,Bhandara,normal,statewide,0.3713477849960327,1,35,65,80,Maharashtra,Sentinel-2 NDVI
2023-08-20,2023-08-27,34.0,2023,P018,21.31897105472685,79.76852877161537,Bhandara,normal,statewide,0.47986075282096863,1,35,65,80,Maharashtra,Sentinel-2 NDVI
2023-08-20,2023-08-27,34.0,2023,P019,21.40900922319803,79.77144948280537,Bhandara,normal,statewide,0.5558732151985168,1,35,65,80,Maharashtra,Sentinel-2 NDVI
2023-08-20,2023-08-27,34.0,2023,P029,20.32317798477448,79.92829390325927,Chandrapur,normal,statewide,0.19315141439437866,1,35,65,80,Maharashtra,Sentinel-2 NDVI
2023-08-20,2023-08-27,34.0,2023,P030,20.60872097983294,79.36304041732026,Chandrapur,normal,statewide,0.49807798862457275,1,35,65,80,Maharashtra,Sentinel-2 NDVI
2023-08-20,2023-08-27,34.0,2023,P031,20.511160307884595,79.64732594588165,Chandrapur,normal,statewide,0.5672354698181152,1,35,65,80,Maharashtra,Sentinel-2 NDVI
2023-08-20,2023-08-27,34.0,2023,P032,20.598621115946884,79.74569817422172,Chandrapur,normal,statewide,0.7163221836090088,1,35,65,80,Maharashtra,Sentinel-2 NDVI
2023-08-20,2023-08-27,34.0,2023,P041,21.127639946725598,80.1465044724107,Gondiya,normal,statewide,0.7270742654800415,1,35,65,80,Maharashtra,Sentinel-2 NDVI
2023-08-20,2023-08-27,34.0,2023,P042,21.397598383602258,80.15591763473452,Gondiya,normal,statewide,0.31651678681373596,1,35,65,80,Maharashtra,Sentinel-2 NDVI
2023-08-20,2023-08-27,34.0,2023,P043,21.574548890706154,80.25847249986273,Gondiya,normal,statewide,0.6463223695755005,1,35,65,80,Maharashtra,Sentinel-2 NDVI
2023-08-20,2023-08-27,34.0,2023,P048,19.927981235710728,77.14910120338544,Hingoli,normal,statewide,0.8623279333114624,1,35,65,80,Maharashtra,Sentinel-2 NDVI
2023-08-20,2023-08-27,34.0,2023,P057,16.776377793156257,74.29671235971928,Kolhapur,normal,statewide,0.6863665580749512,1,35,65,80,Maharashtra,Sentinel-2 NDVI
2023-08-20,2023-08-27,34.0,2023,P059,16.595891218916975,74.39111598812178,Kolhapur,normal,statewide,0.697041392326355,1,35,65,80,Maharashtra,Sentinel-2 NDVI
2023-08-20,2023-08-27,34.0,2023,P060,16.414811584237594,74.29802779453004,Kolhapur,normal,statewide,0.6901243925094604,1,35,65,80,Maharashtra,Sentinel-2 NDVI
2023-08-20,2023-08-27,34.0,2023,P086,21.054127206758487,79.56798961993874,Nagpur,normal,statewide,0.5639810562133789,1,35,65,80,Maharashtra,Sentinel-2 NDVI
2023-08-20,2023-08-27,34.0,2023,P087,21.146765031143822,79.47473643960802,Nagpur,normal,statewide,0.44486692547798157,1,35,65,80,Maharashtra,Sentinel-2 NDVI
2023-08-20,2023-08-27,34.0,2023,P089,21.165377318940912,78.70615240473293,Nagpur,normal,statewide,0.4547986388206482,1,35,65,80,Maharashtra,Sentinel-2 NDVI
2023-08-20,2023-08-27,34.0,2023,P090,19.201968238592887,77.42470040309472,Nanded,normal,statewide,0.7817896604537964,1,35,65,80,Maharashtra,Sentinel-2 NDVI
2023-08-20,2023-08-27,34.0,2023,P093,18.93564842817583,77.04115528508362,Nanded,normal,statewide,0.36672335863113403,1,35,65,80,Maharashtra,Sentinel-2 NDVI
2023-08-20,2023-08-27,34.0,2023,P105,18.584360447185368,75.61558067829696,Osmanabad,normal,statewide,0.6270644664764404,1,35,65,80,Maharashtra,Sentinel-2 NDVI
2023-08-20,2023-08-27,34.0,2023,P107,19.120950831552832,76.56820519095093,Parbhani,normal,statewide,0.7777777910232544,1,35,65,80,Maharashtra,Sentinel-2 NDVI
2023-08-20,2023-08-27,34.0,2023,P118,17.138719885658215,75.42259970290594,Sangli,normal,statewide,0.19755305349826813,1,35,65,80,Maharashtra,Sentinel-2 NDVI
2023-08-20,2023-08-27,34.0,2023,P119,17.048761981005992,74.95348443567921,Sangli,normal,statewide,0.009756097570061684,1,35,65,80,Maharashtra,Sentinel-2 NDVI
2023-08-20,2023-08-27,34.0,2023,P121,17.048503353144895,74.67157114887826,Sangli,normal,statewide,0.28897714614868164,1,35,65,80,Maharashtra,Sentinel-2 NDVI
2023-08-20,2023-08-27,34.0,2023,P148,17.67852974098626,76.08383979812143,Solapur,normal,statewide,0.38921037316322327,1,35,65,80,Maharashtra,Sentinel-2 NDVI
2023-08-20,2023-08-27,34.0,2023,P149,18.223365003201543,75.4251413905064,Solapur,normal,statewide,0.7450980544090271,1,35,65,80,Maharashtra,Sentinel-2 NDVI
2023-08-20,2023-08-27,34.0,2023,P150,17.952532582518405,75.23562067753285,Solapur,normal,statewide,0.6036866307258606,1,35,65,80,Maharashtra,Sentinel-2 NDVI
2023-08-20,2023-08-27,34.0,2023,P151,18.223690517578447,75.23598186471818,Solapur,normal,statewide,0.21370968222618103,1,35,65,80,Maharashtra,Sentinel-2 NDVI
2023-08-20,2023-08-27,34.0,2023,P155,19.83987385799569,73.0429959666335,Thane,normal,statewide,0.6937544941902161,1,35,65,80,Maharashtra,Sentinel-2 NDVI
2023-08-20,2023-08-27,34.0,2023,P156,20.806749657616468,78.60135461177485,Wardha,normal,statewide,0.7151989340782166,1,35,65,80,Maharashtra,Sentinel-2 NDVI
2023-08-20,2023-08-27,34.0,2023,P157,20.71031267913359,78.88671032458906,Wardha,normal,statewide,0.676460325717926,1,35,65,80,Maharashtra,Sentinel-2 NDVI
2023-08-20,2023-08-27,34.0,2023,P159,20.439854822938944,78.87986114537097,Wardha,normal,statewide,0.6483867168426514,1,35,65,80,Maharashtra,Sentinel-2 NDVI
2023-08-20,2023-08-27,34.0,2023,P167,19.559057510053886,77.71577268345945,Yavatmal,normal,statewide,0.6776720881462097,1,35,65,80,Maharashtra,Sentinel-2 NDVI
2023-08-27,2023-09-03,35.0,2023,P061,18.507855650411397,76.91766048140843,Latur,high,priority,0.5320329070091248,1,67,65,80,Maharashtra,Sentinel-2 NDVI
2023-08-27,2023-09-03,35.0,2023,P065,18.331355512513895,76.44266811899327,Latur,high,priority,0.821829080581665,1,67,65,80,Maharashtra,Sentinel-2 NDVI
2023-08-27,2023-09-03,35.0,2023,P066,18.104739537876725,76.5352970251765,Latur,high,priority,0.3123083710670471,1,67,65,80,Maharashtra,Sentinel-2 NDVI
2023-08-27,2023-09-03,35.0,2023,P073,17.966315663874607,76.86453029235662,Latur,high,priority,0.4534313678741455,1,67,65,80,Maharashtra,Sentinel-2 NDVI
2023-08-27,2023-09-03,35.0,2023,P075,18.41444640154381,77.20053247493588,Latur,high,priority,0.5993363857269287,1,67,65,80,Maharashtra,Sentinel-2 NDVI
2023-08-27,2023-09-03,35.0,2023,P080,18.46791548227568,76.3017694439065,Latur,high,priority,0.48167091608047485,1,67,65,80,Maharashtra,Sentinel-2 NDVI
2023-08-27,2023-09-03,35.0,2023,P081,18.10355787609756,76.67701617485712,Latur,high,priority,0.6124160885810852,1,67,65,80,Maharashtra,Sentinel-2 NDVI
2023-08-27,2023-09-03,35.0,2023,P122,17.88145897082753,73.8441448165019,Satara,high,priority,0.6531431078910828,1,67,65,80,Maharashtra,Sentinel-2 NDVI
2023-08-27,2023-09-03,35.0,2023,P123,17.386414030975025,74.27088970551878,Satara,high,priority,0.5286718606948853,1,67,65,80,Maharashtra,Sentinel-2 NDVI
2023-08-27,2023-09-03,35.0,2023,P125,17.56734651531964,74.31728219287884,Satara,high,priority,0.683700680732727,1,67,65,80,Maharashtra,Sentinel-2 NDVI
2023-08-27,2023-09-03,35.0,2023,P129,18.063234225271252,74.03192648006461,Satara,high,priority,0.16721311211585999,1,67,65,80,Maharashtra,Sentinel-2 NDVI
2023-08-27,2023-09-03,35.0,2023,P130,17.61135784271715,74.03436560834085,Satara,high,priority,0.7027192711830139,1,67,65,80,Maharashtra,Sentinel-2 NDVI
2023-08-27,2023-09-03,35.0,2023,P131,17.612539504496315,74.3171127470388,Satara,high,priority,0.6875,1,67,65,80,Maharashtra,Sentinel-2 NDVI
2023-08-27,2023-09-03,35.0,2023,P134,17.476429903940936,74.17634784498362,Satara,high,priority,0.4172813594341278,1,67,65,80,Maharashtra,Sentinel-2 NDVI
2023-08-27,2023-09-03,35.0,2023,P141,17.430826677467348,74.08239904488856,Satara,high,priority,0.5089707374572754,1,67,65,80,Maharashtra,Sentinel-2 NDVI
2023-08-27,2023-09-03,35.0,2023,P003,18.49469238410162,74.66892244285252,Ahmednagar,normal,statewide,0.20489688217639923,1,67,65,80,Maharashtra,Sentinel-2 NDVI
2023-08-27,2023-09-03,35.0,2023,P004,19.03720445466806,75.1420731965326,Ahmednagar,normal,statewide,0.05570652335882187,1,67,65,80,Maharashtra,Sentinel-2 NDVI
2023-08-27,2023-09-03,35.0,2023,P008,20.828434266039377,77.35372489162701,Akola,normal,statewide,0.30304595828056335,1,67,65,80,Maharashtra,Sentinel-2 NDVI
2023-08-27,2023-09-03,35.0,2023,P009,21.360971327549258,77.94039543992572,Amravati,normal,statewide,0.480480819940567,1,67,65,80,Maharashtra,Sentinel-2 NDVI
2023-08-27,2023-09-03,35.0,2023,P010,21.178803672212837,78.03301542790685,Amravati,normal,statewide,0.6395398378372192,1,67,65,80,Maharashtra,Sentinel-2 NDVI
2023-08-27,2023-09-03,35.0,2023,P011,20.814388097721018,78.21764450702477,Amravati,normal,statewide,0.7786666750907898,1,67,65,80,Maharashtra,Sentinel-2 NDVI
2023-08-27,2023-09-03,35.0,2023,P013,20.031289688916964,74.8570519162974,Aurangabad,normal,statewide,0.7329255938529968,1,67,65,80,Maharashtra,Sentinel-2 NDVI
2023-08-27,2023-09-03,35.0,2023,P017,21.04613203856966,79.85576216552393,Bhandara,normal,statewide,0.4549831449985504,1,67,65,80,Maharashtra,Sentinel-2 NDVI
2023-08-27,2023-09-03,35.0,2023,P018,21.31897105472685,79.76852877161537,Bhandara,normal,statewide,0.517241358757019,1,67,65,80,Maharashtra,Sentinel-2 NDVI
2023-08-27,2023-09-03,35.0,2023,P019,21.40900922319803,79.77144948280537,Bhandara,normal,statewide,0.7425011396408081,1,67,65,80,Maharashtra,Sentinel-2 NDVI
2023-08-27,2023-09-03,35.0,2023,P021,18.67502288980403,75.52108340877234,Bid,normal,statewide,0.8542541265487671,1,67,65,80,Maharashtra,Sentinel-2 NDVI
2023-08-27,2023-09-03,35.0,2023,P022,18.856499384477168,75.04699178476999,Bid,normal,statewide,0.29657208919525146,1,67,65,80,Maharashtra,Sentinel-2 NDVI
2023-08-27,2023-09-03,35.0,2023,P025,20.93073496240753,76.20164478885242,Buldana,normal,statewide,0.2834532558917999,1,67,65,80,Maharashtra,Sentinel-2 NDVI
2023-08-27,2023-09-03,35.0,2023,P026,20.838939908121294,76.39311412898633,Buldana,normal,statewide,0.2633390724658966,1,67,65,80,Maharashtra,Sentinel-2 NDVI
2023-08-27,2023-09-03,35.0,2023,P028,20.47967013624516,76.10222021266374,Buldana,normal,statewide,0.8778372406959534,1,67,65,80,Maharashtra,Sentinel-2 NDVI
2023-08-27,2023-09-03,35.0,2023,P029,20.32317798477448,79.92829390325927,Chandrapur,normal,statewide,0.28158295154571533,1,67,65,80,Maharashtra,Sentinel-2 NDVI
2023-08-27,2023-09-03,35.0,2023,P031,20.511160307884595,79.64732594588165,Chandrapur,normal,statewide,0.5642581582069397,1,67,65,80,Maharashtra,Sentinel-2 NDVI
2023-08-27,2023-09-03,35.0,2023,P032,20.598621115946884,79.74569817422172,Chandrapur,normal,statewide,0.6277666091918945,1,67,65,80,Maharashtra,Sentinel-2 NDVI
2023-08-27,2023-09-03,35.0,2023,P033,21.38667804512237,75.14422248324037,Dhule,normal,statewide,0.5648626685142517,1,67,65,80,Maharashtra,Sentinel-2 NDVI
2023-08-27,2023-09-03,35.0,2023,P034,21.025151968113196,74.75989256344387,Dhule,normal,statewide,0.34551405906677246,1,67,65,80,Maharashtra,Sentinel-2 NDVI
2023-08-27,2023-09-03,35.0,2023,P035,21.477028350667293,74.85568743137505,Dhule,normal,statewide,0.8236489295959473,1,67,65,80,Maharashtra,Sentinel-2 NDVI
2023-08-27,2023-09-03,35.0,2023,P036,20.933820660336515,74.37533522949364,Dhule,normal,statewide,0.5466143488883972,1,67,65,80,Maharashtra,Sentinel-2 NDVI
2023-08-27,2023-09-03,35.0,2023,P037,19.963056524597132,79.91698116388667,Garhchiroli,normal,statewide,0.5422459840774536,1,67,65,80,Maharashtra,Sentinel-2 NDVI
2023-08-27,2023-09-03,35.0,2023,P038,19.062661462582188,79.88977172925856,Garhchiroli,normal,statewide,0.4062216877937317,1,67,65,80,Maharashtra,Sentinel-2 NDVI
2023-08-27,2023-09-03,35.0,2023,P039,19.510270485428137,79.9981368030594,Garhchiroli,normal,statewide,0.7492654323577881,1,67,65,80,Maharashtra,Sentinel-2 NDVI
2023-08-27,2023-09-03,35.0,2023,P040,19.870365190999156,80.00935144220881,Garhchiroli,normal,statewide,0.6839970350265503,1,67,65,80,Maharashtra,Sentinel-2 NDVI
2023-08-27,2023-09-03,35.0,2023,P041,21.127639946725598,80.1465044724107,Gondiya,normal,statewide,0.6673387289047241,1,67,65,80,Maharashtra,Sentinel-2 NDVI
2023-08-27,2023-09-03,35.0,2023,P042,21.397598383602258,80.15591763473452,Gondiya,normal,statewide,0.3767068386077881,1,67,65,80,Maharashtra,Sentinel-2 NDVI
2023-08-27,2023-09-03,35.0,2023,P043,21.574548890706154,80.25847249986273,Gondiya,normal,statewide,0.6740359663963318,1,67,65,80,Maharashtra,Sentinel-2 NDVI
2023-08-27,2023-09-03,35.0,2023,P044,21.211649410572516,80.34153217518526,Gondiya,normal,statewide,0.6416007876396179,1,67,65,80,Maharashtra,Sentinel-2 NDVI
2023-08-27,2023-09-03,35.0,2023,P045,19.655900266732623,77.2407892392464,Hingoli,normal,statewide,0.7642907500267029,1,67,65,80,Maharashtra,Sentinel-2 NDVI
2023-08-27,2023-09-03,35.0,2023,P047,19.47860194974656,76.9526242927685,Hingoli,normal,statewide,0.5103802680969238,1,67,65,80,Maharashtra,Sentinel-2 NDVI
2023-08-27,2023-09-03,35.0,2023,P051,21.112064306745907,76.10682200495089,Jalgaon,normal,statewide,0.3248407542705536,1,67,65,80,Maharashtra,Sentinel-2 NDVI
2023-08-27,2023-09-03,35.0,2023,P052,20.844437979720194,75.23982115072519,Jalgaon,normal,statewide,0.8061217069625854,1,67,65,80,Maharashtra,Sentinel-2 NDVI
2023-08-27,2023-09-03,35.0,2023,P053,19.486369703781666,76.00005328932718,Jalna,normal,statewide,0.48645707964897156,1,67,65,80,Maharashtra,Sentinel-2 NDVI
2023-08-27,2023-09-03,35.0,2023,P054,20.028502750758555,76.00343774702675,Jalna,normal,statewide,0.6390367150306702,1,67,65,80,Maharashtra,Sentinel-2 NDVI
2023-08-27,2023-09-03,35.0,2023,P055,19.75743845682064,76.00172991132328,Jalna,normal,statewide,0.6247286796569824,1,67,65,80,Maharashtra,Sentinel-2 NDVI
2023-08-27,2023-09-03,35.0,2023,P056,19.57768317515413,75.80993951591351,Jalna,normal,statewide,0.51164311170578,1,67,65,80,Maharashtra,Sentinel-2 NDVI
2023-08-27,2023-09-03,35.0,2023,P057,16.776377793156257,74.29671235971928,Kolhapur,normal,statewide,0.8163185119628906,1,67,65,80,Maharashtra,Sentinel-2 NDVI
2023-08-27,2023-09-03,35.0,2023,P059,16.595891218916975,74.39111598812178,Kolhapur,normal,statewide,0.6995153427124023,1,67,65,80,Maharashtra,Sentinel-2 NDVI
2023-08-27,2023-09-03,35.0,2023,P060,16.414811584237594,74.29802779453004,Kolhapur,normal,statewide,0.7670753002166748,1,67,65,80,Maharashtra,Sentinel-2 NDVI
2023-08-27,2023-09-03,35.0,2023,P089,21.165377318940912,78.70615240473293,Nagpur,normal,statewide,0.5143140554428101,1,67,65,80,Maharashtra,Sentinel-2 NDVI
2023-08-27,2023-09-03,35.0,2023,P094,21.564917232430716,74.08292967791392,Nandurbar,normal,statewide,0.7938424348831177,1,67,65,80,Maharashtra,Sentinel-2 NDVI
2023-08-27,2023-09-03,35.0,2023,P095,21.5662594218478,74.37266422796263,Nandurbar,normal,statewide,0.8203596472740173,1,67,65,80,Maharashtra,Sentinel-2 NDVI
2023-08-27,2023-09-03,35.0,2023,P096,21.385179787168415,74.27697637845674,Nandurbar,normal,statewide,0.6738865971565247,1,67,65,80,Maharashtra,Sentinel-2 NDVI
2023-08-27,2023-09-03,35.0,2023,P097,21.565421110849755,74.17950488852946,Nandurbar,normal,statewide,0.6890314817428589,1,67,65,80,Maharashtra,Sentinel-2 NDVI
2023-08-27,2023-09-03,35.0,2023,P098,20.299553667393326,73.99482675929994,Nashik,normal,statewide,0.5040456652641296,1,67,65,80,Maharashtra,Sentinel-2 NDVI
2023-08-27,2023-09-03,35.0,2023,P101,20.029015547379707,74.09216447619562,Nashik,normal,statewide,0.8249114155769348,1,67,65,80,Maharashtra,Sentinel-2 NDVI
2023-08-27,2023-09-03,35.0,2023,P102,17.85749130266526,76.36802722645965,Osmanabad,normal,statewide,0.1973392516374588,1,67,65,80,Maharashtra,Sentinel-2 NDVI
2023-08-27,2023-09-03,35.0,2023,P105,18.584360447185368,75.61558067829696,Osmanabad,normal,statewide,0.5401502251625061,1,67,65,80,Maharashtra,Sentinel-2 NDVI
2023-08-27,2023-09-03,35.0,2023,P107,19.120950831552832,76.56820519095093,Parbhani,normal,statewide,0.6762092709541321,1,67,65,80,Maharashtra,Sentinel-2 NDVI
2023-08-27,2023-09-03,35.0,2023,P110,18.133442771357757,75.04679558432363,Pune,normal,statewide,0.7089902758598328,1,67,65,80,Maharashtra,Sentinel-2 NDVI
2023-08-27,2023-09-03,35.0,2023,P111,18.584645829652782,74.47919215212944,Pune,normal,statewide,0.18849356472492218,1,67,65,80,Maharashtra,Sentinel-2 NDVI
2023-08-27,2023-09-03,35.0,2023,P114,18.48503397121986,73.0589238755964,Raigarh,normal,statewide,0.7247533798217773,1,67,65,80,Maharashtra,Sentinel-2 NDVI
2023-08-27,2023-09-03,35.0,2023,P115,18.665689991299164,73.05687714821288,Raigarh,normal,statewide,0.5278688669204712,1,67,65,80,Maharashtra,Sentinel-2 NDVI
2023-08-27,2023-09-03,35.0,2023,P116,18.306197264370358,73.25009891506079,Raigarh,normal,statewide,0.8535390496253967,1,67,65,80,Maharashtra,Sentinel-2 NDVI
2023-08-27,2023-09-03,35.0,2023,P117,18.21404102289879,73.06194714611064,Raigarh,normal,statewide,0.5472669005393982,1,67,65,80,Maharashtra,Sentinel-2 NDVI
2023-08-27,2023-09-03,35.0,2023,P119,17.048761981005992,74.95348443567921,Sangli,normal,statewide,0.32993629574775696,1,67,65,80,Maharashtra,Sentinel-2 NDVI
2023-08-27,2023-09-03,35.0,2023,P121,17.048503353144895,74.67157114887826,Sangli,normal,statewide,0.2590031623840332,1,67,65,80,Maharashtra,Sentinel-2 NDVI
2023-08-27,2023-09-03,35.0,2023,P150,17.952532582518405,75.23562067753285,Solapur,normal,statewide,0.5949233174324036,1,67,65,80,Maharashtra,Sentinel-2 NDVI
2023-08-27,2023-09-03,35.0,2023,P154,19.477549601897948,72.95214624177059,Thane,normal,statewide,0.5885969996452332,1,67,65,80,Maharashtra,Sentinel-2 NDVI
2023-08-27,2023-09-03,35.0,2023,P155,19.83987385799569,73.0429959666335,Thane,normal,statewide,0.7123711109161377,1,67,65,80,Maharashtra,Sentinel-2 NDVI
2023-08-27,2023-09-03,35.0,2023,P156,20.806749657616468,78.60135461177485,Wardha,normal,statewide,0.6753003001213074,1,67,65,80,Maharashtra,Sentinel-2 NDVI
2023-08-27,2023-09-03,35.0,2023,P157,20.71031267913359,78.88671032458906,Wardha,normal,statewide,0.6947042942047119,1,67,65,80,Maharashtra,Sentinel-2 NDVI
2023-08-27,2023-09-03,35.0,2023,P161,20.464607292886615,77.53975858757677,Washim,normal,statewide,0.6771180629730225,1,67,65,80,Maharashtra,Sentinel-2 NDVI
2023-08-27,2023-09-03,35.0,2023,P162,20.107393166596125,77.2471479173486,Washim,normal,statewide,0.7275797128677368,1,67,65,80,Maharashtra,Sentinel-2 NDVI
2023-09-03,2023-09-10,36.0,2023,P147,17.927231643141155,73.94769852026607,Satara,case_study,case_study,0.8944714069366455,1,40,65,80,Maharashtra,Sentinel-2 NDVI
2023-09-03,2023-09-10,36.0,2023,P122,17.88145897082753,73.8441448165019,Satara,high,priority,0.636565089225769,1,40,65,80,Maharashtra,Sentinel-2 NDVI
2023-09-03,2023-09-10,36.0,2023,P123,17.386414030975025,74.27088970551878,Satara,high,priority,0.5262461304664612,1,40,65,80,Maharashtra,Sentinel-2 NDVI
2023-09-03,2023-09-10,36.0,2023,P124,17.43262815429294,74.647353771057,Satara,high,priority,0.1386861354112625,1,40,65,80,Maharashtra,Sentinel-2 NDVI
2023-09-03,2023-09-10,36.0,2023,P126,17.205080227535593,74.13053949986157,Satara,high,priority,0.7331298589706421,1,40,65,80,Maharashtra,Sentinel-2 NDVI
2023-09-03,2023-09-10,36.0,2023,P128,18.019949731345452,74.5517328080669,Satara,high,priority,0.25265711545944214,1,40,65,80,Maharashtra,Sentinel-2 NDVI
2023-09-03,2023-09-10,36.0,2023,P129,18.063234225271252,74.03192648006461,Satara,high,priority,0.16750219464302063,1,40,65,80,Maharashtra,Sentinel-2 NDVI
2023-09-03,2023-09-10,36.0,2023,P130,17.61135784271715,74.03436560834085,Satara,high,priority,0.8104838728904724,1,40,65,80,Maharashtra,Sentinel-2 NDVI
2023-09-03,2023-09-10,36.0,2023,P132,17.702176353872684,74.12817617630324,Satara,high,priority,0.6398486495018005,1,40,65,80,Maharashtra,Sentinel-2 NDVI
2023-09-03,2023-09-10,36.0,2023,P133,17.25006363896275,74.08329532420031,Satara,high,priority,0.7174884676933289,1,40,65,80,Maharashtra,Sentinel-2 NDVI
2023-09-03,2023-09-10,36.0,2023,P135,17.882716437324603,74.0801070669471,Satara,high,priority,0.4744614064693451,1,40,65,80,Maharashtra,Sentinel-2 NDVI
2023-09-03,2023-09-10,36.0,2023,P136,17.928520323345598,74.22149178404871,Satara,high,priority,0.5152168273925781,1,40,65,80,Maharashtra,Sentinel-2 NDVI
2023-09-03,2023-09-10,36.0,2023,P139,17.656773786946495,74.08126197411994,Satara,high,priority,0.5512391328811646,1,40,65,80,Maharashtra,Sentinel-2 NDVI
2023-09-03,2023-09-10,36.0,2023,P140,17.97464080554139,74.50462240543725,Satara,high,priority,0.8428791165351868,1,40,65,80,Maharashtra,Sentinel-2 NDVI
2023-09-03,2023-09-10,36.0,2023,P142,18.064447100757786,74.31538707493111,Satara,high,priority,0.7956234812736511,1,40,65,80,Maharashtra,Sentinel-2 NDVI
2023-09-03,2023-09-10,36.0,2023,P144,17.929452275465767,74.50474726026674,Satara,high,priority,0.5155875086784363,1,40,65,80,Maharashtra,Sentinel-2 NDVI
2023-09-03,2023-09-10,36.0,2023,P146,17.839182233739812,74.55218763637436,Satara,high,priority,0.40955492854118347,1,40,65,80,Maharashtra,Sentinel-2 NDVI
2023-09-03,2023-09-10,36.0,2023,P003,18.49469238410162,74.66892244285252,Ahmednagar,normal,statewide,0.20083974301815033,1,40,65,80,Maharashtra,Sentinel-2 NDVI
2023-09-03,2023-09-10,36.0,2023,P005,20.832153156317954,77.06560453615967,Akola,normal,statewide,0.35943618416786194,1,40,65,80,Maharashtra,Sentinel-2 NDVI
2023-09-03,2023-09-10,36.0,2023,P006,20.834360411339407,76.87349308547405,Akola,normal,statewide,0.40371352434158325,1,40,65,80,Maharashtra,Sentinel-2 NDVI
2023-09-03,2023-09-10,36.0,2023,P007,21.014976299509232,76.87574047240498,Akola,normal,statewide,0.8231499195098877,1,40,65,80,Maharashtra,Sentinel-2 NDVI
2023-09-03,2023-09-10,36.0,2023,P008,20.828434266039377,77.35372489162701,Akola,normal,statewide,0.42009884119033813,1,40,65,80,Maharashtra,Sentinel-2 NDVI
2023-09-03,2023-09-10,36.0,2023,P009,21.360971327549258,77.94039543992572,Amravati,normal,statewide,0.4916819632053375,1,40,65,80,Maharashtra,Sentinel-2 NDVI
2023-09-03,2023-09-10,36.0,2023,P010,21.178803672212837,78.03301542790685,Amravati,normal,statewide,0.7179235816001892,1,40,65,80,Maharashtra,Sentinel-2 NDVI
2023-09-03,2023-09-10,36.0,2023,P012,21.180502589714195,77.93681032267875,Amravati,normal,statewide,0.2503505349159241,1,40,65,80,Maharashtra,Sentinel-2 NDVI
2023-09-03,2023-09-10,36.0,2023,P019,21.40900922319803,79.77144948280537,Bhandara,normal,statewide,0.7312365770339966,1,40,65,80,Maharashtra,Sentinel-2 NDVI
2023-09-03,2023-09-10,36.0,2023,P020,21.144196588937042,79.57074980349083,Bhandara,normal,statewide,0.6912114024162292,1,40,65,80,Maharashtra,Sentinel-2 NDVI
2023-09-03,2023-09-10,36.0,2023,P021,18.67502288980403,75.52108340877234,Bid,normal,statewide,0.7917876243591309,1,40,65,80,Maharashtra,Sentinel-2 NDVI
2023-09-03,2023-09-10,36.0,2023,P023,19.126596053486494,75.6175605191647,Bid,normal,statewide,0.4399999976158142,1,40,65,80,Maharashtra,Sentinel-2 NDVI
2023-09-03,2023-09-10,36.0,2023,P026,20.838939908121294,76.39311412898633,Buldana,normal,statewide,0.2777777910232544,1,40,65,80,Maharashtra,Sentinel-2 NDVI
2023-09-03,2023-09-10,36.0,2023,P027,20.657476790751314,76.48742857536776,Buldana,normal,statewide,0.6734517216682434,1,40,65,80,Maharashtra,Sentinel-2 NDVI
2023-09-03,2023-09-10,36.0,2023,P028,20.47967013624516,76.10222021266374,Buldana,normal,statewide,0.8778573870658875,1,40,65,80,Maharashtra,Sentinel-2 NDVI
2023-09-03,2023-09-10,36.0,2023,P036,20.933820660336515,74.37533522949364,Dhule,normal,statewide,0.5283992886543274,1,40,65,80,Maharashtra,Sentinel-2 NDVI
2023-09-03,2023-09-10,36.0,2023,P043,21.574548890706154,80.25847249986273,Gondiya,normal,statewide,0.7104446887969971,1,40,65,80,Maharashtra,Sentinel-2 NDVI
2023-09-03,2023-09-10,36.0,2023,P048,19.927981235710728,77.14910120338544,Hingoli,normal,statewide,0.7976369261741638,1,40,65,80,Maharashtra,Sentinel-2 NDVI
2023-09-03,2023-09-10,36.0,2023,P053,19.486369703781666,76.00005328932718,Jalna,normal,statewide,0.41819897294044495,1,40,65,80,Maharashtra,Sentinel-2 NDVI
2023-09-03,2023-09-10,36.0,2023,P054,20.028502750758555,76.00343774702675,Jalna,normal,statewide,0.5117481350898743,1,40,65,80,Maharashtra,Sentinel-2 NDVI
2023-09-03,2023-09-10,36.0,2023,P055,19.75743845682064,76.00172991132328,Jalna,normal,statewide,0.6311954259872437,1,40,65,80,Maharashtra,Sentinel-2 NDVI
2023-09-03,2023-09-10,36.0,2023,P056,19.57768317515413,75.80993951591351,Jalna,normal,statewide,0.43327847123146057,1,40,65,80,Maharashtra,Sentinel-2 NDVI
2023-09-03,2023-09-10,36.0,2023,P057,16.776377793156257,74.29671235971928,Kolhapur,normal,statewide,0.9046832919120789,1,40,65,80,Maharashtra,Sentinel-2 NDVI
2023-09-03,2023-09-10,36.0,2023,P059,16.595891218916975,74.39111598812178,Kolhapur,normal,statewide,0.6129676103591919,1,40,65,80,Maharashtra,Sentinel-2 NDVI
2023-09-03,2023-09-10,36.0,2023,P089,21.165377318940912,78.70615240473293,Nagpur,normal,statewide,0.5831511616706848,1,40,65,80,Maharashtra,Sentinel-2 NDVI
2023-09-03,2023-09-10,36.0,2023,P094,21.564917232430716,74.08292967791392,Nandurbar,normal,statewide,0.7955885529518127,1,40,65,80,Maharashtra,Sentinel-2 NDVI
2023-09-03,2023-09-10,36.0,2023,P105,18.584360447185368,75.61558067829696,Osmanabad,normal,statewide,0.5249457955360413,1,40,65,80,Maharashtra,Sentinel-2 NDVI
2023-09-03,2023-09-10,36.0,2023,P110,18.133442771357757,75.04679558432363,Pune,normal,statewide,0.7424519658088684,1,40,65,80,Maharashtra,Sentinel-2 NDVI
2023-09-03,2023-09-10,36.0,2023,P111,18.584645829652782,74.47919215212944,Pune,normal,statewide,0.30202075839042664,1,40,65,80,Maharashtra,Sentinel-2 NDVI
2023-09-03,2023-09-10,36.0,2023,P112,18.132979024848197,74.57507620208169,Pune,normal,statewide,0.21994176506996155,1,40,65,80,Maharashtra,Sentinel-2 NDVI
2023-09-03,2023-09-10,36.0,2023,P113,18.314072036830744,74.76389683618987,Pune,normal,statewide,0.725668728351593,1,40,65,80,Maharashtra,Sentinel-2 NDVI
2023-09-03,2023-09-10,36.0,2023,P118,17.138719885658215,75.42259970290594,Sangli,normal,statewide,0.34824055433273315,1,40,65,80,Maharashtra,Sentinel-2 NDVI
2023-09-03,2023-09-10,36.0,2023,P119,17.048761981005992,74.95348443567921,Sangli,normal,statewide,0.2421189397573471,1,40,65,80,Maharashtra,Sentinel-2 NDVI
2023-09-03,2023-09-10,36.0,2023,P121,17.048503353144895,74.67157114887826,Sangli,normal,statewide,0.2191489338874817,1,40,65,80,Maharashtra,Sentinel-2 NDVI
2023-09-03,2023-09-10,36.0,2023,P150,17.952532582518405,75.23562067753285,Solapur,normal,statewide,0.607389509677887,1,40,65,80,Maharashtra,Sentinel-2 NDVI
2023-09-03,2023-09-10,36.0,2023,P151,18.223690517578447,75.23598186471818,Solapur,normal,statewide,0.1721542775630951,1,40,65,80,Maharashtra,Sentinel-2 NDVI
2023-09-03,2023-09-10,36.0,2023,P156,20.806749657616468,78.60135461177485,Wardha,normal,statewide,0.7371374368667603,1,40,65,80,Maharashtra,Sentinel-2 NDVI
2023-09-03,2023-09-10,36.0,2023,P157,20.71031267913359,78.88671032458906,Wardha,normal,statewide,0.675471305847168,1,40,65,80,Maharashtra,Sentinel-2 NDVI
2023-09-03,2023-09-10,36.0,2023,P158,21.081265295769754,78.41565980750515,Wardha,normal,statewide,0.5099380612373352,1,40,65,80,Maharashtra,Sentinel-2 NDVI
2023-09-03,2023-09-10,36.0,2023,P159,20.439854822938944,78.87986114537097,Wardha,normal,statewide,0.5189738273620605,1,40,65,80,Maharashtra,Sentinel-2 NDVI
2023-09-03,2023-09-10,36.0,2023,P161,20.464607292886615,77.53975858757677,Washim,normal,statewide,0.6793451905250549,1,40,65,80,Maharashtra,Sentinel-2 NDVI
2023-09-10,2023-09-17,37.0,2023,P066,18.104739537876725,76.5352970251765,Latur,high,priority,0.38468408584594727,1,33,65,80,Maharashtra,Sentinel-2 NDVI
2023-09-10,2023-09-17,37.0,2023,P074,18.50832831512306,76.870318205524,Latur,high,priority,0.7996661067008972,1,33,65,80,Maharashtra,Sentinel-2 NDVI
2023-09-10,2023-09-17,37.0,2023,P079,18.73508698099394,76.77797468180819,Latur,high,priority,0.6431297659873962,1,33,65,80,Maharashtra,Sentinel-2 NDVI
2023-09-10,2023-09-17,37.0,2023,P082,18.23907887531389,76.67830931416262,Latur,high,priority,0.4819415807723999,1,33,65,80,Maharashtra,Sentinel-2 NDVI
2023-09-10,2023-09-17,37.0,2023,P084,18.46362582706226,76.82249880582684,Latur,high,priority,0.6848845481872559,1,33,65,80,Maharashtra,Sentinel-2 NDVI
2023-09-10,2023-09-17,37.0,2023,P127,17.65773249367299,74.31694330119876,Satara,high,priority,0.47788378596305847,1,33,65,80,Maharashtra,Sentinel-2 NDVI
2023-09-10,2023-09-17,37.0,2023,P128,18.019949731345452,74.5517328080669,Satara,high,priority,0.25653719902038574,1,33,65,80,Maharashtra,Sentinel-2 NDVI
2023-09-10,2023-09-17,37.0,2023,P131,17.612539504496315,74.3171127470388,Satara,high,priority,0.8588985204696655,1,33,65,80,Maharashtra,Sentinel-2 NDVI
2023-09-10,2023-09-17,37.0,2023,P136,17.928520323345598,74.22149178404871,Satara,high,priority,0.5622457265853882,1,33,65,80,Maharashtra,Sentinel-2 NDVI
2023-09-10,2023-09-17,37.0,2023,P140,17.97464080554139,74.50462240543725,Satara,high,priority,0.8348279595375061,1,33,65,80,Maharashtra,Sentinel-2 NDVI
2023-09-10,2023-09-17,37.0,2023,P142,18.064447100757786,74.31538707493111,Satara,high,priority,0.5536795854568481,1,33,65,80,Maharashtra,Sentinel-2 NDVI
2023-09-10,2023-09-17,37.0,2023,P145,17.47773196144854,74.60017202281048,Satara,high,priority,0.5345167517662048,1,33,65,80,Maharashtra,Sentinel-2 NDVI
2023-09-10,2023-09-17,37.0,2023,P013,20.031289688916964,74.8570519162974,Aurangabad,normal,statewide,0.6387150883674622,1,33,65,80,Maharashtra,Sentinel-2 NDVI
2023-09-10,2023-09-17,37.0,2023,P022,18.856499384477168,75.04699178476999,Bid,normal,statewide,0.39671239256858826,1,33,65,80,Maharashtra,Sentinel-2 NDVI
2023-09-10,2023-09-17,37.0,2023,P024,18.763955201213946,75.90084720909012,Bid,normal,statewide,0.6739029884338379,1,33,65,80,Maharashtra,Sentinel-2 NDVI
2023-09-10,2023-09-17,37.0,2023,P028,20.47967013624516,76.10222021266374,Buldana,normal,statewide,0.8696651458740234,1,33,65,80,Maharashtra,Sentinel-2 NDVI
2023-09-10,2023-09-17,37.0,2023,P034,21.025151968113196,74.75989256344387,Dhule,normal,statewide,0.37310513854026794,1,33,65,80,Maharashtra,Sentinel-2 NDVI
2023-09-10,2023-09-17,37.0,2023,P036,20.933820660336515,74.37533522949364,Dhule,normal,statewide,0.5147601366043091,1,33,65,80,Maharashtra,Sentinel-2 NDVI
2023-09-10,2023-09-17,37.0,2023,P046,19.566758377573187,77.1442675378435,Hingoli,normal,statewide,0.3930232524871826,1,33,65,80,Maharashtra,Sentinel-2 NDVI
2023-09-10,2023-09-17,37.0,2023,P053,19.486369703781666,76.00005328932718,Jalna,normal,statewide,0.08615384250879288,1,33,65,80,Maharashtra,Sentinel-2 NDVI
2023-09-10,2023-09-17,37.0,2023,P054,20.028502750758555,76.00343774702675,Jalna,normal,statewide,0.6051324009895325,1,33,65,80,Maharashtra,Sentinel-2 NDVI
2023-09-10,2023-09-17,37.0,2023,P059,16.595891218916975,74.39111598812178,Kolhapur,normal,statewide,0.7749648094177246,1,33,65,80,Maharashtra,Sentinel-2 NDVI
2023-09-10,2023-09-17,37.0,2023,P090,19.201968238592887,77.42470040309472,Nanded,normal,statewide,0.8232721090316772,1,33,65,80,Maharashtra,Sentinel-2 NDVI
2023-09-10,2023-09-17,37.0,2023,P094,21.564917232430716,74.08292967791392,Nandurbar,normal,statewide,0.7193225026130676,1,33,65,80,Maharashtra,Sentinel-2 NDVI
2023-09-10,2023-09-17,37.0,2023,P095,21.5662594218478,74.37266422796263,Nandurbar,normal,statewide,0.8175438642501831,1,33,65,80,Maharashtra,Sentinel-2 NDVI
2023-09-10,2023-09-17,37.0,2023,P097,21.565421110849755,74.17950488852946,Nandurbar,normal,statewide,0.675762414932251,1,33,65,80,Maharashtra,Sentinel-2 NDVI
2023-09-10,2023-09-17,37.0,2023,P098,20.299553667393326,73.99482675929994,Nashik,normal,statewide,0.641244113445282,1,33,65,80,Maharashtra,Sentinel-2 NDVI
2023-09-10,2023-09-17,37.0,2023,P101,20.029015547379707,74.09216447619562,Nashik,normal,statewide,0.8337113261222839,1,33,65,80,Maharashtra,Sentinel-2 NDVI
2023-09-10,2023-09-17,37.0,2023,P110,18.133442771357757,75.04679558432363,Pune,normal,statewide,0.7419610619544983,1,33,65,80,Maharashtra,Sentinel-2 NDVI
2023-09-10,2023-09-17,37.0,2023,P111,18.584645829652782,74.47919215212944,Pune,normal,statewide,0.3445926010608673,1,33,65,80,Maharashtra,Sentinel-2 NDVI
2023-09-10,2023-09-17,37.0,2023,P113,18.314072036830744,74.76389683618987,Pune,normal,statewide,0.719239354133606,1,33,65,80,Maharashtra,Sentinel-2 NDVI
2023-09-10,2023-09-17,37.0,2023,P116,18.306197264370358,73.25009891506079,Raigarh,normal,statewide,0.43770313262939453,1,33,65,80,Maharashtra,Sentinel-2 NDVI
2023-09-10,2023-09-17,37.0,2023,P117,18.21404102289879,73.06194714611064,Raigarh,normal,statewide,0.45186060667037964,1,33,65,80,Maharashtra,Sentinel-2 NDVI
2023-09-10,2023-09-17,37.0,2023,P118,17.138719885658215,75.42259970290594,Sangli,normal,statewide,0.25544100999832153,1,33,65,80,Maharashtra,Sentinel-2 NDVI
2023-09-10,2023-09-17,37.0,2023,P149,18.223365003201543,75.4251413905064,Solapur,normal,statewide,0.7371627688407898,1,33,65,80,Maharashtra,Sentinel-2 NDVI
2023-09-10,2023-09-17,37.0,2023,P150,17.952532582518405,75.23562067753285,Solapur,normal,statewide,0.5502183437347412,1,33,65,80,Maharashtra,Sentinel-2 NDVI
2023-09-10,2023-09-17,37.0,2023,P151,18.223690517578447,75.23598186471818,Solapur,normal,statewide,0.2579505443572998,1,33,65,80,Maharashtra,Sentinel-2 NDVI
2023-09-10,2023-09-17,37.0,2023,P161,20.464607292886615,77.53975858757677,Washim,normal,statewide,0.6296914219856262,1,33,65,80,Maharashtra,Sentinel-2 NDVI
2023-09-10,2023-09-17,37.0,2023,P163,20.198885002010726,77.1527933390577,Washim,normal,statewide,0.6223067045211792,1,33,65,80,Maharashtra,Sentinel-2 NDVI
2023-09-17,2023-09-24,38.0,2023,P063,18.235391198742693,77.05646783810116,Latur,high,priority,0.6093979477882385,1,36,65,80,Maharashtra,Sentinel-2 NDVI
2023-09-17,2023-09-24,38.0,2023,P072,18.283393421583035,76.77331492120734,Latur,high,priority,0.7192564606666565,1,36,65,80,Maharashtra,Sentinel-2 NDVI
2023-09-17,2023-09-24,38.0,2023,P075,18.41444640154381,77.20053247493588,Latur,high,priority,0.7627663612365723,1,36,65,80,Maharashtra,Sentinel-2 NDVI
2023-09-17,2023-09-24,38.0,2023,P079,18.73508698099394,76.77797468180819,Latur,high,priority,0.7028290033340454,1,36,65,80,Maharashtra,Sentinel-2 NDVI
2023-09-17,2023-09-24,38.0,2023,P083,18.369289085175563,77.19996171000103,Latur,high,priority,0.7048150897026062,1,36,65,80,Maharashtra,Sentinel-2 NDVI
2023-09-17,2023-09-24,38.0,2023,P006,20.834360411339407,76.87349308547405,Akola,normal,statewide,0.6948955655097961,1,36,65,80,Maharashtra,Sentinel-2 NDVI
2023-09-17,2023-09-24,38.0,2023,P007,21.014976299509232,76.87574047240498,Akola,normal,statewide,0.8662244081497192,1,36,65,80,Maharashtra,Sentinel-2 NDVI
2023-09-17,2023-09-24,38.0,2023,P010,21.178803672212837,78.03301542790685,Amravati,normal,statewide,0.7277085185050964,1,36,65,80,Maharashtra,Sentinel-2 NDVI
2023-09-17,2023-09-24,38.0,2023,P017,21.04613203856966,79.85576216552393,Bhandara,normal,statewide,0.4801670014858246,1,36,65,80,Maharashtra,Sentinel-2 NDVI
2023-09-17,2023-09-24,38.0,2023,P018,21.31897105472685,79.76852877161537,Bhandara,normal,statewide,0.754701554775238,1,36,65,80,Maharashtra,Sentinel-2 NDVI
2023-09-17,2023-09-24,38.0,2023,P024,18.763955201213946,75.90084720909012,Bid,normal,statewide,0.639807403087616,1,36,65,80,Maharashtra,Sentinel-2 NDVI
2023-09-17,2023-09-24,38.0,2023,P026,20.838939908121294,76.39311412898633,Buldana,normal,statewide,0.5095447897911072,1,36,65,80,Maharashtra,Sentinel-2 NDVI
2023-09-17,2023-09-24,38.0,2023,P034,21.025151968113196,74.75989256344387,Dhule,normal,statewide,0.6212560534477234,1,36,65,80,Maharashtra,Sentinel-2 NDVI
2023-09-17,2023-09-24,38.0,2023,P042,21.397598383602258,80.15591763473452,Gondiya,normal,statewide,0.289055198431015,1,36,65,80,Maharashtra,Sentinel-2 NDVI
2023-09-17,2023-09-24,38.0,2023,P043,21.574548890706154,80.25847249986273,Gondiya,normal,statewide,0.7664543390274048,1,36,65,80,Maharashtra,Sentinel-2 NDVI
2023-09-17,2023-09-24,38.0,2023,P045,19.655900266732623,77.2407892392464,Hingoli,normal,statewide,0.8942952752113342,1,36,65,80,Maharashtra,Sentinel-2 NDVI
2023-09-17,2023-09-24,38.0,2023,P046,19.566758377573187,77.1442675378435,Hingoli,normal,statewide,0.5503197312355042,1,36,65,80,Maharashtra,Sentinel-2 NDVI
2023-09-17,2023-09-24,38.0,2023,P047,19.47860194974656,76.9526242927685,Hingoli,normal,statewide,0.559512197971344,1,36,65,80,Maharashtra,Sentinel-2 NDVI
2023-09-17,2023-09-24,38.0,2023,P048,19.927981235710728,77.14910120338544,Hingoli,normal,statewide,0.7767919898033142,1,36,65,80,Maharashtra,Sentinel-2 NDVI
2023-09-17,2023-09-24,38.0,2023,P055,19.75743845682064,76.00172991132328,Jalna,normal,statewide,0.6815220713615417,1,36,65,80,Maharashtra,Sentinel-2 NDVI
2023-09-17,2023-09-24,38.0,2023,P087,21.146765031143822,79.47473643960802,Nagpur,normal,statewide,0.645810067653656,1,36,65,80,Maharashtra,Sentinel-2 NDVI
2023-09-17,2023-09-24,38.0,2023,P089,21.165377318940912,78.70615240473293,Nagpur,normal,statewide,0.7341269254684448,1,36,65,80,Maharashtra,Sentinel-2 NDVI
2023-09-17,2023-09-24,38.0,2023,P091,18.566038000956755,77.69963965584807,Nanded,normal,statewide,0.8482236862182617,1,36,65,80,Maharashtra,Sentinel-2 NDVI
2023-09-17,2023-09-24,38.0,2023,P092,19.736596618496833,77.90946265591798,Nanded,normal,statewide,0.8684152960777283,1,36,65,80,Maharashtra,Sentinel-2 NDVI
2023-09-17,2023-09-24,38.0,2023,P095,21.5662594218478,74.37266422796263,Nandurbar,normal,statewide,0.889132022857666,1,36,65,80,Maharashtra,Sentinel-2 NDVI
2023-09-17,2023-09-24,38.0,2023,P097,21.565421110849755,74.17950488852946,Nandurbar,normal,statewide,0.750402569770813,1,36,65,80,Maharashtra,Sentinel-2 NDVI
2023-09-17,2023-09-24,38.0,2023,P103,17.76644983645705,76.46164605307673,Osmanabad,normal,statewide,0.6491435170173645,1,36,65,80,Maharashtra,Sentinel-2 NDVI
2023-09-17,2023-09-24,38.0,2023,P107,19.120950831552832,76.56820519095093,Parbhani,normal,statewide,0.7777777910232544,1,36,65,80,Maharashtra,Sentinel-2 NDVI
2023-09-17,2023-09-24,38.0,2023,P109,19.212081479782103,76.47396209018636,Parbhani,normal,statewide,0.5840151309967041,1,36,65,80,Maharashtra,Sentinel-2 NDVI
2023-09-17,2023-09-24,38.0,2023,P114,18.48503397121986,73.0589238755964,Raigarh,normal,statewide,0.6811743378639221,1,36,65,80,Maharashtra,Sentinel-2 NDVI
2023-09-17,2023-09-24,38.0,2023,P156,20.806749657616468,78.60135461177485,Wardha,normal,statewide,0.7355509996414185,1,36,65,80,Maharashtra,Sentinel-2 NDVI
2023-09-17,2023-09-24,38.0,2023,P158,21.081265295769754,78.41565980750515,Wardha,normal,statewide,0.658260703086853,1,36,65,80,Maharashtra,Sentinel-2 NDVI
2023-09-17,2023-09-24,38.0,2023,P159,20.439854822938944,78.87986114537097,Wardha,normal,statewide,0.6527857780456543,1,36,65,80,Maharashtra,Sentinel-2 NDVI
2023-09-17,2023-09-24,38.0,2023,P160,20.289186257444058,77.15404188735265,Washim,normal,statewide,0.8152173757553101,1,36,65,80,Maharashtra,Sentinel-2 NDVI
2023-09-17,2023-09-24,38.0,2023,P161,20.464607292886615,77.53975858757677,Washim,normal,statewide,0.7434194684028625,1,36,65,80,Maharashtra,Sentinel-2 NDVI
2023-09-17,2023-09-24,38.0,2023,P162,20.107393166596125,77.2471479173486,Washim,normal,statewide,0.8001898527145386,1,36,65,80,Maharashtra,Sentinel-2 NDVI
2023-09-17,2023-09-24,38.0,2023,P164,20.182854533723592,78.20447678161395,Yavatmal,normal,statewide,0.5316399931907654,1,36,65,80,Maharashtra,Sentinel-2 NDVI
2023-09-17,2023-09-24,38.0,2023,P166,19.468787468327925,77.71426550730338,Yavatmal,normal,statewide,0.772243857383728,1,36,65,80,Maharashtra,Sentinel-2 NDVI
2023-09-17,2023-09-24,38.0,2023,P167,19.559057510053886,77.71577268345945,Yavatmal,normal,statewide,0.6322941780090332,1,36,65,80,Maharashtra,Sentinel-2 NDVI
2023-09-24,2023-10-01,39.0,2023,P068,18.101823285787773,76.86595720469373,Latur,high,priority,0.7472118735313416,1,47,65,80,Maharashtra,Sentinel-2 NDVI
2023-09-24,2023-10-01,39.0,2023,P073,17.966315663874607,76.86453029235662,Latur,high,priority,0.6104638576507568,1,47,65,80,Maharashtra,Sentinel-2 NDVI
2023-09-24,2023-10-01,39.0,2023,P122,17.88145897082753,73.8441448165019,Satara,high,priority,0.7156943082809448,1,47,65,80,Maharashtra,Sentinel-2 NDVI
2023-09-24,2023-10-01,39.0,2023,P126,17.205080227535593,74.13053949986157,Satara,high,priority,0.49149787425994873,1,47,65,80,Maharashtra,Sentinel-2 NDVI
2023-09-24,2023-10-01,39.0,2023,P129,18.063234225271252,74.03192648006461,Satara,high,priority,0.1443730592727661,1,47,65,80,Maharashtra,Sentinel-2 NDVI
2023-09-24,2023-10-01,39.0,2023,P132,17.702176353872684,74.12817617630324,Satara,high,priority,0.7088276743888855,1,47,65,80,Maharashtra,Sentinel-2 NDVI
2023-09-24,2023-10-01,39.0,2023,P133,17.25006363896275,74.08329532420031,Satara,high,priority,0.6577357053756714,1,47,65,80,Maharashtra,Sentinel-2 NDVI
2023-09-24,2023-10-01,39.0,2023,P142,18.064447100757786,74.31538707493111,Satara,high,priority,0.5910913348197937,1,47,65,80,Maharashtra,Sentinel-2 NDVI
2023-09-24,2023-10-01,39.0,2023,P005,20.832153156317954,77.06560453615967,Akola,normal,statewide,0.6296036243438721,1,47,65,80,Maharashtra,Sentinel-2 NDVI
2023-09-24,2023-10-01,39.0,2023,P007,21.014976299509232,76.87574047240498,Akola,normal,statewide,0.8682908415794373,1,47,65,80,Maharashtra,Sentinel-2 NDVI
2023-09-24,2023-10-01,39.0,2023,P009,21.360971327549258,77.94039543992572,Amravati,normal,statewide,-0.07918263226747513,1,47,65,80,Maharashtra,Sentinel-2 NDVI
2023-09-24,2023-10-01,39.0,2023,P010,21.178803672212837,78.03301542790685,Amravati,normal,statewide,0.7011259198188782,1,47,65,80,Maharashtra,Sentinel-2 NDVI
2023-09-24,2023-10-01,39.0,2023,P011,20.814388097721018,78.21764450702477,Amravati,normal,statewide,0.5586050748825073,1,47,65,80,Maharashtra,Sentinel-2 NDVI
2023-09-24,2023-10-01,39.0,2023,P012,21.180502589714195,77.93681032267875,Amravati,normal,statewide,0.2508781850337982,1,47,65,80,Maharashtra,Sentinel-2 NDVI
2023-09-24,2023-10-01,39.0,2023,P018,21.31897105472685,79.76852877161537,Bhandara,normal,statewide,0.7622682452201843,1,47,65,80,Maharashtra,Sentinel-2 NDVI
2023-09-24,2023-10-01,39.0,2023,P028,20.47967013624516,76.10222021266374,Buldana,normal,statewide,0.7777777910232544,1,47,65,80,Maharashtra,Sentinel-2 NDVI
2023-09-24,2023-10-01,39.0,2023,P043,21.574548890706154,80.25847249986273,Gondiya,normal,statewide,0.7683982849121094,1,47,65,80,Maharashtra,Sentinel-2 NDVI
2023-09-24,2023-10-01,39.0,2023,P045,19.655900266732623,77.2407892392464,Hingoli,normal,statewide,0.7276995182037354,1,47,65,80,Maharashtra,Sentinel-2 NDVI
2023-09-24,2023-10-01,39.0,2023,P053,19.486369703781666,76.00005328932718,Jalna,normal,statewide,0.016625218093395233,1,47,65,80,Maharashtra,Sentinel-2 NDVI
2023-09-24,2023-10-01,39.0,2023,P055,19.75743845682064,76.00172991132328,Jalna,normal,statewide,0.7421254515647888,1,47,65,80,Maharashtra,Sentinel-2 NDVI
2023-09-24,2023-10-01,39.0,2023,P056,19.57768317515413,75.80993951591351,Jalna,normal,statewide,0.6322067379951477,1,47,65,80,Maharashtra,Sentinel-2 NDVI
2023-09-24,2023-10-01,39.0,2023,P059,16.595891218916975,74.39111598812178,Kolhapur,normal,statewide,0.7153593301773071,1,47,65,80,Maharashtra,Sentinel-2 NDVI
2023-09-24,2023-10-01,39.0,2023,P086,21.054127206758487,79.56798961993874,Nagpur,normal,statewide,0.22571627795696259,1,47,65,80,Maharashtra,Sentinel-2 NDVI
2023-09-24,2023-10-01,39.0,2023,P089,21.165377318940912,78.70615240473293,Nagpur,normal,statewide,0.6301611661911011,1,47,65,80,Maharashtra,Sentinel-2 NDVI
2023-09-24,2023-10-01,39.0,2023,P091,18.566038000956755,77.69963965584807,Nanded,normal,statewide,0.7028301954269409,1,47,65,80,Maharashtra,Sentinel-2 NDVI
2023-09-24,2023-10-01,39.0,2023,P092,19.736596618496833,77.90946265591798,Nanded,normal,statewide,0.7441090941429138,1,47,65,80,Maharashtra,Sentinel-2 NDVI
2023-09-24,2023-10-01,39.0,2023,P094,21.564917232430716,74.08292967791392,Nandurbar,normal,statewide,0.7065313458442688,1,47,65,80,Maharashtra,Sentinel-2 NDVI
2023-09-24,2023-10-01,39.0,2023,P095,21.5662594218478,74.37266422796263,Nandurbar,normal,statewide,0.6456758975982666,1,47,65,80,Maharashtra,Sentinel-2 NDVI
2023-09-24,2023-10-01,39.0,2023,P096,21.385179787168415,74.27697637845674,Nandurbar,normal,statewide,0.48915401101112366,1,47,65,80,Maharashtra,Sentinel-2 NDVI
2023-09-24,2023-10-01,39.0,2023,P099,20.120253214034264,74.28296495117151,Nashik,normal,statewide,0.28933411836624146,1,47,65,80,Maharashtra,Sentinel-2 NDVI
2023-09-24,2023-10-01,39.0,2023,P100,20.389903972938242,73.99424261706194,Nashik,normal,statewide,0.3708677589893341,1,47,65,80,Maharashtra,Sentinel-2 NDVI
2023-09-24,2023-10-01,39.0,2023,P104,17.949094615606196,76.17989775301476,Osmanabad,normal,statewide,0.3852178156375885,1,47,65,80,Maharashtra,Sentinel-2 NDVI
2023-09-24,2023-10-01,39.0,2023,P117,18.21404102289879,73.06194714611064,Raigarh,normal,statewide,0.5582169890403748,1,47,65,80,Maharashtra,Sentinel-2 NDVI
2023-09-24,2023-10-01,39.0,2023,P121,17.048503353144895,74.67157114887826,Sangli,normal,statewide,0.2675911784172058,1,47,65,80,Maharashtra,Sentinel-2 NDVI
2023-09-24,2023-10-01,39.0,2023,P148,17.67852974098626,76.08383979812143,Solapur,normal,statewide,0.590300977230072,1,47,65,80,Maharashtra,Sentinel-2 NDVI
2023-09-24,2023-10-01,39.0,2023,P152,19.658178867370932,72.94986318203122,Thane,normal,statewide,0.5205479264259338,1,47,65,80,Maharashtra,Sentinel-2 NDVI
2023-09-24,2023-10-01,39.0,2023,P156,20.806749657616468,78.60135461177485,Wardha,normal,statewide,0.6380829215049744,1,47,65,80,Maharashtra,Sentinel-2 NDVI
2023-09-24,2023-10-01,39.0,2023,P158,21.081265295769754,78.41565980750515,Wardha,normal,statewide,0.5701081156730652,1,47,65,80,Maharashtra,Sentinel-2 NDVI
2023-09-24,2023-10-01,39.0,2023,P166,19.468787468327925,77.71426550730338,Yavatmal,normal,statewide,0.6302895545959473,1,47,65,80,Maharashtra,Sentinel-2 NDVI
2023-10-01,2023-10-08,40.0,2023,P147,17.927231643141155,73.94769852026607,Satara,case_study,case_study,0.864637017250061,1,69,65,80,Maharashtra,Sentinel-2 NDVI
2023-10-01,2023-10-08,40.0,2023,P061,18.507855650411397,76.91766048140843,Latur,high,priority,0.6334228515625,1,69,65,80,Maharashtra,Sentinel-2 NDVI
2023-10-01,2023-10-08,40.0,2023,P063,18.235391198742693,77.05646783810116,Latur,high,priority,0.6095874905586243,1,69,65,80,Maharashtra,Sentinel-2 NDVI
2023-10-01,2023-10-08,40.0,2023,P064,18.193056493341274,76.77240080549139,Latur,high,priority,0.7617486119270325,1,69,65,80,Maharashtra,Sentinel-2 NDVI
2023-10-01,2023-10-08,40.0,2023,P068,18.101823285787773,76.86595720469373,Latur,high,priority,0.7650303244590759,1,69,65,80,Maharashtra,Sentinel-2 NDVI
2023-10-01,2023-10-08,40.0,2023,P069,18.595075667016793,77.20284228928156,Latur,high,priority,0.877244234085083,1,69,65,80,Maharashtra,Sentinel-2 NDVI
2023-10-01,2023-10-08,40.0,2023,P070,18.41499041187233,77.15322587185987,Latur,high,priority,0.8537492156028748,1,69,65,80,Maharashtra,Sentinel-2 NDVI
2023-10-01,2023-10-08,40.0,2023,P071,18.149138807065885,76.63019561379593,Latur,high,priority,0.7728897333145142,1,69,65,80,Maharashtra,Sentinel-2 NDVI
2023-10-01,2023-10-08,40.0,2023,P073,17.966315663874607,76.86453029235662,Latur,high,priority,0.7692307829856873,1,69,65,80,Maharashtra,Sentinel-2 NDVI
2023-10-01,2023-10-08,40.0,2023,P075,18.41444640154381,77.20053247493588,Latur,high,priority,0.8289380073547363,1,69,65,80,Maharashtra,Sentinel-2 NDVI
2023-10-01,2023-10-08,40.0,2023,P076,18.377877313804504,76.25376722106614,Latur,high,priority,0.40331918001174927,1,69,65,80,Maharashtra,Sentinel-2 NDVI
2023-10-01,2023-10-08,40.0,2023,P077,18.059564385104267,76.5349046242838,Latur,high,priority,0.8329322934150696,1,69,65,80,Maharashtra,Sentinel-2 NDVI
2023-10-01,2023-10-08,40.0,2023,P078,18.1008824154655,76.96042326051098,Latur,high,priority,0.7172136902809143,1,69,65,80,Maharashtra,Sentinel-2 NDVI
2023-10-01,2023-10-08,40.0,2023,P079,18.73508698099394,76.77797468180819,Latur,high,priority,0.8386358022689819,1,69,65,80,Maharashtra,Sentinel-2 NDVI
2023-10-01,2023-10-08,40.0,2023,P081,18.10355787609756,76.67701617485712,Latur,high,priority,0.7301973700523376,1,69,65,80,Maharashtra,Sentinel-2 NDVI
2023-10-01,2023-10-08,40.0,2023,P082,18.23907887531389,76.67830931416262,Latur,high,priority,0.6503122448921204,1,69,65,80,Maharashtra,Sentinel-2 NDVI
2023-10-01,2023-10-08,40.0,2023,P083,18.369289085175563,77.19996171000103,Latur,high,priority,0.7069988250732422,1,69,65,80,Maharashtra,Sentinel-2 NDVI
2023-10-01,2023-10-08,40.0,2023,P084,18.46362582706226,76.82249880582684,Latur,high,priority,0.4275151789188385,1,69,65,80,Maharashtra,Sentinel-2 NDVI
2023-10-01,2023-10-08,40.0,2023,P085,18.14788579966987,76.77194597718393,Latur,high,priority,0.3858978748321533,1,69,65,80,Maharashtra,Sentinel-2 NDVI
2023-10-01,2023-10-08,40.0,2023,P122,17.88145897082753,73.8441448165019,Satara,high,priority,0.6075649857521057,1,69,65,80,Maharashtra,Sentinel-2 NDVI
2023-10-01,2023-10-08,40.0,2023,P123,17.386414030975025,74.27088970551878,Satara,high,priority,0.6182677149772644,1,69,65,80,Maharashtra,Sentinel-2 NDVI
2023-10-01,2023-10-08,40.0,2023,P124,17.43262815429294,74.647353771057,Satara,high,priority,0.17344312369823456,1,69,65,80,Maharashtra,Sentinel-2 NDVI
2023-10-01,2023-10-08,40.0,2023,P125,17.56734651531964,74.31728219287884,Satara,high,priority,0.3360867202281952,1,69,65,80,Maharashtra,Sentinel-2 NDVI
2023-10-01,2023-10-08,40.0,2023,P126,17.205080227535593,74.13053949986157,Satara,high,priority,0.7725901007652283,1,69,65,80,Maharashtra,Sentinel-2 NDVI
2023-10-01,2023-10-08,40.0,2023,P127,17.65773249367299,74.31694330119876,Satara,high,priority,0.5366848111152649,1,69,65,80,Maharashtra,Sentinel-2 NDVI
2023-10-01,2023-10-08,40.0,2023,P128,18.019949731345452,74.5517328080669,Satara,high,priority,0.5844938158988953,1,69,65,80,Maharashtra,Sentinel-2 NDVI
2023-10-01,2023-10-08,40.0,2023,P129,18.063234225271252,74.03192648006461,Satara,high,priority,0.281911164522171,1,69,65,80,Maharashtra,Sentinel-2 NDVI
2023-10-01,2023-10-08,40.0,2023,P130,17.61135784271715,74.03436560834085,Satara,high,priority,0.5886727571487427,1,69,65,80,Maharashtra,Sentinel-2 NDVI
2023-10-01,2023-10-08,40.0,2023,P131,17.612539504496315,74.3171127470388,Satara,high,priority,0.6997032761573792,1,69,65,80,Maharashtra,Sentinel-2 NDVI
2023-10-01,2023-10-08,40.0,2023,P132,17.702176353872684,74.12817617630324,Satara,high,priority,0.4815390408039093,1,69,65,80,Maharashtra,Sentinel-2 NDVI
2023-10-01,2023-10-08,40.0,2023,P133,17.25006363896275,74.08329532420031,Satara,high,priority,0.6725236773490906,1,69,65,80,Maharashtra,Sentinel-2 NDVI
2023-10-01,2023-10-08,40.0,2023,P134,17.476429903940936,74.17634784498362,Satara,high,priority,0.7319004535675049,1,69,65,80,Maharashtra,Sentinel-2 NDVI
2023-10-01,2023-10-08,40.0,2023,P135,17.882716437324603,74.0801070669471,Satara,high,priority,0.820914626121521,1,69,65,80,Maharashtra,Sentinel-2 NDVI
2023-10-01,2023-10-08,40.0,2023,P136,17.928520323345598,74.22149178404871,Satara,high,priority,0.5978537201881409,1,69,65,80,Maharashtra,Sentinel-2 NDVI
2023-10-01,2023-10-08,40.0,2023,P137,17.746687100588183,73.98648378122894,Satara,high,priority,0.41821178793907166,1,69,65,80,Maharashtra,Sentinel-2 NDVI
2023-10-01,2023-10-08,40.0,2023,P138,17.61269557303319,74.36423652697161,Satara,high,priority,0.13850955665111542,1,69,65,80,Maharashtra,Sentinel-2 NDVI
2023-10-01,2023-10-08,40.0,2023,P139,17.656773786946495,74.08126197411994,Satara,high,priority,0.7348015904426575,1,69,65,80,Maharashtra,Sentinel-2 NDVI
2023-10-01,2023-10-08,40.0,2023,P140,17.97464080554139,74.50462240543725,Satara,high,priority,0.7815625667572021,1,69,65,80,Maharashtra,Sentinel-2 NDVI
2023-10-01,2023-10-08,40.0,2023,P141,17.430826677467348,74.08239904488856,Satara,high,priority,0.683962881565094,1,69,65,80,Maharashtra,Sentinel-2 NDVI
2023-10-01,2023-10-08,40.0,2023,P142,18.064447100757786,74.31538707493111,Satara,high,priority,0.7493166327476501,1,69,65,80,Maharashtra,Sentinel-2 NDVI
2023-10-01,2023-10-08,40.0,2023,P143,17.70379500755509,74.6468275971327,Satara,high,priority,0.7882866263389587,1,69,65,80,Maharashtra,Sentinel-2 NDVI
2023-10-01,2023-10-08,40.0,2023,P144,17.929452275465767,74.50474726026674,Satara,high,priority,0.31903719902038574,1,69,65,80,Maharashtra,Sentinel-2 NDVI
2023-10-01,2023-10-08,40.0,2023,P145,17.47773196144854,74.60017202281048,Satara,high,priority,0.6039299964904785,1,69,65,80,Maharashtra,Sentinel-2 NDVI
2023-10-01,2023-10-08,40.0,2023,P001,19.940457800458272,74.57045211428928,Ahmednagar,normal,statewide,0.23348557949066162,1,69,65,80,Maharashtra,Sentinel-2 NDVI
2023-10-01,2023-10-08,40.0,2023,P002,18.946729294293643,74.76302285238339,Ahmednagar,normal,statewide,0.5331393480300903,1,69,65,80,Maharashtra,Sentinel-2 NDVI
2023-10-01,2023-10-08,40.0,2023,P003,18.49469238410162,74.66892244285252,Ahmednagar,normal,statewide,-0.5770114660263062,1,69,65,80,Maharashtra,Sentinel-2 NDVI
2023-10-01,2023-10-08,40.0,2023,P004,19.03720445466806,75.1420731965326,Ahmednagar,normal,statewide,0.12629003822803497,1,69,65,80,Maharashtra,Sentinel-2 NDVI
2023-10-01,2023-10-08,40.0,2023,P005,20.832153156317954,77.06560453615967,Akola,normal,statewide,0.6186625361442566,1,69,65,80,Maharashtra,Sentinel-2 NDVI
2023-10-01,2023-10-08,40.0,2023,P008,20.828434266039377,77.35372489162701,Akola,normal,statewide,0.7750104069709778,1,69,65,80,Maharashtra,Sentinel-2 NDVI
2023-10-01,2023-10-08,40.0,2023,P009,21.360971327549258,77.94039543992572,Amravati,normal,statewide,0.7185760140419006,1,69,65,80,Maharashtra,Sentinel-2 NDVI
2023-10-01,2023-10-08,40.0,2023,P011,20.814388097721018,78.21764450702477,Amravati,normal,statewide,0.4627692401409149,1,69,65,80,Maharashtra,Sentinel-2 NDVI
2023-10-01,2023-10-08,40.0,2023,P012,21.180502589714195,77.93681032267875,Amravati,normal,statewide,0.24030037224292755,1,69,65,80,Maharashtra,Sentinel-2 NDVI
2023-10-01,2023-10-08,40.0,2023,P013,20.031289688916964,74.8570519162974,Aurangabad,normal,statewide,0.766909122467041,1,69,65,80,Maharashtra,Sentinel-2 NDVI
2023-10-01,2023-10-08,40.0,2023,P014,19.760185263069562,75.14270192978114,Aurangabad,normal,statewide,0.5246772170066833,1,69,65,80,Maharashtra,Sentinel-2 NDVI
2023-10-01,2023-10-08,40.0,2023,P015,19.9408189876436,74.76157364454102,Aurangabad,normal,statewide,0.5184402465820312,1,69,65,80,Maharashtra,Sentinel-2 NDVI
2023-10-01,2023-10-08,40.0,2023,P016,19.66981712112043,75.14262166596218,Aurangabad,normal,statewide,0.6341792345046997,1,69,65,80,Maharashtra,Sentinel-2 NDVI
2023-10-01,2023-10-08,40.0,2023,P017,21.04613203856966,79.85576216552393,Bhandara,normal,statewide,0.5172067284584045,1,69,65,80,Maharashtra,Sentinel-2 NDVI
2023-10-01,2023-10-08,40.0,2023,P018,21.31897105472685,79.76852877161537,Bhandara,normal,statewide,0.756594181060791,1,69,65,80,Maharashtra,Sentinel-2 NDVI
2023-10-01,2023-10-08,40.0,2023,P019,21.40900922319803,79.77144948280537,Bhandara,normal,statewide,0.7819218039512634,1,69,65,80,Maharashtra,Sentinel-2 NDVI
2023-10-01,2023-10-08,40.0,2023,P020,21.144196588937042,79.57074980349083,Bhandara,normal,statewide,0.789724588394165,1,69,65,80,Maharashtra,Sentinel-2 NDVI
2023-10-01,2023-10-08,40.0,2023,P021,18.67502288980403,75.52108340877234,Bid,normal,statewide,0.6999465823173523,1,69,65,80,Maharashtra,Sentinel-2 NDVI
2023-10-01,2023-10-08,40.0,2023,P022,18.856499384477168,75.04699178476999,Bid,normal,statewide,0.3484848439693451,1,69,65,80,Maharashtra,Sentinel-2 NDVI
2023-10-01,2023-10-08,40.0,2023,P023,19.126596053486494,75.6175605191647,Bid,normal,statewide,0.5837421417236328,1,69,65,80,Maharashtra,Sentinel-2 NDVI
2023-10-01,2023-10-08,40.0,2023,P024,18.763955201213946,75.90084720909012,Bid,normal,statewide,0.826493501663208,1,69,65,80,Maharashtra,Sentinel-2 NDVI
2023-10-01,2023-10-08,40.0,2023,P025,20.93073496240753,76.20164478885242,Buldana,normal,statewide,0.5588602423667908,1,69,65,80,Maharashtra,Sentinel-2 NDVI
2023-10-01,2023-10-08,40.0,2023,P026,20.838939908121294,76.39311412898633,Buldana,normal,statewide,0.5674553513526917,1,69,65,80,Maharashtra,Sentinel-2 NDVI
2023-10-01,2023-10-08,40.0,2023,P027,20.657476790751314,76.48742857536776,Buldana,normal,statewide,0.7519170045852661,1,69,65,80,Maharashtra,Sentinel-2 NDVI
2023-10-01,2023-10-08,40.0,2023,P028,20.47967013624516,76.10222021266374,Buldana,normal,statewide,0.8009145855903625,1,69,65,80,Maharashtra,Sentinel-2 NDVI
2023-10-01,2023-10-08,40.0,2023,P029,20.32317798477448,79.92829390325927,Chandrapur,normal,statewide,0.37649276852607727,1,69,65,80,Maharashtra,Sentinel-2 NDVI
2023-10-01,2023-10-08,40.0,2023,P030,20.60872097983294,79.36304041732026,Chandrapur,normal,statewide,0.7765486836433411,1,69,65,80,Maharashtra,Sentinel-2 NDVI
2023-10-01,2023-10-08,40.0,2023,P031,20.511160307884595,79.64732594588165,Chandrapur,normal,statewide,0.8096256852149963,1,69,65,80,Maharashtra,Sentinel-2 NDVI
2023-10-01,2023-10-08,40.0,2023,P032,20.598621115946884,79.74569817422172,Chandrapur,normal,statewide,0.7879999876022339,1,69,65,80,Maharashtra,Sentinel-2 NDVI
2023-10-01,2023-10-08,40.0,2023,P033,21.38667804512237,75.14422248324037,Dhule,normal,statewide,0.6377682685852051,1,69,65,80,Maharashtra,Sentinel-2 NDVI
2023-10-01,2023-10-08,40.0,2023,P034,21.025151968113196,74.75989256344387,Dhule,normal,statewide,0.5929751992225647,1,69,65,80,Maharashtra,Sentinel-2 NDVI
2023-10-01,2023-10-08,40.0,2023,P035,21.477028350667293,74.85568743137505,Dhule,normal,statewide,0.6232943534851074,1,69,65,80,Maharashtra,Sentinel-2 NDVI
2023-10-01,2023-10-08,40.0,2023,P036,20.933820660336515,74.37533522949364,Dhule,normal,statewide,0.6640187501907349,1,69,65,80,Maharashtra,Sentinel-2 NDVI
2023-10-01,2023-10-08,40.0,2023,P037,19.963056524597132,79.91698116388667,Garhchiroli,normal,statewide,0.662730872631073,1,69,65,80,Maharashtra,Sentinel-2 NDVI
2023-10-01,2023-10-08,40.0,2023,P038,19.062661462582188,79.88977172925856,Garhchiroli,normal,statewide,0.7828595638275146,1,69,65,80,Maharashtra,Sentinel-2 NDVI
2023-10-01,2023-10-08,40.0,2023,P039,19.510270485428137,79.9981368030594,Garhchiroli,normal,statewide,0.7756072878837585,1,69,65,80,Maharashtra,Sentinel-2 NDVI
2023-10-01,2023-10-08,40.0,2023,P040,19.870365190999156,80.00935144220881,Garhchiroli,normal,statewide,0.7283400893211365,1,69,65,80,Maharashtra,Sentinel-2 NDVI
2023-10-01,2023-10-08,40.0,2023,P041,21.127639946725598,80.1465044724107,Gondiya,normal,statewide,0.7802944779396057,1,69,65,80,Maharashtra,Sentinel-2 NDVI
2023-10-01,2023-10-08,40.0,2023,P043,21.574548890706154,80.25847249986273,Gondiya,normal,statewide,0.781267523765564,1,69,65,80,Maharashtra,Sentinel-2 NDVI
2023-10-01,2023-10-08,40.0,2023,P047,19.47860194974656,76.9526242927685,Hingoli,normal,statewide,0.5644408464431763,1,69,65,80,Maharashtra,Sentinel-2 NDVI
2023-10-01,2023-10-08,40.0,2023,P048,19.927981235710728,77.14910120338544,Hingoli,normal,statewide,0.5287958383560181,1,69,65,80,Maharashtra,Sentinel-2 NDVI
2023-10-01,2023-10-08,40.0,2023,P049,21.292738163229433,76.10816865346904,Jalgaon,normal,statewide,0.7290124893188477,1,69,65,80,Maharashtra,Sentinel-2 NDVI
2023-10-01,2023-10-08,40.0,2023,P050,21.386178625804387,75.43363151891216,Jalgaon,normal,statewide,0.03219299390912056,1,69,65,80,Maharashtra,Sentinel-2 NDVI
2023-10-01,2023-10-08,40.0,2023,P051,21.112064306745907,76.10682200495089,Jalgaon,normal,statewide,0.7689516544342041,1,69,65,80,Maharashtra,Sentinel-2 NDVI
2023-10-01,2023-10-08,40.0,2023,P052,20.844437979720194,75.23982115072519,Jalgaon,normal,statewide,0.705316424369812,1,69,65,80,Maharashtra,Sentinel-2 NDVI
2023-10-01,2023-10-08,40.0,2023,P053,19.486369703781666,76.00005328932718,Jalna,normal,statewide,0.09812108427286148,1,69,65,80,Maharashtra,Sentinel-2 NDVI
2023-10-01,2023-10-08,40.0,2023,P054,20.028502750758555,76.00343774702675,Jalna,normal,statewide,0.6102072596549988,1,69,65,80,Maharashtra,Sentinel-2 NDVI
2023-10-01,2023-10-08,40.0,2023,P055,19.75743845682064,76.00172991132328,Jalna,normal,statewide,0.7988775372505188,1,69,65,80,Maharashtra,Sentinel-2 NDVI
2023-10-01,2023-10-08,40.0,2023,P056,19.57768317515413,75.80993951591351,Jalna,normal,statewide,0.6977741122245789,1,69,65,80,Maharashtra,Sentinel-2 NDVI
2023-10-01,2023-10-08,40.0,2023,P057,16.776377793156257,74.29671235971928,Kolhapur,normal,statewide,0.4882102906703949,1,69,65,80,Maharashtra,Sentinel-2 NDVI
2023-10-01,2023-10-08,40.0,2023,P058,16.324416687682138,74.29834884980589,Kolhapur,normal,statewide,0.7864601016044617,1,69,65,80,Maharashtra,Sentinel-2 NDVI
2023-10-01,2023-10-08,40.0,2023,P059,16.595891218916975,74.39111598812178,Kolhapur,normal,statewide,0.7939646244049072,1,69,65,80,Maharashtra,Sentinel-2 NDVI
2023-10-01,2023-10-08,40.0,2023,P060,16.414811584237594,74.29802779453004,Kolhapur,normal,statewide,0.30815389752388,1,69,65,80,Maharashtra,Sentinel-2 NDVI
2023-10-01,2023-10-08,40.0,2023,P086,21.054127206758487,79.56798961993874,Nagpur,normal,statewide,0.4710252583026886,1,69,65,80,Maharashtra,Sentinel-2 NDVI
2023-10-01,2023-10-08,40.0,2023,P087,21.146765031143822,79.47473643960802,Nagpur,normal,statewide,0.5996736288070679,1,69,65,80,Maharashtra,Sentinel-2 NDVI
2023-10-01,2023-10-08,40.0,2023,P088,21.347803602138427,78.61442869606356,Nagpur,normal,statewide,0.7922539710998535,1,69,65,80,Maharashtra,Sentinel-2 NDVI
2023-10-01,2023-10-08,40.0,2023,P089,21.165377318940912,78.70615240473293,Nagpur,normal,statewide,0.7750696539878845,1,69,65,80,Maharashtra,Sentinel-2 NDVI
2023-10-01,2023-10-08,40.0,2023,P090,19.201968238592887,77.42470040309472,Nanded,normal,statewide,0.5483648777008057,1,69,65,80,Maharashtra,Sentinel-2 NDVI
2023-10-01,2023-10-08,40.0,2023,P091,18.566038000956755,77.69963965584807,Nanded,normal,statewide,0.6308528184890747,1,69,65,80,Maharashtra,Sentinel-2 NDVI
2023-10-01,2023-10-08,40.0,2023,P092,19.736596618496833,77.90946265591798,Nanded,normal,statewide,0.8636630773544312,1,69,65,80,Maharashtra,Sentinel-2 NDVI
2023-10-01,2023-10-08,40.0,2023,P093,18.93564842817583,77.04115528508362,Nanded,normal,statewide,0.8266768455505371,1,69,65,80,Maharashtra,Sentinel-2 NDVI
2023-10-01,2023-10-08,40.0,2023,P094,21.564917232430716,74.08292967791392,Nandurbar,normal,statewide,0.5921493172645569,1,69,65,80,Maharashtra,Sentinel-2 NDVI
2023-10-01,2023-10-08,40.0,2023,P095,21.5662594218478,74.37266422796263,Nandurbar,normal,statewide,0.6684917211532593,1,69,65,80,Maharashtra,Sentinel-2 NDVI
2023-10-01,2023-10-08,40.0,2023,P096,21.385179787168415,74.27697637845674,Nandurbar,normal,statewide,0.45509541034698486,1,69,65,80,Maharashtra,Sentinel-2 NDVI
2023-10-01,2023-10-08,40.0,2023,P097,21.565421110849755,74.17950488852946,Nandurbar,normal,statewide,0.7521089315414429,1,69,65,80,Maharashtra,Sentinel-2 NDVI
2023-10-01,2023-10-08,40.0,2023,P098,20.299553667393326,73.99482675929994,Nashik,normal,statewide,0.6245125532150269,1,69,65,80,Maharashtra,Sentinel-2 NDVI
2023-10-01,2023-10-08,40.0,2023,P099,20.120253214034264,74.28296495117151,Nashik,normal,statewide,0.39029210805892944,1,69,65,80,Maharashtra,Sentinel-2 NDVI
2023-10-01,2023-10-08,40.0,2023,P100,20.389903972938242,73.99424261706194,Nashik,normal,statewide,0.34404677152633667,1,69,65,80,Maharashtra,Sentinel-2 NDVI
2023-10-01,2023-10-08,40.0,2023,P101,20.029015547379707,74.09216447619562,Nashik,normal,statewide,0.7842704653739929,1,69,65,80,Maharashtra,Sentinel-2 NDVI
2023-10-01,2023-10-08,40.0,2023,P102,17.85749130266526,76.36802722645965,Osmanabad,normal,statewide,0.3722287118434906,1,69,65,80,Maharashtra,Sentinel-2 NDVI
2023-10-01,2023-10-08,40.0,2023,P103,17.76644983645705,76.46164605307673,Osmanabad,normal,statewide,0.8929402828216553,1,69,65,80,Maharashtra,Sentinel-2 NDVI
2023-10-01,2023-10-08,40.0,2023,P105,18.584360447185368,75.61558067829696,Osmanabad,normal,statewide,0.6128339171409607,1,69,65,80,Maharashtra,Sentinel-2 NDVI
2023-10-01,2023-10-08,40.0,2023,P106,19.031389786894366,76.47235681380711,Parbhani,normal,statewide,0.47203579545021057,1,69,65,80,Maharashtra,Sentinel-2 NDVI
2023-10-01,2023-10-08,40.0,2023,P107,19.120950831552832,76.56820519095093,Parbhani,normal,statewide,0.7582644820213318,1,69,65,80,Maharashtra,Sentinel-2 NDVI
2023-10-01,2023-10-08,40.0,2023,P108,19.208625676465683,76.85432786914635,Parbhani,normal,statewide,0.6351256370544434,1,69,65,80,Maharashtra,Sentinel-2 NDVI
2023-10-01,2023-10-08,40.0,2023,P109,19.212081479782103,76.47396209018636,Parbhani,normal,statewide,0.5443946123123169,1,69,65,80,Maharashtra,Sentinel-2 NDVI
2023-10-01,2023-10-08,40.0,2023,P110,18.133442771357757,75.04679558432363,Pune,normal,statewide,0.7506034970283508,1,69,65,80,Maharashtra,Sentinel-2 NDVI
2023-10-01,2023-10-08,40.0,2023,P111,18.584645829652782,74.47919215212944,Pune,normal,statewide,0.6491442322731018,1,69,65,80,Maharashtra,Sentinel-2 NDVI
2023-10-01,2023-10-08,40.0,2023,P112,18.132979024848197,74.57507620208169,Pune,normal,statewide,0.38678768277168274,1,69,65,80,Maharashtra,Sentinel-2 NDVI
2023-10-01,2023-10-08,40.0,2023,P113,18.314072036830744,74.76389683618987,Pune,normal,statewide,0.7236475944519043,1,69,65,80,Maharashtra,Sentinel-2 NDVI
2023-10-01,2023-10-08,40.0,2023,P114,18.48503397121986,73.0589238755964,Raigarh,normal,statewide,0.5522058606147766,1,69,65,80,Maharashtra,Sentinel-2 NDVI
2023-10-01,2023-10-08,40.0,2023,P115,18.665689991299164,73.05687714821288,Raigarh,normal,statewide,0.48016899824142456,1,69,65,80,Maharashtra,Sentinel-2 NDVI
2023-10-01,2023-10-08,40.0,2023,P116,18.306197264370358,73.25009891506079,Raigarh,normal,statewide,0.7241557240486145,1,69,65,80,Maharashtra,Sentinel-2 NDVI
2023-10-01,2023-10-08,40.0,2023,P117,18.21404102289879,73.06194714611064,Raigarh,normal,statewide,0.5144692659378052,1,69,65,80,Maharashtra,Sentinel-2 NDVI
2023-10-01,2023-10-08,40.0,2023,P118,17.138719885658215,75.42259970290594,Sangli,normal,statewide,0.4623647928237915,1,69,65,80,Maharashtra,Sentinel-2 NDVI
2023-10-01,2023-10-08,40.0,2023,P119,17.048761981005992,74.95348443567921,Sangli,normal,statewide,0.4995187819004059,1,69,65,80,Maharashtra,Sentinel-2 NDVI
2023-10-01,2023-10-08,40.0,2023,P120,16.86707144948229,74.39025538161847,Sangli,normal,statewide,0.7391048073768616,1,69,65,80,Maharashtra,Sentinel-2 NDVI
2023-10-01,2023-10-08,40.0,2023,P121,17.048503353144895,74.67157114887826,Sangli,normal,statewide,0.502622663974762,1,69,65,80,Maharashtra,Sentinel-2 NDVI
2023-10-01,2023-10-08,40.0,2023,P148,17.67852974098626,76.08383979812143,Solapur,normal,statewide,0.5989288687705994,1,69,65,80,Maharashtra,Sentinel-2 NDVI
2023-10-01,2023-10-08,40.0,2023,P149,18.223365003201543,75.4251413905064,Solapur,normal,statewide,0.7464607357978821,1,69,65,80,Maharashtra,Sentinel-2 NDVI
2023-10-01,2023-10-08,40.0,2023,P150,17.952532582518405,75.23562067753285,Solapur,normal,statewide,0.6402234435081482,1,69,65,80,Maharashtra,Sentinel-2 NDVI
2023-10-01,2023-10-08,40.0,2023,P151,18.223690517578447,75.23598186471818,Solapur,normal,statewide,0.422041654586792,1,69,65,80,Maharashtra,Sentinel-2 NDVI
2023-10-01,2023-10-08,40.0,2023,P152,19.658178867370932,72.94986318203122,Thane,normal,statewide,0.6832060813903809,1,69,65,80,Maharashtra,Sentinel-2 NDVI
2023-10-01,2023-10-08,40.0,2023,P155,19.83987385799569,73.0429959666335,Thane,normal,statewide,0.7093006372451782,1,69,65,80,Maharashtra,Sentinel-2 NDVI
2023-10-01,2023-10-08,40.0,2023,P156,20.806749657616468,78.60135461177485,Wardha,normal,statewide,0.6147637367248535,1,69,65,80,Maharashtra,Sentinel-2 NDVI
2023-10-01,2023-10-08,40.0,2023,P157,20.71031267913359,78.88671032458906,Wardha,normal,statewide,0.7495648264884949,1,69,65,80,Maharashtra,Sentinel-2 NDVI
2023-10-01,2023-10-08,40.0,2023,P159,20.439854822938944,78.87986114537097,Wardha,normal,statewide,0.5672683715820312,1,69,65,80,Maharashtra,Sentinel-2 NDVI
2023-10-01,2023-10-08,40.0,2023,P160,20.289186257444058,77.15404188735265,Washim,normal,statewide,0.49448683857917786,1,69,65,80,Maharashtra,Sentinel-2 NDVI
2023-10-01,2023-10-08,40.0,2023,P161,20.464607292886615,77.53975858757677,Washim,normal,statewide,0.7095435857772827,1,69,65,80,Maharashtra,Sentinel-2 NDVI
2023-10-01,2023-10-08,40.0,2023,P162,20.107393166596125,77.2471479173486,Washim,normal,statewide,0.5822900533676147,1,69,65,80,Maharashtra,Sentinel-2 NDVI
2023-10-01,2023-10-08,40.0,2023,P163,20.198885002010726,77.1527933390577,Washim,normal,statewide,0.6290322542190552,1,69,65,80,Maharashtra,Sentinel-2 NDVI
2023-10-01,2023-10-08,40.0,2023,P165,19.894658373538324,79.05709703494229,Yavatmal,normal,statewide,0.7769433259963989,1,69,65,80,Maharashtra,Sentinel-2 NDVI
2023-10-08,2023-10-15,41.0,2023,P061,18.507855650411397,76.91766048140843,Latur,high,priority,0.6054709553718567,1,82,65,80,Maharashtra,Sentinel-2 NDVI
2023-10-08,2023-10-15,41.0,2023,P062,18.422405896924207,76.3487594508077,Latur,high,priority,0.5647187232971191,1,82,65,80,Maharashtra,Sentinel-2 NDVI
2023-10-08,2023-10-15,41.0,2023,P063,18.235391198742693,77.05646783810116,Latur,high,priority,0.5364634394645691,1,82,65,80,Maharashtra,Sentinel-2 NDVI
2023-10-08,2023-10-15,41.0,2023,P064,18.193056493341274,76.77240080549139,Latur,high,priority,0.6623376607894897,1,82,65,80,Maharashtra,Sentinel-2 NDVI
2023-10-08,2023-10-15,41.0,2023,P065,18.331355512513895,76.44266811899327,Latur,high,priority,0.37867987155914307,1,82,65,80,Maharashtra,Sentinel-2 NDVI
2023-10-08,2023-10-15,41.0,2023,P066,18.104739537876725,76.5352970251765,Latur,high,priority,0.40264108777046204,1,82,65,80,Maharashtra,Sentinel-2 NDVI
2023-10-08,2023-10-15,41.0,2023,P067,18.280552974211986,77.0569984711265,Latur,high,priority,0.26087599992752075,1,82,65,80,Maharashtra,Sentinel-2 NDVI
2023-10-08,2023-10-15,41.0,2023,P068,18.101823285787773,76.86595720469373,Latur,high,priority,0.7179527878761292,1,82,65,80,Maharashtra,Sentinel-2 NDVI
2023-10-08,2023-10-15,41.0,2023,P069,18.595075667016793,77.20284228928156,Latur,high,priority,0.8770753145217896,1,82,65,80,Maharashtra,Sentinel-2 NDVI
2023-10-08,2023-10-15,41.0,2023,P070,18.41499041187233,77.15322587185987,Latur,high,priority,0.8336158394813538,1,82,65,80,Maharashtra,Sentinel-2 NDVI
2023-10-08,2023-10-15,41.0,2023,P071,18.149138807065885,76.63019561379593,Latur,high,priority,0.7815540432929993,1,82,65,80,Maharashtra,Sentinel-2 NDVI
2023-10-08,2023-10-15,41.0,2023,P072,18.283393421583035,76.77331492120734,Latur,high,priority,0.7953793406486511,1,82,65,80,Maharashtra,Sentinel-2 NDVI
2023-10-08,2023-10-15,41.0,2023,P073,17.966315663874607,76.86453029235662,Latur,high,priority,0.6427305340766907,1,82,65,80,Maharashtra,Sentinel-2 NDVI
2023-10-08,2023-10-15,41.0,2023,P074,18.50832831512306,76.870318205524,Latur,high,priority,0.5792237520217896,1,82,65,80,Maharashtra,Sentinel-2 NDVI
2023-10-08,2023-10-15,41.0,2023,P075,18.41444640154381,77.20053247493588,Latur,high,priority,0.794376015663147,1,82,65,80,Maharashtra,Sentinel-2 NDVI
2023-10-08,2023-10-15,41.0,2023,P076,18.377877313804504,76.25376722106614,Latur,high,priority,0.33561256527900696,1,82,65,80,Maharashtra,Sentinel-2 NDVI
2023-10-08,2023-10-15,41.0,2023,P077,18.059564385104267,76.5349046242838,Latur,high,priority,0.8716133236885071,1,82,65,80,Maharashtra,Sentinel-2 NDVI
2023-10-08,2023-10-15,41.0,2023,P078,18.1008824154655,76.96042326051098,Latur,high,priority,0.6608724594116211,1,82,65,80,Maharashtra,Sentinel-2 NDVI
2023-10-08,2023-10-15,41.0,2023,P079,18.73508698099394,76.77797468180819,Latur,high,priority,0.8326176404953003,1,82,65,80,Maharashtra,Sentinel-2 NDVI
2023-10-08,2023-10-15,41.0,2023,P080,18.46791548227568,76.3017694439065,Latur,high,priority,0.697483241558075,1,82,65,80,Maharashtra,Sentinel-2 NDVI
2023-10-08,2023-10-15,41.0,2023,P081,18.10355787609756,76.67701617485712,Latur,high,priority,0.5509666204452515,1,82,65,80,Maharashtra,Sentinel-2 NDVI
2023-10-08,2023-10-15,41.0,2023,P082,18.23907887531389,76.67830931416262,Latur,high,priority,0.6478452682495117,1,82,65,80,Maharashtra,Sentinel-2 NDVI
2023-10-08,2023-10-15,41.0,2023,P083,18.369289085175563,77.19996171000103,Latur,high,priority,0.6139851808547974,1,82,65,80,Maharashtra,Sentinel-2 NDVI
2023-10-08,2023-10-15,41.0,2023,P084,18.46362582706226,76.82249880582684,Latur,high,priority,0.20468556880950928,1,82,65,80,Maharashtra,Sentinel-2 NDVI
2023-10-08,2023-10-15,41.0,2023,P085,18.14788579966987,76.77194597718393,Latur,high,priority,0.25423991680145264,1,82,65,80,Maharashtra,Sentinel-2 NDVI
2023-10-08,2023-10-15,41.0,2023,P123,17.386414030975025,74.27088970551878,Satara,high,priority,0.5424803495407104,1,82,65,80,Maharashtra,Sentinel-2 NDVI
2023-10-08,2023-10-15,41.0,2023,P124,17.43262815429294,74.647353771057,Satara,high,priority,0.2073608636856079,1,82,65,80,Maharashtra,Sentinel-2 NDVI
2023-10-08,2023-10-15,41.0,2023,P126,17.205080227535593,74.13053949986157,Satara,high,priority,0.7506197094917297,1,82,65,80,Maharashtra,Sentinel-2 NDVI
2023-10-08,2023-10-15,41.0,2023,P127,17.65773249367299,74.31694330119876,Satara,high,priority,0.4412829875946045,1,82,65,80,Maharashtra,Sentinel-2 NDVI
2023-10-08,2023-10-15,41.0,2023,P128,18.019949731345452,74.5517328080669,Satara,high,priority,0.49633586406707764,1,82,65,80,Maharashtra,Sentinel-2 NDVI
2023-10-08,2023-10-15,41.0,2023,P129,18.063234225271252,74.03192648006461,Satara,high,priority,0.3173835873603821,1,82,65,80,Maharashtra,Sentinel-2 NDVI
2023-10-08,2023-10-15,41.0,2023,P130,17.61135784271715,74.03436560834085,Satara,high,priority,0.46688470244407654,1,82,65,80,Maharashtra,Sentinel-2 NDVI
2023-10-08,2023-10-15,41.0,2023,P132,17.702176353872684,74.12817617630324,Satara,high,priority,0.3558139503002167,1,82,65,80,Maharashtra,Sentinel-2 NDVI
2023-10-08,2023-10-15,41.0,2023,P133,17.25006363896275,74.08329532420031,Satara,high,priority,0.6283497214317322,1,82,65,80,Maharashtra,Sentinel-2 NDVI
2023-10-08,2023-10-15,41.0,2023,P134,17.476429903940936,74.17634784498362,Satara,high,priority,0.6969362497329712,1,82,65,80,Maharashtra,Sentinel-2 NDVI
2023-10-08,2023-10-15,41.0,2023,P135,17.882716437324603,74.0801070669471,Satara,high,priority,0.7868345975875854,1,82,65,80,Maharashtra,Sentinel-2 NDVI
2023-10-08,2023-10-15,41.0,2023,P136,17.928520323345598,74.22149178404871,Satara,high,priority,0.5722748637199402,1,82,65,80,Maharashtra,Sentinel-2 NDVI
2023-10-08,2023-10-15,41.0,2023,P137,17.746687100588183,73.98648378122894,Satara,high,priority,0.373913049697876,1,82,65,80,Maharashtra,Sentinel-2 NDVI
2023-10-08,2023-10-15,41.0,2023,P138,17.61269557303319,74.36423652697161,Satara,high,priority,0.20965887606143951,1,82,65,80,Maharashtra,Sentinel-2 NDVI
2023-10-08,2023-10-15,41.0,2023,P139,17.656773786946495,74.08126197411994,Satara,high,priority,0.7649683952331543,1,82,65,80,Maharashtra,Sentinel-2 NDVI
2023-10-08,2023-10-15,41.0,2023,P140,17.97464080554139,74.50462240543725,Satara,high,priority,0.7927711009979248,1,82,65,80,Maharashtra,Sentinel-2 NDVI
2023-10-08,2023-10-15,41.0,2023,P141,17.430826677467348,74.08239904488856,Satara,high,priority,0.6907235383987427,1,82,65,80,Maharashtra,Sentinel-2 NDVI
2023-10-08,2023-10-15,41.0,2023,P142,18.064447100757786,74.31538707493111,Satara,high,priority,0.7432195544242859,1,82,65,80,Maharashtra,Sentinel-2 NDVI
2023-10-08,2023-10-15,41.0,2023,P143,17.70379500755509,74.6468275971327,Satara,high,priority,0.7949954867362976,1,82,65,80,Maharashtra,Sentinel-2 NDVI
2023-10-08,2023-10-15,41.0,2023,P144,17.929452275465767,74.50474726026674,Satara,high,priority,0.43915343284606934,1,82,65,80,Maharashtra,Sentinel-2 NDVI
2023-10-08,2023-10-15,41.0,2023,P145,17.47773196144854,74.60017202281048,Satara,high,priority,0.5088265538215637,1,82,65,80,Maharashtra,Sentinel-2 NDVI
2023-10-08,2023-10-15,41.0,2023,P146,17.839182233739812,74.55218763637436,Satara,high,priority,0.4908220171928406,1,82,65,80,Maharashtra,Sentinel-2 NDVI
2023-10-08,2023-10-15,41.0,2023,P001,19.940457800458272,74.57045211428928,Ahmednagar,normal,statewide,0.19923615455627441,1,82,65,80,Maharashtra,Sentinel-2 NDVI
2023-10-08,2023-10-15,41.0,2023,P003,18.49469238410162,74.66892244285252,Ahmednagar,normal,statewide,-1.0,1,82,65,80,Maharashtra,Sentinel-2 NDVI
2023-10-08,2023-10-15,41.0,2023,P004,19.03720445466806,75.1420731965326,Ahmednagar,normal,statewide,0.20235756039619446,1,82,65,80,Maharashtra,Sentinel-2 NDVI
2023-10-08,2023-10-15,41.0,2023,P005,20.832153156317954,77.06560453615967,Akola,normal,statewide,0.717534065246582,1,82,65,80,Maharashtra,Sentinel-2 NDVI
2023-10-08,2023-10-15,41.0,2023,P006,20.834360411339407,76.87349308547405,Akola,normal,statewide,0.6639444828033447,1,82,65,80,Maharashtra,Sentinel-2 NDVI
2023-10-08,2023-10-15,41.0,2023,P007,21.014976299509232,76.87574047240498,Akola,normal,statewide,0.6645098328590393,1,82,65,80,Maharashtra,Sentinel-2 NDVI
2023-10-08,2023-10-15,41.0,2023,P008,20.828434266039377,77.35372489162701,Akola,normal,statewide,0.7911158204078674,1,82,65,80,Maharashtra,Sentinel-2 NDVI
2023-10-08,2023-10-15,41.0,2023,P009,21.360971327549258,77.94039543992572,Amravati,normal,statewide,0.6087822318077087,1,82,65,80,Maharashtra,Sentinel-2 NDVI
2023-10-08,2023-10-15,41.0,2023,P010,21.178803672212837,78.03301542790685,Amravati,normal,statewide,0.6792460083961487,1,82,65,80,Maharashtra,Sentinel-2 NDVI
2023-10-08,2023-10-15,41.0,2023,P011,20.814388097721018,78.21764450702477,Amravati,normal,statewide,0.45406028628349304,1,82,65,80,Maharashtra,Sentinel-2 NDVI
2023-10-08,2023-10-15,41.0,2023,P012,21.180502589714195,77.93681032267875,Amravati,normal,statewide,0.26276883482933044,1,82,65,80,Maharashtra,Sentinel-2 NDVI
2023-10-08,2023-10-15,41.0,2023,P013,20.031289688916964,74.8570519162974,Aurangabad,normal,statewide,0.679508626461029,1,82,65,80,Maharashtra,Sentinel-2 NDVI
2023-10-08,2023-10-15,41.0,2023,P014,19.760185263069562,75.14270192978114,Aurangabad,normal,statewide,0.43437862396240234,1,82,65,80,Maharashtra,Sentinel-2 NDVI
2023-10-08,2023-10-15,41.0,2023,P015,19.9408189876436,74.76157364454102,Aurangabad,normal,statewide,0.5811448097229004,1,82,65,80,Maharashtra,Sentinel-2 NDVI
2023-10-08,2023-10-15,41.0,2023,P016,19.66981712112043,75.14262166596218,Aurangabad,normal,statewide,0.5647090077400208,1,82,65,80,Maharashtra,Sentinel-2 NDVI
2023-10-08,2023-10-15,41.0,2023,P017,21.04613203856966,79.85576216552393,Bhandara,normal,statewide,0.4652903079986572,1,82,65,80,Maharashtra,Sentinel-2 NDVI
2023-10-08,2023-10-15,41.0,2023,P018,21.31897105472685,79.76852877161537,Bhandara,normal,statewide,0.7163838744163513,1,82,65,80,Maharashtra,Sentinel-2 NDVI
2023-10-08,2023-10-15,41.0,2023,P019,21.40900922319803,79.77144948280537,Bhandara,normal,statewide,0.7818078994750977,1,82,65,80,Maharashtra,Sentinel-2 NDVI
2023-10-08,2023-10-15,41.0,2023,P020,21.144196588937042,79.57074980349083,Bhandara,normal,statewide,0.8277091979980469,1,82,65,80,Maharashtra,Sentinel-2 NDVI
2023-10-08,2023-10-15,41.0,2023,P021,18.67502288980403,75.52108340877234,Bid,normal,statewide,0.35362952947616577,1,82,65,80,Maharashtra,Sentinel-2 NDVI
2023-10-08,2023-10-15,41.0,2023,P022,18.856499384477168,75.04699178476999,Bid,normal,statewide,0.37856680154800415,1,82,65,80,Maharashtra,Sentinel-2 NDVI
2023-10-08,2023-10-15,41.0,2023,P023,19.126596053486494,75.6175605191647,Bid,normal,statewide,0.5810439586639404,1,82,65,80,Maharashtra,Sentinel-2 NDVI
2023-10-08,2023-10-15,41.0,2023,P024,18.763955201213946,75.90084720909012,Bid,normal,statewide,0.8261293172836304,1,82,65,80,Maharashtra,Sentinel-2 NDVI
2023-10-08,2023-10-15,41.0,2023,P025,20.93073496240753,76.20164478885242,Buldana,normal,statewide,0.5936095714569092,1,82,65,80,Maharashtra,Sentinel-2 NDVI
2023-10-08,2023-10-15,41.0,2023,P026,20.838939908121294,76.39311412898633,Buldana,normal,statewide,0.4335471987724304,1,82,65,80,Maharashtra,Sentinel-2 NDVI
2023-10-08,2023-10-15,41.0,2023,P027,20.657476790751314,76.48742857536776,Buldana,normal,statewide,0.6277329921722412,1,82,65,80,Maharashtra,Sentinel-2 NDVI
2023-10-08,2023-10-15,41.0,2023,P028,20.47967013624516,76.10222021266374,Buldana,normal,statewide,0.6680722236633301,1,82,65,80,Maharashtra,Sentinel-2 NDVI
2023-10-08,2023-10-15,41.0,2023,P029,20.32317798477448,79.92829390325927,Chandrapur,normal,statewide,0.38265448808670044,1,82,65,80,Maharashtra,Sentinel-2 NDVI
2023-10-08,2023-10-15,41.0,2023,P030,20.60872097983294,79.36304041732026,Chandrapur,normal,statewide,0.7857339382171631,1,82,65,80,Maharashtra,Sentinel-2 NDVI
2023-10-08,2023-10-15,41.0,2023,P031,20.511160307884595,79.64732594588165,Chandrapur,normal,statewide,0.814029335975647,1,82,65,80,Maharashtra,Sentinel-2 NDVI
2023-10-08,2023-10-15,41.0,2023,P032,20.598621115946884,79.74569817422172,Chandrapur,normal,statewide,0.7714586853981018,1,82,65,80,Maharashtra,Sentinel-2 NDVI
2023-10-08,2023-10-15,41.0,2023,P033,21.38667804512237,75.14422248324037,Dhule,normal,statewide,0.6332326531410217,1,82,65,80,Maharashtra,Sentinel-2 NDVI
2023-10-08,2023-10-15,41.0,2023,P034,21.025151968113196,74.75989256344387,Dhule,normal,statewide,0.5543447136878967,1,82,65,80,Maharashtra,Sentinel-2 NDVI
2023-10-08,2023-10-15,41.0,2023,P035,21.477028350667293,74.85568743137505,Dhule,normal,statewide,0.5479204058647156,1,82,65,80,Maharashtra,Sentinel-2 NDVI
2023-10-08,2023-10-15,41.0,2023,P036,20.933820660336515,74.37533522949364,Dhule,normal,statewide,0.6215119361877441,1,82,65,80,Maharashtra,Sentinel-2 NDVI
2023-10-08,2023-10-15,41.0,2023,P037,19.963056524597132,79.91698116388667,Garhchiroli,normal,statewide,0.6681429147720337,1,82,65,80,Maharashtra,Sentinel-2 NDVI
2023-10-08,2023-10-15,41.0,2023,P038,19.062661462582188,79.88977172925856,Garhchiroli,normal,statewide,0.8097381591796875,1,82,65,80,Maharashtra,Sentinel-2 NDVI
2023-10-08,2023-10-15,41.0,2023,P039,19.510270485428137,79.9981368030594,Garhchiroli,normal,statewide,0.7992751598358154,1,82,65,80,Maharashtra,Sentinel-2 NDVI
2023-10-08,2023-10-15,41.0,2023,P040,19.870365190999156,80.00935144220881,Garhchiroli,normal,statewide,0.7024795413017273,1,82,65,80,Maharashtra,Sentinel-2 NDVI
2023-10-08,2023-10-15,41.0,2023,P041,21.127639946725598,80.1465044724107,Gondiya,normal,statewide,0.7567351460456848,1,82,65,80,Maharashtra,Sentinel-2 NDVI
2023-10-08,2023-10-15,41.0,2023,P042,21.397598383602258,80.15591763473452,Gondiya,normal,statewide,0.30193907022476196,1,82,65,80,Maharashtra,Sentinel-2 NDVI
2023-10-08,2023-10-15,41.0,2023,P043,21.574548890706154,80.25847249986273,Gondiya,normal,statewide,0.7767832279205322,1,82,65,80,Maharashtra,Sentinel-2 NDVI
2023-10-08,2023-10-15,41.0,2023,P044,21.211649410572516,80.34153217518526,Gondiya,normal,statewide,0.7689608931541443,1,82,65,80,Maharashtra,Sentinel-2 NDVI
2023-10-08,2023-10-15,41.0,2023,P045,19.655900266732623,77.2407892392464,Hingoli,normal,statewide,0.47713637351989746,1,82,65,80,Maharashtra,Sentinel-2 NDVI
2023-10-08,2023-10-15,41.0,2023,P046,19.566758377573187,77.1442675378435,Hingoli,normal,statewide,0.6446188688278198,1,82,65,80,Maharashtra,Sentinel-2 NDVI
2023-10-08,2023-10-15,41.0,2023,P047,19.47860194974656,76.9526242927685,Hingoli,normal,statewide,0.5400397777557373,1,82,65,80,Maharashtra,Sentinel-2 NDVI
2023-10-08,2023-10-15,41.0,2023,P048,19.927981235710728,77.14910120338544,Hingoli,normal,statewide,0.4941648542881012,1,82,65,80,Maharashtra,Sentinel-2 NDVI
2023-10-08,2023-10-15,41.0,2023,P049,21.292738163229433,76.10816865346904,Jalgaon,normal,statewide,0.7845507264137268,1,82,65,80,Maharashtra,Sentinel-2 NDVI
2023-10-08,2023-10-15,41.0,2023,P050,21.386178625804387,75.43363151891216,Jalgaon,normal,statewide,0.028037382289767265,1,82,65,80,Maharashtra,Sentinel-2 NDVI
2023-10-08,2023-10-15,41.0,2023,P051,21.112064306745907,76.10682200495089,Jalgaon,normal,statewide,0.8320754766464233,1,82,65,80,Maharashtra,Sentinel-2 NDVI
2023-10-08,2023-10-15,41.0,2023,P052,20.844437979720194,75.23982115072519,Jalgaon,normal,statewide,0.6221259832382202,1,82,65,80,Maharashtra,Sentinel-2 NDVI
2023-10-08,2023-10-15,41.0,2023,P053,19.486369703781666,76.00005328932718,Jalna,normal,statewide,0.0973750427365303,1,82,65,80,Maharashtra,Sentinel-2 NDVI
2023-10-08,2023-10-15,41.0,2023,P054,20.028502750758555,76.00343774702675,Jalna,normal,statewide,0.4634578824043274,1,82,65,80,Maharashtra,Sentinel-2 NDVI
2023-10-08,2023-10-15,41.0,2023,P055,19.75743845682064,76.00172991132328,Jalna,normal,statewide,0.8272348642349243,1,82,65,80,Maharashtra,Sentinel-2 NDVI
2023-10-08,2023-10-15,41.0,2023,P056,19.57768317515413,75.80993951591351,Jalna,normal,statewide,0.6697453260421753,1,82,65,80,Maharashtra,Sentinel-2 NDVI
2023-10-08,2023-10-15,41.0,2023,P057,16.776377793156257,74.29671235971928,Kolhapur,normal,statewide,0.3579750955104828,1,82,65,80,Maharashtra,Sentinel-2 NDVI
2023-10-08,2023-10-15,41.0,2023,P058,16.324416687682138,74.29834884980589,Kolhapur,normal,statewide,0.7845554947853088,1,82,65,80,Maharashtra,Sentinel-2 NDVI
2023-10-08,2023-10-15,41.0,2023,P059,16.595891218916975,74.39111598812178,Kolhapur,normal,statewide,0.8050355315208435,1,82,65,80,Maharashtra,Sentinel-2 NDVI
2023-10-08,2023-10-15,41.0,2023,P060,16.414811584237594,74.29802779453004,Kolhapur,normal,statewide,0.26897042989730835,1,82,65,80,Maharashtra,Sentinel-2 NDVI
2023-10-08,2023-10-15,41.0,2023,P086,21.054127206758487,79.56798961993874,Nagpur,normal,statewide,0.49310094118118286,1,82,65,80,Maharashtra,Sentinel-2 NDVI
2023-10-08,2023-10-15,41.0,2023,P087,21.146765031143822,79.47473643960802,Nagpur,normal,statewide,0.6397036910057068,1,82,65,80,Maharashtra,Sentinel-2 NDVI
2023-10-08,2023-10-15,41.0,2023,P088,21.347803602138427,78.61442869606356,Nagpur,normal,statewide,0.7785993814468384,1,82,65,80,Maharashtra,Sentinel-2 NDVI
2023-10-08,2023-10-15,41.0,2023,P089,21.165377318940912,78.70615240473293,Nagpur,normal,statewide,0.7505857944488525,1,82,65,80,Maharashtra,Sentinel-2 NDVI
2023-10-08,2023-10-15,41.0,2023,P090,19.201968238592887,77.42470040309472,Nanded,normal,statewide,0.5310652852058411,1,82,65,80,Maharashtra,Sentinel-2 NDVI
2023-10-08,2023-10-15,41.0,2023,P091,18.566038000956755,77.69963965584807,Nanded,normal,statewide,0.5188281536102295,1,82,65,80,Maharashtra,Sentinel-2 NDVI
2023-10-08,2023-10-15,41.0,2023,P092,19.736596618496833,77.90946265591798,Nanded,normal,statewide,0.836670458316803,1,82,65,80,Maharashtra,Sentinel-2 NDVI
2023-10-08,2023-10-15,41.0,2023,P093,18.93564842817583,77.04115528508362,Nanded,normal,statewide,0.8146150708198547,1,82,65,80,Maharashtra,Sentinel-2 NDVI
2023-10-08,2023-10-15,41.0,2023,P094,21.564917232430716,74.08292967791392,Nandurbar,normal,statewide,0.5475638508796692,1,82,65,80,Maharashtra,Sentinel-2 NDVI
2023-10-08,2023-10-15,41.0,2023,P095,21.5662594218478,74.37266422796263,Nandurbar,normal,statewide,0.4808259606361389,1,82,65,80,Maharashtra,Sentinel-2 NDVI
2023-10-08,2023-10-15,41.0,2023,P096,21.385179787168415,74.27697637845674,Nandurbar,normal,statewide,0.2278405725955963,1,82,65,80,Maharashtra,Sentinel-2 NDVI
2023-10-08,2023-10-15,41.0,2023,P097,21.565421110849755,74.17950488852946,Nandurbar,normal,statewide,0.7759833335876465,1,82,65,80,Maharashtra,Sentinel-2 NDVI
2023-10-08,2023-10-15,41.0,2023,P098,20.299553667393326,73.99482675929994,Nashik,normal,statewide,0.5852534770965576,1,82,65,80,Maharashtra,Sentinel-2 NDVI
2023-10-08,2023-10-15,41.0,2023,P099,20.120253214034264,74.28296495117151,Nashik,normal,statewide,0.15636704862117767,1,82,65,80,Maharashtra,Sentinel-2 NDVI
2023-10-08,2023-10-15,41.0,2023,P101,20.029015547379707,74.09216447619562,Nashik,normal,statewide,0.6579784154891968,1,82,65,80,Maharashtra,Sentinel-2 NDVI
2023-10-08,2023-10-15,41.0,2023,P102,17.85749130266526,76.36802722645965,Osmanabad,normal,statewide,0.3052250146865845,1,82,65,80,Maharashtra,Sentinel-2 NDVI
2023-10-08,2023-10-15,41.0,2023,P103,17.76644983645705,76.46164605307673,Osmanabad,normal,statewide,0.8484957218170166,1,82,65,80,Maharashtra,Sentinel-2 NDVI
2023-10-08,2023-10-15,41.0,2023,P104,17.949094615606196,76.17989775301476,Osmanabad,normal,statewide,0.2667407989501953,1,82,65,80,Maharashtra,Sentinel-2 NDVI
2023-10-08,2023-10-15,41.0,2023,P105,18.584360447185368,75.61558067829696,Osmanabad,normal,statewide,0.6481594443321228,1,82,65,80,Maharashtra,Sentinel-2 NDVI
2023-10-08,2023-10-15,41.0,2023,P106,19.031389786894366,76.47235681380711,Parbhani,normal,statewide,0.5167281031608582,1,82,65,80,Maharashtra,Sentinel-2 NDVI
2023-10-08,2023-10-15,41.0,2023,P107,19.120950831552832,76.56820519095093,Parbhani,normal,statewide,0.6161208152770996,1,82,65,80,Maharashtra,Sentinel-2 NDVI
2023-10-08,2023-10-15,41.0,2023,P108,19.208625676465683,76.85432786914635,Parbhani,normal,statewide,0.47282612323760986,1,82,65,80,Maharashtra,Sentinel-2 NDVI
2023-10-08,2023-10-15,41.0,2023,P109,19.212081479782103,76.47396209018636,Parbhani,normal,statewide,0.48801732063293457,1,82,65,80,Maharashtra,Sentinel-2 NDVI
2023-10-08,2023-10-15,41.0,2023,P110,18.133442771357757,75.04679558432363,Pune,normal,statewide,0.756656289100647,1,82,65,80,Maharashtra,Sentinel-2 NDVI
2023-10-08,2023-10-15,41.0,2023,P111,18.584645829652782,74.47919215212944,Pune,normal,statewide,0.6323686838150024,1,82,65,80,Maharashtra,Sentinel-2 NDVI
2023-10-08,2023-10-15,41.0,2023,P112,18.132979024848197,74.57507620208169,Pune,normal,statewide,0.33824974298477173,1,82,65,80,Maharashtra,Sentinel-2 NDVI
2023-10-08,2023-10-15,41.0,2023,P113,18.314072036830744,74.76389683618987,Pune,normal,statewide,0.7670539021492004,1,82,65,80,Maharashtra,Sentinel-2 NDVI
2023-10-08,2023-10-15,41.0,2023,P114,18.48503397121986,73.0589238755964,Raigarh,normal,statewide,0.6580507159233093,1,82,65,80,Maharashtra,Sentinel-2 NDVI
2023-10-08,2023-10-15,41.0,2023,P115,18.665689991299164,73.05687714821288,Raigarh,normal,statewide,0.5266714096069336,1,82,65,80,Maharashtra,Sentinel-2 NDVI
2023-10-08,2023-10-15,41.0,2023,P116,18.306197264370358,73.25009891506079,Raigarh,normal,statewide,0.7709359526634216,1,82,65,80,Maharashtra,Sentinel-2 NDVI
2023-10-08,2023-10-15,41.0,2023,P117,18.21404102289879,73.06194714611064,Raigarh,normal,statewide,0.5990592241287231,1,82,65,80,Maharashtra,Sentinel-2 NDVI
2023-10-08,2023-10-15,41.0,2023,P118,17.138719885658215,75.42259970290594,Sangli,normal,statewide,0.37765464186668396,1,82,65,80,Maharashtra,Sentinel-2 NDVI
2023-10-08,2023-10-15,41.0,2023,P120,16.86707144948229,74.39025538161847,Sangli,normal,statewide,0.733031690120697,1,82,65,80,Maharashtra,Sentinel-2 NDVI
2023-10-08,2023-10-15,41.0,2023,P121,17.048503353144895,74.67157114887826,Sangli,normal,statewide,0.46191081404685974,1,82,65,80,Maharashtra,Sentinel-2 NDVI
2023-10-08,2023-10-15,41.0,2023,P148,17.67852974098626,76.08383979812143,Solapur,normal,statewide,0.44088247418403625,1,82,65,80,Maharashtra,Sentinel-2 NDVI
2023-10-08,2023-10-15,41.0,2023,P150,17.952532582518405,75.23562067753285,Solapur,normal,statewide,0.6545671820640564,1,82,65,80,Maharashtra,Sentinel-2 NDVI
2023-10-08,2023-10-15,41.0,2023,P151,18.223690517578447,75.23598186471818,Solapur,normal,statewide,0.2588146924972534,1,82,65,80,Maharashtra,Sentinel-2 NDVI
2023-10-08,2023-10-15,41.0,2023,P152,19.658178867370932,72.94986318203122,Thane,normal,statewide,0.558931827545166,1,82,65,80,Maharashtra,Sentinel-2 NDVI
2023-10-08,2023-10-15,41.0,2023,P153,19.65706409210757,72.8545320606096,Thane,normal,statewide,0.5703721046447754,1,82,65,80,Maharashtra,Sentinel-2 NDVI
2023-10-08,2023-10-15,41.0,2023,P154,19.477549601897948,72.95214624177059,Thane,normal,statewide,0.6643677353858948,1,82,65,80,Maharashtra,Sentinel-2 NDVI
2023-10-08,2023-10-15,41.0,2023,P155,19.83987385799569,73.0429959666335,Thane,normal,statewide,0.6268017292022705,1,82,65,80,Maharashtra,Sentinel-2 NDVI
2023-10-08,2023-10-15,41.0,2023,P156,20.806749657616468,78.60135461177485,Wardha,normal,statewide,0.5745792388916016,1,82,65,80,Maharashtra,Sentinel-2 NDVI
2023-10-08,2023-10-15,41.0,2023,P157,20.71031267913359,78.88671032458906,Wardha,normal,statewide,0.7172824740409851,1,82,65,80,Maharashtra,Sentinel-2 NDVI
2023-10-08,2023-10-15,41.0,2023,P158,21.081265295769754,78.41565980750515,Wardha,normal,statewide,0.7290675044059753,1,82,65,80,Maharashtra,Sentinel-2 NDVI
2023-10-08,2023-10-15,41.0,2023,P159,20.439854822938944,78.87986114537097,Wardha,normal,statewide,0.5442201495170593,1,82,65,80,Maharashtra,Sentinel-2 NDVI
2023-10-08,2023-10-15,41.0,2023,P160,20.289186257444058,77.15404188735265,Washim,normal,statewide,0.31425127387046814,1,82,65,80,Maharashtra,Sentinel-2 NDVI
2023-10-08,2023-10-15,41.0,2023,P161,20.464607292886615,77.53975858757677,Washim,normal,statewide,0.6182458996772766,1,82,65,80,Maharashtra,Sentinel-2 NDVI
2023-10-08,2023-10-15,41.0,2023,P162,20.107393166596125,77.2471479173486,Washim,normal,statewide,0.5800279974937439,1,82,65,80,Maharashtra,Sentinel-2 NDVI
2023-10-08,2023-10-15,41.0,2023,P163,20.198885002010726,77.1527933390577,Washim,normal,statewide,0.6001670956611633,1,82,65,80,Maharashtra,Sentinel-2 NDVI
2023-10-08,2023-10-15,41.0,2023,P164,20.182854533723592,78.20447678161395,Yavatmal,normal,statewide,0.46492478251457214,1,82,65,80,Maharashtra,Sentinel-2 NDVI
2023-10-08,2023-10-15,41.0,2023,P165,19.894658373538324,79.05709703494229,Yavatmal,normal,statewide,0.7662337422370911,1,82,65,80,Maharashtra,Sentinel-2 NDVI
2023-10-08,2023-10-15,41.0,2023,P166,19.468787468327925,77.71426550730338,Yavatmal,normal,statewide,0.6980886459350586,1,82,65,80,Maharashtra,Sentinel-2 NDVI
2023-10-08,2023-10-15,41.0,2023,P167,19.559057510053886,77.71577268345945,Yavatmal,normal,statewide,0.4353964030742645,1,82,65,80,Maharashtra,Sentinel-2 NDVI
2023-10-15,2023-10-22,42.0,2023,P147,17.927231643141155,73.94769852026607,Satara,case_study,case_study,0.5591837763786316,1,82,65,80,Maharashtra,Sentinel-2 NDVI
2023-10-15,2023-10-22,42.0,2023,P061,18.507855650411397,76.91766048140843,Latur,high,priority,0.5282363891601562,1,82,65,80,Maharashtra,Sentinel-2 NDVI
2023-10-15,2023-10-22,42.0,2023,P062,18.422405896924207,76.3487594508077,Latur,high,priority,0.5266159772872925,1,82,65,80,Maharashtra,Sentinel-2 NDVI
2023-10-15,2023-10-22,42.0,2023,P063,18.235391198742693,77.05646783810116,Latur,high,priority,0.510348916053772,1,82,65,80,Maharashtra,Sentinel-2 NDVI
2023-10-15,2023-10-22,42.0,2023,P064,18.193056493341274,76.77240080549139,Latur,high,priority,0.6500508785247803,1,82,65,80,Maharashtra,Sentinel-2 NDVI
2023-10-15,2023-10-22,42.0,2023,P065,18.331355512513895,76.44266811899327,Latur,high,priority,0.37151798605918884,1,82,65,80,Maharashtra,Sentinel-2 NDVI
2023-10-15,2023-10-22,42.0,2023,P066,18.104739537876725,76.5352970251765,Latur,high,priority,0.44132083654403687,1,82,65,80,Maharashtra,Sentinel-2 NDVI
2023-10-15,2023-10-22,42.0,2023,P067,18.280552974211986,77.0569984711265,Latur,high,priority,0.2117588371038437,1,82,65,80,Maharashtra,Sentinel-2 NDVI
2023-10-15,2023-10-22,42.0,2023,P068,18.101823285787773,76.86595720469373,Latur,high,priority,0.6536248326301575,1,82,65,80,Maharashtra,Sentinel-2 NDVI
2023-10-15,2023-10-22,42.0,2023,P069,18.595075667016793,77.20284228928156,Latur,high,priority,0.857628345489502,1,82,65,80,Maharashtra,Sentinel-2 NDVI
2023-10-15,2023-10-22,42.0,2023,P070,18.41499041187233,77.15322587185987,Latur,high,priority,0.8174874186515808,1,82,65,80,Maharashtra,Sentinel-2 NDVI
2023-10-15,2023-10-22,42.0,2023,P071,18.149138807065885,76.63019561379593,Latur,high,priority,0.8035290837287903,1,82,65,80,Maharashtra,Sentinel-2 NDVI
2023-10-15,2023-10-22,42.0,2023,P072,18.283393421583035,76.77331492120734,Latur,high,priority,0.7950664162635803,1,82,65,80,Maharashtra,Sentinel-2 NDVI
2023-10-15,2023-10-22,42.0,2023,P073,17.966315663874607,76.86453029235662,Latur,high,priority,0.5468483567237854,1,82,65,80,Maharashtra,Sentinel-2 NDVI
2023-10-15,2023-10-22,42.0,2023,P074,18.50832831512306,76.870318205524,Latur,high,priority,0.541847288608551,1,82,65,80,Maharashtra,Sentinel-2 NDVI
2023-10-15,2023-10-22,42.0,2023,P075,18.41444640154381,77.20053247493588,Latur,high,priority,0.7063215374946594,1,82,65,80,Maharashtra,Sentinel-2 NDVI
2023-10-15,2023-10-22,42.0,2023,P076,18.377877313804504,76.25376722106614,Latur,high,priority,0.2922077775001526,1,82,65,80,Maharashtra,Sentinel-2 NDVI
2023-10-15,2023-10-22,42.0,2023,P077,18.059564385104267,76.5349046242838,Latur,high,priority,0.8458199501037598,1,82,65,80,Maharashtra,Sentinel-2 NDVI
2023-10-15,2023-10-22,42.0,2023,P078,18.1008824154655,76.96042326051098,Latur,high,priority,0.5910336375236511,1,82,65,80,Maharashtra,Sentinel-2 NDVI
2023-10-15,2023-10-22,42.0,2023,P079,18.73508698099394,76.77797468180819,Latur,high,priority,0.8058608174324036,1,82,65,80,Maharashtra,Sentinel-2 NDVI
2023-10-15,2023-10-22,42.0,2023,P080,18.46791548227568,76.3017694439065,Latur,high,priority,0.6578229665756226,1,82,65,80,Maharashtra,Sentinel-2 NDVI
2023-10-15,2023-10-22,42.0,2023,P081,18.10355787609756,76.67701617485712,Latur,high,priority,0.4504881501197815,1,82,65,80,Maharashtra,Sentinel-2 NDVI
2023-10-15,2023-10-22,42.0,2023,P082,18.23907887531389,76.67830931416262,Latur,high,priority,0.5887005925178528,1,82,65,80,Maharashtra,Sentinel-2 NDVI
2023-10-15,2023-10-22,42.0,2023,P083,18.369289085175563,77.19996171000103,Latur,high,priority,0.5701384544372559,1,82,65,80,Maharashtra,Sentinel-2 NDVI
2023-10-15,2023-10-22,42.0,2023,P084,18.46362582706226,76.82249880582684,Latur,high,priority,0.23168814182281494,1,82,65,80,Maharashtra,Sentinel-2 NDVI
2023-10-15,2023-10-22,42.0,2023,P085,18.14788579966987,76.77194597718393,Latur,high,priority,0.2648589313030243,1,82,65,80,Maharashtra,Sentinel-2 NDVI
2023-10-15,2023-10-22,42.0,2023,P122,17.88145897082753,73.8441448165019,Satara,high,priority,0.28873640298843384,1,82,65,80,Maharashtra,Sentinel-2 NDVI
2023-10-15,2023-10-22,42.0,2023,P123,17.386414030975025,74.27088970551878,Satara,high,priority,0.5776914358139038,1,82,65,80,Maharashtra,Sentinel-2 NDVI
2023-10-15,2023-10-22,42.0,2023,P124,17.43262815429294,74.647353771057,Satara,high,priority,0.20736393332481384,1,82,65,80,Maharashtra,Sentinel-2 NDVI
2023-10-15,2023-10-22,42.0,2023,P125,17.56734651531964,74.31728219287884,Satara,high,priority,0.23221266269683838,1,82,65,80,Maharashtra,Sentinel-2 NDVI
2023-10-15,2023-10-22,42.0,2023,P126,17.205080227535593,74.13053949986157,Satara,high,priority,0.6924319267272949,1,82,65,80,Maharashtra,Sentinel-2 NDVI
2023-10-15,2023-10-22,42.0,2023,P127,17.65773249367299,74.31694330119876,Satara,high,priority,0.32140371203422546,1,82,65,80,Maharashtra,Sentinel-2 NDVI
2023-10-15,2023-10-22,42.0,2023,P128,18.019949731345452,74.5517328080669,Satara,high,priority,0.3600172698497772,1,82,65,80,Maharashtra,Sentinel-2 NDVI
2023-10-15,2023-10-22,42.0,2023,P129,18.063234225271252,74.03192648006461,Satara,high,priority,0.2507518529891968,1,82,65,80,Maharashtra,Sentinel-2 NDVI
2023-10-15,2023-10-22,42.0,2023,P130,17.61135784271715,74.03436560834085,Satara,high,priority,0.403402179479599,1,82,65,80,Maharashtra,Sentinel-2 NDVI
2023-10-15,2023-10-22,42.0,2023,P131,17.612539504496315,74.3171127470388,Satara,high,priority,0.6843177080154419,1,82,65,80,Maharashtra,Sentinel-2 NDVI
2023-10-15,2023-10-22,42.0,2023,P132,17.702176353872684,74.12817617630324,Satara,high,priority,0.34929579496383667,1,82,65,80,Maharashtra,Sentinel-2 NDVI
2023-10-15,2023-10-22,42.0,2023,P133,17.25006363896275,74.08329532420031,Satara,high,priority,0.5846627950668335,1,82,65,80,Maharashtra,Sentinel-2 NDVI
2023-10-15,2023-10-22,42.0,2023,P134,17.476429903940936,74.17634784498362,Satara,high,priority,0.6432201266288757,1,82,65,80,Maharashtra,Sentinel-2 NDVI
2023-10-15,2023-10-22,42.0,2023,P135,17.882716437324603,74.0801070669471,Satara,high,priority,0.683398425579071,1,82,65,80,Maharashtra,Sentinel-2 NDVI
2023-10-15,2023-10-22,42.0,2023,P136,17.928520323345598,74.22149178404871,Satara,high,priority,0.4338440001010895,1,82,65,80,Maharashtra,Sentinel-2 NDVI
2023-10-15,2023-10-22,42.0,2023,P137,17.746687100588183,73.98648378122894,Satara,high,priority,0.346871942281723,1,82,65,80,Maharashtra,Sentinel-2 NDVI
2023-10-15,2023-10-22,42.0,2023,P139,17.656773786946495,74.08126197411994,Satara,high,priority,0.5448369383811951,1,82,65,80,Maharashtra,Sentinel-2 NDVI
2023-10-15,2023-10-22,42.0,2023,P140,17.97464080554139,74.50462240543725,Satara,high,priority,0.6535301208496094,1,82,65,80,Maharashtra,Sentinel-2 NDVI
2023-10-15,2023-10-22,42.0,2023,P141,17.430826677467348,74.08239904488856,Satara,high,priority,0.5723924040794373,1,82,65,80,Maharashtra,Sentinel-2 NDVI
2023-10-15,2023-10-22,42.0,2023,P142,18.064447100757786,74.31538707493111,Satara,high,priority,0.5708546042442322,1,82,65,80,Maharashtra,Sentinel-2 NDVI
2023-10-15,2023-10-22,42.0,2023,P143,17.70379500755509,74.6468275971327,Satara,high,priority,0.47621777653694153,1,82,65,80,Maharashtra,Sentinel-2 NDVI
2023-10-15,2023-10-22,42.0,2023,P144,17.929452275465767,74.50474726026674,Satara,high,priority,0.47907769680023193,1,82,65,80,Maharashtra,Sentinel-2 NDVI
2023-10-15,2023-10-22,42.0,2023,P145,17.47773196144854,74.60017202281048,Satara,high,priority,0.3893524706363678,1,82,65,80,Maharashtra,Sentinel-2 NDVI
2023-10-15,2023-10-22,42.0,2023,P146,17.839182233739812,74.55218763637436,Satara,high,priority,0.3661060929298401,1,82,65,80,Maharashtra,Sentinel-2 NDVI
2023-10-15,2023-10-22,42.0,2023,P001,19.940457800458272,74.57045211428928,Ahmednagar,normal,statewide,0.2079072892665863,1,82,65,80,Maharashtra,Sentinel-2 NDVI
2023-10-15,2023-10-22,42.0,2023,P002,18.946729294293643,74.76302285238339,Ahmednagar,normal,statewide,0.23705992102622986,1,82,65,80,Maharashtra,Sentinel-2 NDVI
2023-10-15,2023-10-22,42.0,2023,P003,18.49469238410162,74.66892244285252,Ahmednagar,normal,statewide,-0.2763102650642395,1,82,65,80,Maharashtra,Sentinel-2 NDVI
2023-10-15,2023-10-22,42.0,2023,P005,20.832153156317954,77.06560453615967,Akola,normal,statewide,0.7637349963188171,1,82,65,80,Maharashtra,Sentinel-2 NDVI
2023-10-15,2023-10-22,42.0,2023,P006,20.834360411339407,76.87349308547405,Akola,normal,statewide,0.6435233354568481,1,82,65,80,Maharashtra,Sentinel-2 NDVI
2023-10-15,2023-10-22,42.0,2023,P007,21.014976299509232,76.87574047240498,Akola,normal,statewide,0.3521265983581543,1,82,65,80,Maharashtra,Sentinel-2 NDVI
2023-10-15,2023-10-22,42.0,2023,P008,20.828434266039377,77.35372489162701,Akola,normal,statewide,0.7626210451126099,1,82,65,80,Maharashtra,Sentinel-2 NDVI
2023-10-15,2023-10-22,42.0,2023,P009,21.360971327549258,77.94039543992572,Amravati,normal,statewide,0.5588786005973816,1,82,65,80,Maharashtra,Sentinel-2 NDVI
2023-10-15,2023-10-22,42.0,2023,P010,21.178803672212837,78.03301542790685,Amravati,normal,statewide,0.6499058604240417,1,82,65,80,Maharashtra,Sentinel-2 NDVI
2023-10-15,2023-10-22,42.0,2023,P011,20.814388097721018,78.21764450702477,Amravati,normal,statewide,0.40610289573669434,1,82,65,80,Maharashtra,Sentinel-2 NDVI
2023-10-15,2023-10-22,42.0,2023,P012,21.180502589714195,77.93681032267875,Amravati,normal,statewide,0.23292028903961182,1,82,65,80,Maharashtra,Sentinel-2 NDVI
2023-10-15,2023-10-22,42.0,2023,P013,20.031289688916964,74.8570519162974,Aurangabad,normal,statewide,0.6925557851791382,1,82,65,80,Maharashtra,Sentinel-2 NDVI
2023-10-15,2023-10-22,42.0,2023,P014,19.760185263069562,75.14270192978114,Aurangabad,normal,statewide,0.36073583364486694,1,82,65,80,Maharashtra,Sentinel-2 NDVI
2023-10-15,2023-10-22,42.0,2023,P015,19.9408189876436,74.76157364454102,Aurangabad,normal,statewide,0.6454720497131348,1,82,65,80,Maharashtra,Sentinel-2 NDVI
2023-10-15,2023-10-22,42.0,2023,P016,19.66981712112043,75.14262166596218,Aurangabad,normal,statewide,0.5415730476379395,1,82,65,80,Maharashtra,Sentinel-2 NDVI
2023-10-15,2023-10-22,42.0,2023,P017,21.04613203856966,79.85576216552393,Bhandara,normal,statewide,0.4021001160144806,1,82,65,80,Maharashtra,Sentinel-2 NDVI
2023-10-15,2023-10-22,42.0,2023,P018,21.31897105472685,79.76852877161537,Bhandara,normal,statewide,0.43659815192222595,1,82,65,80,Maharashtra,Sentinel-2 NDVI
2023-10-15,2023-10-22,42.0,2023,P019,21.40900922319803,79.77144948280537,Bhandara,normal,statewide,0.7337056994438171,1,82,65,80,Maharashtra,Sentinel-2 NDVI
2023-10-15,2023-10-22,42.0,2023,P020,21.144196588937042,79.57074980349083,Bhandara,normal,statewide,0.7469608187675476,1,82,65,80,Maharashtra,Sentinel-2 NDVI
2023-10-15,2023-10-22,42.0,2023,P021,18.67502288980403,75.52108340877234,Bid,normal,statewide,0.23685434460639954,1,82,65,80,Maharashtra,Sentinel-2 NDVI
2023-10-15,2023-10-22,42.0,2023,P022,18.856499384477168,75.04699178476999,Bid,normal,statewide,0.37447261810302734,1,82,65,80,Maharashtra,Sentinel-2 NDVI
2023-10-15,2023-10-22,42.0,2023,P023,19.126596053486494,75.6175605191647,Bid,normal,statewide,0.5766106247901917,1,82,65,80,Maharashtra,Sentinel-2 NDVI
2023-10-15,2023-10-22,42.0,2023,P024,18.763955201213946,75.90084720909012,Bid,normal,statewide,0.7513611912727356,1,82,65,80,Maharashtra,Sentinel-2 NDVI
2023-10-15,2023-10-22,42.0,2023,P025,20.93073496240753,76.20164478885242,Buldana,normal,statewide,0.6721311211585999,1,82,65,80,Maharashtra,Sentinel-2 NDVI
2023-10-15,2023-10-22,42.0,2023,P026,20.838939908121294,76.39311412898633,Buldana,normal,statewide,0.4872646629810333,1,82,65,80,Maharashtra,Sentinel-2 NDVI
2023-10-15,2023-10-22,42.0,2023,P027,20.657476790751314,76.48742857536776,Buldana,normal,statewide,0.5090324282646179,1,82,65,80,Maharashtra,Sentinel-2 NDVI
2023-10-15,2023-10-22,42.0,2023,P028,20.47967013624516,76.10222021266374,Buldana,normal,statewide,0.22114838659763336,1,82,65,80,Maharashtra,Sentinel-2 NDVI
2023-10-15,2023-10-22,42.0,2023,P029,20.32317798477448,79.92829390325927,Chandrapur,normal,statewide,0.5349999666213989,1,82,65,80,Maharashtra,Sentinel-2 NDVI
2023-10-15,2023-10-22,42.0,2023,P030,20.60872097983294,79.36304041732026,Chandrapur,normal,statewide,0.7249248623847961,1,82,65,80,Maharashtra,Sentinel-2 NDVI
2023-10-15,2023-10-22,42.0,2023,P031,20.511160307884595,79.64732594588165,Chandrapur,normal,statewide,0.7674209475517273,1,82,65,80,Maharashtra,Sentinel-2 NDVI
2023-10-15,2023-10-22,42.0,2023,P032,20.598621115946884,79.74569817422172,Chandrapur,normal,statewide,0.6605590581893921,1,82,65,80,Maharashtra,Sentinel-2 NDVI
2023-10-15,2023-10-22,42.0,2023,P034,21.025151968113196,74.75989256344387,Dhule,normal,statewide,0.4279136657714844,1,82,65,80,Maharashtra,Sentinel-2 NDVI
2023-10-15,2023-10-22,42.0,2023,P035,21.477028350667293,74.85568743137505,Dhule,normal,statewide,0.4065708518028259,1,82,65,80,Maharashtra,Sentinel-2 NDVI
2023-10-15,2023-10-22,42.0,2023,P036,20.933820660336515,74.37533522949364,Dhule,normal,statewide,0.5976418852806091,1,82,65,80,Maharashtra,Sentinel-2 NDVI
2023-10-15,2023-10-22,42.0,2023,P037,19.963056524597132,79.91698116388667,Garhchiroli,normal,statewide,0.6902630925178528,1,82,65,80,Maharashtra,Sentinel-2 NDVI
2023-10-15,2023-10-22,42.0,2023,P038,19.062661462582188,79.88977172925856,Garhchiroli,normal,statewide,0.8194193840026855,1,82,65,80,Maharashtra,Sentinel-2 NDVI
2023-10-15,2023-10-22,42.0,2023,P039,19.510270485428137,79.9981368030594,Garhchiroli,normal,statewide,0.7533814907073975,1,82,65,80,Maharashtra,Sentinel-2 NDVI
2023-10-15,2023-10-22,42.0,2023,P040,19.870365190999156,80.00935144220881,Garhchiroli,normal,statewide,0.7373344898223877,1,82,65,80,Maharashtra,Sentinel-2 NDVI
2023-10-15,2023-10-22,42.0,2023,P041,21.127639946725598,80.1465044724107,Gondiya,normal,statewide,0.6514865756034851,1,82,65,80,Maharashtra,Sentinel-2 NDVI
2023-10-15,2023-10-22,42.0,2023,P042,21.397598383602258,80.15591763473452,Gondiya,normal,statewide,0.3431817889213562,1,82,65,80,Maharashtra,Sentinel-2 NDVI
2023-10-15,2023-10-22,42.0,2023,P043,21.574548890706154,80.25847249986273,Gondiya,normal,statewide,0.7273673415184021,1,82,65,80,Maharashtra,Sentinel-2 NDVI
2023-10-15,2023-10-22,42.0,2023,P044,21.211649410572516,80.34153217518526,Gondiya,normal,statewide,0.7572704553604126,1,82,65,80,Maharashtra,Sentinel-2 NDVI
2023-10-15,2023-10-22,42.0,2023,P045,19.655900266732623,77.2407892392464,Hingoli,normal,statewide,0.38682517409324646,1,82,65,80,Maharashtra,Sentinel-2 NDVI
2023-10-15,2023-10-22,42.0,2023,P046,19.566758377573187,77.1442675378435,Hingoli,normal,statewide,0.6387923955917358,1,82,65,80,Maharashtra,Sentinel-2 NDVI
2023-10-15,2023-10-22,42.0,2023,P047,19.47860194974656,76.9526242927685,Hingoli,normal,statewide,0.505394697189331,1,82,65,80,Maharashtra,Sentinel-2 NDVI
2023-10-15,2023-10-22,42.0,2023,P048,19.927981235710728,77.14910120338544,Hingoli,normal,statewide,0.5696852803230286,1,82,65,80,Maharashtra,Sentinel-2 NDVI
2023-10-15,2023-10-22,42.0,2023,P049,21.292738163229433,76.10816865346904,Jalgaon,normal,statewide,0.7212614417076111,1,82,65,80,Maharashtra,Sentinel-2 NDVI
2023-10-15,2023-10-22,42.0,2023,P050,21.386178625804387,75.43363151891216,Jalgaon,normal,statewide,0.18337182700634003,1,82,65,80,Maharashtra,Sentinel-2 NDVI
2023-10-15,2023-10-22,42.0,2023,P051,21.112064306745907,76.10682200495089,Jalgaon,normal,statewide,0.8865030407905579,1,82,65,80,Maharashtra,Sentinel-2 NDVI
2023-10-15,2023-10-22,42.0,2023,P052,20.844437979720194,75.23982115072519,Jalgaon,normal,statewide,0.5906000733375549,1,82,65,80,Maharashtra,Sentinel-2 NDVI
2023-10-15,2023-10-22,42.0,2023,P053,19.486369703781666,76.00005328932718,Jalna,normal,statewide,0.10251367092132568,1,82,65,80,Maharashtra,Sentinel-2 NDVI
2023-10-15,2023-10-22,42.0,2023,P054,20.028502750758555,76.00343774702675,Jalna,normal,statewide,0.38535451889038086,1,82,65,80,Maharashtra,Sentinel-2 NDVI
2023-10-15,2023-10-22,42.0,2023,P055,19.75743845682064,76.00172991132328,Jalna,normal,statewide,0.8259593844413757,1,82,65,80,Maharashtra,Sentinel-2 NDVI
2023-10-15,2023-10-22,42.0,2023,P056,19.57768317515413,75.80993951591351,Jalna,normal,statewide,0.5956500172615051,1,82,65,80,Maharashtra,Sentinel-2 NDVI
2023-10-15,2023-10-22,42.0,2023,P057,16.776377793156257,74.29671235971928,Kolhapur,normal,statewide,0.3126932680606842,1,82,65,80,Maharashtra,Sentinel-2 NDVI
2023-10-15,2023-10-22,42.0,2023,P058,16.324416687682138,74.29834884980589,Kolhapur,normal,statewide,0.8642136454582214,1,82,65,80,Maharashtra,Sentinel-2 NDVI
2023-10-15,2023-10-22,42.0,2023,P059,16.595891218916975,74.39111598812178,Kolhapur,normal,statewide,0.7475752830505371,1,82,65,80,Maharashtra,Sentinel-2 NDVI
2023-10-15,2023-10-22,42.0,2023,P060,16.414811584237594,74.29802779453004,Kolhapur,normal,statewide,0.29054054617881775,1,82,65,80,Maharashtra,Sentinel-2 NDVI
2023-10-15,2023-10-22,42.0,2023,P086,21.054127206758487,79.56798961993874,Nagpur,normal,statewide,0.5024740099906921,1,82,65,80,Maharashtra,Sentinel-2 NDVI
2023-10-15,2023-10-22,42.0,2023,P087,21.146765031143822,79.47473643960802,Nagpur,normal,statewide,0.6132917404174805,1,82,65,80,Maharashtra,Sentinel-2 NDVI
2023-10-15,2023-10-22,42.0,2023,P088,21.347803602138427,78.61442869606356,Nagpur,normal,statewide,0.8099163174629211,1,82,65,80,Maharashtra,Sentinel-2 NDVI
2023-10-15,2023-10-22,42.0,2023,P089,21.165377318940912,78.70615240473293,Nagpur,normal,statewide,0.722083568572998,1,82,65,80,Maharashtra,Sentinel-2 NDVI
2023-10-15,2023-10-22,42.0,2023,P090,19.201968238592887,77.42470040309472,Nanded,normal,statewide,0.38253381848335266,1,82,65,80,Maharashtra,Sentinel-2 NDVI
2023-10-15,2023-10-22,42.0,2023,P091,18.566038000956755,77.69963965584807,Nanded,normal,statewide,0.2623913586139679,1,82,65,80,Maharashtra,Sentinel-2 NDVI
2023-10-15,2023-10-22,42.0,2023,P092,19.736596618496833,77.90946265591798,Nanded,normal,statewide,0.8600928783416748,1,82,65,80,Maharashtra,Sentinel-2 NDVI
2023-10-15,2023-10-22,42.0,2023,P093,18.93564842817583,77.04115528508362,Nanded,normal,statewide,0.7560080885887146,1,82,65,80,Maharashtra,Sentinel-2 NDVI
2023-10-15,2023-10-22,42.0,2023,P094,21.564917232430716,74.08292967791392,Nandurbar,normal,statewide,0.5455195307731628,1,82,65,80,Maharashtra,Sentinel-2 NDVI
2023-10-15,2023-10-22,42.0,2023,P095,21.5662594218478,74.37266422796263,Nandurbar,normal,statewide,0.38348472118377686,1,82,65,80,Maharashtra,Sentinel-2 NDVI
2023-10-15,2023-10-22,42.0,2023,P096,21.385179787168415,74.27697637845674,Nandurbar,normal,statewide,0.19632697105407715,1,82,65,80,Maharashtra,Sentinel-2 NDVI
2023-10-15,2023-10-22,42.0,2023,P097,21.565421110849755,74.17950488852946,Nandurbar,normal,statewide,0.7833842039108276,1,82,65,80,Maharashtra,Sentinel-2 NDVI
2023-10-15,2023-10-22,42.0,2023,P101,20.029015547379707,74.09216447619562,Nashik,normal,statewide,0.4530927240848541,1,82,65,80,Maharashtra,Sentinel-2 NDVI
2023-10-15,2023-10-22,42.0,2023,P102,17.85749130266526,76.36802722645965,Osmanabad,normal,statewide,0.2687545418739319,1,82,65,80,Maharashtra,Sentinel-2 NDVI
2023-10-15,2023-10-22,42.0,2023,P103,17.76644983645705,76.46164605307673,Osmanabad,normal,statewide,0.8443017601966858,1,82,65,80,Maharashtra,Sentinel-2 NDVI
2023-10-15,2023-10-22,42.0,2023,P104,17.949094615606196,76.17989775301476,Osmanabad,normal,statewide,0.276415079832077,1,82,65,80,Maharashtra,Sentinel-2 NDVI
2023-10-15,2023-10-22,42.0,2023,P105,18.584360447185368,75.61558067829696,Osmanabad,normal,statewide,0.5012136101722717,1,82,65,80,Maharashtra,Sentinel-2 NDVI
2023-10-15,2023-10-22,42.0,2023,P106,19.031389786894366,76.47235681380711,Parbhani,normal,statewide,0.5200886726379395,1,82,65,80,Maharashtra,Sentinel-2 NDVI
2023-10-15,2023-10-22,42.0,2023,P107,19.120950831552832,76.56820519095093,Parbhani,normal,statewide,0.5617743134498596,1,82,65,80,Maharashtra,Sentinel-2 NDVI
2023-10-15,2023-10-22,42.0,2023,P108,19.208625676465683,76.85432786914635,Parbhani,normal,statewide,0.47982311248779297,1,82,65,80,Maharashtra,Sentinel-2 NDVI
2023-10-15,2023-10-22,42.0,2023,P109,19.212081479782103,76.47396209018636,Parbhani,normal,statewide,0.417781263589859,1,82,65,80,Maharashtra,Sentinel-2 NDVI
2023-10-15,2023-10-22,42.0,2023,P110,18.133442771357757,75.04679558432363,Pune,normal,statewide,0.7230318188667297,1,82,65,80,Maharashtra,Sentinel-2 NDVI
2023-10-15,2023-10-22,42.0,2023,P111,18.584645829652782,74.47919215212944,Pune,normal,statewide,0.6135331392288208,1,82,65,80,Maharashtra,Sentinel-2 NDVI
2023-10-15,2023-10-22,42.0,2023,P112,18.132979024848197,74.57507620208169,Pune,normal,statewide,0.331182062625885,1,82,65,80,Maharashtra,Sentinel-2 NDVI
2023-10-15,2023-10-22,42.0,2023,P113,18.314072036830744,74.76389683618987,Pune,normal,statewide,0.753159761428833,1,82,65,80,Maharashtra,Sentinel-2 NDVI
2023-10-15,2023-10-22,42.0,2023,P114,18.48503397121986,73.0589238755964,Raigarh,normal,statewide,0.6326463222503662,1,82,65,80,Maharashtra,Sentinel-2 NDVI
2023-10-15,2023-10-22,42.0,2023,P115,18.665689991299164,73.05687714821288,Raigarh,normal,statewide,0.5036414861679077,1,82,65,80,Maharashtra,Sentinel-2 NDVI
2023-10-15,2023-10-22,42.0,2023,P117,18.21404102289879,73.06194714611064,Raigarh,normal,statewide,0.49099451303482056,1,82,65,80,Maharashtra,Sentinel-2 NDVI
2023-10-15,2023-10-22,42.0,2023,P118,17.138719885658215,75.42259970290594,Sangli,normal,statewide,0.35571548342704773,1,82,65,80,Maharashtra,Sentinel-2 NDVI
2023-10-15,2023-10-22,42.0,2023,P119,17.048761981005992,74.95348443567921,Sangli,normal,statewide,0.41298753023147583,1,82,65,80,Maharashtra,Sentinel-2 NDVI
2023-10-15,2023-10-22,42.0,2023,P120,16.86707144948229,74.39025538161847,Sangli,normal,statewide,0.7313501834869385,1,82,65,80,Maharashtra,Sentinel-2 NDVI
2023-10-15,2023-10-22,42.0,2023,P121,17.048503353144895,74.67157114887826,Sangli,normal,statewide,0.4406779706478119,1,82,65,80,Maharashtra,Sentinel-2 NDVI
2023-10-15,2023-10-22,42.0,2023,P148,17.67852974098626,76.08383979812143,Solapur,normal,statewide,0.2811477482318878,1,82,65,80,Maharashtra,Sentinel-2 NDVI
2023-10-15,2023-10-22,42.0,2023,P149,18.223365003201543,75.4251413905064,Solapur,normal,statewide,0.6542359590530396,1,82,65,80,Maharashtra,Sentinel-2 NDVI
2023-10-15,2023-10-22,42.0,2023,P150,17.952532582518405,75.23562067753285,Solapur,normal,statewide,0.5872801542282104,1,82,65,80,Maharashtra,Sentinel-2 NDVI
2023-10-15,2023-10-22,42.0,2023,P151,18.223690517578447,75.23598186471818,Solapur,normal,statewide,0.25511157512664795,1,82,65,80,Maharashtra,Sentinel-2 NDVI
2023-10-15,2023-10-22,42.0,2023,P152,19.658178867370932,72.94986318203122,Thane,normal,statewide,0.5153337121009827,1,82,65,80,Maharashtra,Sentinel-2 NDVI
2023-10-15,2023-10-22,42.0,2023,P153,19.65706409210757,72.8545320606096,Thane,normal,statewide,0.4906977117061615,1,82,65,80,Maharashtra,Sentinel-2 NDVI
2023-10-15,2023-10-22,42.0,2023,P154,19.477549601897948,72.95214624177059,Thane,normal,statewide,0.564943253993988,1,82,65,80,Maharashtra,Sentinel-2 NDVI
2023-10-15,2023-10-22,42.0,2023,P155,19.83987385799569,73.0429959666335,Thane,normal,statewide,0.5055943727493286,1,82,65,80,Maharashtra,Sentinel-2 NDVI
2023-10-15,2023-10-22,42.0,2023,P156,20.806749657616468,78.60135461177485,Wardha,normal,statewide,0.48162809014320374,1,82,65,80,Maharashtra,Sentinel-2 NDVI
2023-10-15,2023-10-22,42.0,2023,P157,20.71031267913359,78.88671032458906,Wardha,normal,statewide,0.6545659303665161,1,82,65,80,Maharashtra,Sentinel-2 NDVI
2023-10-15,2023-10-22,42.0,2023,P158,21.081265295769754,78.41565980750515,Wardha,normal,statewide,0.7409974336624146,1,82,65,80,Maharashtra,Sentinel-2 NDVI
2023-10-15,2023-10-22,42.0,2023,P159,20.439854822938944,78.87986114537097,Wardha,normal,statewide,0.24613887071609497,1,82,65,80,Maharashtra,Sentinel-2 NDVI
2023-10-15,2023-10-22,42.0,2023,P160,20.289186257444058,77.15404188735265,Washim,normal,statewide,0.22021326422691345,1,82,65,80,Maharashtra,Sentinel-2 NDVI
2023-10-15,2023-10-22,42.0,2023,P161,20.464607292886615,77.53975858757677,Washim,normal,statewide,0.6201282739639282,1,82,65,80,Maharashtra,Sentinel-2 NDVI
2023-10-15,2023-10-22,42.0,2023,P162,20.107393166596125,77.2471479173486,Washim,normal,statewide,0.5550549030303955,1,82,65,80,Maharashtra,Sentinel-2 NDVI
2023-10-15,2023-10-22,42.0,2023,P163,20.198885002010726,77.1527933390577,Washim,normal,statewide,0.5042994618415833,1,82,65,80,Maharashtra,Sentinel-2 NDVI
2023-10-15,2023-10-22,42.0,2023,P164,20.182854533723592,78.20447678161395,Yavatmal,normal,statewide,0.42980125546455383,1,82,65,80,Maharashtra,Sentinel-2 NDVI
2023-10-15,2023-10-22,42.0,2023,P165,19.894658373538324,79.05709703494229,Yavatmal,normal,statewide,0.7718223333358765,1,82,65,80,Maharashtra,Sentinel-2 NDVI
2023-10-15,2023-10-22,42.0,2023,P166,19.468787468327925,77.71426550730338,Yavatmal,normal,statewide,0.6737430095672607,1,82,65,80,Maharashtra,Sentinel-2 NDVI
2023-10-15,2023-10-22,42.0,2023,P167,19.559057510053886,77.71577268345945,Yavatmal,normal,statewide,0.4307422637939453,1,82,65,80,Maharashtra,Sentinel-2 NDVI
2023-10-22,2023-10-29,43.0,2023,P147,17.927231643141155,73.94769852026607,Satara,case_study,case_study,0.6090053915977478,1,73,65,80,Maharashtra,Sentinel-2 NDVI
2023-10-22,2023-10-29,43.0,2023,P061,18.507855650411397,76.91766048140843,Latur,high,priority,0.46872371435165405,1,73,65,80,Maharashtra,Sentinel-2 NDVI
2023-10-22,2023-10-29,43.0,2023,P062,18.422405896924207,76.3487594508077,Latur,high,priority,0.4887024462223053,1,73,65,80,Maharashtra,Sentinel-2 NDVI
2023-10-22,2023-10-29,43.0,2023,P063,18.235391198742693,77.05646783810116,Latur,high,priority,0.4780324399471283,1,73,65,80,Maharashtra,Sentinel-2 NDVI
2023-10-22,2023-10-29,43.0,2023,P064,18.193056493341274,76.77240080549139,Latur,high,priority,0.5483337044715881,1,73,65,80,Maharashtra,Sentinel-2 NDVI
2023-10-22,2023-10-29,43.0,2023,P065,18.331355512513895,76.44266811899327,Latur,high,priority,0.3571110665798187,1,73,65,80,Maharashtra,Sentinel-2 NDVI
2023-10-22,2023-10-29,43.0,2023,P066,18.104739537876725,76.5352970251765,Latur,high,priority,0.5341343879699707,1,73,65,80,Maharashtra,Sentinel-2 NDVI
2023-10-22,2023-10-29,43.0,2023,P067,18.280552974211986,77.0569984711265,Latur,high,priority,0.2025756984949112,1,73,65,80,Maharashtra,Sentinel-2 NDVI
2023-10-22,2023-10-29,43.0,2023,P068,18.101823285787773,76.86595720469373,Latur,high,priority,0.5875784754753113,1,73,65,80,Maharashtra,Sentinel-2 NDVI
2023-10-22,2023-10-29,43.0,2023,P069,18.595075667016793,77.20284228928156,Latur,high,priority,0.8725590109825134,1,73,65,80,Maharashtra,Sentinel-2 NDVI
2023-10-22,2023-10-29,43.0,2023,P070,18.41499041187233,77.15322587185987,Latur,high,priority,0.8015941977500916,1,73,65,80,Maharashtra,Sentinel-2 NDVI
2023-10-22,2023-10-29,43.0,2023,P071,18.149138807065885,76.63019561379593,Latur,high,priority,0.7189913988113403,1,73,65,80,Maharashtra,Sentinel-2 NDVI
2023-10-22,2023-10-29,43.0,2023,P072,18.283393421583035,76.77331492120734,Latur,high,priority,0.7554237842559814,1,73,65,80,Maharashtra,Sentinel-2 NDVI
2023-10-22,2023-10-29,43.0,2023,P073,17.966315663874607,76.86453029235662,Latur,high,priority,0.4531705379486084,1,73,65,80,Maharashtra,Sentinel-2 NDVI
2023-10-22,2023-10-29,43.0,2023,P074,18.50832831512306,76.870318205524,Latur,high,priority,0.5182544589042664,1,73,65,80,Maharashtra,Sentinel-2 NDVI
2023-10-22,2023-10-29,43.0,2023,P075,18.41444640154381,77.20053247493588,Latur,high,priority,0.6256372332572937,1,73,65,80,Maharashtra,Sentinel-2 NDVI
2023-10-22,2023-10-29,43.0,2023,P076,18.377877313804504,76.25376722106614,Latur,high,priority,0.2765581011772156,1,73,65,80,Maharashtra,Sentinel-2 NDVI
2023-10-22,2023-10-29,43.0,2023,P077,18.059564385104267,76.5349046242838,Latur,high,priority,0.8316183090209961,1,73,65,80,Maharashtra,Sentinel-2 NDVI
2023-10-22,2023-10-29,43.0,2023,P078,18.1008824154655,76.96042326051098,Latur,high,priority,0.5177726745605469,1,73,65,80,Maharashtra,Sentinel-2 NDVI
2023-10-22,2023-10-29,43.0,2023,P079,18.73508698099394,76.77797468180819,Latur,high,priority,0.7981248497962952,1,73,65,80,Maharashtra,Sentinel-2 NDVI
2023-10-22,2023-10-29,43.0,2023,P080,18.46791548227568,76.3017694439065,Latur,high,priority,0.5868867039680481,1,73,65,80,Maharashtra,Sentinel-2 NDVI
2023-10-22,2023-10-29,43.0,2023,P081,18.10355787609756,76.67701617485712,Latur,high,priority,0.37837737798690796,1,73,65,80,Maharashtra,Sentinel-2 NDVI
2023-10-22,2023-10-29,43.0,2023,P082,18.23907887531389,76.67830931416262,Latur,high,priority,0.49010133743286133,1,73,65,80,Maharashtra,Sentinel-2 NDVI
2023-10-22,2023-10-29,43.0,2023,P083,18.369289085175563,77.19996171000103,Latur,high,priority,0.5253850817680359,1,73,65,80,Maharashtra,Sentinel-2 NDVI
2023-10-22,2023-10-29,43.0,2023,P084,18.46362582706226,76.82249880582684,Latur,high,priority,0.28050246834754944,1,73,65,80,Maharashtra,Sentinel-2 NDVI
2023-10-22,2023-10-29,43.0,2023,P085,18.14788579966987,76.77194597718393,Latur,high,priority,0.2339685708284378,1,73,65,80,Maharashtra,Sentinel-2 NDVI
2023-10-22,2023-10-29,43.0,2023,P122,17.88145897082753,73.8441448165019,Satara,high,priority,0.3565121293067932,1,73,65,80,Maharashtra,Sentinel-2 NDVI
2023-10-22,2023-10-29,43.0,2023,P123,17.386414030975025,74.27088970551878,Satara,high,priority,0.4194452166557312,1,73,65,80,Maharashtra,Sentinel-2 NDVI
2023-10-22,2023-10-29,43.0,2023,P124,17.43262815429294,74.647353771057,Satara,high,priority,0.12113781273365021,1,73,65,80,Maharashtra,Sentinel-2 NDVI
2023-10-22,2023-10-29,43.0,2023,P125,17.56734651531964,74.31728219287884,Satara,high,priority,0.25800129771232605,1,73,65,80,Maharashtra,Sentinel-2 NDVI
2023-10-22,2023-10-29,43.0,2023,P126,17.205080227535593,74.13053949986157,Satara,high,priority,0.7400363087654114,1,73,65,80,Maharashtra,Sentinel-2 NDVI
2023-10-22,2023-10-29,43.0,2023,P127,17.65773249367299,74.31694330119876,Satara,high,priority,0.29685112833976746,1,73,65,80,Maharashtra,Sentinel-2 NDVI
2023-10-22,2023-10-29,43.0,2023,P128,18.019949731345452,74.5517328080669,Satara,high,priority,0.2664538621902466,1,73,65,80,Maharashtra,Sentinel-2 NDVI
2023-10-22,2023-10-29,43.0,2023,P129,18.063234225271252,74.03192648006461,Satara,high,priority,0.22685137391090393,1,73,65,80,Maharashtra,Sentinel-2 NDVI
2023-10-22,2023-10-29,43.0,2023,P130,17.61135784271715,74.03436560834085,Satara,high,priority,0.2713286578655243,1,73,65,80,Maharashtra,Sentinel-2 NDVI
2023-10-22,2023-10-29,43.0,2023,P131,17.612539504496315,74.3171127470388,Satara,high,priority,0.7868378758430481,1,73,65,80,Maharashtra,Sentinel-2 NDVI
2023-10-22,2023-10-29,43.0,2023,P132,17.702176353872684,74.12817617630324,Satara,high,priority,0.18600007891654968,1,73,65,80,Maharashtra,Sentinel-2 NDVI
2023-10-22,2023-10-29,43.0,2023,P133,17.25006363896275,74.08329532420031,Satara,high,priority,0.6383159756660461,1,73,65,80,Maharashtra,Sentinel-2 NDVI
2023-10-22,2023-10-29,43.0,2023,P134,17.476429903940936,74.17634784498362,Satara,high,priority,0.6834617853164673,1,73,65,80,Maharashtra,Sentinel-2 NDVI
2023-10-22,2023-10-29,43.0,2023,P135,17.882716437324603,74.0801070669471,Satara,high,priority,0.8475200533866882,1,73,65,80,Maharashtra,Sentinel-2 NDVI
2023-10-22,2023-10-29,43.0,2023,P136,17.928520323345598,74.22149178404871,Satara,high,priority,0.46977856755256653,1,73,65,80,Maharashtra,Sentinel-2 NDVI
2023-10-22,2023-10-29,43.0,2023,P137,17.746687100588183,73.98648378122894,Satara,high,priority,0.32235294580459595,1,73,65,80,Maharashtra,Sentinel-2 NDVI
2023-10-22,2023-10-29,43.0,2023,P138,17.61269557303319,74.36423652697161,Satara,high,priority,0.5796029567718506,1,73,65,80,Maharashtra,Sentinel-2 NDVI
2023-10-22,2023-10-29,43.0,2023,P139,17.656773786946495,74.08126197411994,Satara,high,priority,0.6547350883483887,1,73,65,80,Maharashtra,Sentinel-2 NDVI
2023-10-22,2023-10-29,43.0,2023,P140,17.97464080554139,74.50462240543725,Satara,high,priority,0.8149606585502625,1,73,65,80,Maharashtra,Sentinel-2 NDVI
2023-10-22,2023-10-29,43.0,2023,P141,17.430826677467348,74.08239904488856,Satara,high,priority,0.48058831691741943,1,73,65,80,Maharashtra,Sentinel-2 NDVI
2023-10-22,2023-10-29,43.0,2023,P142,18.064447100757786,74.31538707493111,Satara,high,priority,0.7201365828514099,1,73,65,80,Maharashtra,Sentinel-2 NDVI
2023-10-22,2023-10-29,43.0,2023,P143,17.70379500755509,74.6468275971327,Satara,high,priority,0.7768115997314453,1,73,65,80,Maharashtra,Sentinel-2 NDVI
2023-10-22,2023-10-29,43.0,2023,P144,17.929452275465767,74.50474726026674,Satara,high,priority,0.7100633382797241,1,73,65,80,Maharashtra,Sentinel-2 NDVI
2023-10-22,2023-10-29,43.0,2023,P145,17.47773196144854,74.60017202281048,Satara,high,priority,0.4021673798561096,1,73,65,80,Maharashtra,Sentinel-2 NDVI
2023-10-22,2023-10-29,43.0,2023,P146,17.839182233739812,74.55218763637436,Satara,high,priority,0.6858924627304077,1,73,65,80,Maharashtra,Sentinel-2 NDVI
2023-10-22,2023-10-29,43.0,2023,P001,19.940457800458272,74.57045211428928,Ahmednagar,normal,statewide,0.20804525911808014,1,73,65,80,Maharashtra,Sentinel-2 NDVI
2023-10-22,2023-10-29,43.0,2023,P003,18.49469238410162,74.66892244285252,Ahmednagar,normal,statewide,-0.7130434513092041,1,73,65,80,Maharashtra,Sentinel-2 NDVI
2023-10-22,2023-10-29,43.0,2023,P004,19.03720445466806,75.1420731965326,Ahmednagar,normal,statewide,0.32413792610168457,1,73,65,80,Maharashtra,Sentinel-2 NDVI
2023-10-22,2023-10-29,43.0,2023,P005,20.832153156317954,77.06560453615967,Akola,normal,statewide,0.768441915512085,1,73,65,80,Maharashtra,Sentinel-2 NDVI
2023-10-22,2023-10-29,43.0,2023,P006,20.834360411339407,76.87349308547405,Akola,normal,statewide,0.6334591507911682,1,73,65,80,Maharashtra,Sentinel-2 NDVI
2023-10-22,2023-10-29,43.0,2023,P007,21.014976299509232,76.87574047240498,Akola,normal,statewide,0.22146952152252197,1,73,65,80,Maharashtra,Sentinel-2 NDVI
2023-10-22,2023-10-29,43.0,2023,P008,20.828434266039377,77.35372489162701,Akola,normal,statewide,0.7450420260429382,1,73,65,80,Maharashtra,Sentinel-2 NDVI
2023-10-22,2023-10-29,43.0,2023,P009,21.360971327549258,77.94039543992572,Amravati,normal,statewide,0.5652269721031189,1,73,65,80,Maharashtra,Sentinel-2 NDVI
2023-10-22,2023-10-29,43.0,2023,P010,21.178803672212837,78.03301542790685,Amravati,normal,statewide,0.5870548486709595,1,73,65,80,Maharashtra,Sentinel-2 NDVI
2023-10-22,2023-10-29,43.0,2023,P011,20.814388097721018,78.21764450702477,Amravati,normal,statewide,0.3241211473941803,1,73,65,80,Maharashtra,Sentinel-2 NDVI
2023-10-22,2023-10-29,43.0,2023,P012,21.180502589714195,77.93681032267875,Amravati,normal,statewide,0.29987990856170654,1,73,65,80,Maharashtra,Sentinel-2 NDVI
2023-10-22,2023-10-29,43.0,2023,P013,20.031289688916964,74.8570519162974,Aurangabad,normal,statewide,0.5929250121116638,1,73,65,80,Maharashtra,Sentinel-2 NDVI
2023-10-22,2023-10-29,43.0,2023,P014,19.760185263069562,75.14270192978114,Aurangabad,normal,statewide,0.32501357793807983,1,73,65,80,Maharashtra,Sentinel-2 NDVI
2023-10-22,2023-10-29,43.0,2023,P015,19.9408189876436,74.76157364454102,Aurangabad,normal,statewide,0.49493488669395447,1,73,65,80,Maharashtra,Sentinel-2 NDVI
2023-10-22,2023-10-29,43.0,2023,P016,19.66981712112043,75.14262166596218,Aurangabad,normal,statewide,0.4136504530906677,1,73,65,80,Maharashtra,Sentinel-2 NDVI
2023-10-22,2023-10-29,43.0,2023,P017,21.04613203856966,79.85576216552393,Bhandara,normal,statewide,0.32880038022994995,1,73,65,80,Maharashtra,Sentinel-2 NDVI
2023-10-22,2023-10-29,43.0,2023,P018,21.31897105472685,79.76852877161537,Bhandara,normal,statewide,0.2992781698703766,1,73,65,80,Maharashtra,Sentinel-2 NDVI
2023-10-22,2023-10-29,43.0,2023,P019,21.40900922319803,79.77144948280537,Bhandara,normal,statewide,0.7167277336120605,1,73,65,80,Maharashtra,Sentinel-2 NDVI
2023-10-22,2023-10-29,43.0,2023,P020,21.144196588937042,79.57074980349083,Bhandara,normal,statewide,0.7253171801567078,1,73,65,80,Maharashtra,Sentinel-2 NDVI
2023-10-22,2023-10-29,43.0,2023,P021,18.67502288980403,75.52108340877234,Bid,normal,statewide,0.13670256733894348,1,73,65,80,Maharashtra,Sentinel-2 NDVI
2023-10-22,2023-10-29,43.0,2023,P022,18.856499384477168,75.04699178476999,Bid,normal,statewide,0.25024810433387756,1,73,65,80,Maharashtra,Sentinel-2 NDVI
2023-10-22,2023-10-29,43.0,2023,P023,19.126596053486494,75.6175605191647,Bid,normal,statewide,0.5327816605567932,1,73,65,80,Maharashtra,Sentinel-2 NDVI
2023-10-22,2023-10-29,43.0,2023,P024,18.763955201213946,75.90084720909012,Bid,normal,statewide,0.794818639755249,1,73,65,80,Maharashtra,Sentinel-2 NDVI
2023-10-22,2023-10-29,43.0,2023,P025,20.93073496240753,76.20164478885242,Buldana,normal,statewide,0.6989453434944153,1,73,65,80,Maharashtra,Sentinel-2 NDVI
2023-10-22,2023-10-29,43.0,2023,P026,20.838939908121294,76.39311412898633,Buldana,normal,statewide,0.4587155878543854,1,73,65,80,Maharashtra,Sentinel-2 NDVI
2023-10-22,2023-10-29,43.0,2023,P027,20.657476790751314,76.48742857536776,Buldana,normal,statewide,0.4302307069301605,1,73,65,80,Maharashtra,Sentinel-2 NDVI
2023-10-22,2023-10-29,43.0,2023,P028,20.47967013624516,76.10222021266374,Buldana,normal,statewide,0.4626474380493164,1,73,65,80,Maharashtra,Sentinel-2 NDVI
2023-10-22,2023-10-29,43.0,2023,P029,20.32317798477448,79.92829390325927,Chandrapur,normal,statewide,0.5247968435287476,1,73,65,80,Maharashtra,Sentinel-2 NDVI
2023-10-22,2023-10-29,43.0,2023,P030,20.60872097983294,79.36304041732026,Chandrapur,normal,statewide,0.7612016201019287,1,73,65,80,Maharashtra,Sentinel-2 NDVI
2023-10-22,2023-10-29,43.0,2023,P031,20.511160307884595,79.64732594588165,Chandrapur,normal,statewide,0.7380818724632263,1,73,65,80,Maharashtra,Sentinel-2 NDVI
2023-10-22,2023-10-29,43.0,2023,P032,20.598621115946884,79.74569817422172,Chandrapur,normal,statewide,0.5100521445274353,1,73,65,80,Maharashtra,Sentinel-2 NDVI
2023-10-22,2023-10-29,43.0,2023,P033,21.38667804512237,75.14422248324037,Dhule,normal,statewide,0.688783586025238,1,73,65,80,Maharashtra,Sentinel-2 NDVI
2023-10-22,2023-10-29,43.0,2023,P034,21.025151968113196,74.75989256344387,Dhule,normal,statewide,0.35685858130455017,1,73,65,80,Maharashtra,Sentinel-2 NDVI
2023-10-22,2023-10-29,43.0,2023,P035,21.477028350667293,74.85568743137505,Dhule,normal,statewide,0.31961867213249207,1,73,65,80,Maharashtra,Sentinel-2 NDVI
2023-10-22,2023-10-29,43.0,2023,P036,20.933820660336515,74.37533522949364,Dhule,normal,statewide,0.6203501224517822,1,73,65,80,Maharashtra,Sentinel-2 NDVI
2023-10-22,2023-10-29,43.0,2023,P038,19.062661462582188,79.88977172925856,Garhchiroli,normal,statewide,0.7995434999465942,1,73,65,80,Maharashtra,Sentinel-2 NDVI
2023-10-22,2023-10-29,43.0,2023,P039,19.510270485428137,79.9981368030594,Garhchiroli,normal,statewide,0.6811754703521729,1,73,65,80,Maharashtra,Sentinel-2 NDVI
2023-10-22,2023-10-29,43.0,2023,P040,19.870365190999156,80.00935144220881,Garhchiroli,normal,statewide,0.6269986629486084,1,73,65,80,Maharashtra,Sentinel-2 NDVI
2023-10-22,2023-10-29,43.0,2023,P041,21.127639946725598,80.1465044724107,Gondiya,normal,statewide,0.49888888001441956,1,73,65,80,Maharashtra,Sentinel-2 NDVI
2023-10-22,2023-10-29,43.0,2023,P042,21.397598383602258,80.15591763473452,Gondiya,normal,statewide,0.43926218152046204,1,73,65,80,Maharashtra,Sentinel-2 NDVI
2023-10-22,2023-10-29,43.0,2023,P043,21.574548890706154,80.25847249986273,Gondiya,normal,statewide,0.5880052447319031,1,73,65,80,Maharashtra,Sentinel-2 NDVI
2023-10-22,2023-10-29,43.0,2023,P044,21.211649410572516,80.34153217518526,Gondiya,normal,statewide,0.6764618754386902,1,73,65,80,Maharashtra,Sentinel-2 NDVI
2023-10-22,2023-10-29,43.0,2023,P045,19.655900266732623,77.2407892392464,Hingoli,normal,statewide,0.3398033082485199,1,73,65,80,Maharashtra,Sentinel-2 NDVI
2023-10-22,2023-10-29,43.0,2023,P046,19.566758377573187,77.1442675378435,Hingoli,normal,statewide,0.6129698157310486,1,73,65,80,Maharashtra,Sentinel-2 NDVI
2023-10-22,2023-10-29,43.0,2023,P047,19.47860194974656,76.9526242927685,Hingoli,normal,statewide,0.5266695618629456,1,73,65,80,Maharashtra,Sentinel-2 NDVI
2023-10-22,2023-10-29,43.0,2023,P048,19.927981235710728,77.14910120338544,Hingoli,normal,statewide,0.44360366463661194,1,73,65,80,Maharashtra,Sentinel-2 NDVI
2023-10-22,2023-10-29,43.0,2023,P049,21.292738163229433,76.10816865346904,Jalgaon,normal,statewide,0.7682051062583923,1,73,65,80,Maharashtra,Sentinel-2 NDVI
2023-10-22,2023-10-29,43.0,2023,P050,21.386178625804387,75.43363151891216,Jalgaon,normal,statewide,0.12091374397277832,1,73,65,80,Maharashtra,Sentinel-2 NDVI
2023-10-22,2023-10-29,43.0,2023,P051,21.112064306745907,76.10682200495089,Jalgaon,normal,statewide,0.8782745599746704,1,73,65,80,Maharashtra,Sentinel-2 NDVI
2023-10-22,2023-10-29,43.0,2023,P052,20.844437979720194,75.23982115072519,Jalgaon,normal,statewide,0.6602668166160583,1,73,65,80,Maharashtra,Sentinel-2 NDVI
2023-10-22,2023-10-29,43.0,2023,P053,19.486369703781666,76.00005328932718,Jalna,normal,statewide,0.15041020512580872,1,73,65,80,Maharashtra,Sentinel-2 NDVI
2023-10-22,2023-10-29,43.0,2023,P054,20.028502750758555,76.00343774702675,Jalna,normal,statewide,0.31156015396118164,1,73,65,80,Maharashtra,Sentinel-2 NDVI
2023-10-22,2023-10-29,43.0,2023,P055,19.75743845682064,76.00172991132328,Jalna,normal,statewide,0.7538177371025085,1,73,65,80,Maharashtra,Sentinel-2 NDVI
2023-10-22,2023-10-29,43.0,2023,P056,19.57768317515413,75.80993951591351,Jalna,normal,statewide,0.5269793272018433,1,73,65,80,Maharashtra,Sentinel-2 NDVI
2023-10-22,2023-10-29,43.0,2023,P057,16.776377793156257,74.29671235971928,Kolhapur,normal,statewide,0.3280170261859894,1,73,65,80,Maharashtra,Sentinel-2 NDVI
2023-10-22,2023-10-29,43.0,2023,P058,16.324416687682138,74.29834884980589,Kolhapur,normal,statewide,0.7886792421340942,1,73,65,80,Maharashtra,Sentinel-2 NDVI
2023-10-22,2023-10-29,43.0,2023,P059,16.595891218916975,74.39111598812178,Kolhapur,normal,statewide,0.7816176414489746,1,73,65,80,Maharashtra,Sentinel-2 NDVI
2023-10-22,2023-10-29,43.0,2023,P060,16.414811584237594,74.29802779453004,Kolhapur,normal,statewide,0.271577388048172,1,73,65,80,Maharashtra,Sentinel-2 NDVI
2023-10-22,2023-10-29,43.0,2023,P086,21.054127206758487,79.56798961993874,Nagpur,normal,statewide,0.563015341758728,1,73,65,80,Maharashtra,Sentinel-2 NDVI
2023-10-22,2023-10-29,43.0,2023,P087,21.146765031143822,79.47473643960802,Nagpur,normal,statewide,0.6112385392189026,1,73,65,80,Maharashtra,Sentinel-2 NDVI
2023-10-22,2023-10-29,43.0,2023,P088,21.347803602138427,78.61442869606356,Nagpur,normal,statewide,0.7589516639709473,1,73,65,80,Maharashtra,Sentinel-2 NDVI
2023-10-22,2023-10-29,43.0,2023,P089,21.165377318940912,78.70615240473293,Nagpur,normal,statewide,0.6651326417922974,1,73,65,80,Maharashtra,Sentinel-2 NDVI
2023-10-22,2023-10-29,43.0,2023,P090,19.201968238592887,77.42470040309472,Nanded,normal,statewide,0.33434948325157166,1,73,65,80,Maharashtra,Sentinel-2 NDVI
2023-10-22,2023-10-29,43.0,2023,P091,18.566038000956755,77.69963965584807,Nanded,normal,statewide,0.1909947395324707,1,73,65,80,Maharashtra,Sentinel-2 NDVI
2023-10-22,2023-10-29,43.0,2023,P092,19.736596618496833,77.90946265591798,Nanded,normal,statewide,0.8069123029708862,1,73,65,80,Maharashtra,Sentinel-2 NDVI
2023-10-22,2023-10-29,43.0,2023,P093,18.93564842817583,77.04115528508362,Nanded,normal,statewide,0.7450863718986511,1,73,65,80,Maharashtra,Sentinel-2 NDVI
2023-10-22,2023-10-29,43.0,2023,P094,21.564917232430716,74.08292967791392,Nandurbar,normal,statewide,0.45922574400901794,1,73,65,80,Maharashtra,Sentinel-2 NDVI
2023-10-22,2023-10-29,43.0,2023,P095,21.5662594218478,74.37266422796263,Nandurbar,normal,statewide,0.25145018100738525,1,73,65,80,Maharashtra,Sentinel-2 NDVI
2023-10-22,2023-10-29,43.0,2023,P096,21.385179787168415,74.27697637845674,Nandurbar,normal,statewide,0.1651759147644043,1,73,65,80,Maharashtra,Sentinel-2 NDVI
2023-10-22,2023-10-29,43.0,2023,P097,21.565421110849755,74.17950488852946,Nandurbar,normal,statewide,0.7639999985694885,1,73,65,80,Maharashtra,Sentinel-2 NDVI
2023-10-22,2023-10-29,43.0,2023,P098,20.299553667393326,73.99482675929994,Nashik,normal,statewide,0.517572820186615,1,73,65,80,Maharashtra,Sentinel-2 NDVI
2023-10-22,2023-10-29,43.0,2023,P099,20.120253214034264,74.28296495117151,Nashik,normal,statewide,0.17315757274627686,1,73,65,80,Maharashtra,Sentinel-2 NDVI
2023-10-22,2023-10-29,43.0,2023,P100,20.389903972938242,73.99424261706194,Nashik,normal,statewide,0.19601328670978546,1,73,65,80,Maharashtra,Sentinel-2 NDVI
2023-10-22,2023-10-29,43.0,2023,P101,20.029015547379707,74.09216447619562,Nashik,normal,statewide,0.34023046493530273,1,73,65,80,Maharashtra,Sentinel-2 NDVI
2023-10-22,2023-10-29,43.0,2023,P102,17.85749130266526,76.36802722645965,Osmanabad,normal,statewide,0.22003698348999023,1,73,65,80,Maharashtra,Sentinel-2 NDVI
2023-10-22,2023-10-29,43.0,2023,P103,17.76644983645705,76.46164605307673,Osmanabad,normal,statewide,0.8808587789535522,1,73,65,80,Maharashtra,Sentinel-2 NDVI
2023-10-22,2023-10-29,43.0,2023,P104,17.949094615606196,76.17989775301476,Osmanabad,normal,statewide,0.1739213764667511,1,73,65,80,Maharashtra,Sentinel-2 NDVI
2023-10-22,2023-10-29,43.0,2023,P105,18.584360447185368,75.61558067829696,Osmanabad,normal,statewide,0.5474366545677185,1,73,65,80,Maharashtra,Sentinel-2 NDVI
2023-10-22,2023-10-29,43.0,2023,P106,19.031389786894366,76.47235681380711,Parbhani,normal,statewide,0.48861202597618103,1,73,65,80,Maharashtra,Sentinel-2 NDVI
2023-10-22,2023-10-29,43.0,2023,P107,19.120950831552832,76.56820519095093,Parbhani,normal,statewide,0.4900517761707306,1,73,65,80,Maharashtra,Sentinel-2 NDVI
2023-10-22,2023-10-29,43.0,2023,P108,19.208625676465683,76.85432786914635,Parbhani,normal,statewide,0.40630626678466797,1,73,65,80,Maharashtra,Sentinel-2 NDVI
2023-10-22,2023-10-29,43.0,2023,P109,19.212081479782103,76.47396209018636,Parbhani,normal,statewide,0.35317596793174744,1,73,65,80,Maharashtra,Sentinel-2 NDVI
2023-10-22,2023-10-29,43.0,2023,P110,18.133442771357757,75.04679558432363,Pune,normal,statewide,0.718774139881134,1,73,65,80,Maharashtra,Sentinel-2 NDVI
2023-10-22,2023-10-29,43.0,2023,P111,18.584645829652782,74.47919215212944,Pune,normal,statewide,0.5662517547607422,1,73,65,80,Maharashtra,Sentinel-2 NDVI
2023-10-22,2023-10-29,43.0,2023,P112,18.132979024848197,74.57507620208169,Pune,normal,statewide,0.40224507451057434,1,73,65,80,Maharashtra,Sentinel-2 NDVI
2023-10-22,2023-10-29,43.0,2023,P113,18.314072036830744,74.76389683618987,Pune,normal,statewide,0.7660098671913147,1,73,65,80,Maharashtra,Sentinel-2 NDVI
2023-10-22,2023-10-29,43.0,2023,P114,18.48503397121986,73.0589238755964,Raigarh,normal,statewide,0.5344099998474121,1,73,65,80,Maharashtra,Sentinel-2 NDVI
2023-10-22,2023-10-29,43.0,2023,P115,18.665689991299164,73.05687714821288,Raigarh,normal,statewide,0.4449786841869354,1,73,65,80,Maharashtra,Sentinel-2 NDVI
2023-10-22,2023-10-29,43.0,2023,P116,18.306197264370358,73.25009891506079,Raigarh,normal,statewide,0.761759340763092,1,73,65,80,Maharashtra,Sentinel-2 NDVI
2023-10-22,2023-10-29,43.0,2023,P117,18.21404102289879,73.06194714611064,Raigarh,normal,statewide,0.4499424695968628,1,73,65,80,Maharashtra,Sentinel-2 NDVI
2023-10-22,2023-10-29,43.0,2023,P118,17.138719885658215,75.42259970290594,Sangli,normal,statewide,0.33646953105926514,1,73,65,80,Maharashtra,Sentinel-2 NDVI
2023-10-22,2023-10-29,43.0,2023,P119,17.048761981005992,74.95348443567921,Sangli,normal,statewide,0.41723954677581787,1,73,65,80,Maharashtra,Sentinel-2 NDVI
2023-10-22,2023-10-29,43.0,2023,P120,16.86707144948229,74.39025538161847,Sangli,normal,statewide,0.7225266695022583,1,73,65,80,Maharashtra,Sentinel-2 NDVI
2023-10-22,2023-10-29,43.0,2023,P121,17.048503353144895,74.67157114887826,Sangli,normal,statewide,0.3210084140300751,1,73,65,80,Maharashtra,Sentinel-2 NDVI
2023-10-22,2023-10-29,43.0,2023,P148,17.67852974098626,76.08383979812143,Solapur,normal,statewide,0.23231004178524017,1,73,65,80,Maharashtra,Sentinel-2 NDVI
2023-10-22,2023-10-29,43.0,2023,P149,18.223365003201543,75.4251413905064,Solapur,normal,statewide,0.7418496608734131,1,73,65,80,Maharashtra,Sentinel-2 NDVI
2023-10-22,2023-10-29,43.0,2023,P150,17.952532582518405,75.23562067753285,Solapur,normal,statewide,0.5649635195732117,1,73,65,80,Maharashtra,Sentinel-2 NDVI
2023-10-22,2023-10-29,43.0,2023,P151,18.223690517578447,75.23598186471818,Solapur,normal,statewide,0.28524157404899597,1,73,65,80,Maharashtra,Sentinel-2 NDVI
2023-10-22,2023-10-29,43.0,2023,P152,19.658178867370932,72.94986318203122,Thane,normal,statewide,0.4880273640155792,1,73,65,80,Maharashtra,Sentinel-2 NDVI
2023-10-22,2023-10-29,43.0,2023,P153,19.65706409210757,72.8545320606096,Thane,normal,statewide,0.394743412733078,1,73,65,80,Maharashtra,Sentinel-2 NDVI
2023-10-22,2023-10-29,43.0,2023,P154,19.477549601897948,72.95214624177059,Thane,normal,statewide,0.49251788854599,1,73,65,80,Maharashtra,Sentinel-2 NDVI
2023-10-22,2023-10-29,43.0,2023,P155,19.83987385799569,73.0429959666335,Thane,normal,statewide,0.37727802991867065,1,73,65,80,Maharashtra,Sentinel-2 NDVI
2023-10-22,2023-10-29,43.0,2023,P156,20.806749657616468,78.60135461177485,Wardha,normal,statewide,0.4737677574157715,1,73,65,80,Maharashtra,Sentinel-2 NDVI
2023-10-22,2023-10-29,43.0,2023,P157,20.71031267913359,78.88671032458906,Wardha,normal,statewide,0.6835620999336243,1,73,65,80,Maharashtra,Sentinel-2 NDVI
2023-10-22,2023-10-29,43.0,2023,P158,21.081265295769754,78.41565980750515,Wardha,normal,statewide,0.6772812604904175,1,73,65,80,Maharashtra,Sentinel-2 NDVI
2023-10-22,2023-10-29,43.0,2023,P159,20.439854822938944,78.87986114537097,Wardha,normal,statewide,0.1905912458896637,1,73,65,80,Maharashtra,Sentinel-2 NDVI
2023-10-22,2023-10-29,43.0,2023,P160,20.289186257444058,77.15404188735265,Washim,normal,statewide,0.16518154740333557,1,73,65,80,Maharashtra,Sentinel-2 NDVI
2023-10-22,2023-10-29,43.0,2023,P161,20.464607292886615,77.53975858757677,Washim,normal,statewide,0.6036909818649292,1,73,65,80,Maharashtra,Sentinel-2 NDVI
2023-10-22,2023-10-29,43.0,2023,P162,20.107393166596125,77.2471479173486,Washim,normal,statewide,0.4589919149875641,1,73,65,80,Maharashtra,Sentinel-2 NDVI
2023-10-22,2023-10-29,43.0,2023,P163,20.198885002010726,77.1527933390577,Washim,normal,statewide,0.399213969707489,1,73,65,80,Maharashtra,Sentinel-2 NDVI
2023-10-22,2023-10-29,43.0,2023,P164,20.182854533723592,78.20447678161395,Yavatmal,normal,statewide,0.3941493630409241,1,73,65,80,Maharashtra,Sentinel-2 NDVI
2023-10-22,2023-10-29,43.0,2023,P165,19.894658373538324,79.05709703494229,Yavatmal,normal,statewide,0.7123923301696777,1,73,65,80,Maharashtra,Sentinel-2 NDVI
2023-10-22,2023-10-29,43.0,2023,P166,19.468787468327925,77.71426550730338,Yavatmal,normal,statewide,0.6538845300674438,1,73,65,80,Maharashtra,Sentinel-2 NDVI
2023-10-22,2023-10-29,43.0,2023,P167,19.559057510053886,77.71577268345945,Yavatmal,normal,statewide,0.40330326557159424,1,73,65,80,Maharashtra,Sentinel-2 NDVI
2023-10-29,2023-11-05,44.0,2023,P147,17.927231643141155,73.94769852026607,Satara,case_study,case_study,0.7762237787246704,1,69,65,80,Maharashtra,Sentinel-2 NDVI
2023-10-29,2023-11-05,44.0,2023,P061,18.507855650411397,76.91766048140843,Latur,high,priority,0.43487194180488586,1,69,65,80,Maharashtra,Sentinel-2 NDVI
2023-10-29,2023-11-05,44.0,2023,P064,18.193056493341274,76.77240080549139,Latur,high,priority,0.4648166596889496,1,69,65,80,Maharashtra,Sentinel-2 NDVI
2023-10-29,2023-11-05,44.0,2023,P069,18.595075667016793,77.20284228928156,Latur,high,priority,0.8281923532485962,1,69,65,80,Maharashtra,Sentinel-2 NDVI
2023-10-29,2023-11-05,44.0,2023,P072,18.283393421583035,76.77331492120734,Latur,high,priority,0.5951717495918274,1,69,65,80,Maharashtra,Sentinel-2 NDVI
2023-10-29,2023-11-05,44.0,2023,P074,18.50832831512306,76.870318205524,Latur,high,priority,0.48916763067245483,1,69,65,80,Maharashtra,Sentinel-2 NDVI
2023-10-29,2023-11-05,44.0,2023,P075,18.41444640154381,77.20053247493588,Latur,high,priority,0.5221192240715027,1,69,65,80,Maharashtra,Sentinel-2 NDVI
2023-10-29,2023-11-05,44.0,2023,P077,18.059564385104267,76.5349046242838,Latur,high,priority,0.6264724731445312,1,69,65,80,Maharashtra,Sentinel-2 NDVI
2023-10-29,2023-11-05,44.0,2023,P079,18.73508698099394,76.77797468180819,Latur,high,priority,0.6226631999015808,1,69,65,80,Maharashtra,Sentinel-2 NDVI
2023-10-29,2023-11-05,44.0,2023,P080,18.46791548227568,76.3017694439065,Latur,high,priority,0.463784784078598,1,69,65,80,Maharashtra,Sentinel-2 NDVI
2023-10-29,2023-11-05,44.0,2023,P082,18.23907887531389,76.67830931416262,Latur,high,priority,0.4588477313518524,1,69,65,80,Maharashtra,Sentinel-2 NDVI
2023-10-29,2023-11-05,44.0,2023,P083,18.369289085175563,77.19996171000103,Latur,high,priority,0.469613254070282,1,69,65,80,Maharashtra,Sentinel-2 NDVI
2023-10-29,2023-11-05,44.0,2023,P122,17.88145897082753,73.8441448165019,Satara,high,priority,0.252961665391922,1,69,65,80,Maharashtra,Sentinel-2 NDVI
2023-10-29,2023-11-05,44.0,2023,P123,17.386414030975025,74.27088970551878,Satara,high,priority,0.3948228061199188,1,69,65,80,Maharashtra,Sentinel-2 NDVI
2023-10-29,2023-11-05,44.0,2023,P124,17.43262815429294,74.647353771057,Satara,high,priority,0.1626746505498886,1,69,65,80,Maharashtra,Sentinel-2 NDVI
2023-10-29,2023-11-05,44.0,2023,P125,17.56734651531964,74.31728219287884,Satara,high,priority,0.29249829053878784,1,69,65,80,Maharashtra,Sentinel-2 NDVI
2023-10-29,2023-11-05,44.0,2023,P126,17.205080227535593,74.13053949986157,Satara,high,priority,0.6681777834892273,1,69,65,80,Maharashtra,Sentinel-2 NDVI
2023-10-29,2023-11-05,44.0,2023,P127,17.65773249367299,74.31694330119876,Satara,high,priority,0.3282621502876282,1,69,65,80,Maharashtra,Sentinel-2 NDVI
2023-10-29,2023-11-05,44.0,2023,P128,18.019949731345452,74.5517328080669,Satara,high,priority,0.2476794421672821,1,69,65,80,Maharashtra,Sentinel-2 NDVI
2023-10-29,2023-11-05,44.0,2023,P129,18.063234225271252,74.03192648006461,Satara,high,priority,0.14488261938095093,1,69,65,80,Maharashtra,Sentinel-2 NDVI
2023-10-29,2023-11-05,44.0,2023,P130,17.61135784271715,74.03436560834085,Satara,high,priority,0.22196796536445618,1,69,65,80,Maharashtra,Sentinel-2 NDVI
2023-10-29,2023-11-05,44.0,2023,P131,17.612539504496315,74.3171127470388,Satara,high,priority,0.8308429718017578,1,69,65,80,Maharashtra,Sentinel-2 NDVI
2023-10-29,2023-11-05,44.0,2023,P132,17.702176353872684,74.12817617630324,Satara,high,priority,0.17019052803516388,1,69,65,80,Maharashtra,Sentinel-2 NDVI
2023-10-29,2023-11-05,44.0,2023,P133,17.25006363896275,74.08329532420031,Satara,high,priority,0.5932484865188599,1,69,65,80,Maharashtra,Sentinel-2 NDVI
2023-10-29,2023-11-05,44.0,2023,P134,17.476429903940936,74.17634784498362,Satara,high,priority,0.6968069076538086,1,69,65,80,Maharashtra,Sentinel-2 NDVI
2023-10-29,2023-11-05,44.0,2023,P135,17.882716437324603,74.0801070669471,Satara,high,priority,0.8917194604873657,1,69,65,80,Maharashtra,Sentinel-2 NDVI
2023-10-29,2023-11-05,44.0,2023,P136,17.928520323345598,74.22149178404871,Satara,high,priority,0.45816025137901306,1,69,65,80,Maharashtra,Sentinel-2 NDVI
2023-10-29,2023-11-05,44.0,2023,P137,17.746687100588183,73.98648378122894,Satara,high,priority,0.3245997130870819,1,69,65,80,Maharashtra,Sentinel-2 NDVI
2023-10-29,2023-11-05,44.0,2023,P138,17.61269557303319,74.36423652697161,Satara,high,priority,0.6123253107070923,1,69,65,80,Maharashtra,Sentinel-2 NDVI
2023-10-29,2023-11-05,44.0,2023,P139,17.656773786946495,74.08126197411994,Satara,high,priority,0.6493800282478333,1,69,65,80,Maharashtra,Sentinel-2 NDVI
2023-10-29,2023-11-05,44.0,2023,P140,17.97464080554139,74.50462240543725,Satara,high,priority,0.8508637547492981,1,69,65,80,Maharashtra,Sentinel-2 NDVI
2023-10-29,2023-11-05,44.0,2023,P141,17.430826677467348,74.08239904488856,Satara,high,priority,0.5230998396873474,1,69,65,80,Maharashtra,Sentinel-2 NDVI
2023-10-29,2023-11-05,44.0,2023,P142,18.064447100757786,74.31538707493111,Satara,high,priority,0.7135383486747742,1,69,65,80,Maharashtra,Sentinel-2 NDVI
2023-10-29,2023-11-05,44.0,2023,P143,17.70379500755509,74.6468275971327,Satara,high,priority,0.7628294229507446,1,69,65,80,Maharashtra,Sentinel-2 NDVI
2023-10-29,2023-11-05,44.0,2023,P144,17.929452275465767,74.50474726026674,Satara,high,priority,0.695213258266449,1,69,65,80,Maharashtra,Sentinel-2 NDVI
2023-10-29,2023-11-05,44.0,2023,P145,17.47773196144854,74.60017202281048,Satara,high,priority,0.2809683382511139,1,69,65,80,Maharashtra,Sentinel-2 NDVI
2023-10-29,2023-11-05,44.0,2023,P146,17.839182233739812,74.55218763637436,Satara,high,priority,0.7629836201667786,1,69,65,80,Maharashtra,Sentinel-2 NDVI
2023-10-29,2023-11-05,44.0,2023,P001,19.940457800458272,74.57045211428928,Ahmednagar,normal,statewide,0.18847839534282684,1,69,65,80,Maharashtra,Sentinel-2 NDVI
2023-10-29,2023-11-05,44.0,2023,P002,18.946729294293643,74.76302285238339,Ahmednagar,normal,statewide,0.23941770195960999,1,69,65,80,Maharashtra,Sentinel-2 NDVI
2023-10-29,2023-11-05,44.0,2023,P003,18.49469238410162,74.66892244285252,Ahmednagar,normal,statewide,-0.7251184582710266,1,69,65,80,Maharashtra,Sentinel-2 NDVI
2023-10-29,2023-11-05,44.0,2023,P004,19.03720445466806,75.1420731965326,Ahmednagar,normal,statewide,0.4166666567325592,1,69,65,80,Maharashtra,Sentinel-2 NDVI
2023-10-29,2023-11-05,44.0,2023,P005,20.832153156317954,77.06560453615967,Akola,normal,statewide,0.8016858696937561,1,69,65,80,Maharashtra,Sentinel-2 NDVI
2023-10-29,2023-11-05,44.0,2023,P006,20.834360411339407,76.87349308547405,Akola,normal,statewide,0.6523270606994629,1,69,65,80,Maharashtra,Sentinel-2 NDVI
2023-10-29,2023-11-05,44.0,2023,P007,21.014976299509232,76.87574047240498,Akola,normal,statewide,0.19041818380355835,1,69,65,80,Maharashtra,Sentinel-2 NDVI
2023-10-29,2023-11-05,44.0,2023,P008,20.828434266039377,77.35372489162701,Akola,normal,statewide,0.7013841867446899,1,69,65,80,Maharashtra,Sentinel-2 NDVI
2023-10-29,2023-11-05,44.0,2023,P009,21.360971327549258,77.94039543992572,Amravati,normal,statewide,0.5691940784454346,1,69,65,80,Maharashtra,Sentinel-2 NDVI
2023-10-29,2023-11-05,44.0,2023,P010,21.178803672212837,78.03301542790685,Amravati,normal,statewide,0.4941921830177307,1,69,65,80,Maharashtra,Sentinel-2 NDVI
2023-10-29,2023-11-05,44.0,2023,P011,20.814388097721018,78.21764450702477,Amravati,normal,statewide,0.2998279333114624,1,69,65,80,Maharashtra,Sentinel-2 NDVI
2023-10-29,2023-11-05,44.0,2023,P012,21.180502589714195,77.93681032267875,Amravati,normal,statewide,0.2525821924209595,1,69,65,80,Maharashtra,Sentinel-2 NDVI
2023-10-29,2023-11-05,44.0,2023,P013,20.031289688916964,74.8570519162974,Aurangabad,normal,statewide,0.4535695016384125,1,69,65,80,Maharashtra,Sentinel-2 NDVI
2023-10-29,2023-11-05,44.0,2023,P014,19.760185263069562,75.14270192978114,Aurangabad,normal,statewide,0.30205586552619934,1,69,65,80,Maharashtra,Sentinel-2 NDVI
2023-10-29,2023-11-05,44.0,2023,P015,19.9408189876436,74.76157364454102,Aurangabad,normal,statewide,0.4948997497558594,1,69,65,80,Maharashtra,Sentinel-2 NDVI
2023-10-29,2023-11-05,44.0,2023,P016,19.66981712112043,75.14262166596218,Aurangabad,normal,statewide,0.4049331843852997,1,69,65,80,Maharashtra,Sentinel-2 NDVI
2023-10-29,2023-11-05,44.0,2023,P017,21.04613203856966,79.85576216552393,Bhandara,normal,statewide,0.3200078308582306,1,69,65,80,Maharashtra,Sentinel-2 NDVI
2023-10-29,2023-11-05,44.0,2023,P018,21.31897105472685,79.76852877161537,Bhandara,normal,statewide,0.2934160530567169,1,69,65,80,Maharashtra,Sentinel-2 NDVI
2023-10-29,2023-11-05,44.0,2023,P019,21.40900922319803,79.77144948280537,Bhandara,normal,statewide,0.6686898469924927,1,69,65,80,Maharashtra,Sentinel-2 NDVI
2023-10-29,2023-11-05,44.0,2023,P020,21.144196588937042,79.57074980349083,Bhandara,normal,statewide,0.6422485709190369,1,69,65,80,Maharashtra,Sentinel-2 NDVI
2023-10-29,2023-11-05,44.0,2023,P021,18.67502288980403,75.52108340877234,Bid,normal,statewide,0.16118936240673065,1,69,65,80,Maharashtra,Sentinel-2 NDVI
2023-10-29,2023-11-05,44.0,2023,P022,18.856499384477168,75.04699178476999,Bid,normal,statewide,0.3211362361907959,1,69,65,80,Maharashtra,Sentinel-2 NDVI
2023-10-29,2023-11-05,44.0,2023,P023,19.126596053486494,75.6175605191647,Bid,normal,statewide,0.5401412844657898,1,69,65,80,Maharashtra,Sentinel-2 NDVI
2023-10-29,2023-11-05,44.0,2023,P024,18.763955201213946,75.90084720909012,Bid,normal,statewide,0.8023051619529724,1,69,65,80,Maharashtra,Sentinel-2 NDVI
2023-10-29,2023-11-05,44.0,2023,P025,20.93073496240753,76.20164478885242,Buldana,normal,statewide,0.7146108746528625,1,69,65,80,Maharashtra,Sentinel-2 NDVI
2023-10-29,2023-11-05,44.0,2023,P026,20.838939908121294,76.39311412898633,Buldana,normal,statewide,0.4727545380592346,1,69,65,80,Maharashtra,Sentinel-2 NDVI
2023-10-29,2023-11-05,44.0,2023,P027,20.657476790751314,76.48742857536776,Buldana,normal,statewide,0.40378686785697937,1,69,65,80,Maharashtra,Sentinel-2 NDVI
2023-10-29,2023-11-05,44.0,2023,P028,20.47967013624516,76.10222021266374,Buldana,normal,statewide,0.3499574065208435,1,69,65,80,Maharashtra,Sentinel-2 NDVI
2023-10-29,2023-11-05,44.0,2023,P029,20.32317798477448,79.92829390325927,Chandrapur,normal,statewide,0.2680029571056366,1,69,65,80,Maharashtra,Sentinel-2 NDVI
2023-10-29,2023-11-05,44.0,2023,P030,20.60872097983294,79.36304041732026,Chandrapur,normal,statewide,0.7100687026977539,1,69,65,80,Maharashtra,Sentinel-2 NDVI
2023-10-29,2023-11-05,44.0,2023,P031,20.511160307884595,79.64732594588165,Chandrapur,normal,statewide,0.6965916156768799,1,69,65,80,Maharashtra,Sentinel-2 NDVI
2023-10-29,2023-11-05,44.0,2023,P032,20.598621115946884,79.74569817422172,Chandrapur,normal,statewide,0.4306614398956299,1,69,65,80,Maharashtra,Sentinel-2 NDVI
2023-10-29,2023-11-05,44.0,2023,P035,21.477028350667293,74.85568743137505,Dhule,normal,statewide,0.23577235639095306,1,69,65,80,Maharashtra,Sentinel-2 NDVI
2023-10-29,2023-11-05,44.0,2023,P037,19.963056524597132,79.91698116388667,Garhchiroli,normal,statewide,0.6079147458076477,1,69,65,80,Maharashtra,Sentinel-2 NDVI
2023-10-29,2023-11-05,44.0,2023,P038,19.062661462582188,79.88977172925856,Garhchiroli,normal,statewide,0.7728577256202698,1,69,65,80,Maharashtra,Sentinel-2 NDVI
2023-10-29,2023-11-05,44.0,2023,P039,19.510270485428137,79.9981368030594,Garhchiroli,normal,statewide,0.6672524809837341,1,69,65,80,Maharashtra,Sentinel-2 NDVI
2023-10-29,2023-11-05,44.0,2023,P040,19.870365190999156,80.00935144220881,Garhchiroli,normal,statewide,0.5738197565078735,1,69,65,80,Maharashtra,Sentinel-2 NDVI
2023-10-29,2023-11-05,44.0,2023,P041,21.127639946725598,80.1465044724107,Gondiya,normal,statewide,0.30890092253685,1,69,65,80,Maharashtra,Sentinel-2 NDVI
2023-10-29,2023-11-05,44.0,2023,P042,21.397598383602258,80.15591763473452,Gondiya,normal,statewide,0.41545572876930237,1,69,65,80,Maharashtra,Sentinel-2 NDVI
2023-10-29,2023-11-05,44.0,2023,P043,21.574548890706154,80.25847249986273,Gondiya,normal,statewide,0.4695170819759369,1,69,65,80,Maharashtra,Sentinel-2 NDVI
2023-10-29,2023-11-05,44.0,2023,P044,21.211649410572516,80.34153217518526,Gondiya,normal,statewide,0.637083113193512,1,69,65,80,Maharashtra,Sentinel-2 NDVI
2023-10-29,2023-11-05,44.0,2023,P046,19.566758377573187,77.1442675378435,Hingoli,normal,statewide,0.6520260572433472,1,69,65,80,Maharashtra,Sentinel-2 NDVI
2023-10-29,2023-11-05,44.0,2023,P048,19.927981235710728,77.14910120338544,Hingoli,normal,statewide,0.3738863170146942,1,69,65,80,Maharashtra,Sentinel-2 NDVI
2023-10-29,2023-11-05,44.0,2023,P049,21.292738163229433,76.10816865346904,Jalgaon,normal,statewide,0.7402191162109375,1,69,65,80,Maharashtra,Sentinel-2 NDVI
2023-10-29,2023-11-05,44.0,2023,P051,21.112064306745907,76.10682200495089,Jalgaon,normal,statewide,0.9086453914642334,1,69,65,80,Maharashtra,Sentinel-2 NDVI
2023-10-29,2023-11-05,44.0,2023,P052,20.844437979720194,75.23982115072519,Jalgaon,normal,statewide,0.7054029703140259,1,69,65,80,Maharashtra,Sentinel-2 NDVI
2023-10-29,2023-11-05,44.0,2023,P053,19.486369703781666,76.00005328932718,Jalna,normal,statewide,0.13794906437397003,1,69,65,80,Maharashtra,Sentinel-2 NDVI
2023-10-29,2023-11-05,44.0,2023,P054,20.028502750758555,76.00343774702675,Jalna,normal,statewide,0.3183574676513672,1,69,65,80,Maharashtra,Sentinel-2 NDVI
2023-10-29,2023-11-05,44.0,2023,P055,19.75743845682064,76.00172991132328,Jalna,normal,statewide,0.7582727074623108,1,69,65,80,Maharashtra,Sentinel-2 NDVI
2023-10-29,2023-11-05,44.0,2023,P056,19.57768317515413,75.80993951591351,Jalna,normal,statewide,0.4954761564731598,1,69,65,80,Maharashtra,Sentinel-2 NDVI
2023-10-29,2023-11-05,44.0,2023,P057,16.776377793156257,74.29671235971928,Kolhapur,normal,statewide,0.22891566157341003,1,69,65,80,Maharashtra,Sentinel-2 NDVI
2023-10-29,2023-11-05,44.0,2023,P059,16.595891218916975,74.39111598812178,Kolhapur,normal,statewide,0.713185727596283,1,69,65,80,Maharashtra,Sentinel-2 NDVI
2023-10-29,2023-11-05,44.0,2023,P086,21.054127206758487,79.56798961993874,Nagpur,normal,statewide,0.5912759304046631,1,69,65,80,Maharashtra,Sentinel-2 NDVI
2023-10-29,2023-11-05,44.0,2023,P087,21.146765031143822,79.47473643960802,Nagpur,normal,statewide,0.6613067984580994,1,69,65,80,Maharashtra,Sentinel-2 NDVI
2023-10-29,2023-11-05,44.0,2023,P088,21.347803602138427,78.61442869606356,Nagpur,normal,statewide,0.7572622299194336,1,69,65,80,Maharashtra,Sentinel-2 NDVI
2023-10-29,2023-11-05,44.0,2023,P089,21.165377318940912,78.70615240473293,Nagpur,normal,statewide,0.6582123637199402,1,69,65,80,Maharashtra,Sentinel-2 NDVI
2023-10-29,2023-11-05,44.0,2023,P090,19.201968238592887,77.42470040309472,Nanded,normal,statewide,0.2967235743999481,1,69,65,80,Maharashtra,Sentinel-2 NDVI
2023-10-29,2023-11-05,44.0,2023,P091,18.566038000956755,77.69963965584807,Nanded,normal,statewide,0.23333333432674408,1,69,65,80,Maharashtra,Sentinel-2 NDVI
2023-10-29,2023-11-05,44.0,2023,P092,19.736596618496833,77.90946265591798,Nanded,normal,statewide,0.7554450035095215,1,69,65,80,Maharashtra,Sentinel-2 NDVI
2023-10-29,2023-11-05,44.0,2023,P093,18.93564842817583,77.04115528508362,Nanded,normal,statewide,0.7160964012145996,1,69,65,80,Maharashtra,Sentinel-2 NDVI
2023-10-29,2023-11-05,44.0,2023,P094,21.564917232430716,74.08292967791392,Nandurbar,normal,statewide,0.4206571877002716,1,69,65,80,Maharashtra,Sentinel-2 NDVI
2023-10-29,2023-11-05,44.0,2023,P095,21.5662594218478,74.37266422796263,Nandurbar,normal,statewide,0.15773585438728333,1,69,65,80,Maharashtra,Sentinel-2 NDVI
2023-10-29,2023-11-05,44.0,2023,P096,21.385179787168415,74.27697637845674,Nandurbar,normal,statewide,0.12823599576950073,1,69,65,80,Maharashtra,Sentinel-2 NDVI
2023-10-29,2023-11-05,44.0,2023,P097,21.565421110849755,74.17950488852946,Nandurbar,normal,statewide,0.7922526597976685,1,69,65,80,Maharashtra,Sentinel-2 NDVI
2023-10-29,2023-11-05,44.0,2023,P098,20.299553667393326,73.99482675929994,Nashik,normal,statewide,0.4422353506088257,1,69,65,80,Maharashtra,Sentinel-2 NDVI
2023-10-29,2023-11-05,44.0,2023,P099,20.120253214034264,74.28296495117151,Nashik,normal,statewide,0.1402142196893692,1,69,65,80,Maharashtra,Sentinel-2 NDVI
2023-10-29,2023-11-05,44.0,2023,P100,20.389903972938242,73.99424261706194,Nashik,normal,statewide,0.2226540744304657,1,69,65,80,Maharashtra,Sentinel-2 NDVI
2023-10-29,2023-11-05,44.0,2023,P101,20.029015547379707,74.09216447619562,Nashik,normal,statewide,0.2313711792230606,1,69,65,80,Maharashtra,Sentinel-2 NDVI
2023-10-29,2023-11-05,44.0,2023,P103,17.76644983645705,76.46164605307673,Osmanabad,normal,statewide,0.7624101042747498,1,69,65,80,Maharashtra,Sentinel-2 NDVI
2023-10-29,2023-11-05,44.0,2023,P105,18.584360447185368,75.61558067829696,Osmanabad,normal,statewide,0.48624545335769653,1,69,65,80,Maharashtra,Sentinel-2 NDVI
2023-10-29,2023-11-05,44.0,2023,P106,19.031389786894366,76.47235681380711,Parbhani,normal,statewide,0.23071351647377014,1,69,65,80,Maharashtra,Sentinel-2 NDVI
2023-10-29,2023-11-05,44.0,2023,P107,19.120950831552832,76.56820519095093,Parbhani,normal,statewide,0.5448275804519653,1,69,65,80,Maharashtra,Sentinel-2 NDVI
2023-10-29,2023-11-05,44.0,2023,P108,19.208625676465683,76.85432786914635,Parbhani,normal,statewide,0.4523099958896637,1,69,65,80,Maharashtra,Sentinel-2 NDVI
2023-10-29,2023-11-05,44.0,2023,P109,19.212081479782103,76.47396209018636,Parbhani,normal,statewide,0.29586055874824524,1,69,65,80,Maharashtra,Sentinel-2 NDVI
2023-10-29,2023-11-05,44.0,2023,P110,18.133442771357757,75.04679558432363,Pune,normal,statewide,0.7747880816459656,1,69,65,80,Maharashtra,Sentinel-2 NDVI
2023-10-29,2023-11-05,44.0,2023,P111,18.584645829652782,74.47919215212944,Pune,normal,statewide,0.507072925567627,1,69,65,80,Maharashtra,Sentinel-2 NDVI
2023-10-29,2023-11-05,44.0,2023,P112,18.132979024848197,74.57507620208169,Pune,normal,statewide,0.31521740555763245,1,69,65,80,Maharashtra,Sentinel-2 NDVI
2023-10-29,2023-11-05,44.0,2023,P113,18.314072036830744,74.76389683618987,Pune,normal,statewide,0.7818389534950256,1,69,65,80,Maharashtra,Sentinel-2 NDVI
2023-10-29,2023-11-05,44.0,2023,P114,18.48503397121986,73.0589238755964,Raigarh,normal,statewide,0.5007441639900208,1,69,65,80,Maharashtra,Sentinel-2 NDVI
2023-10-29,2023-11-05,44.0,2023,P115,18.665689991299164,73.05687714821288,Raigarh,normal,statewide,0.3959965109825134,1,69,65,80,Maharashtra,Sentinel-2 NDVI
2023-10-29,2023-11-05,44.0,2023,P116,18.306197264370358,73.25009891506079,Raigarh,normal,statewide,0.7623738646507263,1,69,65,80,Maharashtra,Sentinel-2 NDVI
2023-10-29,2023-11-05,44.0,2023,P117,18.21404102289879,73.06194714611064,Raigarh,normal,statewide,0.4017527997493744,1,69,65,80,Maharashtra,Sentinel-2 NDVI
2023-10-29,2023-11-05,44.0,2023,P118,17.138719885658215,75.42259970290594,Sangli,normal,statewide,0.3120086193084717,1,69,65,80,Maharashtra,Sentinel-2 NDVI
2023-10-29,2023-11-05,44.0,2023,P119,17.048761981005992,74.95348443567921,Sangli,normal,statewide,0.40313607454299927,1,69,65,80,Maharashtra,Sentinel-2 NDVI
2023-10-29,2023-11-05,44.0,2023,P121,17.048503353144895,74.67157114887826,Sangli,normal,statewide,0.32345154881477356,1,69,65,80,Maharashtra,Sentinel-2 NDVI
2023-10-29,2023-11-05,44.0,2023,P149,18.223365003201543,75.4251413905064,Solapur,normal,statewide,0.7099999785423279,1,69,65,80,Maharashtra,Sentinel-2 NDVI
2023-10-29,2023-11-05,44.0,2023,P150,17.952532582518405,75.23562067753285,Solapur,normal,statewide,0.559366762638092,1,69,65,80,Maharashtra,Sentinel-2 NDVI
2023-10-29,2023-11-05,44.0,2023,P151,18.223690517578447,75.23598186471818,Solapur,normal,statewide,0.2634521424770355,1,69,65,80,Maharashtra,Sentinel-2 NDVI
2023-10-29,2023-11-05,44.0,2023,P152,19.658178867370932,72.94986318203122,Thane,normal,statewide,0.44449281692504883,1,69,65,80,Maharashtra,Sentinel-2 NDVI
2023-10-29,2023-11-05,44.0,2023,P153,19.65706409210757,72.8545320606096,Thane,normal,statewide,0.28789249062538147,1,69,65,80,Maharashtra,Sentinel-2 NDVI
2023-10-29,2023-11-05,44.0,2023,P154,19.477549601897948,72.95214624177059,Thane,normal,statewide,0.25111040472984314,1,69,65,80,Maharashtra,Sentinel-2 NDVI
2023-10-29,2023-11-05,44.0,2023,P155,19.83987385799569,73.0429959666335,Thane,normal,statewide,0.32090505957603455,1,69,65,80,Maharashtra,Sentinel-2 NDVI
2023-10-29,2023-11-05,44.0,2023,P156,20.806749657616468,78.60135461177485,Wardha,normal,statewide,0.4044938087463379,1,69,65,80,Maharashtra,Sentinel-2 NDVI
2023-10-29,2023-11-05,44.0,2023,P157,20.71031267913359,78.88671032458906,Wardha,normal,statewide,0.6842272281646729,1,69,65,80,Maharashtra,Sentinel-2 NDVI
2023-10-29,2023-11-05,44.0,2023,P159,20.439854822938944,78.87986114537097,Wardha,normal,statewide,0.17993077635765076,1,69,65,80,Maharashtra,Sentinel-2 NDVI
2023-10-29,2023-11-05,44.0,2023,P160,20.289186257444058,77.15404188735265,Washim,normal,statewide,0.19147121906280518,1,69,65,80,Maharashtra,Sentinel-2 NDVI
2023-10-29,2023-11-05,44.0,2023,P161,20.464607292886615,77.53975858757677,Washim,normal,statewide,0.5691013932228088,1,69,65,80,Maharashtra,Sentinel-2 NDVI
2023-10-29,2023-11-05,44.0,2023,P162,20.107393166596125,77.2471479173486,Washim,normal,statewide,0.3759949207305908,1,69,65,80,Maharashtra,Sentinel-2 NDVI
2023-10-29,2023-11-05,44.0,2023,P163,20.198885002010726,77.1527933390577,Washim,normal,statewide,0.3280353248119354,1,69,65,80,Maharashtra,Sentinel-2 NDVI
2023-10-29,2023-11-05,44.0,2023,P165,19.894658373538324,79.05709703494229,Yavatmal,normal,statewide,0.673127293586731,1,69,65,80,Maharashtra,Sentinel-2 NDVI
2023-10-29,2023-11-05,44.0,2023,P167,19.559057510053886,77.71577268345945,Yavatmal,normal,statewide,0.4160626232624054,1,69,65,80,Maharashtra,Sentinel-2 NDVI
2023-11-05,2023-11-12,45.0,2023,P062,18.422405896924207,76.3487594508077,Latur,high,priority,0.3511236011981964,1,57,65,80,Maharashtra,Sentinel-2 NDVI
2023-11-05,2023-11-12,45.0,2023,P076,18.377877313804504,76.25376722106614,Latur,high,priority,0.30401235818862915,1,57,65,80,Maharashtra,Sentinel-2 NDVI
2023-11-05,2023-11-12,45.0,2023,P128,18.019949731345452,74.5517328080669,Satara,high,priority,0.23447255790233612,1,57,65,80,Maharashtra,Sentinel-2 NDVI
2023-11-05,2023-11-12,45.0,2023,P129,18.063234225271252,74.03192648006461,Satara,high,priority,0.151866152882576,1,57,65,80,Maharashtra,Sentinel-2 NDVI
2023-11-05,2023-11-12,45.0,2023,P136,17.928520323345598,74.22149178404871,Satara,high,priority,0.3902173936367035,1,57,65,80,Maharashtra,Sentinel-2 NDVI
2023-11-05,2023-11-12,45.0,2023,P140,17.97464080554139,74.50462240543725,Satara,high,priority,0.7036686539649963,1,57,65,80,Maharashtra,Sentinel-2 NDVI
2023-11-05,2023-11-12,45.0,2023,P142,18.064447100757786,74.31538707493111,Satara,high,priority,0.5466742515563965,1,57,65,80,Maharashtra,Sentinel-2 NDVI
2023-11-05,2023-11-12,45.0,2023,P143,17.70379500755509,74.6468275971327,Satara,high,priority,0.7076059579849243,1,57,65,80,Maharashtra,Sentinel-2 NDVI
2023-11-05,2023-11-12,45.0,2023,P144,17.929452275465767,74.50474726026674,Satara,high,priority,0.5469648838043213,1,57,65,80,Maharashtra,Sentinel-2 NDVI
2023-11-05,2023-11-12,45.0,2023,P145,17.47773196144854,74.60017202281048,Satara,high,priority,0.1970357447862625,1,57,65,80,Maharashtra,Sentinel-2 NDVI
2023-11-05,2023-11-12,45.0,2023,P004,19.03720445466806,75.1420731965326,Ahmednagar,normal,statewide,0.4491443336009979,1,57,65,80,Maharashtra,Sentinel-2 NDVI
2023-11-05,2023-11-12,45.0,2023,P005,20.832153156317954,77.06560453615967,Akola,normal,statewide,0.8050139546394348,1,57,65,80,Maharashtra,Sentinel-2 NDVI
2023-11-05,2023-11-12,45.0,2023,P006,20.834360411339407,76.87349308547405,Akola,normal,statewide,0.6319481730461121,1,57,65,80,Maharashtra,Sentinel-2 NDVI
2023-11-05,2023-11-12,45.0,2023,P007,21.014976299509232,76.87574047240498,Akola,normal,statewide,0.18598832190036774,1,57,65,80,Maharashtra,Sentinel-2 NDVI
2023-11-05,2023-11-12,45.0,2023,P008,20.828434266039377,77.35372489162701,Akola,normal,statewide,0.6980000138282776,1,57,65,80,Maharashtra,Sentinel-2 NDVI
2023-11-05,2023-11-12,45.0,2023,P009,21.360971327549258,77.94039543992572,Amravati,normal,statewide,0.5340870022773743,1,57,65,80,Maharashtra,Sentinel-2 NDVI
2023-11-05,2023-11-12,45.0,2023,P010,21.178803672212837,78.03301542790685,Amravati,normal,statewide,0.5144713521003723,1,57,65,80,Maharashtra,Sentinel-2 NDVI
2023-11-05,2023-11-12,45.0,2023,P011,20.814388097721018,78.21764450702477,Amravati,normal,statewide,0.26854830980300903,1,57,65,80,Maharashtra,Sentinel-2 NDVI
2023-11-05,2023-11-12,45.0,2023,P012,21.180502589714195,77.93681032267875,Amravati,normal,statewide,0.2561378479003906,1,57,65,80,Maharashtra,Sentinel-2 NDVI
2023-11-05,2023-11-12,45.0,2023,P013,20.031289688916964,74.8570519162974,Aurangabad,normal,statewide,0.39242684841156006,1,57,65,80,Maharashtra,Sentinel-2 NDVI
2023-11-05,2023-11-12,45.0,2023,P014,19.760185263069562,75.14270192978114,Aurangabad,normal,statewide,0.28825995326042175,1,57,65,80,Maharashtra,Sentinel-2 NDVI
2023-11-05,2023-11-12,45.0,2023,P015,19.9408189876436,74.76157364454102,Aurangabad,normal,statewide,0.4774172008037567,1,57,65,80,Maharashtra,Sentinel-2 NDVI
2023-11-05,2023-11-12,45.0,2023,P016,19.66981712112043,75.14262166596218,Aurangabad,normal,statewide,0.42944473028182983,1,57,65,80,Maharashtra,Sentinel-2 NDVI
2023-11-05,2023-11-12,45.0,2023,P018,21.31897105472685,79.76852877161537,Bhandara,normal,statewide,0.3191314935684204,1,57,65,80,Maharashtra,Sentinel-2 NDVI
2023-11-05,2023-11-12,45.0,2023,P019,21.40900922319803,79.77144948280537,Bhandara,normal,statewide,0.5287095308303833,1,57,65,80,Maharashtra,Sentinel-2 NDVI
2023-11-05,2023-11-12,45.0,2023,P020,21.144196588937042,79.57074980349083,Bhandara,normal,statewide,0.380952388048172,1,57,65,80,Maharashtra,Sentinel-2 NDVI
2023-11-05,2023-11-12,45.0,2023,P021,18.67502288980403,75.52108340877234,Bid,normal,statewide,0.22680412232875824,1,57,65,80,Maharashtra,Sentinel-2 NDVI
2023-11-05,2023-11-12,45.0,2023,P022,18.856499384477168,75.04699178476999,Bid,normal,statewide,0.27304965257644653,1,57,65,80,Maharashtra,Sentinel-2 NDVI
2023-11-05,2023-11-12,45.0,2023,P024,18.763955201213946,75.90084720909012,Bid,normal,statewide,0.6967213153839111,1,57,65,80,Maharashtra,Sentinel-2 NDVI
2023-11-05,2023-11-12,45.0,2023,P025,20.93073496240753,76.20164478885242,Buldana,normal,statewide,0.6972425580024719,1,57,65,80,Maharashtra,Sentinel-2 NDVI
2023-11-05,2023-11-12,45.0,2023,P026,20.838939908121294,76.39311412898633,Buldana,normal,statewide,0.4236131012439728,1,57,65,80,Maharashtra,Sentinel-2 NDVI
2023-11-05,2023-11-12,45.0,2023,P027,20.657476790751314,76.48742857536776,Buldana,normal,statewide,0.4027649760246277,1,57,65,80,Maharashtra,Sentinel-2 NDVI
2023-11-05,2023-11-12,45.0,2023,P028,20.47967013624516,76.10222021266374,Buldana,normal,statewide,0.43737494945526123,1,57,65,80,Maharashtra,Sentinel-2 NDVI
2023-11-05,2023-11-12,45.0,2023,P029,20.32317798477448,79.92829390325927,Chandrapur,normal,statewide,0.2752588391304016,1,57,65,80,Maharashtra,Sentinel-2 NDVI
2023-11-05,2023-11-12,45.0,2023,P033,21.38667804512237,75.14422248324037,Dhule,normal,statewide,0.522840142250061,1,57,65,80,Maharashtra,Sentinel-2 NDVI
2023-11-05,2023-11-12,45.0,2023,P034,21.025151968113196,74.75989256344387,Dhule,normal,statewide,0.3550061285495758,1,57,65,80,Maharashtra,Sentinel-2 NDVI
2023-11-05,2023-11-12,45.0,2023,P035,21.477028350667293,74.85568743137505,Dhule,normal,statewide,0.19981247186660767,1,57,65,80,Maharashtra,Sentinel-2 NDVI
2023-11-05,2023-11-12,45.0,2023,P036,20.933820660336515,74.37533522949364,Dhule,normal,statewide,0.3892400562763214,1,57,65,80,Maharashtra,Sentinel-2 NDVI
2023-11-05,2023-11-12,45.0,2023,P037,19.963056524597132,79.91698116388667,Garhchiroli,normal,statewide,0.5555555820465088,1,57,65,80,Maharashtra,Sentinel-2 NDVI
2023-11-05,2023-11-12,45.0,2023,P040,19.870365190999156,80.00935144220881,Garhchiroli,normal,statewide,0.4342154264450073,1,57,65,80,Maharashtra,Sentinel-2 NDVI
2023-11-05,2023-11-12,45.0,2023,P042,21.397598383602258,80.15591763473452,Gondiya,normal,statewide,0.4001207947731018,1,57,65,80,Maharashtra,Sentinel-2 NDVI
2023-11-05,2023-11-12,45.0,2023,P045,19.655900266732623,77.2407892392464,Hingoli,normal,statewide,0.4995383322238922,1,57,65,80,Maharashtra,Sentinel-2 NDVI
2023-11-05,2023-11-12,45.0,2023,P046,19.566758377573187,77.1442675378435,Hingoli,normal,statewide,0.6500470638275146,1,57,65,80,Maharashtra,Sentinel-2 NDVI
2023-11-05,2023-11-12,45.0,2023,P047,19.47860194974656,76.9526242927685,Hingoli,normal,statewide,0.5175181031227112,1,57,65,80,Maharashtra,Sentinel-2 NDVI
2023-11-05,2023-11-12,45.0,2023,P048,19.927981235710728,77.14910120338544,Hingoli,normal,statewide,0.37249284982681274,1,57,65,80,Maharashtra,Sentinel-2 NDVI
2023-11-05,2023-11-12,45.0,2023,P049,21.292738163229433,76.10816865346904,Jalgaon,normal,statewide,0.7265734076499939,1,57,65,80,Maharashtra,Sentinel-2 NDVI
2023-11-05,2023-11-12,45.0,2023,P050,21.386178625804387,75.43363151891216,Jalgaon,normal,statewide,0.057392314076423645,1,57,65,80,Maharashtra,Sentinel-2 NDVI
2023-11-05,2023-11-12,45.0,2023,P051,21.112064306745907,76.10682200495089,Jalgaon,normal,statewide,0.9008395671844482,1,57,65,80,Maharashtra,Sentinel-2 NDVI
2023-11-05,2023-11-12,45.0,2023,P052,20.844437979720194,75.23982115072519,Jalgaon,normal,statewide,0.4994540214538574,1,57,65,80,Maharashtra,Sentinel-2 NDVI
2023-11-05,2023-11-12,45.0,2023,P053,19.486369703781666,76.00005328932718,Jalna,normal,statewide,0.16070227324962616,1,57,65,80,Maharashtra,Sentinel-2 NDVI
2023-11-05,2023-11-12,45.0,2023,P054,20.028502750758555,76.00343774702675,Jalna,normal,statewide,0.30886849761009216,1,57,65,80,Maharashtra,Sentinel-2 NDVI
2023-11-05,2023-11-12,45.0,2023,P055,19.75743845682064,76.00172991132328,Jalna,normal,statewide,0.6971293091773987,1,57,65,80,Maharashtra,Sentinel-2 NDVI
2023-11-05,2023-11-12,45.0,2023,P056,19.57768317515413,75.80993951591351,Jalna,normal,statewide,0.44469526410102844,1,57,65,80,Maharashtra,Sentinel-2 NDVI
2023-11-05,2023-11-12,45.0,2023,P086,21.054127206758487,79.56798961993874,Nagpur,normal,statewide,0.564313530921936,1,57,65,80,Maharashtra,Sentinel-2 NDVI
2023-11-05,2023-11-12,45.0,2023,P087,21.146765031143822,79.47473643960802,Nagpur,normal,statewide,0.6708722114562988,1,57,65,80,Maharashtra,Sentinel-2 NDVI
2023-11-05,2023-11-12,45.0,2023,P088,21.347803602138427,78.61442869606356,Nagpur,normal,statewide,0.6946360468864441,1,57,65,80,Maharashtra,Sentinel-2 NDVI
2023-11-05,2023-11-12,45.0,2023,P089,21.165377318940912,78.70615240473293,Nagpur,normal,statewide,0.581132173538208,1,57,65,80,Maharashtra,Sentinel-2 NDVI
2023-11-05,2023-11-12,45.0,2023,P091,18.566038000956755,77.69963965584807,Nanded,normal,statewide,0.3108433783054352,1,57,65,80,Maharashtra,Sentinel-2 NDVI
2023-11-05,2023-11-12,45.0,2023,P092,19.736596618496833,77.90946265591798,Nanded,normal,statewide,0.8150177597999573,1,57,65,80,Maharashtra,Sentinel-2 NDVI
2023-11-05,2023-11-12,45.0,2023,P093,18.93564842817583,77.04115528508362,Nanded,normal,statewide,0.5356333255767822,1,57,65,80,Maharashtra,Sentinel-2 NDVI
2023-11-05,2023-11-12,45.0,2023,P094,21.564917232430716,74.08292967791392,Nandurbar,normal,statewide,0.5385721325874329,1,57,65,80,Maharashtra,Sentinel-2 NDVI
2023-11-05,2023-11-12,45.0,2023,P095,21.5662594218478,74.37266422796263,Nandurbar,normal,statewide,0.18720558285713196,1,57,65,80,Maharashtra,Sentinel-2 NDVI
2023-11-05,2023-11-12,45.0,2023,P096,21.385179787168415,74.27697637845674,Nandurbar,normal,statewide,0.1812635362148285,1,57,65,80,Maharashtra,Sentinel-2 NDVI
2023-11-05,2023-11-12,45.0,2023,P097,21.565421110849755,74.17950488852946,Nandurbar,normal,statewide,0.7310729622840881,1,57,65,80,Maharashtra,Sentinel-2 NDVI
2023-11-05,2023-11-12,45.0,2023,P098,20.299553667393326,73.99482675929994,Nashik,normal,statewide,0.41059255599975586,1,57,65,80,Maharashtra,Sentinel-2 NDVI
2023-11-05,2023-11-12,45.0,2023,P099,20.120253214034264,74.28296495117151,Nashik,normal,statewide,0.1917000710964203,1,57,65,80,Maharashtra,Sentinel-2 NDVI
2023-11-05,2023-11-12,45.0,2023,P100,20.389903972938242,73.99424261706194,Nashik,normal,statewide,0.23000000417232513,1,57,65,80,Maharashtra,Sentinel-2 NDVI
2023-11-05,2023-11-12,45.0,2023,P101,20.029015547379707,74.09216447619562,Nashik,normal,statewide,0.1930890530347824,1,57,65,80,Maharashtra,Sentinel-2 NDVI
2023-11-05,2023-11-12,45.0,2023,P105,18.584360447185368,75.61558067829696,Osmanabad,normal,statewide,0.40194398164749146,1,57,65,80,Maharashtra,Sentinel-2 NDVI
2023-11-05,2023-11-12,45.0,2023,P106,19.031389786894366,76.47235681380711,Parbhani,normal,statewide,0.19368131458759308,1,57,65,80,Maharashtra,Sentinel-2 NDVI
2023-11-05,2023-11-12,45.0,2023,P107,19.120950831552832,76.56820519095093,Parbhani,normal,statewide,0.49871793389320374,1,57,65,80,Maharashtra,Sentinel-2 NDVI
2023-11-05,2023-11-12,45.0,2023,P108,19.208625676465683,76.85432786914635,Parbhani,normal,statewide,0.44319599866867065,1,57,65,80,Maharashtra,Sentinel-2 NDVI
2023-11-05,2023-11-12,45.0,2023,P109,19.212081479782103,76.47396209018636,Parbhani,normal,statewide,0.3996598720550537,1,57,65,80,Maharashtra,Sentinel-2 NDVI
2023-11-05,2023-11-12,45.0,2023,P110,18.133442771357757,75.04679558432363,Pune,normal,statewide,0.5565796494483948,1,57,65,80,Maharashtra,Sentinel-2 NDVI
2023-11-05,2023-11-12,45.0,2023,P112,18.132979024848197,74.57507620208169,Pune,normal,statewide,0.30525273084640503,1,57,65,80,Maharashtra,Sentinel-2 NDVI
2023-11-05,2023-11-12,45.0,2023,P113,18.314072036830744,74.76389683618987,Pune,normal,statewide,0.6465470194816589,1,57,65,80,Maharashtra,Sentinel-2 NDVI
2023-11-05,2023-11-12,45.0,2023,P114,18.48503397121986,73.0589238755964,Raigarh,normal,statewide,0.3776792287826538,1,57,65,80,Maharashtra,Sentinel-2 NDVI
2023-11-05,2023-11-12,45.0,2023,P116,18.306197264370358,73.25009891506079,Raigarh,normal,statewide,0.8722555041313171,1,57,65,80,Maharashtra,Sentinel-2 NDVI
2023-11-05,2023-11-12,45.0,2023,P117,18.21404102289879,73.06194714611064,Raigarh,normal,statewide,0.3053545653820038,1,57,65,80,Maharashtra,Sentinel-2 NDVI
2023-11-05,2023-11-12,45.0,2023,P118,17.138719885658215,75.42259970290594,Sangli,normal,statewide,0.2713901698589325,1,57,65,80,Maharashtra,Sentinel-2 NDVI
2023-11-05,2023-11-12,45.0,2023,P149,18.223365003201543,75.4251413905064,Solapur,normal,statewide,0.5454545617103577,1,57,65,80,Maharashtra,Sentinel-2 NDVI
2023-11-05,2023-11-12,45.0,2023,P150,17.952532582518405,75.23562067753285,Solapur,normal,statewide,0.5475409626960754,1,57,65,80,Maharashtra,Sentinel-2 NDVI
2023-11-05,2023-11-12,45.0,2023,P151,18.223690517578447,75.23598186471818,Solapur,normal,statewide,0.2349914163351059,1,57,65,80,Maharashtra,Sentinel-2 NDVI
2023-11-05,2023-11-12,45.0,2023,P156,20.806749657616468,78.60135461177485,Wardha,normal,statewide,0.48331400752067566,1,57,65,80,Maharashtra,Sentinel-2 NDVI
2023-11-05,2023-11-12,45.0,2023,P157,20.71031267913359,78.88671032458906,Wardha,normal,statewide,0.6602698564529419,1,57,65,80,Maharashtra,Sentinel-2 NDVI
2023-11-05,2023-11-12,45.0,2023,P158,21.081265295769754,78.41565980750515,Wardha,normal,statewide,0.5656778812408447,1,57,65,80,Maharashtra,Sentinel-2 NDVI
2023-11-05,2023-11-12,45.0,2023,P159,20.439854822938944,78.87986114537097,Wardha,normal,statewide,0.1777631938457489,1,57,65,80,Maharashtra,Sentinel-2 NDVI
2023-11-05,2023-11-12,45.0,2023,P160,20.289186257444058,77.15404188735265,Washim,normal,statewide,0.16713352501392365,1,57,65,80,Maharashtra,Sentinel-2 NDVI
2023-11-05,2023-11-12,45.0,2023,P161,20.464607292886615,77.53975858757677,Washim,normal,statewide,0.5686053037643433,1,57,65,80,Maharashtra,Sentinel-2 NDVI
2023-11-05,2023-11-12,45.0,2023,P162,20.107393166596125,77.2471479173486,Washim,normal,statewide,0.33827492594718933,1,57,65,80,Maharashtra,Sentinel-2 NDVI
2023-11-05,2023-11-12,45.0,2023,P163,20.198885002010726,77.1527933390577,Washim,normal,statewide,0.33668801188468933,1,57,65,80,Maharashtra,Sentinel-2 NDVI
2023-11-05,2023-11-12,45.0,2023,P164,20.182854533723592,78.20447678161395,Yavatmal,normal,statewide,0.35002678632736206,1,57,65,80,Maharashtra,Sentinel-2 NDVI
2023-11-05,2023-11-12,45.0,2023,P165,19.894658373538324,79.05709703494229,Yavatmal,normal,statewide,0.6620752811431885,1,57,65,80,Maharashtra,Sentinel-2 NDVI
2023-11-05,2023-11-12,45.0,2023,P167,19.559057510053886,77.71577268345945,Yavatmal,normal,statewide,0.3633597195148468,1,57,65,80,Maharashtra,Sentinel-2 NDVI
2023-11-12,2023-11-19,46.0,2023,P061,18.507855650411397,76.91766048140843,Latur,high,priority,0.41089704632759094,1,84,65,80,Maharashtra,Sentinel-2 NDVI
2023-11-12,2023-11-19,46.0,2023,P062,18.422405896924207,76.3487594508077,Latur,high,priority,0.5118110179901123,1,84,65,80,Maharashtra,Sentinel-2 NDVI
2023-11-12,2023-11-19,46.0,2023,P063,18.235391198742693,77.05646783810116,Latur,high,priority,0.6263269782066345,1,84,65,80,Maharashtra,Sentinel-2 NDVI
2023-11-12,2023-11-19,46.0,2023,P064,18.193056493341274,76.77240080549139,Latur,high,priority,0.6203082799911499,1,84,65,80,Maharashtra,Sentinel-2 NDVI
2023-11-12,2023-11-19,46.0,2023,P065,18.331355512513895,76.44266811899327,Latur,high,priority,0.37258273363113403,1,84,65,80,Maharashtra,Sentinel-2 NDVI
2023-11-12,2023-11-19,46.0,2023,P066,18.104739537876725,76.5352970251765,Latur,high,priority,0.6085996627807617,1,84,65,80,Maharashtra,Sentinel-2 NDVI
2023-11-12,2023-11-19,46.0,2023,P067,18.280552974211986,77.0569984711265,Latur,high,priority,0.44041451811790466,1,84,65,80,Maharashtra,Sentinel-2 NDVI
2023-11-12,2023-11-19,46.0,2023,P068,18.101823285787773,76.86595720469373,Latur,high,priority,0.5945350527763367,1,84,65,80,Maharashtra,Sentinel-2 NDVI
2023-11-12,2023-11-19,46.0,2023,P069,18.595075667016793,77.20284228928156,Latur,high,priority,0.7987755537033081,1,84,65,80,Maharashtra,Sentinel-2 NDVI
2023-11-12,2023-11-19,46.0,2023,P070,18.41499041187233,77.15322587185987,Latur,high,priority,0.8086104989051819,1,84,65,80,Maharashtra,Sentinel-2 NDVI
2023-11-12,2023-11-19,46.0,2023,P071,18.149138807065885,76.63019561379593,Latur,high,priority,0.7234352827072144,1,84,65,80,Maharashtra,Sentinel-2 NDVI
2023-11-12,2023-11-19,46.0,2023,P072,18.283393421583035,76.77331492120734,Latur,high,priority,0.7560420632362366,1,84,65,80,Maharashtra,Sentinel-2 NDVI
2023-11-12,2023-11-19,46.0,2023,P073,17.966315663874607,76.86453029235662,Latur,high,priority,0.3482401967048645,1,84,65,80,Maharashtra,Sentinel-2 NDVI
2023-11-12,2023-11-19,46.0,2023,P074,18.50832831512306,76.870318205524,Latur,high,priority,0.7198876142501831,1,84,65,80,Maharashtra,Sentinel-2 NDVI
2023-11-12,2023-11-19,46.0,2023,P075,18.41444640154381,77.20053247493588,Latur,high,priority,0.40732306241989136,1,84,65,80,Maharashtra,Sentinel-2 NDVI
2023-11-12,2023-11-19,46.0,2023,P076,18.377877313804504,76.25376722106614,Latur,high,priority,0.4797794222831726,1,84,65,80,Maharashtra,Sentinel-2 NDVI
2023-11-12,2023-11-19,46.0,2023,P077,18.059564385104267,76.5349046242838,Latur,high,priority,0.7868649959564209,1,84,65,80,Maharashtra,Sentinel-2 NDVI
2023-11-12,2023-11-19,46.0,2023,P078,18.1008824154655,76.96042326051098,Latur,high,priority,0.4809838533401489,1,84,65,80,Maharashtra,Sentinel-2 NDVI
2023-11-12,2023-11-19,46.0,2023,P079,18.73508698099394,76.77797468180819,Latur,high,priority,0.6280806064605713,1,84,65,80,Maharashtra,Sentinel-2 NDVI
2023-11-12,2023-11-19,46.0,2023,P080,18.46791548227568,76.3017694439065,Latur,high,priority,0.4184890687465668,1,84,65,80,Maharashtra,Sentinel-2 NDVI
2023-11-12,2023-11-19,46.0,2023,P081,18.10355787609756,76.67701617485712,Latur,high,priority,0.3465498983860016,1,84,65,80,Maharashtra,Sentinel-2 NDVI
2023-11-12,2023-11-19,46.0,2023,P082,18.23907887531389,76.67830931416262,Latur,high,priority,0.3784511089324951,1,84,65,80,Maharashtra,Sentinel-2 NDVI
2023-11-12,2023-11-19,46.0,2023,P083,18.369289085175563,77.19996171000103,Latur,high,priority,0.5275378227233887,1,84,65,80,Maharashtra,Sentinel-2 NDVI
2023-11-12,2023-11-19,46.0,2023,P084,18.46362582706226,76.82249880582684,Latur,high,priority,0.3582923710346222,1,84,65,80,Maharashtra,Sentinel-2 NDVI
2023-11-12,2023-11-19,46.0,2023,P085,18.14788579966987,76.77194597718393,Latur,high,priority,0.22950229048728943,1,84,65,80,Maharashtra,Sentinel-2 NDVI
2023-11-12,2023-11-19,46.0,2023,P122,17.88145897082753,73.8441448165019,Satara,high,priority,0.20679117739200592,1,84,65,80,Maharashtra,Sentinel-2 NDVI
2023-11-12,2023-11-19,46.0,2023,P123,17.386414030975025,74.27088970551878,Satara,high,priority,0.5020459294319153,1,84,65,80,Maharashtra,Sentinel-2 NDVI
2023-11-12,2023-11-19,46.0,2023,P124,17.43262815429294,74.647353771057,Satara,high,priority,0.20790216326713562,1,84,65,80,Maharashtra,Sentinel-2 NDVI
2023-11-12,2023-11-19,46.0,2023,P125,17.56734651531964,74.31728219287884,Satara,high,priority,0.2933652997016907,1,84,65,80,Maharashtra,Sentinel-2 NDVI
2023-11-12,2023-11-19,46.0,2023,P126,17.205080227535593,74.13053949986157,Satara,high,priority,0.5231423377990723,1,84,65,80,Maharashtra,Sentinel-2 NDVI
2023-11-12,2023-11-19,46.0,2023,P127,17.65773249367299,74.31694330119876,Satara,high,priority,0.35857459902763367,1,84,65,80,Maharashtra,Sentinel-2 NDVI
2023-11-12,2023-11-19,46.0,2023,P128,18.019949731345452,74.5517328080669,Satara,high,priority,0.21908371150493622,1,84,65,80,Maharashtra,Sentinel-2 NDVI
2023-11-12,2023-11-19,46.0,2023,P129,18.063234225271252,74.03192648006461,Satara,high,priority,0.155504509806633,1,84,65,80,Maharashtra,Sentinel-2 NDVI
2023-11-12,2023-11-19,46.0,2023,P130,17.61135784271715,74.03436560834085,Satara,high,priority,0.28899937868118286,1,84,65,80,Maharashtra,Sentinel-2 NDVI
2023-11-12,2023-11-19,46.0,2023,P132,17.702176353872684,74.12817617630324,Satara,high,priority,0.3579672873020172,1,84,65,80,Maharashtra,Sentinel-2 NDVI
2023-11-12,2023-11-19,46.0,2023,P133,17.25006363896275,74.08329532420031,Satara,high,priority,0.5692594647407532,1,84,65,80,Maharashtra,Sentinel-2 NDVI
2023-11-12,2023-11-19,46.0,2023,P134,17.476429903940936,74.17634784498362,Satara,high,priority,0.6917808055877686,1,84,65,80,Maharashtra,Sentinel-2 NDVI
2023-11-12,2023-11-19,46.0,2023,P135,17.882716437324603,74.0801070669471,Satara,high,priority,0.8201945424079895,1,84,65,80,Maharashtra,Sentinel-2 NDVI
2023-11-12,2023-11-19,46.0,2023,P136,17.928520323345598,74.22149178404871,Satara,high,priority,0.32875144481658936,1,84,65,80,Maharashtra,Sentinel-2 NDVI
2023-11-12,2023-11-19,46.0,2023,P137,17.746687100588183,73.98648378122894,Satara,high,priority,0.2985074520111084,1,84,65,80,Maharashtra,Sentinel-2 NDVI
2023-11-12,2023-11-19,46.0,2023,P138,17.61269557303319,74.36423652697161,Satara,high,priority,0.8233931660652161,1,84,65,80,Maharashtra,Sentinel-2 NDVI
2023-11-12,2023-11-19,46.0,2023,P139,17.656773786946495,74.08126197411994,Satara,high,priority,0.7181383371353149,1,84,65,80,Maharashtra,Sentinel-2 NDVI
2023-11-12,2023-11-19,46.0,2023,P140,17.97464080554139,74.50462240543725,Satara,high,priority,0.7489078044891357,1,84,65,80,Maharashtra,Sentinel-2 NDVI
2023-11-12,2023-11-19,46.0,2023,P141,17.430826677467348,74.08239904488856,Satara,high,priority,0.6850405931472778,1,84,65,80,Maharashtra,Sentinel-2 NDVI
2023-11-12,2023-11-19,46.0,2023,P142,18.064447100757786,74.31538707493111,Satara,high,priority,0.6225785613059998,1,84,65,80,Maharashtra,Sentinel-2 NDVI
2023-11-12,2023-11-19,46.0,2023,P143,17.70379500755509,74.6468275971327,Satara,high,priority,0.753273606300354,1,84,65,80,Maharashtra,Sentinel-2 NDVI
2023-11-12,2023-11-19,46.0,2023,P145,17.47773196144854,74.60017202281048,Satara,high,priority,0.20973092317581177,1,84,65,80,Maharashtra,Sentinel-2 NDVI
2023-11-12,2023-11-19,46.0,2023,P146,17.839182233739812,74.55218763637436,Satara,high,priority,0.584269642829895,1,84,65,80,Maharashtra,Sentinel-2 NDVI
2023-11-12,2023-11-19,46.0,2023,P001,19.940457800458272,74.57045211428928,Ahmednagar,normal,statewide,0.23496027290821075,1,84,65,80,Maharashtra,Sentinel-2 NDVI
2023-11-12,2023-11-19,46.0,2023,P002,18.946729294293643,74.76302285238339,Ahmednagar,normal,statewide,0.27752920985221863,1,84,65,80,Maharashtra,Sentinel-2 NDVI
2023-11-12,2023-11-19,46.0,2023,P003,18.49469238410162,74.66892244285252,Ahmednagar,normal,statewide,0.09960159659385681,1,84,65,80,Maharashtra,Sentinel-2 NDVI
2023-11-12,2023-11-19,46.0,2023,P004,19.03720445466806,75.1420731965326,Ahmednagar,normal,statewide,0.42499154806137085,1,84,65,80,Maharashtra,Sentinel-2 NDVI
2023-11-12,2023-11-19,46.0,2023,P005,20.832153156317954,77.06560453615967,Akola,normal,statewide,0.7779152989387512,1,84,65,80,Maharashtra,Sentinel-2 NDVI
2023-11-12,2023-11-19,46.0,2023,P006,20.834360411339407,76.87349308547405,Akola,normal,statewide,0.6091002821922302,1,84,65,80,Maharashtra,Sentinel-2 NDVI
2023-11-12,2023-11-19,46.0,2023,P007,21.014976299509232,76.87574047240498,Akola,normal,statewide,0.18820513784885406,1,84,65,80,Maharashtra,Sentinel-2 NDVI
2023-11-12,2023-11-19,46.0,2023,P008,20.828434266039377,77.35372489162701,Akola,normal,statewide,0.6107742786407471,1,84,65,80,Maharashtra,Sentinel-2 NDVI
2023-11-12,2023-11-19,46.0,2023,P009,21.360971327549258,77.94039543992572,Amravati,normal,statewide,0.5407169461250305,1,84,65,80,Maharashtra,Sentinel-2 NDVI
2023-11-12,2023-11-19,46.0,2023,P010,21.178803672212837,78.03301542790685,Amravati,normal,statewide,0.4763406813144684,1,84,65,80,Maharashtra,Sentinel-2 NDVI
2023-11-12,2023-11-19,46.0,2023,P011,20.814388097721018,78.21764450702477,Amravati,normal,statewide,0.25465190410614014,1,84,65,80,Maharashtra,Sentinel-2 NDVI
2023-11-12,2023-11-19,46.0,2023,P012,21.180502589714195,77.93681032267875,Amravati,normal,statewide,0.22841820120811462,1,84,65,80,Maharashtra,Sentinel-2 NDVI
2023-11-12,2023-11-19,46.0,2023,P013,20.031289688916964,74.8570519162974,Aurangabad,normal,statewide,0.47915950417518616,1,84,65,80,Maharashtra,Sentinel-2 NDVI
2023-11-12,2023-11-19,46.0,2023,P014,19.760185263069562,75.14270192978114,Aurangabad,normal,statewide,0.2715447247028351,1,84,65,80,Maharashtra,Sentinel-2 NDVI
2023-11-12,2023-11-19,46.0,2023,P015,19.9408189876436,74.76157364454102,Aurangabad,normal,statewide,0.4346952438354492,1,84,65,80,Maharashtra,Sentinel-2 NDVI
2023-11-12,2023-11-19,46.0,2023,P016,19.66981712112043,75.14262166596218,Aurangabad,normal,statewide,0.2588658332824707,1,84,65,80,Maharashtra,Sentinel-2 NDVI
2023-11-12,2023-11-19,46.0,2023,P019,21.40900922319803,79.77144948280537,Bhandara,normal,statewide,0.4720439910888672,1,84,65,80,Maharashtra,Sentinel-2 NDVI
2023-11-12,2023-11-19,46.0,2023,P021,18.67502288980403,75.52108340877234,Bid,normal,statewide,0.31539610028266907,1,84,65,80,Maharashtra,Sentinel-2 NDVI
2023-11-12,2023-11-19,46.0,2023,P022,18.856499384477168,75.04699178476999,Bid,normal,statewide,0.370027631521225,1,84,65,80,Maharashtra,Sentinel-2 NDVI
2023-11-12,2023-11-19,46.0,2023,P023,19.126596053486494,75.6175605191647,Bid,normal,statewide,0.46923553943634033,1,84,65,80,Maharashtra,Sentinel-2 NDVI
2023-11-12,2023-11-19,46.0,2023,P024,18.763955201213946,75.90084720909012,Bid,normal,statewide,0.743515133857727,1,84,65,80,Maharashtra,Sentinel-2 NDVI
2023-11-12,2023-11-19,46.0,2023,P025,20.93073496240753,76.20164478885242,Buldana,normal,statewide,0.7128036022186279,1,84,65,80,Maharashtra,Sentinel-2 NDVI
2023-11-12,2023-11-19,46.0,2023,P026,20.838939908121294,76.39311412898633,Buldana,normal,statewide,0.38672682642936707,1,84,65,80,Maharashtra,Sentinel-2 NDVI
2023-11-12,2023-11-19,46.0,2023,P027,20.657476790751314,76.48742857536776,Buldana,normal,statewide,0.3601025342941284,1,84,65,80,Maharashtra,Sentinel-2 NDVI
2023-11-12,2023-11-19,46.0,2023,P028,20.47967013624516,76.10222021266374,Buldana,normal,statewide,0.473300963640213,1,84,65,80,Maharashtra,Sentinel-2 NDVI
2023-11-12,2023-11-19,46.0,2023,P029,20.32317798477448,79.92829390325927,Chandrapur,normal,statewide,0.2835272550582886,1,84,65,80,Maharashtra,Sentinel-2 NDVI
2023-11-12,2023-11-19,46.0,2023,P033,21.38667804512237,75.14422248324037,Dhule,normal,statewide,0.45388349890708923,1,84,65,80,Maharashtra,Sentinel-2 NDVI
2023-11-12,2023-11-19,46.0,2023,P034,21.025151968113196,74.75989256344387,Dhule,normal,statewide,0.32283464074134827,1,84,65,80,Maharashtra,Sentinel-2 NDVI
2023-11-12,2023-11-19,46.0,2023,P035,21.477028350667293,74.85568743137505,Dhule,normal,statewide,0.19396984577178955,1,84,65,80,Maharashtra,Sentinel-2 NDVI
2023-11-12,2023-11-19,46.0,2023,P036,20.933820660336515,74.37533522949364,Dhule,normal,statewide,0.34562212228775024,1,84,65,80,Maharashtra,Sentinel-2 NDVI
2023-11-12,2023-11-19,46.0,2023,P038,19.062661462582188,79.88977172925856,Garhchiroli,normal,statewide,0.6678069233894348,1,84,65,80,Maharashtra,Sentinel-2 NDVI
2023-11-12,2023-11-19,46.0,2023,P040,19.870365190999156,80.00935144220881,Garhchiroli,normal,statewide,0.3997206687927246,1,84,65,80,Maharashtra,Sentinel-2 NDVI
2023-11-12,2023-11-19,46.0,2023,P041,21.127639946725598,80.1465044724107,Gondiya,normal,statewide,0.25512295961380005,1,84,65,80,Maharashtra,Sentinel-2 NDVI
2023-11-12,2023-11-19,46.0,2023,P043,21.574548890706154,80.25847249986273,Gondiya,normal,statewide,0.3655312657356262,1,84,65,80,Maharashtra,Sentinel-2 NDVI
2023-11-12,2023-11-19,46.0,2023,P045,19.655900266732623,77.2407892392464,Hingoli,normal,statewide,0.2969975471496582,1,84,65,80,Maharashtra,Sentinel-2 NDVI
2023-11-12,2023-11-19,46.0,2023,P046,19.566758377573187,77.1442675378435,Hingoli,normal,statewide,0.5838719606399536,1,84,65,80,Maharashtra,Sentinel-2 NDVI
2023-11-12,2023-11-19,46.0,2023,P047,19.47860194974656,76.9526242927685,Hingoli,normal,statewide,0.5450178384780884,1,84,65,80,Maharashtra,Sentinel-2 NDVI
2023-11-12,2023-11-19,46.0,2023,P048,19.927981235710728,77.14910120338544,Hingoli,normal,statewide,0.3925822377204895,1,84,65,80,Maharashtra,Sentinel-2 NDVI
2023-11-12,2023-11-19,46.0,2023,P049,21.292738163229433,76.10816865346904,Jalgaon,normal,statewide,0.651199996471405,1,84,65,80,Maharashtra,Sentinel-2 NDVI
2023-11-12,2023-11-19,46.0,2023,P050,21.386178625804387,75.43363151891216,Jalgaon,normal,statewide,0.17241379618644714,1,84,65,80,Maharashtra,Sentinel-2 NDVI
2023-11-12,2023-11-19,46.0,2023,P051,21.112064306745907,76.10682200495089,Jalgaon,normal,statewide,0.8466066122055054,1,84,65,80,Maharashtra,Sentinel-2 NDVI
2023-11-12,2023-11-19,46.0,2023,P052,20.844437979720194,75.23982115072519,Jalgaon,normal,statewide,0.25232067704200745,1,84,65,80,Maharashtra,Sentinel-2 NDVI
2023-11-12,2023-11-19,46.0,2023,P053,19.486369703781666,76.00005328932718,Jalna,normal,statewide,0.2263595014810562,1,84,65,80,Maharashtra,Sentinel-2 NDVI
2023-11-12,2023-11-19,46.0,2023,P054,20.028502750758555,76.00343774702675,Jalna,normal,statewide,0.29538676142692566,1,84,65,80,Maharashtra,Sentinel-2 NDVI
2023-11-12,2023-11-19,46.0,2023,P055,19.75743845682064,76.00172991132328,Jalna,normal,statewide,0.6165540218353271,1,84,65,80,Maharashtra,Sentinel-2 NDVI
2023-11-12,2023-11-19,46.0,2023,P056,19.57768317515413,75.80993951591351,Jalna,normal,statewide,0.4390467405319214,1,84,65,80,Maharashtra,Sentinel-2 NDVI
2023-11-12,2023-11-19,46.0,2023,P057,16.776377793156257,74.29671235971928,Kolhapur,normal,statewide,0.3743337392807007,1,84,65,80,Maharashtra,Sentinel-2 NDVI
2023-11-12,2023-11-19,46.0,2023,P059,16.595891218916975,74.39111598812178,Kolhapur,normal,statewide,0.645948588848114,1,84,65,80,Maharashtra,Sentinel-2 NDVI
2023-11-12,2023-11-19,46.0,2023,P088,21.347803602138427,78.61442869606356,Nagpur,normal,statewide,0.7539213299751282,1,84,65,80,Maharashtra,Sentinel-2 NDVI
2023-11-12,2023-11-19,46.0,2023,P089,21.165377318940912,78.70615240473293,Nagpur,normal,statewide,0.578504204750061,1,84,65,80,Maharashtra,Sentinel-2 NDVI
2023-11-12,2023-11-19,46.0,2023,P090,19.201968238592887,77.42470040309472,Nanded,normal,statewide,0.3421342074871063,1,84,65,80,Maharashtra,Sentinel-2 NDVI
2023-11-12,2023-11-19,46.0,2023,P091,18.566038000956755,77.69963965584807,Nanded,normal,statewide,0.24255354702472687,1,84,65,80,Maharashtra,Sentinel-2 NDVI
2023-11-12,2023-11-19,46.0,2023,P092,19.736596618496833,77.90946265591798,Nanded,normal,statewide,0.7196069955825806,1,84,65,80,Maharashtra,Sentinel-2 NDVI
2023-11-12,2023-11-19,46.0,2023,P093,18.93564842817583,77.04115528508362,Nanded,normal,statewide,0.5579741597175598,1,84,65,80,Maharashtra,Sentinel-2 NDVI
2023-11-12,2023-11-19,46.0,2023,P094,21.564917232430716,74.08292967791392,Nandurbar,normal,statewide,0.44740766286849976,1,84,65,80,Maharashtra,Sentinel-2 NDVI
2023-11-12,2023-11-19,46.0,2023,P095,21.5662594218478,74.37266422796263,Nandurbar,normal,statewide,0.1932675540447235,1,84,65,80,Maharashtra,Sentinel-2 NDVI
2023-11-12,2023-11-19,46.0,2023,P096,21.385179787168415,74.27697637845674,Nandurbar,normal,statewide,0.1645813286304474,1,84,65,80,Maharashtra,Sentinel-2 NDVI
2023-11-12,2023-11-19,46.0,2023,P097,21.565421110849755,74.17950488852946,Nandurbar,normal,statewide,0.7438856959342957,1,84,65,80,Maharashtra,Sentinel-2 NDVI
2023-11-12,2023-11-19,46.0,2023,P098,20.299553667393326,73.99482675929994,Nashik,normal,statewide,0.3728489577770233,1,84,65,80,Maharashtra,Sentinel-2 NDVI
2023-11-12,2023-11-19,46.0,2023,P099,20.120253214034264,74.28296495117151,Nashik,normal,statewide,0.10021881759166718,1,84,65,80,Maharashtra,Sentinel-2 NDVI
2023-11-12,2023-11-19,46.0,2023,P100,20.389903972938242,73.99424261706194,Nashik,normal,statewide,0.19976972043514252,1,84,65,80,Maharashtra,Sentinel-2 NDVI
2023-11-12,2023-11-19,46.0,2023,P101,20.029015547379707,74.09216447619562,Nashik,normal,statewide,0.1895812451839447,1,84,65,80,Maharashtra,Sentinel-2 NDVI
2023-11-12,2023-11-19,46.0,2023,P102,17.85749130266526,76.36802722645965,Osmanabad,normal,statewide,0.19057399034500122,1,84,65,80,Maharashtra,Sentinel-2 NDVI
2023-11-12,2023-11-19,46.0,2023,P103,17.76644983645705,76.46164605307673,Osmanabad,normal,statewide,0.8484015464782715,1,84,65,80,Maharashtra,Sentinel-2 NDVI
2023-11-12,2023-11-19,46.0,2023,P104,17.949094615606196,76.17989775301476,Osmanabad,normal,statewide,0.1771382987499237,1,84,65,80,Maharashtra,Sentinel-2 NDVI
2023-11-12,2023-11-19,46.0,2023,P105,18.584360447185368,75.61558067829696,Osmanabad,normal,statewide,0.4617061913013458,1,84,65,80,Maharashtra,Sentinel-2 NDVI
2023-11-12,2023-11-19,46.0,2023,P106,19.031389786894366,76.47235681380711,Parbhani,normal,statewide,0.23933640122413635,1,84,65,80,Maharashtra,Sentinel-2 NDVI
2023-11-12,2023-11-19,46.0,2023,P107,19.120950831552832,76.56820519095093,Parbhani,normal,statewide,0.4905305802822113,1,84,65,80,Maharashtra,Sentinel-2 NDVI
2023-11-12,2023-11-19,46.0,2023,P108,19.208625676465683,76.85432786914635,Parbhani,normal,statewide,0.5326674580574036,1,84,65,80,Maharashtra,Sentinel-2 NDVI
2023-11-12,2023-11-19,46.0,2023,P109,19.212081479782103,76.47396209018636,Parbhani,normal,statewide,0.4072995185852051,1,84,65,80,Maharashtra,Sentinel-2 NDVI
2023-11-12,2023-11-19,46.0,2023,P110,18.133442771357757,75.04679558432363,Pune,normal,statewide,0.718605637550354,1,84,65,80,Maharashtra,Sentinel-2 NDVI
2023-11-12,2023-11-19,46.0,2023,P111,18.584645829652782,74.47919215212944,Pune,normal,statewide,0.441022664308548,1,84,65,80,Maharashtra,Sentinel-2 NDVI
2023-11-12,2023-11-19,46.0,2023,P112,18.132979024848197,74.57507620208169,Pune,normal,statewide,0.22902971506118774,1,84,65,80,Maharashtra,Sentinel-2 NDVI
2023-11-12,2023-11-19,46.0,2023,P113,18.314072036830744,74.76389683618987,Pune,normal,statewide,0.6537102460861206,1,84,65,80,Maharashtra,Sentinel-2 NDVI
2023-11-12,2023-11-19,46.0,2023,P114,18.48503397121986,73.0589238755964,Raigarh,normal,statewide,0.3793638348579407,1,84,65,80,Maharashtra,Sentinel-2 NDVI
2023-11-12,2023-11-19,46.0,2023,P115,18.665689991299164,73.05687714821288,Raigarh,normal,statewide,0.3154121935367584,1,84,65,80,Maharashtra,Sentinel-2 NDVI
2023-11-12,2023-11-19,46.0,2023,P116,18.306197264370358,73.25009891506079,Raigarh,normal,statewide,0.7313432693481445,1,84,65,80,Maharashtra,Sentinel-2 NDVI
2023-11-12,2023-11-19,46.0,2023,P117,18.21404102289879,73.06194714611064,Raigarh,normal,statewide,0.3107650578022003,1,84,65,80,Maharashtra,Sentinel-2 NDVI
2023-11-12,2023-11-19,46.0,2023,P118,17.138719885658215,75.42259970290594,Sangli,normal,statewide,0.39339151978492737,1,84,65,80,Maharashtra,Sentinel-2 NDVI
2023-11-12,2023-11-19,46.0,2023,P119,17.048761981005992,74.95348443567921,Sangli,normal,statewide,0.38232237100601196,1,84,65,80,Maharashtra,Sentinel-2 NDVI
2023-11-12,2023-11-19,46.0,2023,P120,16.86707144948229,74.39025538161847,Sangli,normal,statewide,0.6703176498413086,1,84,65,80,Maharashtra,Sentinel-2 NDVI
2023-11-12,2023-11-19,46.0,2023,P121,17.048503353144895,74.67157114887826,Sangli,normal,statewide,0.33850932121276855,1,84,65,80,Maharashtra,Sentinel-2 NDVI
2023-11-12,2023-11-19,46.0,2023,P148,17.67852974098626,76.08383979812143,Solapur,normal,statewide,0.2874291241168976,1,84,65,80,Maharashtra,Sentinel-2 NDVI
2023-11-12,2023-11-19,46.0,2023,P149,18.223365003201543,75.4251413905064,Solapur,normal,statewide,0.6376907825469971,1,84,65,80,Maharashtra,Sentinel-2 NDVI
2023-11-12,2023-11-19,46.0,2023,P150,17.952532582518405,75.23562067753285,Solapur,normal,statewide,0.5687134265899658,1,84,65,80,Maharashtra,Sentinel-2 NDVI
2023-11-12,2023-11-19,46.0,2023,P151,18.223690517578447,75.23598186471818,Solapur,normal,statewide,0.29061269760131836,1,84,65,80,Maharashtra,Sentinel-2 NDVI
2023-11-12,2023-11-19,46.0,2023,P152,19.658178867370932,72.94986318203122,Thane,normal,statewide,0.32889479398727417,1,84,65,80,Maharashtra,Sentinel-2 NDVI
2023-11-12,2023-11-19,46.0,2023,P153,19.65706409210757,72.8545320606096,Thane,normal,statewide,0.30502939224243164,1,84,65,80,Maharashtra,Sentinel-2 NDVI
2023-11-12,2023-11-19,46.0,2023,P154,19.477549601897948,72.95214624177059,Thane,normal,statewide,0.24010109901428223,1,84,65,80,Maharashtra,Sentinel-2 NDVI
2023-11-12,2023-11-19,46.0,2023,P155,19.83987385799569,73.0429959666335,Thane,normal,statewide,0.2804523706436157,1,84,65,80,Maharashtra,Sentinel-2 NDVI
2023-11-12,2023-11-19,46.0,2023,P156,20.806749657616468,78.60135461177485,Wardha,normal,statewide,0.4057532846927643,1,84,65,80,Maharashtra,Sentinel-2 NDVI
2023-11-12,2023-11-19,46.0,2023,P157,20.71031267913359,78.88671032458906,Wardha,normal,statewide,0.6225643157958984,1,84,65,80,Maharashtra,Sentinel-2 NDVI
2023-11-12,2023-11-19,46.0,2023,P158,21.081265295769754,78.41565980750515,Wardha,normal,statewide,0.5325314402580261,1,84,65,80,Maharashtra,Sentinel-2 NDVI
2023-11-12,2023-11-19,46.0,2023,P160,20.289186257444058,77.15404188735265,Washim,normal,statewide,0.18737202882766724,1,84,65,80,Maharashtra,Sentinel-2 NDVI
2023-11-12,2023-11-19,46.0,2023,P161,20.464607292886615,77.53975858757677,Washim,normal,statewide,0.5335601568222046,1,84,65,80,Maharashtra,Sentinel-2 NDVI
2023-11-12,2023-11-19,46.0,2023,P162,20.107393166596125,77.2471479173486,Washim,normal,statewide,0.3076202869415283,1,84,65,80,Maharashtra,Sentinel-2 NDVI
2023-11-12,2023-11-19,46.0,2023,P163,20.198885002010726,77.1527933390577,Washim,normal,statewide,0.2797558605670929,1,84,65,80,Maharashtra,Sentinel-2 NDVI
2023-11-12,2023-11-19,46.0,2023,P164,20.182854533723592,78.20447678161395,Yavatmal,normal,statewide,0.3304229974746704,1,84,65,80,Maharashtra,Sentinel-2 NDVI
2023-11-12,2023-11-19,46.0,2023,P166,19.468787468327925,77.71426550730338,Yavatmal,normal,statewide,0.6496437191963196,1,84,65,80,Maharashtra,Sentinel-2 NDVI
2023-11-12,2023-11-19,46.0,2023,P167,19.559057510053886,77.71577268345945,Yavatmal,normal,statewide,0.35248863697052,1,84,65,80,Maharashtra,Sentinel-2 NDVI
2023-11-19,2023-11-26,47.0,2023,P147,17.927231643141155,73.94769852026607,Satara,case_study,case_study,0.2813067138195038,1,84,65,80,Maharashtra,Sentinel-2 NDVI
2023-11-19,2023-11-26,47.0,2023,P061,18.507855650411397,76.91766048140843,Latur,high,priority,0.3830377161502838,1,84,65,80,Maharashtra,Sentinel-2 NDVI
2023-11-19,2023-11-26,47.0,2023,P062,18.422405896924207,76.3487594508077,Latur,high,priority,0.6029207110404968,1,84,65,80,Maharashtra,Sentinel-2 NDVI
2023-11-19,2023-11-26,47.0,2023,P063,18.235391198742693,77.05646783810116,Latur,high,priority,0.5737818479537964,1,84,65,80,Maharashtra,Sentinel-2 NDVI
2023-11-19,2023-11-26,47.0,2023,P065,18.331355512513895,76.44266811899327,Latur,high,priority,0.405624657869339,1,84,65,80,Maharashtra,Sentinel-2 NDVI
2023-11-19,2023-11-26,47.0,2023,P066,18.104739537876725,76.5352970251765,Latur,high,priority,0.6251572370529175,1,84,65,80,Maharashtra,Sentinel-2 NDVI
2023-11-19,2023-11-26,47.0,2023,P067,18.280552974211986,77.0569984711265,Latur,high,priority,0.5089383721351624,1,84,65,80,Maharashtra,Sentinel-2 NDVI
2023-11-19,2023-11-26,47.0,2023,P068,18.101823285787773,76.86595720469373,Latur,high,priority,0.6804812550544739,1,84,65,80,Maharashtra,Sentinel-2 NDVI
2023-11-19,2023-11-26,47.0,2023,P069,18.595075667016793,77.20284228928156,Latur,high,priority,0.7039858102798462,1,84,65,80,Maharashtra,Sentinel-2 NDVI
2023-11-19,2023-11-26,47.0,2023,P070,18.41499041187233,77.15322587185987,Latur,high,priority,0.822952151298523,1,84,65,80,Maharashtra,Sentinel-2 NDVI
2023-11-19,2023-11-26,47.0,2023,P071,18.149138807065885,76.63019561379593,Latur,high,priority,0.6748466491699219,1,84,65,80,Maharashtra,Sentinel-2 NDVI
2023-11-19,2023-11-26,47.0,2023,P072,18.283393421583035,76.77331492120734,Latur,high,priority,0.6354765892028809,1,84,65,80,Maharashtra,Sentinel-2 NDVI
2023-11-19,2023-11-26,47.0,2023,P074,18.50832831512306,76.870318205524,Latur,high,priority,0.6886643767356873,1,84,65,80,Maharashtra,Sentinel-2 NDVI
2023-11-19,2023-11-26,47.0,2023,P075,18.41444640154381,77.20053247493588,Latur,high,priority,0.3956076204776764,1,84,65,80,Maharashtra,Sentinel-2 NDVI
2023-11-19,2023-11-26,47.0,2023,P076,18.377877313804504,76.25376722106614,Latur,high,priority,0.4794265627861023,1,84,65,80,Maharashtra,Sentinel-2 NDVI
2023-11-19,2023-11-26,47.0,2023,P077,18.059564385104267,76.5349046242838,Latur,high,priority,0.7326152324676514,1,84,65,80,Maharashtra,Sentinel-2 NDVI
2023-11-19,2023-11-26,47.0,2023,P078,18.1008824154655,76.96042326051098,Latur,high,priority,0.4962758719921112,1,84,65,80,Maharashtra,Sentinel-2 NDVI
2023-11-19,2023-11-26,47.0,2023,P079,18.73508698099394,76.77797468180819,Latur,high,priority,0.664995551109314,1,84,65,80,Maharashtra,Sentinel-2 NDVI
2023-11-19,2023-11-26,47.0,2023,P081,18.10355787609756,76.67701617485712,Latur,high,priority,0.3257142901420593,1,84,65,80,Maharashtra,Sentinel-2 NDVI
2023-11-19,2023-11-26,47.0,2023,P082,18.23907887531389,76.67830931416262,Latur,high,priority,0.33650290966033936,1,84,65,80,Maharashtra,Sentinel-2 NDVI
2023-11-19,2023-11-26,47.0,2023,P083,18.369289085175563,77.19996171000103,Latur,high,priority,0.5015733242034912,1,84,65,80,Maharashtra,Sentinel-2 NDVI
2023-11-19,2023-11-26,47.0,2023,P084,18.46362582706226,76.82249880582684,Latur,high,priority,0.30468320846557617,1,84,65,80,Maharashtra,Sentinel-2 NDVI
2023-11-19,2023-11-26,47.0,2023,P085,18.14788579966987,76.77194597718393,Latur,high,priority,0.18806307017803192,1,84,65,80,Maharashtra,Sentinel-2 NDVI
2023-11-19,2023-11-26,47.0,2023,P124,17.43262815429294,74.647353771057,Satara,high,priority,0.07860489189624786,1,84,65,80,Maharashtra,Sentinel-2 NDVI
2023-11-19,2023-11-26,47.0,2023,P127,17.65773249367299,74.31694330119876,Satara,high,priority,0.4282616674900055,1,84,65,80,Maharashtra,Sentinel-2 NDVI
2023-11-19,2023-11-26,47.0,2023,P128,18.019949731345452,74.5517328080669,Satara,high,priority,0.24128834903240204,1,84,65,80,Maharashtra,Sentinel-2 NDVI
2023-11-19,2023-11-26,47.0,2023,P129,18.063234225271252,74.03192648006461,Satara,high,priority,0.16064979135990143,1,84,65,80,Maharashtra,Sentinel-2 NDVI
2023-11-19,2023-11-26,47.0,2023,P130,17.61135784271715,74.03436560834085,Satara,high,priority,0.29307568073272705,1,84,65,80,Maharashtra,Sentinel-2 NDVI
2023-11-19,2023-11-26,47.0,2023,P131,17.612539504496315,74.3171127470388,Satara,high,priority,0.7400274872779846,1,84,65,80,Maharashtra,Sentinel-2 NDVI
2023-11-19,2023-11-26,47.0,2023,P134,17.476429903940936,74.17634784498362,Satara,high,priority,0.6260048747062683,1,84,65,80,Maharashtra,Sentinel-2 NDVI
2023-11-19,2023-11-26,47.0,2023,P136,17.928520323345598,74.22149178404871,Satara,high,priority,0.32802829146385193,1,84,65,80,Maharashtra,Sentinel-2 NDVI
2023-11-19,2023-11-26,47.0,2023,P137,17.746687100588183,73.98648378122894,Satara,high,priority,0.2457943856716156,1,84,65,80,Maharashtra,Sentinel-2 NDVI
2023-11-19,2023-11-26,47.0,2023,P139,17.656773786946495,74.08126197411994,Satara,high,priority,0.6799816489219666,1,84,65,80,Maharashtra,Sentinel-2 NDVI
2023-11-19,2023-11-26,47.0,2023,P140,17.97464080554139,74.50462240543725,Satara,high,priority,0.7780010104179382,1,84,65,80,Maharashtra,Sentinel-2 NDVI
2023-11-19,2023-11-26,47.0,2023,P141,17.430826677467348,74.08239904488856,Satara,high,priority,0.7165493369102478,1,84,65,80,Maharashtra,Sentinel-2 NDVI
2023-11-19,2023-11-26,47.0,2023,P142,18.064447100757786,74.31538707493111,Satara,high,priority,0.5891572833061218,1,84,65,80,Maharashtra,Sentinel-2 NDVI
2023-11-19,2023-11-26,47.0,2023,P144,17.929452275465767,74.50474726026674,Satara,high,priority,0.8780134916305542,1,84,65,80,Maharashtra,Sentinel-2 NDVI
2023-11-19,2023-11-26,47.0,2023,P145,17.47773196144854,74.60017202281048,Satara,high,priority,0.2426108419895172,1,84,65,80,Maharashtra,Sentinel-2 NDVI
2023-11-19,2023-11-26,47.0,2023,P146,17.839182233739812,74.55218763637436,Satara,high,priority,0.7219803929328918,1,84,65,80,Maharashtra,Sentinel-2 NDVI
2023-11-19,2023-11-26,47.0,2023,P001,19.940457800458272,74.57045211428928,Ahmednagar,normal,statewide,0.2545686364173889,1,84,65,80,Maharashtra,Sentinel-2 NDVI
2023-11-19,2023-11-26,47.0,2023,P002,18.946729294293643,74.76302285238339,Ahmednagar,normal,statewide,0.3053191602230072,1,84,65,80,Maharashtra,Sentinel-2 NDVI
2023-11-19,2023-11-26,47.0,2023,P003,18.49469238410162,74.66892244285252,Ahmednagar,normal,statewide,0.05152470991015434,1,84,65,80,Maharashtra,Sentinel-2 NDVI
2023-11-19,2023-11-26,47.0,2023,P005,20.832153156317954,77.06560453615967,Akola,normal,statewide,0.822159469127655,1,84,65,80,Maharashtra,Sentinel-2 NDVI
2023-11-19,2023-11-26,47.0,2023,P006,20.834360411339407,76.87349308547405,Akola,normal,statewide,0.6162046790122986,1,84,65,80,Maharashtra,Sentinel-2 NDVI
2023-11-19,2023-11-26,47.0,2023,P007,21.014976299509232,76.87574047240498,Akola,normal,statewide,0.1687704473733902,1,84,65,80,Maharashtra,Sentinel-2 NDVI
2023-11-19,2023-11-26,47.0,2023,P008,20.828434266039377,77.35372489162701,Akola,normal,statewide,0.5937984585762024,1,84,65,80,Maharashtra,Sentinel-2 NDVI
2023-11-19,2023-11-26,47.0,2023,P009,21.360971327549258,77.94039543992572,Amravati,normal,statewide,0.5014888048171997,1,84,65,80,Maharashtra,Sentinel-2 NDVI
2023-11-19,2023-11-26,47.0,2023,P010,21.178803672212837,78.03301542790685,Amravati,normal,statewide,0.4424242377281189,1,84,65,80,Maharashtra,Sentinel-2 NDVI
2023-11-19,2023-11-26,47.0,2023,P011,20.814388097721018,78.21764450702477,Amravati,normal,statewide,0.20945554971694946,1,84,65,80,Maharashtra,Sentinel-2 NDVI
2023-11-19,2023-11-26,47.0,2023,P012,21.180502589714195,77.93681032267875,Amravati,normal,statewide,0.2705332338809967,1,84,65,80,Maharashtra,Sentinel-2 NDVI
2023-11-19,2023-11-26,47.0,2023,P014,19.760185263069562,75.14270192978114,Aurangabad,normal,statewide,0.2885212004184723,1,84,65,80,Maharashtra,Sentinel-2 NDVI
2023-11-19,2023-11-26,47.0,2023,P016,19.66981712112043,75.14262166596218,Aurangabad,normal,statewide,0.25921300053596497,1,84,65,80,Maharashtra,Sentinel-2 NDVI
2023-11-19,2023-11-26,47.0,2023,P017,21.04613203856966,79.85576216552393,Bhandara,normal,statewide,0.2847011089324951,1,84,65,80,Maharashtra,Sentinel-2 NDVI
2023-11-19,2023-11-26,47.0,2023,P018,21.31897105472685,79.76852877161537,Bhandara,normal,statewide,0.26514631509780884,1,84,65,80,Maharashtra,Sentinel-2 NDVI
2023-11-19,2023-11-26,47.0,2023,P019,21.40900922319803,79.77144948280537,Bhandara,normal,statewide,0.2551316022872925,1,84,65,80,Maharashtra,Sentinel-2 NDVI
2023-11-19,2023-11-26,47.0,2023,P020,21.144196588937042,79.57074980349083,Bhandara,normal,statewide,0.319273442029953,1,84,65,80,Maharashtra,Sentinel-2 NDVI
2023-11-19,2023-11-26,47.0,2023,P022,18.856499384477168,75.04699178476999,Bid,normal,statewide,0.434719979763031,1,84,65,80,Maharashtra,Sentinel-2 NDVI
2023-11-19,2023-11-26,47.0,2023,P023,19.126596053486494,75.6175605191647,Bid,normal,statewide,0.41394826769828796,1,84,65,80,Maharashtra,Sentinel-2 NDVI
2023-11-19,2023-11-26,47.0,2023,P024,18.763955201213946,75.90084720909012,Bid,normal,statewide,0.625986635684967,1,84,65,80,Maharashtra,Sentinel-2 NDVI
2023-11-19,2023-11-26,47.0,2023,P025,20.93073496240753,76.20164478885242,Buldana,normal,statewide,0.6713665723800659,1,84,65,80,Maharashtra,Sentinel-2 NDVI
2023-11-19,2023-11-26,47.0,2023,P026,20.838939908121294,76.39311412898633,Buldana,normal,statewide,0.39098912477493286,1,84,65,80,Maharashtra,Sentinel-2 NDVI
2023-11-19,2023-11-26,47.0,2023,P027,20.657476790751314,76.48742857536776,Buldana,normal,statewide,0.3325619101524353,1,84,65,80,Maharashtra,Sentinel-2 NDVI
2023-11-19,2023-11-26,47.0,2023,P028,20.47967013624516,76.10222021266374,Buldana,normal,statewide,0.4961075782775879,1,84,65,80,Maharashtra,Sentinel-2 NDVI
2023-11-19,2023-11-26,47.0,2023,P029,20.32317798477448,79.92829390325927,Chandrapur,normal,statewide,0.2865377962589264,1,84,65,80,Maharashtra,Sentinel-2 NDVI
2023-11-19,2023-11-26,47.0,2023,P030,20.60872097983294,79.36304041732026,Chandrapur,normal,statewide,0.3600381016731262,1,84,65,80,Maharashtra,Sentinel-2 NDVI
2023-11-19,2023-11-26,47.0,2023,P031,20.511160307884595,79.64732594588165,Chandrapur,normal,statewide,0.34174036979675293,1,84,65,80,Maharashtra,Sentinel-2 NDVI
2023-11-19,2023-11-26,47.0,2023,P032,20.598621115946884,79.74569817422172,Chandrapur,normal,statewide,0.37135615944862366,1,84,65,80,Maharashtra,Sentinel-2 NDVI
2023-11-19,2023-11-26,47.0,2023,P033,21.38667804512237,75.14422248324037,Dhule,normal,statewide,0.39098450541496277,1,84,65,80,Maharashtra,Sentinel-2 NDVI
2023-11-19,2023-11-26,47.0,2023,P034,21.025151968113196,74.75989256344387,Dhule,normal,statewide,0.2757238447666168,1,84,65,80,Maharashtra,Sentinel-2 NDVI
2023-11-19,2023-11-26,47.0,2023,P035,21.477028350667293,74.85568743137505,Dhule,normal,statewide,0.18822678923606873,1,84,65,80,Maharashtra,Sentinel-2 NDVI
2023-11-19,2023-11-26,47.0,2023,P036,20.933820660336515,74.37533522949364,Dhule,normal,statewide,0.40907809138298035,1,84,65,80,Maharashtra,Sentinel-2 NDVI
2023-11-19,2023-11-26,47.0,2023,P037,19.963056524597132,79.91698116388667,Garhchiroli,normal,statewide,0.23043477535247803,1,84,65,80,Maharashtra,Sentinel-2 NDVI
2023-11-19,2023-11-26,47.0,2023,P038,19.062661462582188,79.88977172925856,Garhchiroli,normal,statewide,0.7519536018371582,1,84,65,80,Maharashtra,Sentinel-2 NDVI
2023-11-19,2023-11-26,47.0,2023,P039,19.510270485428137,79.9981368030594,Garhchiroli,normal,statewide,0.453125,1,84,65,80,Maharashtra,Sentinel-2 NDVI
2023-11-19,2023-11-26,47.0,2023,P040,19.870365190999156,80.00935144220881,Garhchiroli,normal,statewide,0.3662002980709076,1,84,65,80,Maharashtra,Sentinel-2 NDVI
2023-11-19,2023-11-26,47.0,2023,P041,21.127639946725598,80.1465044724107,Gondiya,normal,statewide,0.22428351640701294,1,84,65,80,Maharashtra,Sentinel-2 NDVI
2023-11-19,2023-11-26,47.0,2023,P042,21.397598383602258,80.15591763473452,Gondiya,normal,statewide,0.3085077404975891,1,84,65,80,Maharashtra,Sentinel-2 NDVI
2023-11-19,2023-11-26,47.0,2023,P043,21.574548890706154,80.25847249986273,Gondiya,normal,statewide,0.32609090209007263,1,84,65,80,Maharashtra,Sentinel-2 NDVI
2023-11-19,2023-11-26,47.0,2023,P044,21.211649410572516,80.34153217518526,Gondiya,normal,statewide,0.39289239048957825,1,84,65,80,Maharashtra,Sentinel-2 NDVI
2023-11-19,2023-11-26,47.0,2023,P045,19.655900266732623,77.2407892392464,Hingoli,normal,statewide,0.29039302468299866,1,84,65,80,Maharashtra,Sentinel-2 NDVI
2023-11-19,2023-11-26,47.0,2023,P046,19.566758377573187,77.1442675378435,Hingoli,normal,statewide,0.5938697457313538,1,84,65,80,Maharashtra,Sentinel-2 NDVI
2023-11-19,2023-11-26,47.0,2023,P047,19.47860194974656,76.9526242927685,Hingoli,normal,statewide,0.460086852312088,1,84,65,80,Maharashtra,Sentinel-2 NDVI
2023-11-19,2023-11-26,47.0,2023,P048,19.927981235710728,77.14910120338544,Hingoli,normal,statewide,0.3379693925380707,1,84,65,80,Maharashtra,Sentinel-2 NDVI
2023-11-19,2023-11-26,47.0,2023,P049,21.292738163229433,76.10816865346904,Jalgaon,normal,statewide,0.5289652347564697,1,84,65,80,Maharashtra,Sentinel-2 NDVI
2023-11-19,2023-11-26,47.0,2023,P050,21.386178625804387,75.43363151891216,Jalgaon,normal,statewide,0.1431078016757965,1,84,65,80,Maharashtra,Sentinel-2 NDVI
2023-11-19,2023-11-26,47.0,2023,P052,20.844437979720194,75.23982115072519,Jalgaon,normal,statewide,0.20942085981369019,1,84,65,80,Maharashtra,Sentinel-2 NDVI
2023-11-19,2023-11-26,47.0,2023,P053,19.486369703781666,76.00005328932718,Jalna,normal,statewide,0.28117313981056213,1,84,65,80,Maharashtra,Sentinel-2 NDVI
2023-11-19,2023-11-26,47.0,2023,P054,20.028502750758555,76.00343774702675,Jalna,normal,statewide,0.26371994614601135,1,84,65,80,Maharashtra,Sentinel-2 NDVI
2023-11-19,2023-11-26,47.0,2023,P055,19.75743845682064,76.00172991132328,Jalna,normal,statewide,0.6684263944625854,1,84,65,80,Maharashtra,Sentinel-2 NDVI
2023-11-19,2023-11-26,47.0,2023,P056,19.57768317515413,75.80993951591351,Jalna,normal,statewide,0.44183748960494995,1,84,65,80,Maharashtra,Sentinel-2 NDVI
2023-11-19,2023-11-26,47.0,2023,P057,16.776377793156257,74.29671235971928,Kolhapur,normal,statewide,0.39059966802597046,1,84,65,80,Maharashtra,Sentinel-2 NDVI
2023-11-19,2023-11-26,47.0,2023,P059,16.595891218916975,74.39111598812178,Kolhapur,normal,statewide,0.7184919118881226,1,84,65,80,Maharashtra,Sentinel-2 NDVI
2023-11-19,2023-11-26,47.0,2023,P086,21.054127206758487,79.56798961993874,Nagpur,normal,statewide,0.4751279056072235,1,84,65,80,Maharashtra,Sentinel-2 NDVI
2023-11-19,2023-11-26,47.0,2023,P087,21.146765031143822,79.47473643960802,Nagpur,normal,statewide,0.6077877879142761,1,84,65,80,Maharashtra,Sentinel-2 NDVI
2023-11-19,2023-11-26,47.0,2023,P088,21.347803602138427,78.61442869606356,Nagpur,normal,statewide,0.684903621673584,1,84,65,80,Maharashtra,Sentinel-2 NDVI
2023-11-19,2023-11-26,47.0,2023,P089,21.165377318940912,78.70615240473293,Nagpur,normal,statewide,0.5326757431030273,1,84,65,80,Maharashtra,Sentinel-2 NDVI
2023-11-19,2023-11-26,47.0,2023,P090,19.201968238592887,77.42470040309472,Nanded,normal,statewide,0.3469865322113037,1,84,65,80,Maharashtra,Sentinel-2 NDVI
2023-11-19,2023-11-26,47.0,2023,P092,19.736596618496833,77.90946265591798,Nanded,normal,statewide,0.7140098214149475,1,84,65,80,Maharashtra,Sentinel-2 NDVI
2023-11-19,2023-11-26,47.0,2023,P093,18.93564842817583,77.04115528508362,Nanded,normal,statewide,0.5279578566551208,1,84,65,80,Maharashtra,Sentinel-2 NDVI
2023-11-19,2023-11-26,47.0,2023,P094,21.564917232430716,74.08292967791392,Nandurbar,normal,statewide,0.4574434757232666,1,84,65,80,Maharashtra,Sentinel-2 NDVI
2023-11-19,2023-11-26,47.0,2023,P095,21.5662594218478,74.37266422796263,Nandurbar,normal,statewide,0.20955882966518402,1,84,65,80,Maharashtra,Sentinel-2 NDVI
2023-11-19,2023-11-26,47.0,2023,P096,21.385179787168415,74.27697637845674,Nandurbar,normal,statewide,0.1542637199163437,1,84,65,80,Maharashtra,Sentinel-2 NDVI
2023-11-19,2023-11-26,47.0,2023,P097,21.565421110849755,74.17950488852946,Nandurbar,normal,statewide,0.641563892364502,1,84,65,80,Maharashtra,Sentinel-2 NDVI
2023-11-19,2023-11-26,47.0,2023,P099,20.120253214034264,74.28296495117151,Nashik,normal,statewide,0.1622564047574997,1,84,65,80,Maharashtra,Sentinel-2 NDVI
2023-11-19,2023-11-26,47.0,2023,P100,20.389903972938242,73.99424261706194,Nashik,normal,statewide,0.17729653418064117,1,84,65,80,Maharashtra,Sentinel-2 NDVI
2023-11-19,2023-11-26,47.0,2023,P101,20.029015547379707,74.09216447619562,Nashik,normal,statewide,0.21060776710510254,1,84,65,80,Maharashtra,Sentinel-2 NDVI
2023-11-19,2023-11-26,47.0,2023,P102,17.85749130266526,76.36802722645965,Osmanabad,normal,statewide,0.17060637474060059,1,84,65,80,Maharashtra,Sentinel-2 NDVI
2023-11-19,2023-11-26,47.0,2023,P103,17.76644983645705,76.46164605307673,Osmanabad,normal,statewide,0.8133116960525513,1,84,65,80,Maharashtra,Sentinel-2 NDVI
2023-11-19,2023-11-26,47.0,2023,P105,18.584360447185368,75.61558067829696,Osmanabad,normal,statewide,0.3745565116405487,1,84,65,80,Maharashtra,Sentinel-2 NDVI
2023-11-19,2023-11-26,47.0,2023,P106,19.031389786894366,76.47235681380711,Parbhani,normal,statewide,0.20821918547153473,1,84,65,80,Maharashtra,Sentinel-2 NDVI
2023-11-19,2023-11-26,47.0,2023,P107,19.120950831552832,76.56820519095093,Parbhani,normal,statewide,0.5413584113121033,1,84,65,80,Maharashtra,Sentinel-2 NDVI
2023-11-19,2023-11-26,47.0,2023,P108,19.208625676465683,76.85432786914635,Parbhani,normal,statewide,0.6217522621154785,1,84,65,80,Maharashtra,Sentinel-2 NDVI
2023-11-19,2023-11-26,47.0,2023,P109,19.212081479782103,76.47396209018636,Parbhani,normal,statewide,0.43571707606315613,1,84,65,80,Maharashtra,Sentinel-2 NDVI
2023-11-19,2023-11-26,47.0,2023,P110,18.133442771357757,75.04679558432363,Pune,normal,statewide,0.7125895619392395,1,84,65,80,Maharashtra,Sentinel-2 NDVI
2023-11-19,2023-11-26,47.0,2023,P111,18.584645829652782,74.47919215212944,Pune,normal,statewide,0.4008667469024658,1,84,65,80,Maharashtra,Sentinel-2 NDVI
2023-11-19,2023-11-26,47.0,2023,P112,18.132979024848197,74.57507620208169,Pune,normal,statewide,0.25041303038597107,1,84,65,80,Maharashtra,Sentinel-2 NDVI
2023-11-19,2023-11-26,47.0,2023,P114,18.48503397121986,73.0589238755964,Raigarh,normal,statewide,0.30312034487724304,1,84,65,80,Maharashtra,Sentinel-2 NDVI
2023-11-19,2023-11-26,47.0,2023,P115,18.665689991299164,73.05687714821288,Raigarh,normal,statewide,0.24606060981750488,1,84,65,80,Maharashtra,Sentinel-2 NDVI
2023-11-19,2023-11-26,47.0,2023,P116,18.306197264370358,73.25009891506079,Raigarh,normal,statewide,0.6933386325836182,1,84,65,80,Maharashtra,Sentinel-2 NDVI
2023-11-19,2023-11-26,47.0,2023,P117,18.21404102289879,73.06194714611064,Raigarh,normal,statewide,0.265707790851593,1,84,65,80,Maharashtra,Sentinel-2 NDVI
2023-11-19,2023-11-26,47.0,2023,P118,17.138719885658215,75.42259970290594,Sangli,normal,statewide,0.3560267984867096,1,84,65,80,Maharashtra,Sentinel-2 NDVI
2023-11-19,2023-11-26,47.0,2023,P120,16.86707144948229,74.39025538161847,Sangli,normal,statewide,0.7294290065765381,1,84,65,80,Maharashtra,Sentinel-2 NDVI
2023-11-19,2023-11-26,47.0,2023,P121,17.048503353144895,74.67157114887826,Sangli,normal,statewide,0.3306953012943268,1,84,65,80,Maharashtra,Sentinel-2 NDVI
2023-11-19,2023-11-26,47.0,2023,P148,17.67852974098626,76.08383979812143,Solapur,normal,statewide,0.3110846281051636,1,84,65,80,Maharashtra,Sentinel-2 NDVI
2023-11-19,2023-11-26,47.0,2023,P150,17.952532582518405,75.23562067753285,Solapur,normal,statewide,0.5989104509353638,1,84,65,80,Maharashtra,Sentinel-2 NDVI
2023-11-19,2023-11-26,47.0,2023,P151,18.223690517578447,75.23598186471818,Solapur,normal,statewide,0.3330511748790741,1,84,65,80,Maharashtra,Sentinel-2 NDVI
2023-11-19,2023-11-26,47.0,2023,P152,19.658178867370932,72.94986318203122,Thane,normal,statewide,0.3867313861846924,1,84,65,80,Maharashtra,Sentinel-2 NDVI
2023-11-19,2023-11-26,47.0,2023,P153,19.65706409210757,72.8545320606096,Thane,normal,statewide,0.31532835960388184,1,84,65,80,Maharashtra,Sentinel-2 NDVI
2023-11-19,2023-11-26,47.0,2023,P154,19.477549601897948,72.95214624177059,Thane,normal,statewide,0.24610592424869537,1,84,65,80,Maharashtra,Sentinel-2 NDVI
2023-11-19,2023-11-26,47.0,2023,P155,19.83987385799569,73.0429959666335,Thane,normal,statewide,0.28334957361221313,1,84,65,80,Maharashtra,Sentinel-2 NDVI
2023-11-19,2023-11-26,47.0,2023,P156,20.806749657616468,78.60135461177485,Wardha,normal,statewide,0.4235127568244934,1,84,65,80,Maharashtra,Sentinel-2 NDVI
2023-11-19,2023-11-26,47.0,2023,P157,20.71031267913359,78.88671032458906,Wardha,normal,statewide,0.612470805644989,1,84,65,80,Maharashtra,Sentinel-2 NDVI
2023-11-19,2023-11-26,47.0,2023,P159,20.439854822938944,78.87986114537097,Wardha,normal,statewide,0.18717777729034424,1,84,65,80,Maharashtra,Sentinel-2 NDVI
2023-11-19,2023-11-26,47.0,2023,P160,20.289186257444058,77.15404188735265,Washim,normal,statewide,0.17997869849205017,1,84,65,80,Maharashtra,Sentinel-2 NDVI
2023-11-19,2023-11-26,47.0,2023,P161,20.464607292886615,77.53975858757677,Washim,normal,statewide,0.462184876203537,1,84,65,80,Maharashtra,Sentinel-2 NDVI
2023-11-19,2023-11-26,47.0,2023,P162,20.107393166596125,77.2471479173486,Washim,normal,statewide,0.2768937051296234,1,84,65,80,Maharashtra,Sentinel-2 NDVI
2023-11-19,2023-11-26,47.0,2023,P163,20.198885002010726,77.1527933390577,Washim,normal,statewide,0.2738853394985199,1,84,65,80,Maharashtra,Sentinel-2 NDVI
2023-11-19,2023-11-26,47.0,2023,P164,20.182854533723592,78.20447678161395,Yavatmal,normal,statewide,0.30790573358535767,1,84,65,80,Maharashtra,Sentinel-2 NDVI
2023-11-19,2023-11-26,47.0,2023,P165,19.894658373538324,79.05709703494229,Yavatmal,normal,statewide,0.7255739569664001,1,84,65,80,Maharashtra,Sentinel-2 NDVI
2023-11-19,2023-11-26,47.0,2023,P166,19.468787468327925,77.71426550730338,Yavatmal,normal,statewide,0.6257843971252441,1,84,65,80,Maharashtra,Sentinel-2 NDVI
2023-11-19,2023-11-26,47.0,2023,P167,19.559057510053886,77.71577268345945,Yavatmal,normal,statewide,0.361176073551178,1,84,65,80,Maharashtra,Sentinel-2 NDVI
2023-11-26,2023-12-03,48.0,2023,P061,18.507855650411397,76.91766048140843,Latur,high,priority,0.44966936111450195,1,57,65,80,Maharashtra,Sentinel-2 NDVI
2023-11-26,2023-12-03,48.0,2023,P062,18.422405896924207,76.3487594508077,Latur,high,priority,0.779485821723938,1,57,65,80,Maharashtra,Sentinel-2 NDVI
2023-11-26,2023-12-03,48.0,2023,P063,18.235391198742693,77.05646783810116,Latur,high,priority,0.5263724327087402,1,57,65,80,Maharashtra,Sentinel-2 NDVI
2023-11-26,2023-12-03,48.0,2023,P064,18.193056493341274,76.77240080549139,Latur,high,priority,0.6052319407463074,1,57,65,80,Maharashtra,Sentinel-2 NDVI
2023-11-26,2023-12-03,48.0,2023,P065,18.331355512513895,76.44266811899327,Latur,high,priority,0.45848265290260315,1,57,65,80,Maharashtra,Sentinel-2 NDVI
2023-11-26,2023-12-03,48.0,2023,P066,18.104739537876725,76.5352970251765,Latur,high,priority,0.6416463851928711,1,57,65,80,Maharashtra,Sentinel-2 NDVI
2023-11-26,2023-12-03,48.0,2023,P067,18.280552974211986,77.0569984711265,Latur,high,priority,0.5630556344985962,1,57,65,80,Maharashtra,Sentinel-2 NDVI
2023-11-26,2023-12-03,48.0,2023,P068,18.101823285787773,76.86595720469373,Latur,high,priority,0.702208936214447,1,57,65,80,Maharashtra,Sentinel-2 NDVI
2023-11-26,2023-12-03,48.0,2023,P069,18.595075667016793,77.20284228928156,Latur,high,priority,0.6283650398254395,1,57,65,80,Maharashtra,Sentinel-2 NDVI
2023-11-26,2023-12-03,48.0,2023,P070,18.41499041187233,77.15322587185987,Latur,high,priority,0.7745616436004639,1,57,65,80,Maharashtra,Sentinel-2 NDVI
2023-11-26,2023-12-03,48.0,2023,P071,18.149138807065885,76.63019561379593,Latur,high,priority,0.665859580039978,1,57,65,80,Maharashtra,Sentinel-2 NDVI
2023-11-26,2023-12-03,48.0,2023,P072,18.283393421583035,76.77331492120734,Latur,high,priority,0.7390047311782837,1,57,65,80,Maharashtra,Sentinel-2 NDVI
2023-11-26,2023-12-03,48.0,2023,P073,17.966315663874607,76.86453029235662,Latur,high,priority,0.2815244793891907,1,57,65,80,Maharashtra,Sentinel-2 NDVI
2023-11-26,2023-12-03,48.0,2023,P074,18.50832831512306,76.870318205524,Latur,high,priority,0.7549148201942444,1,57,65,80,Maharashtra,Sentinel-2 NDVI
2023-11-26,2023-12-03,48.0,2023,P075,18.41444640154381,77.20053247493588,Latur,high,priority,0.42465752363204956,1,57,65,80,Maharashtra,Sentinel-2 NDVI
2023-11-26,2023-12-03,48.0,2023,P076,18.377877313804504,76.25376722106614,Latur,high,priority,0.4870256185531616,1,57,65,80,Maharashtra,Sentinel-2 NDVI
2023-11-26,2023-12-03,48.0,2023,P077,18.059564385104267,76.5349046242838,Latur,high,priority,0.7224166989326477,1,57,65,80,Maharashtra,Sentinel-2 NDVI
2023-11-26,2023-12-03,48.0,2023,P078,18.1008824154655,76.96042326051098,Latur,high,priority,0.4858872890472412,1,57,65,80,Maharashtra,Sentinel-2 NDVI
2023-11-26,2023-12-03,48.0,2023,P079,18.73508698099394,76.77797468180819,Latur,high,priority,0.7084398865699768,1,57,65,80,Maharashtra,Sentinel-2 NDVI
2023-11-26,2023-12-03,48.0,2023,P080,18.46791548227568,76.3017694439065,Latur,high,priority,0.34016454219818115,1,57,65,80,Maharashtra,Sentinel-2 NDVI
2023-11-26,2023-12-03,48.0,2023,P081,18.10355787609756,76.67701617485712,Latur,high,priority,0.29558223485946655,1,57,65,80,Maharashtra,Sentinel-2 NDVI
2023-11-26,2023-12-03,48.0,2023,P082,18.23907887531389,76.67830931416262,Latur,high,priority,0.3345164358615875,1,57,65,80,Maharashtra,Sentinel-2 NDVI
2023-11-26,2023-12-03,48.0,2023,P083,18.369289085175563,77.19996171000103,Latur,high,priority,0.4233662486076355,1,57,65,80,Maharashtra,Sentinel-2 NDVI
2023-11-26,2023-12-03,48.0,2023,P084,18.46362582706226,76.82249880582684,Latur,high,priority,0.34046244621276855,1,57,65,80,Maharashtra,Sentinel-2 NDVI
2023-11-26,2023-12-03,48.0,2023,P085,18.14788579966987,76.77194597718393,Latur,high,priority,0.18466471135616302,1,57,65,80,Maharashtra,Sentinel-2 NDVI
2023-11-26,2023-12-03,48.0,2023,P126,17.205080227535593,74.13053949986157,Satara,high,priority,0.49852943420410156,1,57,65,80,Maharashtra,Sentinel-2 NDVI
2023-11-26,2023-12-03,48.0,2023,P133,17.25006363896275,74.08329532420031,Satara,high,priority,0.41162109375,1,57,65,80,Maharashtra,Sentinel-2 NDVI
2023-11-26,2023-12-03,48.0,2023,P137,17.746687100588183,73.98648378122894,Satara,high,priority,0.2711670398712158,1,57,65,80,Maharashtra,Sentinel-2 NDVI
2023-11-26,2023-12-03,48.0,2023,P141,17.430826677467348,74.08239904488856,Satara,high,priority,0.5363433957099915,1,57,65,80,Maharashtra,Sentinel-2 NDVI
2023-11-26,2023-12-03,48.0,2023,P144,17.929452275465767,74.50474726026674,Satara,high,priority,0.5989788770675659,1,57,65,80,Maharashtra,Sentinel-2 NDVI
2023-11-26,2023-12-03,48.0,2023,P146,17.839182233739812,74.55218763637436,Satara,high,priority,0.5797021389007568,1,57,65,80,Maharashtra,Sentinel-2 NDVI
2023-11-26,2023-12-03,48.0,2023,P001,19.940457800458272,74.57045211428928,Ahmednagar,normal,statewide,0.3091621696949005,1,57,65,80,Maharashtra,Sentinel-2 NDVI
2023-11-26,2023-12-03,48.0,2023,P003,18.49469238410162,74.66892244285252,Ahmednagar,normal,statewide,0.34268537163734436,1,57,65,80,Maharashtra,Sentinel-2 NDVI
2023-11-26,2023-12-03,48.0,2023,P005,20.832153156317954,77.06560453615967,Akola,normal,statewide,0.6980926394462585,1,57,65,80,Maharashtra,Sentinel-2 NDVI
2023-11-26,2023-12-03,48.0,2023,P006,20.834360411339407,76.87349308547405,Akola,normal,statewide,0.567258894443512,1,57,65,80,Maharashtra,Sentinel-2 NDVI
2023-11-26,2023-12-03,48.0,2023,P008,20.828434266039377,77.35372489162701,Akola,normal,statewide,0.6085858345031738,1,57,65,80,Maharashtra,Sentinel-2 NDVI
2023-11-26,2023-12-03,48.0,2023,P009,21.360971327549258,77.94039543992572,Amravati,normal,statewide,0.6386528015136719,1,57,65,80,Maharashtra,Sentinel-2 NDVI
2023-11-26,2023-12-03,48.0,2023,P010,21.178803672212837,78.03301542790685,Amravati,normal,statewide,0.3937879204750061,1,57,65,80,Maharashtra,Sentinel-2 NDVI
2023-11-26,2023-12-03,48.0,2023,P011,20.814388097721018,78.21764450702477,Amravati,normal,statewide,0.22282244265079498,1,57,65,80,Maharashtra,Sentinel-2 NDVI
2023-11-26,2023-12-03,48.0,2023,P012,21.180502589714195,77.93681032267875,Amravati,normal,statewide,0.23578216135501862,1,57,65,80,Maharashtra,Sentinel-2 NDVI
2023-11-26,2023-12-03,48.0,2023,P014,19.760185263069562,75.14270192978114,Aurangabad,normal,statewide,0.3028654456138611,1,57,65,80,Maharashtra,Sentinel-2 NDVI
2023-11-26,2023-12-03,48.0,2023,P016,19.66981712112043,75.14262166596218,Aurangabad,normal,statewide,0.3501400649547577,1,57,65,80,Maharashtra,Sentinel-2 NDVI
2023-11-26,2023-12-03,48.0,2023,P017,21.04613203856966,79.85576216552393,Bhandara,normal,statewide,0.3104238212108612,1,57,65,80,Maharashtra,Sentinel-2 NDVI
2023-11-26,2023-12-03,48.0,2023,P019,21.40900922319803,79.77144948280537,Bhandara,normal,statewide,0.2560446262359619,1,57,65,80,Maharashtra,Sentinel-2 NDVI
2023-11-26,2023-12-03,48.0,2023,P020,21.144196588937042,79.57074980349083,Bhandara,normal,statewide,0.2972258925437927,1,57,65,80,Maharashtra,Sentinel-2 NDVI
2023-11-26,2023-12-03,48.0,2023,P024,18.763955201213946,75.90084720909012,Bid,normal,statewide,0.1624612659215927,1,57,65,80,Maharashtra,Sentinel-2 NDVI
2023-11-26,2023-12-03,48.0,2023,P028,20.47967013624516,76.10222021266374,Buldana,normal,statewide,0.6323529481887817,1,57,65,80,Maharashtra,Sentinel-2 NDVI
2023-11-26,2023-12-03,48.0,2023,P030,20.60872097983294,79.36304041732026,Chandrapur,normal,statewide,0.3533374071121216,1,57,65,80,Maharashtra,Sentinel-2 NDVI
2023-11-26,2023-12-03,48.0,2023,P031,20.511160307884595,79.64732594588165,Chandrapur,normal,statewide,0.2656514346599579,1,57,65,80,Maharashtra,Sentinel-2 NDVI
2023-11-26,2023-12-03,48.0,2023,P032,20.598621115946884,79.74569817422172,Chandrapur,normal,statewide,0.39143824577331543,1,57,65,80,Maharashtra,Sentinel-2 NDVI
2023-11-26,2023-12-03,48.0,2023,P038,19.062661462582188,79.88977172925856,Garhchiroli,normal,statewide,0.5813471674919128,1,57,65,80,Maharashtra,Sentinel-2 NDVI
2023-11-26,2023-12-03,48.0,2023,P039,19.510270485428137,79.9981368030594,Garhchiroli,normal,statewide,0.40805718302726746,1,57,65,80,Maharashtra,Sentinel-2 NDVI
2023-11-26,2023-12-03,48.0,2023,P040,19.870365190999156,80.00935144220881,Garhchiroli,normal,statewide,0.29728570580482483,1,57,65,80,Maharashtra,Sentinel-2 NDVI
2023-11-26,2023-12-03,48.0,2023,P041,21.127639946725598,80.1465044724107,Gondiya,normal,statewide,0.2594541311264038,1,57,65,80,Maharashtra,Sentinel-2 NDVI
2023-11-26,2023-12-03,48.0,2023,P042,21.397598383602258,80.15591763473452,Gondiya,normal,statewide,0.30576518177986145,1,57,65,80,Maharashtra,Sentinel-2 NDVI
2023-11-26,2023-12-03,48.0,2023,P043,21.574548890706154,80.25847249986273,Gondiya,normal,statewide,0.30439814925193787,1,57,65,80,Maharashtra,Sentinel-2 NDVI
2023-11-26,2023-12-03,48.0,2023,P044,21.211649410572516,80.34153217518526,Gondiya,normal,statewide,0.39550715684890747,1,57,65,80,Maharashtra,Sentinel-2 NDVI
2023-11-26,2023-12-03,48.0,2023,P045,19.655900266732623,77.2407892392464,Hingoli,normal,statewide,0.3896457850933075,1,57,65,80,Maharashtra,Sentinel-2 NDVI
2023-11-26,2023-12-03,48.0,2023,P046,19.566758377573187,77.1442675378435,Hingoli,normal,statewide,0.5473471879959106,1,57,65,80,Maharashtra,Sentinel-2 NDVI
2023-11-26,2023-12-03,48.0,2023,P047,19.47860194974656,76.9526242927685,Hingoli,normal,statewide,0.6521551609039307,1,57,65,80,Maharashtra,Sentinel-2 NDVI
2023-11-26,2023-12-03,48.0,2023,P048,19.927981235710728,77.14910120338544,Hingoli,normal,statewide,0.4216335415840149,1,57,65,80,Maharashtra,Sentinel-2 NDVI
2023-11-26,2023-12-03,48.0,2023,P051,21.112064306745907,76.10682200495089,Jalgaon,normal,statewide,0.9400913715362549,1,57,65,80,Maharashtra,Sentinel-2 NDVI
2023-11-26,2023-12-03,48.0,2023,P053,19.486369703781666,76.00005328932718,Jalna,normal,statewide,0.3564407229423523,1,57,65,80,Maharashtra,Sentinel-2 NDVI
2023-11-26,2023-12-03,48.0,2023,P054,20.028502750758555,76.00343774702675,Jalna,normal,statewide,0.20112594962120056,1,57,65,80,Maharashtra,Sentinel-2 NDVI
2023-11-26,2023-12-03,48.0,2023,P055,19.75743845682064,76.00172991132328,Jalna,normal,statewide,0.6323320865631104,1,57,65,80,Maharashtra,Sentinel-2 NDVI
2023-11-26,2023-12-03,48.0,2023,P056,19.57768317515413,75.80993951591351,Jalna,normal,statewide,0.29924649000167847,1,57,65,80,Maharashtra,Sentinel-2 NDVI
2023-11-26,2023-12-03,48.0,2023,P057,16.776377793156257,74.29671235971928,Kolhapur,normal,statewide,0.5106984376907349,1,57,65,80,Maharashtra,Sentinel-2 NDVI
2023-11-26,2023-12-03,48.0,2023,P059,16.595891218916975,74.39111598812178,Kolhapur,normal,statewide,0.7247484922409058,1,57,65,80,Maharashtra,Sentinel-2 NDVI
2023-11-26,2023-12-03,48.0,2023,P060,16.414811584237594,74.29802779453004,Kolhapur,normal,statewide,0.7049086689949036,1,57,65,80,Maharashtra,Sentinel-2 NDVI
2023-11-26,2023-12-03,48.0,2023,P087,21.146765031143822,79.47473643960802,Nagpur,normal,statewide,0.6341565251350403,1,57,65,80,Maharashtra,Sentinel-2 NDVI
2023-11-26,2023-12-03,48.0,2023,P088,21.347803602138427,78.61442869606356,Nagpur,normal,statewide,0.7484197020530701,1,57,65,80,Maharashtra,Sentinel-2 NDVI
2023-11-26,2023-12-03,48.0,2023,P089,21.165377318940912,78.70615240473293,Nagpur,normal,statewide,0.5726874470710754,1,57,65,80,Maharashtra,Sentinel-2 NDVI
2023-11-26,2023-12-03,48.0,2023,P091,18.566038000956755,77.69963965584807,Nanded,normal,statewide,0.3423982262611389,1,57,65,80,Maharashtra,Sentinel-2 NDVI
2023-11-26,2023-12-03,48.0,2023,P092,19.736596618496833,77.90946265591798,Nanded,normal,statewide,0.6281247735023499,1,57,65,80,Maharashtra,Sentinel-2 NDVI
2023-11-26,2023-12-03,48.0,2023,P093,18.93564842817583,77.04115528508362,Nanded,normal,statewide,0.5741546750068665,1,57,65,80,Maharashtra,Sentinel-2 NDVI
2023-11-26,2023-12-03,48.0,2023,P101,20.029015547379707,74.09216447619562,Nashik,normal,statewide,0.20238150656223297,1,57,65,80,Maharashtra,Sentinel-2 NDVI
2023-11-26,2023-12-03,48.0,2023,P102,17.85749130266526,76.36802722645965,Osmanabad,normal,statewide,0.1504283845424652,1,57,65,80,Maharashtra,Sentinel-2 NDVI
2023-11-26,2023-12-03,48.0,2023,P103,17.76644983645705,76.46164605307673,Osmanabad,normal,statewide,0.8387346267700195,1,57,65,80,Maharashtra,Sentinel-2 NDVI
2023-11-26,2023-12-03,48.0,2023,P104,17.949094615606196,76.17989775301476,Osmanabad,normal,statewide,0.17620433866977692,1,57,65,80,Maharashtra,Sentinel-2 NDVI
2023-11-26,2023-12-03,48.0,2023,P105,18.584360447185368,75.61558067829696,Osmanabad,normal,statewide,0.36899861693382263,1,57,65,80,Maharashtra,Sentinel-2 NDVI
2023-11-26,2023-12-03,48.0,2023,P107,19.120950831552832,76.56820519095093,Parbhani,normal,statewide,0.5292766690254211,1,57,65,80,Maharashtra,Sentinel-2 NDVI
2023-11-26,2023-12-03,48.0,2023,P109,19.212081479782103,76.47396209018636,Parbhani,normal,statewide,0.33466532826423645,1,57,65,80,Maharashtra,Sentinel-2 NDVI
2023-11-26,2023-12-03,48.0,2023,P114,18.48503397121986,73.0589238755964,Raigarh,normal,statewide,0.2709323465824127,1,57,65,80,Maharashtra,Sentinel-2 NDVI
2023-11-26,2023-12-03,48.0,2023,P115,18.665689991299164,73.05687714821288,Raigarh,normal,statewide,0.24761509895324707,1,57,65,80,Maharashtra,Sentinel-2 NDVI
2023-11-26,2023-12-03,48.0,2023,P116,18.306197264370358,73.25009891506079,Raigarh,normal,statewide,0.7273320555686951,1,57,65,80,Maharashtra,Sentinel-2 NDVI
2023-11-26,2023-12-03,48.0,2023,P117,18.21404102289879,73.06194714611064,Raigarh,normal,statewide,0.28143712878227234,1,57,65,80,Maharashtra,Sentinel-2 NDVI
2023-11-26,2023-12-03,48.0,2023,P118,17.138719885658215,75.42259970290594,Sangli,normal,statewide,0.35743391513824463,1,57,65,80,Maharashtra,Sentinel-2 NDVI
2023-11-26,2023-12-03,48.0,2023,P120,16.86707144948229,74.39025538161847,Sangli,normal,statewide,0.6922537684440613,1,57,65,80,Maharashtra,Sentinel-2 NDVI
2023-11-26,2023-12-03,48.0,2023,P121,17.048503353144895,74.67157114887826,Sangli,normal,statewide,0.3408338725566864,1,57,65,80,Maharashtra,Sentinel-2 NDVI
2023-11-26,2023-12-03,48.0,2023,P148,17.67852974098626,76.08383979812143,Solapur,normal,statewide,0.35690000653266907,1,57,65,80,Maharashtra,Sentinel-2 NDVI
2023-11-26,2023-12-03,48.0,2023,P152,19.658178867370932,72.94986318203122,Thane,normal,statewide,0.501960813999176,1,57,65,80,Maharashtra,Sentinel-2 NDVI
2023-11-26,2023-12-03,48.0,2023,P153,19.65706409210757,72.8545320606096,Thane,normal,statewide,0.3484213948249817,1,57,65,80,Maharashtra,Sentinel-2 NDVI
2023-11-26,2023-12-03,48.0,2023,P154,19.477549601897948,72.95214624177059,Thane,normal,statewide,0.3684210479259491,1,57,65,80,Maharashtra,Sentinel-2 NDVI
2023-11-26,2023-12-03,48.0,2023,P156,20.806749657616468,78.60135461177485,Wardha,normal,statewide,0.5822156071662903,1,57,65,80,Maharashtra,Sentinel-2 NDVI
2023-11-26,2023-12-03,48.0,2023,P157,20.71031267913359,78.88671032458906,Wardha,normal,statewide,0.6158986687660217,1,57,65,80,Maharashtra,Sentinel-2 NDVI
2023-11-26,2023-12-03,48.0,2023,P158,21.081265295769754,78.41565980750515,Wardha,normal,statewide,0.566227376461029,1,57,65,80,Maharashtra,Sentinel-2 NDVI
2023-11-26,2023-12-03,48.0,2023,P160,20.289186257444058,77.15404188735265,Washim,normal,statewide,0.5736842155456543,1,57,65,80,Maharashtra,Sentinel-2 NDVI
2023-11-26,2023-12-03,48.0,2023,P161,20.464607292886615,77.53975858757677,Washim,normal,statewide,0.6287732720375061,1,57,65,80,Maharashtra,Sentinel-2 NDVI
2023-11-26,2023-12-03,48.0,2023,P162,20.107393166596125,77.2471479173486,Washim,normal,statewide,0.3718120753765106,1,57,65,80,Maharashtra,Sentinel-2 NDVI
2023-11-26,2023-12-03,48.0,2023,P163,20.198885002010726,77.1527933390577,Washim,normal,statewide,0.22819654643535614,1,57,65,80,Maharashtra,Sentinel-2 NDVI
2023-11-26,2023-12-03,48.0,2023,P164,20.182854533723592,78.20447678161395,Yavatmal,normal,statewide,0.3282080888748169,1,57,65,80,Maharashtra,Sentinel-2 NDVI
2023-11-26,2023-12-03,48.0,2023,P165,19.894658373538324,79.05709703494229,Yavatmal,normal,statewide,0.6159754395484924,1,57,65,80,Maharashtra,Sentinel-2 NDVI
2023-11-26,2023-12-03,48.0,2023,P166,19.468787468327925,77.71426550730338,Yavatmal,normal,statewide,0.6142719388008118,1,57,65,80,Maharashtra,Sentinel-2 NDVI
2023-11-26,2023-12-03,48.0,2023,P167,19.559057510053886,77.71577268345945,Yavatmal,normal,statewide,0.4424980878829956,1,57,65,80,Maharashtra,Sentinel-2 NDVI
2023-12-03,2023-12-10,49.0,2023,P017,21.04613203856966,79.85576216552393,Bhandara,normal,statewide,0.3449920415878296,1,24,65,80,Maharashtra,Sentinel-2 NDVI
2023-12-03,2023-12-10,49.0,2023,P018,21.31897105472685,79.76852877161537,Bhandara,normal,statewide,0.543448269367218,1,24,65,80,Maharashtra,Sentinel-2 NDVI
2023-12-03,2023-12-10,49.0,2023,P019,21.40900922319803,79.77144948280537,Bhandara,normal,statewide,0.36405205726623535,1,24,65,80,Maharashtra,Sentinel-2 NDVI
2023-12-03,2023-12-10,49.0,2023,P020,21.144196588937042,79.57074980349083,Bhandara,normal,statewide,0.3962264060974121,1,24,65,80,Maharashtra,Sentinel-2 NDVI
2023-12-03,2023-12-10,49.0,2023,P029,20.32317798477448,79.92829390325927,Chandrapur,normal,statewide,0.5526838898658752,1,24,65,80,Maharashtra,Sentinel-2 NDVI
2023-12-03,2023-12-10,49.0,2023,P030,20.60872097983294,79.36304041732026,Chandrapur,normal,statewide,0.31936508417129517,1,24,65,80,Maharashtra,Sentinel-2 NDVI
2023-12-03,2023-12-10,49.0,2023,P031,20.511160307884595,79.64732594588165,Chandrapur,normal,statewide,0.2826465368270874,1,24,65,80,Maharashtra,Sentinel-2 NDVI
2023-12-03,2023-12-10,49.0,2023,P032,20.598621115946884,79.74569817422172,Chandrapur,normal,statewide,0.4166371822357178,1,24,65,80,Maharashtra,Sentinel-2 NDVI
2023-12-03,2023-12-10,49.0,2023,P037,19.963056524597132,79.91698116388667,Garhchiroli,normal,statewide,0.1930241733789444,1,24,65,80,Maharashtra,Sentinel-2 NDVI
2023-12-03,2023-12-10,49.0,2023,P038,19.062661462582188,79.88977172925856,Garhchiroli,normal,statewide,0.5759233832359314,1,24,65,80,Maharashtra,Sentinel-2 NDVI
2023-12-03,2023-12-10,49.0,2023,P039,19.510270485428137,79.9981368030594,Garhchiroli,normal,statewide,0.44410043954849243,1,24,65,80,Maharashtra,Sentinel-2 NDVI
2023-12-03,2023-12-10,49.0,2023,P040,19.870365190999156,80.00935144220881,Garhchiroli,normal,statewide,0.37816888093948364,1,24,65,80,Maharashtra,Sentinel-2 NDVI
2023-12-03,2023-12-10,49.0,2023,P041,21.127639946725598,80.1465044724107,Gondiya,normal,statewide,0.254408061504364,1,24,65,80,Maharashtra,Sentinel-2 NDVI
2023-12-03,2023-12-10,49.0,2023,P042,21.397598383602258,80.15591763473452,Gondiya,normal,statewide,0.3706742823123932,1,24,65,80,Maharashtra,Sentinel-2 NDVI
2023-12-03,2023-12-10,49.0,2023,P043,21.574548890706154,80.25847249986273,Gondiya,normal,statewide,0.3408380150794983,1,24,65,80,Maharashtra,Sentinel-2 NDVI
2023-12-03,2023-12-10,49.0,2023,P044,21.211649410572516,80.34153217518526,Gondiya,normal,statewide,0.45740872621536255,1,24,65,80,Maharashtra,Sentinel-2 NDVI
2023-12-03,2023-12-10,49.0,2023,P086,21.054127206758487,79.56798961993874,Nagpur,normal,statewide,0.5766164660453796,1,24,65,80,Maharashtra,Sentinel-2 NDVI
2023-12-03,2023-12-10,49.0,2023,P087,21.146765031143822,79.47473643960802,Nagpur,normal,statewide,0.6387639045715332,1,24,65,80,Maharashtra,Sentinel-2 NDVI
2023-12-03,2023-12-10,49.0,2023,P089,21.165377318940912,78.70615240473293,Nagpur,normal,statewide,0.5153167247772217,1,24,65,80,Maharashtra,Sentinel-2 NDVI
2023-12-03,2023-12-10,49.0,2023,P094,21.564917232430716,74.08292967791392,Nandurbar,normal,statewide,0.42434677481651306,1,24,65,80,Maharashtra,Sentinel-2 NDVI
2023-12-03,2023-12-10,49.0,2023,P114,18.48503397121986,73.0589238755964,Raigarh,normal,statewide,0.3129522502422333,1,24,65,80,Maharashtra,Sentinel-2 NDVI
2023-12-03,2023-12-10,49.0,2023,P115,18.665689991299164,73.05687714821288,Raigarh,normal,statewide,0.28816765546798706,1,24,65,80,Maharashtra,Sentinel-2 NDVI
2023-12-03,2023-12-10,49.0,2023,P116,18.306197264370358,73.25009891506079,Raigarh,normal,statewide,0.7702127695083618,1,24,65,80,Maharashtra,Sentinel-2 NDVI
2023-12-03,2023-12-10,49.0,2023,P117,18.21404102289879,73.06194714611064,Raigarh,normal,statewide,0.29674166440963745,1,24,65,80,Maharashtra,Sentinel-2 NDVI
2023-12-03,2023-12-10,49.0,2023,P152,19.658178867370932,72.94986318203122,Thane,normal,statewide,0.5321522951126099,1,24,65,80,Maharashtra,Sentinel-2 NDVI
2023-12-03,2023-12-10,49.0,2023,P153,19.65706409210757,72.8545320606096,Thane,normal,statewide,0.3604288101196289,1,24,65,80,Maharashtra,Sentinel-2 NDVI
2023-12-03,2023-12-10,49.0,2023,P154,19.477549601897948,72.95214624177059,Thane,normal,statewide,0.3709108829498291,1,24,65,80,Maharashtra,Sentinel-2 NDVI
2023-12-03,2023-12-10,49.0,2023,P155,19.83987385799569,73.0429959666335,Thane,normal,statewide,0.2588388919830322,1,24,65,80,Maharashtra,Sentinel-2 NDVI
2023-12-03,2023-12-10,49.0,2023,P156,20.806749657616468,78.60135461177485,Wardha,normal,statewide,0.582781195640564,1,24,65,80,Maharashtra,Sentinel-2 NDVI
2023-12-03,2023-12-10,49.0,2023,P157,20.71031267913359,78.88671032458906,Wardha,normal,statewide,0.5975216627120972,1,24,65,80,Maharashtra,Sentinel-2 NDVI
2023-12-03,2023-12-10,49.0,2023,P159,20.439854822938944,78.87986114537097,Wardha,normal,statewide,0.25842949748039246,1,24,65,80,Maharashtra,Sentinel-2 NDVI
2023-12-03,2023-12-10,49.0,2023,P165,19.894658373538324,79.05709703494229,Yavatmal,normal,statewide,0.5629791617393494,1,24,65,80,Maharashtra,Sentinel-2 NDVI
2023-12-10,2023-12-17,50.0,2023,P147,17.927231643141155,73.94769852026607,Satara,case_study,case_study,0.704059362411499,1,76,65,80,Maharashtra,Sentinel-2 NDVI
2023-12-10,2023-12-17,50.0,2023,P061,18.507855650411397,76.91766048140843,Latur,high,priority,0.4683450758457184,1,76,65,80,Maharashtra,Sentinel-2 NDVI
2023-12-10,2023-12-17,50.0,2023,P062,18.422405896924207,76.3487594508077,Latur,high,priority,0.7981818318367004,1,76,65,80,Maharashtra,Sentinel-2 NDVI
2023-12-10,2023-12-17,50.0,2023,P063,18.235391198742693,77.05646783810116,Latur,high,priority,0.5025996565818787,1,76,65,80,Maharashtra,Sentinel-2 NDVI
2023-12-10,2023-12-17,50.0,2023,P064,18.193056493341274,76.77240080549139,Latur,high,priority,0.5664845108985901,1,76,65,80,Maharashtra,Sentinel-2 NDVI
2023-12-10,2023-12-17,50.0,2023,P065,18.331355512513895,76.44266811899327,Latur,high,priority,0.5876363515853882,1,76,65,80,Maharashtra,Sentinel-2 NDVI
2023-12-10,2023-12-17,50.0,2023,P066,18.104739537876725,76.5352970251765,Latur,high,priority,0.5044669508934021,1,76,65,80,Maharashtra,Sentinel-2 NDVI
2023-12-10,2023-12-17,50.0,2023,P067,18.280552974211986,77.0569984711265,Latur,high,priority,0.5983100533485413,1,76,65,80,Maharashtra,Sentinel-2 NDVI
2023-12-10,2023-12-17,50.0,2023,P068,18.101823285787773,76.86595720469373,Latur,high,priority,0.6257873177528381,1,76,65,80,Maharashtra,Sentinel-2 NDVI
2023-12-10,2023-12-17,50.0,2023,P069,18.595075667016793,77.20284228928156,Latur,high,priority,0.5296609997749329,1,76,65,80,Maharashtra,Sentinel-2 NDVI
2023-12-10,2023-12-17,50.0,2023,P070,18.41499041187233,77.15322587185987,Latur,high,priority,0.7213520407676697,1,76,65,80,Maharashtra,Sentinel-2 NDVI
2023-12-10,2023-12-17,50.0,2023,P071,18.149138807065885,76.63019561379593,Latur,high,priority,0.5990325212478638,1,76,65,80,Maharashtra,Sentinel-2 NDVI
2023-12-10,2023-12-17,50.0,2023,P072,18.283393421583035,76.77331492120734,Latur,high,priority,0.7340199947357178,1,76,65,80,Maharashtra,Sentinel-2 NDVI
2023-12-10,2023-12-17,50.0,2023,P073,17.966315663874607,76.86453029235662,Latur,high,priority,0.2956259548664093,1,76,65,80,Maharashtra,Sentinel-2 NDVI
2023-12-10,2023-12-17,50.0,2023,P074,18.50832831512306,76.870318205524,Latur,high,priority,0.7693474888801575,1,76,65,80,Maharashtra,Sentinel-2 NDVI
2023-12-10,2023-12-17,50.0,2023,P075,18.41444640154381,77.20053247493588,Latur,high,priority,0.43781453371047974,1,76,65,80,Maharashtra,Sentinel-2 NDVI
2023-12-10,2023-12-17,50.0,2023,P076,18.377877313804504,76.25376722106614,Latur,high,priority,0.5342809557914734,1,76,65,80,Maharashtra,Sentinel-2 NDVI
2023-12-10,2023-12-17,50.0,2023,P077,18.059564385104267,76.5349046242838,Latur,high,priority,0.5671549439430237,1,76,65,80,Maharashtra,Sentinel-2 NDVI
2023-12-10,2023-12-17,50.0,2023,P078,18.1008824154655,76.96042326051098,Latur,high,priority,0.43351906538009644,1,76,65,80,Maharashtra,Sentinel-2 NDVI
2023-12-10,2023-12-17,50.0,2023,P079,18.73508698099394,76.77797468180819,Latur,high,priority,0.7403748035430908,1,76,65,80,Maharashtra,Sentinel-2 NDVI
2023-12-10,2023-12-17,50.0,2023,P080,18.46791548227568,76.3017694439065,Latur,high,priority,0.37592318654060364,1,76,65,80,Maharashtra,Sentinel-2 NDVI
2023-12-10,2023-12-17,50.0,2023,P081,18.10355787609756,76.67701617485712,Latur,high,priority,0.27415627241134644,1,76,65,80,Maharashtra,Sentinel-2 NDVI
2023-12-10,2023-12-17,50.0,2023,P082,18.23907887531389,76.67830931416262,Latur,high,priority,0.4292168617248535,1,76,65,80,Maharashtra,Sentinel-2 NDVI
2023-12-10,2023-12-17,50.0,2023,P083,18.369289085175563,77.19996171000103,Latur,high,priority,0.4933434724807739,1,76,65,80,Maharashtra,Sentinel-2 NDVI
2023-12-10,2023-12-17,50.0,2023,P084,18.46362582706226,76.82249880582684,Latur,high,priority,0.48382923007011414,1,76,65,80,Maharashtra,Sentinel-2 NDVI
2023-12-10,2023-12-17,50.0,2023,P085,18.14788579966987,76.77194597718393,Latur,high,priority,0.2246026247739792,1,76,65,80,Maharashtra,Sentinel-2 NDVI
2023-12-10,2023-12-17,50.0,2023,P122,17.88145897082753,73.8441448165019,Satara,high,priority,0.4893048405647278,1,76,65,80,Maharashtra,Sentinel-2 NDVI
2023-12-10,2023-12-17,50.0,2023,P123,17.386414030975025,74.27088970551878,Satara,high,priority,0.4623185098171234,1,76,65,80,Maharashtra,Sentinel-2 NDVI
2023-12-10,2023-12-17,50.0,2023,P124,17.43262815429294,74.647353771057,Satara,high,priority,0.2181197553873062,1,76,65,80,Maharashtra,Sentinel-2 NDVI
2023-12-10,2023-12-17,50.0,2023,P125,17.56734651531964,74.31728219287884,Satara,high,priority,0.546234130859375,1,76,65,80,Maharashtra,Sentinel-2 NDVI
2023-12-10,2023-12-17,50.0,2023,P126,17.205080227535593,74.13053949986157,Satara,high,priority,0.4626690745353699,1,76,65,80,Maharashtra,Sentinel-2 NDVI
2023-12-10,2023-12-17,50.0,2023,P127,17.65773249367299,74.31694330119876,Satara,high,priority,0.38553765416145325,1,76,65,80,Maharashtra,Sentinel-2 NDVI
2023-12-10,2023-12-17,50.0,2023,P128,18.019949731345452,74.5517328080669,Satara,high,priority,0.2893683612346649,1,76,65,80,Maharashtra,Sentinel-2 NDVI
2023-12-10,2023-12-17,50.0,2023,P129,18.063234225271252,74.03192648006461,Satara,high,priority,0.13240554928779602,1,76,65,80,Maharashtra,Sentinel-2 NDVI
2023-12-10,2023-12-17,50.0,2023,P130,17.61135784271715,74.03436560834085,Satara,high,priority,0.5641062259674072,1,76,65,80,Maharashtra,Sentinel-2 NDVI
2023-12-10,2023-12-17,50.0,2023,P131,17.612539504496315,74.3171127470388,Satara,high,priority,0.811922013759613,1,76,65,80,Maharashtra,Sentinel-2 NDVI
2023-12-10,2023-12-17,50.0,2023,P132,17.702176353872684,74.12817617630324,Satara,high,priority,0.7805495262145996,1,76,65,80,Maharashtra,Sentinel-2 NDVI
2023-12-10,2023-12-17,50.0,2023,P133,17.25006363896275,74.08329532420031,Satara,high,priority,0.6282839775085449,1,76,65,80,Maharashtra,Sentinel-2 NDVI
2023-12-10,2023-12-17,50.0,2023,P134,17.476429903940936,74.17634784498362,Satara,high,priority,0.51164311170578,1,76,65,80,Maharashtra,Sentinel-2 NDVI
2023-12-10,2023-12-17,50.0,2023,P135,17.882716437324603,74.0801070669471,Satara,high,priority,0.7556242346763611,1,76,65,80,Maharashtra,Sentinel-2 NDVI
2023-12-10,2023-12-17,50.0,2023,P136,17.928520323345598,74.22149178404871,Satara,high,priority,0.27292829751968384,1,76,65,80,Maharashtra,Sentinel-2 NDVI
2023-12-10,2023-12-17,50.0,2023,P137,17.746687100588183,73.98648378122894,Satara,high,priority,0.32595622539520264,1,76,65,80,Maharashtra,Sentinel-2 NDVI
2023-12-10,2023-12-17,50.0,2023,P138,17.61269557303319,74.36423652697161,Satara,high,priority,0.5736518502235413,1,76,65,80,Maharashtra,Sentinel-2 NDVI
2023-12-10,2023-12-17,50.0,2023,P139,17.656773786946495,74.08126197411994,Satara,high,priority,0.6675035357475281,1,76,65,80,Maharashtra,Sentinel-2 NDVI
2023-12-10,2023-12-17,50.0,2023,P140,17.97464080554139,74.50462240543725,Satara,high,priority,0.7618549466133118,1,76,65,80,Maharashtra,Sentinel-2 NDVI
2023-12-10,2023-12-17,50.0,2023,P141,17.430826677467348,74.08239904488856,Satara,high,priority,0.6447212100028992,1,76,65,80,Maharashtra,Sentinel-2 NDVI
2023-12-10,2023-12-17,50.0,2023,P142,18.064447100757786,74.31538707493111,Satara,high,priority,0.2286226898431778,1,76,65,80,Maharashtra,Sentinel-2 NDVI
2023-12-10,2023-12-17,50.0,2023,P143,17.70379500755509,74.6468275971327,Satara,high,priority,0.8236533403396606,1,76,65,80,Maharashtra,Sentinel-2 NDVI
2023-12-10,2023-12-17,50.0,2023,P144,17.929452275465767,74.50474726026674,Satara,high,priority,0.7416466474533081,1,76,65,80,Maharashtra,Sentinel-2 NDVI
2023-12-10,2023-12-17,50.0,2023,P145,17.47773196144854,74.60017202281048,Satara,high,priority,0.3220246136188507,1,76,65,80,Maharashtra,Sentinel-2 NDVI
2023-12-10,2023-12-17,50.0,2023,P146,17.839182233739812,74.55218763637436,Satara,high,priority,0.6685305833816528,1,76,65,80,Maharashtra,Sentinel-2 NDVI
2023-12-10,2023-12-17,50.0,2023,P001,19.940457800458272,74.57045211428928,Ahmednagar,normal,statewide,0.45272883772850037,1,76,65,80,Maharashtra,Sentinel-2 NDVI
2023-12-10,2023-12-17,50.0,2023,P002,18.946729294293643,74.76302285238339,Ahmednagar,normal,statewide,0.4332081377506256,1,76,65,80,Maharashtra,Sentinel-2 NDVI
2023-12-10,2023-12-17,50.0,2023,P003,18.49469238410162,74.66892244285252,Ahmednagar,normal,statewide,0.391719788312912,1,76,65,80,Maharashtra,Sentinel-2 NDVI
2023-12-10,2023-12-17,50.0,2023,P004,19.03720445466806,75.1420731965326,Ahmednagar,normal,statewide,0.644146740436554,1,76,65,80,Maharashtra,Sentinel-2 NDVI
2023-12-10,2023-12-17,50.0,2023,P005,20.832153156317954,77.06560453615967,Akola,normal,statewide,0.668156087398529,1,76,65,80,Maharashtra,Sentinel-2 NDVI
2023-12-10,2023-12-17,50.0,2023,P006,20.834360411339407,76.87349308547405,Akola,normal,statewide,0.6257088780403137,1,76,65,80,Maharashtra,Sentinel-2 NDVI
2023-12-10,2023-12-17,50.0,2023,P007,21.014976299509232,76.87574047240498,Akola,normal,statewide,0.2511415481567383,1,76,65,80,Maharashtra,Sentinel-2 NDVI
2023-12-10,2023-12-17,50.0,2023,P008,20.828434266039377,77.35372489162701,Akola,normal,statewide,0.5789473652839661,1,76,65,80,Maharashtra,Sentinel-2 NDVI
2023-12-10,2023-12-17,50.0,2023,P009,21.360971327549258,77.94039543992572,Amravati,normal,statewide,0.5289891362190247,1,76,65,80,Maharashtra,Sentinel-2 NDVI
2023-12-10,2023-12-17,50.0,2023,P010,21.178803672212837,78.03301542790685,Amravati,normal,statewide,0.42940226197242737,1,76,65,80,Maharashtra,Sentinel-2 NDVI
2023-12-10,2023-12-17,50.0,2023,P011,20.814388097721018,78.21764450702477,Amravati,normal,statewide,0.2610856294631958,1,76,65,80,Maharashtra,Sentinel-2 NDVI
2023-12-10,2023-12-17,50.0,2023,P012,21.180502589714195,77.93681032267875,Amravati,normal,statewide,0.30414795875549316,1,76,65,80,Maharashtra,Sentinel-2 NDVI
2023-12-10,2023-12-17,50.0,2023,P013,20.031289688916964,74.8570519162974,Aurangabad,normal,statewide,0.46319544315338135,1,76,65,80,Maharashtra,Sentinel-2 NDVI
2023-12-10,2023-12-17,50.0,2023,P014,19.760185263069562,75.14270192978114,Aurangabad,normal,statewide,0.431234210729599,1,76,65,80,Maharashtra,Sentinel-2 NDVI
2023-12-10,2023-12-17,50.0,2023,P015,19.9408189876436,74.76157364454102,Aurangabad,normal,statewide,0.510221004486084,1,76,65,80,Maharashtra,Sentinel-2 NDVI
2023-12-10,2023-12-17,50.0,2023,P016,19.66981712112043,75.14262166596218,Aurangabad,normal,statewide,0.32579997181892395,1,76,65,80,Maharashtra,Sentinel-2 NDVI
2023-12-10,2023-12-17,50.0,2023,P018,21.31897105472685,79.76852877161537,Bhandara,normal,statewide,0.6115342974662781,1,76,65,80,Maharashtra,Sentinel-2 NDVI
2023-12-10,2023-12-17,50.0,2023,P019,21.40900922319803,79.77144948280537,Bhandara,normal,statewide,0.36622390151023865,1,76,65,80,Maharashtra,Sentinel-2 NDVI
2023-12-10,2023-12-17,50.0,2023,P021,18.67502288980403,75.52108340877234,Bid,normal,statewide,0.8612193465232849,1,76,65,80,Maharashtra,Sentinel-2 NDVI
2023-12-10,2023-12-17,50.0,2023,P022,18.856499384477168,75.04699178476999,Bid,normal,statewide,0.27784761786460876,1,76,65,80,Maharashtra,Sentinel-2 NDVI
2023-12-10,2023-12-17,50.0,2023,P023,19.126596053486494,75.6175605191647,Bid,normal,statewide,0.648568332195282,1,76,65,80,Maharashtra,Sentinel-2 NDVI
2023-12-10,2023-12-17,50.0,2023,P024,18.763955201213946,75.90084720909012,Bid,normal,statewide,0.23357664048671722,1,76,65,80,Maharashtra,Sentinel-2 NDVI
2023-12-10,2023-12-17,50.0,2023,P025,20.93073496240753,76.20164478885242,Buldana,normal,statewide,0.6276770830154419,1,76,65,80,Maharashtra,Sentinel-2 NDVI
2023-12-10,2023-12-17,50.0,2023,P026,20.838939908121294,76.39311412898633,Buldana,normal,statewide,0.4161735773086548,1,76,65,80,Maharashtra,Sentinel-2 NDVI
2023-12-10,2023-12-17,50.0,2023,P027,20.657476790751314,76.48742857536776,Buldana,normal,statewide,0.5849275588989258,1,76,65,80,Maharashtra,Sentinel-2 NDVI
2023-12-10,2023-12-17,50.0,2023,P028,20.47967013624516,76.10222021266374,Buldana,normal,statewide,0.7248460054397583,1,76,65,80,Maharashtra,Sentinel-2 NDVI
2023-12-10,2023-12-17,50.0,2023,P029,20.32317798477448,79.92829390325927,Chandrapur,normal,statewide,0.562898576259613,1,76,65,80,Maharashtra,Sentinel-2 NDVI
2023-12-10,2023-12-17,50.0,2023,P030,20.60872097983294,79.36304041732026,Chandrapur,normal,statewide,0.3314383029937744,1,76,65,80,Maharashtra,Sentinel-2 NDVI
2023-12-10,2023-12-17,50.0,2023,P032,20.598621115946884,79.74569817422172,Chandrapur,normal,statewide,0.4159744381904602,1,76,65,80,Maharashtra,Sentinel-2 NDVI
2023-12-10,2023-12-17,50.0,2023,P033,21.38667804512237,75.14422248324037,Dhule,normal,statewide,0.5872581005096436,1,76,65,80,Maharashtra,Sentinel-2 NDVI
2023-12-10,2023-12-17,50.0,2023,P034,21.025151968113196,74.75989256344387,Dhule,normal,statewide,0.30844423174858093,1,76,65,80,Maharashtra,Sentinel-2 NDVI
2023-12-10,2023-12-17,50.0,2023,P035,21.477028350667293,74.85568743137505,Dhule,normal,statewide,0.36434173583984375,1,76,65,80,Maharashtra,Sentinel-2 NDVI
2023-12-10,2023-12-17,50.0,2023,P036,20.933820660336515,74.37533522949364,Dhule,normal,statewide,0.2938846945762634,1,76,65,80,Maharashtra,Sentinel-2 NDVI
2023-12-10,2023-12-17,50.0,2023,P037,19.963056524597132,79.91698116388667,Garhchiroli,normal,statewide,0.20503848791122437,1,76,65,80,Maharashtra,Sentinel-2 NDVI
2023-12-10,2023-12-17,50.0,2023,P038,19.062661462582188,79.88977172925856,Garhchiroli,normal,statewide,0.4773561954498291,1,76,65,80,Maharashtra,Sentinel-2 NDVI
2023-12-10,2023-12-17,50.0,2023,P039,19.510270485428137,79.9981368030594,Garhchiroli,normal,statewide,0.40878987312316895,1,76,65,80,Maharashtra,Sentinel-2 NDVI
2023-12-10,2023-12-17,50.0,2023,P042,21.397598383602258,80.15591763473452,Gondiya,normal,statewide,0.37496334314346313,1,76,65,80,Maharashtra,Sentinel-2 NDVI
2023-12-10,2023-12-17,50.0,2023,P043,21.574548890706154,80.25847249986273,Gondiya,normal,statewide,0.30983301997184753,1,76,65,80,Maharashtra,Sentinel-2 NDVI
2023-12-10,2023-12-17,50.0,2023,P044,21.211649410572516,80.34153217518526,Gondiya,normal,statewide,0.400581955909729,1,76,65,80,Maharashtra,Sentinel-2 NDVI
2023-12-10,2023-12-17,50.0,2023,P045,19.655900266732623,77.2407892392464,Hingoli,normal,statewide,0.530809223651886,1,76,65,80,Maharashtra,Sentinel-2 NDVI
2023-12-10,2023-12-17,50.0,2023,P046,19.566758377573187,77.1442675378435,Hingoli,normal,statewide,0.5190030932426453,1,76,65,80,Maharashtra,Sentinel-2 NDVI
2023-12-10,2023-12-17,50.0,2023,P047,19.47860194974656,76.9526242927685,Hingoli,normal,statewide,0.5125971436500549,1,76,65,80,Maharashtra,Sentinel-2 NDVI
2023-12-10,2023-12-17,50.0,2023,P048,19.927981235710728,77.14910120338544,Hingoli,normal,statewide,0.440443217754364,1,76,65,80,Maharashtra,Sentinel-2 NDVI
2023-12-10,2023-12-17,50.0,2023,P049,21.292738163229433,76.10816865346904,Jalgaon,normal,statewide,0.4809853136539459,1,76,65,80,Maharashtra,Sentinel-2 NDVI
2023-12-10,2023-12-17,50.0,2023,P050,21.386178625804387,75.43363151891216,Jalgaon,normal,statewide,0.1493862420320511,1,76,65,80,Maharashtra,Sentinel-2 NDVI
2023-12-10,2023-12-17,50.0,2023,P051,21.112064306745907,76.10682200495089,Jalgaon,normal,statewide,0.8852919936180115,1,76,65,80,Maharashtra,Sentinel-2 NDVI
2023-12-10,2023-12-17,50.0,2023,P052,20.844437979720194,75.23982115072519,Jalgaon,normal,statewide,0.4069439172744751,1,76,65,80,Maharashtra,Sentinel-2 NDVI
2023-12-10,2023-12-17,50.0,2023,P053,19.486369703781666,76.00005328932718,Jalna,normal,statewide,0.5737854242324829,1,76,65,80,Maharashtra,Sentinel-2 NDVI
2023-12-10,2023-12-17,50.0,2023,P054,20.028502750758555,76.00343774702675,Jalna,normal,statewide,0.2986336946487427,1,76,65,80,Maharashtra,Sentinel-2 NDVI
2023-12-10,2023-12-17,50.0,2023,P055,19.75743845682064,76.00172991132328,Jalna,normal,statewide,0.618941605091095,1,76,65,80,Maharashtra,Sentinel-2 NDVI
2023-12-10,2023-12-17,50.0,2023,P056,19.57768317515413,75.80993951591351,Jalna,normal,statewide,0.48243728280067444,1,76,65,80,Maharashtra,Sentinel-2 NDVI
2023-12-10,2023-12-17,50.0,2023,P057,16.776377793156257,74.29671235971928,Kolhapur,normal,statewide,0.6200565099716187,1,76,65,80,Maharashtra,Sentinel-2 NDVI
2023-12-10,2023-12-17,50.0,2023,P058,16.324416687682138,74.29834884980589,Kolhapur,normal,statewide,0.7752099633216858,1,76,65,80,Maharashtra,Sentinel-2 NDVI
2023-12-10,2023-12-17,50.0,2023,P059,16.595891218916975,74.39111598812178,Kolhapur,normal,statewide,0.5939161777496338,1,76,65,80,Maharashtra,Sentinel-2 NDVI
2023-12-10,2023-12-17,50.0,2023,P060,16.414811584237594,74.29802779453004,Kolhapur,normal,statewide,0.7057193517684937,1,76,65,80,Maharashtra,Sentinel-2 NDVI
2023-12-10,2023-12-17,50.0,2023,P087,21.146765031143822,79.47473643960802,Nagpur,normal,statewide,0.6017156839370728,1,76,65,80,Maharashtra,Sentinel-2 NDVI
2023-12-10,2023-12-17,50.0,2023,P089,21.165377318940912,78.70615240473293,Nagpur,normal,statewide,0.47703126072883606,1,76,65,80,Maharashtra,Sentinel-2 NDVI
2023-12-10,2023-12-17,50.0,2023,P090,19.201968238592887,77.42470040309472,Nanded,normal,statewide,0.5465768575668335,1,76,65,80,Maharashtra,Sentinel-2 NDVI
2023-12-10,2023-12-17,50.0,2023,P091,18.566038000956755,77.69963965584807,Nanded,normal,statewide,0.5536181330680847,1,76,65,80,Maharashtra,Sentinel-2 NDVI
2023-12-10,2023-12-17,50.0,2023,P092,19.736596618496833,77.90946265591798,Nanded,normal,statewide,0.5451943278312683,1,76,65,80,Maharashtra,Sentinel-2 NDVI
2023-12-10,2023-12-17,50.0,2023,P093,18.93564842817583,77.04115528508362,Nanded,normal,statewide,0.6534416079521179,1,76,65,80,Maharashtra,Sentinel-2 NDVI
2023-12-10,2023-12-17,50.0,2023,P094,21.564917232430716,74.08292967791392,Nandurbar,normal,statewide,0.455924928188324,1,76,65,80,Maharashtra,Sentinel-2 NDVI
2023-12-10,2023-12-17,50.0,2023,P095,21.5662594218478,74.37266422796263,Nandurbar,normal,statewide,0.43036866188049316,1,76,65,80,Maharashtra,Sentinel-2 NDVI
2023-12-10,2023-12-17,50.0,2023,P096,21.385179787168415,74.27697637845674,Nandurbar,normal,statewide,0.1986514776945114,1,76,65,80,Maharashtra,Sentinel-2 NDVI
2023-12-10,2023-12-17,50.0,2023,P097,21.565421110849755,74.17950488852946,Nandurbar,normal,statewide,0.6093958616256714,1,76,65,80,Maharashtra,Sentinel-2 NDVI
2023-12-10,2023-12-17,50.0,2023,P098,20.299553667393326,73.99482675929994,Nashik,normal,statewide,0.3442438840866089,1,76,65,80,Maharashtra,Sentinel-2 NDVI
2023-12-10,2023-12-17,50.0,2023,P099,20.120253214034264,74.28296495117151,Nashik,normal,statewide,0.42739078402519226,1,76,65,80,Maharashtra,Sentinel-2 NDVI
2023-12-10,2023-12-17,50.0,2023,P100,20.389903972938242,73.99424261706194,Nashik,normal,statewide,0.2216135412454605,1,76,65,80,Maharashtra,Sentinel-2 NDVI
2023-12-10,2023-12-17,50.0,2023,P101,20.029015547379707,74.09216447619562,Nashik,normal,statewide,0.21955664455890656,1,76,65,80,Maharashtra,Sentinel-2 NDVI
2023-12-10,2023-12-17,50.0,2023,P102,17.85749130266526,76.36802722645965,Osmanabad,normal,statewide,0.17436176538467407,1,76,65,80,Maharashtra,Sentinel-2 NDVI
2023-12-10,2023-12-17,50.0,2023,P103,17.76644983645705,76.46164605307673,Osmanabad,normal,statewide,0.6958453059196472,1,76,65,80,Maharashtra,Sentinel-2 NDVI
2023-12-10,2023-12-17,50.0,2023,P104,17.949094615606196,76.17989775301476,Osmanabad,normal,statewide,0.18654821813106537,1,76,65,80,Maharashtra,Sentinel-2 NDVI
2023-12-10,2023-12-17,50.0,2023,P105,18.584360447185368,75.61558067829696,Osmanabad,normal,statewide,0.4056198298931122,1,76,65,80,Maharashtra,Sentinel-2 NDVI
2023-12-10,2023-12-17,50.0,2023,P106,19.031389786894366,76.47235681380711,Parbhani,normal,statewide,0.2718822658061981,1,76,65,80,Maharashtra,Sentinel-2 NDVI
2023-12-10,2023-12-17,50.0,2023,P107,19.120950831552832,76.56820519095093,Parbhani,normal,statewide,0.49922481179237366,1,76,65,80,Maharashtra,Sentinel-2 NDVI
2023-12-10,2023-12-17,50.0,2023,P108,19.208625676465683,76.85432786914635,Parbhani,normal,statewide,0.6291845440864563,1,76,65,80,Maharashtra,Sentinel-2 NDVI
2023-12-10,2023-12-17,50.0,2023,P109,19.212081479782103,76.47396209018636,Parbhani,normal,statewide,0.2903745472431183,1,76,65,80,Maharashtra,Sentinel-2 NDVI
2023-12-10,2023-12-17,50.0,2023,P110,18.133442771357757,75.04679558432363,Pune,normal,statewide,0.678399384021759,1,76,65,80,Maharashtra,Sentinel-2 NDVI
2023-12-10,2023-12-17,50.0,2023,P111,18.584645829652782,74.47919215212944,Pune,normal,statewide,0.47537314891815186,1,76,65,80,Maharashtra,Sentinel-2 NDVI
2023-12-10,2023-12-17,50.0,2023,P112,18.132979024848197,74.57507620208169,Pune,normal,statewide,0.2832554280757904,1,76,65,80,Maharashtra,Sentinel-2 NDVI
2023-12-10,2023-12-17,50.0,2023,P113,18.314072036830744,74.76389683618987,Pune,normal,statewide,0.6525452733039856,1,76,65,80,Maharashtra,Sentinel-2 NDVI
2023-12-10,2023-12-17,50.0,2023,P114,18.48503397121986,73.0589238755964,Raigarh,normal,statewide,0.2931937277317047,1,76,65,80,Maharashtra,Sentinel-2 NDVI
2023-12-10,2023-12-17,50.0,2023,P115,18.665689991299164,73.05687714821288,Raigarh,normal,statewide,0.2395644336938858,1,76,65,80,Maharashtra,Sentinel-2 NDVI
2023-12-10,2023-12-17,50.0,2023,P116,18.306197264370358,73.25009891506079,Raigarh,normal,statewide,0.7753934264183044,1,76,65,80,Maharashtra,Sentinel-2 NDVI
2023-12-10,2023-12-17,50.0,2023,P117,18.21404102289879,73.06194714611064,Raigarh,normal,statewide,0.2778187096118927,1,76,65,80,Maharashtra,Sentinel-2 NDVI
2023-12-10,2023-12-17,50.0,2023,P118,17.138719885658215,75.42259970290594,Sangli,normal,statewide,0.3575461208820343,1,76,65,80,Maharashtra,Sentinel-2 NDVI
2023-12-10,2023-12-17,50.0,2023,P119,17.048761981005992,74.95348443567921,Sangli,normal,statewide,0.4386013150215149,1,76,65,80,Maharashtra,Sentinel-2 NDVI
2023-12-10,2023-12-17,50.0,2023,P120,16.86707144948229,74.39025538161847,Sangli,normal,statewide,0.6861557364463806,1,76,65,80,Maharashtra,Sentinel-2 NDVI
2023-12-10,2023-12-17,50.0,2023,P121,17.048503353144895,74.67157114887826,Sangli,normal,statewide,0.3558204472064972,1,76,65,80,Maharashtra,Sentinel-2 NDVI
2023-12-10,2023-12-17,50.0,2023,P148,17.67852974098626,76.08383979812143,Solapur,normal,statewide,0.4928571283817291,1,76,65,80,Maharashtra,Sentinel-2 NDVI
2023-12-10,2023-12-17,50.0,2023,P149,18.223365003201543,75.4251413905064,Solapur,normal,statewide,0.6816269159317017,1,76,65,80,Maharashtra,Sentinel-2 NDVI
2023-12-10,2023-12-17,50.0,2023,P150,17.952532582518405,75.23562067753285,Solapur,normal,statewide,0.6431899666786194,1,76,65,80,Maharashtra,Sentinel-2 NDVI
2023-12-10,2023-12-17,50.0,2023,P151,18.223690517578447,75.23598186471818,Solapur,normal,statewide,0.48666900396347046,1,76,65,80,Maharashtra,Sentinel-2 NDVI
2023-12-10,2023-12-17,50.0,2023,P154,19.477549601897948,72.95214624177059,Thane,normal,statewide,0.3275919258594513,1,76,65,80,Maharashtra,Sentinel-2 NDVI
2023-12-10,2023-12-17,50.0,2023,P155,19.83987385799569,73.0429959666335,Thane,normal,statewide,0.24460537731647491,1,76,65,80,Maharashtra,Sentinel-2 NDVI
2023-12-10,2023-12-17,50.0,2023,P156,20.806749657616468,78.60135461177485,Wardha,normal,statewide,0.5463094115257263,1,76,65,80,Maharashtra,Sentinel-2 NDVI
2023-12-10,2023-12-17,50.0,2023,P157,20.71031267913359,78.88671032458906,Wardha,normal,statewide,0.5392543077468872,1,76,65,80,Maharashtra,Sentinel-2 NDVI
2023-12-10,2023-12-17,50.0,2023,P158,21.081265295769754,78.41565980750515,Wardha,normal,statewide,0.5635776519775391,1,76,65,80,Maharashtra,Sentinel-2 NDVI
2023-12-10,2023-12-17,50.0,2023,P160,20.289186257444058,77.15404188735265,Washim,normal,statewide,0.6852207183837891,1,76,65,80,Maharashtra,Sentinel-2 NDVI
2023-12-10,2023-12-17,50.0,2023,P161,20.464607292886615,77.53975858757677,Washim,normal,statewide,0.6443148851394653,1,76,65,80,Maharashtra,Sentinel-2 NDVI
2023-12-10,2023-12-17,50.0,2023,P162,20.107393166596125,77.2471479173486,Washim,normal,statewide,0.47138768434524536,1,76,65,80,Maharashtra,Sentinel-2 NDVI
2023-12-10,2023-12-17,50.0,2023,P163,20.198885002010726,77.1527933390577,Washim,normal,statewide,0.28547391295433044,1,76,65,80,Maharashtra,Sentinel-2 NDVI
2023-12-10,2023-12-17,50.0,2023,P164,20.182854533723592,78.20447678161395,Yavatmal,normal,statewide,0.3289019465446472,1,76,65,80,Maharashtra,Sentinel-2 NDVI
2023-12-10,2023-12-17,50.0,2023,P165,19.894658373538324,79.05709703494229,Yavatmal,normal,statewide,0.5681387186050415,1,76,65,80,Maharashtra,Sentinel-2 NDVI
2023-12-10,2023-12-17,50.0,2023,P166,19.468787468327925,77.71426550730338,Yavatmal,normal,statewide,0.6558292508125305,1,76,65,80,Maharashtra,Sentinel-2 NDVI
2023-12-10,2023-12-17,50.0,2023,P167,19.559057510053886,77.71577268345945,Yavatmal,normal,statewide,0.49510762095451355,1,76,65,80,Maharashtra,Sentinel-2 NDVI
2023-12-17,2023-12-24,51.0,2023,P061,18.507855650411397,76.91766048140843,Latur,high,priority,0.40553197264671326,1,80,65,80,Maharashtra,Sentinel-2 NDVI
2023-12-17,2023-12-24,51.0,2023,P062,18.422405896924207,76.3487594508077,Latur,high,priority,0.7676449418067932,1,80,65,80,Maharashtra,Sentinel-2 NDVI
2023-12-17,2023-12-24,51.0,2023,P063,18.235391198742693,77.05646783810116,Latur,high,priority,0.41774892807006836,1,80,65,80,Maharashtra,Sentinel-2 NDVI
2023-12-17,2023-12-24,51.0,2023,P064,18.193056493341274,76.77240080549139,Latur,high,priority,0.5635388493537903,1,80,65,80,Maharashtra,Sentinel-2 NDVI
2023-12-17,2023-12-24,51.0,2023,P065,18.331355512513895,76.44266811899327,Latur,high,priority,0.6567413806915283,1,80,65,80,Maharashtra,Sentinel-2 NDVI
2023-12-17,2023-12-24,51.0,2023,P066,18.104739537876725,76.5352970251765,Latur,high,priority,0.33891212940216064,1,80,65,80,Maharashtra,Sentinel-2 NDVI
2023-12-17,2023-12-24,51.0,2023,P067,18.280552974211986,77.0569984711265,Latur,high,priority,0.6414796113967896,1,80,65,80,Maharashtra,Sentinel-2 NDVI
2023-12-17,2023-12-24,51.0,2023,P068,18.101823285787773,76.86595720469373,Latur,high,priority,0.608593761920929,1,80,65,80,Maharashtra,Sentinel-2 NDVI
2023-12-17,2023-12-24,51.0,2023,P069,18.595075667016793,77.20284228928156,Latur,high,priority,0.484605073928833,1,80,65,80,Maharashtra,Sentinel-2 NDVI
2023-12-17,2023-12-24,51.0,2023,P070,18.41499041187233,77.15322587185987,Latur,high,priority,0.5612033009529114,1,80,65,80,Maharashtra,Sentinel-2 NDVI
2023-12-17,2023-12-24,51.0,2023,P071,18.149138807065885,76.63019561379593,Latur,high,priority,0.2999582886695862,1,80,65,80,Maharashtra,Sentinel-2 NDVI
2023-12-17,2023-12-24,51.0,2023,P072,18.283393421583035,76.77331492120734,Latur,high,priority,0.7099326252937317,1,80,65,80,Maharashtra,Sentinel-2 NDVI
2023-12-17,2023-12-24,51.0,2023,P073,17.966315663874607,76.86453029235662,Latur,high,priority,0.24743083119392395,1,80,65,80,Maharashtra,Sentinel-2 NDVI
2023-12-17,2023-12-24,51.0,2023,P074,18.50832831512306,76.870318205524,Latur,high,priority,0.6676436066627502,1,80,65,80,Maharashtra,Sentinel-2 NDVI
2023-12-17,2023-12-24,51.0,2023,P075,18.41444640154381,77.20053247493588,Latur,high,priority,0.39960989356040955,1,80,65,80,Maharashtra,Sentinel-2 NDVI
2023-12-17,2023-12-24,51.0,2023,P076,18.377877313804504,76.25376722106614,Latur,high,priority,0.5805776715278625,1,80,65,80,Maharashtra,Sentinel-2 NDVI
2023-12-17,2023-12-24,51.0,2023,P077,18.059564385104267,76.5349046242838,Latur,high,priority,0.5455893278121948,1,80,65,80,Maharashtra,Sentinel-2 NDVI
2023-12-17,2023-12-24,51.0,2023,P078,18.1008824154655,76.96042326051098,Latur,high,priority,0.4477773904800415,1,80,65,80,Maharashtra,Sentinel-2 NDVI
2023-12-17,2023-12-24,51.0,2023,P079,18.73508698099394,76.77797468180819,Latur,high,priority,0.6945746541023254,1,80,65,80,Maharashtra,Sentinel-2 NDVI
2023-12-17,2023-12-24,51.0,2023,P080,18.46791548227568,76.3017694439065,Latur,high,priority,0.3790209889411926,1,80,65,80,Maharashtra,Sentinel-2 NDVI
2023-12-17,2023-12-24,51.0,2023,P083,18.369289085175563,77.19996171000103,Latur,high,priority,0.42348164319992065,1,80,65,80,Maharashtra,Sentinel-2 NDVI
2023-12-17,2023-12-24,51.0,2023,P084,18.46362582706226,76.82249880582684,Latur,high,priority,0.38750767707824707,1,80,65,80,Maharashtra,Sentinel-2 NDVI
2023-12-17,2023-12-24,51.0,2023,P085,18.14788579966987,76.77194597718393,Latur,high,priority,0.25778332352638245,1,80,65,80,Maharashtra,Sentinel-2 NDVI
2023-12-17,2023-12-24,51.0,2023,P122,17.88145897082753,73.8441448165019,Satara,high,priority,0.3467954397201538,1,80,65,80,Maharashtra,Sentinel-2 NDVI
2023-12-17,2023-12-24,51.0,2023,P123,17.386414030975025,74.27088970551878,Satara,high,priority,0.38555896282196045,1,80,65,80,Maharashtra,Sentinel-2 NDVI
2023-12-17,2023-12-24,51.0,2023,P124,17.43262815429294,74.647353771057,Satara,high,priority,0.17765475809574127,1,80,65,80,Maharashtra,Sentinel-2 NDVI
2023-12-17,2023-12-24,51.0,2023,P126,17.205080227535593,74.13053949986157,Satara,high,priority,0.4480127692222595,1,80,65,80,Maharashtra,Sentinel-2 NDVI
2023-12-17,2023-12-24,51.0,2023,P127,17.65773249367299,74.31694330119876,Satara,high,priority,0.385345995426178,1,80,65,80,Maharashtra,Sentinel-2 NDVI
2023-12-17,2023-12-24,51.0,2023,P128,18.019949731345452,74.5517328080669,Satara,high,priority,0.26531922817230225,1,80,65,80,Maharashtra,Sentinel-2 NDVI
2023-12-17,2023-12-24,51.0,2023,P129,18.063234225271252,74.03192648006461,Satara,high,priority,0.15231086313724518,1,80,65,80,Maharashtra,Sentinel-2 NDVI
2023-12-17,2023-12-24,51.0,2023,P131,17.612539504496315,74.3171127470388,Satara,high,priority,0.8640483617782593,1,80,65,80,Maharashtra,Sentinel-2 NDVI
2023-12-17,2023-12-24,51.0,2023,P132,17.702176353872684,74.12817617630324,Satara,high,priority,0.7760506272315979,1,80,65,80,Maharashtra,Sentinel-2 NDVI
2023-12-17,2023-12-24,51.0,2023,P133,17.25006363896275,74.08329532420031,Satara,high,priority,0.5642328858375549,1,80,65,80,Maharashtra,Sentinel-2 NDVI
2023-12-17,2023-12-24,51.0,2023,P134,17.476429903940936,74.17634784498362,Satara,high,priority,0.3632246255874634,1,80,65,80,Maharashtra,Sentinel-2 NDVI
2023-12-17,2023-12-24,51.0,2023,P139,17.656773786946495,74.08126197411994,Satara,high,priority,0.6085516214370728,1,80,65,80,Maharashtra,Sentinel-2 NDVI
2023-12-17,2023-12-24,51.0,2023,P140,17.97464080554139,74.50462240543725,Satara,high,priority,0.8508614301681519,1,80,65,80,Maharashtra,Sentinel-2 NDVI
2023-12-17,2023-12-24,51.0,2023,P141,17.430826677467348,74.08239904488856,Satara,high,priority,0.5534008145332336,1,80,65,80,Maharashtra,Sentinel-2 NDVI
2023-12-17,2023-12-24,51.0,2023,P143,17.70379500755509,74.6468275971327,Satara,high,priority,0.7168272733688354,1,80,65,80,Maharashtra,Sentinel-2 NDVI
2023-12-17,2023-12-24,51.0,2023,P144,17.929452275465767,74.50474726026674,Satara,high,priority,0.7949829697608948,1,80,65,80,Maharashtra,Sentinel-2 NDVI
2023-12-17,2023-12-24,51.0,2023,P145,17.47773196144854,74.60017202281048,Satara,high,priority,0.35390427708625793,1,80,65,80,Maharashtra,Sentinel-2 NDVI
2023-12-17,2023-12-24,51.0,2023,P146,17.839182233739812,74.55218763637436,Satara,high,priority,0.8236690163612366,1,80,65,80,Maharashtra,Sentinel-2 NDVI
2023-12-17,2023-12-24,51.0,2023,P002,18.946729294293643,74.76302285238339,Ahmednagar,normal,statewide,0.47046786546707153,1,80,65,80,Maharashtra,Sentinel-2 NDVI
2023-12-17,2023-12-24,51.0,2023,P003,18.49469238410162,74.66892244285252,Ahmednagar,normal,statewide,0.18429003655910492,1,80,65,80,Maharashtra,Sentinel-2 NDVI
2023-12-17,2023-12-24,51.0,2023,P004,19.03720445466806,75.1420731965326,Ahmednagar,normal,statewide,0.6719456911087036,1,80,65,80,Maharashtra,Sentinel-2 NDVI
2023-12-17,2023-12-24,51.0,2023,P005,20.832153156317954,77.06560453615967,Akola,normal,statewide,0.5659104585647583,1,80,65,80,Maharashtra,Sentinel-2 NDVI
2023-12-17,2023-12-24,51.0,2023,P006,20.834360411339407,76.87349308547405,Akola,normal,statewide,0.5290443301200867,1,80,65,80,Maharashtra,Sentinel-2 NDVI
2023-12-17,2023-12-24,51.0,2023,P007,21.014976299509232,76.87574047240498,Akola,normal,statewide,0.22384701669216156,1,80,65,80,Maharashtra,Sentinel-2 NDVI
2023-12-17,2023-12-24,51.0,2023,P008,20.828434266039377,77.35372489162701,Akola,normal,statewide,0.4806629419326782,1,80,65,80,Maharashtra,Sentinel-2 NDVI
2023-12-17,2023-12-24,51.0,2023,P009,21.360971327549258,77.94039543992572,Amravati,normal,statewide,0.5099878907203674,1,80,65,80,Maharashtra,Sentinel-2 NDVI
2023-12-17,2023-12-24,51.0,2023,P010,21.178803672212837,78.03301542790685,Amravati,normal,statewide,0.47768184542655945,1,80,65,80,Maharashtra,Sentinel-2 NDVI
2023-12-17,2023-12-24,51.0,2023,P011,20.814388097721018,78.21764450702477,Amravati,normal,statewide,0.2535415589809418,1,80,65,80,Maharashtra,Sentinel-2 NDVI
2023-12-17,2023-12-24,51.0,2023,P012,21.180502589714195,77.93681032267875,Amravati,normal,statewide,0.2561051845550537,1,80,65,80,Maharashtra,Sentinel-2 NDVI
2023-12-17,2023-12-24,51.0,2023,P013,20.031289688916964,74.8570519162974,Aurangabad,normal,statewide,0.486752450466156,1,80,65,80,Maharashtra,Sentinel-2 NDVI
2023-12-17,2023-12-24,51.0,2023,P014,19.760185263069562,75.14270192978114,Aurangabad,normal,statewide,0.41897234320640564,1,80,65,80,Maharashtra,Sentinel-2 NDVI
2023-12-17,2023-12-24,51.0,2023,P016,19.66981712112043,75.14262166596218,Aurangabad,normal,statewide,0.4510197341442108,1,80,65,80,Maharashtra,Sentinel-2 NDVI
2023-12-17,2023-12-24,51.0,2023,P017,21.04613203856966,79.85576216552393,Bhandara,normal,statewide,0.2632768452167511,1,80,65,80,Maharashtra,Sentinel-2 NDVI
2023-12-17,2023-12-24,51.0,2023,P018,21.31897105472685,79.76852877161537,Bhandara,normal,statewide,0.6644097566604614,1,80,65,80,Maharashtra,Sentinel-2 NDVI
2023-12-17,2023-12-24,51.0,2023,P019,21.40900922319803,79.77144948280537,Bhandara,normal,statewide,0.34011784195899963,1,80,65,80,Maharashtra,Sentinel-2 NDVI
2023-12-17,2023-12-24,51.0,2023,P020,21.144196588937042,79.57074980349083,Bhandara,normal,statewide,0.35905611515045166,1,80,65,80,Maharashtra,Sentinel-2 NDVI
2023-12-17,2023-12-24,51.0,2023,P021,18.67502288980403,75.52108340877234,Bid,normal,statewide,0.9054726362228394,1,80,65,80,Maharashtra,Sentinel-2 NDVI
2023-12-17,2023-12-24,51.0,2023,P022,18.856499384477168,75.04699178476999,Bid,normal,statewide,0.2451501190662384,1,80,65,80,Maharashtra,Sentinel-2 NDVI
2023-12-17,2023-12-24,51.0,2023,P024,18.763955201213946,75.90084720909012,Bid,normal,statewide,0.20739801228046417,1,80,65,80,Maharashtra,Sentinel-2 NDVI
2023-12-17,2023-12-24,51.0,2023,P025,20.93073496240753,76.20164478885242,Buldana,normal,statewide,0.5671719908714294,1,80,65,80,Maharashtra,Sentinel-2 NDVI
2023-12-17,2023-12-24,51.0,2023,P026,20.838939908121294,76.39311412898633,Buldana,normal,statewide,0.3712710440158844,1,80,65,80,Maharashtra,Sentinel-2 NDVI
2023-12-17,2023-12-24,51.0,2023,P027,20.657476790751314,76.48742857536776,Buldana,normal,statewide,0.634372353553772,1,80,65,80,Maharashtra,Sentinel-2 NDVI
2023-12-17,2023-12-24,51.0,2023,P028,20.47967013624516,76.10222021266374,Buldana,normal,statewide,0.7180031538009644,1,80,65,80,Maharashtra,Sentinel-2 NDVI
2023-12-17,2023-12-24,51.0,2023,P029,20.32317798477448,79.92829390325927,Chandrapur,normal,statewide,0.5747330784797668,1,80,65,80,Maharashtra,Sentinel-2 NDVI
2023-12-17,2023-12-24,51.0,2023,P030,20.60872097983294,79.36304041732026,Chandrapur,normal,statewide,0.3644682765007019,1,80,65,80,Maharashtra,Sentinel-2 NDVI
2023-12-17,2023-12-24,51.0,2023,P031,20.511160307884595,79.64732594588165,Chandrapur,normal,statewide,0.27249521017074585,1,80,65,80,Maharashtra,Sentinel-2 NDVI
2023-12-17,2023-12-24,51.0,2023,P032,20.598621115946884,79.74569817422172,Chandrapur,normal,statewide,0.4368421137332916,1,80,65,80,Maharashtra,Sentinel-2 NDVI
2023-12-17,2023-12-24,51.0,2023,P036,20.933820660336515,74.37533522949364,Dhule,normal,statewide,0.28462886810302734,1,80,65,80,Maharashtra,Sentinel-2 NDVI
2023-12-17,2023-12-24,51.0,2023,P037,19.963056524597132,79.91698116388667,Garhchiroli,normal,statewide,0.2013605386018753,1,80,65,80,Maharashtra,Sentinel-2 NDVI
2023-12-17,2023-12-24,51.0,2023,P041,21.127639946725598,80.1465044724107,Gondiya,normal,statewide,0.24009603261947632,1,80,65,80,Maharashtra,Sentinel-2 NDVI
2023-12-17,2023-12-24,51.0,2023,P042,21.397598383602258,80.15591763473452,Gondiya,normal,statewide,0.28483355045318604,1,80,65,80,Maharashtra,Sentinel-2 NDVI
2023-12-17,2023-12-24,51.0,2023,P043,21.574548890706154,80.25847249986273,Gondiya,normal,statewide,0.3482428193092346,1,80,65,80,Maharashtra,Sentinel-2 NDVI
2023-12-17,2023-12-24,51.0,2023,P044,21.211649410572516,80.34153217518526,Gondiya,normal,statewide,0.41825902462005615,1,80,65,80,Maharashtra,Sentinel-2 NDVI
2023-12-17,2023-12-24,51.0,2023,P046,19.566758377573187,77.1442675378435,Hingoli,normal,statewide,0.44628098607063293,1,80,65,80,Maharashtra,Sentinel-2 NDVI
2023-12-17,2023-12-24,51.0,2023,P047,19.47860194974656,76.9526242927685,Hingoli,normal,statewide,0.5007918477058411,1,80,65,80,Maharashtra,Sentinel-2 NDVI
2023-12-17,2023-12-24,51.0,2023,P048,19.927981235710728,77.14910120338544,Hingoli,normal,statewide,0.4808940291404724,1,80,65,80,Maharashtra,Sentinel-2 NDVI
2023-12-17,2023-12-24,51.0,2023,P049,21.292738163229433,76.10816865346904,Jalgaon,normal,statewide,0.6309658288955688,1,80,65,80,Maharashtra,Sentinel-2 NDVI
2023-12-17,2023-12-24,51.0,2023,P050,21.386178625804387,75.43363151891216,Jalgaon,normal,statewide,0.12430720776319504,1,80,65,80,Maharashtra,Sentinel-2 NDVI
2023-12-17,2023-12-24,51.0,2023,P052,20.844437979720194,75.23982115072519,Jalgaon,normal,statewide,0.3938688337802887,1,80,65,80,Maharashtra,Sentinel-2 NDVI
2023-12-17,2023-12-24,51.0,2023,P053,19.486369703781666,76.00005328932718,Jalna,normal,statewide,0.6109798550605774,1,80,65,80,Maharashtra,Sentinel-2 NDVI
2023-12-17,2023-12-24,51.0,2023,P054,20.028502750758555,76.00343774702675,Jalna,normal,statewide,0.2983839511871338,1,80,65,80,Maharashtra,Sentinel-2 NDVI
2023-12-17,2023-12-24,51.0,2023,P055,19.75743845682064,76.00172991132328,Jalna,normal,statewide,0.569908082485199,1,80,65,80,Maharashtra,Sentinel-2 NDVI
2023-12-17,2023-12-24,51.0,2023,P056,19.57768317515413,75.80993951591351,Jalna,normal,statewide,0.4086819291114807,1,80,65,80,Maharashtra,Sentinel-2 NDVI
2023-12-17,2023-12-24,51.0,2023,P058,16.324416687682138,74.29834884980589,Kolhapur,normal,statewide,0.9151712656021118,1,80,65,80,Maharashtra,Sentinel-2 NDVI
2023-12-17,2023-12-24,51.0,2023,P060,16.414811584237594,74.29802779453004,Kolhapur,normal,statewide,0.7636507749557495,1,80,65,80,Maharashtra,Sentinel-2 NDVI
2023-12-17,2023-12-24,51.0,2023,P086,21.054127206758487,79.56798961993874,Nagpur,normal,statewide,0.561977207660675,1,80,65,80,Maharashtra,Sentinel-2 NDVI
2023-12-17,2023-12-24,51.0,2023,P087,21.146765031143822,79.47473643960802,Nagpur,normal,statewide,0.6254349946975708,1,80,65,80,Maharashtra,Sentinel-2 NDVI
2023-12-17,2023-12-24,51.0,2023,P088,21.347803602138427,78.61442869606356,Nagpur,normal,statewide,0.6677872538566589,1,80,65,80,Maharashtra,Sentinel-2 NDVI
2023-12-17,2023-12-24,51.0,2023,P089,21.165377318940912,78.70615240473293,Nagpur,normal,statewide,0.4844129681587219,1,80,65,80,Maharashtra,Sentinel-2 NDVI
2023-12-17,2023-12-24,51.0,2023,P090,19.201968238592887,77.42470040309472,Nanded,normal,statewide,0.5272185206413269,1,80,65,80,Maharashtra,Sentinel-2 NDVI
2023-12-17,2023-12-24,51.0,2023,P091,18.566038000956755,77.69963965584807,Nanded,normal,statewide,0.6358360648155212,1,80,65,80,Maharashtra,Sentinel-2 NDVI
2023-12-17,2023-12-24,51.0,2023,P092,19.736596618496833,77.90946265591798,Nanded,normal,statewide,0.549178957939148,1,80,65,80,Maharashtra,Sentinel-2 NDVI
2023-12-17,2023-12-24,51.0,2023,P093,18.93564842817583,77.04115528508362,Nanded,normal,statewide,0.6838729381561279,1,80,65,80,Maharashtra,Sentinel-2 NDVI
2023-12-17,2023-12-24,51.0,2023,P094,21.564917232430716,74.08292967791392,Nandurbar,normal,statewide,0.47322314977645874,1,80,65,80,Maharashtra,Sentinel-2 NDVI
2023-12-17,2023-12-24,51.0,2023,P095,21.5662594218478,74.37266422796263,Nandurbar,normal,statewide,0.5461538434028625,1,80,65,80,Maharashtra,Sentinel-2 NDVI
2023-12-17,2023-12-24,51.0,2023,P097,21.565421110849755,74.17950488852946,Nandurbar,normal,statewide,0.6817472577095032,1,80,65,80,Maharashtra,Sentinel-2 NDVI
2023-12-17,2023-12-24,51.0,2023,P101,20.029015547379707,74.09216447619562,Nashik,normal,statewide,0.21971170604228973,1,80,65,80,Maharashtra,Sentinel-2 NDVI
2023-12-17,2023-12-24,51.0,2023,P102,17.85749130266526,76.36802722645965,Osmanabad,normal,statewide,0.1414482295513153,1,80,65,80,Maharashtra,Sentinel-2 NDVI
2023-12-17,2023-12-24,51.0,2023,P103,17.76644983645705,76.46164605307673,Osmanabad,normal,statewide,0.6157407164573669,1,80,65,80,Maharashtra,Sentinel-2 NDVI
2023-12-17,2023-12-24,51.0,2023,P104,17.949094615606196,76.17989775301476,Osmanabad,normal,statewide,0.17921146750450134,1,80,65,80,Maharashtra,Sentinel-2 NDVI
2023-12-17,2023-12-24,51.0,2023,P105,18.584360447185368,75.61558067829696,Osmanabad,normal,statewide,0.3680635094642639,1,80,65,80,Maharashtra,Sentinel-2 NDVI
2023-12-17,2023-12-24,51.0,2023,P106,19.031389786894366,76.47235681380711,Parbhani,normal,statewide,0.23706896603107452,1,80,65,80,Maharashtra,Sentinel-2 NDVI
2023-12-17,2023-12-24,51.0,2023,P107,19.120950831552832,76.56820519095093,Parbhani,normal,statewide,0.5015732049942017,1,80,65,80,Maharashtra,Sentinel-2 NDVI
2023-12-17,2023-12-24,51.0,2023,P108,19.208625676465683,76.85432786914635,Parbhani,normal,statewide,0.6765004992485046,1,80,65,80,Maharashtra,Sentinel-2 NDVI
2023-12-17,2023-12-24,51.0,2023,P109,19.212081479782103,76.47396209018636,Parbhani,normal,statewide,0.3333820402622223,1,80,65,80,Maharashtra,Sentinel-2 NDVI
2023-12-17,2023-12-24,51.0,2023,P110,18.133442771357757,75.04679558432363,Pune,normal,statewide,0.7371941804885864,1,80,65,80,Maharashtra,Sentinel-2 NDVI
2023-12-17,2023-12-24,51.0,2023,P112,18.132979024848197,74.57507620208169,Pune,normal,statewide,0.2704533636569977,1,80,65,80,Maharashtra,Sentinel-2 NDVI
2023-12-17,2023-12-24,51.0,2023,P113,18.314072036830744,74.76389683618987,Pune,normal,statewide,0.6620466113090515,1,80,65,80,Maharashtra,Sentinel-2 NDVI
2023-12-17,2023-12-24,51.0,2023,P114,18.48503397121986,73.0589238755964,Raigarh,normal,statewide,0.2703478932380676,1,80,65,80,Maharashtra,Sentinel-2 NDVI
2023-12-17,2023-12-24,51.0,2023,P116,18.306197264370358,73.25009891506079,Raigarh,normal,statewide,0.6184775233268738,1,80,65,80,Maharashtra,Sentinel-2 NDVI
2023-12-17,2023-12-24,51.0,2023,P117,18.21404102289879,73.06194714611064,Raigarh,normal,statewide,0.2372419238090515,1,80,65,80,Maharashtra,Sentinel-2 NDVI
2023-12-17,2023-12-24,51.0,2023,P119,17.048761981005992,74.95348443567921,Sangli,normal,statewide,0.43283581733703613,1,80,65,80,Maharashtra,Sentinel-2 NDVI
2023-12-17,2023-12-24,51.0,2023,P148,17.67852974098626,76.08383979812143,Solapur,normal,statewide,0.43766579031944275,1,80,65,80,Maharashtra,Sentinel-2 NDVI
2023-12-17,2023-12-24,51.0,2023,P149,18.223365003201543,75.4251413905064,Solapur,normal,statewide,0.6059817671775818,1,80,65,80,Maharashtra,Sentinel-2 NDVI
2023-12-17,2023-12-24,51.0,2023,P150,17.952532582518405,75.23562067753285,Solapur,normal,statewide,0.5728090405464172,1,80,65,80,Maharashtra,Sentinel-2 NDVI
2023-12-17,2023-12-24,51.0,2023,P151,18.223690517578447,75.23598186471818,Solapur,normal,statewide,0.403474897146225,1,80,65,80,Maharashtra,Sentinel-2 NDVI
2023-12-17,2023-12-24,51.0,2023,P152,19.658178867370932,72.94986318203122,Thane,normal,statewide,0.6898630261421204,1,80,65,80,Maharashtra,Sentinel-2 NDVI
2023-12-17,2023-12-24,51.0,2023,P153,19.65706409210757,72.8545320606096,Thane,normal,statewide,0.39566630125045776,1,80,65,80,Maharashtra,Sentinel-2 NDVI
2023-12-17,2023-12-24,51.0,2023,P154,19.477549601897948,72.95214624177059,Thane,normal,statewide,0.30871954560279846,1,80,65,80,Maharashtra,Sentinel-2 NDVI
2023-12-17,2023-12-24,51.0,2023,P156,20.806749657616468,78.60135461177485,Wardha,normal,statewide,0.5889348983764648,1,80,65,80,Maharashtra,Sentinel-2 NDVI
2023-12-17,2023-12-24,51.0,2023,P157,20.71031267913359,78.88671032458906,Wardha,normal,statewide,0.5354838967323303,1,80,65,80,Maharashtra,Sentinel-2 NDVI
2023-12-17,2023-12-24,51.0,2023,P158,21.081265295769754,78.41565980750515,Wardha,normal,statewide,0.5496019721031189,1,80,65,80,Maharashtra,Sentinel-2 NDVI
2023-12-17,2023-12-24,51.0,2023,P159,20.439854822938944,78.87986114537097,Wardha,normal,statewide,0.25242382287979126,1,80,65,80,Maharashtra,Sentinel-2 NDVI
2023-12-17,2023-12-24,51.0,2023,P160,20.289186257444058,77.15404188735265,Washim,normal,statewide,0.7485278844833374,1,80,65,80,Maharashtra,Sentinel-2 NDVI
2023-12-17,2023-12-24,51.0,2023,P161,20.464607292886615,77.53975858757677,Washim,normal,statewide,0.6559815406799316,1,80,65,80,Maharashtra,Sentinel-2 NDVI
2023-12-17,2023-12-24,51.0,2023,P163,20.198885002010726,77.1527933390577,Washim,normal,statewide,0.31018781661987305,1,80,65,80,Maharashtra,Sentinel-2 NDVI
2023-12-17,2023-12-24,51.0,2023,P164,20.182854533723592,78.20447678161395,Yavatmal,normal,statewide,0.3455159068107605,1,80,65,80,Maharashtra,Sentinel-2 NDVI
2023-12-17,2023-12-24,51.0,2023,P165,19.894658373538324,79.05709703494229,Yavatmal,normal,statewide,0.5628512501716614,1,80,65,80,Maharashtra,Sentinel-2 NDVI
2023-12-17,2023-12-24,51.0,2023,P166,19.468787468327925,77.71426550730338,Yavatmal,normal,statewide,0.5900768041610718,1,80,65,80,Maharashtra,Sentinel-2 NDVI
2023-12-17,2023-12-24,51.0,2023,P167,19.559057510053886,77.71577268345945,Yavatmal,normal,statewide,0.4944605231285095,1,80,65,80,Maharashtra,Sentinel-2 NDVI
2023-12-24,2023-12-31,52.0,2023,P147,17.927231643141155,73.94769852026607,Satara,case_study,case_study,0.6372201442718506,1,82,65,80,Maharashtra,Sentinel-2 NDVI
2023-12-24,2023-12-31,52.0,2023,P061,18.507855650411397,76.91766048140843,Latur,high,priority,0.4121602475643158,1,82,65,80,Maharashtra,Sentinel-2 NDVI
2023-12-24,2023-12-31,52.0,2023,P063,18.235391198742693,77.05646783810116,Latur,high,priority,0.4160661995410919,1,82,65,80,Maharashtra,Sentinel-2 NDVI
2023-12-24,2023-12-31,52.0,2023,P064,18.193056493341274,76.77240080549139,Latur,high,priority,0.5188940167427063,1,82,65,80,Maharashtra,Sentinel-2 NDVI
2023-12-24,2023-12-31,52.0,2023,P065,18.331355512513895,76.44266811899327,Latur,high,priority,0.692613422870636,1,82,65,80,Maharashtra,Sentinel-2 NDVI
2023-12-24,2023-12-31,52.0,2023,P066,18.104739537876725,76.5352970251765,Latur,high,priority,0.35246169567108154,1,82,65,80,Maharashtra,Sentinel-2 NDVI
2023-12-24,2023-12-31,52.0,2023,P067,18.280552974211986,77.0569984711265,Latur,high,priority,0.6527331471443176,1,82,65,80,Maharashtra,Sentinel-2 NDVI
2023-12-24,2023-12-31,52.0,2023,P068,18.101823285787773,76.86595720469373,Latur,high,priority,0.611940324306488,1,82,65,80,Maharashtra,Sentinel-2 NDVI
2023-12-24,2023-12-31,52.0,2023,P069,18.595075667016793,77.20284228928156,Latur,high,priority,0.4424976110458374,1,82,65,80,Maharashtra,Sentinel-2 NDVI
2023-12-24,2023-12-31,52.0,2023,P070,18.41499041187233,77.15322587185987,Latur,high,priority,0.6573745608329773,1,82,65,80,Maharashtra,Sentinel-2 NDVI
2023-12-24,2023-12-31,52.0,2023,P071,18.149138807065885,76.63019561379593,Latur,high,priority,0.38354429602622986,1,82,65,80,Maharashtra,Sentinel-2 NDVI
2023-12-24,2023-12-31,52.0,2023,P072,18.283393421583035,76.77331492120734,Latur,high,priority,0.7130434513092041,1,82,65,80,Maharashtra,Sentinel-2 NDVI
2023-12-24,2023-12-31,52.0,2023,P073,17.966315663874607,76.86453029235662,Latur,high,priority,0.24235962331295013,1,82,65,80,Maharashtra,Sentinel-2 NDVI
2023-12-24,2023-12-31,52.0,2023,P074,18.50832831512306,76.870318205524,Latur,high,priority,0.7133532762527466,1,82,65,80,Maharashtra,Sentinel-2 NDVI
2023-12-24,2023-12-31,52.0,2023,P075,18.41444640154381,77.20053247493588,Latur,high,priority,0.3961513042449951,1,82,65,80,Maharashtra,Sentinel-2 NDVI
2023-12-24,2023-12-31,52.0,2023,P077,18.059564385104267,76.5349046242838,Latur,high,priority,0.5285267233848572,1,82,65,80,Maharashtra,Sentinel-2 NDVI
2023-12-24,2023-12-31,52.0,2023,P078,18.1008824154655,76.96042326051098,Latur,high,priority,0.4648377597332001,1,82,65,80,Maharashtra,Sentinel-2 NDVI
2023-12-24,2023-12-31,52.0,2023,P079,18.73508698099394,76.77797468180819,Latur,high,priority,0.6826424598693848,1,82,65,80,Maharashtra,Sentinel-2 NDVI
2023-12-24,2023-12-31,52.0,2023,P081,18.10355787609756,76.67701617485712,Latur,high,priority,0.45811712741851807,1,82,65,80,Maharashtra,Sentinel-2 NDVI
2023-12-24,2023-12-31,52.0,2023,P082,18.23907887531389,76.67830931416262,Latur,high,priority,0.3844039738178253,1,82,65,80,Maharashtra,Sentinel-2 NDVI
2023-12-24,2023-12-31,52.0,2023,P083,18.369289085175563,77.19996171000103,Latur,high,priority,0.47548291087150574,1,82,65,80,Maharashtra,Sentinel-2 NDVI
2023-12-24,2023-12-31,52.0,2023,P084,18.46362582706226,76.82249880582684,Latur,high,priority,0.3623749613761902,1,82,65,80,Maharashtra,Sentinel-2 NDVI
2023-12-24,2023-12-31,52.0,2023,P085,18.14788579966987,76.77194597718393,Latur,high,priority,0.2924913465976715,1,82,65,80,Maharashtra,Sentinel-2 NDVI
2023-12-24,2023-12-31,52.0,2023,P122,17.88145897082753,73.8441448165019,Satara,high,priority,0.3301388621330261,1,82,65,80,Maharashtra,Sentinel-2 NDVI
2023-12-24,2023-12-31,52.0,2023,P123,17.386414030975025,74.27088970551878,Satara,high,priority,0.2844387888908386,1,82,65,80,Maharashtra,Sentinel-2 NDVI
2023-12-24,2023-12-31,52.0,2023,P124,17.43262815429294,74.647353771057,Satara,high,priority,0.17894527316093445,1,82,65,80,Maharashtra,Sentinel-2 NDVI
2023-12-24,2023-12-31,52.0,2023,P125,17.56734651531964,74.31728219287884,Satara,high,priority,0.8585346937179565,1,82,65,80,Maharashtra,Sentinel-2 NDVI
2023-12-24,2023-12-31,52.0,2023,P126,17.205080227535593,74.13053949986157,Satara,high,priority,0.5122939348220825,1,82,65,80,Maharashtra,Sentinel-2 NDVI
2023-12-24,2023-12-31,52.0,2023,P127,17.65773249367299,74.31694330119876,Satara,high,priority,0.35541629791259766,1,82,65,80,Maharashtra,Sentinel-2 NDVI
2023-12-24,2023-12-31,52.0,2023,P128,18.019949731345452,74.5517328080669,Satara,high,priority,0.23549889028072357,1,82,65,80,Maharashtra,Sentinel-2 NDVI
2023-12-24,2023-12-31,52.0,2023,P129,18.063234225271252,74.03192648006461,Satara,high,priority,0.1431000977754593,1,82,65,80,Maharashtra,Sentinel-2 NDVI
2023-12-24,2023-12-31,52.0,2023,P130,17.61135784271715,74.03436560834085,Satara,high,priority,0.6159462332725525,1,82,65,80,Maharashtra,Sentinel-2 NDVI
2023-12-24,2023-12-31,52.0,2023,P131,17.612539504496315,74.3171127470388,Satara,high,priority,0.7916800379753113,1,82,65,80,Maharashtra,Sentinel-2 NDVI
2023-12-24,2023-12-31,52.0,2023,P132,17.702176353872684,74.12817617630324,Satara,high,priority,0.7291642427444458,1,82,65,80,Maharashtra,Sentinel-2 NDVI
2023-12-24,2023-12-31,52.0,2023,P133,17.25006363896275,74.08329532420031,Satara,high,priority,0.6198734045028687,1,82,65,80,Maharashtra,Sentinel-2 NDVI
2023-12-24,2023-12-31,52.0,2023,P134,17.476429903940936,74.17634784498362,Satara,high,priority,0.3503662645816803,1,82,65,80,Maharashtra,Sentinel-2 NDVI
2023-12-24,2023-12-31,52.0,2023,P135,17.882716437324603,74.0801070669471,Satara,high,priority,0.746212363243103,1,82,65,80,Maharashtra,Sentinel-2 NDVI
2023-12-24,2023-12-31,52.0,2023,P136,17.928520323345598,74.22149178404871,Satara,high,priority,0.19470645487308502,1,82,65,80,Maharashtra,Sentinel-2 NDVI
2023-12-24,2023-12-31,52.0,2023,P137,17.746687100588183,73.98648378122894,Satara,high,priority,0.47273749113082886,1,82,65,80,Maharashtra,Sentinel-2 NDVI
2023-12-24,2023-12-31,52.0,2023,P138,17.61269557303319,74.36423652697161,Satara,high,priority,0.3279745876789093,1,82,65,80,Maharashtra,Sentinel-2 NDVI
2023-12-24,2023-12-31,52.0,2023,P139,17.656773786946495,74.08126197411994,Satara,high,priority,0.592334508895874,1,82,65,80,Maharashtra,Sentinel-2 NDVI
2023-12-24,2023-12-31,52.0,2023,P140,17.97464080554139,74.50462240543725,Satara,high,priority,0.753645658493042,1,82,65,80,Maharashtra,Sentinel-2 NDVI
2023-12-24,2023-12-31,52.0,2023,P141,17.430826677467348,74.08239904488856,Satara,high,priority,0.5268729329109192,1,82,65,80,Maharashtra,Sentinel-2 NDVI
2023-12-24,2023-12-31,52.0,2023,P142,18.064447100757786,74.31538707493111,Satara,high,priority,0.20062266290187836,1,82,65,80,Maharashtra,Sentinel-2 NDVI
2023-12-24,2023-12-31,52.0,2023,P143,17.70379500755509,74.6468275971327,Satara,high,priority,0.8292821049690247,1,82,65,80,Maharashtra,Sentinel-2 NDVI
2023-12-24,2023-12-31,52.0,2023,P144,17.929452275465767,74.50474726026674,Satara,high,priority,0.6705656051635742,1,82,65,80,Maharashtra,Sentinel-2 NDVI
2023-12-24,2023-12-31,52.0,2023,P145,17.47773196144854,74.60017202281048,Satara,high,priority,0.3747214376926422,1,82,65,80,Maharashtra,Sentinel-2 NDVI
2023-12-24,2023-12-31,52.0,2023,P146,17.839182233739812,74.55218763637436,Satara,high,priority,0.7714053988456726,1,82,65,80,Maharashtra,Sentinel-2 NDVI
2023-12-24,2023-12-31,52.0,2023,P001,19.940457800458272,74.57045211428928,Ahmednagar,normal,statewide,0.5774866342544556,1,82,65,80,Maharashtra,Sentinel-2 NDVI
2023-12-24,2023-12-31,52.0,2023,P002,18.946729294293643,74.76302285238339,Ahmednagar,normal,statewide,0.4900763928890228,1,82,65,80,Maharashtra,Sentinel-2 NDVI
2023-12-24,2023-12-31,52.0,2023,P003,18.49469238410162,74.66892244285252,Ahmednagar,normal,statewide,0.24844388663768768,1,82,65,80,Maharashtra,Sentinel-2 NDVI
2023-12-24,2023-12-31,52.0,2023,P004,19.03720445466806,75.1420731965326,Ahmednagar,normal,statewide,0.5814083814620972,1,82,65,80,Maharashtra,Sentinel-2 NDVI
2023-12-24,2023-12-31,52.0,2023,P005,20.832153156317954,77.06560453615967,Akola,normal,statewide,0.5021888613700867,1,82,65,80,Maharashtra,Sentinel-2 NDVI
2023-12-24,2023-12-31,52.0,2023,P006,20.834360411339407,76.87349308547405,Akola,normal,statewide,0.48845914006233215,1,82,65,80,Maharashtra,Sentinel-2 NDVI
2023-12-24,2023-12-31,52.0,2023,P007,21.014976299509232,76.87574047240498,Akola,normal,statewide,0.20531153678894043,1,82,65,80,Maharashtra,Sentinel-2 NDVI
2023-12-24,2023-12-31,52.0,2023,P008,20.828434266039377,77.35372489162701,Akola,normal,statewide,0.4388059675693512,1,82,65,80,Maharashtra,Sentinel-2 NDVI
2023-12-24,2023-12-31,52.0,2023,P009,21.360971327549258,77.94039543992572,Amravati,normal,statewide,0.4674549996852875,1,82,65,80,Maharashtra,Sentinel-2 NDVI
2023-12-24,2023-12-31,52.0,2023,P010,21.178803672212837,78.03301542790685,Amravati,normal,statewide,0.4379585385322571,1,82,65,80,Maharashtra,Sentinel-2 NDVI
2023-12-24,2023-12-31,52.0,2023,P011,20.814388097721018,78.21764450702477,Amravati,normal,statewide,0.21060055494308472,1,82,65,80,Maharashtra,Sentinel-2 NDVI
2023-12-24,2023-12-31,52.0,2023,P013,20.031289688916964,74.8570519162974,Aurangabad,normal,statewide,0.5397307872772217,1,82,65,80,Maharashtra,Sentinel-2 NDVI
2023-12-24,2023-12-31,52.0,2023,P014,19.760185263069562,75.14270192978114,Aurangabad,normal,statewide,0.4118765890598297,1,82,65,80,Maharashtra,Sentinel-2 NDVI
2023-12-24,2023-12-31,52.0,2023,P015,19.9408189876436,74.76157364454102,Aurangabad,normal,statewide,0.49075254797935486,1,82,65,80,Maharashtra,Sentinel-2 NDVI
2023-12-24,2023-12-31,52.0,2023,P016,19.66981712112043,75.14262166596218,Aurangabad,normal,statewide,0.6335117816925049,1,82,65,80,Maharashtra,Sentinel-2 NDVI
2023-12-24,2023-12-31,52.0,2023,P017,21.04613203856966,79.85576216552393,Bhandara,normal,statewide,0.25278136134147644,1,82,65,80,Maharashtra,Sentinel-2 NDVI
2023-12-24,2023-12-31,52.0,2023,P018,21.31897105472685,79.76852877161537,Bhandara,normal,statewide,0.7309717535972595,1,82,65,80,Maharashtra,Sentinel-2 NDVI
2023-12-24,2023-12-31,52.0,2023,P019,21.40900922319803,79.77144948280537,Bhandara,normal,statewide,0.3181818127632141,1,82,65,80,Maharashtra,Sentinel-2 NDVI
2023-12-24,2023-12-31,52.0,2023,P020,21.144196588937042,79.57074980349083,Bhandara,normal,statewide,0.3082457184791565,1,82,65,80,Maharashtra,Sentinel-2 NDVI
2023-12-24,2023-12-31,52.0,2023,P021,18.67502288980403,75.52108340877234,Bid,normal,statewide,0.8587611317634583,1,82,65,80,Maharashtra,Sentinel-2 NDVI
2023-12-24,2023-12-31,52.0,2023,P022,18.856499384477168,75.04699178476999,Bid,normal,statewide,0.23743672668933868,1,82,65,80,Maharashtra,Sentinel-2 NDVI
2023-12-24,2023-12-31,52.0,2023,P023,19.126596053486494,75.6175605191647,Bid,normal,statewide,0.6142672300338745,1,82,65,80,Maharashtra,Sentinel-2 NDVI
2023-12-24,2023-12-31,52.0,2023,P024,18.763955201213946,75.90084720909012,Bid,normal,statewide,0.19808734953403473,1,82,65,80,Maharashtra,Sentinel-2 NDVI
2023-12-24,2023-12-31,52.0,2023,P025,20.93073496240753,76.20164478885242,Buldana,normal,statewide,0.5423529148101807,1,82,65,80,Maharashtra,Sentinel-2 NDVI
2023-12-24,2023-12-31,52.0,2023,P026,20.838939908121294,76.39311412898633,Buldana,normal,statewide,0.37741369009017944,1,82,65,80,Maharashtra,Sentinel-2 NDVI
2023-12-24,2023-12-31,52.0,2023,P027,20.657476790751314,76.48742857536776,Buldana,normal,statewide,0.5993699431419373,1,82,65,80,Maharashtra,Sentinel-2 NDVI
2023-12-24,2023-12-31,52.0,2023,P028,20.47967013624516,76.10222021266374,Buldana,normal,statewide,0.770244836807251,1,82,65,80,Maharashtra,Sentinel-2 NDVI
2023-12-24,2023-12-31,52.0,2023,P029,20.32317798477448,79.92829390325927,Chandrapur,normal,statewide,0.4823020100593567,1,82,65,80,Maharashtra,Sentinel-2 NDVI
2023-12-24,2023-12-31,52.0,2023,P030,20.60872097983294,79.36304041732026,Chandrapur,normal,statewide,0.33371493220329285,1,82,65,80,Maharashtra,Sentinel-2 NDVI
2023-12-24,2023-12-31,52.0,2023,P033,21.38667804512237,75.14422248324037,Dhule,normal,statewide,0.45284920930862427,1,82,65,80,Maharashtra,Sentinel-2 NDVI
2023-12-24,2023-12-31,52.0,2023,P034,21.025151968113196,74.75989256344387,Dhule,normal,statewide,0.2654883861541748,1,82,65,80,Maharashtra,Sentinel-2 NDVI
2023-12-24,2023-12-31,52.0,2023,P035,21.477028350667293,74.85568743137505,Dhule,normal,statewide,0.6102991104125977,1,82,65,80,Maharashtra,Sentinel-2 NDVI
2023-12-24,2023-12-31,52.0,2023,P036,20.933820660336515,74.37533522949364,Dhule,normal,statewide,0.28428900241851807,1,82,65,80,Maharashtra,Sentinel-2 NDVI
2023-12-24,2023-12-31,52.0,2023,P037,19.963056524597132,79.91698116388667,Garhchiroli,normal,statewide,0.18149694800376892,1,82,65,80,Maharashtra,Sentinel-2 NDVI
2023-12-24,2023-12-31,52.0,2023,P038,19.062661462582188,79.88977172925856,Garhchiroli,normal,statewide,0.3926209509372711,1,82,65,80,Maharashtra,Sentinel-2 NDVI
2023-12-24,2023-12-31,52.0,2023,P039,19.510270485428137,79.9981368030594,Garhchiroli,normal,statewide,0.368794322013855,1,82,65,80,Maharashtra,Sentinel-2 NDVI
2023-12-24,2023-12-31,52.0,2023,P040,19.870365190999156,80.00935144220881,Garhchiroli,normal,statewide,0.34387916326522827,1,82,65,80,Maharashtra,Sentinel-2 NDVI
2023-12-24,2023-12-31,52.0,2023,P041,21.127639946725598,80.1465044724107,Gondiya,normal,statewide,0.22559653222560883,1,82,65,80,Maharashtra,Sentinel-2 NDVI
2023-12-24,2023-12-31,52.0,2023,P042,21.397598383602258,80.15591763473452,Gondiya,normal,statewide,0.30915576219558716,1,82,65,80,Maharashtra,Sentinel-2 NDVI
2023-12-24,2023-12-31,52.0,2023,P043,21.574548890706154,80.25847249986273,Gondiya,normal,statewide,0.2992633581161499,1,82,65,80,Maharashtra,Sentinel-2 NDVI
2023-12-24,2023-12-31,52.0,2023,P044,21.211649410572516,80.34153217518526,Gondiya,normal,statewide,0.38363248109817505,1,82,65,80,Maharashtra,Sentinel-2 NDVI
2023-12-24,2023-12-31,52.0,2023,P045,19.655900266732623,77.2407892392464,Hingoli,normal,statewide,0.5585442781448364,1,82,65,80,Maharashtra,Sentinel-2 NDVI
2023-12-24,2023-12-31,52.0,2023,P046,19.566758377573187,77.1442675378435,Hingoli,normal,statewide,0.5347201824188232,1,82,65,80,Maharashtra,Sentinel-2 NDVI
2023-12-24,2023-12-31,52.0,2023,P047,19.47860194974656,76.9526242927685,Hingoli,normal,statewide,0.5698963403701782,1,82,65,80,Maharashtra,Sentinel-2 NDVI
2023-12-24,2023-12-31,52.0,2023,P048,19.927981235710728,77.14910120338544,Hingoli,normal,statewide,0.4567277431488037,1,82,65,80,Maharashtra,Sentinel-2 NDVI
2023-12-24,2023-12-31,52.0,2023,P049,21.292738163229433,76.10816865346904,Jalgaon,normal,statewide,0.6115114092826843,1,82,65,80,Maharashtra,Sentinel-2 NDVI
2023-12-24,2023-12-31,52.0,2023,P050,21.386178625804387,75.43363151891216,Jalgaon,normal,statewide,0.15292206406593323,1,82,65,80,Maharashtra,Sentinel-2 NDVI
2023-12-24,2023-12-31,52.0,2023,P051,21.112064306745907,76.10682200495089,Jalgaon,normal,statewide,0.8862648010253906,1,82,65,80,Maharashtra,Sentinel-2 NDVI
2023-12-24,2023-12-31,52.0,2023,P052,20.844437979720194,75.23982115072519,Jalgaon,normal,statewide,0.5546484589576721,1,82,65,80,Maharashtra,Sentinel-2 NDVI
2023-12-24,2023-12-31,52.0,2023,P053,19.486369703781666,76.00005328932718,Jalna,normal,statewide,0.6210620999336243,1,82,65,80,Maharashtra,Sentinel-2 NDVI
2023-12-24,2023-12-31,52.0,2023,P054,20.028502750758555,76.00343774702675,Jalna,normal,statewide,0.3581946790218353,1,82,65,80,Maharashtra,Sentinel-2 NDVI
2023-12-24,2023-12-31,52.0,2023,P055,19.75743845682064,76.00172991132328,Jalna,normal,statewide,0.5575440526008606,1,82,65,80,Maharashtra,Sentinel-2 NDVI
2023-12-24,2023-12-31,52.0,2023,P056,19.57768317515413,75.80993951591351,Jalna,normal,statewide,0.5215593576431274,1,82,65,80,Maharashtra,Sentinel-2 NDVI
2023-12-24,2023-12-31,52.0,2023,P057,16.776377793156257,74.29671235971928,Kolhapur,normal,statewide,0.682267963886261,1,82,65,80,Maharashtra,Sentinel-2 NDVI
2023-12-24,2023-12-31,52.0,2023,P058,16.324416687682138,74.29834884980589,Kolhapur,normal,statewide,0.7517296671867371,1,82,65,80,Maharashtra,Sentinel-2 NDVI
2023-12-24,2023-12-31,52.0,2023,P059,16.595891218916975,74.39111598812178,Kolhapur,normal,statewide,0.6245884299278259,1,82,65,80,Maharashtra,Sentinel-2 NDVI
2023-12-24,2023-12-31,52.0,2023,P060,16.414811584237594,74.29802779453004,Kolhapur,normal,statewide,0.7179556488990784,1,82,65,80,Maharashtra,Sentinel-2 NDVI
2023-12-24,2023-12-31,52.0,2023,P086,21.054127206758487,79.56798961993874,Nagpur,normal,statewide,0.4221819341182709,1,82,65,80,Maharashtra,Sentinel-2 NDVI
2023-12-24,2023-12-31,52.0,2023,P087,21.146765031143822,79.47473643960802,Nagpur,normal,statewide,0.49225664138793945,1,82,65,80,Maharashtra,Sentinel-2 NDVI
2023-12-24,2023-12-31,52.0,2023,P088,21.347803602138427,78.61442869606356,Nagpur,normal,statewide,0.6923984885215759,1,82,65,80,Maharashtra,Sentinel-2 NDVI
2023-12-24,2023-12-31,52.0,2023,P089,21.165377318940912,78.70615240473293,Nagpur,normal,statewide,0.46873798966407776,1,82,65,80,Maharashtra,Sentinel-2 NDVI
2023-12-24,2023-12-31,52.0,2023,P090,19.201968238592887,77.42470040309472,Nanded,normal,statewide,0.49930939078330994,1,82,65,80,Maharashtra,Sentinel-2 NDVI
2023-12-24,2023-12-31,52.0,2023,P091,18.566038000956755,77.69963965584807,Nanded,normal,statewide,0.6308203935623169,1,82,65,80,Maharashtra,Sentinel-2 NDVI
2023-12-24,2023-12-31,52.0,2023,P092,19.736596618496833,77.90946265591798,Nanded,normal,statewide,0.5408502221107483,1,82,65,80,Maharashtra,Sentinel-2 NDVI
2023-12-24,2023-12-31,52.0,2023,P093,18.93564842817583,77.04115528508362,Nanded,normal,statewide,0.6558935046195984,1,82,65,80,Maharashtra,Sentinel-2 NDVI
2023-12-24,2023-12-31,52.0,2023,P094,21.564917232430716,74.08292967791392,Nandurbar,normal,statewide,0.5161182880401611,1,82,65,80,Maharashtra,Sentinel-2 NDVI
2023-12-24,2023-12-31,52.0,2023,P095,21.5662594218478,74.37266422796263,Nandurbar,normal,statewide,0.6267030835151672,1,82,65,80,Maharashtra,Sentinel-2 NDVI
2023-12-24,2023-12-31,52.0,2023,P096,21.385179787168415,74.27697637845674,Nandurbar,normal,statewide,0.27867230772972107,1,82,65,80,Maharashtra,Sentinel-2 NDVI
2023-12-24,2023-12-31,52.0,2023,P097,21.565421110849755,74.17950488852946,Nandurbar,normal,statewide,0.6290537714958191,1,82,65,80,Maharashtra,Sentinel-2 NDVI
2023-12-24,2023-12-31,52.0,2023,P098,20.299553667393326,73.99482675929994,Nashik,normal,statewide,0.3026809096336365,1,82,65,80,Maharashtra,Sentinel-2 NDVI
2023-12-24,2023-12-31,52.0,2023,P099,20.120253214034264,74.28296495117151,Nashik,normal,statewide,0.3509066104888916,1,82,65,80,Maharashtra,Sentinel-2 NDVI
2023-12-24,2023-12-31,52.0,2023,P100,20.389903972938242,73.99424261706194,Nashik,normal,statewide,0.23329240083694458,1,82,65,80,Maharashtra,Sentinel-2 NDVI
2023-12-24,2023-12-31,52.0,2023,P101,20.029015547379707,74.09216447619562,Nashik,normal,statewide,0.2679409086704254,1,82,65,80,Maharashtra,Sentinel-2 NDVI
2023-12-24,2023-12-31,52.0,2023,P102,17.85749130266526,76.36802722645965,Osmanabad,normal,statewide,0.16003043949604034,1,82,65,80,Maharashtra,Sentinel-2 NDVI
2023-12-24,2023-12-31,52.0,2023,P103,17.76644983645705,76.46164605307673,Osmanabad,normal,statewide,0.6126706004142761,1,82,65,80,Maharashtra,Sentinel-2 NDVI
2023-12-24,2023-12-31,52.0,2023,P105,18.584360447185368,75.61558067829696,Osmanabad,normal,statewide,0.3967597484588623,1,82,65,80,Maharashtra,Sentinel-2 NDVI
2023-12-24,2023-12-31,52.0,2023,P106,19.031389786894366,76.47235681380711,Parbhani,normal,statewide,0.26056337356567383,1,82,65,80,Maharashtra,Sentinel-2 NDVI
2023-12-24,2023-12-31,52.0,2023,P107,19.120950831552832,76.56820519095093,Parbhani,normal,statewide,0.46719539165496826,1,82,65,80,Maharashtra,Sentinel-2 NDVI
2023-12-24,2023-12-31,52.0,2023,P108,19.208625676465683,76.85432786914635,Parbhani,normal,statewide,0.6990825533866882,1,82,65,80,Maharashtra,Sentinel-2 NDVI
2023-12-24,2023-12-31,52.0,2023,P109,19.212081479782103,76.47396209018636,Parbhani,normal,statewide,0.42474645376205444,1,82,65,80,Maharashtra,Sentinel-2 NDVI
2023-12-24,2023-12-31,52.0,2023,P110,18.133442771357757,75.04679558432363,Pune,normal,statewide,0.7074554562568665,1,82,65,80,Maharashtra,Sentinel-2 NDVI
2023-12-24,2023-12-31,52.0,2023,P111,18.584645829652782,74.47919215212944,Pune,normal,statewide,0.42610999941825867,1,82,65,80,Maharashtra,Sentinel-2 NDVI
2023-12-24,2023-12-31,52.0,2023,P112,18.132979024848197,74.57507620208169,Pune,normal,statewide,0.27120986580848694,1,82,65,80,Maharashtra,Sentinel-2 NDVI
2023-12-24,2023-12-31,52.0,2023,P113,18.314072036830744,74.76389683618987,Pune,normal,statewide,0.360843300819397,1,82,65,80,Maharashtra,Sentinel-2 NDVI
2023-12-24,2023-12-31,52.0,2023,P114,18.48503397121986,73.0589238755964,Raigarh,normal,statewide,0.2716004252433777,1,82,65,80,Maharashtra,Sentinel-2 NDVI
2023-12-24,2023-12-31,52.0,2023,P115,18.665689991299164,73.05687714821288,Raigarh,normal,statewide,0.17847777903079987,1,82,65,80,Maharashtra,Sentinel-2 NDVI
2023-12-24,2023-12-31,52.0,2023,P116,18.306197264370358,73.25009891506079,Raigarh,normal,statewide,0.7200292348861694,1,82,65,80,Maharashtra,Sentinel-2 NDVI
2023-12-24,2023-12-31,52.0,2023,P117,18.21404102289879,73.06194714611064,Raigarh,normal,statewide,0.26466575264930725,1,82,65,80,Maharashtra,Sentinel-2 NDVI
2023-12-24,2023-12-31,52.0,2023,P118,17.138719885658215,75.42259970290594,Sangli,normal,statewide,0.2643139064311981,1,82,65,80,Maharashtra,Sentinel-2 NDVI
2023-12-24,2023-12-31,52.0,2023,P119,17.048761981005992,74.95348443567921,Sangli,normal,statewide,0.3830464482307434,1,82,65,80,Maharashtra,Sentinel-2 NDVI
2023-12-24,2023-12-31,52.0,2023,P120,16.86707144948229,74.39025538161847,Sangli,normal,statewide,0.6155620813369751,1,82,65,80,Maharashtra,Sentinel-2 NDVI
2023-12-24,2023-12-31,52.0,2023,P121,17.048503353144895,74.67157114887826,Sangli,normal,statewide,0.2794744372367859,1,82,65,80,Maharashtra,Sentinel-2 NDVI
2023-12-24,2023-12-31,52.0,2023,P148,17.67852974098626,76.08383979812143,Solapur,normal,statewide,0.44247013330459595,1,82,65,80,Maharashtra,Sentinel-2 NDVI
2023-12-24,2023-12-31,52.0,2023,P149,18.223365003201543,75.4251413905064,Solapur,normal,statewide,0.40848004817962646,1,82,65,80,Maharashtra,Sentinel-2 NDVI
2023-12-24,2023-12-31,52.0,2023,P150,17.952532582518405,75.23562067753285,Solapur,normal,statewide,0.6028839349746704,1,82,65,80,Maharashtra,Sentinel-2 NDVI
2023-12-24,2023-12-31,52.0,2023,P151,18.223690517578447,75.23598186471818,Solapur,normal,statewide,0.4034561812877655,1,82,65,80,Maharashtra,Sentinel-2 NDVI
2023-12-24,2023-12-31,52.0,2023,P152,19.658178867370932,72.94986318203122,Thane,normal,statewide,0.7087772488594055,1,82,65,80,Maharashtra,Sentinel-2 NDVI
2023-12-24,2023-12-31,52.0,2023,P153,19.65706409210757,72.8545320606096,Thane,normal,statewide,0.37728139758110046,1,82,65,80,Maharashtra,Sentinel-2 NDVI
2023-12-24,2023-12-31,52.0,2023,P154,19.477549601897948,72.95214624177059,Thane,normal,statewide,0.17218543589115143,1,82,65,80,Maharashtra,Sentinel-2 NDVI
2023-12-24,2023-12-31,52.0,2023,P155,19.83987385799569,73.0429959666335,Thane,normal,statewide,0.2590561509132385,1,82,65,80,Maharashtra,Sentinel-2 NDVI
2023-12-24,2023-12-31,52.0,2023,P156,20.806749657616468,78.60135461177485,Wardha,normal,statewide,0.6000174880027771,1,82,65,80,Maharashtra,Sentinel-2 NDVI
2023-12-24,2023-12-31,52.0,2023,P157,20.71031267913359,78.88671032458906,Wardha,normal,statewide,0.5384229421615601,1,82,65,80,Maharashtra,Sentinel-2 NDVI
2023-12-24,2023-12-31,52.0,2023,P158,21.081265295769754,78.41565980750515,Wardha,normal,statewide,0.49758172035217285,1,82,65,80,Maharashtra,Sentinel-2 NDVI
2023-12-24,2023-12-31,52.0,2023,P159,20.439854822938944,78.87986114537097,Wardha,normal,statewide,0.2514478266239166,1,82,65,80,Maharashtra,Sentinel-2 NDVI
2023-12-24,2023-12-31,52.0,2023,P160,20.289186257444058,77.15404188735265,Washim,normal,statewide,0.8396451473236084,1,82,65,80,Maharashtra,Sentinel-2 NDVI
2023-12-24,2023-12-31,52.0,2023,P161,20.464607292886615,77.53975858757677,Washim,normal,statewide,0.6439436674118042,1,82,65,80,Maharashtra,Sentinel-2 NDVI
2023-12-24,2023-12-31,52.0,2023,P162,20.107393166596125,77.2471479173486,Washim,normal,statewide,0.5003431439399719,1,82,65,80,Maharashtra,Sentinel-2 NDVI
2023-12-24,2023-12-31,52.0,2023,P163,20.198885002010726,77.1527933390577,Washim,normal,statewide,0.3181701898574829,1,82,65,80,Maharashtra,Sentinel-2 NDVI
2023-12-24,2023-12-31,52.0,2023,P164,20.182854533723592,78.20447678161395,Yavatmal,normal,statewide,0.26653817296028137,1,82,65,80,Maharashtra,Sentinel-2 NDVI
2023-12-24,2023-12-31,52.0,2023,P165,19.894658373538324,79.05709703494229,Yavatmal,normal,statewide,0.5332910418510437,1,82,65,80,Maharashtra,Sentinel-2 NDVI
2023-12-24,2023-12-31,52.0,2023,P166,19.468787468327925,77.71426550730338,Yavatmal,normal,statewide,0.6096224188804626,1,82,65,80,Maharashtra,Sentinel-2 NDVI
2023-12-24,2023-12-31,52.0,2023,P167,19.559057510053886,77.71577268345945,Yavatmal,normal,statewide,0.476696640253067,1,82,65,80,Maharashtra,Sentinel-2 NDVI
