Week_Start,Week_End,Week_Number,Year,point_id,latitude,longitude,district,sampling_priority,region_type,NDVI,NDVI_Valid,Sentinel2_Images,Cloud_Probability_Threshold,Scene_Cloud_Threshold,study_area,dataset
2019-07-02,2019-07-09,27.0,2019,P123,17.386414030975025,74.27088970551878,Satara,high,priority,0.3196027874946594,1,5,65,80,Maharashtra,Sentinel-2 NDVI
2019-07-02,2019-07-09,27.0,2019,P124,17.43262815429294,74.647353771057,Satara,high,priority,0.15273132920265198,1,5,65,80,Maharashtra,Sentinel-2 NDVI
2019-07-02,2019-07-09,27.0,2019,P128,18.019949731345452,74.5517328080669,Satara,high,priority,0.12761753797531128,1,5,65,80,Maharashtra,Sentinel-2 NDVI
2019-07-02,2019-07-09,27.0,2019,P141,17.430826677467348,74.08239904488856,Satara,high,priority,0.5919055938720703,1,5,65,80,Maharashtra,Sentinel-2 NDVI
2019-07-02,2019-07-09,27.0,2019,P143,17.70379500755509,74.6468275971327,Satara,high,priority,0.21900826692581177,1,5,65,80,Maharashtra,Sentinel-2 NDVI
2019-07-02,2019-07-09,27.0,2019,P059,16.595891218916975,74.39111598812178,Kolhapur,normal,statewide,0.7005006670951843,1,5,65,80,Maharashtra,Sentinel-2 NDVI
2019-07-02,2019-07-09,27.0,2019,P060,16.414811584237594,74.29802779453004,Kolhapur,normal,statewide,0.1521347016096115,1,5,65,80,Maharashtra,Sentinel-2 NDVI
2019-07-02,2019-07-09,27.0,2019,P094,21.564917232430716,74.08292967791392,Nandurbar,normal,statewide,0.46045050024986267,1,5,65,80,Maharashtra,Sentinel-2 NDVI
2019-07-02,2019-07-09,27.0,2019,P118,17.138719885658215,75.42259970290594,Sangli,normal,statewide,0.2695659101009369,1,5,65,80,Maharashtra,Sentinel-2 NDVI
2019-07-02,2019-07-09,27.0,2019,P121,17.048503353144895,74.67157114887826,Sangli,normal,statewide,0.16548223793506622,1,5,65,80,Maharashtra,Sentinel-2 NDVI
2019-07-09,2019-07-16,28.0,2019,P147,17.927231643141155,73.94769852026607,Satara,case_study,case_study,0.4490685760974884,1,27,65,80,Maharashtra,Sentinel-2 NDVI
2019-07-09,2019-07-16,28.0,2019,P126,17.205080227535593,74.13053949986157,Satara,high,priority,0.35558202862739563,1,27,65,80,Maharashtra,Sentinel-2 NDVI
2019-07-09,2019-07-16,28.0,2019,P131,17.612539504496315,74.3171127470388,Satara,high,priority,0.4269340932369232,1,27,65,80,Maharashtra,Sentinel-2 NDVI
2019-07-09,2019-07-16,28.0,2019,P133,17.25006363896275,74.08329532420031,Satara,high,priority,0.37184378504753113,1,27,65,80,Maharashtra,Sentinel-2 NDVI
2019-07-09,2019-07-16,28.0,2019,P143,17.70379500755509,74.6468275971327,Satara,high,priority,0.23168553411960602,1,27,65,80,Maharashtra,Sentinel-2 NDVI
2019-07-09,2019-07-16,28.0,2019,P144,17.929452275465767,74.50474726026674,Satara,high,priority,0.1160493791103363,1,27,65,80,Maharashtra,Sentinel-2 NDVI
2019-07-09,2019-07-16,28.0,2019,P146,17.839182233739812,74.55218763637436,Satara,high,priority,0.14231738448143005,1,27,65,80,Maharashtra,Sentinel-2 NDVI
2019-07-09,2019-07-16,28.0,2019,P001,19.940457800458272,74.57045211428928,Ahmednagar,normal,statewide,0.2139037400484085,1,27,65,80,Maharashtra,Sentinel-2 NDVI
2019-07-09,2019-07-16,28.0,2019,P015,19.9408189876436,74.76157364454102,Aurangabad,normal,statewide,0.13799448311328888,1,27,65,80,Maharashtra,Sentinel-2 NDVI
2019-07-09,2019-07-16,28.0,2019,P016,19.66981712112043,75.14262166596218,Aurangabad,normal,statewide,0.14215686917304993,1,27,65,80,Maharashtra,Sentinel-2 NDVI
2019-07-09,2019-07-16,28.0,2019,P023,19.126596053486494,75.6175605191647,Bid,normal,statewide,0.08066759258508682,1,27,65,80,Maharashtra,Sentinel-2 NDVI
2019-07-09,2019-07-16,28.0,2019,P025,20.93073496240753,76.20164478885242,Buldana,normal,statewide,0.07651714980602264,1,27,65,80,Maharashtra,Sentinel-2 NDVI
2019-07-09,2019-07-16,28.0,2019,P026,20.838939908121294,76.39311412898633,Buldana,normal,statewide,0.15028901398181915,1,27,65,80,Maharashtra,Sentinel-2 NDVI
2019-07-09,2019-07-16,28.0,2019,P031,20.511160307884595,79.64732594588165,Chandrapur,normal,statewide,0.30449628829956055,1,27,65,80,Maharashtra,Sentinel-2 NDVI
2019-07-09,2019-07-16,28.0,2019,P032,20.598621115946884,79.74569817422172,Chandrapur,normal,statewide,0.3324808180332184,1,27,65,80,Maharashtra,Sentinel-2 NDVI
2019-07-09,2019-07-16,28.0,2019,P034,21.025151968113196,74.75989256344387,Dhule,normal,statewide,0.1965065449476242,1,27,65,80,Maharashtra,Sentinel-2 NDVI
2019-07-09,2019-07-16,28.0,2019,P037,19.963056524597132,79.91698116388667,Garhchiroli,normal,statewide,0.16557863354682922,1,27,65,80,Maharashtra,Sentinel-2 NDVI
2019-07-09,2019-07-16,28.0,2019,P040,19.870365190999156,80.00935144220881,Garhchiroli,normal,statewide,0.29402101039886475,1,27,65,80,Maharashtra,Sentinel-2 NDVI
2019-07-09,2019-07-16,28.0,2019,P049,21.292738163229433,76.10816865346904,Jalgaon,normal,statewide,0.3495505154132843,1,27,65,80,Maharashtra,Sentinel-2 NDVI
2019-07-09,2019-07-16,28.0,2019,P055,19.75743845682064,76.00172991132328,Jalna,normal,statewide,0.12162259966135025,1,27,65,80,Maharashtra,Sentinel-2 NDVI
2019-07-09,2019-07-16,28.0,2019,P056,19.57768317515413,75.80993951591351,Jalna,normal,statewide,0.12483039498329163,1,27,65,80,Maharashtra,Sentinel-2 NDVI
2019-07-09,2019-07-16,28.0,2019,P057,16.776377793156257,74.29671235971928,Kolhapur,normal,statewide,0.3468620777130127,1,27,65,80,Maharashtra,Sentinel-2 NDVI
2019-07-09,2019-07-16,28.0,2019,P058,16.324416687682138,74.29834884980589,Kolhapur,normal,statewide,0.5146324038505554,1,27,65,80,Maharashtra,Sentinel-2 NDVI
2019-07-09,2019-07-16,28.0,2019,P059,16.595891218916975,74.39111598812178,Kolhapur,normal,statewide,0.4592750668525696,1,27,65,80,Maharashtra,Sentinel-2 NDVI
2019-07-09,2019-07-16,28.0,2019,P060,16.414811584237594,74.29802779453004,Kolhapur,normal,statewide,0.2228875607252121,1,27,65,80,Maharashtra,Sentinel-2 NDVI
2019-07-09,2019-07-16,28.0,2019,P089,21.165377318940912,78.70615240473293,Nagpur,normal,statewide,0.37409448623657227,1,27,65,80,Maharashtra,Sentinel-2 NDVI
2019-07-09,2019-07-16,28.0,2019,P101,20.029015547379707,74.09216447619562,Nashik,normal,statewide,0.39397144317626953,1,27,65,80,Maharashtra,Sentinel-2 NDVI
2019-07-09,2019-07-16,28.0,2019,P118,17.138719885658215,75.42259970290594,Sangli,normal,statewide,0.25416699051856995,1,27,65,80,Maharashtra,Sentinel-2 NDVI
2019-07-09,2019-07-16,28.0,2019,P150,17.952532582518405,75.23562067753285,Solapur,normal,statewide,0.13463515043258667,1,27,65,80,Maharashtra,Sentinel-2 NDVI
2019-07-09,2019-07-16,28.0,2019,P159,20.439854822938944,78.87986114537097,Wardha,normal,statewide,0.29695072770118713,1,27,65,80,Maharashtra,Sentinel-2 NDVI
2019-07-09,2019-07-16,28.0,2019,P165,19.894658373538324,79.05709703494229,Yavatmal,normal,statewide,0.16415002942085266,1,27,65,80,Maharashtra,Sentinel-2 NDVI
2019-07-16,2019-07-23,29.0,2019,P061,18.507855650411397,76.91766048140843,Latur,high,priority,0.5651236772537231,1,68,65,80,Maharashtra,Sentinel-2 NDVI
2019-07-16,2019-07-23,29.0,2019,P062,18.422405896924207,76.3487594508077,Latur,high,priority,0.07005579769611359,1,68,65,80,Maharashtra,Sentinel-2 NDVI
2019-07-16,2019-07-23,29.0,2019,P063,18.235391198742693,77.05646783810116,Latur,high,priority,0.12597928941249847,1,68,65,80,Maharashtra,Sentinel-2 NDVI
2019-07-16,2019-07-23,29.0,2019,P064,18.193056493341274,76.77240080549139,Latur,high,priority,0.04550625756382942,1,68,65,80,Maharashtra,Sentinel-2 NDVI
2019-07-16,2019-07-23,29.0,2019,P066,18.104739537876725,76.5352970251765,Latur,high,priority,0.036437246948480606,1,68,65,80,Maharashtra,Sentinel-2 NDVI
2019-07-16,2019-07-23,29.0,2019,P067,18.280552974211986,77.0569984711265,Latur,high,priority,0.12853677570819855,1,68,65,80,Maharashtra,Sentinel-2 NDVI
2019-07-16,2019-07-23,29.0,2019,P068,18.101823285787773,76.86595720469373,Latur,high,priority,0.28977271914482117,1,68,65,80,Maharashtra,Sentinel-2 NDVI
2019-07-16,2019-07-23,29.0,2019,P069,18.595075667016793,77.20284228928156,Latur,high,priority,0.2496863305568695,1,68,65,80,Maharashtra,Sentinel-2 NDVI
2019-07-16,2019-07-23,29.0,2019,P070,18.41499041187233,77.15322587185987,Latur,high,priority,0.2958388328552246,1,68,65,80,Maharashtra,Sentinel-2 NDVI
2019-07-16,2019-07-23,29.0,2019,P072,18.283393421583035,76.77331492120734,Latur,high,priority,0.09377593547105789,1,68,65,80,Maharashtra,Sentinel-2 NDVI
2019-07-16,2019-07-23,29.0,2019,P073,17.966315663874607,76.86453029235662,Latur,high,priority,0.20532472431659698,1,68,65,80,Maharashtra,Sentinel-2 NDVI
2019-07-16,2019-07-23,29.0,2019,P074,18.50832831512306,76.870318205524,Latur,high,priority,0.1635267585515976,1,68,65,80,Maharashtra,Sentinel-2 NDVI
2019-07-16,2019-07-23,29.0,2019,P075,18.41444640154381,77.20053247493588,Latur,high,priority,0.22732020914554596,1,68,65,80,Maharashtra,Sentinel-2 NDVI
2019-07-16,2019-07-23,29.0,2019,P076,18.377877313804504,76.25376722106614,Latur,high,priority,0.5092260837554932,1,68,65,80,Maharashtra,Sentinel-2 NDVI
2019-07-16,2019-07-23,29.0,2019,P079,18.73508698099394,76.77797468180819,Latur,high,priority,0.4286477565765381,1,68,65,80,Maharashtra,Sentinel-2 NDVI
2019-07-16,2019-07-23,29.0,2019,P081,18.10355787609756,76.67701617485712,Latur,high,priority,0.11034141480922699,1,68,65,80,Maharashtra,Sentinel-2 NDVI
2019-07-16,2019-07-23,29.0,2019,P082,18.23907887531389,76.67830931416262,Latur,high,priority,0.18320611119270325,1,68,65,80,Maharashtra,Sentinel-2 NDVI
2019-07-16,2019-07-23,29.0,2019,P083,18.369289085175563,77.19996171000103,Latur,high,priority,0.33085039258003235,1,68,65,80,Maharashtra,Sentinel-2 NDVI
2019-07-16,2019-07-23,29.0,2019,P084,18.46362582706226,76.82249880582684,Latur,high,priority,0.07690007239580154,1,68,65,80,Maharashtra,Sentinel-2 NDVI
2019-07-16,2019-07-23,29.0,2019,P085,18.14788579966987,76.77194597718393,Latur,high,priority,0.21752041578292847,1,68,65,80,Maharashtra,Sentinel-2 NDVI
2019-07-16,2019-07-23,29.0,2019,P125,17.56734651531964,74.31728219287884,Satara,high,priority,0.21541950106620789,1,68,65,80,Maharashtra,Sentinel-2 NDVI
2019-07-16,2019-07-23,29.0,2019,P127,17.65773249367299,74.31694330119876,Satara,high,priority,0.2686476707458496,1,68,65,80,Maharashtra,Sentinel-2 NDVI
2019-07-16,2019-07-23,29.0,2019,P128,18.019949731345452,74.5517328080669,Satara,high,priority,0.09451266378164291,1,68,65,80,Maharashtra,Sentinel-2 NDVI
2019-07-16,2019-07-23,29.0,2019,P130,17.61135784271715,74.03436560834085,Satara,high,priority,0.1355932205915451,1,68,65,80,Maharashtra,Sentinel-2 NDVI
2019-07-16,2019-07-23,29.0,2019,P131,17.612539504496315,74.3171127470388,Satara,high,priority,0.489403635263443,1,68,65,80,Maharashtra,Sentinel-2 NDVI
2019-07-16,2019-07-23,29.0,2019,P132,17.702176353872684,74.12817617630324,Satara,high,priority,0.21032719314098358,1,68,65,80,Maharashtra,Sentinel-2 NDVI
2019-07-16,2019-07-23,29.0,2019,P135,17.882716437324603,74.0801070669471,Satara,high,priority,0.5624681115150452,1,68,65,80,Maharashtra,Sentinel-2 NDVI
2019-07-16,2019-07-23,29.0,2019,P136,17.928520323345598,74.22149178404871,Satara,high,priority,0.3493253290653229,1,68,65,80,Maharashtra,Sentinel-2 NDVI
2019-07-16,2019-07-23,29.0,2019,P139,17.656773786946495,74.08126197411994,Satara,high,priority,0.27710703015327454,1,68,65,80,Maharashtra,Sentinel-2 NDVI
2019-07-16,2019-07-23,29.0,2019,P142,18.064447100757786,74.31538707493111,Satara,high,priority,0.7185882329940796,1,68,65,80,Maharashtra,Sentinel-2 NDVI
2019-07-16,2019-07-23,29.0,2019,P143,17.70379500755509,74.6468275971327,Satara,high,priority,0.24799999594688416,1,68,65,80,Maharashtra,Sentinel-2 NDVI
2019-07-16,2019-07-23,29.0,2019,P144,17.929452275465767,74.50474726026674,Satara,high,priority,0.09867909550666809,1,68,65,80,Maharashtra,Sentinel-2 NDVI
2019-07-16,2019-07-23,29.0,2019,P146,17.839182233739812,74.55218763637436,Satara,high,priority,0.20290909707546234,1,68,65,80,Maharashtra,Sentinel-2 NDVI
2019-07-16,2019-07-23,29.0,2019,P002,18.946729294293643,74.76302285238339,Ahmednagar,normal,statewide,0.09611843526363373,1,68,65,80,Maharashtra,Sentinel-2 NDVI
2019-07-16,2019-07-23,29.0,2019,P003,18.49469238410162,74.66892244285252,Ahmednagar,normal,statewide,0.11394422501325607,1,68,65,80,Maharashtra,Sentinel-2 NDVI
2019-07-16,2019-07-23,29.0,2019,P004,19.03720445466806,75.1420731965326,Ahmednagar,normal,statewide,0.19972357153892517,1,68,65,80,Maharashtra,Sentinel-2 NDVI
2019-07-16,2019-07-23,29.0,2019,P005,20.832153156317954,77.06560453615967,Akola,normal,statewide,0.007644197437912226,1,68,65,80,Maharashtra,Sentinel-2 NDVI
2019-07-16,2019-07-23,29.0,2019,P007,21.014976299509232,76.87574047240498,Akola,normal,statewide,0.1765536665916443,1,68,65,80,Maharashtra,Sentinel-2 NDVI
2019-07-16,2019-07-23,29.0,2019,P009,21.360971327549258,77.94039543992572,Amravati,normal,statewide,0.06176961585879326,1,68,65,80,Maharashtra,Sentinel-2 NDVI
2019-07-16,2019-07-23,29.0,2019,P010,21.178803672212837,78.03301542790685,Amravati,normal,statewide,0.25710228085517883,1,68,65,80,Maharashtra,Sentinel-2 NDVI
2019-07-16,2019-07-23,29.0,2019,P011,20.814388097721018,78.21764450702477,Amravati,normal,statewide,0.2368352711200714,1,68,65,80,Maharashtra,Sentinel-2 NDVI
2019-07-16,2019-07-23,29.0,2019,P012,21.180502589714195,77.93681032267875,Amravati,normal,statewide,0.08837529271841049,1,68,65,80,Maharashtra,Sentinel-2 NDVI
2019-07-16,2019-07-23,29.0,2019,P013,20.031289688916964,74.8570519162974,Aurangabad,normal,statewide,0.22114668786525726,1,68,65,80,Maharashtra,Sentinel-2 NDVI
2019-07-16,2019-07-23,29.0,2019,P014,19.760185263069562,75.14270192978114,Aurangabad,normal,statewide,0.09554140269756317,1,68,65,80,Maharashtra,Sentinel-2 NDVI
2019-07-16,2019-07-23,29.0,2019,P015,19.9408189876436,74.76157364454102,Aurangabad,normal,statewide,0.1800146996974945,1,68,65,80,Maharashtra,Sentinel-2 NDVI
2019-07-16,2019-07-23,29.0,2019,P016,19.66981712112043,75.14262166596218,Aurangabad,normal,statewide,0.15617716312408447,1,68,65,80,Maharashtra,Sentinel-2 NDVI
2019-07-16,2019-07-23,29.0,2019,P017,21.04613203856966,79.85576216552393,Bhandara,normal,statewide,0.2537521719932556,1,68,65,80,Maharashtra,Sentinel-2 NDVI
2019-07-16,2019-07-23,29.0,2019,P018,21.31897105472685,79.76852877161537,Bhandara,normal,statewide,0.2895752787590027,1,68,65,80,Maharashtra,Sentinel-2 NDVI
2019-07-16,2019-07-23,29.0,2019,P019,21.40900922319803,79.77144948280537,Bhandara,normal,statewide,0.28538283705711365,1,68,65,80,Maharashtra,Sentinel-2 NDVI
2019-07-16,2019-07-23,29.0,2019,P020,21.144196588937042,79.57074980349083,Bhandara,normal,statewide,0.2842220962047577,1,68,65,80,Maharashtra,Sentinel-2 NDVI
2019-07-16,2019-07-23,29.0,2019,P022,18.856499384477168,75.04699178476999,Bid,normal,statewide,0.19946321845054626,1,68,65,80,Maharashtra,Sentinel-2 NDVI
2019-07-16,2019-07-23,29.0,2019,P024,18.763955201213946,75.90084720909012,Bid,normal,statewide,0.2340153455734253,1,68,65,80,Maharashtra,Sentinel-2 NDVI
2019-07-16,2019-07-23,29.0,2019,P027,20.657476790751314,76.48742857536776,Buldana,normal,statewide,0.5801407098770142,1,68,65,80,Maharashtra,Sentinel-2 NDVI
2019-07-16,2019-07-23,29.0,2019,P028,20.47967013624516,76.10222021266374,Buldana,normal,statewide,0.2257217913866043,1,68,65,80,Maharashtra,Sentinel-2 NDVI
2019-07-16,2019-07-23,29.0,2019,P030,20.60872097983294,79.36304041732026,Chandrapur,normal,statewide,0.1871657818555832,1,68,65,80,Maharashtra,Sentinel-2 NDVI
2019-07-16,2019-07-23,29.0,2019,P031,20.511160307884595,79.64732594588165,Chandrapur,normal,statewide,0.3399374485015869,1,68,65,80,Maharashtra,Sentinel-2 NDVI
2019-07-16,2019-07-23,29.0,2019,P032,20.598621115946884,79.74569817422172,Chandrapur,normal,statewide,0.27955666184425354,1,68,65,80,Maharashtra,Sentinel-2 NDVI
2019-07-16,2019-07-23,29.0,2019,P034,21.025151968113196,74.75989256344387,Dhule,normal,statewide,0.14251352846622467,1,68,65,80,Maharashtra,Sentinel-2 NDVI
2019-07-16,2019-07-23,29.0,2019,P038,19.062661462582188,79.88977172925856,Garhchiroli,normal,statewide,0.035262808203697205,1,68,65,80,Maharashtra,Sentinel-2 NDVI
2019-07-16,2019-07-23,29.0,2019,P039,19.510270485428137,79.9981368030594,Garhchiroli,normal,statewide,0.5788683295249939,1,68,65,80,Maharashtra,Sentinel-2 NDVI
2019-07-16,2019-07-23,29.0,2019,P041,21.127639946725598,80.1465044724107,Gondiya,normal,statewide,0.22681882977485657,1,68,65,80,Maharashtra,Sentinel-2 NDVI
2019-07-16,2019-07-23,29.0,2019,P042,21.397598383602258,80.15591763473452,Gondiya,normal,statewide,0.7319068312644958,1,68,65,80,Maharashtra,Sentinel-2 NDVI
2019-07-16,2019-07-23,29.0,2019,P043,21.574548890706154,80.25847249986273,Gondiya,normal,statewide,0.3836354613304138,1,68,65,80,Maharashtra,Sentinel-2 NDVI
2019-07-16,2019-07-23,29.0,2019,P044,21.211649410572516,80.34153217518526,Gondiya,normal,statewide,0.4146100580692291,1,68,65,80,Maharashtra,Sentinel-2 NDVI
2019-07-16,2019-07-23,29.0,2019,P045,19.655900266732623,77.2407892392464,Hingoli,normal,statewide,0.17722192406654358,1,68,65,80,Maharashtra,Sentinel-2 NDVI
2019-07-16,2019-07-23,29.0,2019,P046,19.566758377573187,77.1442675378435,Hingoli,normal,statewide,0.19266653060913086,1,68,65,80,Maharashtra,Sentinel-2 NDVI
2019-07-16,2019-07-23,29.0,2019,P047,19.47860194974656,76.9526242927685,Hingoli,normal,statewide,0.3176670968532562,1,68,65,80,Maharashtra,Sentinel-2 NDVI
2019-07-16,2019-07-23,29.0,2019,P048,19.927981235710728,77.14910120338544,Hingoli,normal,statewide,0.5134168267250061,1,68,65,80,Maharashtra,Sentinel-2 NDVI
2019-07-16,2019-07-23,29.0,2019,P050,21.386178625804387,75.43363151891216,Jalgaon,normal,statewide,0.11548420786857605,1,68,65,80,Maharashtra,Sentinel-2 NDVI
2019-07-16,2019-07-23,29.0,2019,P052,20.844437979720194,75.23982115072519,Jalgaon,normal,statewide,0.2444124072790146,1,68,65,80,Maharashtra,Sentinel-2 NDVI
2019-07-16,2019-07-23,29.0,2019,P054,20.028502750758555,76.00343774702675,Jalna,normal,statewide,0.10100473463535309,1,68,65,80,Maharashtra,Sentinel-2 NDVI
2019-07-16,2019-07-23,29.0,2019,P055,19.75743845682064,76.00172991132328,Jalna,normal,statewide,0.1657671481370926,1,68,65,80,Maharashtra,Sentinel-2 NDVI
2019-07-16,2019-07-23,29.0,2019,P086,21.054127206758487,79.56798961993874,Nagpur,normal,statewide,0.36612701416015625,1,68,65,80,Maharashtra,Sentinel-2 NDVI
2019-07-16,2019-07-23,29.0,2019,P087,21.146765031143822,79.47473643960802,Nagpur,normal,statewide,0.19844861328601837,1,68,65,80,Maharashtra,Sentinel-2 NDVI
2019-07-16,2019-07-23,29.0,2019,P088,21.347803602138427,78.61442869606356,Nagpur,normal,statewide,0.6266781091690063,1,68,65,80,Maharashtra,Sentinel-2 NDVI
2019-07-16,2019-07-23,29.0,2019,P089,21.165377318940912,78.70615240473293,Nagpur,normal,statewide,0.4416050612926483,1,68,65,80,Maharashtra,Sentinel-2 NDVI
2019-07-16,2019-07-23,29.0,2019,P090,19.201968238592887,77.42470040309472,Nanded,normal,statewide,0.14509804546833038,1,68,65,80,Maharashtra,Sentinel-2 NDVI
2019-07-16,2019-07-23,29.0,2019,P094,21.564917232430716,74.08292967791392,Nandurbar,normal,statewide,0.5595089793205261,1,68,65,80,Maharashtra,Sentinel-2 NDVI
2019-07-16,2019-07-23,29.0,2019,P095,21.5662594218478,74.37266422796263,Nandurbar,normal,statewide,0.11658894270658493,1,68,65,80,Maharashtra,Sentinel-2 NDVI
2019-07-16,2019-07-23,29.0,2019,P096,21.385179787168415,74.27697637845674,Nandurbar,normal,statewide,0.1764705926179886,1,68,65,80,Maharashtra,Sentinel-2 NDVI
2019-07-16,2019-07-23,29.0,2019,P097,21.565421110849755,74.17950488852946,Nandurbar,normal,statewide,0.4082949161529541,1,68,65,80,Maharashtra,Sentinel-2 NDVI
2019-07-16,2019-07-23,29.0,2019,P098,20.299553667393326,73.99482675929994,Nashik,normal,statewide,0.2492753565311432,1,68,65,80,Maharashtra,Sentinel-2 NDVI
2019-07-16,2019-07-23,29.0,2019,P099,20.120253214034264,74.28296495117151,Nashik,normal,statewide,0.2830188572406769,1,68,65,80,Maharashtra,Sentinel-2 NDVI
2019-07-16,2019-07-23,29.0,2019,P101,20.029015547379707,74.09216447619562,Nashik,normal,statewide,0.24858859181404114,1,68,65,80,Maharashtra,Sentinel-2 NDVI
2019-07-16,2019-07-23,29.0,2019,P102,17.85749130266526,76.36802722645965,Osmanabad,normal,statewide,0.3122095465660095,1,68,65,80,Maharashtra,Sentinel-2 NDVI
2019-07-16,2019-07-23,29.0,2019,P105,18.584360447185368,75.61558067829696,Osmanabad,normal,statewide,0.3513331115245819,1,68,65,80,Maharashtra,Sentinel-2 NDVI
2019-07-16,2019-07-23,29.0,2019,P106,19.031389786894366,76.47235681380711,Parbhani,normal,statewide,0.38864386081695557,1,68,65,80,Maharashtra,Sentinel-2 NDVI
2019-07-16,2019-07-23,29.0,2019,P108,19.208625676465683,76.85432786914635,Parbhani,normal,statewide,0.2038484662771225,1,68,65,80,Maharashtra,Sentinel-2 NDVI
2019-07-16,2019-07-23,29.0,2019,P109,19.212081479782103,76.47396209018636,Parbhani,normal,statewide,0.21758736670017242,1,68,65,80,Maharashtra,Sentinel-2 NDVI
2019-07-16,2019-07-23,29.0,2019,P110,18.133442771357757,75.04679558432363,Pune,normal,statewide,0.29586824774742126,1,68,65,80,Maharashtra,Sentinel-2 NDVI
2019-07-16,2019-07-23,29.0,2019,P111,18.584645829652782,74.47919215212944,Pune,normal,statewide,0.3690337538719177,1,68,65,80,Maharashtra,Sentinel-2 NDVI
2019-07-16,2019-07-23,29.0,2019,P112,18.132979024848197,74.57507620208169,Pune,normal,statewide,0.29346486926078796,1,68,65,80,Maharashtra,Sentinel-2 NDVI
2019-07-16,2019-07-23,29.0,2019,P114,18.48503397121986,73.0589238755964,Raigarh,normal,statewide,0.40709421038627625,1,68,65,80,Maharashtra,Sentinel-2 NDVI
2019-07-16,2019-07-23,29.0,2019,P116,18.306197264370358,73.25009891506079,Raigarh,normal,statewide,0.7869879603385925,1,68,65,80,Maharashtra,Sentinel-2 NDVI
2019-07-16,2019-07-23,29.0,2019,P118,17.138719885658215,75.42259970290594,Sangli,normal,statewide,0.20848369598388672,1,68,65,80,Maharashtra,Sentinel-2 NDVI
2019-07-16,2019-07-23,29.0,2019,P148,17.67852974098626,76.08383979812143,Solapur,normal,statewide,0.20367936789989471,1,68,65,80,Maharashtra,Sentinel-2 NDVI
2019-07-16,2019-07-23,29.0,2019,P149,18.223365003201543,75.4251413905064,Solapur,normal,statewide,0.3881707787513733,1,68,65,80,Maharashtra,Sentinel-2 NDVI
2019-07-16,2019-07-23,29.0,2019,P150,17.952532582518405,75.23562067753285,Solapur,normal,statewide,0.20492523908615112,1,68,65,80,Maharashtra,Sentinel-2 NDVI
2019-07-16,2019-07-23,29.0,2019,P151,18.223690517578447,75.23598186471818,Solapur,normal,statewide,0.06063193827867508,1,68,65,80,Maharashtra,Sentinel-2 NDVI
2019-07-16,2019-07-23,29.0,2019,P152,19.658178867370932,72.94986318203122,Thane,normal,statewide,0.2709716260433197,1,68,65,80,Maharashtra,Sentinel-2 NDVI
2019-07-16,2019-07-23,29.0,2019,P156,20.806749657616468,78.60135461177485,Wardha,normal,statewide,0.38628825545310974,1,68,65,80,Maharashtra,Sentinel-2 NDVI
2019-07-16,2019-07-23,29.0,2019,P157,20.71031267913359,78.88671032458906,Wardha,normal,statewide,0.26989850401878357,1,68,65,80,Maharashtra,Sentinel-2 NDVI
2019-07-16,2019-07-23,29.0,2019,P158,21.081265295769754,78.41565980750515,Wardha,normal,statewide,0.23196810483932495,1,68,65,80,Maharashtra,Sentinel-2 NDVI
2019-07-16,2019-07-23,29.0,2019,P159,20.439854822938944,78.87986114537097,Wardha,normal,statewide,0.4206620454788208,1,68,65,80,Maharashtra,Sentinel-2 NDVI
2019-07-16,2019-07-23,29.0,2019,P160,20.289186257444058,77.15404188735265,Washim,normal,statewide,0.41144412755966187,1,68,65,80,Maharashtra,Sentinel-2 NDVI
2019-07-16,2019-07-23,29.0,2019,P161,20.464607292886615,77.53975858757677,Washim,normal,statewide,0.42776840925216675,1,68,65,80,Maharashtra,Sentinel-2 NDVI
2019-07-16,2019-07-23,29.0,2019,P162,20.107393166596125,77.2471479173486,Washim,normal,statewide,0.4116514325141907,1,68,65,80,Maharashtra,Sentinel-2 NDVI
2019-07-16,2019-07-23,29.0,2019,P163,20.198885002010726,77.1527933390577,Washim,normal,statewide,0.4240567684173584,1,68,65,80,Maharashtra,Sentinel-2 NDVI
2019-07-16,2019-07-23,29.0,2019,P164,20.182854533723592,78.20447678161395,Yavatmal,normal,statewide,0.2997165322303772,1,68,65,80,Maharashtra,Sentinel-2 NDVI
2019-07-16,2019-07-23,29.0,2019,P165,19.894658373538324,79.05709703494229,Yavatmal,normal,statewide,0.20707964897155762,1,68,65,80,Maharashtra,Sentinel-2 NDVI
2019-07-16,2019-07-23,29.0,2019,P166,19.468787468327925,77.71426550730338,Yavatmal,normal,statewide,0.4832972586154938,1,68,65,80,Maharashtra,Sentinel-2 NDVI
2019-07-23,2019-07-30,30.0,2019,P030,20.60872097983294,79.36304041732026,Chandrapur,normal,statewide,0.31829267740249634,1,15,65,80,Maharashtra,Sentinel-2 NDVI
2019-07-23,2019-07-30,30.0,2019,P031,20.511160307884595,79.64732594588165,Chandrapur,normal,statewide,0.3560011684894562,1,15,65,80,Maharashtra,Sentinel-2 NDVI
2019-07-23,2019-07-30,30.0,2019,P032,20.598621115946884,79.74569817422172,Chandrapur,normal,statewide,0.3491611182689667,1,15,65,80,Maharashtra,Sentinel-2 NDVI
2019-07-23,2019-07-30,30.0,2019,P033,21.38667804512237,75.14422248324037,Dhule,normal,statewide,0.10891088843345642,1,15,65,80,Maharashtra,Sentinel-2 NDVI
2019-07-23,2019-07-30,30.0,2019,P037,19.963056524597132,79.91698116388667,Garhchiroli,normal,statewide,0.3141831159591675,1,15,65,80,Maharashtra,Sentinel-2 NDVI
2019-07-23,2019-07-30,30.0,2019,P038,19.062661462582188,79.88977172925856,Garhchiroli,normal,statewide,0.07459459453821182,1,15,65,80,Maharashtra,Sentinel-2 NDVI
2019-07-23,2019-07-30,30.0,2019,P039,19.510270485428137,79.9981368030594,Garhchiroli,normal,statewide,0.44786661863327026,1,15,65,80,Maharashtra,Sentinel-2 NDVI
2019-07-23,2019-07-30,30.0,2019,P040,19.870365190999156,80.00935144220881,Garhchiroli,normal,statewide,0.5286585092544556,1,15,65,80,Maharashtra,Sentinel-2 NDVI
2019-07-23,2019-07-30,30.0,2019,P041,21.127639946725598,80.1465044724107,Gondiya,normal,statewide,0.35262206196784973,1,15,65,80,Maharashtra,Sentinel-2 NDVI
2019-07-23,2019-07-30,30.0,2019,P042,21.397598383602258,80.15591763473452,Gondiya,normal,statewide,0.5411255359649658,1,15,65,80,Maharashtra,Sentinel-2 NDVI
2019-07-23,2019-07-30,30.0,2019,P050,21.386178625804387,75.43363151891216,Jalgaon,normal,statewide,0.06392045319080353,1,15,65,80,Maharashtra,Sentinel-2 NDVI
2019-07-23,2019-07-30,30.0,2019,P056,19.57768317515413,75.80993951591351,Jalna,normal,statewide,0.24391455948352814,1,15,65,80,Maharashtra,Sentinel-2 NDVI
2019-07-23,2019-07-30,30.0,2019,P086,21.054127206758487,79.56798961993874,Nagpur,normal,statewide,0.5429951548576355,1,15,65,80,Maharashtra,Sentinel-2 NDVI
2019-07-23,2019-07-30,30.0,2019,P087,21.146765031143822,79.47473643960802,Nagpur,normal,statewide,0.40415963530540466,1,15,65,80,Maharashtra,Sentinel-2 NDVI
2019-07-23,2019-07-30,30.0,2019,P089,21.165377318940912,78.70615240473293,Nagpur,normal,statewide,0.6225112080574036,1,15,65,80,Maharashtra,Sentinel-2 NDVI
2019-07-23,2019-07-30,30.0,2019,P094,21.564917232430716,74.08292967791392,Nandurbar,normal,statewide,0.6293991804122925,1,15,65,80,Maharashtra,Sentinel-2 NDVI
2019-07-23,2019-07-30,30.0,2019,P095,21.5662594218478,74.37266422796263,Nandurbar,normal,statewide,0.10425844043493271,1,15,65,80,Maharashtra,Sentinel-2 NDVI
2019-07-23,2019-07-30,30.0,2019,P097,21.565421110849755,74.17950488852946,Nandurbar,normal,statewide,0.5873417854309082,1,15,65,80,Maharashtra,Sentinel-2 NDVI
2019-07-23,2019-07-30,30.0,2019,P156,20.806749657616468,78.60135461177485,Wardha,normal,statewide,0.5379908084869385,1,15,65,80,Maharashtra,Sentinel-2 NDVI
2019-07-23,2019-07-30,30.0,2019,P159,20.439854822938944,78.87986114537097,Wardha,normal,statewide,0.6054974794387817,1,15,65,80,Maharashtra,Sentinel-2 NDVI
2019-07-23,2019-07-30,30.0,2019,P165,19.894658373538324,79.05709703494229,Yavatmal,normal,statewide,0.1928672045469284,1,15,65,80,Maharashtra,Sentinel-2 NDVI
2019-07-30,2019-08-06,31.0,2019,P070,18.41499041187233,77.15322587185987,Latur,high,priority,0.5899333953857422,1,2,65,80,Maharashtra,Sentinel-2 NDVI
2019-07-30,2019-08-06,31.0,2019,P075,18.41444640154381,77.20053247493588,Latur,high,priority,0.43607112765312195,1,2,65,80,Maharashtra,Sentinel-2 NDVI
2019-07-30,2019-08-06,31.0,2019,P083,18.369289085175563,77.19996171000103,Latur,high,priority,0.4116095006465912,1,2,65,80,Maharashtra,Sentinel-2 NDVI
2019-08-06,2019-08-13,32.0,2019,P062,18.422405896924207,76.3487594508077,Latur,high,priority,0.3778727948665619,1,18,65,80,Maharashtra,Sentinel-2 NDVI
2019-08-06,2019-08-13,32.0,2019,P080,18.46791548227568,76.3017694439065,Latur,high,priority,0.30133333802223206,1,18,65,80,Maharashtra,Sentinel-2 NDVI
2019-08-06,2019-08-13,32.0,2019,P008,20.828434266039377,77.35372489162701,Akola,normal,statewide,0.21433061361312866,1,18,65,80,Maharashtra,Sentinel-2 NDVI
2019-08-06,2019-08-13,32.0,2019,P017,21.04613203856966,79.85576216552393,Bhandara,normal,statewide,0.34596773982048035,1,18,65,80,Maharashtra,Sentinel-2 NDVI
2019-08-06,2019-08-13,32.0,2019,P032,20.598621115946884,79.74569817422172,Chandrapur,normal,statewide,0.5020877122879028,1,18,65,80,Maharashtra,Sentinel-2 NDVI
2019-08-06,2019-08-13,32.0,2019,P045,19.655900266732623,77.2407892392464,Hingoli,normal,statewide,0.3784549832344055,1,18,65,80,Maharashtra,Sentinel-2 NDVI
2019-08-06,2019-08-13,32.0,2019,P046,19.566758377573187,77.1442675378435,Hingoli,normal,statewide,0.4670008420944214,1,18,65,80,Maharashtra,Sentinel-2 NDVI
2019-08-06,2019-08-13,32.0,2019,P047,19.47860194974656,76.9526242927685,Hingoli,normal,statewide,0.4604407846927643,1,18,65,80,Maharashtra,Sentinel-2 NDVI
2019-08-06,2019-08-13,32.0,2019,P088,21.347803602138427,78.61442869606356,Nagpur,normal,statewide,0.7324913740158081,1,18,65,80,Maharashtra,Sentinel-2 NDVI
2019-08-06,2019-08-13,32.0,2019,P091,18.566038000956755,77.69963965584807,Nanded,normal,statewide,0.7039321660995483,1,18,65,80,Maharashtra,Sentinel-2 NDVI
2019-08-06,2019-08-13,32.0,2019,P092,19.736596618496833,77.90946265591798,Nanded,normal,statewide,0.40441951155662537,1,18,65,80,Maharashtra,Sentinel-2 NDVI
2019-08-06,2019-08-13,32.0,2019,P093,18.93564842817583,77.04115528508362,Nanded,normal,statewide,0.1781150847673416,1,18,65,80,Maharashtra,Sentinel-2 NDVI
2019-08-06,2019-08-13,32.0,2019,P103,17.76644983645705,76.46164605307673,Osmanabad,normal,statewide,0.5271856188774109,1,18,65,80,Maharashtra,Sentinel-2 NDVI
2019-08-06,2019-08-13,32.0,2019,P162,20.107393166596125,77.2471479173486,Washim,normal,statewide,0.6294758915901184,1,18,65,80,Maharashtra,Sentinel-2 NDVI
2019-08-06,2019-08-13,32.0,2019,P166,19.468787468327925,77.71426550730338,Yavatmal,normal,statewide,0.6317476034164429,1,18,65,80,Maharashtra,Sentinel-2 NDVI
2019-08-06,2019-08-13,32.0,2019,P167,19.559057510053886,77.71577268345945,Yavatmal,normal,statewide,0.556639552116394,1,18,65,80,Maharashtra,Sentinel-2 NDVI
2019-08-13,2019-08-20,33.0,2019,P142,18.064447100757786,74.31538707493111,Satara,high,priority,0.5603996515274048,1,24,65,80,Maharashtra,Sentinel-2 NDVI
2019-08-13,2019-08-20,33.0,2019,P004,19.03720445466806,75.1420731965326,Ahmednagar,normal,statewide,0.5144409537315369,1,24,65,80,Maharashtra,Sentinel-2 NDVI
2019-08-13,2019-08-20,33.0,2019,P013,20.031289688916964,74.8570519162974,Aurangabad,normal,statewide,0.6061716675758362,1,24,65,80,Maharashtra,Sentinel-2 NDVI
2019-08-13,2019-08-20,33.0,2019,P014,19.760185263069562,75.14270192978114,Aurangabad,normal,statewide,0.26819339394569397,1,24,65,80,Maharashtra,Sentinel-2 NDVI
2019-08-13,2019-08-20,33.0,2019,P015,19.9408189876436,74.76157364454102,Aurangabad,normal,statewide,0.3196168839931488,1,24,65,80,Maharashtra,Sentinel-2 NDVI
2019-08-13,2019-08-20,33.0,2019,P016,19.66981712112043,75.14262166596218,Aurangabad,normal,statewide,0.2642105221748352,1,24,65,80,Maharashtra,Sentinel-2 NDVI
2019-08-13,2019-08-20,33.0,2019,P018,21.31897105472685,79.76852877161537,Bhandara,normal,statewide,0.6642857193946838,1,24,65,80,Maharashtra,Sentinel-2 NDVI
2019-08-13,2019-08-20,33.0,2019,P019,21.40900922319803,79.77144948280537,Bhandara,normal,statewide,0.6157321333885193,1,24,65,80,Maharashtra,Sentinel-2 NDVI
2019-08-13,2019-08-20,33.0,2019,P021,18.67502288980403,75.52108340877234,Bid,normal,statewide,0.3010408282279968,1,24,65,80,Maharashtra,Sentinel-2 NDVI
2019-08-13,2019-08-20,33.0,2019,P024,18.763955201213946,75.90084720909012,Bid,normal,statewide,0.24242424964904785,1,24,65,80,Maharashtra,Sentinel-2 NDVI
2019-08-13,2019-08-20,33.0,2019,P029,20.32317798477448,79.92829390325927,Chandrapur,normal,statewide,0.5437621474266052,1,24,65,80,Maharashtra,Sentinel-2 NDVI
2019-08-13,2019-08-20,33.0,2019,P032,20.598621115946884,79.74569817422172,Chandrapur,normal,statewide,0.5962660312652588,1,24,65,80,Maharashtra,Sentinel-2 NDVI
2019-08-13,2019-08-20,33.0,2019,P033,21.38667804512237,75.14422248324037,Dhule,normal,statewide,0.21454545855522156,1,24,65,80,Maharashtra,Sentinel-2 NDVI
2019-08-13,2019-08-20,33.0,2019,P036,20.933820660336515,74.37533522949364,Dhule,normal,statewide,0.5985931158065796,1,24,65,80,Maharashtra,Sentinel-2 NDVI
2019-08-13,2019-08-20,33.0,2019,P042,21.397598383602258,80.15591763473452,Gondiya,normal,statewide,0.5951184630393982,1,24,65,80,Maharashtra,Sentinel-2 NDVI
2019-08-13,2019-08-20,33.0,2019,P053,19.486369703781666,76.00005328932718,Jalna,normal,statewide,0.3777496814727783,1,24,65,80,Maharashtra,Sentinel-2 NDVI
2019-08-13,2019-08-20,33.0,2019,P054,20.028502750758555,76.00343774702675,Jalna,normal,statewide,0.6929514408111572,1,24,65,80,Maharashtra,Sentinel-2 NDVI
2019-08-13,2019-08-20,33.0,2019,P055,19.75743845682064,76.00172991132328,Jalna,normal,statewide,0.4243466258049011,1,24,65,80,Maharashtra,Sentinel-2 NDVI
2019-08-13,2019-08-20,33.0,2019,P098,20.299553667393326,73.99482675929994,Nashik,normal,statewide,0.43540269136428833,1,24,65,80,Maharashtra,Sentinel-2 NDVI
2019-08-13,2019-08-20,33.0,2019,P101,20.029015547379707,74.09216447619562,Nashik,normal,statewide,0.3933759331703186,1,24,65,80,Maharashtra,Sentinel-2 NDVI
2019-08-13,2019-08-20,33.0,2019,P105,18.584360447185368,75.61558067829696,Osmanabad,normal,statewide,0.5151852369308472,1,24,65,80,Maharashtra,Sentinel-2 NDVI
2019-08-13,2019-08-20,33.0,2019,P117,18.21404102289879,73.06194714611064,Raigarh,normal,statewide,0.33684825897216797,1,24,65,80,Maharashtra,Sentinel-2 NDVI
2019-08-13,2019-08-20,33.0,2019,P149,18.223365003201543,75.4251413905064,Solapur,normal,statewide,0.47823765873908997,1,24,65,80,Maharashtra,Sentinel-2 NDVI
2019-08-13,2019-08-20,33.0,2019,P151,18.223690517578447,75.23598186471818,Solapur,normal,statewide,0.13421256840229034,1,24,65,80,Maharashtra,Sentinel-2 NDVI
2019-08-13,2019-08-20,33.0,2019,P156,20.806749657616468,78.60135461177485,Wardha,normal,statewide,0.5508117079734802,1,24,65,80,Maharashtra,Sentinel-2 NDVI
2019-08-13,2019-08-20,33.0,2019,P157,20.71031267913359,78.88671032458906,Wardha,normal,statewide,0.4407251477241516,1,24,65,80,Maharashtra,Sentinel-2 NDVI
2019-08-13,2019-08-20,33.0,2019,P159,20.439854822938944,78.87986114537097,Wardha,normal,statewide,0.5268629789352417,1,24,65,80,Maharashtra,Sentinel-2 NDVI
2019-08-20,2019-08-27,34.0,2019,P147,17.927231643141155,73.94769852026607,Satara,case_study,case_study,0.6349431872367859,1,32,65,80,Maharashtra,Sentinel-2 NDVI
2019-08-20,2019-08-27,34.0,2019,P139,17.656773786946495,74.08126197411994,Satara,high,priority,0.8751393556594849,1,32,65,80,Maharashtra,Sentinel-2 NDVI
2019-08-20,2019-08-27,34.0,2019,P142,18.064447100757786,74.31538707493111,Satara,high,priority,0.7100619673728943,1,32,65,80,Maharashtra,Sentinel-2 NDVI
2019-08-20,2019-08-27,34.0,2019,P001,19.940457800458272,74.57045211428928,Ahmednagar,normal,statewide,0.9054726362228394,1,32,65,80,Maharashtra,Sentinel-2 NDVI
2019-08-20,2019-08-27,34.0,2019,P003,18.49469238410162,74.66892244285252,Ahmednagar,normal,statewide,-0.011849561706185341,1,32,65,80,Maharashtra,Sentinel-2 NDVI
2019-08-20,2019-08-27,34.0,2019,P013,20.031289688916964,74.8570519162974,Aurangabad,normal,statewide,0.80019211769104,1,32,65,80,Maharashtra,Sentinel-2 NDVI
2019-08-20,2019-08-27,34.0,2019,P015,19.9408189876436,74.76157364454102,Aurangabad,normal,statewide,0.3463740348815918,1,32,65,80,Maharashtra,Sentinel-2 NDVI
2019-08-20,2019-08-27,34.0,2019,P016,19.66981712112043,75.14262166596218,Aurangabad,normal,statewide,0.4878048896789551,1,32,65,80,Maharashtra,Sentinel-2 NDVI
2019-08-20,2019-08-27,34.0,2019,P021,18.67502288980403,75.52108340877234,Bid,normal,statewide,0.7936241626739502,1,32,65,80,Maharashtra,Sentinel-2 NDVI
2019-08-20,2019-08-27,34.0,2019,P024,18.763955201213946,75.90084720909012,Bid,normal,statewide,0.743926465511322,1,32,65,80,Maharashtra,Sentinel-2 NDVI
2019-08-20,2019-08-27,34.0,2019,P033,21.38667804512237,75.14422248324037,Dhule,normal,statewide,0.29153987765312195,1,32,65,80,Maharashtra,Sentinel-2 NDVI
2019-08-20,2019-08-27,34.0,2019,P036,20.933820660336515,74.37533522949364,Dhule,normal,statewide,0.6311688423156738,1,32,65,80,Maharashtra,Sentinel-2 NDVI
2019-08-20,2019-08-27,34.0,2019,P050,21.386178625804387,75.43363151891216,Jalgaon,normal,statewide,0.08387799561023712,1,32,65,80,Maharashtra,Sentinel-2 NDVI
2019-08-20,2019-08-27,34.0,2019,P051,21.112064306745907,76.10682200495089,Jalgaon,normal,statewide,0.329464852809906,1,32,65,80,Maharashtra,Sentinel-2 NDVI
2019-08-20,2019-08-27,34.0,2019,P055,19.75743845682064,76.00172991132328,Jalna,normal,statewide,0.4809092581272125,1,32,65,80,Maharashtra,Sentinel-2 NDVI
2019-08-20,2019-08-27,34.0,2019,P056,19.57768317515413,75.80993951591351,Jalna,normal,statewide,0.6865941882133484,1,32,65,80,Maharashtra,Sentinel-2 NDVI
2019-08-20,2019-08-27,34.0,2019,P094,21.564917232430716,74.08292967791392,Nandurbar,normal,statewide,0.671191394329071,1,32,65,80,Maharashtra,Sentinel-2 NDVI
2019-08-20,2019-08-27,34.0,2019,P095,21.5662594218478,74.37266422796263,Nandurbar,normal,statewide,0.3041824996471405,1,32,65,80,Maharashtra,Sentinel-2 NDVI
2019-08-20,2019-08-27,34.0,2019,P096,21.385179787168415,74.27697637845674,Nandurbar,normal,statewide,0.5561268329620361,1,32,65,80,Maharashtra,Sentinel-2 NDVI
2019-08-20,2019-08-27,34.0,2019,P097,21.565421110849755,74.17950488852946,Nandurbar,normal,statewide,0.697174608707428,1,32,65,80,Maharashtra,Sentinel-2 NDVI
2019-08-20,2019-08-27,34.0,2019,P098,20.299553667393326,73.99482675929994,Nashik,normal,statewide,0.6690455079078674,1,32,65,80,Maharashtra,Sentinel-2 NDVI
2019-08-20,2019-08-27,34.0,2019,P099,20.120253214034264,74.28296495117151,Nashik,normal,statewide,0.6275500059127808,1,32,65,80,Maharashtra,Sentinel-2 NDVI
2019-08-20,2019-08-27,34.0,2019,P100,20.389903972938242,73.99424261706194,Nashik,normal,statewide,0.255858451128006,1,32,65,80,Maharashtra,Sentinel-2 NDVI
2019-08-20,2019-08-27,34.0,2019,P101,20.029015547379707,74.09216447619562,Nashik,normal,statewide,0.5857993960380554,1,32,65,80,Maharashtra,Sentinel-2 NDVI
2019-08-20,2019-08-27,34.0,2019,P105,18.584360447185368,75.61558067829696,Osmanabad,normal,statewide,0.6516823768615723,1,32,65,80,Maharashtra,Sentinel-2 NDVI
2019-08-20,2019-08-27,34.0,2019,P110,18.133442771357757,75.04679558432363,Pune,normal,statewide,0.32552313804626465,1,32,65,80,Maharashtra,Sentinel-2 NDVI
2019-08-20,2019-08-27,34.0,2019,P113,18.314072036830744,74.76389683618987,Pune,normal,statewide,0.44933077692985535,1,32,65,80,Maharashtra,Sentinel-2 NDVI
2019-08-20,2019-08-27,34.0,2019,P114,18.48503397121986,73.0589238755964,Raigarh,normal,statewide,0.6622390747070312,1,32,65,80,Maharashtra,Sentinel-2 NDVI
2019-08-20,2019-08-27,34.0,2019,P115,18.665689991299164,73.05687714821288,Raigarh,normal,statewide,0.12344949692487717,1,32,65,80,Maharashtra,Sentinel-2 NDVI
2019-08-20,2019-08-27,34.0,2019,P118,17.138719885658215,75.42259970290594,Sangli,normal,statewide,0.34374403953552246,1,32,65,80,Maharashtra,Sentinel-2 NDVI
2019-08-20,2019-08-27,34.0,2019,P148,17.67852974098626,76.08383979812143,Solapur,normal,statewide,0.6143226623535156,1,32,65,80,Maharashtra,Sentinel-2 NDVI
2019-08-20,2019-08-27,34.0,2019,P149,18.223365003201543,75.4251413905064,Solapur,normal,statewide,0.5188491940498352,1,32,65,80,Maharashtra,Sentinel-2 NDVI
2019-08-20,2019-08-27,34.0,2019,P150,17.952532582518405,75.23562067753285,Solapur,normal,statewide,0.17483730614185333,1,32,65,80,Maharashtra,Sentinel-2 NDVI
2019-08-20,2019-08-27,34.0,2019,P151,18.223690517578447,75.23598186471818,Solapur,normal,statewide,-0.013676589354872704,1,32,65,80,Maharashtra,Sentinel-2 NDVI
2019-08-27,2019-09-03,35.0,2019,P064,18.193056493341274,76.77240080549139,Latur,high,priority,0.6410256624221802,1,35,65,80,Maharashtra,Sentinel-2 NDVI
2019-08-27,2019-09-03,35.0,2019,P065,18.331355512513895,76.44266811899327,Latur,high,priority,0.47741755843162537,1,35,65,80,Maharashtra,Sentinel-2 NDVI
2019-08-27,2019-09-03,35.0,2019,P068,18.101823285787773,76.86595720469373,Latur,high,priority,0.8410699963569641,1,35,65,80,Maharashtra,Sentinel-2 NDVI
2019-08-27,2019-09-03,35.0,2019,P069,18.595075667016793,77.20284228928156,Latur,high,priority,0.819777250289917,1,35,65,80,Maharashtra,Sentinel-2 NDVI
2019-08-27,2019-09-03,35.0,2019,P070,18.41499041187233,77.15322587185987,Latur,high,priority,0.5913365483283997,1,35,65,80,Maharashtra,Sentinel-2 NDVI
2019-08-27,2019-09-03,35.0,2019,P071,18.149138807065885,76.63019561379593,Latur,high,priority,0.7850135564804077,1,35,65,80,Maharashtra,Sentinel-2 NDVI
2019-08-27,2019-09-03,35.0,2019,P073,17.966315663874607,76.86453029235662,Latur,high,priority,0.7223628759384155,1,35,65,80,Maharashtra,Sentinel-2 NDVI
2019-08-27,2019-09-03,35.0,2019,P075,18.41444640154381,77.20053247493588,Latur,high,priority,0.7012850046157837,1,35,65,80,Maharashtra,Sentinel-2 NDVI
2019-08-27,2019-09-03,35.0,2019,P078,18.1008824154655,76.96042326051098,Latur,high,priority,0.6781606674194336,1,35,65,80,Maharashtra,Sentinel-2 NDVI
2019-08-27,2019-09-03,35.0,2019,P082,18.23907887531389,76.67830931416262,Latur,high,priority,0.5243010520935059,1,35,65,80,Maharashtra,Sentinel-2 NDVI
2019-08-27,2019-09-03,35.0,2019,P083,18.369289085175563,77.19996171000103,Latur,high,priority,0.6317508220672607,1,35,65,80,Maharashtra,Sentinel-2 NDVI
2019-08-27,2019-09-03,35.0,2019,P123,17.386414030975025,74.27088970551878,Satara,high,priority,0.5638799071311951,1,35,65,80,Maharashtra,Sentinel-2 NDVI
2019-08-27,2019-09-03,35.0,2019,P129,18.063234225271252,74.03192648006461,Satara,high,priority,0.5530771613121033,1,35,65,80,Maharashtra,Sentinel-2 NDVI
2019-08-27,2019-09-03,35.0,2019,P133,17.25006363896275,74.08329532420031,Satara,high,priority,0.7649125456809998,1,35,65,80,Maharashtra,Sentinel-2 NDVI
2019-08-27,2019-09-03,35.0,2019,P139,17.656773786946495,74.08126197411994,Satara,high,priority,0.3701293170452118,1,35,65,80,Maharashtra,Sentinel-2 NDVI
2019-08-27,2019-09-03,35.0,2019,P145,17.47773196144854,74.60017202281048,Satara,high,priority,0.5378859043121338,1,35,65,80,Maharashtra,Sentinel-2 NDVI
2019-08-27,2019-09-03,35.0,2019,P146,17.839182233739812,74.55218763637436,Satara,high,priority,0.5115822553634644,1,35,65,80,Maharashtra,Sentinel-2 NDVI
2019-08-27,2019-09-03,35.0,2019,P004,19.03720445466806,75.1420731965326,Ahmednagar,normal,statewide,0.35559266805648804,1,35,65,80,Maharashtra,Sentinel-2 NDVI
2019-08-27,2019-09-03,35.0,2019,P006,20.834360411339407,76.87349308547405,Akola,normal,statewide,0.556034505367279,1,35,65,80,Maharashtra,Sentinel-2 NDVI
2019-08-27,2019-09-03,35.0,2019,P008,20.828434266039377,77.35372489162701,Akola,normal,statewide,0.4013137221336365,1,35,65,80,Maharashtra,Sentinel-2 NDVI
2019-08-27,2019-09-03,35.0,2019,P011,20.814388097721018,78.21764450702477,Amravati,normal,statewide,0.7852016091346741,1,35,65,80,Maharashtra,Sentinel-2 NDVI
2019-08-27,2019-09-03,35.0,2019,P021,18.67502288980403,75.52108340877234,Bid,normal,statewide,0.6968677639961243,1,35,65,80,Maharashtra,Sentinel-2 NDVI
2019-08-27,2019-09-03,35.0,2019,P023,19.126596053486494,75.6175605191647,Bid,normal,statewide,0.5218023061752319,1,35,65,80,Maharashtra,Sentinel-2 NDVI
2019-08-27,2019-09-03,35.0,2019,P024,18.763955201213946,75.90084720909012,Bid,normal,statewide,0.7860724925994873,1,35,65,80,Maharashtra,Sentinel-2 NDVI
2019-08-27,2019-09-03,35.0,2019,P027,20.657476790751314,76.48742857536776,Buldana,normal,statewide,0.7796803712844849,1,35,65,80,Maharashtra,Sentinel-2 NDVI
2019-08-27,2019-09-03,35.0,2019,P045,19.655900266732623,77.2407892392464,Hingoli,normal,statewide,0.5078125,1,35,65,80,Maharashtra,Sentinel-2 NDVI
2019-08-27,2019-09-03,35.0,2019,P046,19.566758377573187,77.1442675378435,Hingoli,normal,statewide,0.7081292867660522,1,35,65,80,Maharashtra,Sentinel-2 NDVI
2019-08-27,2019-09-03,35.0,2019,P047,19.47860194974656,76.9526242927685,Hingoli,normal,statewide,0.5132614374160767,1,35,65,80,Maharashtra,Sentinel-2 NDVI
2019-08-27,2019-09-03,35.0,2019,P053,19.486369703781666,76.00005328932718,Jalna,normal,statewide,0.4733180105686188,1,35,65,80,Maharashtra,Sentinel-2 NDVI
2019-08-27,2019-09-03,35.0,2019,P058,16.324416687682138,74.29834884980589,Kolhapur,normal,statewide,0.4656883776187897,1,35,65,80,Maharashtra,Sentinel-2 NDVI
2019-08-27,2019-09-03,35.0,2019,P088,21.347803602138427,78.61442869606356,Nagpur,normal,statewide,0.6697306632995605,1,35,65,80,Maharashtra,Sentinel-2 NDVI
2019-08-27,2019-09-03,35.0,2019,P089,21.165377318940912,78.70615240473293,Nagpur,normal,statewide,0.6132441163063049,1,35,65,80,Maharashtra,Sentinel-2 NDVI
2019-08-27,2019-09-03,35.0,2019,P090,19.201968238592887,77.42470040309472,Nanded,normal,statewide,0.6294844150543213,1,35,65,80,Maharashtra,Sentinel-2 NDVI
2019-08-27,2019-09-03,35.0,2019,P091,18.566038000956755,77.69963965584807,Nanded,normal,statewide,0.8291873931884766,1,35,65,80,Maharashtra,Sentinel-2 NDVI
2019-08-27,2019-09-03,35.0,2019,P102,17.85749130266526,76.36802722645965,Osmanabad,normal,statewide,0.336623877286911,1,35,65,80,Maharashtra,Sentinel-2 NDVI
2019-08-27,2019-09-03,35.0,2019,P103,17.76644983645705,76.46164605307673,Osmanabad,normal,statewide,0.37921905517578125,1,35,65,80,Maharashtra,Sentinel-2 NDVI
2019-08-27,2019-09-03,35.0,2019,P105,18.584360447185368,75.61558067829696,Osmanabad,normal,statewide,0.42651036381721497,1,35,65,80,Maharashtra,Sentinel-2 NDVI
2019-08-27,2019-09-03,35.0,2019,P108,19.208625676465683,76.85432786914635,Parbhani,normal,statewide,0.34308817982673645,1,35,65,80,Maharashtra,Sentinel-2 NDVI
2019-08-27,2019-09-03,35.0,2019,P112,18.132979024848197,74.57507620208169,Pune,normal,statewide,0.2918793559074402,1,35,65,80,Maharashtra,Sentinel-2 NDVI
2019-08-27,2019-09-03,35.0,2019,P113,18.314072036830744,74.76389683618987,Pune,normal,statewide,0.4511677324771881,1,35,65,80,Maharashtra,Sentinel-2 NDVI
2019-08-27,2019-09-03,35.0,2019,P119,17.048761981005992,74.95348443567921,Sangli,normal,statewide,0.3219616115093231,1,35,65,80,Maharashtra,Sentinel-2 NDVI
2019-08-27,2019-09-03,35.0,2019,P150,17.952532582518405,75.23562067753285,Solapur,normal,statewide,0.14792899787425995,1,35,65,80,Maharashtra,Sentinel-2 NDVI
2019-08-27,2019-09-03,35.0,2019,P151,18.223690517578447,75.23598186471818,Solapur,normal,statewide,0.1558731645345688,1,35,65,80,Maharashtra,Sentinel-2 NDVI
2019-08-27,2019-09-03,35.0,2019,P156,20.806749657616468,78.60135461177485,Wardha,normal,statewide,0.691394031047821,1,35,65,80,Maharashtra,Sentinel-2 NDVI
2019-08-27,2019-09-03,35.0,2019,P157,20.71031267913359,78.88671032458906,Wardha,normal,statewide,0.635908842086792,1,35,65,80,Maharashtra,Sentinel-2 NDVI
2019-08-27,2019-09-03,35.0,2019,P162,20.107393166596125,77.2471479173486,Washim,normal,statewide,0.7037321925163269,1,35,65,80,Maharashtra,Sentinel-2 NDVI
2019-08-27,2019-09-03,35.0,2019,P163,20.198885002010726,77.1527933390577,Washim,normal,statewide,0.5899027585983276,1,35,65,80,Maharashtra,Sentinel-2 NDVI
2019-08-27,2019-09-03,35.0,2019,P166,19.468787468327925,77.71426550730338,Yavatmal,normal,statewide,0.7059142589569092,1,35,65,80,Maharashtra,Sentinel-2 NDVI
2019-09-10,2019-09-17,37.0,2019,P063,18.235391198742693,77.05646783810116,Latur,high,priority,0.5549324750900269,1,9,65,80,Maharashtra,Sentinel-2 NDVI
2019-09-10,2019-09-17,37.0,2019,P069,18.595075667016793,77.20284228928156,Latur,high,priority,0.8798749446868896,1,9,65,80,Maharashtra,Sentinel-2 NDVI
2019-09-10,2019-09-17,37.0,2019,P072,18.283393421583035,76.77331492120734,Latur,high,priority,0.6875929832458496,1,9,65,80,Maharashtra,Sentinel-2 NDVI
2019-09-10,2019-09-17,37.0,2019,P073,17.966315663874607,76.86453029235662,Latur,high,priority,0.6933720111846924,1,9,65,80,Maharashtra,Sentinel-2 NDVI
2019-09-10,2019-09-17,37.0,2019,P074,18.50832831512306,76.870318205524,Latur,high,priority,0.6900669932365417,1,9,65,80,Maharashtra,Sentinel-2 NDVI
2019-09-10,2019-09-17,37.0,2019,P075,18.41444640154381,77.20053247493588,Latur,high,priority,0.7382016181945801,1,9,65,80,Maharashtra,Sentinel-2 NDVI
2019-09-10,2019-09-17,37.0,2019,P079,18.73508698099394,76.77797468180819,Latur,high,priority,0.6967741847038269,1,9,65,80,Maharashtra,Sentinel-2 NDVI
2019-09-10,2019-09-17,37.0,2019,P082,18.23907887531389,76.67830931416262,Latur,high,priority,0.5873452425003052,1,9,65,80,Maharashtra,Sentinel-2 NDVI
2019-09-10,2019-09-17,37.0,2019,P083,18.369289085175563,77.19996171000103,Latur,high,priority,0.6605080962181091,1,9,65,80,Maharashtra,Sentinel-2 NDVI
2019-09-10,2019-09-17,37.0,2019,P093,18.93564842817583,77.04115528508362,Nanded,normal,statewide,0.6331067085266113,1,9,65,80,Maharashtra,Sentinel-2 NDVI
2019-09-17,2019-09-24,38.0,2019,P147,17.927231643141155,73.94769852026607,Satara,case_study,case_study,0.6200294494628906,1,41,65,80,Maharashtra,Sentinel-2 NDVI
2019-09-17,2019-09-24,38.0,2019,P122,17.88145897082753,73.8441448165019,Satara,high,priority,0.35603001713752747,1,41,65,80,Maharashtra,Sentinel-2 NDVI
2019-09-17,2019-09-24,38.0,2019,P123,17.386414030975025,74.27088970551878,Satara,high,priority,0.6845806241035461,1,41,65,80,Maharashtra,Sentinel-2 NDVI
2019-09-17,2019-09-24,38.0,2019,P124,17.43262815429294,74.647353771057,Satara,high,priority,0.2608450651168823,1,41,65,80,Maharashtra,Sentinel-2 NDVI
2019-09-17,2019-09-24,38.0,2019,P129,18.063234225271252,74.03192648006461,Satara,high,priority,0.4435231387615204,1,41,65,80,Maharashtra,Sentinel-2 NDVI
2019-09-17,2019-09-24,38.0,2019,P130,17.61135784271715,74.03436560834085,Satara,high,priority,0.7677902579307556,1,41,65,80,Maharashtra,Sentinel-2 NDVI
2019-09-17,2019-09-24,38.0,2019,P132,17.702176353872684,74.12817617630324,Satara,high,priority,0.76080721616745,1,41,65,80,Maharashtra,Sentinel-2 NDVI
2019-09-17,2019-09-24,38.0,2019,P133,17.25006363896275,74.08329532420031,Satara,high,priority,0.29533031582832336,1,41,65,80,Maharashtra,Sentinel-2 NDVI
2019-09-17,2019-09-24,38.0,2019,P136,17.928520323345598,74.22149178404871,Satara,high,priority,0.5357329249382019,1,41,65,80,Maharashtra,Sentinel-2 NDVI
2019-09-17,2019-09-24,38.0,2019,P137,17.746687100588183,73.98648378122894,Satara,high,priority,0.7522083520889282,1,41,65,80,Maharashtra,Sentinel-2 NDVI
2019-09-17,2019-09-24,38.0,2019,P140,17.97464080554139,74.50462240543725,Satara,high,priority,0.6485378742218018,1,41,65,80,Maharashtra,Sentinel-2 NDVI
2019-09-17,2019-09-24,38.0,2019,P142,18.064447100757786,74.31538707493111,Satara,high,priority,0.7002115845680237,1,41,65,80,Maharashtra,Sentinel-2 NDVI
2019-09-17,2019-09-24,38.0,2019,P143,17.70379500755509,74.6468275971327,Satara,high,priority,0.1534460335969925,1,41,65,80,Maharashtra,Sentinel-2 NDVI
2019-09-17,2019-09-24,38.0,2019,P145,17.47773196144854,74.60017202281048,Satara,high,priority,0.528501033782959,1,41,65,80,Maharashtra,Sentinel-2 NDVI
2019-09-17,2019-09-24,38.0,2019,P146,17.839182233739812,74.55218763637436,Satara,high,priority,0.2710765302181244,1,41,65,80,Maharashtra,Sentinel-2 NDVI
2019-09-17,2019-09-24,38.0,2019,P001,19.940457800458272,74.57045211428928,Ahmednagar,normal,statewide,0.7532200813293457,1,41,65,80,Maharashtra,Sentinel-2 NDVI
2019-09-17,2019-09-24,38.0,2019,P003,18.49469238410162,74.66892244285252,Ahmednagar,normal,statewide,-0.10080250352621078,1,41,65,80,Maharashtra,Sentinel-2 NDVI
2019-09-17,2019-09-24,38.0,2019,P004,19.03720445466806,75.1420731965326,Ahmednagar,normal,statewide,0.5102832913398743,1,41,65,80,Maharashtra,Sentinel-2 NDVI
2019-09-17,2019-09-24,38.0,2019,P013,20.031289688916964,74.8570519162974,Aurangabad,normal,statewide,0.7347626090049744,1,41,65,80,Maharashtra,Sentinel-2 NDVI
2019-09-17,2019-09-24,38.0,2019,P014,19.760185263069562,75.14270192978114,Aurangabad,normal,statewide,0.7917304635047913,1,41,65,80,Maharashtra,Sentinel-2 NDVI
2019-09-17,2019-09-24,38.0,2019,P016,19.66981712112043,75.14262166596218,Aurangabad,normal,statewide,0.7386723160743713,1,41,65,80,Maharashtra,Sentinel-2 NDVI
2019-09-17,2019-09-24,38.0,2019,P019,21.40900922319803,79.77144948280537,Bhandara,normal,statewide,0.5868971943855286,1,41,65,80,Maharashtra,Sentinel-2 NDVI
2019-09-17,2019-09-24,38.0,2019,P020,21.144196588937042,79.57074980349083,Bhandara,normal,statewide,0.692727267742157,1,41,65,80,Maharashtra,Sentinel-2 NDVI
2019-09-17,2019-09-24,38.0,2019,P021,18.67502288980403,75.52108340877234,Bid,normal,statewide,0.6714791655540466,1,41,65,80,Maharashtra,Sentinel-2 NDVI
2019-09-17,2019-09-24,38.0,2019,P022,18.856499384477168,75.04699178476999,Bid,normal,statewide,0.211428701877594,1,41,65,80,Maharashtra,Sentinel-2 NDVI
2019-09-17,2019-09-24,38.0,2019,P024,18.763955201213946,75.90084720909012,Bid,normal,statewide,0.7616580128669739,1,41,65,80,Maharashtra,Sentinel-2 NDVI
2019-09-17,2019-09-24,38.0,2019,P026,20.838939908121294,76.39311412898633,Buldana,normal,statewide,0.5385259389877319,1,41,65,80,Maharashtra,Sentinel-2 NDVI
2019-09-17,2019-09-24,38.0,2019,P028,20.47967013624516,76.10222021266374,Buldana,normal,statewide,0.7178527116775513,1,41,65,80,Maharashtra,Sentinel-2 NDVI
2019-09-17,2019-09-24,38.0,2019,P029,20.32317798477448,79.92829390325927,Chandrapur,normal,statewide,0.5297083258628845,1,41,65,80,Maharashtra,Sentinel-2 NDVI
2019-09-17,2019-09-24,38.0,2019,P033,21.38667804512237,75.14422248324037,Dhule,normal,statewide,0.5866510272026062,1,41,65,80,Maharashtra,Sentinel-2 NDVI
2019-09-17,2019-09-24,38.0,2019,P034,21.025151968113196,74.75989256344387,Dhule,normal,statewide,0.6736871600151062,1,41,65,80,Maharashtra,Sentinel-2 NDVI
2019-09-17,2019-09-24,38.0,2019,P035,21.477028350667293,74.85568743137505,Dhule,normal,statewide,0.7547990679740906,1,41,65,80,Maharashtra,Sentinel-2 NDVI
2019-09-17,2019-09-24,38.0,2019,P036,20.933820660336515,74.37533522949364,Dhule,normal,statewide,0.5400258898735046,1,41,65,80,Maharashtra,Sentinel-2 NDVI
2019-09-17,2019-09-24,38.0,2019,P040,19.870365190999156,80.00935144220881,Garhchiroli,normal,statewide,0.694498598575592,1,41,65,80,Maharashtra,Sentinel-2 NDVI
2019-09-17,2019-09-24,38.0,2019,P050,21.386178625804387,75.43363151891216,Jalgaon,normal,statewide,-0.10358056426048279,1,41,65,80,Maharashtra,Sentinel-2 NDVI
2019-09-17,2019-09-24,38.0,2019,P053,19.486369703781666,76.00005328932718,Jalna,normal,statewide,0.4869684875011444,1,41,65,80,Maharashtra,Sentinel-2 NDVI
2019-09-17,2019-09-24,38.0,2019,P054,20.028502750758555,76.00343774702675,Jalna,normal,statewide,0.7324889302253723,1,41,65,80,Maharashtra,Sentinel-2 NDVI
2019-09-17,2019-09-24,38.0,2019,P055,19.75743845682064,76.00172991132328,Jalna,normal,statewide,0.8179141283035278,1,41,65,80,Maharashtra,Sentinel-2 NDVI
2019-09-17,2019-09-24,38.0,2019,P056,19.57768317515413,75.80993951591351,Jalna,normal,statewide,0.5230377316474915,1,41,65,80,Maharashtra,Sentinel-2 NDVI
2019-09-17,2019-09-24,38.0,2019,P057,16.776377793156257,74.29671235971928,Kolhapur,normal,statewide,0.6955161690711975,1,41,65,80,Maharashtra,Sentinel-2 NDVI
2019-09-17,2019-09-24,38.0,2019,P059,16.595891218916975,74.39111598812178,Kolhapur,normal,statewide,0.7817663550376892,1,41,65,80,Maharashtra,Sentinel-2 NDVI
2019-09-17,2019-09-24,38.0,2019,P060,16.414811584237594,74.29802779453004,Kolhapur,normal,statewide,0.46106868982315063,1,41,65,80,Maharashtra,Sentinel-2 NDVI
2019-09-17,2019-09-24,38.0,2019,P086,21.054127206758487,79.56798961993874,Nagpur,normal,statewide,0.10227272659540176,1,41,65,80,Maharashtra,Sentinel-2 NDVI
2019-09-17,2019-09-24,38.0,2019,P094,21.564917232430716,74.08292967791392,Nandurbar,normal,statewide,0.7292046546936035,1,41,65,80,Maharashtra,Sentinel-2 NDVI
2019-09-17,2019-09-24,38.0,2019,P097,21.565421110849755,74.17950488852946,Nandurbar,normal,statewide,0.6017315983772278,1,41,65,80,Maharashtra,Sentinel-2 NDVI
2019-09-17,2019-09-24,38.0,2019,P098,20.299553667393326,73.99482675929994,Nashik,normal,statewide,0.693565309047699,1,41,65,80,Maharashtra,Sentinel-2 NDVI
2019-09-17,2019-09-24,38.0,2019,P099,20.120253214034264,74.28296495117151,Nashik,normal,statewide,0.5990524291992188,1,41,65,80,Maharashtra,Sentinel-2 NDVI
2019-09-17,2019-09-24,38.0,2019,P101,20.029015547379707,74.09216447619562,Nashik,normal,statewide,0.7569466233253479,1,41,65,80,Maharashtra,Sentinel-2 NDVI
2019-09-17,2019-09-24,38.0,2019,P105,18.584360447185368,75.61558067829696,Osmanabad,normal,statewide,0.6074632406234741,1,41,65,80,Maharashtra,Sentinel-2 NDVI
2019-09-17,2019-09-24,38.0,2019,P109,19.212081479782103,76.47396209018636,Parbhani,normal,statewide,0.4555504322052002,1,41,65,80,Maharashtra,Sentinel-2 NDVI
2019-09-17,2019-09-24,38.0,2019,P110,18.133442771357757,75.04679558432363,Pune,normal,statewide,0.39570164680480957,1,41,65,80,Maharashtra,Sentinel-2 NDVI
2019-09-17,2019-09-24,38.0,2019,P111,18.584645829652782,74.47919215212944,Pune,normal,statewide,0.3444976210594177,1,41,65,80,Maharashtra,Sentinel-2 NDVI
2019-09-17,2019-09-24,38.0,2019,P112,18.132979024848197,74.57507620208169,Pune,normal,statewide,0.4174848198890686,1,41,65,80,Maharashtra,Sentinel-2 NDVI
2019-09-17,2019-09-24,38.0,2019,P113,18.314072036830744,74.76389683618987,Pune,normal,statewide,0.5239256620407104,1,41,65,80,Maharashtra,Sentinel-2 NDVI
2019-09-17,2019-09-24,38.0,2019,P116,18.306197264370358,73.25009891506079,Raigarh,normal,statewide,0.6336528062820435,1,41,65,80,Maharashtra,Sentinel-2 NDVI
2019-09-17,2019-09-24,38.0,2019,P117,18.21404102289879,73.06194714611064,Raigarh,normal,statewide,0.47722408175468445,1,41,65,80,Maharashtra,Sentinel-2 NDVI
2019-09-17,2019-09-24,38.0,2019,P119,17.048761981005992,74.95348443567921,Sangli,normal,statewide,0.2856953740119934,1,41,65,80,Maharashtra,Sentinel-2 NDVI
2019-09-17,2019-09-24,38.0,2019,P121,17.048503353144895,74.67157114887826,Sangli,normal,statewide,0.5443114042282104,1,41,65,80,Maharashtra,Sentinel-2 NDVI
2019-09-17,2019-09-24,38.0,2019,P150,17.952532582518405,75.23562067753285,Solapur,normal,statewide,0.24372759461402893,1,41,65,80,Maharashtra,Sentinel-2 NDVI
2019-09-17,2019-09-24,38.0,2019,P151,18.223690517578447,75.23598186471818,Solapur,normal,statewide,0.6078585386276245,1,41,65,80,Maharashtra,Sentinel-2 NDVI
2019-09-24,2019-10-01,39.0,2019,P062,18.422405896924207,76.3487594508077,Latur,high,priority,0.721411943435669,1,34,65,80,Maharashtra,Sentinel-2 NDVI
2019-09-24,2019-10-01,39.0,2019,P063,18.235391198742693,77.05646783810116,Latur,high,priority,0.49024391174316406,1,34,65,80,Maharashtra,Sentinel-2 NDVI
2019-09-24,2019-10-01,39.0,2019,P069,18.595075667016793,77.20284228928156,Latur,high,priority,0.7655424475669861,1,34,65,80,Maharashtra,Sentinel-2 NDVI
2019-09-24,2019-10-01,39.0,2019,P070,18.41499041187233,77.15322587185987,Latur,high,priority,0.6620639562606812,1,34,65,80,Maharashtra,Sentinel-2 NDVI
2019-09-24,2019-10-01,39.0,2019,P071,18.149138807065885,76.63019561379593,Latur,high,priority,0.7528735399246216,1,34,65,80,Maharashtra,Sentinel-2 NDVI
2019-09-24,2019-10-01,39.0,2019,P072,18.283393421583035,76.77331492120734,Latur,high,priority,0.8648320436477661,1,34,65,80,Maharashtra,Sentinel-2 NDVI
2019-09-24,2019-10-01,39.0,2019,P073,17.966315663874607,76.86453029235662,Latur,high,priority,0.7621369361877441,1,34,65,80,Maharashtra,Sentinel-2 NDVI
2019-09-24,2019-10-01,39.0,2019,P074,18.50832831512306,76.870318205524,Latur,high,priority,0.6363636255264282,1,34,65,80,Maharashtra,Sentinel-2 NDVI
2019-09-24,2019-10-01,39.0,2019,P075,18.41444640154381,77.20053247493588,Latur,high,priority,0.7862662672996521,1,34,65,80,Maharashtra,Sentinel-2 NDVI
2019-09-24,2019-10-01,39.0,2019,P076,18.377877313804504,76.25376722106614,Latur,high,priority,0.459399938583374,1,34,65,80,Maharashtra,Sentinel-2 NDVI
2019-09-24,2019-10-01,39.0,2019,P078,18.1008824154655,76.96042326051098,Latur,high,priority,0.757629930973053,1,34,65,80,Maharashtra,Sentinel-2 NDVI
2019-09-24,2019-10-01,39.0,2019,P079,18.73508698099394,76.77797468180819,Latur,high,priority,0.6165907979011536,1,34,65,80,Maharashtra,Sentinel-2 NDVI
2019-09-24,2019-10-01,39.0,2019,P081,18.10355787609756,76.67701617485712,Latur,high,priority,0.8069877028465271,1,34,65,80,Maharashtra,Sentinel-2 NDVI
2019-09-24,2019-10-01,39.0,2019,P083,18.369289085175563,77.19996171000103,Latur,high,priority,0.6037296056747437,1,34,65,80,Maharashtra,Sentinel-2 NDVI
2019-09-24,2019-10-01,39.0,2019,P132,17.702176353872684,74.12817617630324,Satara,high,priority,0.5360946655273438,1,34,65,80,Maharashtra,Sentinel-2 NDVI
2019-09-24,2019-10-01,39.0,2019,P136,17.928520323345598,74.22149178404871,Satara,high,priority,0.6148325204849243,1,34,65,80,Maharashtra,Sentinel-2 NDVI
2019-09-24,2019-10-01,39.0,2019,P139,17.656773786946495,74.08126197411994,Satara,high,priority,0.7071990370750427,1,34,65,80,Maharashtra,Sentinel-2 NDVI
2019-09-24,2019-10-01,39.0,2019,P146,17.839182233739812,74.55218763637436,Satara,high,priority,0.2129233181476593,1,34,65,80,Maharashtra,Sentinel-2 NDVI
2019-09-24,2019-10-01,39.0,2019,P002,18.946729294293643,74.76302285238339,Ahmednagar,normal,statewide,0.1670200526714325,1,34,65,80,Maharashtra,Sentinel-2 NDVI
2019-09-24,2019-10-01,39.0,2019,P003,18.49469238410162,74.66892244285252,Ahmednagar,normal,statewide,-0.12340425699949265,1,34,65,80,Maharashtra,Sentinel-2 NDVI
2019-09-24,2019-10-01,39.0,2019,P005,20.832153156317954,77.06560453615967,Akola,normal,statewide,0.44303011894226074,1,34,65,80,Maharashtra,Sentinel-2 NDVI
2019-09-24,2019-10-01,39.0,2019,P006,20.834360411339407,76.87349308547405,Akola,normal,statewide,0.6702526807785034,1,34,65,80,Maharashtra,Sentinel-2 NDVI
2019-09-24,2019-10-01,39.0,2019,P007,21.014976299509232,76.87574047240498,Akola,normal,statewide,0.8739039897918701,1,34,65,80,Maharashtra,Sentinel-2 NDVI
2019-09-24,2019-10-01,39.0,2019,P008,20.828434266039377,77.35372489162701,Akola,normal,statewide,0.7924123406410217,1,34,65,80,Maharashtra,Sentinel-2 NDVI
2019-09-24,2019-10-01,39.0,2019,P010,21.178803672212837,78.03301542790685,Amravati,normal,statewide,0.6624390482902527,1,34,65,80,Maharashtra,Sentinel-2 NDVI
2019-09-24,2019-10-01,39.0,2019,P012,21.180502589714195,77.93681032267875,Amravati,normal,statewide,0.18826937675476074,1,34,65,80,Maharashtra,Sentinel-2 NDVI
2019-09-24,2019-10-01,39.0,2019,P023,19.126596053486494,75.6175605191647,Bid,normal,statewide,0.7236605882644653,1,34,65,80,Maharashtra,Sentinel-2 NDVI
2019-09-24,2019-10-01,39.0,2019,P025,20.93073496240753,76.20164478885242,Buldana,normal,statewide,0.6858507394790649,1,34,65,80,Maharashtra,Sentinel-2 NDVI
2019-09-24,2019-10-01,39.0,2019,P026,20.838939908121294,76.39311412898633,Buldana,normal,statewide,0.4400046765804291,1,34,65,80,Maharashtra,Sentinel-2 NDVI
2019-09-24,2019-10-01,39.0,2019,P027,20.657476790751314,76.48742857536776,Buldana,normal,statewide,0.6637324094772339,1,34,65,80,Maharashtra,Sentinel-2 NDVI
2019-09-24,2019-10-01,39.0,2019,P033,21.38667804512237,75.14422248324037,Dhule,normal,statewide,0.6176952719688416,1,34,65,80,Maharashtra,Sentinel-2 NDVI
2019-09-24,2019-10-01,39.0,2019,P048,19.927981235710728,77.14910120338544,Hingoli,normal,statewide,0.5464149117469788,1,34,65,80,Maharashtra,Sentinel-2 NDVI
2019-09-24,2019-10-01,39.0,2019,P051,21.112064306745907,76.10682200495089,Jalgaon,normal,statewide,0.6222154498100281,1,34,65,80,Maharashtra,Sentinel-2 NDVI
2019-09-24,2019-10-01,39.0,2019,P054,20.028502750758555,76.00343774702675,Jalna,normal,statewide,0.6128127574920654,1,34,65,80,Maharashtra,Sentinel-2 NDVI
2019-09-24,2019-10-01,39.0,2019,P055,19.75743845682064,76.00172991132328,Jalna,normal,statewide,0.8428075313568115,1,34,65,80,Maharashtra,Sentinel-2 NDVI
2019-09-24,2019-10-01,39.0,2019,P102,17.85749130266526,76.36802722645965,Osmanabad,normal,statewide,0.40638765692710876,1,34,65,80,Maharashtra,Sentinel-2 NDVI
2019-09-24,2019-10-01,39.0,2019,P103,17.76644983645705,76.46164605307673,Osmanabad,normal,statewide,0.28546562790870667,1,34,65,80,Maharashtra,Sentinel-2 NDVI
2019-09-24,2019-10-01,39.0,2019,P105,18.584360447185368,75.61558067829696,Osmanabad,normal,statewide,0.5677655935287476,1,34,65,80,Maharashtra,Sentinel-2 NDVI
2019-09-24,2019-10-01,39.0,2019,P106,19.031389786894366,76.47235681380711,Parbhani,normal,statewide,0.7360208034515381,1,34,65,80,Maharashtra,Sentinel-2 NDVI
2019-09-24,2019-10-01,39.0,2019,P107,19.120950831552832,76.56820519095093,Parbhani,normal,statewide,0.5995866656303406,1,34,65,80,Maharashtra,Sentinel-2 NDVI
2019-09-24,2019-10-01,39.0,2019,P110,18.133442771357757,75.04679558432363,Pune,normal,statewide,0.35512927174568176,1,34,65,80,Maharashtra,Sentinel-2 NDVI
2019-09-24,2019-10-01,39.0,2019,P112,18.132979024848197,74.57507620208169,Pune,normal,statewide,0.3440000116825104,1,34,65,80,Maharashtra,Sentinel-2 NDVI
2019-09-24,2019-10-01,39.0,2019,P116,18.306197264370358,73.25009891506079,Raigarh,normal,statewide,0.8323238492012024,1,34,65,80,Maharashtra,Sentinel-2 NDVI
2019-09-24,2019-10-01,39.0,2019,P148,17.67852974098626,76.08383979812143,Solapur,normal,statewide,0.5915241241455078,1,34,65,80,Maharashtra,Sentinel-2 NDVI
2019-09-24,2019-10-01,39.0,2019,P150,17.952532582518405,75.23562067753285,Solapur,normal,statewide,0.2122395783662796,1,34,65,80,Maharashtra,Sentinel-2 NDVI
2019-09-24,2019-10-01,39.0,2019,P163,20.198885002010726,77.1527933390577,Washim,normal,statewide,0.5633255839347839,1,34,65,80,Maharashtra,Sentinel-2 NDVI
2019-09-24,2019-10-01,39.0,2019,P165,19.894658373538324,79.05709703494229,Yavatmal,normal,statewide,0.4776972830295563,1,34,65,80,Maharashtra,Sentinel-2 NDVI
2019-10-01,2019-10-08,40.0,2019,P147,17.927231643141155,73.94769852026607,Satara,case_study,case_study,0.760420560836792,1,80,65,80,Maharashtra,Sentinel-2 NDVI
2019-10-01,2019-10-08,40.0,2019,P061,18.507855650411397,76.91766048140843,Latur,high,priority,0.4988572299480438,1,80,65,80,Maharashtra,Sentinel-2 NDVI
2019-10-01,2019-10-08,40.0,2019,P065,18.331355512513895,76.44266811899327,Latur,high,priority,0.5022943615913391,1,80,65,80,Maharashtra,Sentinel-2 NDVI
2019-10-01,2019-10-08,40.0,2019,P082,18.23907887531389,76.67830931416262,Latur,high,priority,0.4831710755825043,1,80,65,80,Maharashtra,Sentinel-2 NDVI
2019-10-01,2019-10-08,40.0,2019,P085,18.14788579966987,76.77194597718393,Latur,high,priority,0.48616188764572144,1,80,65,80,Maharashtra,Sentinel-2 NDVI
2019-10-01,2019-10-08,40.0,2019,P122,17.88145897082753,73.8441448165019,Satara,high,priority,0.3779740035533905,1,80,65,80,Maharashtra,Sentinel-2 NDVI
2019-10-01,2019-10-08,40.0,2019,P123,17.386414030975025,74.27088970551878,Satara,high,priority,0.6652696132659912,1,80,65,80,Maharashtra,Sentinel-2 NDVI
2019-10-01,2019-10-08,40.0,2019,P124,17.43262815429294,74.647353771057,Satara,high,priority,0.2729319930076599,1,80,65,80,Maharashtra,Sentinel-2 NDVI
2019-10-01,2019-10-08,40.0,2019,P125,17.56734651531964,74.31728219287884,Satara,high,priority,0.4144658148288727,1,80,65,80,Maharashtra,Sentinel-2 NDVI
2019-10-01,2019-10-08,40.0,2019,P126,17.205080227535593,74.13053949986157,Satara,high,priority,0.5756958723068237,1,80,65,80,Maharashtra,Sentinel-2 NDVI
2019-10-01,2019-10-08,40.0,2019,P127,17.65773249367299,74.31694330119876,Satara,high,priority,0.41827309131622314,1,80,65,80,Maharashtra,Sentinel-2 NDVI
2019-10-01,2019-10-08,40.0,2019,P128,18.019949731345452,74.5517328080669,Satara,high,priority,0.4460562467575073,1,80,65,80,Maharashtra,Sentinel-2 NDVI
2019-10-01,2019-10-08,40.0,2019,P129,18.063234225271252,74.03192648006461,Satara,high,priority,0.4635830223560333,1,80,65,80,Maharashtra,Sentinel-2 NDVI
2019-10-01,2019-10-08,40.0,2019,P130,17.61135784271715,74.03436560834085,Satara,high,priority,0.7163346409797668,1,80,65,80,Maharashtra,Sentinel-2 NDVI
2019-10-01,2019-10-08,40.0,2019,P131,17.612539504496315,74.3171127470388,Satara,high,priority,0.7371799349784851,1,80,65,80,Maharashtra,Sentinel-2 NDVI
2019-10-01,2019-10-08,40.0,2019,P132,17.702176353872684,74.12817617630324,Satara,high,priority,0.7560683488845825,1,80,65,80,Maharashtra,Sentinel-2 NDVI
2019-10-01,2019-10-08,40.0,2019,P133,17.25006363896275,74.08329532420031,Satara,high,priority,0.7269166111946106,1,80,65,80,Maharashtra,Sentinel-2 NDVI
2019-10-01,2019-10-08,40.0,2019,P134,17.476429903940936,74.17634784498362,Satara,high,priority,0.6386554837226868,1,80,65,80,Maharashtra,Sentinel-2 NDVI
2019-10-01,2019-10-08,40.0,2019,P135,17.882716437324603,74.0801070669471,Satara,high,priority,0.8416311144828796,1,80,65,80,Maharashtra,Sentinel-2 NDVI
2019-10-01,2019-10-08,40.0,2019,P136,17.928520323345598,74.22149178404871,Satara,high,priority,0.6704805493354797,1,80,65,80,Maharashtra,Sentinel-2 NDVI
2019-10-01,2019-10-08,40.0,2019,P137,17.746687100588183,73.98648378122894,Satara,high,priority,0.741516649723053,1,80,65,80,Maharashtra,Sentinel-2 NDVI
2019-10-01,2019-10-08,40.0,2019,P138,17.61269557303319,74.36423652697161,Satara,high,priority,0.3462824523448944,1,80,65,80,Maharashtra,Sentinel-2 NDVI
2019-10-01,2019-10-08,40.0,2019,P139,17.656773786946495,74.08126197411994,Satara,high,priority,0.6261510252952576,1,80,65,80,Maharashtra,Sentinel-2 NDVI
2019-10-01,2019-10-08,40.0,2019,P140,17.97464080554139,74.50462240543725,Satara,high,priority,0.7132177948951721,1,80,65,80,Maharashtra,Sentinel-2 NDVI
2019-10-01,2019-10-08,40.0,2019,P141,17.430826677467348,74.08239904488856,Satara,high,priority,0.7196372747421265,1,80,65,80,Maharashtra,Sentinel-2 NDVI
2019-10-01,2019-10-08,40.0,2019,P142,18.064447100757786,74.31538707493111,Satara,high,priority,0.7209742069244385,1,80,65,80,Maharashtra,Sentinel-2 NDVI
2019-10-01,2019-10-08,40.0,2019,P143,17.70379500755509,74.6468275971327,Satara,high,priority,0.1459074765443802,1,80,65,80,Maharashtra,Sentinel-2 NDVI
2019-10-01,2019-10-08,40.0,2019,P144,17.929452275465767,74.50474726026674,Satara,high,priority,0.4695863723754883,1,80,65,80,Maharashtra,Sentinel-2 NDVI
2019-10-01,2019-10-08,40.0,2019,P145,17.47773196144854,74.60017202281048,Satara,high,priority,0.3659701347351074,1,80,65,80,Maharashtra,Sentinel-2 NDVI
2019-10-01,2019-10-08,40.0,2019,P146,17.839182233739812,74.55218763637436,Satara,high,priority,0.1756569892168045,1,80,65,80,Maharashtra,Sentinel-2 NDVI
2019-10-01,2019-10-08,40.0,2019,P001,19.940457800458272,74.57045211428928,Ahmednagar,normal,statewide,0.36985236406326294,1,80,65,80,Maharashtra,Sentinel-2 NDVI
2019-10-01,2019-10-08,40.0,2019,P002,18.946729294293643,74.76302285238339,Ahmednagar,normal,statewide,0.17165252566337585,1,80,65,80,Maharashtra,Sentinel-2 NDVI
2019-10-01,2019-10-08,40.0,2019,P003,18.49469238410162,74.66892244285252,Ahmednagar,normal,statewide,-0.14745862782001495,1,80,65,80,Maharashtra,Sentinel-2 NDVI
2019-10-01,2019-10-08,40.0,2019,P004,19.03720445466806,75.1420731965326,Ahmednagar,normal,statewide,0.2222222238779068,1,80,65,80,Maharashtra,Sentinel-2 NDVI
2019-10-01,2019-10-08,40.0,2019,P005,20.832153156317954,77.06560453615967,Akola,normal,statewide,0.5804506540298462,1,80,65,80,Maharashtra,Sentinel-2 NDVI
2019-10-01,2019-10-08,40.0,2019,P006,20.834360411339407,76.87349308547405,Akola,normal,statewide,0.5761840343475342,1,80,65,80,Maharashtra,Sentinel-2 NDVI
2019-10-01,2019-10-08,40.0,2019,P007,21.014976299509232,76.87574047240498,Akola,normal,statewide,0.790554404258728,1,80,65,80,Maharashtra,Sentinel-2 NDVI
2019-10-01,2019-10-08,40.0,2019,P008,20.828434266039377,77.35372489162701,Akola,normal,statewide,0.7565995454788208,1,80,65,80,Maharashtra,Sentinel-2 NDVI
2019-10-01,2019-10-08,40.0,2019,P010,21.178803672212837,78.03301542790685,Amravati,normal,statewide,0.6746532320976257,1,80,65,80,Maharashtra,Sentinel-2 NDVI
2019-10-01,2019-10-08,40.0,2019,P012,21.180502589714195,77.93681032267875,Amravati,normal,statewide,0.22352027893066406,1,80,65,80,Maharashtra,Sentinel-2 NDVI
2019-10-01,2019-10-08,40.0,2019,P013,20.031289688916964,74.8570519162974,Aurangabad,normal,statewide,0.683538556098938,1,80,65,80,Maharashtra,Sentinel-2 NDVI
2019-10-01,2019-10-08,40.0,2019,P014,19.760185263069562,75.14270192978114,Aurangabad,normal,statewide,0.7849618196487427,1,80,65,80,Maharashtra,Sentinel-2 NDVI
2019-10-01,2019-10-08,40.0,2019,P015,19.9408189876436,74.76157364454102,Aurangabad,normal,statewide,0.6439036726951599,1,80,65,80,Maharashtra,Sentinel-2 NDVI
2019-10-01,2019-10-08,40.0,2019,P016,19.66981712112043,75.14262166596218,Aurangabad,normal,statewide,0.5386010408401489,1,80,65,80,Maharashtra,Sentinel-2 NDVI
2019-10-01,2019-10-08,40.0,2019,P017,21.04613203856966,79.85576216552393,Bhandara,normal,statewide,0.39238476753234863,1,80,65,80,Maharashtra,Sentinel-2 NDVI
2019-10-01,2019-10-08,40.0,2019,P018,21.31897105472685,79.76852877161537,Bhandara,normal,statewide,0.7810677289962769,1,80,65,80,Maharashtra,Sentinel-2 NDVI
2019-10-01,2019-10-08,40.0,2019,P019,21.40900922319803,79.77144948280537,Bhandara,normal,statewide,0.7311370968818665,1,80,65,80,Maharashtra,Sentinel-2 NDVI
2019-10-01,2019-10-08,40.0,2019,P020,21.144196588937042,79.57074980349083,Bhandara,normal,statewide,0.8355477452278137,1,80,65,80,Maharashtra,Sentinel-2 NDVI
2019-10-01,2019-10-08,40.0,2019,P021,18.67502288980403,75.52108340877234,Bid,normal,statewide,0.6019076108932495,1,80,65,80,Maharashtra,Sentinel-2 NDVI
2019-10-01,2019-10-08,40.0,2019,P022,18.856499384477168,75.04699178476999,Bid,normal,statewide,0.23443835973739624,1,80,65,80,Maharashtra,Sentinel-2 NDVI
2019-10-01,2019-10-08,40.0,2019,P023,19.126596053486494,75.6175605191647,Bid,normal,statewide,0.7697621583938599,1,80,65,80,Maharashtra,Sentinel-2 NDVI
2019-10-01,2019-10-08,40.0,2019,P024,18.763955201213946,75.90084720909012,Bid,normal,statewide,0.33127257227897644,1,80,65,80,Maharashtra,Sentinel-2 NDVI
2019-10-01,2019-10-08,40.0,2019,P025,20.93073496240753,76.20164478885242,Buldana,normal,statewide,0.6736355423927307,1,80,65,80,Maharashtra,Sentinel-2 NDVI
2019-10-01,2019-10-08,40.0,2019,P026,20.838939908121294,76.39311412898633,Buldana,normal,statewide,0.3688834309577942,1,80,65,80,Maharashtra,Sentinel-2 NDVI
2019-10-01,2019-10-08,40.0,2019,P028,20.47967013624516,76.10222021266374,Buldana,normal,statewide,0.5731676816940308,1,80,65,80,Maharashtra,Sentinel-2 NDVI
2019-10-01,2019-10-08,40.0,2019,P029,20.32317798477448,79.92829390325927,Chandrapur,normal,statewide,0.5032600164413452,1,80,65,80,Maharashtra,Sentinel-2 NDVI
2019-10-01,2019-10-08,40.0,2019,P030,20.60872097983294,79.36304041732026,Chandrapur,normal,statewide,0.732831597328186,1,80,65,80,Maharashtra,Sentinel-2 NDVI
2019-10-01,2019-10-08,40.0,2019,P031,20.511160307884595,79.64732594588165,Chandrapur,normal,statewide,0.8155668377876282,1,80,65,80,Maharashtra,Sentinel-2 NDVI
2019-10-01,2019-10-08,40.0,2019,P033,21.38667804512237,75.14422248324037,Dhule,normal,statewide,0.6642172932624817,1,80,65,80,Maharashtra,Sentinel-2 NDVI
2019-10-01,2019-10-08,40.0,2019,P035,21.477028350667293,74.85568743137505,Dhule,normal,statewide,0.7031294703483582,1,80,65,80,Maharashtra,Sentinel-2 NDVI
2019-10-01,2019-10-08,40.0,2019,P036,20.933820660336515,74.37533522949364,Dhule,normal,statewide,0.6736621260643005,1,80,65,80,Maharashtra,Sentinel-2 NDVI
2019-10-01,2019-10-08,40.0,2019,P040,19.870365190999156,80.00935144220881,Garhchiroli,normal,statewide,0.6160619854927063,1,80,65,80,Maharashtra,Sentinel-2 NDVI
2019-10-01,2019-10-08,40.0,2019,P041,21.127639946725598,80.1465044724107,Gondiya,normal,statewide,0.7898734211921692,1,80,65,80,Maharashtra,Sentinel-2 NDVI
2019-10-01,2019-10-08,40.0,2019,P042,21.397598383602258,80.15591763473452,Gondiya,normal,statewide,0.8236637711524963,1,80,65,80,Maharashtra,Sentinel-2 NDVI
2019-10-01,2019-10-08,40.0,2019,P043,21.574548890706154,80.25847249986273,Gondiya,normal,statewide,0.8049734830856323,1,80,65,80,Maharashtra,Sentinel-2 NDVI
2019-10-01,2019-10-08,40.0,2019,P044,21.211649410572516,80.34153217518526,Gondiya,normal,statewide,0.730518639087677,1,80,65,80,Maharashtra,Sentinel-2 NDVI
2019-10-01,2019-10-08,40.0,2019,P045,19.655900266732623,77.2407892392464,Hingoli,normal,statewide,0.6259133219718933,1,80,65,80,Maharashtra,Sentinel-2 NDVI
2019-10-01,2019-10-08,40.0,2019,P046,19.566758377573187,77.1442675378435,Hingoli,normal,statewide,0.5724194049835205,1,80,65,80,Maharashtra,Sentinel-2 NDVI
2019-10-01,2019-10-08,40.0,2019,P047,19.47860194974656,76.9526242927685,Hingoli,normal,statewide,0.4619866907596588,1,80,65,80,Maharashtra,Sentinel-2 NDVI
2019-10-01,2019-10-08,40.0,2019,P048,19.927981235710728,77.14910120338544,Hingoli,normal,statewide,0.4237431287765503,1,80,65,80,Maharashtra,Sentinel-2 NDVI
2019-10-01,2019-10-08,40.0,2019,P050,21.386178625804387,75.43363151891216,Jalgaon,normal,statewide,0.038525961339473724,1,80,65,80,Maharashtra,Sentinel-2 NDVI
2019-10-01,2019-10-08,40.0,2019,P051,21.112064306745907,76.10682200495089,Jalgaon,normal,statewide,0.8813256621360779,1,80,65,80,Maharashtra,Sentinel-2 NDVI
2019-10-01,2019-10-08,40.0,2019,P055,19.75743845682064,76.00172991132328,Jalna,normal,statewide,0.8082138299942017,1,80,65,80,Maharashtra,Sentinel-2 NDVI
2019-10-01,2019-10-08,40.0,2019,P056,19.57768317515413,75.80993951591351,Jalna,normal,statewide,0.5215403437614441,1,80,65,80,Maharashtra,Sentinel-2 NDVI
2019-10-01,2019-10-08,40.0,2019,P057,16.776377793156257,74.29671235971928,Kolhapur,normal,statewide,0.6290387511253357,1,80,65,80,Maharashtra,Sentinel-2 NDVI
2019-10-01,2019-10-08,40.0,2019,P058,16.324416687682138,74.29834884980589,Kolhapur,normal,statewide,0.7576780319213867,1,80,65,80,Maharashtra,Sentinel-2 NDVI
2019-10-01,2019-10-08,40.0,2019,P059,16.595891218916975,74.39111598812178,Kolhapur,normal,statewide,0.8095830678939819,1,80,65,80,Maharashtra,Sentinel-2 NDVI
2019-10-01,2019-10-08,40.0,2019,P060,16.414811584237594,74.29802779453004,Kolhapur,normal,statewide,0.49056604504585266,1,80,65,80,Maharashtra,Sentinel-2 NDVI
2019-10-01,2019-10-08,40.0,2019,P086,21.054127206758487,79.56798961993874,Nagpur,normal,statewide,0.060957420617341995,1,80,65,80,Maharashtra,Sentinel-2 NDVI
2019-10-01,2019-10-08,40.0,2019,P087,21.146765031143822,79.47473643960802,Nagpur,normal,statewide,0.5590416193008423,1,80,65,80,Maharashtra,Sentinel-2 NDVI
2019-10-01,2019-10-08,40.0,2019,P088,21.347803602138427,78.61442869606356,Nagpur,normal,statewide,0.7924480438232422,1,80,65,80,Maharashtra,Sentinel-2 NDVI
2019-10-01,2019-10-08,40.0,2019,P089,21.165377318940912,78.70615240473293,Nagpur,normal,statewide,0.7420492768287659,1,80,65,80,Maharashtra,Sentinel-2 NDVI
2019-10-01,2019-10-08,40.0,2019,P090,19.201968238592887,77.42470040309472,Nanded,normal,statewide,0.6175269484519958,1,80,65,80,Maharashtra,Sentinel-2 NDVI
2019-10-01,2019-10-08,40.0,2019,P091,18.566038000956755,77.69963965584807,Nanded,normal,statewide,0.22923588752746582,1,80,65,80,Maharashtra,Sentinel-2 NDVI
2019-10-01,2019-10-08,40.0,2019,P092,19.736596618496833,77.90946265591798,Nanded,normal,statewide,0.7965956926345825,1,80,65,80,Maharashtra,Sentinel-2 NDVI
2019-10-01,2019-10-08,40.0,2019,P094,21.564917232430716,74.08292967791392,Nandurbar,normal,statewide,0.8008154630661011,1,80,65,80,Maharashtra,Sentinel-2 NDVI
2019-10-01,2019-10-08,40.0,2019,P095,21.5662594218478,74.37266422796263,Nandurbar,normal,statewide,0.8043699264526367,1,80,65,80,Maharashtra,Sentinel-2 NDVI
2019-10-01,2019-10-08,40.0,2019,P096,21.385179787168415,74.27697637845674,Nandurbar,normal,statewide,0.6016194224357605,1,80,65,80,Maharashtra,Sentinel-2 NDVI
2019-10-01,2019-10-08,40.0,2019,P097,21.565421110849755,74.17950488852946,Nandurbar,normal,statewide,0.7827091813087463,1,80,65,80,Maharashtra,Sentinel-2 NDVI
2019-10-01,2019-10-08,40.0,2019,P098,20.299553667393326,73.99482675929994,Nashik,normal,statewide,0.6067101359367371,1,80,65,80,Maharashtra,Sentinel-2 NDVI
2019-10-01,2019-10-08,40.0,2019,P099,20.120253214034264,74.28296495117151,Nashik,normal,statewide,0.3823464810848236,1,80,65,80,Maharashtra,Sentinel-2 NDVI
2019-10-01,2019-10-08,40.0,2019,P100,20.389903972938242,73.99424261706194,Nashik,normal,statewide,0.14650844037532806,1,80,65,80,Maharashtra,Sentinel-2 NDVI
2019-10-01,2019-10-08,40.0,2019,P101,20.029015547379707,74.09216447619562,Nashik,normal,statewide,0.7282566428184509,1,80,65,80,Maharashtra,Sentinel-2 NDVI
2019-10-01,2019-10-08,40.0,2019,P102,17.85749130266526,76.36802722645965,Osmanabad,normal,statewide,0.38646286725997925,1,80,65,80,Maharashtra,Sentinel-2 NDVI
2019-10-01,2019-10-08,40.0,2019,P104,17.949094615606196,76.17989775301476,Osmanabad,normal,statewide,0.3830188810825348,1,80,65,80,Maharashtra,Sentinel-2 NDVI
2019-10-01,2019-10-08,40.0,2019,P105,18.584360447185368,75.61558067829696,Osmanabad,normal,statewide,0.416538268327713,1,80,65,80,Maharashtra,Sentinel-2 NDVI
2019-10-01,2019-10-08,40.0,2019,P110,18.133442771357757,75.04679558432363,Pune,normal,statewide,0.5128346681594849,1,80,65,80,Maharashtra,Sentinel-2 NDVI
2019-10-01,2019-10-08,40.0,2019,P111,18.584645829652782,74.47919215212944,Pune,normal,statewide,0.6297441124916077,1,80,65,80,Maharashtra,Sentinel-2 NDVI
2019-10-01,2019-10-08,40.0,2019,P112,18.132979024848197,74.57507620208169,Pune,normal,statewide,0.42546316981315613,1,80,65,80,Maharashtra,Sentinel-2 NDVI
2019-10-01,2019-10-08,40.0,2019,P114,18.48503397121986,73.0589238755964,Raigarh,normal,statewide,0.71331387758255,1,80,65,80,Maharashtra,Sentinel-2 NDVI
2019-10-01,2019-10-08,40.0,2019,P115,18.665689991299164,73.05687714821288,Raigarh,normal,statewide,0.015437392517924309,1,80,65,80,Maharashtra,Sentinel-2 NDVI
2019-10-01,2019-10-08,40.0,2019,P116,18.306197264370358,73.25009891506079,Raigarh,normal,statewide,0.7948857545852661,1,80,65,80,Maharashtra,Sentinel-2 NDVI
2019-10-01,2019-10-08,40.0,2019,P117,18.21404102289879,73.06194714611064,Raigarh,normal,statewide,0.6037942171096802,1,80,65,80,Maharashtra,Sentinel-2 NDVI
2019-10-01,2019-10-08,40.0,2019,P118,17.138719885658215,75.42259970290594,Sangli,normal,statewide,0.13186626136302948,1,80,65,80,Maharashtra,Sentinel-2 NDVI
2019-10-01,2019-10-08,40.0,2019,P119,17.048761981005992,74.95348443567921,Sangli,normal,statewide,0.5269772410392761,1,80,65,80,Maharashtra,Sentinel-2 NDVI
2019-10-01,2019-10-08,40.0,2019,P120,16.86707144948229,74.39025538161847,Sangli,normal,statewide,0.5382178425788879,1,80,65,80,Maharashtra,Sentinel-2 NDVI
2019-10-01,2019-10-08,40.0,2019,P121,17.048503353144895,74.67157114887826,Sangli,normal,statewide,0.571424126625061,1,80,65,80,Maharashtra,Sentinel-2 NDVI
2019-10-01,2019-10-08,40.0,2019,P149,18.223365003201543,75.4251413905064,Solapur,normal,statewide,0.7368339896202087,1,80,65,80,Maharashtra,Sentinel-2 NDVI
2019-10-01,2019-10-08,40.0,2019,P150,17.952532582518405,75.23562067753285,Solapur,normal,statewide,0.46086955070495605,1,80,65,80,Maharashtra,Sentinel-2 NDVI
2019-10-01,2019-10-08,40.0,2019,P151,18.223690517578447,75.23598186471818,Solapur,normal,statewide,0.3350350856781006,1,80,65,80,Maharashtra,Sentinel-2 NDVI
2019-10-01,2019-10-08,40.0,2019,P152,19.658178867370932,72.94986318203122,Thane,normal,statewide,0.5767053365707397,1,80,65,80,Maharashtra,Sentinel-2 NDVI
2019-10-01,2019-10-08,40.0,2019,P153,19.65706409210757,72.8545320606096,Thane,normal,statewide,0.6876981854438782,1,80,65,80,Maharashtra,Sentinel-2 NDVI
2019-10-01,2019-10-08,40.0,2019,P154,19.477549601897948,72.95214624177059,Thane,normal,statewide,0.4796747863292694,1,80,65,80,Maharashtra,Sentinel-2 NDVI
2019-10-01,2019-10-08,40.0,2019,P156,20.806749657616468,78.60135461177485,Wardha,normal,statewide,0.6146404147148132,1,80,65,80,Maharashtra,Sentinel-2 NDVI
2019-10-01,2019-10-08,40.0,2019,P157,20.71031267913359,78.88671032458906,Wardha,normal,statewide,0.8164730072021484,1,80,65,80,Maharashtra,Sentinel-2 NDVI
2019-10-01,2019-10-08,40.0,2019,P159,20.439854822938944,78.87986114537097,Wardha,normal,statewide,0.649885356426239,1,80,65,80,Maharashtra,Sentinel-2 NDVI
2019-10-01,2019-10-08,40.0,2019,P160,20.289186257444058,77.15404188735265,Washim,normal,statewide,0.31292274594306946,1,80,65,80,Maharashtra,Sentinel-2 NDVI
2019-10-01,2019-10-08,40.0,2019,P161,20.464607292886615,77.53975858757677,Washim,normal,statewide,0.7095435857772827,1,80,65,80,Maharashtra,Sentinel-2 NDVI
2019-10-01,2019-10-08,40.0,2019,P162,20.107393166596125,77.2471479173486,Washim,normal,statewide,0.5383850932121277,1,80,65,80,Maharashtra,Sentinel-2 NDVI
2019-10-01,2019-10-08,40.0,2019,P164,20.182854533723592,78.20447678161395,Yavatmal,normal,statewide,0.5901023745536804,1,80,65,80,Maharashtra,Sentinel-2 NDVI
2019-10-01,2019-10-08,40.0,2019,P165,19.894658373538324,79.05709703494229,Yavatmal,normal,statewide,0.5280622839927673,1,80,65,80,Maharashtra,Sentinel-2 NDVI
2019-10-01,2019-10-08,40.0,2019,P166,19.468787468327925,77.71426550730338,Yavatmal,normal,statewide,0.6470043659210205,1,80,65,80,Maharashtra,Sentinel-2 NDVI
2019-10-08,2019-10-15,41.0,2019,P061,18.507855650411397,76.91766048140843,Latur,high,priority,0.5433979034423828,1,74,65,80,Maharashtra,Sentinel-2 NDVI
2019-10-08,2019-10-15,41.0,2019,P062,18.422405896924207,76.3487594508077,Latur,high,priority,0.4698909521102905,1,74,65,80,Maharashtra,Sentinel-2 NDVI
2019-10-08,2019-10-15,41.0,2019,P063,18.235391198742693,77.05646783810116,Latur,high,priority,0.3415765166282654,1,74,65,80,Maharashtra,Sentinel-2 NDVI
2019-10-08,2019-10-15,41.0,2019,P064,18.193056493341274,76.77240080549139,Latur,high,priority,0.5377662777900696,1,74,65,80,Maharashtra,Sentinel-2 NDVI
2019-10-08,2019-10-15,41.0,2019,P065,18.331355512513895,76.44266811899327,Latur,high,priority,0.4784633219242096,1,74,65,80,Maharashtra,Sentinel-2 NDVI
2019-10-08,2019-10-15,41.0,2019,P066,18.104739537876725,76.5352970251765,Latur,high,priority,0.7190566062927246,1,74,65,80,Maharashtra,Sentinel-2 NDVI
2019-10-08,2019-10-15,41.0,2019,P067,18.280552974211986,77.0569984711265,Latur,high,priority,0.34676164388656616,1,74,65,80,Maharashtra,Sentinel-2 NDVI
2019-10-08,2019-10-15,41.0,2019,P068,18.101823285787773,76.86595720469373,Latur,high,priority,0.5736925601959229,1,74,65,80,Maharashtra,Sentinel-2 NDVI
2019-10-08,2019-10-15,41.0,2019,P070,18.41499041187233,77.15322587185987,Latur,high,priority,0.401334673166275,1,74,65,80,Maharashtra,Sentinel-2 NDVI
2019-10-08,2019-10-15,41.0,2019,P071,18.149138807065885,76.63019561379593,Latur,high,priority,0.5638418197631836,1,74,65,80,Maharashtra,Sentinel-2 NDVI
2019-10-08,2019-10-15,41.0,2019,P073,17.966315663874607,76.86453029235662,Latur,high,priority,0.6172053813934326,1,74,65,80,Maharashtra,Sentinel-2 NDVI
2019-10-08,2019-10-15,41.0,2019,P074,18.50832831512306,76.870318205524,Latur,high,priority,0.3945300281047821,1,74,65,80,Maharashtra,Sentinel-2 NDVI
2019-10-08,2019-10-15,41.0,2019,P076,18.377877313804504,76.25376722106614,Latur,high,priority,0.24479858577251434,1,74,65,80,Maharashtra,Sentinel-2 NDVI
2019-10-08,2019-10-15,41.0,2019,P078,18.1008824154655,76.96042326051098,Latur,high,priority,0.6546963453292847,1,74,65,80,Maharashtra,Sentinel-2 NDVI
2019-10-08,2019-10-15,41.0,2019,P079,18.73508698099394,76.77797468180819,Latur,high,priority,0.5431472063064575,1,74,65,80,Maharashtra,Sentinel-2 NDVI
2019-10-08,2019-10-15,41.0,2019,P080,18.46791548227568,76.3017694439065,Latur,high,priority,0.36674168705940247,1,74,65,80,Maharashtra,Sentinel-2 NDVI
2019-10-08,2019-10-15,41.0,2019,P081,18.10355787609756,76.67701617485712,Latur,high,priority,0.6242474317550659,1,74,65,80,Maharashtra,Sentinel-2 NDVI
2019-10-08,2019-10-15,41.0,2019,P082,18.23907887531389,76.67830931416262,Latur,high,priority,0.5259165167808533,1,74,65,80,Maharashtra,Sentinel-2 NDVI
2019-10-08,2019-10-15,41.0,2019,P083,18.369289085175563,77.19996171000103,Latur,high,priority,0.4476190507411957,1,74,65,80,Maharashtra,Sentinel-2 NDVI
2019-10-08,2019-10-15,41.0,2019,P084,18.46362582706226,76.82249880582684,Latur,high,priority,0.4532414972782135,1,74,65,80,Maharashtra,Sentinel-2 NDVI
2019-10-08,2019-10-15,41.0,2019,P085,18.14788579966987,76.77194597718393,Latur,high,priority,0.3222607970237732,1,74,65,80,Maharashtra,Sentinel-2 NDVI
2019-10-08,2019-10-15,41.0,2019,P122,17.88145897082753,73.8441448165019,Satara,high,priority,0.30750206112861633,1,74,65,80,Maharashtra,Sentinel-2 NDVI
2019-10-08,2019-10-15,41.0,2019,P123,17.386414030975025,74.27088970551878,Satara,high,priority,0.6148062348365784,1,74,65,80,Maharashtra,Sentinel-2 NDVI
2019-10-08,2019-10-15,41.0,2019,P124,17.43262815429294,74.647353771057,Satara,high,priority,0.2225535362958908,1,74,65,80,Maharashtra,Sentinel-2 NDVI
2019-10-08,2019-10-15,41.0,2019,P126,17.205080227535593,74.13053949986157,Satara,high,priority,0.5507783889770508,1,74,65,80,Maharashtra,Sentinel-2 NDVI
2019-10-08,2019-10-15,41.0,2019,P129,18.063234225271252,74.03192648006461,Satara,high,priority,0.4680146276950836,1,74,65,80,Maharashtra,Sentinel-2 NDVI
2019-10-08,2019-10-15,41.0,2019,P135,17.882716437324603,74.0801070669471,Satara,high,priority,0.6231632828712463,1,74,65,80,Maharashtra,Sentinel-2 NDVI
2019-10-08,2019-10-15,41.0,2019,P136,17.928520323345598,74.22149178404871,Satara,high,priority,0.48375028371810913,1,74,65,80,Maharashtra,Sentinel-2 NDVI
2019-10-08,2019-10-15,41.0,2019,P140,17.97464080554139,74.50462240543725,Satara,high,priority,0.44505614042282104,1,74,65,80,Maharashtra,Sentinel-2 NDVI
2019-10-08,2019-10-15,41.0,2019,P141,17.430826677467348,74.08239904488856,Satara,high,priority,0.616766095161438,1,74,65,80,Maharashtra,Sentinel-2 NDVI
2019-10-08,2019-10-15,41.0,2019,P143,17.70379500755509,74.6468275971327,Satara,high,priority,0.1779005527496338,1,74,65,80,Maharashtra,Sentinel-2 NDVI
2019-10-08,2019-10-15,41.0,2019,P144,17.929452275465767,74.50474726026674,Satara,high,priority,0.6600129008293152,1,74,65,80,Maharashtra,Sentinel-2 NDVI
2019-10-08,2019-10-15,41.0,2019,P146,17.839182233739812,74.55218763637436,Satara,high,priority,0.28747794032096863,1,74,65,80,Maharashtra,Sentinel-2 NDVI
2019-10-08,2019-10-15,41.0,2019,P004,19.03720445466806,75.1420731965326,Ahmednagar,normal,statewide,0.2795497179031372,1,74,65,80,Maharashtra,Sentinel-2 NDVI
2019-10-08,2019-10-15,41.0,2019,P005,20.832153156317954,77.06560453615967,Akola,normal,statewide,0.595025897026062,1,74,65,80,Maharashtra,Sentinel-2 NDVI
2019-10-08,2019-10-15,41.0,2019,P006,20.834360411339407,76.87349308547405,Akola,normal,statewide,0.5956056714057922,1,74,65,80,Maharashtra,Sentinel-2 NDVI
2019-10-08,2019-10-15,41.0,2019,P007,21.014976299509232,76.87574047240498,Akola,normal,statewide,0.8159211277961731,1,74,65,80,Maharashtra,Sentinel-2 NDVI
2019-10-08,2019-10-15,41.0,2019,P008,20.828434266039377,77.35372489162701,Akola,normal,statewide,0.7608503699302673,1,74,65,80,Maharashtra,Sentinel-2 NDVI
2019-10-08,2019-10-15,41.0,2019,P009,21.360971327549258,77.94039543992572,Amravati,normal,statewide,0.6261646151542664,1,74,65,80,Maharashtra,Sentinel-2 NDVI
2019-10-08,2019-10-15,41.0,2019,P010,21.178803672212837,78.03301542790685,Amravati,normal,statewide,0.6511666774749756,1,74,65,80,Maharashtra,Sentinel-2 NDVI
2019-10-08,2019-10-15,41.0,2019,P011,20.814388097721018,78.21764450702477,Amravati,normal,statewide,0.7191472053527832,1,74,65,80,Maharashtra,Sentinel-2 NDVI
2019-10-08,2019-10-15,41.0,2019,P012,21.180502589714195,77.93681032267875,Amravati,normal,statewide,0.22087305784225464,1,74,65,80,Maharashtra,Sentinel-2 NDVI
2019-10-08,2019-10-15,41.0,2019,P015,19.9408189876436,74.76157364454102,Aurangabad,normal,statewide,0.49131274223327637,1,74,65,80,Maharashtra,Sentinel-2 NDVI
2019-10-08,2019-10-15,41.0,2019,P016,19.66981712112043,75.14262166596218,Aurangabad,normal,statewide,0.5010877251625061,1,74,65,80,Maharashtra,Sentinel-2 NDVI
2019-10-08,2019-10-15,41.0,2019,P018,21.31897105472685,79.76852877161537,Bhandara,normal,statewide,0.7204585671424866,1,74,65,80,Maharashtra,Sentinel-2 NDVI
2019-10-08,2019-10-15,41.0,2019,P019,21.40900922319803,79.77144948280537,Bhandara,normal,statewide,0.7538461685180664,1,74,65,80,Maharashtra,Sentinel-2 NDVI
2019-10-08,2019-10-15,41.0,2019,P020,21.144196588937042,79.57074980349083,Bhandara,normal,statewide,0.7836312055587769,1,74,65,80,Maharashtra,Sentinel-2 NDVI
2019-10-08,2019-10-15,41.0,2019,P024,18.763955201213946,75.90084720909012,Bid,normal,statewide,0.227215975522995,1,74,65,80,Maharashtra,Sentinel-2 NDVI
2019-10-08,2019-10-15,41.0,2019,P025,20.93073496240753,76.20164478885242,Buldana,normal,statewide,0.7288732528686523,1,74,65,80,Maharashtra,Sentinel-2 NDVI
2019-10-08,2019-10-15,41.0,2019,P026,20.838939908121294,76.39311412898633,Buldana,normal,statewide,0.4734356701374054,1,74,65,80,Maharashtra,Sentinel-2 NDVI
2019-10-08,2019-10-15,41.0,2019,P027,20.657476790751314,76.48742857536776,Buldana,normal,statewide,0.6670922040939331,1,74,65,80,Maharashtra,Sentinel-2 NDVI
2019-10-08,2019-10-15,41.0,2019,P028,20.47967013624516,76.10222021266374,Buldana,normal,statewide,0.5628997683525085,1,74,65,80,Maharashtra,Sentinel-2 NDVI
2019-10-08,2019-10-15,41.0,2019,P031,20.511160307884595,79.64732594588165,Chandrapur,normal,statewide,0.6509795188903809,1,74,65,80,Maharashtra,Sentinel-2 NDVI
2019-10-08,2019-10-15,41.0,2019,P034,21.025151968113196,74.75989256344387,Dhule,normal,statewide,0.5260718464851379,1,74,65,80,Maharashtra,Sentinel-2 NDVI
2019-10-08,2019-10-15,41.0,2019,P035,21.477028350667293,74.85568743137505,Dhule,normal,statewide,0.6665700078010559,1,74,65,80,Maharashtra,Sentinel-2 NDVI
2019-10-08,2019-10-15,41.0,2019,P036,20.933820660336515,74.37533522949364,Dhule,normal,statewide,0.633255660533905,1,74,65,80,Maharashtra,Sentinel-2 NDVI
2019-10-08,2019-10-15,41.0,2019,P037,19.963056524597132,79.91698116388667,Garhchiroli,normal,statewide,0.45910021662712097,1,74,65,80,Maharashtra,Sentinel-2 NDVI
2019-10-08,2019-10-15,41.0,2019,P038,19.062661462582188,79.88977172925856,Garhchiroli,normal,statewide,0.3305594027042389,1,74,65,80,Maharashtra,Sentinel-2 NDVI
2019-10-08,2019-10-15,41.0,2019,P039,19.510270485428137,79.9981368030594,Garhchiroli,normal,statewide,0.5773072242736816,1,74,65,80,Maharashtra,Sentinel-2 NDVI
2019-10-08,2019-10-15,41.0,2019,P041,21.127639946725598,80.1465044724107,Gondiya,normal,statewide,0.6721091270446777,1,74,65,80,Maharashtra,Sentinel-2 NDVI
2019-10-08,2019-10-15,41.0,2019,P043,21.574548890706154,80.25847249986273,Gondiya,normal,statewide,0.7134625315666199,1,74,65,80,Maharashtra,Sentinel-2 NDVI
2019-10-08,2019-10-15,41.0,2019,P044,21.211649410572516,80.34153217518526,Gondiya,normal,statewide,0.6283014416694641,1,74,65,80,Maharashtra,Sentinel-2 NDVI
2019-10-08,2019-10-15,41.0,2019,P045,19.655900266732623,77.2407892392464,Hingoli,normal,statewide,0.6351354718208313,1,74,65,80,Maharashtra,Sentinel-2 NDVI
2019-10-08,2019-10-15,41.0,2019,P047,19.47860194974656,76.9526242927685,Hingoli,normal,statewide,0.45297354459762573,1,74,65,80,Maharashtra,Sentinel-2 NDVI
2019-10-08,2019-10-15,41.0,2019,P048,19.927981235710728,77.14910120338544,Hingoli,normal,statewide,0.5861654281616211,1,74,65,80,Maharashtra,Sentinel-2 NDVI
2019-10-08,2019-10-15,41.0,2019,P049,21.292738163229433,76.10816865346904,Jalgaon,normal,statewide,0.6948148012161255,1,74,65,80,Maharashtra,Sentinel-2 NDVI
2019-10-08,2019-10-15,41.0,2019,P050,21.386178625804387,75.43363151891216,Jalgaon,normal,statewide,0.20292748510837555,1,74,65,80,Maharashtra,Sentinel-2 NDVI
2019-10-08,2019-10-15,41.0,2019,P051,21.112064306745907,76.10682200495089,Jalgaon,normal,statewide,0.781390368938446,1,74,65,80,Maharashtra,Sentinel-2 NDVI
2019-10-08,2019-10-15,41.0,2019,P052,20.844437979720194,75.23982115072519,Jalgaon,normal,statewide,0.7493472695350647,1,74,65,80,Maharashtra,Sentinel-2 NDVI
2019-10-08,2019-10-15,41.0,2019,P053,19.486369703781666,76.00005328932718,Jalna,normal,statewide,0.5530612468719482,1,74,65,80,Maharashtra,Sentinel-2 NDVI
2019-10-08,2019-10-15,41.0,2019,P055,19.75743845682064,76.00172991132328,Jalna,normal,statewide,0.7589056491851807,1,74,65,80,Maharashtra,Sentinel-2 NDVI
2019-10-08,2019-10-15,41.0,2019,P056,19.57768317515413,75.80993951591351,Jalna,normal,statewide,0.4654145836830139,1,74,65,80,Maharashtra,Sentinel-2 NDVI
2019-10-08,2019-10-15,41.0,2019,P058,16.324416687682138,74.29834884980589,Kolhapur,normal,statewide,0.4938684403896332,1,74,65,80,Maharashtra,Sentinel-2 NDVI
2019-10-08,2019-10-15,41.0,2019,P060,16.414811584237594,74.29802779453004,Kolhapur,normal,statewide,0.5590411424636841,1,74,65,80,Maharashtra,Sentinel-2 NDVI
2019-10-08,2019-10-15,41.0,2019,P086,21.054127206758487,79.56798961993874,Nagpur,normal,statewide,0.07323943823575974,1,74,65,80,Maharashtra,Sentinel-2 NDVI
2019-10-08,2019-10-15,41.0,2019,P087,21.146765031143822,79.47473643960802,Nagpur,normal,statewide,0.4550810158252716,1,74,65,80,Maharashtra,Sentinel-2 NDVI
2019-10-08,2019-10-15,41.0,2019,P088,21.347803602138427,78.61442869606356,Nagpur,normal,statewide,0.7820310592651367,1,74,65,80,Maharashtra,Sentinel-2 NDVI
2019-10-08,2019-10-15,41.0,2019,P089,21.165377318940912,78.70615240473293,Nagpur,normal,statewide,0.7320910692214966,1,74,65,80,Maharashtra,Sentinel-2 NDVI
2019-10-08,2019-10-15,41.0,2019,P090,19.201968238592887,77.42470040309472,Nanded,normal,statewide,0.6384647488594055,1,74,65,80,Maharashtra,Sentinel-2 NDVI
2019-10-08,2019-10-15,41.0,2019,P091,18.566038000956755,77.69963965584807,Nanded,normal,statewide,0.29900699853897095,1,74,65,80,Maharashtra,Sentinel-2 NDVI
2019-10-08,2019-10-15,41.0,2019,P092,19.736596618496833,77.90946265591798,Nanded,normal,statewide,0.6612523198127747,1,74,65,80,Maharashtra,Sentinel-2 NDVI
2019-10-08,2019-10-15,41.0,2019,P093,18.93564842817583,77.04115528508362,Nanded,normal,statewide,0.7494269609451294,1,74,65,80,Maharashtra,Sentinel-2 NDVI
2019-10-08,2019-10-15,41.0,2019,P094,21.564917232430716,74.08292967791392,Nandurbar,normal,statewide,0.7841934561729431,1,74,65,80,Maharashtra,Sentinel-2 NDVI
2019-10-08,2019-10-15,41.0,2019,P095,21.5662594218478,74.37266422796263,Nandurbar,normal,statewide,0.786797046661377,1,74,65,80,Maharashtra,Sentinel-2 NDVI
2019-10-08,2019-10-15,41.0,2019,P096,21.385179787168415,74.27697637845674,Nandurbar,normal,statewide,0.614768385887146,1,74,65,80,Maharashtra,Sentinel-2 NDVI
2019-10-08,2019-10-15,41.0,2019,P097,21.565421110849755,74.17950488852946,Nandurbar,normal,statewide,0.7798935770988464,1,74,65,80,Maharashtra,Sentinel-2 NDVI
2019-10-08,2019-10-15,41.0,2019,P099,20.120253214034264,74.28296495117151,Nashik,normal,statewide,0.29491525888442993,1,74,65,80,Maharashtra,Sentinel-2 NDVI
2019-10-08,2019-10-15,41.0,2019,P101,20.029015547379707,74.09216447619562,Nashik,normal,statewide,0.7060715556144714,1,74,65,80,Maharashtra,Sentinel-2 NDVI
2019-10-08,2019-10-15,41.0,2019,P102,17.85749130266526,76.36802722645965,Osmanabad,normal,statewide,0.2539682686328888,1,74,65,80,Maharashtra,Sentinel-2 NDVI
2019-10-08,2019-10-15,41.0,2019,P103,17.76644983645705,76.46164605307673,Osmanabad,normal,statewide,0.28985506296157837,1,74,65,80,Maharashtra,Sentinel-2 NDVI
2019-10-08,2019-10-15,41.0,2019,P104,17.949094615606196,76.17989775301476,Osmanabad,normal,statewide,0.4124189019203186,1,74,65,80,Maharashtra,Sentinel-2 NDVI
2019-10-08,2019-10-15,41.0,2019,P105,18.584360447185368,75.61558067829696,Osmanabad,normal,statewide,0.3344729244709015,1,74,65,80,Maharashtra,Sentinel-2 NDVI
2019-10-08,2019-10-15,41.0,2019,P106,19.031389786894366,76.47235681380711,Parbhani,normal,statewide,0.6762641668319702,1,74,65,80,Maharashtra,Sentinel-2 NDVI
2019-10-08,2019-10-15,41.0,2019,P107,19.120950831552832,76.56820519095093,Parbhani,normal,statewide,0.547625720500946,1,74,65,80,Maharashtra,Sentinel-2 NDVI
2019-10-08,2019-10-15,41.0,2019,P108,19.208625676465683,76.85432786914635,Parbhani,normal,statewide,0.5235093235969543,1,74,65,80,Maharashtra,Sentinel-2 NDVI
2019-10-08,2019-10-15,41.0,2019,P109,19.212081479782103,76.47396209018636,Parbhani,normal,statewide,0.4873258173465729,1,74,65,80,Maharashtra,Sentinel-2 NDVI
2019-10-08,2019-10-15,41.0,2019,P110,18.133442771357757,75.04679558432363,Pune,normal,statewide,0.5054749250411987,1,74,65,80,Maharashtra,Sentinel-2 NDVI
2019-10-08,2019-10-15,41.0,2019,P113,18.314072036830744,74.76389683618987,Pune,normal,statewide,0.5320244431495667,1,74,65,80,Maharashtra,Sentinel-2 NDVI
2019-10-08,2019-10-15,41.0,2019,P114,18.48503397121986,73.0589238755964,Raigarh,normal,statewide,0.6910569071769714,1,74,65,80,Maharashtra,Sentinel-2 NDVI
2019-10-08,2019-10-15,41.0,2019,P115,18.665689991299164,73.05687714821288,Raigarh,normal,statewide,0.11737078428268433,1,74,65,80,Maharashtra,Sentinel-2 NDVI
2019-10-08,2019-10-15,41.0,2019,P116,18.306197264370358,73.25009891506079,Raigarh,normal,statewide,0.7681704759597778,1,74,65,80,Maharashtra,Sentinel-2 NDVI
2019-10-08,2019-10-15,41.0,2019,P117,18.21404102289879,73.06194714611064,Raigarh,normal,statewide,0.5352388024330139,1,74,65,80,Maharashtra,Sentinel-2 NDVI
2019-10-08,2019-10-15,41.0,2019,P118,17.138719885658215,75.42259970290594,Sangli,normal,statewide,0.236410990357399,1,74,65,80,Maharashtra,Sentinel-2 NDVI
2019-10-08,2019-10-15,41.0,2019,P120,16.86707144948229,74.39025538161847,Sangli,normal,statewide,0.47498711943626404,1,74,65,80,Maharashtra,Sentinel-2 NDVI
2019-10-08,2019-10-15,41.0,2019,P121,17.048503353144895,74.67157114887826,Sangli,normal,statewide,0.6062424778938293,1,74,65,80,Maharashtra,Sentinel-2 NDVI
2019-10-08,2019-10-15,41.0,2019,P150,17.952532582518405,75.23562067753285,Solapur,normal,statewide,0.28978225588798523,1,74,65,80,Maharashtra,Sentinel-2 NDVI
2019-10-08,2019-10-15,41.0,2019,P152,19.658178867370932,72.94986318203122,Thane,normal,statewide,0.4646519124507904,1,74,65,80,Maharashtra,Sentinel-2 NDVI
2019-10-08,2019-10-15,41.0,2019,P153,19.65706409210757,72.8545320606096,Thane,normal,statewide,0.6276240944862366,1,74,65,80,Maharashtra,Sentinel-2 NDVI
2019-10-08,2019-10-15,41.0,2019,P154,19.477549601897948,72.95214624177059,Thane,normal,statewide,0.4984789192676544,1,74,65,80,Maharashtra,Sentinel-2 NDVI
2019-10-08,2019-10-15,41.0,2019,P155,19.83987385799569,73.0429959666335,Thane,normal,statewide,0.6393486857414246,1,74,65,80,Maharashtra,Sentinel-2 NDVI
2019-10-08,2019-10-15,41.0,2019,P156,20.806749657616468,78.60135461177485,Wardha,normal,statewide,0.6187248229980469,1,74,65,80,Maharashtra,Sentinel-2 NDVI
2019-10-08,2019-10-15,41.0,2019,P157,20.71031267913359,78.88671032458906,Wardha,normal,statewide,0.8206738233566284,1,74,65,80,Maharashtra,Sentinel-2 NDVI
2019-10-08,2019-10-15,41.0,2019,P158,21.081265295769754,78.41565980750515,Wardha,normal,statewide,0.7550960779190063,1,74,65,80,Maharashtra,Sentinel-2 NDVI
2019-10-08,2019-10-15,41.0,2019,P159,20.439854822938944,78.87986114537097,Wardha,normal,statewide,0.5022684931755066,1,74,65,80,Maharashtra,Sentinel-2 NDVI
2019-10-08,2019-10-15,41.0,2019,P160,20.289186257444058,77.15404188735265,Washim,normal,statewide,0.5386402010917664,1,74,65,80,Maharashtra,Sentinel-2 NDVI
2019-10-08,2019-10-15,41.0,2019,P161,20.464607292886615,77.53975858757677,Washim,normal,statewide,0.7232718467712402,1,74,65,80,Maharashtra,Sentinel-2 NDVI
2019-10-08,2019-10-15,41.0,2019,P162,20.107393166596125,77.2471479173486,Washim,normal,statewide,0.49594351649284363,1,74,65,80,Maharashtra,Sentinel-2 NDVI
2019-10-08,2019-10-15,41.0,2019,P163,20.198885002010726,77.1527933390577,Washim,normal,statewide,0.5793507099151611,1,74,65,80,Maharashtra,Sentinel-2 NDVI
2019-10-08,2019-10-15,41.0,2019,P164,20.182854533723592,78.20447678161395,Yavatmal,normal,statewide,0.5443719625473022,1,74,65,80,Maharashtra,Sentinel-2 NDVI
2019-10-08,2019-10-15,41.0,2019,P166,19.468787468327925,77.71426550730338,Yavatmal,normal,statewide,0.5561293959617615,1,74,65,80,Maharashtra,Sentinel-2 NDVI
2019-10-08,2019-10-15,41.0,2019,P167,19.559057510053886,77.71577268345945,Yavatmal,normal,statewide,0.4444444477558136,1,74,65,80,Maharashtra,Sentinel-2 NDVI
2019-10-15,2019-10-22,42.0,2019,P122,17.88145897082753,73.8441448165019,Satara,high,priority,0.29606351256370544,1,36,65,80,Maharashtra,Sentinel-2 NDVI
2019-10-15,2019-10-22,42.0,2019,P123,17.386414030975025,74.27088970551878,Satara,high,priority,0.45230770111083984,1,36,65,80,Maharashtra,Sentinel-2 NDVI
2019-10-15,2019-10-22,42.0,2019,P125,17.56734651531964,74.31728219287884,Satara,high,priority,0.2939416468143463,1,36,65,80,Maharashtra,Sentinel-2 NDVI
2019-10-15,2019-10-22,42.0,2019,P126,17.205080227535593,74.13053949986157,Satara,high,priority,0.3976173996925354,1,36,65,80,Maharashtra,Sentinel-2 NDVI
2019-10-15,2019-10-22,42.0,2019,P128,18.019949731345452,74.5517328080669,Satara,high,priority,0.4190284013748169,1,36,65,80,Maharashtra,Sentinel-2 NDVI
2019-10-15,2019-10-22,42.0,2019,P129,18.063234225271252,74.03192648006461,Satara,high,priority,0.4062749743461609,1,36,65,80,Maharashtra,Sentinel-2 NDVI
2019-10-15,2019-10-22,42.0,2019,P131,17.612539504496315,74.3171127470388,Satara,high,priority,0.6079614162445068,1,36,65,80,Maharashtra,Sentinel-2 NDVI
2019-10-15,2019-10-22,42.0,2019,P144,17.929452275465767,74.50474726026674,Satara,high,priority,0.530954897403717,1,36,65,80,Maharashtra,Sentinel-2 NDVI
2019-10-15,2019-10-22,42.0,2019,P145,17.47773196144854,74.60017202281048,Satara,high,priority,0.2969825267791748,1,36,65,80,Maharashtra,Sentinel-2 NDVI
2019-10-15,2019-10-22,42.0,2019,P146,17.839182233739812,74.55218763637436,Satara,high,priority,0.2243453711271286,1,36,65,80,Maharashtra,Sentinel-2 NDVI
2019-10-15,2019-10-22,42.0,2019,P001,19.940457800458272,74.57045211428928,Ahmednagar,normal,statewide,0.2340632677078247,1,36,65,80,Maharashtra,Sentinel-2 NDVI
2019-10-15,2019-10-22,42.0,2019,P004,19.03720445466806,75.1420731965326,Ahmednagar,normal,statewide,0.2636924088001251,1,36,65,80,Maharashtra,Sentinel-2 NDVI
2019-10-15,2019-10-22,42.0,2019,P013,20.031289688916964,74.8570519162974,Aurangabad,normal,statewide,0.6141414046287537,1,36,65,80,Maharashtra,Sentinel-2 NDVI
2019-10-15,2019-10-22,42.0,2019,P014,19.760185263069562,75.14270192978114,Aurangabad,normal,statewide,0.5905598402023315,1,36,65,80,Maharashtra,Sentinel-2 NDVI
2019-10-15,2019-10-22,42.0,2019,P015,19.9408189876436,74.76157364454102,Aurangabad,normal,statewide,0.6328475475311279,1,36,65,80,Maharashtra,Sentinel-2 NDVI
2019-10-15,2019-10-22,42.0,2019,P016,19.66981712112043,75.14262166596218,Aurangabad,normal,statewide,0.552365779876709,1,36,65,80,Maharashtra,Sentinel-2 NDVI
2019-10-15,2019-10-22,42.0,2019,P017,21.04613203856966,79.85576216552393,Bhandara,normal,statewide,0.5017182230949402,1,36,65,80,Maharashtra,Sentinel-2 NDVI
2019-10-15,2019-10-22,42.0,2019,P018,21.31897105472685,79.76852877161537,Bhandara,normal,statewide,0.7506542801856995,1,36,65,80,Maharashtra,Sentinel-2 NDVI
2019-10-15,2019-10-22,42.0,2019,P019,21.40900922319803,79.77144948280537,Bhandara,normal,statewide,0.7937403917312622,1,36,65,80,Maharashtra,Sentinel-2 NDVI
2019-10-15,2019-10-22,42.0,2019,P020,21.144196588937042,79.57074980349083,Bhandara,normal,statewide,0.8020057678222656,1,36,65,80,Maharashtra,Sentinel-2 NDVI
2019-10-15,2019-10-22,42.0,2019,P021,18.67502288980403,75.52108340877234,Bid,normal,statewide,0.4725908935070038,1,36,65,80,Maharashtra,Sentinel-2 NDVI
2019-10-15,2019-10-22,42.0,2019,P022,18.856499384477168,75.04699178476999,Bid,normal,statewide,0.2654699683189392,1,36,65,80,Maharashtra,Sentinel-2 NDVI
2019-10-15,2019-10-22,42.0,2019,P023,19.126596053486494,75.6175605191647,Bid,normal,statewide,0.8192771077156067,1,36,65,80,Maharashtra,Sentinel-2 NDVI
2019-10-15,2019-10-22,42.0,2019,P024,18.763955201213946,75.90084720909012,Bid,normal,statewide,0.34328359365463257,1,36,65,80,Maharashtra,Sentinel-2 NDVI
2019-10-15,2019-10-22,42.0,2019,P025,20.93073496240753,76.20164478885242,Buldana,normal,statewide,0.7756425738334656,1,36,65,80,Maharashtra,Sentinel-2 NDVI
2019-10-15,2019-10-22,42.0,2019,P026,20.838939908121294,76.39311412898633,Buldana,normal,statewide,0.4654867351055145,1,36,65,80,Maharashtra,Sentinel-2 NDVI
2019-10-15,2019-10-22,42.0,2019,P028,20.47967013624516,76.10222021266374,Buldana,normal,statewide,0.3776504397392273,1,36,65,80,Maharashtra,Sentinel-2 NDVI
2019-10-15,2019-10-22,42.0,2019,P029,20.32317798477448,79.92829390325927,Chandrapur,normal,statewide,0.5840510129928589,1,36,65,80,Maharashtra,Sentinel-2 NDVI
2019-10-15,2019-10-22,42.0,2019,P030,20.60872097983294,79.36304041732026,Chandrapur,normal,statewide,0.7502601742744446,1,36,65,80,Maharashtra,Sentinel-2 NDVI
2019-10-15,2019-10-22,42.0,2019,P031,20.511160307884595,79.64732594588165,Chandrapur,normal,statewide,0.8008658289909363,1,36,65,80,Maharashtra,Sentinel-2 NDVI
2019-10-15,2019-10-22,42.0,2019,P032,20.598621115946884,79.74569817422172,Chandrapur,normal,statewide,0.7056933045387268,1,36,65,80,Maharashtra,Sentinel-2 NDVI
2019-10-15,2019-10-22,42.0,2019,P033,21.38667804512237,75.14422248324037,Dhule,normal,statewide,0.8024417161941528,1,36,65,80,Maharashtra,Sentinel-2 NDVI
2019-10-15,2019-10-22,42.0,2019,P034,21.025151968113196,74.75989256344387,Dhule,normal,statewide,0.5590200424194336,1,36,65,80,Maharashtra,Sentinel-2 NDVI
2019-10-15,2019-10-22,42.0,2019,P035,21.477028350667293,74.85568743137505,Dhule,normal,statewide,0.462422639131546,1,36,65,80,Maharashtra,Sentinel-2 NDVI
2019-10-15,2019-10-22,42.0,2019,P036,20.933820660336515,74.37533522949364,Dhule,normal,statewide,0.4961389899253845,1,36,65,80,Maharashtra,Sentinel-2 NDVI
2019-10-15,2019-10-22,42.0,2019,P037,19.963056524597132,79.91698116388667,Garhchiroli,normal,statewide,0.7160899043083191,1,36,65,80,Maharashtra,Sentinel-2 NDVI
2019-10-15,2019-10-22,42.0,2019,P038,19.062661462582188,79.88977172925856,Garhchiroli,normal,statewide,0.5839760899543762,1,36,65,80,Maharashtra,Sentinel-2 NDVI
2019-10-15,2019-10-22,42.0,2019,P040,19.870365190999156,80.00935144220881,Garhchiroli,normal,statewide,0.7447184324264526,1,36,65,80,Maharashtra,Sentinel-2 NDVI
2019-10-15,2019-10-22,42.0,2019,P041,21.127639946725598,80.1465044724107,Gondiya,normal,statewide,0.7180638909339905,1,36,65,80,Maharashtra,Sentinel-2 NDVI
2019-10-15,2019-10-22,42.0,2019,P042,21.397598383602258,80.15591763473452,Gondiya,normal,statewide,0.716213047504425,1,36,65,80,Maharashtra,Sentinel-2 NDVI
2019-10-15,2019-10-22,42.0,2019,P043,21.574548890706154,80.25847249986273,Gondiya,normal,statewide,0.7265536785125732,1,36,65,80,Maharashtra,Sentinel-2 NDVI
2019-10-15,2019-10-22,42.0,2019,P044,21.211649410572516,80.34153217518526,Gondiya,normal,statewide,0.7294429540634155,1,36,65,80,Maharashtra,Sentinel-2 NDVI
2019-10-15,2019-10-22,42.0,2019,P049,21.292738163229433,76.10816865346904,Jalgaon,normal,statewide,0.8632778525352478,1,36,65,80,Maharashtra,Sentinel-2 NDVI
2019-10-15,2019-10-22,42.0,2019,P050,21.386178625804387,75.43363151891216,Jalgaon,normal,statewide,-0.036055922508239746,1,36,65,80,Maharashtra,Sentinel-2 NDVI
2019-10-15,2019-10-22,42.0,2019,P051,21.112064306745907,76.10682200495089,Jalgaon,normal,statewide,0.8928290009498596,1,36,65,80,Maharashtra,Sentinel-2 NDVI
2019-10-15,2019-10-22,42.0,2019,P052,20.844437979720194,75.23982115072519,Jalgaon,normal,statewide,0.7500708699226379,1,36,65,80,Maharashtra,Sentinel-2 NDVI
2019-10-15,2019-10-22,42.0,2019,P053,19.486369703781666,76.00005328932718,Jalna,normal,statewide,0.6834315061569214,1,36,65,80,Maharashtra,Sentinel-2 NDVI
2019-10-15,2019-10-22,42.0,2019,P054,20.028502750758555,76.00343774702675,Jalna,normal,statewide,0.4116847813129425,1,36,65,80,Maharashtra,Sentinel-2 NDVI
2019-10-15,2019-10-22,42.0,2019,P055,19.75743845682064,76.00172991132328,Jalna,normal,statewide,0.8069691061973572,1,36,65,80,Maharashtra,Sentinel-2 NDVI
2019-10-15,2019-10-22,42.0,2019,P056,19.57768317515413,75.80993951591351,Jalna,normal,statewide,0.4788103997707367,1,36,65,80,Maharashtra,Sentinel-2 NDVI
2019-10-15,2019-10-22,42.0,2019,P058,16.324416687682138,74.29834884980589,Kolhapur,normal,statewide,0.6808769702911377,1,36,65,80,Maharashtra,Sentinel-2 NDVI
2019-10-15,2019-10-22,42.0,2019,P059,16.595891218916975,74.39111598812178,Kolhapur,normal,statewide,0.647606372833252,1,36,65,80,Maharashtra,Sentinel-2 NDVI
2019-10-15,2019-10-22,42.0,2019,P086,21.054127206758487,79.56798961993874,Nagpur,normal,statewide,0.0912863090634346,1,36,65,80,Maharashtra,Sentinel-2 NDVI
2019-10-15,2019-10-22,42.0,2019,P087,21.146765031143822,79.47473643960802,Nagpur,normal,statewide,0.4797166883945465,1,36,65,80,Maharashtra,Sentinel-2 NDVI
2019-10-15,2019-10-22,42.0,2019,P089,21.165377318940912,78.70615240473293,Nagpur,normal,statewide,0.6794029474258423,1,36,65,80,Maharashtra,Sentinel-2 NDVI
2019-10-15,2019-10-22,42.0,2019,P094,21.564917232430716,74.08292967791392,Nandurbar,normal,statewide,0.7461388111114502,1,36,65,80,Maharashtra,Sentinel-2 NDVI
2019-10-15,2019-10-22,42.0,2019,P095,21.5662594218478,74.37266422796263,Nandurbar,normal,statewide,0.7864271402359009,1,36,65,80,Maharashtra,Sentinel-2 NDVI
2019-10-15,2019-10-22,42.0,2019,P096,21.385179787168415,74.27697637845674,Nandurbar,normal,statewide,0.6146596670150757,1,36,65,80,Maharashtra,Sentinel-2 NDVI
2019-10-15,2019-10-22,42.0,2019,P097,21.565421110849755,74.17950488852946,Nandurbar,normal,statewide,0.7817273139953613,1,36,65,80,Maharashtra,Sentinel-2 NDVI
2019-10-15,2019-10-22,42.0,2019,P099,20.120253214034264,74.28296495117151,Nashik,normal,statewide,0.23799245059490204,1,36,65,80,Maharashtra,Sentinel-2 NDVI
2019-10-15,2019-10-22,42.0,2019,P100,20.389903972938242,73.99424261706194,Nashik,normal,statewide,0.1918892115354538,1,36,65,80,Maharashtra,Sentinel-2 NDVI
2019-10-15,2019-10-22,42.0,2019,P101,20.029015547379707,74.09216447619562,Nashik,normal,statewide,0.66199791431427,1,36,65,80,Maharashtra,Sentinel-2 NDVI
2019-10-15,2019-10-22,42.0,2019,P105,18.584360447185368,75.61558067829696,Osmanabad,normal,statewide,0.3902302086353302,1,36,65,80,Maharashtra,Sentinel-2 NDVI
2019-10-15,2019-10-22,42.0,2019,P110,18.133442771357757,75.04679558432363,Pune,normal,statewide,0.44897156953811646,1,36,65,80,Maharashtra,Sentinel-2 NDVI
2019-10-15,2019-10-22,42.0,2019,P111,18.584645829652782,74.47919215212944,Pune,normal,statewide,0.5780932903289795,1,36,65,80,Maharashtra,Sentinel-2 NDVI
2019-10-15,2019-10-22,42.0,2019,P113,18.314072036830744,74.76389683618987,Pune,normal,statewide,0.45800670981407166,1,36,65,80,Maharashtra,Sentinel-2 NDVI
2019-10-15,2019-10-22,42.0,2019,P114,18.48503397121986,73.0589238755964,Raigarh,normal,statewide,0.651417076587677,1,36,65,80,Maharashtra,Sentinel-2 NDVI
2019-10-15,2019-10-22,42.0,2019,P115,18.665689991299164,73.05687714821288,Raigarh,normal,statewide,0.20368137955665588,1,36,65,80,Maharashtra,Sentinel-2 NDVI
2019-10-15,2019-10-22,42.0,2019,P116,18.306197264370358,73.25009891506079,Raigarh,normal,statewide,0.7567567229270935,1,36,65,80,Maharashtra,Sentinel-2 NDVI
2019-10-15,2019-10-22,42.0,2019,P117,18.21404102289879,73.06194714611064,Raigarh,normal,statewide,0.444607138633728,1,36,65,80,Maharashtra,Sentinel-2 NDVI
2019-10-15,2019-10-22,42.0,2019,P118,17.138719885658215,75.42259970290594,Sangli,normal,statewide,0.19571758806705475,1,36,65,80,Maharashtra,Sentinel-2 NDVI
2019-10-15,2019-10-22,42.0,2019,P120,16.86707144948229,74.39025538161847,Sangli,normal,statewide,0.4867374002933502,1,36,65,80,Maharashtra,Sentinel-2 NDVI
2019-10-15,2019-10-22,42.0,2019,P121,17.048503353144895,74.67157114887826,Sangli,normal,statewide,0.3266372084617615,1,36,65,80,Maharashtra,Sentinel-2 NDVI
2019-10-15,2019-10-22,42.0,2019,P152,19.658178867370932,72.94986318203122,Thane,normal,statewide,0.4449571669101715,1,36,65,80,Maharashtra,Sentinel-2 NDVI
2019-10-15,2019-10-22,42.0,2019,P153,19.65706409210757,72.8545320606096,Thane,normal,statewide,0.5882012248039246,1,36,65,80,Maharashtra,Sentinel-2 NDVI
2019-10-15,2019-10-22,42.0,2019,P154,19.477549601897948,72.95214624177059,Thane,normal,statewide,0.451141893863678,1,36,65,80,Maharashtra,Sentinel-2 NDVI
2019-10-15,2019-10-22,42.0,2019,P155,19.83987385799569,73.0429959666335,Thane,normal,statewide,0.639769434928894,1,36,65,80,Maharashtra,Sentinel-2 NDVI
2019-10-15,2019-10-22,42.0,2019,P156,20.806749657616468,78.60135461177485,Wardha,normal,statewide,0.6168283820152283,1,36,65,80,Maharashtra,Sentinel-2 NDVI
2019-10-15,2019-10-22,42.0,2019,P157,20.71031267913359,78.88671032458906,Wardha,normal,statewide,0.7883501648902893,1,36,65,80,Maharashtra,Sentinel-2 NDVI
2019-10-15,2019-10-22,42.0,2019,P159,20.439854822938944,78.87986114537097,Wardha,normal,statewide,0.6360089182853699,1,36,65,80,Maharashtra,Sentinel-2 NDVI
2019-10-15,2019-10-22,42.0,2019,P165,19.894658373538324,79.05709703494229,Yavatmal,normal,statewide,0.6411564350128174,1,36,65,80,Maharashtra,Sentinel-2 NDVI
2019-10-22,2019-10-29,43.0,2019,P122,17.88145897082753,73.8441448165019,Satara,high,priority,0.1139240488409996,1,22,65,80,Maharashtra,Sentinel-2 NDVI
2019-10-22,2019-10-29,43.0,2019,P124,17.43262815429294,74.647353771057,Satara,high,priority,0.40596166253089905,1,22,65,80,Maharashtra,Sentinel-2 NDVI
2019-10-22,2019-10-29,43.0,2019,P125,17.56734651531964,74.31728219287884,Satara,high,priority,4.308487696107477E-4,1,22,65,80,Maharashtra,Sentinel-2 NDVI
2019-10-22,2019-10-29,43.0,2019,P127,17.65773249367299,74.31694330119876,Satara,high,priority,0.4249430298805237,1,22,65,80,Maharashtra,Sentinel-2 NDVI
2019-10-22,2019-10-29,43.0,2019,P131,17.612539504496315,74.3171127470388,Satara,high,priority,0.7104602456092834,1,22,65,80,Maharashtra,Sentinel-2 NDVI
2019-10-22,2019-10-29,43.0,2019,P132,17.702176353872684,74.12817617630324,Satara,high,priority,0.516979992389679,1,22,65,80,Maharashtra,Sentinel-2 NDVI
2019-10-22,2019-10-29,43.0,2019,P133,17.25006363896275,74.08329532420031,Satara,high,priority,0.03295094147324562,1,22,65,80,Maharashtra,Sentinel-2 NDVI
2019-10-22,2019-10-29,43.0,2019,P134,17.476429903940936,74.17634784498362,Satara,high,priority,0.5515643358230591,1,22,65,80,Maharashtra,Sentinel-2 NDVI
2019-10-22,2019-10-29,43.0,2019,P135,17.882716437324603,74.0801070669471,Satara,high,priority,0.40486812591552734,1,22,65,80,Maharashtra,Sentinel-2 NDVI
2019-10-22,2019-10-29,43.0,2019,P136,17.928520323345598,74.22149178404871,Satara,high,priority,0.4854239225387573,1,22,65,80,Maharashtra,Sentinel-2 NDVI
2019-10-22,2019-10-29,43.0,2019,P137,17.746687100588183,73.98648378122894,Satara,high,priority,0.6792566180229187,1,22,65,80,Maharashtra,Sentinel-2 NDVI
2019-10-22,2019-10-29,43.0,2019,P138,17.61269557303319,74.36423652697161,Satara,high,priority,0.2504456341266632,1,22,65,80,Maharashtra,Sentinel-2 NDVI
2019-10-22,2019-10-29,43.0,2019,P143,17.70379500755509,74.6468275971327,Satara,high,priority,0.3870967626571655,1,22,65,80,Maharashtra,Sentinel-2 NDVI
2019-10-22,2019-10-29,43.0,2019,P145,17.47773196144854,74.60017202281048,Satara,high,priority,0.18376223742961884,1,22,65,80,Maharashtra,Sentinel-2 NDVI
2019-10-22,2019-10-29,43.0,2019,P004,19.03720445466806,75.1420731965326,Ahmednagar,normal,statewide,0.3434089124202728,1,22,65,80,Maharashtra,Sentinel-2 NDVI
2019-10-22,2019-10-29,43.0,2019,P014,19.760185263069562,75.14270192978114,Aurangabad,normal,statewide,0.5472007393836975,1,22,65,80,Maharashtra,Sentinel-2 NDVI
2019-10-22,2019-10-29,43.0,2019,P016,19.66981712112043,75.14262166596218,Aurangabad,normal,statewide,0.7221888303756714,1,22,65,80,Maharashtra,Sentinel-2 NDVI
2019-10-22,2019-10-29,43.0,2019,P017,21.04613203856966,79.85576216552393,Bhandara,normal,statewide,0.266763836145401,1,22,65,80,Maharashtra,Sentinel-2 NDVI
2019-10-22,2019-10-29,43.0,2019,P021,18.67502288980403,75.52108340877234,Bid,normal,statewide,0.30484989285469055,1,22,65,80,Maharashtra,Sentinel-2 NDVI
2019-10-22,2019-10-29,43.0,2019,P022,18.856499384477168,75.04699178476999,Bid,normal,statewide,0.3700033128261566,1,22,65,80,Maharashtra,Sentinel-2 NDVI
2019-10-22,2019-10-29,43.0,2019,P031,20.511160307884595,79.64732594588165,Chandrapur,normal,statewide,0.6086474657058716,1,22,65,80,Maharashtra,Sentinel-2 NDVI
2019-10-22,2019-10-29,43.0,2019,P039,19.510270485428137,79.9981368030594,Garhchiroli,normal,statewide,0.7428714632987976,1,22,65,80,Maharashtra,Sentinel-2 NDVI
2019-10-22,2019-10-29,43.0,2019,P053,19.486369703781666,76.00005328932718,Jalna,normal,statewide,0.6431822776794434,1,22,65,80,Maharashtra,Sentinel-2 NDVI
2019-10-22,2019-10-29,43.0,2019,P055,19.75743845682064,76.00172991132328,Jalna,normal,statewide,0.6795200109481812,1,22,65,80,Maharashtra,Sentinel-2 NDVI
2019-10-22,2019-10-29,43.0,2019,P057,16.776377793156257,74.29671235971928,Kolhapur,normal,statewide,0.48516321182250977,1,22,65,80,Maharashtra,Sentinel-2 NDVI
2019-10-22,2019-10-29,43.0,2019,P059,16.595891218916975,74.39111598812178,Kolhapur,normal,statewide,0.4563590884208679,1,22,65,80,Maharashtra,Sentinel-2 NDVI
2019-10-22,2019-10-29,43.0,2019,P060,16.414811584237594,74.29802779453004,Kolhapur,normal,statewide,0.2018229216337204,1,22,65,80,Maharashtra,Sentinel-2 NDVI
2019-10-22,2019-10-29,43.0,2019,P111,18.584645829652782,74.47919215212944,Pune,normal,statewide,0.6438996195793152,1,22,65,80,Maharashtra,Sentinel-2 NDVI
2019-10-22,2019-10-29,43.0,2019,P112,18.132979024848197,74.57507620208169,Pune,normal,statewide,0.4756573736667633,1,22,65,80,Maharashtra,Sentinel-2 NDVI
2019-10-22,2019-10-29,43.0,2019,P115,18.665689991299164,73.05687714821288,Raigarh,normal,statewide,-0.2130681872367859,1,22,65,80,Maharashtra,Sentinel-2 NDVI
2019-10-22,2019-10-29,43.0,2019,P117,18.21404102289879,73.06194714611064,Raigarh,normal,statewide,0.33737680315971375,1,22,65,80,Maharashtra,Sentinel-2 NDVI
2019-10-22,2019-10-29,43.0,2019,P120,16.86707144948229,74.39025538161847,Sangli,normal,statewide,0.5558441281318665,1,22,65,80,Maharashtra,Sentinel-2 NDVI
2019-10-22,2019-10-29,43.0,2019,P121,17.048503353144895,74.67157114887826,Sangli,normal,statewide,0.4461994171142578,1,22,65,80,Maharashtra,Sentinel-2 NDVI
2019-10-22,2019-10-29,43.0,2019,P149,18.223365003201543,75.4251413905064,Solapur,normal,statewide,0.7698483467102051,1,22,65,80,Maharashtra,Sentinel-2 NDVI
2019-10-22,2019-10-29,43.0,2019,P150,17.952532582518405,75.23562067753285,Solapur,normal,statewide,0.2705882489681244,1,22,65,80,Maharashtra,Sentinel-2 NDVI
2019-10-29,2019-11-05,44.0,2019,P061,18.507855650411397,76.91766048140843,Latur,high,priority,0.521219789981842,1,66,65,80,Maharashtra,Sentinel-2 NDVI
2019-10-29,2019-11-05,44.0,2019,P062,18.422405896924207,76.3487594508077,Latur,high,priority,0.5054581761360168,1,66,65,80,Maharashtra,Sentinel-2 NDVI
2019-10-29,2019-11-05,44.0,2019,P063,18.235391198742693,77.05646783810116,Latur,high,priority,0.636781632900238,1,66,65,80,Maharashtra,Sentinel-2 NDVI
2019-10-29,2019-11-05,44.0,2019,P064,18.193056493341274,76.77240080549139,Latur,high,priority,0.5910162925720215,1,66,65,80,Maharashtra,Sentinel-2 NDVI
2019-10-29,2019-11-05,44.0,2019,P065,18.331355512513895,76.44266811899327,Latur,high,priority,0.4497750699520111,1,66,65,80,Maharashtra,Sentinel-2 NDVI
2019-10-29,2019-11-05,44.0,2019,P066,18.104739537876725,76.5352970251765,Latur,high,priority,0.6002534031867981,1,66,65,80,Maharashtra,Sentinel-2 NDVI
2019-10-29,2019-11-05,44.0,2019,P067,18.280552974211986,77.0569984711265,Latur,high,priority,0.6037464141845703,1,66,65,80,Maharashtra,Sentinel-2 NDVI
2019-10-29,2019-11-05,44.0,2019,P068,18.101823285787773,76.86595720469373,Latur,high,priority,0.7141256332397461,1,66,65,80,Maharashtra,Sentinel-2 NDVI
2019-10-29,2019-11-05,44.0,2019,P069,18.595075667016793,77.20284228928156,Latur,high,priority,0.8373785614967346,1,66,65,80,Maharashtra,Sentinel-2 NDVI
2019-10-29,2019-11-05,44.0,2019,P070,18.41499041187233,77.15322587185987,Latur,high,priority,0.7741273045539856,1,66,65,80,Maharashtra,Sentinel-2 NDVI
2019-10-29,2019-11-05,44.0,2019,P071,18.149138807065885,76.63019561379593,Latur,high,priority,0.7680418491363525,1,66,65,80,Maharashtra,Sentinel-2 NDVI
2019-10-29,2019-11-05,44.0,2019,P072,18.283393421583035,76.77331492120734,Latur,high,priority,0.39589041471481323,1,66,65,80,Maharashtra,Sentinel-2 NDVI
2019-10-29,2019-11-05,44.0,2019,P073,17.966315663874607,76.86453029235662,Latur,high,priority,0.4333154857158661,1,66,65,80,Maharashtra,Sentinel-2 NDVI
2019-10-29,2019-11-05,44.0,2019,P075,18.41444640154381,77.20053247493588,Latur,high,priority,0.7280095815658569,1,66,65,80,Maharashtra,Sentinel-2 NDVI
2019-10-29,2019-11-05,44.0,2019,P076,18.377877313804504,76.25376722106614,Latur,high,priority,0.3947511613368988,1,66,65,80,Maharashtra,Sentinel-2 NDVI
2019-10-29,2019-11-05,44.0,2019,P077,18.059564385104267,76.5349046242838,Latur,high,priority,0.306848406791687,1,66,65,80,Maharashtra,Sentinel-2 NDVI
2019-10-29,2019-11-05,44.0,2019,P078,18.1008824154655,76.96042326051098,Latur,high,priority,0.7322300672531128,1,66,65,80,Maharashtra,Sentinel-2 NDVI
2019-10-29,2019-11-05,44.0,2019,P079,18.73508698099394,76.77797468180819,Latur,high,priority,0.6657695174217224,1,66,65,80,Maharashtra,Sentinel-2 NDVI
2019-10-29,2019-11-05,44.0,2019,P080,18.46791548227568,76.3017694439065,Latur,high,priority,0.536719024181366,1,66,65,80,Maharashtra,Sentinel-2 NDVI
2019-10-29,2019-11-05,44.0,2019,P081,18.10355787609756,76.67701617485712,Latur,high,priority,0.4302920699119568,1,66,65,80,Maharashtra,Sentinel-2 NDVI
2019-10-29,2019-11-05,44.0,2019,P082,18.23907887531389,76.67830931416262,Latur,high,priority,0.5309960246086121,1,66,65,80,Maharashtra,Sentinel-2 NDVI
2019-10-29,2019-11-05,44.0,2019,P083,18.369289085175563,77.19996171000103,Latur,high,priority,0.4874781668186188,1,66,65,80,Maharashtra,Sentinel-2 NDVI
2019-10-29,2019-11-05,44.0,2019,P084,18.46362582706226,76.82249880582684,Latur,high,priority,0.501396119594574,1,66,65,80,Maharashtra,Sentinel-2 NDVI
2019-10-29,2019-11-05,44.0,2019,P085,18.14788579966987,76.77194597718393,Latur,high,priority,0.29795917868614197,1,66,65,80,Maharashtra,Sentinel-2 NDVI
2019-10-29,2019-11-05,44.0,2019,P005,20.832153156317954,77.06560453615967,Akola,normal,statewide,0.5516164302825928,1,66,65,80,Maharashtra,Sentinel-2 NDVI
2019-10-29,2019-11-05,44.0,2019,P006,20.834360411339407,76.87349308547405,Akola,normal,statewide,0.5784427523612976,1,66,65,80,Maharashtra,Sentinel-2 NDVI
2019-10-29,2019-11-05,44.0,2019,P007,21.014976299509232,76.87574047240498,Akola,normal,statewide,0.7317084074020386,1,66,65,80,Maharashtra,Sentinel-2 NDVI
2019-10-29,2019-11-05,44.0,2019,P008,20.828434266039377,77.35372489162701,Akola,normal,statewide,0.6910343766212463,1,66,65,80,Maharashtra,Sentinel-2 NDVI
2019-10-29,2019-11-05,44.0,2019,P009,21.360971327549258,77.94039543992572,Amravati,normal,statewide,0.688554048538208,1,66,65,80,Maharashtra,Sentinel-2 NDVI
2019-10-29,2019-11-05,44.0,2019,P010,21.178803672212837,78.03301542790685,Amravati,normal,statewide,0.5522227883338928,1,66,65,80,Maharashtra,Sentinel-2 NDVI
2019-10-29,2019-11-05,44.0,2019,P011,20.814388097721018,78.21764450702477,Amravati,normal,statewide,0.6029432415962219,1,66,65,80,Maharashtra,Sentinel-2 NDVI
2019-10-29,2019-11-05,44.0,2019,P012,21.180502589714195,77.93681032267875,Amravati,normal,statewide,0.2543942332267761,1,66,65,80,Maharashtra,Sentinel-2 NDVI
2019-10-29,2019-11-05,44.0,2019,P017,21.04613203856966,79.85576216552393,Bhandara,normal,statewide,0.3806167542934418,1,66,65,80,Maharashtra,Sentinel-2 NDVI
2019-10-29,2019-11-05,44.0,2019,P018,21.31897105472685,79.76852877161537,Bhandara,normal,statewide,0.5973915457725525,1,66,65,80,Maharashtra,Sentinel-2 NDVI
2019-10-29,2019-11-05,44.0,2019,P019,21.40900922319803,79.77144948280537,Bhandara,normal,statewide,0.6372733116149902,1,66,65,80,Maharashtra,Sentinel-2 NDVI
2019-10-29,2019-11-05,44.0,2019,P020,21.144196588937042,79.57074980349083,Bhandara,normal,statewide,0.7227866649627686,1,66,65,80,Maharashtra,Sentinel-2 NDVI
2019-10-29,2019-11-05,44.0,2019,P024,18.763955201213946,75.90084720909012,Bid,normal,statewide,0.49663716554641724,1,66,65,80,Maharashtra,Sentinel-2 NDVI
2019-10-29,2019-11-05,44.0,2019,P026,20.838939908121294,76.39311412898633,Buldana,normal,statewide,0.47247955203056335,1,66,65,80,Maharashtra,Sentinel-2 NDVI
2019-10-29,2019-11-05,44.0,2019,P027,20.657476790751314,76.48742857536776,Buldana,normal,statewide,0.5911970734596252,1,66,65,80,Maharashtra,Sentinel-2 NDVI
2019-10-29,2019-11-05,44.0,2019,P028,20.47967013624516,76.10222021266374,Buldana,normal,statewide,0.4783875644207001,1,66,65,80,Maharashtra,Sentinel-2 NDVI
2019-10-29,2019-11-05,44.0,2019,P042,21.397598383602258,80.15591763473452,Gondiya,normal,statewide,0.5229982733726501,1,66,65,80,Maharashtra,Sentinel-2 NDVI
2019-10-29,2019-11-05,44.0,2019,P043,21.574548890706154,80.25847249986273,Gondiya,normal,statewide,0.6040669679641724,1,66,65,80,Maharashtra,Sentinel-2 NDVI
2019-10-29,2019-11-05,44.0,2019,P044,21.211649410572516,80.34153217518526,Gondiya,normal,statewide,0.3834688365459442,1,66,65,80,Maharashtra,Sentinel-2 NDVI
2019-10-29,2019-11-05,44.0,2019,P045,19.655900266732623,77.2407892392464,Hingoli,normal,statewide,0.8472869992256165,1,66,65,80,Maharashtra,Sentinel-2 NDVI
2019-10-29,2019-11-05,44.0,2019,P046,19.566758377573187,77.1442675378435,Hingoli,normal,statewide,0.6857238411903381,1,66,65,80,Maharashtra,Sentinel-2 NDVI
2019-10-29,2019-11-05,44.0,2019,P047,19.47860194974656,76.9526242927685,Hingoli,normal,statewide,0.511262834072113,1,66,65,80,Maharashtra,Sentinel-2 NDVI
2019-10-29,2019-11-05,44.0,2019,P048,19.927981235710728,77.14910120338544,Hingoli,normal,statewide,0.6554291248321533,1,66,65,80,Maharashtra,Sentinel-2 NDVI
2019-10-29,2019-11-05,44.0,2019,P049,21.292738163229433,76.10816865346904,Jalgaon,normal,statewide,0.7512820363044739,1,66,65,80,Maharashtra,Sentinel-2 NDVI
2019-10-29,2019-11-05,44.0,2019,P051,21.112064306745907,76.10682200495089,Jalgaon,normal,statewide,0.8848101496696472,1,66,65,80,Maharashtra,Sentinel-2 NDVI
2019-10-29,2019-11-05,44.0,2019,P053,19.486369703781666,76.00005328932718,Jalna,normal,statewide,0.6134850382804871,1,66,65,80,Maharashtra,Sentinel-2 NDVI
2019-10-29,2019-11-05,44.0,2019,P055,19.75743845682064,76.00172991132328,Jalna,normal,statewide,0.6233705282211304,1,66,65,80,Maharashtra,Sentinel-2 NDVI
2019-10-29,2019-11-05,44.0,2019,P058,16.324416687682138,74.29834884980589,Kolhapur,normal,statewide,0.6476330161094666,1,66,65,80,Maharashtra,Sentinel-2 NDVI
2019-10-29,2019-11-05,44.0,2019,P060,16.414811584237594,74.29802779453004,Kolhapur,normal,statewide,0.32853469252586365,1,66,65,80,Maharashtra,Sentinel-2 NDVI
2019-10-29,2019-11-05,44.0,2019,P086,21.054127206758487,79.56798961993874,Nagpur,normal,statewide,-0.005751848686486483,1,66,65,80,Maharashtra,Sentinel-2 NDVI
2019-10-29,2019-11-05,44.0,2019,P087,21.146765031143822,79.47473643960802,Nagpur,normal,statewide,0.34648582339286804,1,66,65,80,Maharashtra,Sentinel-2 NDVI
2019-10-29,2019-11-05,44.0,2019,P088,21.347803602138427,78.61442869606356,Nagpur,normal,statewide,0.8069225549697876,1,66,65,80,Maharashtra,Sentinel-2 NDVI
2019-10-29,2019-11-05,44.0,2019,P089,21.165377318940912,78.70615240473293,Nagpur,normal,statewide,0.47271326184272766,1,66,65,80,Maharashtra,Sentinel-2 NDVI
2019-10-29,2019-11-05,44.0,2019,P090,19.201968238592887,77.42470040309472,Nanded,normal,statewide,0.35172414779663086,1,66,65,80,Maharashtra,Sentinel-2 NDVI
2019-10-29,2019-11-05,44.0,2019,P091,18.566038000956755,77.69963965584807,Nanded,normal,statewide,0.5198231935501099,1,66,65,80,Maharashtra,Sentinel-2 NDVI
2019-10-29,2019-11-05,44.0,2019,P092,19.736596618496833,77.90946265591798,Nanded,normal,statewide,0.7456357479095459,1,66,65,80,Maharashtra,Sentinel-2 NDVI
2019-10-29,2019-11-05,44.0,2019,P093,18.93564842817583,77.04115528508362,Nanded,normal,statewide,0.81687331199646,1,66,65,80,Maharashtra,Sentinel-2 NDVI
2019-10-29,2019-11-05,44.0,2019,P094,21.564917232430716,74.08292967791392,Nandurbar,normal,statewide,0.7466215491294861,1,66,65,80,Maharashtra,Sentinel-2 NDVI
2019-10-29,2019-11-05,44.0,2019,P095,21.5662594218478,74.37266422796263,Nandurbar,normal,statewide,0.8366506695747375,1,66,65,80,Maharashtra,Sentinel-2 NDVI
2019-10-29,2019-11-05,44.0,2019,P096,21.385179787168415,74.27697637845674,Nandurbar,normal,statewide,0.6425855755805969,1,66,65,80,Maharashtra,Sentinel-2 NDVI
2019-10-29,2019-11-05,44.0,2019,P097,21.565421110849755,74.17950488852946,Nandurbar,normal,statewide,0.7514575123786926,1,66,65,80,Maharashtra,Sentinel-2 NDVI
2019-10-29,2019-11-05,44.0,2019,P102,17.85749130266526,76.36802722645965,Osmanabad,normal,statewide,0.37981781363487244,1,66,65,80,Maharashtra,Sentinel-2 NDVI
2019-10-29,2019-11-05,44.0,2019,P103,17.76644983645705,76.46164605307673,Osmanabad,normal,statewide,0.25563910603523254,1,66,65,80,Maharashtra,Sentinel-2 NDVI
2019-10-29,2019-11-05,44.0,2019,P104,17.949094615606196,76.17989775301476,Osmanabad,normal,statewide,0.4230463206768036,1,66,65,80,Maharashtra,Sentinel-2 NDVI
2019-10-29,2019-11-05,44.0,2019,P106,19.031389786894366,76.47235681380711,Parbhani,normal,statewide,0.8220757842063904,1,66,65,80,Maharashtra,Sentinel-2 NDVI
2019-10-29,2019-11-05,44.0,2019,P107,19.120950831552832,76.56820519095093,Parbhani,normal,statewide,0.639902651309967,1,66,65,80,Maharashtra,Sentinel-2 NDVI
2019-10-29,2019-11-05,44.0,2019,P108,19.208625676465683,76.85432786914635,Parbhani,normal,statewide,0.6152034997940063,1,66,65,80,Maharashtra,Sentinel-2 NDVI
2019-10-29,2019-11-05,44.0,2019,P109,19.212081479782103,76.47396209018636,Parbhani,normal,statewide,0.47022202610969543,1,66,65,80,Maharashtra,Sentinel-2 NDVI
2019-10-29,2019-11-05,44.0,2019,P114,18.48503397121986,73.0589238755964,Raigarh,normal,statewide,0.5164512991905212,1,66,65,80,Maharashtra,Sentinel-2 NDVI
2019-10-29,2019-11-05,44.0,2019,P115,18.665689991299164,73.05687714821288,Raigarh,normal,statewide,0.1642553210258484,1,66,65,80,Maharashtra,Sentinel-2 NDVI
2019-10-29,2019-11-05,44.0,2019,P116,18.306197264370358,73.25009891506079,Raigarh,normal,statewide,0.7907752990722656,1,66,65,80,Maharashtra,Sentinel-2 NDVI
2019-10-29,2019-11-05,44.0,2019,P117,18.21404102289879,73.06194714611064,Raigarh,normal,statewide,0.36180636286735535,1,66,65,80,Maharashtra,Sentinel-2 NDVI
2019-10-29,2019-11-05,44.0,2019,P118,17.138719885658215,75.42259970290594,Sangli,normal,statewide,0.38758015632629395,1,66,65,80,Maharashtra,Sentinel-2 NDVI
2019-10-29,2019-11-05,44.0,2019,P148,17.67852974098626,76.08383979812143,Solapur,normal,statewide,0.5191637873649597,1,66,65,80,Maharashtra,Sentinel-2 NDVI
2019-10-29,2019-11-05,44.0,2019,P152,19.658178867370932,72.94986318203122,Thane,normal,statewide,0.42896944284439087,1,66,65,80,Maharashtra,Sentinel-2 NDVI
2019-10-29,2019-11-05,44.0,2019,P153,19.65706409210757,72.8545320606096,Thane,normal,statewide,0.4765323996543884,1,66,65,80,Maharashtra,Sentinel-2 NDVI
2019-10-29,2019-11-05,44.0,2019,P154,19.477549601897948,72.95214624177059,Thane,normal,statewide,0.4440385699272156,1,66,65,80,Maharashtra,Sentinel-2 NDVI
2019-10-29,2019-11-05,44.0,2019,P155,19.83987385799569,73.0429959666335,Thane,normal,statewide,0.48828551173210144,1,66,65,80,Maharashtra,Sentinel-2 NDVI
2019-10-29,2019-11-05,44.0,2019,P156,20.806749657616468,78.60135461177485,Wardha,normal,statewide,0.5834094285964966,1,66,65,80,Maharashtra,Sentinel-2 NDVI
2019-10-29,2019-11-05,44.0,2019,P157,20.71031267913359,78.88671032458906,Wardha,normal,statewide,0.7380595803260803,1,66,65,80,Maharashtra,Sentinel-2 NDVI
2019-10-29,2019-11-05,44.0,2019,P158,21.081265295769754,78.41565980750515,Wardha,normal,statewide,0.7462131977081299,1,66,65,80,Maharashtra,Sentinel-2 NDVI
2019-10-29,2019-11-05,44.0,2019,P160,20.289186257444058,77.15404188735265,Washim,normal,statewide,0.7338852882385254,1,66,65,80,Maharashtra,Sentinel-2 NDVI
2019-10-29,2019-11-05,44.0,2019,P161,20.464607292886615,77.53975858757677,Washim,normal,statewide,0.4850187301635742,1,66,65,80,Maharashtra,Sentinel-2 NDVI
2019-10-29,2019-11-05,44.0,2019,P162,20.107393166596125,77.2471479173486,Washim,normal,statewide,0.42721667885780334,1,66,65,80,Maharashtra,Sentinel-2 NDVI
2019-10-29,2019-11-05,44.0,2019,P163,20.198885002010726,77.1527933390577,Washim,normal,statewide,0.5953947305679321,1,66,65,80,Maharashtra,Sentinel-2 NDVI
2019-10-29,2019-11-05,44.0,2019,P164,20.182854533723592,78.20447678161395,Yavatmal,normal,statewide,0.5284425020217896,1,66,65,80,Maharashtra,Sentinel-2 NDVI
2019-10-29,2019-11-05,44.0,2019,P166,19.468787468327925,77.71426550730338,Yavatmal,normal,statewide,0.5494024753570557,1,66,65,80,Maharashtra,Sentinel-2 NDVI
2019-10-29,2019-11-05,44.0,2019,P167,19.559057510053886,77.71577268345945,Yavatmal,normal,statewide,0.5637723207473755,1,66,65,80,Maharashtra,Sentinel-2 NDVI
2019-11-05,2019-11-12,45.0,2019,P147,17.927231643141155,73.94769852026607,Satara,case_study,case_study,0.5980807542800903,1,86,65,80,Maharashtra,Sentinel-2 NDVI
2019-11-05,2019-11-12,45.0,2019,P062,18.422405896924207,76.3487594508077,Latur,high,priority,0.44448384642601013,1,86,65,80,Maharashtra,Sentinel-2 NDVI
2019-11-05,2019-11-12,45.0,2019,P063,18.235391198742693,77.05646783810116,Latur,high,priority,0.586904764175415,1,86,65,80,Maharashtra,Sentinel-2 NDVI
2019-11-05,2019-11-12,45.0,2019,P068,18.101823285787773,76.86595720469373,Latur,high,priority,0.6477881073951721,1,86,65,80,Maharashtra,Sentinel-2 NDVI
2019-11-05,2019-11-12,45.0,2019,P069,18.595075667016793,77.20284228928156,Latur,high,priority,0.7049180269241333,1,86,65,80,Maharashtra,Sentinel-2 NDVI
2019-11-05,2019-11-12,45.0,2019,P070,18.41499041187233,77.15322587185987,Latur,high,priority,0.6237741708755493,1,86,65,80,Maharashtra,Sentinel-2 NDVI
2019-11-05,2019-11-12,45.0,2019,P071,18.149138807065885,76.63019561379593,Latur,high,priority,0.8608421683311462,1,86,65,80,Maharashtra,Sentinel-2 NDVI
2019-11-05,2019-11-12,45.0,2019,P072,18.283393421583035,76.77331492120734,Latur,high,priority,0.43487483263015747,1,86,65,80,Maharashtra,Sentinel-2 NDVI
2019-11-05,2019-11-12,45.0,2019,P073,17.966315663874607,76.86453029235662,Latur,high,priority,0.5680105090141296,1,86,65,80,Maharashtra,Sentinel-2 NDVI
2019-11-05,2019-11-12,45.0,2019,P075,18.41444640154381,77.20053247493588,Latur,high,priority,0.6331491470336914,1,86,65,80,Maharashtra,Sentinel-2 NDVI
2019-11-05,2019-11-12,45.0,2019,P076,18.377877313804504,76.25376722106614,Latur,high,priority,0.42473918199539185,1,86,65,80,Maharashtra,Sentinel-2 NDVI
2019-11-05,2019-11-12,45.0,2019,P077,18.059564385104267,76.5349046242838,Latur,high,priority,0.2226991206407547,1,86,65,80,Maharashtra,Sentinel-2 NDVI
2019-11-05,2019-11-12,45.0,2019,P078,18.1008824154655,76.96042326051098,Latur,high,priority,0.6410807967185974,1,86,65,80,Maharashtra,Sentinel-2 NDVI
2019-11-05,2019-11-12,45.0,2019,P080,18.46791548227568,76.3017694439065,Latur,high,priority,0.5369993448257446,1,86,65,80,Maharashtra,Sentinel-2 NDVI
2019-11-05,2019-11-12,45.0,2019,P082,18.23907887531389,76.67830931416262,Latur,high,priority,0.5581395626068115,1,86,65,80,Maharashtra,Sentinel-2 NDVI
2019-11-05,2019-11-12,45.0,2019,P083,18.369289085175563,77.19996171000103,Latur,high,priority,0.4601542353630066,1,86,65,80,Maharashtra,Sentinel-2 NDVI
2019-11-05,2019-11-12,45.0,2019,P084,18.46362582706226,76.82249880582684,Latur,high,priority,0.5364335179328918,1,86,65,80,Maharashtra,Sentinel-2 NDVI
2019-11-05,2019-11-12,45.0,2019,P122,17.88145897082753,73.8441448165019,Satara,high,priority,0.13745738565921783,1,86,65,80,Maharashtra,Sentinel-2 NDVI
2019-11-05,2019-11-12,45.0,2019,P123,17.386414030975025,74.27088970551878,Satara,high,priority,0.37426209449768066,1,86,65,80,Maharashtra,Sentinel-2 NDVI
2019-11-05,2019-11-12,45.0,2019,P124,17.43262815429294,74.647353771057,Satara,high,priority,0.37032970786094666,1,86,65,80,Maharashtra,Sentinel-2 NDVI
2019-11-05,2019-11-12,45.0,2019,P125,17.56734651531964,74.31728219287884,Satara,high,priority,0.3291228711605072,1,86,65,80,Maharashtra,Sentinel-2 NDVI
2019-11-05,2019-11-12,45.0,2019,P126,17.205080227535593,74.13053949986157,Satara,high,priority,0.6536505818367004,1,86,65,80,Maharashtra,Sentinel-2 NDVI
2019-11-05,2019-11-12,45.0,2019,P127,17.65773249367299,74.31694330119876,Satara,high,priority,0.41153156757354736,1,86,65,80,Maharashtra,Sentinel-2 NDVI
2019-11-05,2019-11-12,45.0,2019,P128,18.019949731345452,74.5517328080669,Satara,high,priority,0.5622192621231079,1,86,65,80,Maharashtra,Sentinel-2 NDVI
2019-11-05,2019-11-12,45.0,2019,P129,18.063234225271252,74.03192648006461,Satara,high,priority,0.44211289286613464,1,86,65,80,Maharashtra,Sentinel-2 NDVI
2019-11-05,2019-11-12,45.0,2019,P130,17.61135784271715,74.03436560834085,Satara,high,priority,0.297439306974411,1,86,65,80,Maharashtra,Sentinel-2 NDVI
2019-11-05,2019-11-12,45.0,2019,P131,17.612539504496315,74.3171127470388,Satara,high,priority,0.6468337178230286,1,86,65,80,Maharashtra,Sentinel-2 NDVI
2019-11-05,2019-11-12,45.0,2019,P132,17.702176353872684,74.12817617630324,Satara,high,priority,0.43739932775497437,1,86,65,80,Maharashtra,Sentinel-2 NDVI
2019-11-05,2019-11-12,45.0,2019,P133,17.25006363896275,74.08329532420031,Satara,high,priority,0.6459807753562927,1,86,65,80,Maharashtra,Sentinel-2 NDVI
2019-11-05,2019-11-12,45.0,2019,P134,17.476429903940936,74.17634784498362,Satara,high,priority,0.5035154223442078,1,86,65,80,Maharashtra,Sentinel-2 NDVI
2019-11-05,2019-11-12,45.0,2019,P135,17.882716437324603,74.0801070669471,Satara,high,priority,0.7795659899711609,1,86,65,80,Maharashtra,Sentinel-2 NDVI
2019-11-05,2019-11-12,45.0,2019,P136,17.928520323345598,74.22149178404871,Satara,high,priority,0.5010920763015747,1,86,65,80,Maharashtra,Sentinel-2 NDVI
2019-11-05,2019-11-12,45.0,2019,P137,17.746687100588183,73.98648378122894,Satara,high,priority,0.6329154372215271,1,86,65,80,Maharashtra,Sentinel-2 NDVI
2019-11-05,2019-11-12,45.0,2019,P138,17.61269557303319,74.36423652697161,Satara,high,priority,0.21560895442962646,1,86,65,80,Maharashtra,Sentinel-2 NDVI
2019-11-05,2019-11-12,45.0,2019,P139,17.656773786946495,74.08126197411994,Satara,high,priority,0.3431433439254761,1,86,65,80,Maharashtra,Sentinel-2 NDVI
2019-11-05,2019-11-12,45.0,2019,P140,17.97464080554139,74.50462240543725,Satara,high,priority,0.6288211941719055,1,86,65,80,Maharashtra,Sentinel-2 NDVI
2019-11-05,2019-11-12,45.0,2019,P141,17.430826677467348,74.08239904488856,Satara,high,priority,0.7042702436447144,1,86,65,80,Maharashtra,Sentinel-2 NDVI
2019-11-05,2019-11-12,45.0,2019,P142,18.064447100757786,74.31538707493111,Satara,high,priority,0.8118466734886169,1,86,65,80,Maharashtra,Sentinel-2 NDVI
2019-11-05,2019-11-12,45.0,2019,P143,17.70379500755509,74.6468275971327,Satara,high,priority,0.42795491218566895,1,86,65,80,Maharashtra,Sentinel-2 NDVI
2019-11-05,2019-11-12,45.0,2019,P144,17.929452275465767,74.50474726026674,Satara,high,priority,0.6866819858551025,1,86,65,80,Maharashtra,Sentinel-2 NDVI
2019-11-05,2019-11-12,45.0,2019,P145,17.47773196144854,74.60017202281048,Satara,high,priority,0.20597757399082184,1,86,65,80,Maharashtra,Sentinel-2 NDVI
2019-11-05,2019-11-12,45.0,2019,P146,17.839182233739812,74.55218763637436,Satara,high,priority,0.5758218169212341,1,86,65,80,Maharashtra,Sentinel-2 NDVI
2019-11-05,2019-11-12,45.0,2019,P001,19.940457800458272,74.57045211428928,Ahmednagar,normal,statewide,0.27038535475730896,1,86,65,80,Maharashtra,Sentinel-2 NDVI
2019-11-05,2019-11-12,45.0,2019,P002,18.946729294293643,74.76302285238339,Ahmednagar,normal,statewide,0.39044129848480225,1,86,65,80,Maharashtra,Sentinel-2 NDVI
2019-11-05,2019-11-12,45.0,2019,P003,18.49469238410162,74.66892244285252,Ahmednagar,normal,statewide,-0.27721312642097473,1,86,65,80,Maharashtra,Sentinel-2 NDVI
2019-11-05,2019-11-12,45.0,2019,P004,19.03720445466806,75.1420731965326,Ahmednagar,normal,statewide,0.3760833740234375,1,86,65,80,Maharashtra,Sentinel-2 NDVI
2019-11-05,2019-11-12,45.0,2019,P005,20.832153156317954,77.06560453615967,Akola,normal,statewide,0.4908711612224579,1,86,65,80,Maharashtra,Sentinel-2 NDVI
2019-11-05,2019-11-12,45.0,2019,P007,21.014976299509232,76.87574047240498,Akola,normal,statewide,0.46617916226387024,1,86,65,80,Maharashtra,Sentinel-2 NDVI
2019-11-05,2019-11-12,45.0,2019,P013,20.031289688916964,74.8570519162974,Aurangabad,normal,statewide,0.4326011538505554,1,86,65,80,Maharashtra,Sentinel-2 NDVI
2019-11-05,2019-11-12,45.0,2019,P014,19.760185263069562,75.14270192978114,Aurangabad,normal,statewide,0.6656590104103088,1,86,65,80,Maharashtra,Sentinel-2 NDVI
2019-11-05,2019-11-12,45.0,2019,P015,19.9408189876436,74.76157364454102,Aurangabad,normal,statewide,0.7444031238555908,1,86,65,80,Maharashtra,Sentinel-2 NDVI
2019-11-05,2019-11-12,45.0,2019,P016,19.66981712112043,75.14262166596218,Aurangabad,normal,statewide,0.6542171835899353,1,86,65,80,Maharashtra,Sentinel-2 NDVI
2019-11-05,2019-11-12,45.0,2019,P017,21.04613203856966,79.85576216552393,Bhandara,normal,statewide,0.5297107100486755,1,86,65,80,Maharashtra,Sentinel-2 NDVI
2019-11-05,2019-11-12,45.0,2019,P018,21.31897105472685,79.76852877161537,Bhandara,normal,statewide,0.5247105956077576,1,86,65,80,Maharashtra,Sentinel-2 NDVI
2019-11-05,2019-11-12,45.0,2019,P019,21.40900922319803,79.77144948280537,Bhandara,normal,statewide,0.45053231716156006,1,86,65,80,Maharashtra,Sentinel-2 NDVI
2019-11-05,2019-11-12,45.0,2019,P020,21.144196588937042,79.57074980349083,Bhandara,normal,statewide,0.685460090637207,1,86,65,80,Maharashtra,Sentinel-2 NDVI
2019-11-05,2019-11-12,45.0,2019,P021,18.67502288980403,75.52108340877234,Bid,normal,statewide,0.6074125170707703,1,86,65,80,Maharashtra,Sentinel-2 NDVI
2019-11-05,2019-11-12,45.0,2019,P022,18.856499384477168,75.04699178476999,Bid,normal,statewide,0.3572683036327362,1,86,65,80,Maharashtra,Sentinel-2 NDVI
2019-11-05,2019-11-12,45.0,2019,P023,19.126596053486494,75.6175605191647,Bid,normal,statewide,0.7774206399917603,1,86,65,80,Maharashtra,Sentinel-2 NDVI
2019-11-05,2019-11-12,45.0,2019,P024,18.763955201213946,75.90084720909012,Bid,normal,statewide,0.5908776521682739,1,86,65,80,Maharashtra,Sentinel-2 NDVI
2019-11-05,2019-11-12,45.0,2019,P025,20.93073496240753,76.20164478885242,Buldana,normal,statewide,0.7322691082954407,1,86,65,80,Maharashtra,Sentinel-2 NDVI
2019-11-05,2019-11-12,45.0,2019,P026,20.838939908121294,76.39311412898633,Buldana,normal,statewide,0.5065634250640869,1,86,65,80,Maharashtra,Sentinel-2 NDVI
2019-11-05,2019-11-12,45.0,2019,P028,20.47967013624516,76.10222021266374,Buldana,normal,statewide,0.4498797059059143,1,86,65,80,Maharashtra,Sentinel-2 NDVI
2019-11-05,2019-11-12,45.0,2019,P029,20.32317798477448,79.92829390325927,Chandrapur,normal,statewide,0.6702942252159119,1,86,65,80,Maharashtra,Sentinel-2 NDVI
2019-11-05,2019-11-12,45.0,2019,P030,20.60872097983294,79.36304041732026,Chandrapur,normal,statewide,0.7104170322418213,1,86,65,80,Maharashtra,Sentinel-2 NDVI
2019-11-05,2019-11-12,45.0,2019,P031,20.511160307884595,79.64732594588165,Chandrapur,normal,statewide,0.7469584941864014,1,86,65,80,Maharashtra,Sentinel-2 NDVI
2019-11-05,2019-11-12,45.0,2019,P032,20.598621115946884,79.74569817422172,Chandrapur,normal,statewide,0.4424284100532532,1,86,65,80,Maharashtra,Sentinel-2 NDVI
2019-11-05,2019-11-12,45.0,2019,P033,21.38667804512237,75.14422248324037,Dhule,normal,statewide,0.7571306824684143,1,86,65,80,Maharashtra,Sentinel-2 NDVI
2019-11-05,2019-11-12,45.0,2019,P034,21.025151968113196,74.75989256344387,Dhule,normal,statewide,0.6182532906532288,1,86,65,80,Maharashtra,Sentinel-2 NDVI
2019-11-05,2019-11-12,45.0,2019,P035,21.477028350667293,74.85568743137505,Dhule,normal,statewide,0.2526564598083496,1,86,65,80,Maharashtra,Sentinel-2 NDVI
2019-11-05,2019-11-12,45.0,2019,P036,20.933820660336515,74.37533522949364,Dhule,normal,statewide,0.5854577422142029,1,86,65,80,Maharashtra,Sentinel-2 NDVI
2019-11-05,2019-11-12,45.0,2019,P037,19.963056524597132,79.91698116388667,Garhchiroli,normal,statewide,0.7332087755203247,1,86,65,80,Maharashtra,Sentinel-2 NDVI
2019-11-05,2019-11-12,45.0,2019,P038,19.062661462582188,79.88977172925856,Garhchiroli,normal,statewide,0.80184006690979,1,86,65,80,Maharashtra,Sentinel-2 NDVI
2019-11-05,2019-11-12,45.0,2019,P039,19.510270485428137,79.9981368030594,Garhchiroli,normal,statewide,0.6518000960350037,1,86,65,80,Maharashtra,Sentinel-2 NDVI
2019-11-05,2019-11-12,45.0,2019,P040,19.870365190999156,80.00935144220881,Garhchiroli,normal,statewide,0.5293487310409546,1,86,65,80,Maharashtra,Sentinel-2 NDVI
2019-11-05,2019-11-12,45.0,2019,P041,21.127639946725598,80.1465044724107,Gondiya,normal,statewide,0.4387907087802887,1,86,65,80,Maharashtra,Sentinel-2 NDVI
2019-11-05,2019-11-12,45.0,2019,P042,21.397598383602258,80.15591763473452,Gondiya,normal,statewide,0.7236051559448242,1,86,65,80,Maharashtra,Sentinel-2 NDVI
2019-11-05,2019-11-12,45.0,2019,P043,21.574548890706154,80.25847249986273,Gondiya,normal,statewide,0.5088505744934082,1,86,65,80,Maharashtra,Sentinel-2 NDVI
2019-11-05,2019-11-12,45.0,2019,P044,21.211649410572516,80.34153217518526,Gondiya,normal,statewide,0.65308678150177,1,86,65,80,Maharashtra,Sentinel-2 NDVI
2019-11-05,2019-11-12,45.0,2019,P045,19.655900266732623,77.2407892392464,Hingoli,normal,statewide,0.593944787979126,1,86,65,80,Maharashtra,Sentinel-2 NDVI
2019-11-05,2019-11-12,45.0,2019,P047,19.47860194974656,76.9526242927685,Hingoli,normal,statewide,0.3692212402820587,1,86,65,80,Maharashtra,Sentinel-2 NDVI
2019-11-05,2019-11-12,45.0,2019,P048,19.927981235710728,77.14910120338544,Hingoli,normal,statewide,0.5494117736816406,1,86,65,80,Maharashtra,Sentinel-2 NDVI
2019-11-05,2019-11-12,45.0,2019,P049,21.292738163229433,76.10816865346904,Jalgaon,normal,statewide,0.8142387866973877,1,86,65,80,Maharashtra,Sentinel-2 NDVI
2019-11-05,2019-11-12,45.0,2019,P050,21.386178625804387,75.43363151891216,Jalgaon,normal,statewide,0.18138337135314941,1,86,65,80,Maharashtra,Sentinel-2 NDVI
2019-11-05,2019-11-12,45.0,2019,P051,21.112064306745907,76.10682200495089,Jalgaon,normal,statewide,0.8771502375602722,1,86,65,80,Maharashtra,Sentinel-2 NDVI
2019-11-05,2019-11-12,45.0,2019,P052,20.844437979720194,75.23982115072519,Jalgaon,normal,statewide,0.6383700966835022,1,86,65,80,Maharashtra,Sentinel-2 NDVI
2019-11-05,2019-11-12,45.0,2019,P053,19.486369703781666,76.00005328932718,Jalna,normal,statewide,0.6718512177467346,1,86,65,80,Maharashtra,Sentinel-2 NDVI
2019-11-05,2019-11-12,45.0,2019,P054,20.028502750758555,76.00343774702675,Jalna,normal,statewide,0.27104490995407104,1,86,65,80,Maharashtra,Sentinel-2 NDVI
2019-11-05,2019-11-12,45.0,2019,P055,19.75743845682064,76.00172991132328,Jalna,normal,statewide,0.705358624458313,1,86,65,80,Maharashtra,Sentinel-2 NDVI
2019-11-05,2019-11-12,45.0,2019,P056,19.57768317515413,75.80993951591351,Jalna,normal,statewide,0.4536837637424469,1,86,65,80,Maharashtra,Sentinel-2 NDVI
2019-11-05,2019-11-12,45.0,2019,P057,16.776377793156257,74.29671235971928,Kolhapur,normal,statewide,0.5305975675582886,1,86,65,80,Maharashtra,Sentinel-2 NDVI
2019-11-05,2019-11-12,45.0,2019,P058,16.324416687682138,74.29834884980589,Kolhapur,normal,statewide,0.8373109102249146,1,86,65,80,Maharashtra,Sentinel-2 NDVI
2019-11-05,2019-11-12,45.0,2019,P059,16.595891218916975,74.39111598812178,Kolhapur,normal,statewide,0.5906569361686707,1,86,65,80,Maharashtra,Sentinel-2 NDVI
2019-11-05,2019-11-12,45.0,2019,P060,16.414811584237594,74.29802779453004,Kolhapur,normal,statewide,0.2657058835029602,1,86,65,80,Maharashtra,Sentinel-2 NDVI
2019-11-05,2019-11-12,45.0,2019,P086,21.054127206758487,79.56798961993874,Nagpur,normal,statewide,0.048456791788339615,1,86,65,80,Maharashtra,Sentinel-2 NDVI
2019-11-05,2019-11-12,45.0,2019,P087,21.146765031143822,79.47473643960802,Nagpur,normal,statewide,0.4740311801433563,1,86,65,80,Maharashtra,Sentinel-2 NDVI
2019-11-05,2019-11-12,45.0,2019,P089,21.165377318940912,78.70615240473293,Nagpur,normal,statewide,0.5782106518745422,1,86,65,80,Maharashtra,Sentinel-2 NDVI
2019-11-05,2019-11-12,45.0,2019,P090,19.201968238592887,77.42470040309472,Nanded,normal,statewide,0.3888228237628937,1,86,65,80,Maharashtra,Sentinel-2 NDVI
2019-11-05,2019-11-12,45.0,2019,P093,18.93564842817583,77.04115528508362,Nanded,normal,statewide,0.6763474941253662,1,86,65,80,Maharashtra,Sentinel-2 NDVI
2019-11-05,2019-11-12,45.0,2019,P094,21.564917232430716,74.08292967791392,Nandurbar,normal,statewide,0.6557602882385254,1,86,65,80,Maharashtra,Sentinel-2 NDVI
2019-11-05,2019-11-12,45.0,2019,P095,21.5662594218478,74.37266422796263,Nandurbar,normal,statewide,0.7746699452400208,1,86,65,80,Maharashtra,Sentinel-2 NDVI
2019-11-05,2019-11-12,45.0,2019,P096,21.385179787168415,74.27697637845674,Nandurbar,normal,statewide,0.5402085781097412,1,86,65,80,Maharashtra,Sentinel-2 NDVI
2019-11-05,2019-11-12,45.0,2019,P097,21.565421110849755,74.17950488852946,Nandurbar,normal,statewide,0.7112970352172852,1,86,65,80,Maharashtra,Sentinel-2 NDVI
2019-11-05,2019-11-12,45.0,2019,P098,20.299553667393326,73.99482675929994,Nashik,normal,statewide,0.5370237827301025,1,86,65,80,Maharashtra,Sentinel-2 NDVI
2019-11-05,2019-11-12,45.0,2019,P099,20.120253214034264,74.28296495117151,Nashik,normal,statewide,0.3242892026901245,1,86,65,80,Maharashtra,Sentinel-2 NDVI
2019-11-05,2019-11-12,45.0,2019,P100,20.389903972938242,73.99424261706194,Nashik,normal,statewide,0.18955698609352112,1,86,65,80,Maharashtra,Sentinel-2 NDVI
2019-11-05,2019-11-12,45.0,2019,P101,20.029015547379707,74.09216447619562,Nashik,normal,statewide,0.7163037657737732,1,86,65,80,Maharashtra,Sentinel-2 NDVI
2019-11-05,2019-11-12,45.0,2019,P103,17.76644983645705,76.46164605307673,Osmanabad,normal,statewide,0.2671300768852234,1,86,65,80,Maharashtra,Sentinel-2 NDVI
2019-11-05,2019-11-12,45.0,2019,P104,17.949094615606196,76.17989775301476,Osmanabad,normal,statewide,0.450945109128952,1,86,65,80,Maharashtra,Sentinel-2 NDVI
2019-11-05,2019-11-12,45.0,2019,P105,18.584360447185368,75.61558067829696,Osmanabad,normal,statewide,0.4914463460445404,1,86,65,80,Maharashtra,Sentinel-2 NDVI
2019-11-05,2019-11-12,45.0,2019,P106,19.031389786894366,76.47235681380711,Parbhani,normal,statewide,0.7692964673042297,1,86,65,80,Maharashtra,Sentinel-2 NDVI
2019-11-05,2019-11-12,45.0,2019,P107,19.120950831552832,76.56820519095093,Parbhani,normal,statewide,0.6190765500068665,1,86,65,80,Maharashtra,Sentinel-2 NDVI
2019-11-05,2019-11-12,45.0,2019,P108,19.208625676465683,76.85432786914635,Parbhani,normal,statewide,0.5546755790710449,1,86,65,80,Maharashtra,Sentinel-2 NDVI
2019-11-05,2019-11-12,45.0,2019,P109,19.212081479782103,76.47396209018636,Parbhani,normal,statewide,0.49775785207748413,1,86,65,80,Maharashtra,Sentinel-2 NDVI
2019-11-05,2019-11-12,45.0,2019,P110,18.133442771357757,75.04679558432363,Pune,normal,statewide,0.44158002734184265,1,86,65,80,Maharashtra,Sentinel-2 NDVI
2019-11-05,2019-11-12,45.0,2019,P111,18.584645829652782,74.47919215212944,Pune,normal,statewide,0.6936682462692261,1,86,65,80,Maharashtra,Sentinel-2 NDVI
2019-11-05,2019-11-12,45.0,2019,P112,18.132979024848197,74.57507620208169,Pune,normal,statewide,0.49594342708587646,1,86,65,80,Maharashtra,Sentinel-2 NDVI
2019-11-05,2019-11-12,45.0,2019,P113,18.314072036830744,74.76389683618987,Pune,normal,statewide,0.6620563268661499,1,86,65,80,Maharashtra,Sentinel-2 NDVI
2019-11-05,2019-11-12,45.0,2019,P114,18.48503397121986,73.0589238755964,Raigarh,normal,statewide,0.46107056736946106,1,86,65,80,Maharashtra,Sentinel-2 NDVI
2019-11-05,2019-11-12,45.0,2019,P115,18.665689991299164,73.05687714821288,Raigarh,normal,statewide,0.10147134214639664,1,86,65,80,Maharashtra,Sentinel-2 NDVI
2019-11-05,2019-11-12,45.0,2019,P116,18.306197264370358,73.25009891506079,Raigarh,normal,statewide,0.7953129410743713,1,86,65,80,Maharashtra,Sentinel-2 NDVI
2019-11-05,2019-11-12,45.0,2019,P117,18.21404102289879,73.06194714611064,Raigarh,normal,statewide,0.296040415763855,1,86,65,80,Maharashtra,Sentinel-2 NDVI
2019-11-05,2019-11-12,45.0,2019,P118,17.138719885658215,75.42259970290594,Sangli,normal,statewide,0.589824914932251,1,86,65,80,Maharashtra,Sentinel-2 NDVI
2019-11-05,2019-11-12,45.0,2019,P119,17.048761981005992,74.95348443567921,Sangli,normal,statewide,0.16876573860645294,1,86,65,80,Maharashtra,Sentinel-2 NDVI
2019-11-05,2019-11-12,45.0,2019,P120,16.86707144948229,74.39025538161847,Sangli,normal,statewide,0.5819305777549744,1,86,65,80,Maharashtra,Sentinel-2 NDVI
2019-11-05,2019-11-12,45.0,2019,P121,17.048503353144895,74.67157114887826,Sangli,normal,statewide,0.47729021310806274,1,86,65,80,Maharashtra,Sentinel-2 NDVI
2019-11-05,2019-11-12,45.0,2019,P148,17.67852974098626,76.08383979812143,Solapur,normal,statewide,0.5252448916435242,1,86,65,80,Maharashtra,Sentinel-2 NDVI
2019-11-05,2019-11-12,45.0,2019,P149,18.223365003201543,75.4251413905064,Solapur,normal,statewide,0.7858193516731262,1,86,65,80,Maharashtra,Sentinel-2 NDVI
2019-11-05,2019-11-12,45.0,2019,P150,17.952532582518405,75.23562067753285,Solapur,normal,statewide,0.3781835734844208,1,86,65,80,Maharashtra,Sentinel-2 NDVI
2019-11-05,2019-11-12,45.0,2019,P151,18.223690517578447,75.23598186471818,Solapur,normal,statewide,0.5496397614479065,1,86,65,80,Maharashtra,Sentinel-2 NDVI
2019-11-05,2019-11-12,45.0,2019,P156,20.806749657616468,78.60135461177485,Wardha,normal,statewide,0.6304126977920532,1,86,65,80,Maharashtra,Sentinel-2 NDVI
2019-11-05,2019-11-12,45.0,2019,P157,20.71031267913359,78.88671032458906,Wardha,normal,statewide,0.754407525062561,1,86,65,80,Maharashtra,Sentinel-2 NDVI
2019-11-05,2019-11-12,45.0,2019,P159,20.439854822938944,78.87986114537097,Wardha,normal,statewide,0.7088145017623901,1,86,65,80,Maharashtra,Sentinel-2 NDVI
2019-11-05,2019-11-12,45.0,2019,P161,20.464607292886615,77.53975858757677,Washim,normal,statewide,0.3877813518047333,1,86,65,80,Maharashtra,Sentinel-2 NDVI
2019-11-05,2019-11-12,45.0,2019,P164,20.182854533723592,78.20447678161395,Yavatmal,normal,statewide,0.5436984300613403,1,86,65,80,Maharashtra,Sentinel-2 NDVI
2019-11-05,2019-11-12,45.0,2019,P165,19.894658373538324,79.05709703494229,Yavatmal,normal,statewide,0.6669552326202393,1,86,65,80,Maharashtra,Sentinel-2 NDVI
2019-11-05,2019-11-12,45.0,2019,P166,19.468787468327925,77.71426550730338,Yavatmal,normal,statewide,0.5238617658615112,1,86,65,80,Maharashtra,Sentinel-2 NDVI
2019-11-05,2019-11-12,45.0,2019,P167,19.559057510053886,77.71577268345945,Yavatmal,normal,statewide,0.4413132667541504,1,86,65,80,Maharashtra,Sentinel-2 NDVI
2019-11-12,2019-11-19,46.0,2019,P061,18.507855650411397,76.91766048140843,Latur,high,priority,0.5062594413757324,1,78,65,80,Maharashtra,Sentinel-2 NDVI
2019-11-12,2019-11-19,46.0,2019,P062,18.422405896924207,76.3487594508077,Latur,high,priority,0.31412532925605774,1,78,65,80,Maharashtra,Sentinel-2 NDVI
2019-11-12,2019-11-19,46.0,2019,P063,18.235391198742693,77.05646783810116,Latur,high,priority,0.6538764834403992,1,78,65,80,Maharashtra,Sentinel-2 NDVI
2019-11-12,2019-11-19,46.0,2019,P064,18.193056493341274,76.77240080549139,Latur,high,priority,0.7165423631668091,1,78,65,80,Maharashtra,Sentinel-2 NDVI
2019-11-12,2019-11-19,46.0,2019,P065,18.331355512513895,76.44266811899327,Latur,high,priority,0.2978126108646393,1,78,65,80,Maharashtra,Sentinel-2 NDVI
2019-11-12,2019-11-19,46.0,2019,P066,18.104739537876725,76.5352970251765,Latur,high,priority,0.4761543571949005,1,78,65,80,Maharashtra,Sentinel-2 NDVI
2019-11-12,2019-11-19,46.0,2019,P067,18.280552974211986,77.0569984711265,Latur,high,priority,0.6644778847694397,1,78,65,80,Maharashtra,Sentinel-2 NDVI
2019-11-12,2019-11-19,46.0,2019,P068,18.101823285787773,76.86595720469373,Latur,high,priority,0.7053537964820862,1,78,65,80,Maharashtra,Sentinel-2 NDVI
2019-11-12,2019-11-19,46.0,2019,P069,18.595075667016793,77.20284228928156,Latur,high,priority,0.7912792563438416,1,78,65,80,Maharashtra,Sentinel-2 NDVI
2019-11-12,2019-11-19,46.0,2019,P070,18.41499041187233,77.15322587185987,Latur,high,priority,0.6321000456809998,1,78,65,80,Maharashtra,Sentinel-2 NDVI
2019-11-12,2019-11-19,46.0,2019,P071,18.149138807065885,76.63019561379593,Latur,high,priority,0.8568041920661926,1,78,65,80,Maharashtra,Sentinel-2 NDVI
2019-11-12,2019-11-19,46.0,2019,P072,18.283393421583035,76.77331492120734,Latur,high,priority,0.23481719195842743,1,78,65,80,Maharashtra,Sentinel-2 NDVI
2019-11-12,2019-11-19,46.0,2019,P073,17.966315663874607,76.86453029235662,Latur,high,priority,0.550315260887146,1,78,65,80,Maharashtra,Sentinel-2 NDVI
2019-11-12,2019-11-19,46.0,2019,P074,18.50832831512306,76.870318205524,Latur,high,priority,0.30047059059143066,1,78,65,80,Maharashtra,Sentinel-2 NDVI
2019-11-12,2019-11-19,46.0,2019,P075,18.41444640154381,77.20053247493588,Latur,high,priority,0.6824567317962646,1,78,65,80,Maharashtra,Sentinel-2 NDVI
2019-11-12,2019-11-19,46.0,2019,P076,18.377877313804504,76.25376722106614,Latur,high,priority,0.3897680938243866,1,78,65,80,Maharashtra,Sentinel-2 NDVI
2019-11-12,2019-11-19,46.0,2019,P077,18.059564385104267,76.5349046242838,Latur,high,priority,0.3259333074092865,1,78,65,80,Maharashtra,Sentinel-2 NDVI
2019-11-12,2019-11-19,46.0,2019,P078,18.1008824154655,76.96042326051098,Latur,high,priority,0.6998245120048523,1,78,65,80,Maharashtra,Sentinel-2 NDVI
2019-11-12,2019-11-19,46.0,2019,P079,18.73508698099394,76.77797468180819,Latur,high,priority,0.6608369946479797,1,78,65,80,Maharashtra,Sentinel-2 NDVI
2019-11-12,2019-11-19,46.0,2019,P080,18.46791548227568,76.3017694439065,Latur,high,priority,0.33878812193870544,1,78,65,80,Maharashtra,Sentinel-2 NDVI
2019-11-12,2019-11-19,46.0,2019,P081,18.10355787609756,76.67701617485712,Latur,high,priority,0.39624646306037903,1,78,65,80,Maharashtra,Sentinel-2 NDVI
2019-11-12,2019-11-19,46.0,2019,P082,18.23907887531389,76.67830931416262,Latur,high,priority,0.5163493156433105,1,78,65,80,Maharashtra,Sentinel-2 NDVI
2019-11-12,2019-11-19,46.0,2019,P083,18.369289085175563,77.19996171000103,Latur,high,priority,0.48423871397972107,1,78,65,80,Maharashtra,Sentinel-2 NDVI
2019-11-12,2019-11-19,46.0,2019,P084,18.46362582706226,76.82249880582684,Latur,high,priority,0.5801008343696594,1,78,65,80,Maharashtra,Sentinel-2 NDVI
2019-11-12,2019-11-19,46.0,2019,P085,18.14788579966987,76.77194597718393,Latur,high,priority,0.2170102596282959,1,78,65,80,Maharashtra,Sentinel-2 NDVI
2019-11-12,2019-11-19,46.0,2019,P122,17.88145897082753,73.8441448165019,Satara,high,priority,0.16866159439086914,1,78,65,80,Maharashtra,Sentinel-2 NDVI
2019-11-12,2019-11-19,46.0,2019,P126,17.205080227535593,74.13053949986157,Satara,high,priority,0.4674798250198364,1,78,65,80,Maharashtra,Sentinel-2 NDVI
2019-11-12,2019-11-19,46.0,2019,P127,17.65773249367299,74.31694330119876,Satara,high,priority,0.36456650495529175,1,78,65,80,Maharashtra,Sentinel-2 NDVI
2019-11-12,2019-11-19,46.0,2019,P128,18.019949731345452,74.5517328080669,Satara,high,priority,0.5232835412025452,1,78,65,80,Maharashtra,Sentinel-2 NDVI
2019-11-12,2019-11-19,46.0,2019,P129,18.063234225271252,74.03192648006461,Satara,high,priority,0.40927401185035706,1,78,65,80,Maharashtra,Sentinel-2 NDVI
2019-11-12,2019-11-19,46.0,2019,P130,17.61135784271715,74.03436560834085,Satara,high,priority,0.1539379507303238,1,78,65,80,Maharashtra,Sentinel-2 NDVI
2019-11-12,2019-11-19,46.0,2019,P132,17.702176353872684,74.12817617630324,Satara,high,priority,0.3488226532936096,1,78,65,80,Maharashtra,Sentinel-2 NDVI
2019-11-12,2019-11-19,46.0,2019,P135,17.882716437324603,74.0801070669471,Satara,high,priority,0.556586503982544,1,78,65,80,Maharashtra,Sentinel-2 NDVI
2019-11-12,2019-11-19,46.0,2019,P136,17.928520323345598,74.22149178404871,Satara,high,priority,0.49494948983192444,1,78,65,80,Maharashtra,Sentinel-2 NDVI
2019-11-12,2019-11-19,46.0,2019,P140,17.97464080554139,74.50462240543725,Satara,high,priority,0.5473145842552185,1,78,65,80,Maharashtra,Sentinel-2 NDVI
2019-11-12,2019-11-19,46.0,2019,P142,18.064447100757786,74.31538707493111,Satara,high,priority,0.6726319193840027,1,78,65,80,Maharashtra,Sentinel-2 NDVI
2019-11-12,2019-11-19,46.0,2019,P143,17.70379500755509,74.6468275971327,Satara,high,priority,0.18962322175502777,1,78,65,80,Maharashtra,Sentinel-2 NDVI
2019-11-12,2019-11-19,46.0,2019,P144,17.929452275465767,74.50474726026674,Satara,high,priority,0.5510455369949341,1,78,65,80,Maharashtra,Sentinel-2 NDVI
2019-11-12,2019-11-19,46.0,2019,P001,19.940457800458272,74.57045211428928,Ahmednagar,normal,statewide,0.24055415391921997,1,78,65,80,Maharashtra,Sentinel-2 NDVI
2019-11-12,2019-11-19,46.0,2019,P002,18.946729294293643,74.76302285238339,Ahmednagar,normal,statewide,0.3603004813194275,1,78,65,80,Maharashtra,Sentinel-2 NDVI
2019-11-12,2019-11-19,46.0,2019,P003,18.49469238410162,74.66892244285252,Ahmednagar,normal,statewide,-0.1586901694536209,1,78,65,80,Maharashtra,Sentinel-2 NDVI
2019-11-12,2019-11-19,46.0,2019,P004,19.03720445466806,75.1420731965326,Ahmednagar,normal,statewide,0.269982248544693,1,78,65,80,Maharashtra,Sentinel-2 NDVI
2019-11-12,2019-11-19,46.0,2019,P005,20.832153156317954,77.06560453615967,Akola,normal,statewide,0.6933988332748413,1,78,65,80,Maharashtra,Sentinel-2 NDVI
2019-11-12,2019-11-19,46.0,2019,P006,20.834360411339407,76.87349308547405,Akola,normal,statewide,0.6119285225868225,1,78,65,80,Maharashtra,Sentinel-2 NDVI
2019-11-12,2019-11-19,46.0,2019,P007,21.014976299509232,76.87574047240498,Akola,normal,statewide,0.6858326196670532,1,78,65,80,Maharashtra,Sentinel-2 NDVI
2019-11-12,2019-11-19,46.0,2019,P008,20.828434266039377,77.35372489162701,Akola,normal,statewide,0.7243768572807312,1,78,65,80,Maharashtra,Sentinel-2 NDVI
2019-11-12,2019-11-19,46.0,2019,P009,21.360971327549258,77.94039543992572,Amravati,normal,statewide,0.6135120391845703,1,78,65,80,Maharashtra,Sentinel-2 NDVI
2019-11-12,2019-11-19,46.0,2019,P010,21.178803672212837,78.03301542790685,Amravati,normal,statewide,0.5067402124404907,1,78,65,80,Maharashtra,Sentinel-2 NDVI
2019-11-12,2019-11-19,46.0,2019,P011,20.814388097721018,78.21764450702477,Amravati,normal,statewide,0.6670922040939331,1,78,65,80,Maharashtra,Sentinel-2 NDVI
2019-11-12,2019-11-19,46.0,2019,P012,21.180502589714195,77.93681032267875,Amravati,normal,statewide,0.2494659572839737,1,78,65,80,Maharashtra,Sentinel-2 NDVI
2019-11-12,2019-11-19,46.0,2019,P013,20.031289688916964,74.8570519162974,Aurangabad,normal,statewide,0.47493404150009155,1,78,65,80,Maharashtra,Sentinel-2 NDVI
2019-11-12,2019-11-19,46.0,2019,P014,19.760185263069562,75.14270192978114,Aurangabad,normal,statewide,0.6257449388504028,1,78,65,80,Maharashtra,Sentinel-2 NDVI
2019-11-12,2019-11-19,46.0,2019,P015,19.9408189876436,74.76157364454102,Aurangabad,normal,statewide,0.7668347954750061,1,78,65,80,Maharashtra,Sentinel-2 NDVI
2019-11-12,2019-11-19,46.0,2019,P016,19.66981712112043,75.14262166596218,Aurangabad,normal,statewide,0.5861440300941467,1,78,65,80,Maharashtra,Sentinel-2 NDVI
2019-11-12,2019-11-19,46.0,2019,P017,21.04613203856966,79.85576216552393,Bhandara,normal,statewide,0.5080756545066833,1,78,65,80,Maharashtra,Sentinel-2 NDVI
2019-11-12,2019-11-19,46.0,2019,P018,21.31897105472685,79.76852877161537,Bhandara,normal,statewide,0.4304526746273041,1,78,65,80,Maharashtra,Sentinel-2 NDVI
2019-11-12,2019-11-19,46.0,2019,P019,21.40900922319803,79.77144948280537,Bhandara,normal,statewide,0.287918359041214,1,78,65,80,Maharashtra,Sentinel-2 NDVI
2019-11-12,2019-11-19,46.0,2019,P020,21.144196588937042,79.57074980349083,Bhandara,normal,statewide,0.44926923513412476,1,78,65,80,Maharashtra,Sentinel-2 NDVI
2019-11-12,2019-11-19,46.0,2019,P021,18.67502288980403,75.52108340877234,Bid,normal,statewide,0.5377969741821289,1,78,65,80,Maharashtra,Sentinel-2 NDVI
2019-11-12,2019-11-19,46.0,2019,P022,18.856499384477168,75.04699178476999,Bid,normal,statewide,0.3107626438140869,1,78,65,80,Maharashtra,Sentinel-2 NDVI
2019-11-12,2019-11-19,46.0,2019,P023,19.126596053486494,75.6175605191647,Bid,normal,statewide,0.7362775802612305,1,78,65,80,Maharashtra,Sentinel-2 NDVI
2019-11-12,2019-11-19,46.0,2019,P024,18.763955201213946,75.90084720909012,Bid,normal,statewide,0.5750848054885864,1,78,65,80,Maharashtra,Sentinel-2 NDVI
2019-11-12,2019-11-19,46.0,2019,P025,20.93073496240753,76.20164478885242,Buldana,normal,statewide,0.6840226054191589,1,78,65,80,Maharashtra,Sentinel-2 NDVI
2019-11-12,2019-11-19,46.0,2019,P026,20.838939908121294,76.39311412898633,Buldana,normal,statewide,0.49900028109550476,1,78,65,80,Maharashtra,Sentinel-2 NDVI
2019-11-12,2019-11-19,46.0,2019,P027,20.657476790751314,76.48742857536776,Buldana,normal,statewide,0.5068672299385071,1,78,65,80,Maharashtra,Sentinel-2 NDVI
2019-11-12,2019-11-19,46.0,2019,P028,20.47967013624516,76.10222021266374,Buldana,normal,statewide,0.5079533457756042,1,78,65,80,Maharashtra,Sentinel-2 NDVI
2019-11-12,2019-11-19,46.0,2019,P029,20.32317798477448,79.92829390325927,Chandrapur,normal,statewide,0.6440579891204834,1,78,65,80,Maharashtra,Sentinel-2 NDVI
2019-11-12,2019-11-19,46.0,2019,P030,20.60872097983294,79.36304041732026,Chandrapur,normal,statewide,0.5616127252578735,1,78,65,80,Maharashtra,Sentinel-2 NDVI
2019-11-12,2019-11-19,46.0,2019,P031,20.511160307884595,79.64732594588165,Chandrapur,normal,statewide,0.5733966827392578,1,78,65,80,Maharashtra,Sentinel-2 NDVI
2019-11-12,2019-11-19,46.0,2019,P032,20.598621115946884,79.74569817422172,Chandrapur,normal,statewide,0.3868945837020874,1,78,65,80,Maharashtra,Sentinel-2 NDVI
2019-11-12,2019-11-19,46.0,2019,P033,21.38667804512237,75.14422248324037,Dhule,normal,statewide,0.7269293069839478,1,78,65,80,Maharashtra,Sentinel-2 NDVI
2019-11-12,2019-11-19,46.0,2019,P034,21.025151968113196,74.75989256344387,Dhule,normal,statewide,0.5965486168861389,1,78,65,80,Maharashtra,Sentinel-2 NDVI
2019-11-12,2019-11-19,46.0,2019,P035,21.477028350667293,74.85568743137505,Dhule,normal,statewide,0.32319390773773193,1,78,65,80,Maharashtra,Sentinel-2 NDVI
2019-11-12,2019-11-19,46.0,2019,P036,20.933820660336515,74.37533522949364,Dhule,normal,statewide,0.5290265083312988,1,78,65,80,Maharashtra,Sentinel-2 NDVI
2019-11-12,2019-11-19,46.0,2019,P037,19.963056524597132,79.91698116388667,Garhchiroli,normal,statewide,0.7417921423912048,1,78,65,80,Maharashtra,Sentinel-2 NDVI
2019-11-12,2019-11-19,46.0,2019,P038,19.062661462582188,79.88977172925856,Garhchiroli,normal,statewide,0.7855444550514221,1,78,65,80,Maharashtra,Sentinel-2 NDVI
2019-11-12,2019-11-19,46.0,2019,P039,19.510270485428137,79.9981368030594,Garhchiroli,normal,statewide,0.5678847432136536,1,78,65,80,Maharashtra,Sentinel-2 NDVI
2019-11-12,2019-11-19,46.0,2019,P040,19.870365190999156,80.00935144220881,Garhchiroli,normal,statewide,0.467695951461792,1,78,65,80,Maharashtra,Sentinel-2 NDVI
2019-11-12,2019-11-19,46.0,2019,P041,21.127639946725598,80.1465044724107,Gondiya,normal,statewide,0.32767829298973083,1,78,65,80,Maharashtra,Sentinel-2 NDVI
2019-11-12,2019-11-19,46.0,2019,P042,21.397598383602258,80.15591763473452,Gondiya,normal,statewide,0.7214191555976868,1,78,65,80,Maharashtra,Sentinel-2 NDVI
2019-11-12,2019-11-19,46.0,2019,P043,21.574548890706154,80.25847249986273,Gondiya,normal,statewide,0.4532005786895752,1,78,65,80,Maharashtra,Sentinel-2 NDVI
2019-11-12,2019-11-19,46.0,2019,P044,21.211649410572516,80.34153217518526,Gondiya,normal,statewide,0.5414012670516968,1,78,65,80,Maharashtra,Sentinel-2 NDVI
2019-11-12,2019-11-19,46.0,2019,P045,19.655900266732623,77.2407892392464,Hingoli,normal,statewide,0.8090081810951233,1,78,65,80,Maharashtra,Sentinel-2 NDVI
2019-11-12,2019-11-19,46.0,2019,P046,19.566758377573187,77.1442675378435,Hingoli,normal,statewide,0.7112177014350891,1,78,65,80,Maharashtra,Sentinel-2 NDVI
2019-11-12,2019-11-19,46.0,2019,P047,19.47860194974656,76.9526242927685,Hingoli,normal,statewide,0.6129240393638611,1,78,65,80,Maharashtra,Sentinel-2 NDVI
2019-11-12,2019-11-19,46.0,2019,P048,19.927981235710728,77.14910120338544,Hingoli,normal,statewide,0.5758363008499146,1,78,65,80,Maharashtra,Sentinel-2 NDVI
2019-11-12,2019-11-19,46.0,2019,P049,21.292738163229433,76.10816865346904,Jalgaon,normal,statewide,0.8181818127632141,1,78,65,80,Maharashtra,Sentinel-2 NDVI
2019-11-12,2019-11-19,46.0,2019,P050,21.386178625804387,75.43363151891216,Jalgaon,normal,statewide,0.10601719468832016,1,78,65,80,Maharashtra,Sentinel-2 NDVI
2019-11-12,2019-11-19,46.0,2019,P051,21.112064306745907,76.10682200495089,Jalgaon,normal,statewide,0.8772169351577759,1,78,65,80,Maharashtra,Sentinel-2 NDVI
2019-11-12,2019-11-19,46.0,2019,P052,20.844437979720194,75.23982115072519,Jalgaon,normal,statewide,0.5744975805282593,1,78,65,80,Maharashtra,Sentinel-2 NDVI
2019-11-12,2019-11-19,46.0,2019,P053,19.486369703781666,76.00005328932718,Jalna,normal,statewide,0.6475803852081299,1,78,65,80,Maharashtra,Sentinel-2 NDVI
2019-11-12,2019-11-19,46.0,2019,P054,20.028502750758555,76.00343774702675,Jalna,normal,statewide,0.24237918853759766,1,78,65,80,Maharashtra,Sentinel-2 NDVI
2019-11-12,2019-11-19,46.0,2019,P055,19.75743845682064,76.00172991132328,Jalna,normal,statewide,0.6175375580787659,1,78,65,80,Maharashtra,Sentinel-2 NDVI
2019-11-12,2019-11-19,46.0,2019,P056,19.57768317515413,75.80993951591351,Jalna,normal,statewide,0.4287150502204895,1,78,65,80,Maharashtra,Sentinel-2 NDVI
2019-11-12,2019-11-19,46.0,2019,P086,21.054127206758487,79.56798961993874,Nagpur,normal,statewide,0.14136125147342682,1,78,65,80,Maharashtra,Sentinel-2 NDVI
2019-11-12,2019-11-19,46.0,2019,P087,21.146765031143822,79.47473643960802,Nagpur,normal,statewide,0.39906102418899536,1,78,65,80,Maharashtra,Sentinel-2 NDVI
2019-11-12,2019-11-19,46.0,2019,P088,21.347803602138427,78.61442869606356,Nagpur,normal,statewide,0.8152788281440735,1,78,65,80,Maharashtra,Sentinel-2 NDVI
2019-11-12,2019-11-19,46.0,2019,P089,21.165377318940912,78.70615240473293,Nagpur,normal,statewide,0.540816605091095,1,78,65,80,Maharashtra,Sentinel-2 NDVI
2019-11-12,2019-11-19,46.0,2019,P090,19.201968238592887,77.42470040309472,Nanded,normal,statewide,0.38087940216064453,1,78,65,80,Maharashtra,Sentinel-2 NDVI
2019-11-12,2019-11-19,46.0,2019,P091,18.566038000956755,77.69963965584807,Nanded,normal,statewide,0.2693187892436981,1,78,65,80,Maharashtra,Sentinel-2 NDVI
2019-11-12,2019-11-19,46.0,2019,P092,19.736596618496833,77.90946265591798,Nanded,normal,statewide,0.720363438129425,1,78,65,80,Maharashtra,Sentinel-2 NDVI
2019-11-12,2019-11-19,46.0,2019,P093,18.93564842817583,77.04115528508362,Nanded,normal,statewide,0.7441030740737915,1,78,65,80,Maharashtra,Sentinel-2 NDVI
2019-11-12,2019-11-19,46.0,2019,P094,21.564917232430716,74.08292967791392,Nandurbar,normal,statewide,0.6168681979179382,1,78,65,80,Maharashtra,Sentinel-2 NDVI
2019-11-12,2019-11-19,46.0,2019,P095,21.5662594218478,74.37266422796263,Nandurbar,normal,statewide,0.7338820099830627,1,78,65,80,Maharashtra,Sentinel-2 NDVI
2019-11-12,2019-11-19,46.0,2019,P096,21.385179787168415,74.27697637845674,Nandurbar,normal,statewide,0.5368281602859497,1,78,65,80,Maharashtra,Sentinel-2 NDVI
2019-11-12,2019-11-19,46.0,2019,P097,21.565421110849755,74.17950488852946,Nandurbar,normal,statewide,0.6572890281677246,1,78,65,80,Maharashtra,Sentinel-2 NDVI
2019-11-12,2019-11-19,46.0,2019,P098,20.299553667393326,73.99482675929994,Nashik,normal,statewide,0.47104477882385254,1,78,65,80,Maharashtra,Sentinel-2 NDVI
2019-11-12,2019-11-19,46.0,2019,P099,20.120253214034264,74.28296495117151,Nashik,normal,statewide,0.3486088514328003,1,78,65,80,Maharashtra,Sentinel-2 NDVI
2019-11-12,2019-11-19,46.0,2019,P100,20.389903972938242,73.99424261706194,Nashik,normal,statewide,0.19009216129779816,1,78,65,80,Maharashtra,Sentinel-2 NDVI
2019-11-12,2019-11-19,46.0,2019,P101,20.029015547379707,74.09216447619562,Nashik,normal,statewide,0.6434409618377686,1,78,65,80,Maharashtra,Sentinel-2 NDVI
2019-11-12,2019-11-19,46.0,2019,P102,17.85749130266526,76.36802722645965,Osmanabad,normal,statewide,0.33778202533721924,1,78,65,80,Maharashtra,Sentinel-2 NDVI
2019-11-12,2019-11-19,46.0,2019,P103,17.76644983645705,76.46164605307673,Osmanabad,normal,statewide,0.24722710251808167,1,78,65,80,Maharashtra,Sentinel-2 NDVI
2019-11-12,2019-11-19,46.0,2019,P104,17.949094615606196,76.17989775301476,Osmanabad,normal,statewide,0.40112003684043884,1,78,65,80,Maharashtra,Sentinel-2 NDVI
2019-11-12,2019-11-19,46.0,2019,P105,18.584360447185368,75.61558067829696,Osmanabad,normal,statewide,0.3970322012901306,1,78,65,80,Maharashtra,Sentinel-2 NDVI
2019-11-12,2019-11-19,46.0,2019,P106,19.031389786894366,76.47235681380711,Parbhani,normal,statewide,0.6311860084533691,1,78,65,80,Maharashtra,Sentinel-2 NDVI
2019-11-12,2019-11-19,46.0,2019,P107,19.120950831552832,76.56820519095093,Parbhani,normal,statewide,0.49090468883514404,1,78,65,80,Maharashtra,Sentinel-2 NDVI
2019-11-12,2019-11-19,46.0,2019,P108,19.208625676465683,76.85432786914635,Parbhani,normal,statewide,0.4194110035896301,1,78,65,80,Maharashtra,Sentinel-2 NDVI
2019-11-12,2019-11-19,46.0,2019,P109,19.212081479782103,76.47396209018636,Parbhani,normal,statewide,0.474826455116272,1,78,65,80,Maharashtra,Sentinel-2 NDVI
2019-11-12,2019-11-19,46.0,2019,P110,18.133442771357757,75.04679558432363,Pune,normal,statewide,0.43051663041114807,1,78,65,80,Maharashtra,Sentinel-2 NDVI
2019-11-12,2019-11-19,46.0,2019,P111,18.584645829652782,74.47919215212944,Pune,normal,statewide,0.7471497058868408,1,78,65,80,Maharashtra,Sentinel-2 NDVI
2019-11-12,2019-11-19,46.0,2019,P112,18.132979024848197,74.57507620208169,Pune,normal,statewide,0.45167651772499084,1,78,65,80,Maharashtra,Sentinel-2 NDVI
2019-11-12,2019-11-19,46.0,2019,P113,18.314072036830744,74.76389683618987,Pune,normal,statewide,0.715979814529419,1,78,65,80,Maharashtra,Sentinel-2 NDVI
2019-11-12,2019-11-19,46.0,2019,P114,18.48503397121986,73.0589238755964,Raigarh,normal,statewide,0.4753088653087616,1,78,65,80,Maharashtra,Sentinel-2 NDVI
2019-11-12,2019-11-19,46.0,2019,P115,18.665689991299164,73.05687714821288,Raigarh,normal,statewide,0.038836438208818436,1,78,65,80,Maharashtra,Sentinel-2 NDVI
2019-11-12,2019-11-19,46.0,2019,P116,18.306197264370358,73.25009891506079,Raigarh,normal,statewide,0.8197487592697144,1,78,65,80,Maharashtra,Sentinel-2 NDVI
2019-11-12,2019-11-19,46.0,2019,P117,18.21404102289879,73.06194714611064,Raigarh,normal,statewide,0.31939560174942017,1,78,65,80,Maharashtra,Sentinel-2 NDVI
2019-11-12,2019-11-19,46.0,2019,P118,17.138719885658215,75.42259970290594,Sangli,normal,statewide,0.5191757678985596,1,78,65,80,Maharashtra,Sentinel-2 NDVI
2019-11-12,2019-11-19,46.0,2019,P119,17.048761981005992,74.95348443567921,Sangli,normal,statewide,0.15486381947994232,1,78,65,80,Maharashtra,Sentinel-2 NDVI
2019-11-12,2019-11-19,46.0,2019,P148,17.67852974098626,76.08383979812143,Solapur,normal,statewide,0.3565000593662262,1,78,65,80,Maharashtra,Sentinel-2 NDVI
2019-11-12,2019-11-19,46.0,2019,P151,18.223690517578447,75.23598186471818,Solapur,normal,statewide,0.43589743971824646,1,78,65,80,Maharashtra,Sentinel-2 NDVI
2019-11-12,2019-11-19,46.0,2019,P152,19.658178867370932,72.94986318203122,Thane,normal,statewide,0.474387526512146,1,78,65,80,Maharashtra,Sentinel-2 NDVI
2019-11-12,2019-11-19,46.0,2019,P153,19.65706409210757,72.8545320606096,Thane,normal,statewide,0.4557109475135803,1,78,65,80,Maharashtra,Sentinel-2 NDVI
2019-11-12,2019-11-19,46.0,2019,P154,19.477549601897948,72.95214624177059,Thane,normal,statewide,0.3263157904148102,1,78,65,80,Maharashtra,Sentinel-2 NDVI
2019-11-12,2019-11-19,46.0,2019,P155,19.83987385799569,73.0429959666335,Thane,normal,statewide,0.34831464290618896,1,78,65,80,Maharashtra,Sentinel-2 NDVI
2019-11-12,2019-11-19,46.0,2019,P156,20.806749657616468,78.60135461177485,Wardha,normal,statewide,0.6317330002784729,1,78,65,80,Maharashtra,Sentinel-2 NDVI
2019-11-12,2019-11-19,46.0,2019,P157,20.71031267913359,78.88671032458906,Wardha,normal,statewide,0.7366331219673157,1,78,65,80,Maharashtra,Sentinel-2 NDVI
2019-11-12,2019-11-19,46.0,2019,P158,21.081265295769754,78.41565980750515,Wardha,normal,statewide,0.7648248076438904,1,78,65,80,Maharashtra,Sentinel-2 NDVI
2019-11-12,2019-11-19,46.0,2019,P159,20.439854822938944,78.87986114537097,Wardha,normal,statewide,0.711762011051178,1,78,65,80,Maharashtra,Sentinel-2 NDVI
2019-11-12,2019-11-19,46.0,2019,P160,20.289186257444058,77.15404188735265,Washim,normal,statewide,0.6573382019996643,1,78,65,80,Maharashtra,Sentinel-2 NDVI
2019-11-12,2019-11-19,46.0,2019,P161,20.464607292886615,77.53975858757677,Washim,normal,statewide,0.725577712059021,1,78,65,80,Maharashtra,Sentinel-2 NDVI
2019-11-12,2019-11-19,46.0,2019,P162,20.107393166596125,77.2471479173486,Washim,normal,statewide,0.6698818802833557,1,78,65,80,Maharashtra,Sentinel-2 NDVI
2019-11-12,2019-11-19,46.0,2019,P163,20.198885002010726,77.1527933390577,Washim,normal,statewide,0.5041022300720215,1,78,65,80,Maharashtra,Sentinel-2 NDVI
2019-11-12,2019-11-19,46.0,2019,P164,20.182854533723592,78.20447678161395,Yavatmal,normal,statewide,0.49669933319091797,1,78,65,80,Maharashtra,Sentinel-2 NDVI
2019-11-12,2019-11-19,46.0,2019,P165,19.894658373538324,79.05709703494229,Yavatmal,normal,statewide,0.6980491876602173,1,78,65,80,Maharashtra,Sentinel-2 NDVI
2019-11-12,2019-11-19,46.0,2019,P166,19.468787468327925,77.71426550730338,Yavatmal,normal,statewide,0.6896907091140747,1,78,65,80,Maharashtra,Sentinel-2 NDVI
2019-11-12,2019-11-19,46.0,2019,P167,19.559057510053886,77.71577268345945,Yavatmal,normal,statewide,0.5607295036315918,1,78,65,80,Maharashtra,Sentinel-2 NDVI
2019-11-19,2019-11-26,47.0,2019,P061,18.507855650411397,76.91766048140843,Latur,high,priority,0.5156676769256592,1,68,65,80,Maharashtra,Sentinel-2 NDVI
2019-11-19,2019-11-26,47.0,2019,P062,18.422405896924207,76.3487594508077,Latur,high,priority,0.327160507440567,1,68,65,80,Maharashtra,Sentinel-2 NDVI
2019-11-19,2019-11-26,47.0,2019,P063,18.235391198742693,77.05646783810116,Latur,high,priority,0.631909191608429,1,68,65,80,Maharashtra,Sentinel-2 NDVI
2019-11-19,2019-11-26,47.0,2019,P064,18.193056493341274,76.77240080549139,Latur,high,priority,0.6981757879257202,1,68,65,80,Maharashtra,Sentinel-2 NDVI
2019-11-19,2019-11-26,47.0,2019,P065,18.331355512513895,76.44266811899327,Latur,high,priority,0.3367139995098114,1,68,65,80,Maharashtra,Sentinel-2 NDVI
2019-11-19,2019-11-26,47.0,2019,P066,18.104739537876725,76.5352970251765,Latur,high,priority,0.3586497902870178,1,68,65,80,Maharashtra,Sentinel-2 NDVI
2019-11-19,2019-11-26,47.0,2019,P067,18.280552974211986,77.0569984711265,Latur,high,priority,0.7094017267227173,1,68,65,80,Maharashtra,Sentinel-2 NDVI
2019-11-19,2019-11-26,47.0,2019,P068,18.101823285787773,76.86595720469373,Latur,high,priority,0.7376705408096313,1,68,65,80,Maharashtra,Sentinel-2 NDVI
2019-11-19,2019-11-26,47.0,2019,P069,18.595075667016793,77.20284228928156,Latur,high,priority,0.7846615314483643,1,68,65,80,Maharashtra,Sentinel-2 NDVI
2019-11-19,2019-11-26,47.0,2019,P070,18.41499041187233,77.15322587185987,Latur,high,priority,0.4381231665611267,1,68,65,80,Maharashtra,Sentinel-2 NDVI
2019-11-19,2019-11-26,47.0,2019,P071,18.149138807065885,76.63019561379593,Latur,high,priority,0.8465632200241089,1,68,65,80,Maharashtra,Sentinel-2 NDVI
2019-11-19,2019-11-26,47.0,2019,P072,18.283393421583035,76.77331492120734,Latur,high,priority,0.16853933036327362,1,68,65,80,Maharashtra,Sentinel-2 NDVI
2019-11-19,2019-11-26,47.0,2019,P073,17.966315663874607,76.86453029235662,Latur,high,priority,0.5003431439399719,1,68,65,80,Maharashtra,Sentinel-2 NDVI
2019-11-19,2019-11-26,47.0,2019,P074,18.50832831512306,76.870318205524,Latur,high,priority,0.3054393231868744,1,68,65,80,Maharashtra,Sentinel-2 NDVI
2019-11-19,2019-11-26,47.0,2019,P075,18.41444640154381,77.20053247493588,Latur,high,priority,0.6654545664787292,1,68,65,80,Maharashtra,Sentinel-2 NDVI
2019-11-19,2019-11-26,47.0,2019,P076,18.377877313804504,76.25376722106614,Latur,high,priority,0.28678593039512634,1,68,65,80,Maharashtra,Sentinel-2 NDVI
2019-11-19,2019-11-26,47.0,2019,P077,18.059564385104267,76.5349046242838,Latur,high,priority,0.36228272318840027,1,68,65,80,Maharashtra,Sentinel-2 NDVI
2019-11-19,2019-11-26,47.0,2019,P078,18.1008824154655,76.96042326051098,Latur,high,priority,0.7359393239021301,1,68,65,80,Maharashtra,Sentinel-2 NDVI
2019-11-19,2019-11-26,47.0,2019,P079,18.73508698099394,76.77797468180819,Latur,high,priority,0.6648952960968018,1,68,65,80,Maharashtra,Sentinel-2 NDVI
2019-11-19,2019-11-26,47.0,2019,P080,18.46791548227568,76.3017694439065,Latur,high,priority,0.25654885172843933,1,68,65,80,Maharashtra,Sentinel-2 NDVI
2019-11-19,2019-11-26,47.0,2019,P081,18.10355787609756,76.67701617485712,Latur,high,priority,0.3717484474182129,1,68,65,80,Maharashtra,Sentinel-2 NDVI
2019-11-19,2019-11-26,47.0,2019,P082,18.23907887531389,76.67830931416262,Latur,high,priority,0.47538772225379944,1,68,65,80,Maharashtra,Sentinel-2 NDVI
2019-11-19,2019-11-26,47.0,2019,P083,18.369289085175563,77.19996171000103,Latur,high,priority,0.4463768005371094,1,68,65,80,Maharashtra,Sentinel-2 NDVI
2019-11-19,2019-11-26,47.0,2019,P084,18.46362582706226,76.82249880582684,Latur,high,priority,0.6081714630126953,1,68,65,80,Maharashtra,Sentinel-2 NDVI
2019-11-19,2019-11-26,47.0,2019,P085,18.14788579966987,76.77194597718393,Latur,high,priority,0.2157549262046814,1,68,65,80,Maharashtra,Sentinel-2 NDVI
2019-11-19,2019-11-26,47.0,2019,P124,17.43262815429294,74.647353771057,Satara,high,priority,0.16899441182613373,1,68,65,80,Maharashtra,Sentinel-2 NDVI
2019-11-19,2019-11-26,47.0,2019,P126,17.205080227535593,74.13053949986157,Satara,high,priority,0.43755072355270386,1,68,65,80,Maharashtra,Sentinel-2 NDVI
2019-11-19,2019-11-26,47.0,2019,P129,18.063234225271252,74.03192648006461,Satara,high,priority,0.16422200202941895,1,68,65,80,Maharashtra,Sentinel-2 NDVI
2019-11-19,2019-11-26,47.0,2019,P135,17.882716437324603,74.0801070669471,Satara,high,priority,0.2577671408653259,1,68,65,80,Maharashtra,Sentinel-2 NDVI
2019-11-19,2019-11-26,47.0,2019,P139,17.656773786946495,74.08126197411994,Satara,high,priority,0.2406698316335678,1,68,65,80,Maharashtra,Sentinel-2 NDVI
2019-11-19,2019-11-26,47.0,2019,P141,17.430826677467348,74.08239904488856,Satara,high,priority,0.46331143379211426,1,68,65,80,Maharashtra,Sentinel-2 NDVI
2019-11-19,2019-11-26,47.0,2019,P143,17.70379500755509,74.6468275971327,Satara,high,priority,0.1530054658651352,1,68,65,80,Maharashtra,Sentinel-2 NDVI
2019-11-19,2019-11-26,47.0,2019,P145,17.47773196144854,74.60017202281048,Satara,high,priority,0.125,1,68,65,80,Maharashtra,Sentinel-2 NDVI
2019-11-19,2019-11-26,47.0,2019,P001,19.940457800458272,74.57045211428928,Ahmednagar,normal,statewide,0.25456497073173523,1,68,65,80,Maharashtra,Sentinel-2 NDVI
2019-11-19,2019-11-26,47.0,2019,P002,18.946729294293643,74.76302285238339,Ahmednagar,normal,statewide,0.3072933256626129,1,68,65,80,Maharashtra,Sentinel-2 NDVI
2019-11-19,2019-11-26,47.0,2019,P003,18.49469238410162,74.66892244285252,Ahmednagar,normal,statewide,0.12140575051307678,1,68,65,80,Maharashtra,Sentinel-2 NDVI
2019-11-19,2019-11-26,47.0,2019,P005,20.832153156317954,77.06560453615967,Akola,normal,statewide,0.7135193347930908,1,68,65,80,Maharashtra,Sentinel-2 NDVI
2019-11-19,2019-11-26,47.0,2019,P006,20.834360411339407,76.87349308547405,Akola,normal,statewide,0.6013824939727783,1,68,65,80,Maharashtra,Sentinel-2 NDVI
2019-11-19,2019-11-26,47.0,2019,P007,21.014976299509232,76.87574047240498,Akola,normal,statewide,0.673342764377594,1,68,65,80,Maharashtra,Sentinel-2 NDVI
2019-11-19,2019-11-26,47.0,2019,P008,20.828434266039377,77.35372489162701,Akola,normal,statewide,0.7268112301826477,1,68,65,80,Maharashtra,Sentinel-2 NDVI
2019-11-19,2019-11-26,47.0,2019,P009,21.360971327549258,77.94039543992572,Amravati,normal,statewide,0.5538709163665771,1,68,65,80,Maharashtra,Sentinel-2 NDVI
2019-11-19,2019-11-26,47.0,2019,P010,21.178803672212837,78.03301542790685,Amravati,normal,statewide,0.45317918062210083,1,68,65,80,Maharashtra,Sentinel-2 NDVI
2019-11-19,2019-11-26,47.0,2019,P011,20.814388097721018,78.21764450702477,Amravati,normal,statewide,0.6348559856414795,1,68,65,80,Maharashtra,Sentinel-2 NDVI
2019-11-19,2019-11-26,47.0,2019,P012,21.180502589714195,77.93681032267875,Amravati,normal,statewide,0.20216964185237885,1,68,65,80,Maharashtra,Sentinel-2 NDVI
2019-11-19,2019-11-26,47.0,2019,P013,20.031289688916964,74.8570519162974,Aurangabad,normal,statewide,0.41364675760269165,1,68,65,80,Maharashtra,Sentinel-2 NDVI
2019-11-19,2019-11-26,47.0,2019,P014,19.760185263069562,75.14270192978114,Aurangabad,normal,statewide,0.4746285378932953,1,68,65,80,Maharashtra,Sentinel-2 NDVI
2019-11-19,2019-11-26,47.0,2019,P015,19.9408189876436,74.76157364454102,Aurangabad,normal,statewide,0.6282615065574646,1,68,65,80,Maharashtra,Sentinel-2 NDVI
2019-11-19,2019-11-26,47.0,2019,P016,19.66981712112043,75.14262166596218,Aurangabad,normal,statewide,0.25694915652275085,1,68,65,80,Maharashtra,Sentinel-2 NDVI
2019-11-19,2019-11-26,47.0,2019,P017,21.04613203856966,79.85576216552393,Bhandara,normal,statewide,0.3906143605709076,1,68,65,80,Maharashtra,Sentinel-2 NDVI
2019-11-19,2019-11-26,47.0,2019,P018,21.31897105472685,79.76852877161537,Bhandara,normal,statewide,0.30516666173934937,1,68,65,80,Maharashtra,Sentinel-2 NDVI
2019-11-19,2019-11-26,47.0,2019,P019,21.40900922319803,79.77144948280537,Bhandara,normal,statewide,0.3870985209941864,1,68,65,80,Maharashtra,Sentinel-2 NDVI
2019-11-19,2019-11-26,47.0,2019,P020,21.144196588937042,79.57074980349083,Bhandara,normal,statewide,0.3498271405696869,1,68,65,80,Maharashtra,Sentinel-2 NDVI
2019-11-19,2019-11-26,47.0,2019,P023,19.126596053486494,75.6175605191647,Bid,normal,statewide,0.5217521786689758,1,68,65,80,Maharashtra,Sentinel-2 NDVI
2019-11-19,2019-11-26,47.0,2019,P024,18.763955201213946,75.90084720909012,Bid,normal,statewide,0.49797528982162476,1,68,65,80,Maharashtra,Sentinel-2 NDVI
2019-11-19,2019-11-26,47.0,2019,P025,20.93073496240753,76.20164478885242,Buldana,normal,statewide,0.6318960189819336,1,68,65,80,Maharashtra,Sentinel-2 NDVI
2019-11-19,2019-11-26,47.0,2019,P026,20.838939908121294,76.39311412898633,Buldana,normal,statewide,0.48376524448394775,1,68,65,80,Maharashtra,Sentinel-2 NDVI
2019-11-19,2019-11-26,47.0,2019,P027,20.657476790751314,76.48742857536776,Buldana,normal,statewide,0.4912436902523041,1,68,65,80,Maharashtra,Sentinel-2 NDVI
2019-11-19,2019-11-26,47.0,2019,P028,20.47967013624516,76.10222021266374,Buldana,normal,statewide,0.4147688150405884,1,68,65,80,Maharashtra,Sentinel-2 NDVI
2019-11-19,2019-11-26,47.0,2019,P029,20.32317798477448,79.92829390325927,Chandrapur,normal,statewide,0.637978196144104,1,68,65,80,Maharashtra,Sentinel-2 NDVI
2019-11-19,2019-11-26,47.0,2019,P030,20.60872097983294,79.36304041732026,Chandrapur,normal,statewide,0.356591135263443,1,68,65,80,Maharashtra,Sentinel-2 NDVI
2019-11-19,2019-11-26,47.0,2019,P031,20.511160307884595,79.64732594588165,Chandrapur,normal,statewide,0.45020803809165955,1,68,65,80,Maharashtra,Sentinel-2 NDVI
2019-11-19,2019-11-26,47.0,2019,P032,20.598621115946884,79.74569817422172,Chandrapur,normal,statewide,0.3381328880786896,1,68,65,80,Maharashtra,Sentinel-2 NDVI
2019-11-19,2019-11-26,47.0,2019,P033,21.38667804512237,75.14422248324037,Dhule,normal,statewide,0.7345997095108032,1,68,65,80,Maharashtra,Sentinel-2 NDVI
2019-11-19,2019-11-26,47.0,2019,P034,21.025151968113196,74.75989256344387,Dhule,normal,statewide,0.6077247858047485,1,68,65,80,Maharashtra,Sentinel-2 NDVI
2019-11-19,2019-11-26,47.0,2019,P035,21.477028350667293,74.85568743137505,Dhule,normal,statewide,0.3005025088787079,1,68,65,80,Maharashtra,Sentinel-2 NDVI
2019-11-19,2019-11-26,47.0,2019,P036,20.933820660336515,74.37533522949364,Dhule,normal,statewide,0.47388535737991333,1,68,65,80,Maharashtra,Sentinel-2 NDVI
2019-11-19,2019-11-26,47.0,2019,P037,19.963056524597132,79.91698116388667,Garhchiroli,normal,statewide,0.705374538898468,1,68,65,80,Maharashtra,Sentinel-2 NDVI
2019-11-19,2019-11-26,47.0,2019,P038,19.062661462582188,79.88977172925856,Garhchiroli,normal,statewide,0.7500550150871277,1,68,65,80,Maharashtra,Sentinel-2 NDVI
2019-11-19,2019-11-26,47.0,2019,P039,19.510270485428137,79.9981368030594,Garhchiroli,normal,statewide,0.5403077006340027,1,68,65,80,Maharashtra,Sentinel-2 NDVI
2019-11-19,2019-11-26,47.0,2019,P040,19.870365190999156,80.00935144220881,Garhchiroli,normal,statewide,0.4191511571407318,1,68,65,80,Maharashtra,Sentinel-2 NDVI
2019-11-19,2019-11-26,47.0,2019,P041,21.127639946725598,80.1465044724107,Gondiya,normal,statewide,0.21768707036972046,1,68,65,80,Maharashtra,Sentinel-2 NDVI
2019-11-19,2019-11-26,47.0,2019,P043,21.574548890706154,80.25847249986273,Gondiya,normal,statewide,0.4147166609764099,1,68,65,80,Maharashtra,Sentinel-2 NDVI
2019-11-19,2019-11-26,47.0,2019,P044,21.211649410572516,80.34153217518526,Gondiya,normal,statewide,0.4523865878582001,1,68,65,80,Maharashtra,Sentinel-2 NDVI
2019-11-19,2019-11-26,47.0,2019,P045,19.655900266732623,77.2407892392464,Hingoli,normal,statewide,0.8125145435333252,1,68,65,80,Maharashtra,Sentinel-2 NDVI
2019-11-19,2019-11-26,47.0,2019,P046,19.566758377573187,77.1442675378435,Hingoli,normal,statewide,0.6662803888320923,1,68,65,80,Maharashtra,Sentinel-2 NDVI
2019-11-19,2019-11-26,47.0,2019,P047,19.47860194974656,76.9526242927685,Hingoli,normal,statewide,0.5132566690444946,1,68,65,80,Maharashtra,Sentinel-2 NDVI
2019-11-19,2019-11-26,47.0,2019,P048,19.927981235710728,77.14910120338544,Hingoli,normal,statewide,0.5518777966499329,1,68,65,80,Maharashtra,Sentinel-2 NDVI
2019-11-19,2019-11-26,47.0,2019,P049,21.292738163229433,76.10816865346904,Jalgaon,normal,statewide,0.7938891649246216,1,68,65,80,Maharashtra,Sentinel-2 NDVI
2019-11-19,2019-11-26,47.0,2019,P050,21.386178625804387,75.43363151891216,Jalgaon,normal,statewide,0.12078239768743515,1,68,65,80,Maharashtra,Sentinel-2 NDVI
2019-11-19,2019-11-26,47.0,2019,P051,21.112064306745907,76.10682200495089,Jalgaon,normal,statewide,0.8846945762634277,1,68,65,80,Maharashtra,Sentinel-2 NDVI
2019-11-19,2019-11-26,47.0,2019,P052,20.844437979720194,75.23982115072519,Jalgaon,normal,statewide,0.6074125170707703,1,68,65,80,Maharashtra,Sentinel-2 NDVI
2019-11-19,2019-11-26,47.0,2019,P053,19.486369703781666,76.00005328932718,Jalna,normal,statewide,0.6215285062789917,1,68,65,80,Maharashtra,Sentinel-2 NDVI
2019-11-19,2019-11-26,47.0,2019,P054,20.028502750758555,76.00343774702675,Jalna,normal,statewide,0.12568016350269318,1,68,65,80,Maharashtra,Sentinel-2 NDVI
2019-11-19,2019-11-26,47.0,2019,P055,19.75743845682064,76.00172991132328,Jalna,normal,statewide,0.6322630047798157,1,68,65,80,Maharashtra,Sentinel-2 NDVI
2019-11-19,2019-11-26,47.0,2019,P056,19.57768317515413,75.80993951591351,Jalna,normal,statewide,0.44242873787879944,1,68,65,80,Maharashtra,Sentinel-2 NDVI
2019-11-19,2019-11-26,47.0,2019,P057,16.776377793156257,74.29671235971928,Kolhapur,normal,statewide,0.2369747906923294,1,68,65,80,Maharashtra,Sentinel-2 NDVI
2019-11-19,2019-11-26,47.0,2019,P058,16.324416687682138,74.29834884980589,Kolhapur,normal,statewide,0.5734767317771912,1,68,65,80,Maharashtra,Sentinel-2 NDVI
2019-11-19,2019-11-26,47.0,2019,P060,16.414811584237594,74.29802779453004,Kolhapur,normal,statewide,0.27222442626953125,1,68,65,80,Maharashtra,Sentinel-2 NDVI
2019-11-19,2019-11-26,47.0,2019,P086,21.054127206758487,79.56798961993874,Nagpur,normal,statewide,0.1740986704826355,1,68,65,80,Maharashtra,Sentinel-2 NDVI
2019-11-19,2019-11-26,47.0,2019,P087,21.146765031143822,79.47473643960802,Nagpur,normal,statewide,0.47013160586357117,1,68,65,80,Maharashtra,Sentinel-2 NDVI
2019-11-19,2019-11-26,47.0,2019,P088,21.347803602138427,78.61442869606356,Nagpur,normal,statewide,0.8146053552627563,1,68,65,80,Maharashtra,Sentinel-2 NDVI
2019-11-19,2019-11-26,47.0,2019,P089,21.165377318940912,78.70615240473293,Nagpur,normal,statewide,0.4927743077278137,1,68,65,80,Maharashtra,Sentinel-2 NDVI
2019-11-19,2019-11-26,47.0,2019,P090,19.201968238592887,77.42470040309472,Nanded,normal,statewide,0.25711098313331604,1,68,65,80,Maharashtra,Sentinel-2 NDVI
2019-11-19,2019-11-26,47.0,2019,P091,18.566038000956755,77.69963965584807,Nanded,normal,statewide,0.11208515614271164,1,68,65,80,Maharashtra,Sentinel-2 NDVI
2019-11-19,2019-11-26,47.0,2019,P092,19.736596618496833,77.90946265591798,Nanded,normal,statewide,0.706658124923706,1,68,65,80,Maharashtra,Sentinel-2 NDVI
2019-11-19,2019-11-26,47.0,2019,P093,18.93564842817583,77.04115528508362,Nanded,normal,statewide,0.6888583302497864,1,68,65,80,Maharashtra,Sentinel-2 NDVI
2019-11-19,2019-11-26,47.0,2019,P094,21.564917232430716,74.08292967791392,Nandurbar,normal,statewide,0.6448812484741211,1,68,65,80,Maharashtra,Sentinel-2 NDVI
2019-11-19,2019-11-26,47.0,2019,P095,21.5662594218478,74.37266422796263,Nandurbar,normal,statewide,0.7922682762145996,1,68,65,80,Maharashtra,Sentinel-2 NDVI
2019-11-19,2019-11-26,47.0,2019,P096,21.385179787168415,74.27697637845674,Nandurbar,normal,statewide,0.5417559146881104,1,68,65,80,Maharashtra,Sentinel-2 NDVI
2019-11-19,2019-11-26,47.0,2019,P097,21.565421110849755,74.17950488852946,Nandurbar,normal,statewide,0.7419354915618896,1,68,65,80,Maharashtra,Sentinel-2 NDVI
2019-11-19,2019-11-26,47.0,2019,P098,20.299553667393326,73.99482675929994,Nashik,normal,statewide,0.4801362156867981,1,68,65,80,Maharashtra,Sentinel-2 NDVI
2019-11-19,2019-11-26,47.0,2019,P099,20.120253214034264,74.28296495117151,Nashik,normal,statewide,0.2957148849964142,1,68,65,80,Maharashtra,Sentinel-2 NDVI
2019-11-19,2019-11-26,47.0,2019,P100,20.389903972938242,73.99424261706194,Nashik,normal,statewide,0.18010471761226654,1,68,65,80,Maharashtra,Sentinel-2 NDVI
2019-11-19,2019-11-26,47.0,2019,P101,20.029015547379707,74.09216447619562,Nashik,normal,statewide,0.638446569442749,1,68,65,80,Maharashtra,Sentinel-2 NDVI
2019-11-19,2019-11-26,47.0,2019,P102,17.85749130266526,76.36802722645965,Osmanabad,normal,statewide,0.32259082794189453,1,68,65,80,Maharashtra,Sentinel-2 NDVI
2019-11-19,2019-11-26,47.0,2019,P103,17.76644983645705,76.46164605307673,Osmanabad,normal,statewide,0.29311394691467285,1,68,65,80,Maharashtra,Sentinel-2 NDVI
2019-11-19,2019-11-26,47.0,2019,P104,17.949094615606196,76.17989775301476,Osmanabad,normal,statewide,0.34269005060195923,1,68,65,80,Maharashtra,Sentinel-2 NDVI
2019-11-19,2019-11-26,47.0,2019,P105,18.584360447185368,75.61558067829696,Osmanabad,normal,statewide,0.4355453848838806,1,68,65,80,Maharashtra,Sentinel-2 NDVI
2019-11-19,2019-11-26,47.0,2019,P106,19.031389786894366,76.47235681380711,Parbhani,normal,statewide,0.6977567672729492,1,68,65,80,Maharashtra,Sentinel-2 NDVI
2019-11-19,2019-11-26,47.0,2019,P107,19.120950831552832,76.56820519095093,Parbhani,normal,statewide,0.4631083309650421,1,68,65,80,Maharashtra,Sentinel-2 NDVI
2019-11-19,2019-11-26,47.0,2019,P108,19.208625676465683,76.85432786914635,Parbhani,normal,statewide,0.3142857253551483,1,68,65,80,Maharashtra,Sentinel-2 NDVI
2019-11-19,2019-11-26,47.0,2019,P109,19.212081479782103,76.47396209018636,Parbhani,normal,statewide,0.4696485698223114,1,68,65,80,Maharashtra,Sentinel-2 NDVI
2019-11-19,2019-11-26,47.0,2019,P111,18.584645829652782,74.47919215212944,Pune,normal,statewide,0.3882230222225189,1,68,65,80,Maharashtra,Sentinel-2 NDVI
2019-11-19,2019-11-26,47.0,2019,P113,18.314072036830744,74.76389683618987,Pune,normal,statewide,0.37385690212249756,1,68,65,80,Maharashtra,Sentinel-2 NDVI
2019-11-19,2019-11-26,47.0,2019,P114,18.48503397121986,73.0589238755964,Raigarh,normal,statewide,0.422484427690506,1,68,65,80,Maharashtra,Sentinel-2 NDVI
2019-11-19,2019-11-26,47.0,2019,P115,18.665689991299164,73.05687714821288,Raigarh,normal,statewide,-0.0033764909021556377,1,68,65,80,Maharashtra,Sentinel-2 NDVI
2019-11-19,2019-11-26,47.0,2019,P116,18.306197264370358,73.25009891506079,Raigarh,normal,statewide,0.7193122506141663,1,68,65,80,Maharashtra,Sentinel-2 NDVI
2019-11-19,2019-11-26,47.0,2019,P117,18.21404102289879,73.06194714611064,Raigarh,normal,statewide,0.3183223009109497,1,68,65,80,Maharashtra,Sentinel-2 NDVI
2019-11-19,2019-11-26,47.0,2019,P118,17.138719885658215,75.42259970290594,Sangli,normal,statewide,0.5337902307510376,1,68,65,80,Maharashtra,Sentinel-2 NDVI
2019-11-19,2019-11-26,47.0,2019,P119,17.048761981005992,74.95348443567921,Sangli,normal,statewide,0.1907847374677658,1,68,65,80,Maharashtra,Sentinel-2 NDVI
2019-11-19,2019-11-26,47.0,2019,P121,17.048503353144895,74.67157114887826,Sangli,normal,statewide,0.331240177154541,1,68,65,80,Maharashtra,Sentinel-2 NDVI
2019-11-19,2019-11-26,47.0,2019,P148,17.67852974098626,76.08383979812143,Solapur,normal,statewide,0.4548002779483795,1,68,65,80,Maharashtra,Sentinel-2 NDVI
2019-11-19,2019-11-26,47.0,2019,P151,18.223690517578447,75.23598186471818,Solapur,normal,statewide,0.3510506749153137,1,68,65,80,Maharashtra,Sentinel-2 NDVI
2019-11-19,2019-11-26,47.0,2019,P152,19.658178867370932,72.94986318203122,Thane,normal,statewide,0.39609673619270325,1,68,65,80,Maharashtra,Sentinel-2 NDVI
2019-11-19,2019-11-26,47.0,2019,P153,19.65706409210757,72.8545320606096,Thane,normal,statewide,0.44305315613746643,1,68,65,80,Maharashtra,Sentinel-2 NDVI
2019-11-19,2019-11-26,47.0,2019,P154,19.477549601897948,72.95214624177059,Thane,normal,statewide,0.21490396559238434,1,68,65,80,Maharashtra,Sentinel-2 NDVI
2019-11-19,2019-11-26,47.0,2019,P155,19.83987385799569,73.0429959666335,Thane,normal,statewide,0.4167190492153168,1,68,65,80,Maharashtra,Sentinel-2 NDVI
2019-11-19,2019-11-26,47.0,2019,P156,20.806749657616468,78.60135461177485,Wardha,normal,statewide,0.6163098216056824,1,68,65,80,Maharashtra,Sentinel-2 NDVI
2019-11-19,2019-11-26,47.0,2019,P157,20.71031267913359,78.88671032458906,Wardha,normal,statewide,0.7294088006019592,1,68,65,80,Maharashtra,Sentinel-2 NDVI
2019-11-19,2019-11-26,47.0,2019,P158,21.081265295769754,78.41565980750515,Wardha,normal,statewide,0.7077463269233704,1,68,65,80,Maharashtra,Sentinel-2 NDVI
2019-11-19,2019-11-26,47.0,2019,P159,20.439854822938944,78.87986114537097,Wardha,normal,statewide,0.7243815660476685,1,68,65,80,Maharashtra,Sentinel-2 NDVI
2019-11-19,2019-11-26,47.0,2019,P160,20.289186257444058,77.15404188735265,Washim,normal,statewide,0.6778678894042969,1,68,65,80,Maharashtra,Sentinel-2 NDVI
2019-11-19,2019-11-26,47.0,2019,P161,20.464607292886615,77.53975858757677,Washim,normal,statewide,0.7004504799842834,1,68,65,80,Maharashtra,Sentinel-2 NDVI
2019-11-19,2019-11-26,47.0,2019,P162,20.107393166596125,77.2471479173486,Washim,normal,statewide,0.594536304473877,1,68,65,80,Maharashtra,Sentinel-2 NDVI
2019-11-19,2019-11-26,47.0,2019,P163,20.198885002010726,77.1527933390577,Washim,normal,statewide,0.44540831446647644,1,68,65,80,Maharashtra,Sentinel-2 NDVI
2019-11-19,2019-11-26,47.0,2019,P164,20.182854533723592,78.20447678161395,Yavatmal,normal,statewide,0.45335882902145386,1,68,65,80,Maharashtra,Sentinel-2 NDVI
2019-11-19,2019-11-26,47.0,2019,P165,19.894658373538324,79.05709703494229,Yavatmal,normal,statewide,0.6521063446998596,1,68,65,80,Maharashtra,Sentinel-2 NDVI
2019-11-19,2019-11-26,47.0,2019,P166,19.468787468327925,77.71426550730338,Yavatmal,normal,statewide,0.6613995432853699,1,68,65,80,Maharashtra,Sentinel-2 NDVI
2019-11-19,2019-11-26,47.0,2019,P167,19.559057510053886,77.71577268345945,Yavatmal,normal,statewide,0.49832573533058167,1,68,65,80,Maharashtra,Sentinel-2 NDVI
2019-11-26,2019-12-03,48.0,2019,P147,17.927231643141155,73.94769852026607,Satara,case_study,case_study,0.5961835980415344,1,71,65,80,Maharashtra,Sentinel-2 NDVI
2019-11-26,2019-12-03,48.0,2019,P061,18.507855650411397,76.91766048140843,Latur,high,priority,0.5146583318710327,1,71,65,80,Maharashtra,Sentinel-2 NDVI
2019-11-26,2019-12-03,48.0,2019,P062,18.422405896924207,76.3487594508077,Latur,high,priority,0.2254941463470459,1,71,65,80,Maharashtra,Sentinel-2 NDVI
2019-11-26,2019-12-03,48.0,2019,P063,18.235391198742693,77.05646783810116,Latur,high,priority,0.6127744317054749,1,71,65,80,Maharashtra,Sentinel-2 NDVI
2019-11-26,2019-12-03,48.0,2019,P064,18.193056493341274,76.77240080549139,Latur,high,priority,0.6816037893295288,1,71,65,80,Maharashtra,Sentinel-2 NDVI
2019-11-26,2019-12-03,48.0,2019,P065,18.331355512513895,76.44266811899327,Latur,high,priority,0.34680503606796265,1,71,65,80,Maharashtra,Sentinel-2 NDVI
2019-11-26,2019-12-03,48.0,2019,P066,18.104739537876725,76.5352970251765,Latur,high,priority,0.42553192377090454,1,71,65,80,Maharashtra,Sentinel-2 NDVI
2019-11-26,2019-12-03,48.0,2019,P067,18.280552974211986,77.0569984711265,Latur,high,priority,0.6740370988845825,1,71,65,80,Maharashtra,Sentinel-2 NDVI
2019-11-26,2019-12-03,48.0,2019,P068,18.101823285787773,76.86595720469373,Latur,high,priority,0.7460317611694336,1,71,65,80,Maharashtra,Sentinel-2 NDVI
2019-11-26,2019-12-03,48.0,2019,P069,18.595075667016793,77.20284228928156,Latur,high,priority,0.8002038598060608,1,71,65,80,Maharashtra,Sentinel-2 NDVI
2019-11-26,2019-12-03,48.0,2019,P070,18.41499041187233,77.15322587185987,Latur,high,priority,0.43135136365890503,1,71,65,80,Maharashtra,Sentinel-2 NDVI
2019-11-26,2019-12-03,48.0,2019,P071,18.149138807065885,76.63019561379593,Latur,high,priority,0.8608530163764954,1,71,65,80,Maharashtra,Sentinel-2 NDVI
2019-11-26,2019-12-03,48.0,2019,P072,18.283393421583035,76.77331492120734,Latur,high,priority,0.1686650663614273,1,71,65,80,Maharashtra,Sentinel-2 NDVI
2019-11-26,2019-12-03,48.0,2019,P073,17.966315663874607,76.86453029235662,Latur,high,priority,0.4447806477546692,1,71,65,80,Maharashtra,Sentinel-2 NDVI
2019-11-26,2019-12-03,48.0,2019,P074,18.50832831512306,76.870318205524,Latur,high,priority,0.39390453696250916,1,71,65,80,Maharashtra,Sentinel-2 NDVI
2019-11-26,2019-12-03,48.0,2019,P075,18.41444640154381,77.20053247493588,Latur,high,priority,0.645345151424408,1,71,65,80,Maharashtra,Sentinel-2 NDVI
2019-11-26,2019-12-03,48.0,2019,P076,18.377877313804504,76.25376722106614,Latur,high,priority,0.26241135597229004,1,71,65,80,Maharashtra,Sentinel-2 NDVI
2019-11-26,2019-12-03,48.0,2019,P077,18.059564385104267,76.5349046242838,Latur,high,priority,0.24225996434688568,1,71,65,80,Maharashtra,Sentinel-2 NDVI
2019-11-26,2019-12-03,48.0,2019,P078,18.1008824154655,76.96042326051098,Latur,high,priority,0.7638543844223022,1,71,65,80,Maharashtra,Sentinel-2 NDVI
2019-11-26,2019-12-03,48.0,2019,P079,18.73508698099394,76.77797468180819,Latur,high,priority,0.6538839936256409,1,71,65,80,Maharashtra,Sentinel-2 NDVI
2019-11-26,2019-12-03,48.0,2019,P080,18.46791548227568,76.3017694439065,Latur,high,priority,0.267100989818573,1,71,65,80,Maharashtra,Sentinel-2 NDVI
2019-11-26,2019-12-03,48.0,2019,P081,18.10355787609756,76.67701617485712,Latur,high,priority,0.3475375473499298,1,71,65,80,Maharashtra,Sentinel-2 NDVI
2019-11-26,2019-12-03,48.0,2019,P082,18.23907887531389,76.67830931416262,Latur,high,priority,0.43389713764190674,1,71,65,80,Maharashtra,Sentinel-2 NDVI
2019-11-26,2019-12-03,48.0,2019,P083,18.369289085175563,77.19996171000103,Latur,high,priority,0.4140035808086395,1,71,65,80,Maharashtra,Sentinel-2 NDVI
2019-11-26,2019-12-03,48.0,2019,P084,18.46362582706226,76.82249880582684,Latur,high,priority,0.5683655738830566,1,71,65,80,Maharashtra,Sentinel-2 NDVI
2019-11-26,2019-12-03,48.0,2019,P085,18.14788579966987,76.77194597718393,Latur,high,priority,0.19954128563404083,1,71,65,80,Maharashtra,Sentinel-2 NDVI
2019-11-26,2019-12-03,48.0,2019,P122,17.88145897082753,73.8441448165019,Satara,high,priority,0.23750218749046326,1,71,65,80,Maharashtra,Sentinel-2 NDVI
2019-11-26,2019-12-03,48.0,2019,P123,17.386414030975025,74.27088970551878,Satara,high,priority,0.31033065915107727,1,71,65,80,Maharashtra,Sentinel-2 NDVI
2019-11-26,2019-12-03,48.0,2019,P124,17.43262815429294,74.647353771057,Satara,high,priority,0.24220703542232513,1,71,65,80,Maharashtra,Sentinel-2 NDVI
2019-11-26,2019-12-03,48.0,2019,P125,17.56734651531964,74.31728219287884,Satara,high,priority,0.22648277878761292,1,71,65,80,Maharashtra,Sentinel-2 NDVI
2019-11-26,2019-12-03,48.0,2019,P126,17.205080227535593,74.13053949986157,Satara,high,priority,0.45528095960617065,1,71,65,80,Maharashtra,Sentinel-2 NDVI
2019-11-26,2019-12-03,48.0,2019,P127,17.65773249367299,74.31694330119876,Satara,high,priority,0.40736839175224304,1,71,65,80,Maharashtra,Sentinel-2 NDVI
2019-11-26,2019-12-03,48.0,2019,P128,18.019949731345452,74.5517328080669,Satara,high,priority,0.3462184965610504,1,71,65,80,Maharashtra,Sentinel-2 NDVI
2019-11-26,2019-12-03,48.0,2019,P129,18.063234225271252,74.03192648006461,Satara,high,priority,0.36595597863197327,1,71,65,80,Maharashtra,Sentinel-2 NDVI
2019-11-26,2019-12-03,48.0,2019,P130,17.61135784271715,74.03436560834085,Satara,high,priority,0.28941693902015686,1,71,65,80,Maharashtra,Sentinel-2 NDVI
2019-11-26,2019-12-03,48.0,2019,P131,17.612539504496315,74.3171127470388,Satara,high,priority,0.6504896879196167,1,71,65,80,Maharashtra,Sentinel-2 NDVI
2019-11-26,2019-12-03,48.0,2019,P132,17.702176353872684,74.12817617630324,Satara,high,priority,0.1659180372953415,1,71,65,80,Maharashtra,Sentinel-2 NDVI
2019-11-26,2019-12-03,48.0,2019,P133,17.25006363896275,74.08329532420031,Satara,high,priority,0.48534268140792847,1,71,65,80,Maharashtra,Sentinel-2 NDVI
2019-11-26,2019-12-03,48.0,2019,P134,17.476429903940936,74.17634784498362,Satara,high,priority,0.6110360026359558,1,71,65,80,Maharashtra,Sentinel-2 NDVI
2019-11-26,2019-12-03,48.0,2019,P135,17.882716437324603,74.0801070669471,Satara,high,priority,0.6734992861747742,1,71,65,80,Maharashtra,Sentinel-2 NDVI
2019-11-26,2019-12-03,48.0,2019,P136,17.928520323345598,74.22149178404871,Satara,high,priority,0.4717099368572235,1,71,65,80,Maharashtra,Sentinel-2 NDVI
2019-11-26,2019-12-03,48.0,2019,P137,17.746687100588183,73.98648378122894,Satara,high,priority,0.5155641436576843,1,71,65,80,Maharashtra,Sentinel-2 NDVI
2019-11-26,2019-12-03,48.0,2019,P138,17.61269557303319,74.36423652697161,Satara,high,priority,0.20913884043693542,1,71,65,80,Maharashtra,Sentinel-2 NDVI
2019-11-26,2019-12-03,48.0,2019,P139,17.656773786946495,74.08126197411994,Satara,high,priority,0.31917110085487366,1,71,65,80,Maharashtra,Sentinel-2 NDVI
2019-11-26,2019-12-03,48.0,2019,P140,17.97464080554139,74.50462240543725,Satara,high,priority,0.5823678970336914,1,71,65,80,Maharashtra,Sentinel-2 NDVI
2019-11-26,2019-12-03,48.0,2019,P141,17.430826677467348,74.08239904488856,Satara,high,priority,0.603833019733429,1,71,65,80,Maharashtra,Sentinel-2 NDVI
2019-11-26,2019-12-03,48.0,2019,P142,18.064447100757786,74.31538707493111,Satara,high,priority,0.588269054889679,1,71,65,80,Maharashtra,Sentinel-2 NDVI
2019-11-26,2019-12-03,48.0,2019,P143,17.70379500755509,74.6468275971327,Satara,high,priority,0.24415208399295807,1,71,65,80,Maharashtra,Sentinel-2 NDVI
2019-11-26,2019-12-03,48.0,2019,P144,17.929452275465767,74.50474726026674,Satara,high,priority,0.6706904768943787,1,71,65,80,Maharashtra,Sentinel-2 NDVI
2019-11-26,2019-12-03,48.0,2019,P145,17.47773196144854,74.60017202281048,Satara,high,priority,0.32004985213279724,1,71,65,80,Maharashtra,Sentinel-2 NDVI
2019-11-26,2019-12-03,48.0,2019,P146,17.839182233739812,74.55218763637436,Satara,high,priority,0.48522770404815674,1,71,65,80,Maharashtra,Sentinel-2 NDVI
2019-11-26,2019-12-03,48.0,2019,P001,19.940457800458272,74.57045211428928,Ahmednagar,normal,statewide,0.369184285402298,1,71,65,80,Maharashtra,Sentinel-2 NDVI
2019-11-26,2019-12-03,48.0,2019,P004,19.03720445466806,75.1420731965326,Ahmednagar,normal,statewide,0.28816622495651245,1,71,65,80,Maharashtra,Sentinel-2 NDVI
2019-11-26,2019-12-03,48.0,2019,P005,20.832153156317954,77.06560453615967,Akola,normal,statewide,0.7605109214782715,1,71,65,80,Maharashtra,Sentinel-2 NDVI
2019-11-26,2019-12-03,48.0,2019,P006,20.834360411339407,76.87349308547405,Akola,normal,statewide,0.6014341115951538,1,71,65,80,Maharashtra,Sentinel-2 NDVI
2019-11-26,2019-12-03,48.0,2019,P007,21.014976299509232,76.87574047240498,Akola,normal,statewide,0.7141223549842834,1,71,65,80,Maharashtra,Sentinel-2 NDVI
2019-11-26,2019-12-03,48.0,2019,P008,20.828434266039377,77.35372489162701,Akola,normal,statewide,0.7230162620544434,1,71,65,80,Maharashtra,Sentinel-2 NDVI
2019-11-26,2019-12-03,48.0,2019,P009,21.360971327549258,77.94039543992572,Amravati,normal,statewide,0.5372403860092163,1,71,65,80,Maharashtra,Sentinel-2 NDVI
2019-11-26,2019-12-03,48.0,2019,P010,21.178803672212837,78.03301542790685,Amravati,normal,statewide,0.4251207709312439,1,71,65,80,Maharashtra,Sentinel-2 NDVI
2019-11-26,2019-12-03,48.0,2019,P011,20.814388097721018,78.21764450702477,Amravati,normal,statewide,0.6297065615653992,1,71,65,80,Maharashtra,Sentinel-2 NDVI
2019-11-26,2019-12-03,48.0,2019,P012,21.180502589714195,77.93681032267875,Amravati,normal,statewide,0.2316136509180069,1,71,65,80,Maharashtra,Sentinel-2 NDVI
2019-11-26,2019-12-03,48.0,2019,P013,20.031289688916964,74.8570519162974,Aurangabad,normal,statewide,0.47740915417671204,1,71,65,80,Maharashtra,Sentinel-2 NDVI
2019-11-26,2019-12-03,48.0,2019,P014,19.760185263069562,75.14270192978114,Aurangabad,normal,statewide,0.5455607771873474,1,71,65,80,Maharashtra,Sentinel-2 NDVI
2019-11-26,2019-12-03,48.0,2019,P015,19.9408189876436,74.76157364454102,Aurangabad,normal,statewide,0.6816037893295288,1,71,65,80,Maharashtra,Sentinel-2 NDVI
2019-11-26,2019-12-03,48.0,2019,P016,19.66981712112043,75.14262166596218,Aurangabad,normal,statewide,0.2412746548652649,1,71,65,80,Maharashtra,Sentinel-2 NDVI
2019-11-26,2019-12-03,48.0,2019,P017,21.04613203856966,79.85576216552393,Bhandara,normal,statewide,0.3798525929450989,1,71,65,80,Maharashtra,Sentinel-2 NDVI
2019-11-26,2019-12-03,48.0,2019,P018,21.31897105472685,79.76852877161537,Bhandara,normal,statewide,0.28270581364631653,1,71,65,80,Maharashtra,Sentinel-2 NDVI
2019-11-26,2019-12-03,48.0,2019,P019,21.40900922319803,79.77144948280537,Bhandara,normal,statewide,0.3710777759552002,1,71,65,80,Maharashtra,Sentinel-2 NDVI
2019-11-26,2019-12-03,48.0,2019,P020,21.144196588937042,79.57074980349083,Bhandara,normal,statewide,0.31173184514045715,1,71,65,80,Maharashtra,Sentinel-2 NDVI
2019-11-26,2019-12-03,48.0,2019,P021,18.67502288980403,75.52108340877234,Bid,normal,statewide,0.7390744686126709,1,71,65,80,Maharashtra,Sentinel-2 NDVI
2019-11-26,2019-12-03,48.0,2019,P022,18.856499384477168,75.04699178476999,Bid,normal,statewide,0.36077389121055603,1,71,65,80,Maharashtra,Sentinel-2 NDVI
2019-11-26,2019-12-03,48.0,2019,P023,19.126596053486494,75.6175605191647,Bid,normal,statewide,0.6458942294120789,1,71,65,80,Maharashtra,Sentinel-2 NDVI
2019-11-26,2019-12-03,48.0,2019,P024,18.763955201213946,75.90084720909012,Bid,normal,statewide,0.5934674739837646,1,71,65,80,Maharashtra,Sentinel-2 NDVI
2019-11-26,2019-12-03,48.0,2019,P025,20.93073496240753,76.20164478885242,Buldana,normal,statewide,0.6501352787017822,1,71,65,80,Maharashtra,Sentinel-2 NDVI
2019-11-26,2019-12-03,48.0,2019,P026,20.838939908121294,76.39311412898633,Buldana,normal,statewide,0.4856453835964203,1,71,65,80,Maharashtra,Sentinel-2 NDVI
2019-11-26,2019-12-03,48.0,2019,P027,20.657476790751314,76.48742857536776,Buldana,normal,statewide,0.4729064106941223,1,71,65,80,Maharashtra,Sentinel-2 NDVI
2019-11-26,2019-12-03,48.0,2019,P028,20.47967013624516,76.10222021266374,Buldana,normal,statewide,0.4633333384990692,1,71,65,80,Maharashtra,Sentinel-2 NDVI
2019-11-26,2019-12-03,48.0,2019,P029,20.32317798477448,79.92829390325927,Chandrapur,normal,statewide,0.5941605567932129,1,71,65,80,Maharashtra,Sentinel-2 NDVI
2019-11-26,2019-12-03,48.0,2019,P030,20.60872097983294,79.36304041732026,Chandrapur,normal,statewide,0.3255240321159363,1,71,65,80,Maharashtra,Sentinel-2 NDVI
2019-11-26,2019-12-03,48.0,2019,P031,20.511160307884595,79.64732594588165,Chandrapur,normal,statewide,0.34356164932250977,1,71,65,80,Maharashtra,Sentinel-2 NDVI
2019-11-26,2019-12-03,48.0,2019,P032,20.598621115946884,79.74569817422172,Chandrapur,normal,statewide,0.3623693287372589,1,71,65,80,Maharashtra,Sentinel-2 NDVI
2019-11-26,2019-12-03,48.0,2019,P033,21.38667804512237,75.14422248324037,Dhule,normal,statewide,0.7145844101905823,1,71,65,80,Maharashtra,Sentinel-2 NDVI
2019-11-26,2019-12-03,48.0,2019,P034,21.025151968113196,74.75989256344387,Dhule,normal,statewide,0.5951393246650696,1,71,65,80,Maharashtra,Sentinel-2 NDVI
2019-11-26,2019-12-03,48.0,2019,P035,21.477028350667293,74.85568743137505,Dhule,normal,statewide,0.3018913269042969,1,71,65,80,Maharashtra,Sentinel-2 NDVI
2019-11-26,2019-12-03,48.0,2019,P036,20.933820660336515,74.37533522949364,Dhule,normal,statewide,0.35952064394950867,1,71,65,80,Maharashtra,Sentinel-2 NDVI
2019-11-26,2019-12-03,48.0,2019,P037,19.963056524597132,79.91698116388667,Garhchiroli,normal,statewide,0.7098419070243835,1,71,65,80,Maharashtra,Sentinel-2 NDVI
2019-11-26,2019-12-03,48.0,2019,P038,19.062661462582188,79.88977172925856,Garhchiroli,normal,statewide,0.739130437374115,1,71,65,80,Maharashtra,Sentinel-2 NDVI
2019-11-26,2019-12-03,48.0,2019,P039,19.510270485428137,79.9981368030594,Garhchiroli,normal,statewide,0.6370510458946228,1,71,65,80,Maharashtra,Sentinel-2 NDVI
2019-11-26,2019-12-03,48.0,2019,P040,19.870365190999156,80.00935144220881,Garhchiroli,normal,statewide,0.43924835324287415,1,71,65,80,Maharashtra,Sentinel-2 NDVI
2019-11-26,2019-12-03,48.0,2019,P041,21.127639946725598,80.1465044724107,Gondiya,normal,statewide,0.21964912116527557,1,71,65,80,Maharashtra,Sentinel-2 NDVI
2019-11-26,2019-12-03,48.0,2019,P042,21.397598383602258,80.15591763473452,Gondiya,normal,statewide,0.6193404197692871,1,71,65,80,Maharashtra,Sentinel-2 NDVI
2019-11-26,2019-12-03,48.0,2019,P043,21.574548890706154,80.25847249986273,Gondiya,normal,statewide,0.41549092531204224,1,71,65,80,Maharashtra,Sentinel-2 NDVI
2019-11-26,2019-12-03,48.0,2019,P044,21.211649410572516,80.34153217518526,Gondiya,normal,statewide,0.4357239603996277,1,71,65,80,Maharashtra,Sentinel-2 NDVI
2019-11-26,2019-12-03,48.0,2019,P045,19.655900266732623,77.2407892392464,Hingoli,normal,statewide,0.8176000118255615,1,71,65,80,Maharashtra,Sentinel-2 NDVI
2019-11-26,2019-12-03,48.0,2019,P046,19.566758377573187,77.1442675378435,Hingoli,normal,statewide,0.6494049429893494,1,71,65,80,Maharashtra,Sentinel-2 NDVI
2019-11-26,2019-12-03,48.0,2019,P047,19.47860194974656,76.9526242927685,Hingoli,normal,statewide,0.5091454982757568,1,71,65,80,Maharashtra,Sentinel-2 NDVI
2019-11-26,2019-12-03,48.0,2019,P048,19.927981235710728,77.14910120338544,Hingoli,normal,statewide,0.5263662338256836,1,71,65,80,Maharashtra,Sentinel-2 NDVI
2019-11-26,2019-12-03,48.0,2019,P049,21.292738163229433,76.10816865346904,Jalgaon,normal,statewide,0.7939394116401672,1,71,65,80,Maharashtra,Sentinel-2 NDVI
2019-11-26,2019-12-03,48.0,2019,P050,21.386178625804387,75.43363151891216,Jalgaon,normal,statewide,0.17048543691635132,1,71,65,80,Maharashtra,Sentinel-2 NDVI
2019-11-26,2019-12-03,48.0,2019,P051,21.112064306745907,76.10682200495089,Jalgaon,normal,statewide,0.8487170934677124,1,71,65,80,Maharashtra,Sentinel-2 NDVI
2019-11-26,2019-12-03,48.0,2019,P052,20.844437979720194,75.23982115072519,Jalgaon,normal,statewide,0.6442248225212097,1,71,65,80,Maharashtra,Sentinel-2 NDVI
2019-11-26,2019-12-03,48.0,2019,P053,19.486369703781666,76.00005328932718,Jalna,normal,statewide,0.6810610294342041,1,71,65,80,Maharashtra,Sentinel-2 NDVI
2019-11-26,2019-12-03,48.0,2019,P054,20.028502750758555,76.00343774702675,Jalna,normal,statewide,0.1562662422657013,1,71,65,80,Maharashtra,Sentinel-2 NDVI
2019-11-26,2019-12-03,48.0,2019,P055,19.75743845682064,76.00172991132328,Jalna,normal,statewide,0.6110996007919312,1,71,65,80,Maharashtra,Sentinel-2 NDVI
2019-11-26,2019-12-03,48.0,2019,P056,19.57768317515413,75.80993951591351,Jalna,normal,statewide,0.524523913860321,1,71,65,80,Maharashtra,Sentinel-2 NDVI
2019-11-26,2019-12-03,48.0,2019,P057,16.776377793156257,74.29671235971928,Kolhapur,normal,statewide,0.3642951250076294,1,71,65,80,Maharashtra,Sentinel-2 NDVI
2019-11-26,2019-12-03,48.0,2019,P058,16.324416687682138,74.29834884980589,Kolhapur,normal,statewide,0.8105335235595703,1,71,65,80,Maharashtra,Sentinel-2 NDVI
2019-11-26,2019-12-03,48.0,2019,P059,16.595891218916975,74.39111598812178,Kolhapur,normal,statewide,0.664138674736023,1,71,65,80,Maharashtra,Sentinel-2 NDVI
2019-11-26,2019-12-03,48.0,2019,P060,16.414811584237594,74.29802779453004,Kolhapur,normal,statewide,0.2714420258998871,1,71,65,80,Maharashtra,Sentinel-2 NDVI
2019-11-26,2019-12-03,48.0,2019,P086,21.054127206758487,79.56798961993874,Nagpur,normal,statewide,0.2201012820005417,1,71,65,80,Maharashtra,Sentinel-2 NDVI
2019-11-26,2019-12-03,48.0,2019,P087,21.146765031143822,79.47473643960802,Nagpur,normal,statewide,0.449139267206192,1,71,65,80,Maharashtra,Sentinel-2 NDVI
2019-11-26,2019-12-03,48.0,2019,P088,21.347803602138427,78.61442869606356,Nagpur,normal,statewide,0.7835848927497864,1,71,65,80,Maharashtra,Sentinel-2 NDVI
2019-11-26,2019-12-03,48.0,2019,P089,21.165377318940912,78.70615240473293,Nagpur,normal,statewide,0.44577881693840027,1,71,65,80,Maharashtra,Sentinel-2 NDVI
2019-11-26,2019-12-03,48.0,2019,P090,19.201968238592887,77.42470040309472,Nanded,normal,statewide,0.2830188572406769,1,71,65,80,Maharashtra,Sentinel-2 NDVI
2019-11-26,2019-12-03,48.0,2019,P091,18.566038000956755,77.69963965584807,Nanded,normal,statewide,0.1308581829071045,1,71,65,80,Maharashtra,Sentinel-2 NDVI
2019-11-26,2019-12-03,48.0,2019,P092,19.736596618496833,77.90946265591798,Nanded,normal,statewide,0.7101992964744568,1,71,65,80,Maharashtra,Sentinel-2 NDVI
2019-11-26,2019-12-03,48.0,2019,P093,18.93564842817583,77.04115528508362,Nanded,normal,statewide,0.6587952375411987,1,71,65,80,Maharashtra,Sentinel-2 NDVI
2019-11-26,2019-12-03,48.0,2019,P094,21.564917232430716,74.08292967791392,Nandurbar,normal,statewide,0.703949511051178,1,71,65,80,Maharashtra,Sentinel-2 NDVI
2019-11-26,2019-12-03,48.0,2019,P095,21.5662594218478,74.37266422796263,Nandurbar,normal,statewide,0.7885253429412842,1,71,65,80,Maharashtra,Sentinel-2 NDVI
2019-11-26,2019-12-03,48.0,2019,P096,21.385179787168415,74.27697637845674,Nandurbar,normal,statewide,0.5201426148414612,1,71,65,80,Maharashtra,Sentinel-2 NDVI
2019-11-26,2019-12-03,48.0,2019,P097,21.565421110849755,74.17950488852946,Nandurbar,normal,statewide,0.7578355073928833,1,71,65,80,Maharashtra,Sentinel-2 NDVI
2019-11-26,2019-12-03,48.0,2019,P098,20.299553667393326,73.99482675929994,Nashik,normal,statewide,0.46434783935546875,1,71,65,80,Maharashtra,Sentinel-2 NDVI
2019-11-26,2019-12-03,48.0,2019,P099,20.120253214034264,74.28296495117151,Nashik,normal,statewide,0.38424819707870483,1,71,65,80,Maharashtra,Sentinel-2 NDVI
2019-11-26,2019-12-03,48.0,2019,P100,20.389903972938242,73.99424261706194,Nashik,normal,statewide,0.16406670212745667,1,71,65,80,Maharashtra,Sentinel-2 NDVI
2019-11-26,2019-12-03,48.0,2019,P101,20.029015547379707,74.09216447619562,Nashik,normal,statewide,0.6408383846282959,1,71,65,80,Maharashtra,Sentinel-2 NDVI
2019-11-26,2019-12-03,48.0,2019,P102,17.85749130266526,76.36802722645965,Osmanabad,normal,statewide,0.29378846287727356,1,71,65,80,Maharashtra,Sentinel-2 NDVI
2019-11-26,2019-12-03,48.0,2019,P103,17.76644983645705,76.46164605307673,Osmanabad,normal,statewide,0.3727915287017822,1,71,65,80,Maharashtra,Sentinel-2 NDVI
2019-11-26,2019-12-03,48.0,2019,P104,17.949094615606196,76.17989775301476,Osmanabad,normal,statewide,0.25486037135124207,1,71,65,80,Maharashtra,Sentinel-2 NDVI
2019-11-26,2019-12-03,48.0,2019,P105,18.584360447185368,75.61558067829696,Osmanabad,normal,statewide,0.44072744250297546,1,71,65,80,Maharashtra,Sentinel-2 NDVI
2019-11-26,2019-12-03,48.0,2019,P106,19.031389786894366,76.47235681380711,Parbhani,normal,statewide,0.6787896156311035,1,71,65,80,Maharashtra,Sentinel-2 NDVI
2019-11-26,2019-12-03,48.0,2019,P107,19.120950831552832,76.56820519095093,Parbhani,normal,statewide,0.4587355852127075,1,71,65,80,Maharashtra,Sentinel-2 NDVI
2019-11-26,2019-12-03,48.0,2019,P108,19.208625676465683,76.85432786914635,Parbhani,normal,statewide,0.31725651025772095,1,71,65,80,Maharashtra,Sentinel-2 NDVI
2019-11-26,2019-12-03,48.0,2019,P109,19.212081479782103,76.47396209018636,Parbhani,normal,statewide,0.4810328483581543,1,71,65,80,Maharashtra,Sentinel-2 NDVI
2019-11-26,2019-12-03,48.0,2019,P110,18.133442771357757,75.04679558432363,Pune,normal,statewide,0.4383835196495056,1,71,65,80,Maharashtra,Sentinel-2 NDVI
2019-11-26,2019-12-03,48.0,2019,P111,18.584645829652782,74.47919215212944,Pune,normal,statewide,0.4479297399520874,1,71,65,80,Maharashtra,Sentinel-2 NDVI
2019-11-26,2019-12-03,48.0,2019,P112,18.132979024848197,74.57507620208169,Pune,normal,statewide,0.448678195476532,1,71,65,80,Maharashtra,Sentinel-2 NDVI
2019-11-26,2019-12-03,48.0,2019,P113,18.314072036830744,74.76389683618987,Pune,normal,statewide,0.49608978629112244,1,71,65,80,Maharashtra,Sentinel-2 NDVI
2019-11-26,2019-12-03,48.0,2019,P114,18.48503397121986,73.0589238755964,Raigarh,normal,statewide,0.4087638854980469,1,71,65,80,Maharashtra,Sentinel-2 NDVI
2019-11-26,2019-12-03,48.0,2019,P115,18.665689991299164,73.05687714821288,Raigarh,normal,statewide,-0.03201970458030701,1,71,65,80,Maharashtra,Sentinel-2 NDVI
2019-11-26,2019-12-03,48.0,2019,P116,18.306197264370358,73.25009891506079,Raigarh,normal,statewide,0.7033299803733826,1,71,65,80,Maharashtra,Sentinel-2 NDVI
2019-11-26,2019-12-03,48.0,2019,P117,18.21404102289879,73.06194714611064,Raigarh,normal,statewide,0.2682145833969116,1,71,65,80,Maharashtra,Sentinel-2 NDVI
2019-11-26,2019-12-03,48.0,2019,P118,17.138719885658215,75.42259970290594,Sangli,normal,statewide,0.5777812004089355,1,71,65,80,Maharashtra,Sentinel-2 NDVI
2019-11-26,2019-12-03,48.0,2019,P119,17.048761981005992,74.95348443567921,Sangli,normal,statewide,0.19768933951854706,1,71,65,80,Maharashtra,Sentinel-2 NDVI
2019-11-26,2019-12-03,48.0,2019,P120,16.86707144948229,74.39025538161847,Sangli,normal,statewide,0.5853834748268127,1,71,65,80,Maharashtra,Sentinel-2 NDVI
2019-11-26,2019-12-03,48.0,2019,P121,17.048503353144895,74.67157114887826,Sangli,normal,statewide,0.31081563234329224,1,71,65,80,Maharashtra,Sentinel-2 NDVI
2019-11-26,2019-12-03,48.0,2019,P148,17.67852974098626,76.08383979812143,Solapur,normal,statewide,0.4274084270000458,1,71,65,80,Maharashtra,Sentinel-2 NDVI
2019-11-26,2019-12-03,48.0,2019,P149,18.223365003201543,75.4251413905064,Solapur,normal,statewide,0.7802377939224243,1,71,65,80,Maharashtra,Sentinel-2 NDVI
2019-11-26,2019-12-03,48.0,2019,P150,17.952532582518405,75.23562067753285,Solapur,normal,statewide,0.39476168155670166,1,71,65,80,Maharashtra,Sentinel-2 NDVI
2019-11-26,2019-12-03,48.0,2019,P151,18.223690517578447,75.23598186471818,Solapur,normal,statewide,0.5407333374023438,1,71,65,80,Maharashtra,Sentinel-2 NDVI
2019-11-26,2019-12-03,48.0,2019,P152,19.658178867370932,72.94986318203122,Thane,normal,statewide,0.3152882158756256,1,71,65,80,Maharashtra,Sentinel-2 NDVI
2019-11-26,2019-12-03,48.0,2019,P153,19.65706409210757,72.8545320606096,Thane,normal,statewide,0.42450472712516785,1,71,65,80,Maharashtra,Sentinel-2 NDVI
2019-11-26,2019-12-03,48.0,2019,P154,19.477549601897948,72.95214624177059,Thane,normal,statewide,0.2898825407028198,1,71,65,80,Maharashtra,Sentinel-2 NDVI
2019-11-26,2019-12-03,48.0,2019,P155,19.83987385799569,73.0429959666335,Thane,normal,statewide,0.3534141182899475,1,71,65,80,Maharashtra,Sentinel-2 NDVI
2019-11-26,2019-12-03,48.0,2019,P156,20.806749657616468,78.60135461177485,Wardha,normal,statewide,0.5844358801841736,1,71,65,80,Maharashtra,Sentinel-2 NDVI
2019-11-26,2019-12-03,48.0,2019,P157,20.71031267913359,78.88671032458906,Wardha,normal,statewide,0.6369137167930603,1,71,65,80,Maharashtra,Sentinel-2 NDVI
2019-11-26,2019-12-03,48.0,2019,P158,21.081265295769754,78.41565980750515,Wardha,normal,statewide,0.7189685702323914,1,71,65,80,Maharashtra,Sentinel-2 NDVI
2019-11-26,2019-12-03,48.0,2019,P159,20.439854822938944,78.87986114537097,Wardha,normal,statewide,0.539253294467926,1,71,65,80,Maharashtra,Sentinel-2 NDVI
2019-11-26,2019-12-03,48.0,2019,P160,20.289186257444058,77.15404188735265,Washim,normal,statewide,0.6619970202445984,1,71,65,80,Maharashtra,Sentinel-2 NDVI
2019-11-26,2019-12-03,48.0,2019,P161,20.464607292886615,77.53975858757677,Washim,normal,statewide,0.6818727254867554,1,71,65,80,Maharashtra,Sentinel-2 NDVI
2019-11-26,2019-12-03,48.0,2019,P162,20.107393166596125,77.2471479173486,Washim,normal,statewide,0.5877862572669983,1,71,65,80,Maharashtra,Sentinel-2 NDVI
2019-11-26,2019-12-03,48.0,2019,P163,20.198885002010726,77.1527933390577,Washim,normal,statewide,0.4096069931983948,1,71,65,80,Maharashtra,Sentinel-2 NDVI
2019-11-26,2019-12-03,48.0,2019,P164,20.182854533723592,78.20447678161395,Yavatmal,normal,statewide,0.4315313398838043,1,71,65,80,Maharashtra,Sentinel-2 NDVI
2019-11-26,2019-12-03,48.0,2019,P165,19.894658373538324,79.05709703494229,Yavatmal,normal,statewide,0.5800855159759521,1,71,65,80,Maharashtra,Sentinel-2 NDVI
2019-11-26,2019-12-03,48.0,2019,P166,19.468787468327925,77.71426550730338,Yavatmal,normal,statewide,0.6065301895141602,1,71,65,80,Maharashtra,Sentinel-2 NDVI
2019-11-26,2019-12-03,48.0,2019,P167,19.559057510053886,77.71577268345945,Yavatmal,normal,statewide,0.4487457275390625,1,71,65,80,Maharashtra,Sentinel-2 NDVI
2019-12-03,2019-12-10,49.0,2019,P147,17.927231643141155,73.94769852026607,Satara,case_study,case_study,0.5579536557197571,1,75,65,80,Maharashtra,Sentinel-2 NDVI
2019-12-03,2019-12-10,49.0,2019,P061,18.507855650411397,76.91766048140843,Latur,high,priority,0.37248578667640686,1,75,65,80,Maharashtra,Sentinel-2 NDVI
2019-12-03,2019-12-10,49.0,2019,P062,18.422405896924207,76.3487594508077,Latur,high,priority,0.17041800916194916,1,75,65,80,Maharashtra,Sentinel-2 NDVI
2019-12-03,2019-12-10,49.0,2019,P064,18.193056493341274,76.77240080549139,Latur,high,priority,0.42483070492744446,1,75,65,80,Maharashtra,Sentinel-2 NDVI
2019-12-03,2019-12-10,49.0,2019,P065,18.331355512513895,76.44266811899327,Latur,high,priority,0.3043803870677948,1,75,65,80,Maharashtra,Sentinel-2 NDVI
2019-12-03,2019-12-10,49.0,2019,P066,18.104739537876725,76.5352970251765,Latur,high,priority,0.04195070639252663,1,75,65,80,Maharashtra,Sentinel-2 NDVI
2019-12-03,2019-12-10,49.0,2019,P067,18.280552974211986,77.0569984711265,Latur,high,priority,0.5053908228874207,1,75,65,80,Maharashtra,Sentinel-2 NDVI
2019-12-03,2019-12-10,49.0,2019,P069,18.595075667016793,77.20284228928156,Latur,high,priority,0.6986865997314453,1,75,65,80,Maharashtra,Sentinel-2 NDVI
2019-12-03,2019-12-10,49.0,2019,P070,18.41499041187233,77.15322587185987,Latur,high,priority,0.33576977252960205,1,75,65,80,Maharashtra,Sentinel-2 NDVI
2019-12-03,2019-12-10,49.0,2019,P071,18.149138807065885,76.63019561379593,Latur,high,priority,0.7558706998825073,1,75,65,80,Maharashtra,Sentinel-2 NDVI
2019-12-03,2019-12-10,49.0,2019,P073,17.966315663874607,76.86453029235662,Latur,high,priority,0.22687439620494843,1,75,65,80,Maharashtra,Sentinel-2 NDVI
2019-12-03,2019-12-10,49.0,2019,P074,18.50832831512306,76.870318205524,Latur,high,priority,0.35866984724998474,1,75,65,80,Maharashtra,Sentinel-2 NDVI
2019-12-03,2019-12-10,49.0,2019,P075,18.41444640154381,77.20053247493588,Latur,high,priority,0.44668588042259216,1,75,65,80,Maharashtra,Sentinel-2 NDVI
2019-12-03,2019-12-10,49.0,2019,P079,18.73508698099394,76.77797468180819,Latur,high,priority,0.5239819288253784,1,75,65,80,Maharashtra,Sentinel-2 NDVI
2019-12-03,2019-12-10,49.0,2019,P080,18.46791548227568,76.3017694439065,Latur,high,priority,0.1076066792011261,1,75,65,80,Maharashtra,Sentinel-2 NDVI
2019-12-03,2019-12-10,49.0,2019,P083,18.369289085175563,77.19996171000103,Latur,high,priority,0.2623045742511749,1,75,65,80,Maharashtra,Sentinel-2 NDVI
2019-12-03,2019-12-10,49.0,2019,P122,17.88145897082753,73.8441448165019,Satara,high,priority,0.21824103593826294,1,75,65,80,Maharashtra,Sentinel-2 NDVI
2019-12-03,2019-12-10,49.0,2019,P123,17.386414030975025,74.27088970551878,Satara,high,priority,0.26486486196517944,1,75,65,80,Maharashtra,Sentinel-2 NDVI
2019-12-03,2019-12-10,49.0,2019,P124,17.43262815429294,74.647353771057,Satara,high,priority,0.21717670559883118,1,75,65,80,Maharashtra,Sentinel-2 NDVI
2019-12-03,2019-12-10,49.0,2019,P125,17.56734651531964,74.31728219287884,Satara,high,priority,0.21632197499275208,1,75,65,80,Maharashtra,Sentinel-2 NDVI
2019-12-03,2019-12-10,49.0,2019,P126,17.205080227535593,74.13053949986157,Satara,high,priority,0.4821893572807312,1,75,65,80,Maharashtra,Sentinel-2 NDVI
2019-12-03,2019-12-10,49.0,2019,P127,17.65773249367299,74.31694330119876,Satara,high,priority,0.3365752100944519,1,75,65,80,Maharashtra,Sentinel-2 NDVI
2019-12-03,2019-12-10,49.0,2019,P128,18.019949731345452,74.5517328080669,Satara,high,priority,0.29288187623023987,1,75,65,80,Maharashtra,Sentinel-2 NDVI
2019-12-03,2019-12-10,49.0,2019,P129,18.063234225271252,74.03192648006461,Satara,high,priority,0.28210803866386414,1,75,65,80,Maharashtra,Sentinel-2 NDVI
2019-12-03,2019-12-10,49.0,2019,P130,17.61135784271715,74.03436560834085,Satara,high,priority,0.3967624604701996,1,75,65,80,Maharashtra,Sentinel-2 NDVI
2019-12-03,2019-12-10,49.0,2019,P131,17.612539504496315,74.3171127470388,Satara,high,priority,0.48051947355270386,1,75,65,80,Maharashtra,Sentinel-2 NDVI
2019-12-03,2019-12-10,49.0,2019,P133,17.25006363896275,74.08329532420031,Satara,high,priority,0.5164177417755127,1,75,65,80,Maharashtra,Sentinel-2 NDVI
2019-12-03,2019-12-10,49.0,2019,P134,17.476429903940936,74.17634784498362,Satara,high,priority,0.5128383040428162,1,75,65,80,Maharashtra,Sentinel-2 NDVI
2019-12-03,2019-12-10,49.0,2019,P135,17.882716437324603,74.0801070669471,Satara,high,priority,0.7116618752479553,1,75,65,80,Maharashtra,Sentinel-2 NDVI
2019-12-03,2019-12-10,49.0,2019,P136,17.928520323345598,74.22149178404871,Satara,high,priority,0.3914656639099121,1,75,65,80,Maharashtra,Sentinel-2 NDVI
2019-12-03,2019-12-10,49.0,2019,P138,17.61269557303319,74.36423652697161,Satara,high,priority,0.1919368952512741,1,75,65,80,Maharashtra,Sentinel-2 NDVI
2019-12-03,2019-12-10,49.0,2019,P139,17.656773786946495,74.08126197411994,Satara,high,priority,0.4635768532752991,1,75,65,80,Maharashtra,Sentinel-2 NDVI
2019-12-03,2019-12-10,49.0,2019,P140,17.97464080554139,74.50462240543725,Satara,high,priority,0.5103940367698669,1,75,65,80,Maharashtra,Sentinel-2 NDVI
2019-12-03,2019-12-10,49.0,2019,P141,17.430826677467348,74.08239904488856,Satara,high,priority,0.4196891188621521,1,75,65,80,Maharashtra,Sentinel-2 NDVI
2019-12-03,2019-12-10,49.0,2019,P142,18.064447100757786,74.31538707493111,Satara,high,priority,0.6343795657157898,1,75,65,80,Maharashtra,Sentinel-2 NDVI
2019-12-03,2019-12-10,49.0,2019,P143,17.70379500755509,74.6468275971327,Satara,high,priority,0.21829521656036377,1,75,65,80,Maharashtra,Sentinel-2 NDVI
2019-12-03,2019-12-10,49.0,2019,P144,17.929452275465767,74.50474726026674,Satara,high,priority,0.49697163701057434,1,75,65,80,Maharashtra,Sentinel-2 NDVI
2019-12-03,2019-12-10,49.0,2019,P145,17.47773196144854,74.60017202281048,Satara,high,priority,0.24815724790096283,1,75,65,80,Maharashtra,Sentinel-2 NDVI
2019-12-03,2019-12-10,49.0,2019,P146,17.839182233739812,74.55218763637436,Satara,high,priority,0.37657657265663147,1,75,65,80,Maharashtra,Sentinel-2 NDVI
2019-12-03,2019-12-10,49.0,2019,P001,19.940457800458272,74.57045211428928,Ahmednagar,normal,statewide,0.33954572677612305,1,75,65,80,Maharashtra,Sentinel-2 NDVI
2019-12-03,2019-12-10,49.0,2019,P002,18.946729294293643,74.76302285238339,Ahmednagar,normal,statewide,0.4025879502296448,1,75,65,80,Maharashtra,Sentinel-2 NDVI
2019-12-03,2019-12-10,49.0,2019,P003,18.49469238410162,74.66892244285252,Ahmednagar,normal,statewide,-0.05394190922379494,1,75,65,80,Maharashtra,Sentinel-2 NDVI
2019-12-03,2019-12-10,49.0,2019,P004,19.03720445466806,75.1420731965326,Ahmednagar,normal,statewide,0.34297871589660645,1,75,65,80,Maharashtra,Sentinel-2 NDVI
2019-12-03,2019-12-10,49.0,2019,P005,20.832153156317954,77.06560453615967,Akola,normal,statewide,0.7159174084663391,1,75,65,80,Maharashtra,Sentinel-2 NDVI
2019-12-03,2019-12-10,49.0,2019,P006,20.834360411339407,76.87349308547405,Akola,normal,statewide,0.5637342929840088,1,75,65,80,Maharashtra,Sentinel-2 NDVI
2019-12-03,2019-12-10,49.0,2019,P007,21.014976299509232,76.87574047240498,Akola,normal,statewide,0.6726999878883362,1,75,65,80,Maharashtra,Sentinel-2 NDVI
2019-12-03,2019-12-10,49.0,2019,P008,20.828434266039377,77.35372489162701,Akola,normal,statewide,0.6536909937858582,1,75,65,80,Maharashtra,Sentinel-2 NDVI
2019-12-03,2019-12-10,49.0,2019,P009,21.360971327549258,77.94039543992572,Amravati,normal,statewide,0.4958503544330597,1,75,65,80,Maharashtra,Sentinel-2 NDVI
2019-12-03,2019-12-10,49.0,2019,P010,21.178803672212837,78.03301542790685,Amravati,normal,statewide,0.3425446152687073,1,75,65,80,Maharashtra,Sentinel-2 NDVI
2019-12-03,2019-12-10,49.0,2019,P011,20.814388097721018,78.21764450702477,Amravati,normal,statewide,0.5971530079841614,1,75,65,80,Maharashtra,Sentinel-2 NDVI
2019-12-03,2019-12-10,49.0,2019,P012,21.180502589714195,77.93681032267875,Amravati,normal,statewide,0.17557312548160553,1,75,65,80,Maharashtra,Sentinel-2 NDVI
2019-12-03,2019-12-10,49.0,2019,P013,20.031289688916964,74.8570519162974,Aurangabad,normal,statewide,0.4344262182712555,1,75,65,80,Maharashtra,Sentinel-2 NDVI
2019-12-03,2019-12-10,49.0,2019,P014,19.760185263069562,75.14270192978114,Aurangabad,normal,statewide,0.4422285556793213,1,75,65,80,Maharashtra,Sentinel-2 NDVI
2019-12-03,2019-12-10,49.0,2019,P015,19.9408189876436,74.76157364454102,Aurangabad,normal,statewide,0.637785017490387,1,75,65,80,Maharashtra,Sentinel-2 NDVI
2019-12-03,2019-12-10,49.0,2019,P016,19.66981712112043,75.14262166596218,Aurangabad,normal,statewide,0.22187981009483337,1,75,65,80,Maharashtra,Sentinel-2 NDVI
2019-12-03,2019-12-10,49.0,2019,P017,21.04613203856966,79.85576216552393,Bhandara,normal,statewide,0.3819660246372223,1,75,65,80,Maharashtra,Sentinel-2 NDVI
2019-12-03,2019-12-10,49.0,2019,P018,21.31897105472685,79.76852877161537,Bhandara,normal,statewide,0.3172746002674103,1,75,65,80,Maharashtra,Sentinel-2 NDVI
2019-12-03,2019-12-10,49.0,2019,P019,21.40900922319803,79.77144948280537,Bhandara,normal,statewide,0.4334140419960022,1,75,65,80,Maharashtra,Sentinel-2 NDVI
2019-12-03,2019-12-10,49.0,2019,P020,21.144196588937042,79.57074980349083,Bhandara,normal,statewide,0.36867764592170715,1,75,65,80,Maharashtra,Sentinel-2 NDVI
2019-12-03,2019-12-10,49.0,2019,P021,18.67502288980403,75.52108340877234,Bid,normal,statewide,0.894454836845398,1,75,65,80,Maharashtra,Sentinel-2 NDVI
2019-12-03,2019-12-10,49.0,2019,P022,18.856499384477168,75.04699178476999,Bid,normal,statewide,0.3085586726665497,1,75,65,80,Maharashtra,Sentinel-2 NDVI
2019-12-03,2019-12-10,49.0,2019,P023,19.126596053486494,75.6175605191647,Bid,normal,statewide,0.6806031465530396,1,75,65,80,Maharashtra,Sentinel-2 NDVI
2019-12-03,2019-12-10,49.0,2019,P024,18.763955201213946,75.90084720909012,Bid,normal,statewide,0.4375946521759033,1,75,65,80,Maharashtra,Sentinel-2 NDVI
2019-12-03,2019-12-10,49.0,2019,P025,20.93073496240753,76.20164478885242,Buldana,normal,statewide,0.6289700269699097,1,75,65,80,Maharashtra,Sentinel-2 NDVI
2019-12-03,2019-12-10,49.0,2019,P026,20.838939908121294,76.39311412898633,Buldana,normal,statewide,0.4773519039154053,1,75,65,80,Maharashtra,Sentinel-2 NDVI
2019-12-03,2019-12-10,49.0,2019,P027,20.657476790751314,76.48742857536776,Buldana,normal,statewide,0.40616047382354736,1,75,65,80,Maharashtra,Sentinel-2 NDVI
2019-12-03,2019-12-10,49.0,2019,P028,20.47967013624516,76.10222021266374,Buldana,normal,statewide,0.5331664681434631,1,75,65,80,Maharashtra,Sentinel-2 NDVI
2019-12-03,2019-12-10,49.0,2019,P029,20.32317798477448,79.92829390325927,Chandrapur,normal,statewide,0.6295045018196106,1,75,65,80,Maharashtra,Sentinel-2 NDVI
2019-12-03,2019-12-10,49.0,2019,P030,20.60872097983294,79.36304041732026,Chandrapur,normal,statewide,0.3429830074310303,1,75,65,80,Maharashtra,Sentinel-2 NDVI
2019-12-03,2019-12-10,49.0,2019,P031,20.511160307884595,79.64732594588165,Chandrapur,normal,statewide,0.3978234529495239,1,75,65,80,Maharashtra,Sentinel-2 NDVI
2019-12-03,2019-12-10,49.0,2019,P032,20.598621115946884,79.74569817422172,Chandrapur,normal,statewide,0.3694843053817749,1,75,65,80,Maharashtra,Sentinel-2 NDVI
2019-12-03,2019-12-10,49.0,2019,P033,21.38667804512237,75.14422248324037,Dhule,normal,statewide,0.7050769925117493,1,75,65,80,Maharashtra,Sentinel-2 NDVI
2019-12-03,2019-12-10,49.0,2019,P034,21.025151968113196,74.75989256344387,Dhule,normal,statewide,0.36806032061576843,1,75,65,80,Maharashtra,Sentinel-2 NDVI
2019-12-03,2019-12-10,49.0,2019,P036,20.933820660336515,74.37533522949364,Dhule,normal,statewide,0.2969870865345001,1,75,65,80,Maharashtra,Sentinel-2 NDVI
2019-12-03,2019-12-10,49.0,2019,P037,19.963056524597132,79.91698116388667,Garhchiroli,normal,statewide,0.6743718385696411,1,75,65,80,Maharashtra,Sentinel-2 NDVI
2019-12-03,2019-12-10,49.0,2019,P038,19.062661462582188,79.88977172925856,Garhchiroli,normal,statewide,0.6681795120239258,1,75,65,80,Maharashtra,Sentinel-2 NDVI
2019-12-03,2019-12-10,49.0,2019,P039,19.510270485428137,79.9981368030594,Garhchiroli,normal,statewide,0.4938575029373169,1,75,65,80,Maharashtra,Sentinel-2 NDVI
2019-12-03,2019-12-10,49.0,2019,P040,19.870365190999156,80.00935144220881,Garhchiroli,normal,statewide,0.445679247379303,1,75,65,80,Maharashtra,Sentinel-2 NDVI
2019-12-03,2019-12-10,49.0,2019,P041,21.127639946725598,80.1465044724107,Gondiya,normal,statewide,0.284153014421463,1,75,65,80,Maharashtra,Sentinel-2 NDVI
2019-12-03,2019-12-10,49.0,2019,P042,21.397598383602258,80.15591763473452,Gondiya,normal,statewide,0.6947692036628723,1,75,65,80,Maharashtra,Sentinel-2 NDVI
2019-12-03,2019-12-10,49.0,2019,P043,21.574548890706154,80.25847249986273,Gondiya,normal,statewide,0.4227373003959656,1,75,65,80,Maharashtra,Sentinel-2 NDVI
2019-12-03,2019-12-10,49.0,2019,P044,21.211649410572516,80.34153217518526,Gondiya,normal,statewide,0.44790974259376526,1,75,65,80,Maharashtra,Sentinel-2 NDVI
2019-12-03,2019-12-10,49.0,2019,P045,19.655900266732623,77.2407892392464,Hingoli,normal,statewide,0.5440227389335632,1,75,65,80,Maharashtra,Sentinel-2 NDVI
2019-12-03,2019-12-10,49.0,2019,P046,19.566758377573187,77.1442675378435,Hingoli,normal,statewide,0.43268123269081116,1,75,65,80,Maharashtra,Sentinel-2 NDVI
2019-12-03,2019-12-10,49.0,2019,P047,19.47860194974656,76.9526242927685,Hingoli,normal,statewide,0.3434414863586426,1,75,65,80,Maharashtra,Sentinel-2 NDVI
2019-12-03,2019-12-10,49.0,2019,P048,19.927981235710728,77.14910120338544,Hingoli,normal,statewide,0.4329041540622711,1,75,65,80,Maharashtra,Sentinel-2 NDVI
2019-12-03,2019-12-10,49.0,2019,P049,21.292738163229433,76.10816865346904,Jalgaon,normal,statewide,0.7597523331642151,1,75,65,80,Maharashtra,Sentinel-2 NDVI
2019-12-03,2019-12-10,49.0,2019,P050,21.386178625804387,75.43363151891216,Jalgaon,normal,statewide,0.04458598792552948,1,75,65,80,Maharashtra,Sentinel-2 NDVI
2019-12-03,2019-12-10,49.0,2019,P051,21.112064306745907,76.10682200495089,Jalgaon,normal,statewide,0.8543791770935059,1,75,65,80,Maharashtra,Sentinel-2 NDVI
2019-12-03,2019-12-10,49.0,2019,P052,20.844437979720194,75.23982115072519,Jalgaon,normal,statewide,0.7476375699043274,1,75,65,80,Maharashtra,Sentinel-2 NDVI
2019-12-03,2019-12-10,49.0,2019,P053,19.486369703781666,76.00005328932718,Jalna,normal,statewide,0.6425328850746155,1,75,65,80,Maharashtra,Sentinel-2 NDVI
2019-12-03,2019-12-10,49.0,2019,P054,20.028502750758555,76.00343774702675,Jalna,normal,statewide,0.19207793474197388,1,75,65,80,Maharashtra,Sentinel-2 NDVI
2019-12-03,2019-12-10,49.0,2019,P055,19.75743845682064,76.00172991132328,Jalna,normal,statewide,0.574157178401947,1,75,65,80,Maharashtra,Sentinel-2 NDVI
2019-12-03,2019-12-10,49.0,2019,P056,19.57768317515413,75.80993951591351,Jalna,normal,statewide,0.47380363941192627,1,75,65,80,Maharashtra,Sentinel-2 NDVI
2019-12-03,2019-12-10,49.0,2019,P057,16.776377793156257,74.29671235971928,Kolhapur,normal,statewide,0.2254180610179901,1,75,65,80,Maharashtra,Sentinel-2 NDVI
2019-12-03,2019-12-10,49.0,2019,P058,16.324416687682138,74.29834884980589,Kolhapur,normal,statewide,0.6379781365394592,1,75,65,80,Maharashtra,Sentinel-2 NDVI
2019-12-03,2019-12-10,49.0,2019,P060,16.414811584237594,74.29802779453004,Kolhapur,normal,statewide,0.2704918086528778,1,75,65,80,Maharashtra,Sentinel-2 NDVI
2019-12-03,2019-12-10,49.0,2019,P086,21.054127206758487,79.56798961993874,Nagpur,normal,statewide,0.2682090699672699,1,75,65,80,Maharashtra,Sentinel-2 NDVI
2019-12-03,2019-12-10,49.0,2019,P087,21.146765031143822,79.47473643960802,Nagpur,normal,statewide,0.5984703898429871,1,75,65,80,Maharashtra,Sentinel-2 NDVI
2019-12-03,2019-12-10,49.0,2019,P088,21.347803602138427,78.61442869606356,Nagpur,normal,statewide,0.7610303163528442,1,75,65,80,Maharashtra,Sentinel-2 NDVI
2019-12-03,2019-12-10,49.0,2019,P089,21.165377318940912,78.70615240473293,Nagpur,normal,statewide,0.4406537115573883,1,75,65,80,Maharashtra,Sentinel-2 NDVI
2019-12-03,2019-12-10,49.0,2019,P090,19.201968238592887,77.42470040309472,Nanded,normal,statewide,0.24044179916381836,1,75,65,80,Maharashtra,Sentinel-2 NDVI
2019-12-03,2019-12-10,49.0,2019,P091,18.566038000956755,77.69963965584807,Nanded,normal,statewide,0.19514472782611847,1,75,65,80,Maharashtra,Sentinel-2 NDVI
2019-12-03,2019-12-10,49.0,2019,P092,19.736596618496833,77.90946265591798,Nanded,normal,statewide,0.5069664716720581,1,75,65,80,Maharashtra,Sentinel-2 NDVI
2019-12-03,2019-12-10,49.0,2019,P093,18.93564842817583,77.04115528508362,Nanded,normal,statewide,0.48306533694267273,1,75,65,80,Maharashtra,Sentinel-2 NDVI
2019-12-03,2019-12-10,49.0,2019,P094,21.564917232430716,74.08292967791392,Nandurbar,normal,statewide,0.5503268241882324,1,75,65,80,Maharashtra,Sentinel-2 NDVI
2019-12-03,2019-12-10,49.0,2019,P096,21.385179787168415,74.27697637845674,Nandurbar,normal,statewide,0.2665330767631531,1,75,65,80,Maharashtra,Sentinel-2 NDVI
2019-12-03,2019-12-10,49.0,2019,P098,20.299553667393326,73.99482675929994,Nashik,normal,statewide,0.3827304542064667,1,75,65,80,Maharashtra,Sentinel-2 NDVI
2019-12-03,2019-12-10,49.0,2019,P099,20.120253214034264,74.28296495117151,Nashik,normal,statewide,0.35612788796424866,1,75,65,80,Maharashtra,Sentinel-2 NDVI
2019-12-03,2019-12-10,49.0,2019,P100,20.389903972938242,73.99424261706194,Nashik,normal,statewide,0.1146245077252388,1,75,65,80,Maharashtra,Sentinel-2 NDVI
2019-12-03,2019-12-10,49.0,2019,P101,20.029015547379707,74.09216447619562,Nashik,normal,statewide,0.6213911771774292,1,75,65,80,Maharashtra,Sentinel-2 NDVI
2019-12-03,2019-12-10,49.0,2019,P103,17.76644983645705,76.46164605307673,Osmanabad,normal,statewide,0.33123359084129333,1,75,65,80,Maharashtra,Sentinel-2 NDVI
2019-12-03,2019-12-10,49.0,2019,P104,17.949094615606196,76.17989775301476,Osmanabad,normal,statewide,0.19144144654273987,1,75,65,80,Maharashtra,Sentinel-2 NDVI
2019-12-03,2019-12-10,49.0,2019,P105,18.584360447185368,75.61558067829696,Osmanabad,normal,statewide,0.4139763116836548,1,75,65,80,Maharashtra,Sentinel-2 NDVI
2019-12-03,2019-12-10,49.0,2019,P106,19.031389786894366,76.47235681380711,Parbhani,normal,statewide,0.5647410154342651,1,75,65,80,Maharashtra,Sentinel-2 NDVI
2019-12-03,2019-12-10,49.0,2019,P107,19.120950831552832,76.56820519095093,Parbhani,normal,statewide,0.4204081594944,1,75,65,80,Maharashtra,Sentinel-2 NDVI
2019-12-03,2019-12-10,49.0,2019,P108,19.208625676465683,76.85432786914635,Parbhani,normal,statewide,0.14732509851455688,1,75,65,80,Maharashtra,Sentinel-2 NDVI
2019-12-03,2019-12-10,49.0,2019,P109,19.212081479782103,76.47396209018636,Parbhani,normal,statewide,0.36538460850715637,1,75,65,80,Maharashtra,Sentinel-2 NDVI
2019-12-03,2019-12-10,49.0,2019,P110,18.133442771357757,75.04679558432363,Pune,normal,statewide,0.48345330357551575,1,75,65,80,Maharashtra,Sentinel-2 NDVI
2019-12-03,2019-12-10,49.0,2019,P111,18.584645829652782,74.47919215212944,Pune,normal,statewide,0.4791666567325592,1,75,65,80,Maharashtra,Sentinel-2 NDVI
2019-12-03,2019-12-10,49.0,2019,P112,18.132979024848197,74.57507620208169,Pune,normal,statewide,0.4282296597957611,1,75,65,80,Maharashtra,Sentinel-2 NDVI
2019-12-03,2019-12-10,49.0,2019,P113,18.314072036830744,74.76389683618987,Pune,normal,statewide,0.5693283081054688,1,75,65,80,Maharashtra,Sentinel-2 NDVI
2019-12-03,2019-12-10,49.0,2019,P114,18.48503397121986,73.0589238755964,Raigarh,normal,statewide,0.3789607584476471,1,75,65,80,Maharashtra,Sentinel-2 NDVI
2019-12-03,2019-12-10,49.0,2019,P115,18.665689991299164,73.05687714821288,Raigarh,normal,statewide,0.12679162621498108,1,75,65,80,Maharashtra,Sentinel-2 NDVI
2019-12-03,2019-12-10,49.0,2019,P116,18.306197264370358,73.25009891506079,Raigarh,normal,statewide,0.710340678691864,1,75,65,80,Maharashtra,Sentinel-2 NDVI
2019-12-03,2019-12-10,49.0,2019,P117,18.21404102289879,73.06194714611064,Raigarh,normal,statewide,0.2466624230146408,1,75,65,80,Maharashtra,Sentinel-2 NDVI
2019-12-03,2019-12-10,49.0,2019,P118,17.138719885658215,75.42259970290594,Sangli,normal,statewide,0.454344242811203,1,75,65,80,Maharashtra,Sentinel-2 NDVI
2019-12-03,2019-12-10,49.0,2019,P121,17.048503353144895,74.67157114887826,Sangli,normal,statewide,0.1768323928117752,1,75,65,80,Maharashtra,Sentinel-2 NDVI
2019-12-03,2019-12-10,49.0,2019,P148,17.67852974098626,76.08383979812143,Solapur,normal,statewide,0.2976113557815552,1,75,65,80,Maharashtra,Sentinel-2 NDVI
2019-12-03,2019-12-10,49.0,2019,P150,17.952532582518405,75.23562067753285,Solapur,normal,statewide,0.40070298314094543,1,75,65,80,Maharashtra,Sentinel-2 NDVI
2019-12-03,2019-12-10,49.0,2019,P151,18.223690517578447,75.23598186471818,Solapur,normal,statewide,0.6431257724761963,1,75,65,80,Maharashtra,Sentinel-2 NDVI
2019-12-03,2019-12-10,49.0,2019,P152,19.658178867370932,72.94986318203122,Thane,normal,statewide,0.3782629370689392,1,75,65,80,Maharashtra,Sentinel-2 NDVI
2019-12-03,2019-12-10,49.0,2019,P153,19.65706409210757,72.8545320606096,Thane,normal,statewide,0.4568786025047302,1,75,65,80,Maharashtra,Sentinel-2 NDVI
2019-12-03,2019-12-10,49.0,2019,P154,19.477549601897948,72.95214624177059,Thane,normal,statewide,0.23103748261928558,1,75,65,80,Maharashtra,Sentinel-2 NDVI
2019-12-03,2019-12-10,49.0,2019,P155,19.83987385799569,73.0429959666335,Thane,normal,statewide,0.324097603559494,1,75,65,80,Maharashtra,Sentinel-2 NDVI
2019-12-03,2019-12-10,49.0,2019,P156,20.806749657616468,78.60135461177485,Wardha,normal,statewide,0.5925604104995728,1,75,65,80,Maharashtra,Sentinel-2 NDVI
2019-12-03,2019-12-10,49.0,2019,P157,20.71031267913359,78.88671032458906,Wardha,normal,statewide,0.649092972278595,1,75,65,80,Maharashtra,Sentinel-2 NDVI
2019-12-03,2019-12-10,49.0,2019,P158,21.081265295769754,78.41565980750515,Wardha,normal,statewide,0.7067508101463318,1,75,65,80,Maharashtra,Sentinel-2 NDVI
2019-12-03,2019-12-10,49.0,2019,P159,20.439854822938944,78.87986114537097,Wardha,normal,statewide,0.573408842086792,1,75,65,80,Maharashtra,Sentinel-2 NDVI
2019-12-03,2019-12-10,49.0,2019,P160,20.289186257444058,77.15404188735265,Washim,normal,statewide,0.5551099181175232,1,75,65,80,Maharashtra,Sentinel-2 NDVI
2019-12-03,2019-12-10,49.0,2019,P161,20.464607292886615,77.53975858757677,Washim,normal,statewide,0.6066089868545532,1,75,65,80,Maharashtra,Sentinel-2 NDVI
2019-12-03,2019-12-10,49.0,2019,P162,20.107393166596125,77.2471479173486,Washim,normal,statewide,0.5018315315246582,1,75,65,80,Maharashtra,Sentinel-2 NDVI
2019-12-03,2019-12-10,49.0,2019,P163,20.198885002010726,77.1527933390577,Washim,normal,statewide,0.3344016969203949,1,75,65,80,Maharashtra,Sentinel-2 NDVI
2019-12-03,2019-12-10,49.0,2019,P164,20.182854533723592,78.20447678161395,Yavatmal,normal,statewide,0.3986247181892395,1,75,65,80,Maharashtra,Sentinel-2 NDVI
2019-12-03,2019-12-10,49.0,2019,P165,19.894658373538324,79.05709703494229,Yavatmal,normal,statewide,0.533647894859314,1,75,65,80,Maharashtra,Sentinel-2 NDVI
2019-12-03,2019-12-10,49.0,2019,P167,19.559057510053886,77.71577268345945,Yavatmal,normal,statewide,0.24778760969638824,1,75,65,80,Maharashtra,Sentinel-2 NDVI
2019-12-10,2019-12-17,50.0,2019,P147,17.927231643141155,73.94769852026607,Satara,case_study,case_study,0.6709481477737427,1,73,65,80,Maharashtra,Sentinel-2 NDVI
2019-12-10,2019-12-17,50.0,2019,P061,18.507855650411397,76.91766048140843,Latur,high,priority,0.3757648169994354,1,73,65,80,Maharashtra,Sentinel-2 NDVI
2019-12-10,2019-12-17,50.0,2019,P062,18.422405896924207,76.3487594508077,Latur,high,priority,0.2011517882347107,1,73,65,80,Maharashtra,Sentinel-2 NDVI
2019-12-10,2019-12-17,50.0,2019,P063,18.235391198742693,77.05646783810116,Latur,high,priority,0.556690514087677,1,73,65,80,Maharashtra,Sentinel-2 NDVI
2019-12-10,2019-12-17,50.0,2019,P065,18.331355512513895,76.44266811899327,Latur,high,priority,0.3301064968109131,1,73,65,80,Maharashtra,Sentinel-2 NDVI
2019-12-10,2019-12-17,50.0,2019,P067,18.280552974211986,77.0569984711265,Latur,high,priority,0.49923384189605713,1,73,65,80,Maharashtra,Sentinel-2 NDVI
2019-12-10,2019-12-17,50.0,2019,P068,18.101823285787773,76.86595720469373,Latur,high,priority,0.560867965221405,1,73,65,80,Maharashtra,Sentinel-2 NDVI
2019-12-10,2019-12-17,50.0,2019,P076,18.377877313804504,76.25376722106614,Latur,high,priority,0.2506203353404999,1,73,65,80,Maharashtra,Sentinel-2 NDVI
2019-12-10,2019-12-17,50.0,2019,P079,18.73508698099394,76.77797468180819,Latur,high,priority,0.5114725232124329,1,73,65,80,Maharashtra,Sentinel-2 NDVI
2019-12-10,2019-12-17,50.0,2019,P080,18.46791548227568,76.3017694439065,Latur,high,priority,0.11830131709575653,1,73,65,80,Maharashtra,Sentinel-2 NDVI
2019-12-10,2019-12-17,50.0,2019,P122,17.88145897082753,73.8441448165019,Satara,high,priority,0.23188351094722748,1,73,65,80,Maharashtra,Sentinel-2 NDVI
2019-12-10,2019-12-17,50.0,2019,P123,17.386414030975025,74.27088970551878,Satara,high,priority,0.31457433104515076,1,73,65,80,Maharashtra,Sentinel-2 NDVI
2019-12-10,2019-12-17,50.0,2019,P124,17.43262815429294,74.647353771057,Satara,high,priority,0.20916029810905457,1,73,65,80,Maharashtra,Sentinel-2 NDVI
2019-12-10,2019-12-17,50.0,2019,P125,17.56734651531964,74.31728219287884,Satara,high,priority,0.28267449140548706,1,73,65,80,Maharashtra,Sentinel-2 NDVI
2019-12-10,2019-12-17,50.0,2019,P126,17.205080227535593,74.13053949986157,Satara,high,priority,0.6257444620132446,1,73,65,80,Maharashtra,Sentinel-2 NDVI
2019-12-10,2019-12-17,50.0,2019,P127,17.65773249367299,74.31694330119876,Satara,high,priority,0.40262630581855774,1,73,65,80,Maharashtra,Sentinel-2 NDVI
2019-12-10,2019-12-17,50.0,2019,P128,18.019949731345452,74.5517328080669,Satara,high,priority,0.26727986335754395,1,73,65,80,Maharashtra,Sentinel-2 NDVI
2019-12-10,2019-12-17,50.0,2019,P129,18.063234225271252,74.03192648006461,Satara,high,priority,0.26041916012763977,1,73,65,80,Maharashtra,Sentinel-2 NDVI
2019-12-10,2019-12-17,50.0,2019,P130,17.61135784271715,74.03436560834085,Satara,high,priority,0.5447536110877991,1,73,65,80,Maharashtra,Sentinel-2 NDVI
2019-12-10,2019-12-17,50.0,2019,P131,17.612539504496315,74.3171127470388,Satara,high,priority,0.6460949182510376,1,73,65,80,Maharashtra,Sentinel-2 NDVI
2019-12-10,2019-12-17,50.0,2019,P132,17.702176353872684,74.12817617630324,Satara,high,priority,0.14910069108009338,1,73,65,80,Maharashtra,Sentinel-2 NDVI
2019-12-10,2019-12-17,50.0,2019,P133,17.25006363896275,74.08329532420031,Satara,high,priority,0.582328200340271,1,73,65,80,Maharashtra,Sentinel-2 NDVI
2019-12-10,2019-12-17,50.0,2019,P134,17.476429903940936,74.17634784498362,Satara,high,priority,0.5522264838218689,1,73,65,80,Maharashtra,Sentinel-2 NDVI
2019-12-10,2019-12-17,50.0,2019,P135,17.882716437324603,74.0801070669471,Satara,high,priority,0.7343506217002869,1,73,65,80,Maharashtra,Sentinel-2 NDVI
2019-12-10,2019-12-17,50.0,2019,P136,17.928520323345598,74.22149178404871,Satara,high,priority,0.43952879309654236,1,73,65,80,Maharashtra,Sentinel-2 NDVI
2019-12-10,2019-12-17,50.0,2019,P137,17.746687100588183,73.98648378122894,Satara,high,priority,0.48097357153892517,1,73,65,80,Maharashtra,Sentinel-2 NDVI
2019-12-10,2019-12-17,50.0,2019,P138,17.61269557303319,74.36423652697161,Satara,high,priority,0.1982065737247467,1,73,65,80,Maharashtra,Sentinel-2 NDVI
2019-12-10,2019-12-17,50.0,2019,P139,17.656773786946495,74.08126197411994,Satara,high,priority,0.6252055168151855,1,73,65,80,Maharashtra,Sentinel-2 NDVI
2019-12-10,2019-12-17,50.0,2019,P140,17.97464080554139,74.50462240543725,Satara,high,priority,0.6216628551483154,1,73,65,80,Maharashtra,Sentinel-2 NDVI
2019-12-10,2019-12-17,50.0,2019,P141,17.430826677467348,74.08239904488856,Satara,high,priority,0.702205240726471,1,73,65,80,Maharashtra,Sentinel-2 NDVI
2019-12-10,2019-12-17,50.0,2019,P142,18.064447100757786,74.31538707493111,Satara,high,priority,0.7017565369606018,1,73,65,80,Maharashtra,Sentinel-2 NDVI
2019-12-10,2019-12-17,50.0,2019,P143,17.70379500755509,74.6468275971327,Satara,high,priority,0.44624537229537964,1,73,65,80,Maharashtra,Sentinel-2 NDVI
2019-12-10,2019-12-17,50.0,2019,P144,17.929452275465767,74.50474726026674,Satara,high,priority,0.47456222772598267,1,73,65,80,Maharashtra,Sentinel-2 NDVI
2019-12-10,2019-12-17,50.0,2019,P145,17.47773196144854,74.60017202281048,Satara,high,priority,0.4996415674686432,1,73,65,80,Maharashtra,Sentinel-2 NDVI
2019-12-10,2019-12-17,50.0,2019,P146,17.839182233739812,74.55218763637436,Satara,high,priority,0.4636828303337097,1,73,65,80,Maharashtra,Sentinel-2 NDVI
2019-12-10,2019-12-17,50.0,2019,P001,19.940457800458272,74.57045211428928,Ahmednagar,normal,statewide,0.4479418992996216,1,73,65,80,Maharashtra,Sentinel-2 NDVI
2019-12-10,2019-12-17,50.0,2019,P002,18.946729294293643,74.76302285238339,Ahmednagar,normal,statewide,0.33362606167793274,1,73,65,80,Maharashtra,Sentinel-2 NDVI
2019-12-10,2019-12-17,50.0,2019,P003,18.49469238410162,74.66892244285252,Ahmednagar,normal,statewide,-0.29469454288482666,1,73,65,80,Maharashtra,Sentinel-2 NDVI
2019-12-10,2019-12-17,50.0,2019,P004,19.03720445466806,75.1420731965326,Ahmednagar,normal,statewide,0.3464927673339844,1,73,65,80,Maharashtra,Sentinel-2 NDVI
2019-12-10,2019-12-17,50.0,2019,P005,20.832153156317954,77.06560453615967,Akola,normal,statewide,0.6606190204620361,1,73,65,80,Maharashtra,Sentinel-2 NDVI
2019-12-10,2019-12-17,50.0,2019,P006,20.834360411339407,76.87349308547405,Akola,normal,statewide,0.492691308259964,1,73,65,80,Maharashtra,Sentinel-2 NDVI
2019-12-10,2019-12-17,50.0,2019,P007,21.014976299509232,76.87574047240498,Akola,normal,statewide,0.5891238451004028,1,73,65,80,Maharashtra,Sentinel-2 NDVI
2019-12-10,2019-12-17,50.0,2019,P008,20.828434266039377,77.35372489162701,Akola,normal,statewide,0.540772557258606,1,73,65,80,Maharashtra,Sentinel-2 NDVI
2019-12-10,2019-12-17,50.0,2019,P009,21.360971327549258,77.94039543992572,Amravati,normal,statewide,0.2802637815475464,1,73,65,80,Maharashtra,Sentinel-2 NDVI
2019-12-10,2019-12-17,50.0,2019,P011,20.814388097721018,78.21764450702477,Amravati,normal,statewide,0.4307692348957062,1,73,65,80,Maharashtra,Sentinel-2 NDVI
2019-12-10,2019-12-17,50.0,2019,P013,20.031289688916964,74.8570519162974,Aurangabad,normal,statewide,0.5244054794311523,1,73,65,80,Maharashtra,Sentinel-2 NDVI
2019-12-10,2019-12-17,50.0,2019,P014,19.760185263069562,75.14270192978114,Aurangabad,normal,statewide,0.4211612045764923,1,73,65,80,Maharashtra,Sentinel-2 NDVI
2019-12-10,2019-12-17,50.0,2019,P015,19.9408189876436,74.76157364454102,Aurangabad,normal,statewide,0.6201892495155334,1,73,65,80,Maharashtra,Sentinel-2 NDVI
2019-12-10,2019-12-17,50.0,2019,P016,19.66981712112043,75.14262166596218,Aurangabad,normal,statewide,0.1962280124425888,1,73,65,80,Maharashtra,Sentinel-2 NDVI
2019-12-10,2019-12-17,50.0,2019,P017,21.04613203856966,79.85576216552393,Bhandara,normal,statewide,0.3376171886920929,1,73,65,80,Maharashtra,Sentinel-2 NDVI
2019-12-10,2019-12-17,50.0,2019,P018,21.31897105472685,79.76852877161537,Bhandara,normal,statewide,0.26478150486946106,1,73,65,80,Maharashtra,Sentinel-2 NDVI
2019-12-10,2019-12-17,50.0,2019,P019,21.40900922319803,79.77144948280537,Bhandara,normal,statewide,0.40422630310058594,1,73,65,80,Maharashtra,Sentinel-2 NDVI
2019-12-10,2019-12-17,50.0,2019,P020,21.144196588937042,79.57074980349083,Bhandara,normal,statewide,0.3240955173969269,1,73,65,80,Maharashtra,Sentinel-2 NDVI
2019-12-10,2019-12-17,50.0,2019,P021,18.67502288980403,75.52108340877234,Bid,normal,statewide,0.6991938352584839,1,73,65,80,Maharashtra,Sentinel-2 NDVI
2019-12-10,2019-12-17,50.0,2019,P022,18.856499384477168,75.04699178476999,Bid,normal,statewide,0.25495898723602295,1,73,65,80,Maharashtra,Sentinel-2 NDVI
2019-12-10,2019-12-17,50.0,2019,P023,19.126596053486494,75.6175605191647,Bid,normal,statewide,0.6060322523117065,1,73,65,80,Maharashtra,Sentinel-2 NDVI
2019-12-10,2019-12-17,50.0,2019,P024,18.763955201213946,75.90084720909012,Bid,normal,statewide,0.4410240650177002,1,73,65,80,Maharashtra,Sentinel-2 NDVI
2019-12-10,2019-12-17,50.0,2019,P025,20.93073496240753,76.20164478885242,Buldana,normal,statewide,0.6633109450340271,1,73,65,80,Maharashtra,Sentinel-2 NDVI
2019-12-10,2019-12-17,50.0,2019,P026,20.838939908121294,76.39311412898633,Buldana,normal,statewide,0.4362773001194,1,73,65,80,Maharashtra,Sentinel-2 NDVI
2019-12-10,2019-12-17,50.0,2019,P027,20.657476790751314,76.48742857536776,Buldana,normal,statewide,0.3719692528247833,1,73,65,80,Maharashtra,Sentinel-2 NDVI
2019-12-10,2019-12-17,50.0,2019,P028,20.47967013624516,76.10222021266374,Buldana,normal,statewide,0.4921133816242218,1,73,65,80,Maharashtra,Sentinel-2 NDVI
2019-12-10,2019-12-17,50.0,2019,P029,20.32317798477448,79.92829390325927,Chandrapur,normal,statewide,0.5950031280517578,1,73,65,80,Maharashtra,Sentinel-2 NDVI
2019-12-10,2019-12-17,50.0,2019,P030,20.60872097983294,79.36304041732026,Chandrapur,normal,statewide,0.30424395203590393,1,73,65,80,Maharashtra,Sentinel-2 NDVI
2019-12-10,2019-12-17,50.0,2019,P031,20.511160307884595,79.64732594588165,Chandrapur,normal,statewide,0.31295666098594666,1,73,65,80,Maharashtra,Sentinel-2 NDVI
2019-12-10,2019-12-17,50.0,2019,P032,20.598621115946884,79.74569817422172,Chandrapur,normal,statewide,0.363200306892395,1,73,65,80,Maharashtra,Sentinel-2 NDVI
2019-12-10,2019-12-17,50.0,2019,P033,21.38667804512237,75.14422248324037,Dhule,normal,statewide,0.6976743936538696,1,73,65,80,Maharashtra,Sentinel-2 NDVI
2019-12-10,2019-12-17,50.0,2019,P034,21.025151968113196,74.75989256344387,Dhule,normal,statewide,0.39934852719306946,1,73,65,80,Maharashtra,Sentinel-2 NDVI
2019-12-10,2019-12-17,50.0,2019,P035,21.477028350667293,74.85568743137505,Dhule,normal,statewide,0.5420151352882385,1,73,65,80,Maharashtra,Sentinel-2 NDVI
2019-12-10,2019-12-17,50.0,2019,P036,20.933820660336515,74.37533522949364,Dhule,normal,statewide,0.33402347564697266,1,73,65,80,Maharashtra,Sentinel-2 NDVI
2019-12-10,2019-12-17,50.0,2019,P037,19.963056524597132,79.91698116388667,Garhchiroli,normal,statewide,0.6453278660774231,1,73,65,80,Maharashtra,Sentinel-2 NDVI
2019-12-10,2019-12-17,50.0,2019,P038,19.062661462582188,79.88977172925856,Garhchiroli,normal,statewide,0.6300026774406433,1,73,65,80,Maharashtra,Sentinel-2 NDVI
2019-12-10,2019-12-17,50.0,2019,P039,19.510270485428137,79.9981368030594,Garhchiroli,normal,statewide,0.48833993077278137,1,73,65,80,Maharashtra,Sentinel-2 NDVI
2019-12-10,2019-12-17,50.0,2019,P040,19.870365190999156,80.00935144220881,Garhchiroli,normal,statewide,0.4342736601829529,1,73,65,80,Maharashtra,Sentinel-2 NDVI
2019-12-10,2019-12-17,50.0,2019,P041,21.127639946725598,80.1465044724107,Gondiya,normal,statewide,0.22928571701049805,1,73,65,80,Maharashtra,Sentinel-2 NDVI
2019-12-10,2019-12-17,50.0,2019,P042,21.397598383602258,80.15591763473452,Gondiya,normal,statewide,0.6320754885673523,1,73,65,80,Maharashtra,Sentinel-2 NDVI
2019-12-10,2019-12-17,50.0,2019,P043,21.574548890706154,80.25847249986273,Gondiya,normal,statewide,0.385337233543396,1,73,65,80,Maharashtra,Sentinel-2 NDVI
2019-12-10,2019-12-17,50.0,2019,P044,21.211649410572516,80.34153217518526,Gondiya,normal,statewide,0.44658052921295166,1,73,65,80,Maharashtra,Sentinel-2 NDVI
2019-12-10,2019-12-17,50.0,2019,P045,19.655900266732623,77.2407892392464,Hingoli,normal,statewide,0.642615020275116,1,73,65,80,Maharashtra,Sentinel-2 NDVI
2019-12-10,2019-12-17,50.0,2019,P046,19.566758377573187,77.1442675378435,Hingoli,normal,statewide,0.5125309824943542,1,73,65,80,Maharashtra,Sentinel-2 NDVI
2019-12-10,2019-12-17,50.0,2019,P047,19.47860194974656,76.9526242927685,Hingoli,normal,statewide,0.46492281556129456,1,73,65,80,Maharashtra,Sentinel-2 NDVI
2019-12-10,2019-12-17,50.0,2019,P048,19.927981235710728,77.14910120338544,Hingoli,normal,statewide,0.3446115255355835,1,73,65,80,Maharashtra,Sentinel-2 NDVI
2019-12-10,2019-12-17,50.0,2019,P049,21.292738163229433,76.10816865346904,Jalgaon,normal,statewide,0.7590504288673401,1,73,65,80,Maharashtra,Sentinel-2 NDVI
2019-12-10,2019-12-17,50.0,2019,P050,21.386178625804387,75.43363151891216,Jalgaon,normal,statewide,0.15693581104278564,1,73,65,80,Maharashtra,Sentinel-2 NDVI
2019-12-10,2019-12-17,50.0,2019,P051,21.112064306745907,76.10682200495089,Jalgaon,normal,statewide,0.9037643074989319,1,73,65,80,Maharashtra,Sentinel-2 NDVI
2019-12-10,2019-12-17,50.0,2019,P052,20.844437979720194,75.23982115072519,Jalgaon,normal,statewide,0.5909968018531799,1,73,65,80,Maharashtra,Sentinel-2 NDVI
2019-12-10,2019-12-17,50.0,2019,P053,19.486369703781666,76.00005328932718,Jalna,normal,statewide,0.42810294032096863,1,73,65,80,Maharashtra,Sentinel-2 NDVI
2019-12-10,2019-12-17,50.0,2019,P054,20.028502750758555,76.00343774702675,Jalna,normal,statewide,0.20600685477256775,1,73,65,80,Maharashtra,Sentinel-2 NDVI
2019-12-10,2019-12-17,50.0,2019,P055,19.75743845682064,76.00172991132328,Jalna,normal,statewide,0.5322681665420532,1,73,65,80,Maharashtra,Sentinel-2 NDVI
2019-12-10,2019-12-17,50.0,2019,P056,19.57768317515413,75.80993951591351,Jalna,normal,statewide,0.3994194567203522,1,73,65,80,Maharashtra,Sentinel-2 NDVI
2019-12-10,2019-12-17,50.0,2019,P057,16.776377793156257,74.29671235971928,Kolhapur,normal,statewide,0.3129032254219055,1,73,65,80,Maharashtra,Sentinel-2 NDVI
2019-12-10,2019-12-17,50.0,2019,P058,16.324416687682138,74.29834884980589,Kolhapur,normal,statewide,0.7636927366256714,1,73,65,80,Maharashtra,Sentinel-2 NDVI
2019-12-10,2019-12-17,50.0,2019,P059,16.595891218916975,74.39111598812178,Kolhapur,normal,statewide,0.6686322689056396,1,73,65,80,Maharashtra,Sentinel-2 NDVI
2019-12-10,2019-12-17,50.0,2019,P060,16.414811584237594,74.29802779453004,Kolhapur,normal,statewide,0.2923692762851715,1,73,65,80,Maharashtra,Sentinel-2 NDVI
2019-12-10,2019-12-17,50.0,2019,P086,21.054127206758487,79.56798961993874,Nagpur,normal,statewide,0.19085219502449036,1,73,65,80,Maharashtra,Sentinel-2 NDVI
2019-12-10,2019-12-17,50.0,2019,P087,21.146765031143822,79.47473643960802,Nagpur,normal,statewide,0.5492507815361023,1,73,65,80,Maharashtra,Sentinel-2 NDVI
2019-12-10,2019-12-17,50.0,2019,P089,21.165377318940912,78.70615240473293,Nagpur,normal,statewide,0.3362305164337158,1,73,65,80,Maharashtra,Sentinel-2 NDVI
2019-12-10,2019-12-17,50.0,2019,P091,18.566038000956755,77.69963965584807,Nanded,normal,statewide,0.25742092728614807,1,73,65,80,Maharashtra,Sentinel-2 NDVI
2019-12-10,2019-12-17,50.0,2019,P092,19.736596618496833,77.90946265591798,Nanded,normal,statewide,0.6945633888244629,1,73,65,80,Maharashtra,Sentinel-2 NDVI
2019-12-10,2019-12-17,50.0,2019,P093,18.93564842817583,77.04115528508362,Nanded,normal,statewide,0.5186876654624939,1,73,65,80,Maharashtra,Sentinel-2 NDVI
2019-12-10,2019-12-17,50.0,2019,P094,21.564917232430716,74.08292967791392,Nandurbar,normal,statewide,0.6040440201759338,1,73,65,80,Maharashtra,Sentinel-2 NDVI
2019-12-10,2019-12-17,50.0,2019,P095,21.5662594218478,74.37266422796263,Nandurbar,normal,statewide,0.7377649545669556,1,73,65,80,Maharashtra,Sentinel-2 NDVI
2019-12-10,2019-12-17,50.0,2019,P096,21.385179787168415,74.27697637845674,Nandurbar,normal,statewide,0.36402878165245056,1,73,65,80,Maharashtra,Sentinel-2 NDVI
2019-12-10,2019-12-17,50.0,2019,P097,21.565421110849755,74.17950488852946,Nandurbar,normal,statewide,0.7407114505767822,1,73,65,80,Maharashtra,Sentinel-2 NDVI
2019-12-10,2019-12-17,50.0,2019,P098,20.299553667393326,73.99482675929994,Nashik,normal,statewide,0.3653952479362488,1,73,65,80,Maharashtra,Sentinel-2 NDVI
2019-12-10,2019-12-17,50.0,2019,P099,20.120253214034264,74.28296495117151,Nashik,normal,statewide,0.32367971539497375,1,73,65,80,Maharashtra,Sentinel-2 NDVI
2019-12-10,2019-12-17,50.0,2019,P100,20.389903972938242,73.99424261706194,Nashik,normal,statewide,0.1957848072052002,1,73,65,80,Maharashtra,Sentinel-2 NDVI
2019-12-10,2019-12-17,50.0,2019,P101,20.029015547379707,74.09216447619562,Nashik,normal,statewide,0.5968286991119385,1,73,65,80,Maharashtra,Sentinel-2 NDVI
2019-12-10,2019-12-17,50.0,2019,P105,18.584360447185368,75.61558067829696,Osmanabad,normal,statewide,0.3310201168060303,1,73,65,80,Maharashtra,Sentinel-2 NDVI
2019-12-10,2019-12-17,50.0,2019,P106,19.031389786894366,76.47235681380711,Parbhani,normal,statewide,0.6285014748573303,1,73,65,80,Maharashtra,Sentinel-2 NDVI
2019-12-10,2019-12-17,50.0,2019,P107,19.120950831552832,76.56820519095093,Parbhani,normal,statewide,0.36823105812072754,1,73,65,80,Maharashtra,Sentinel-2 NDVI
2019-12-10,2019-12-17,50.0,2019,P108,19.208625676465683,76.85432786914635,Parbhani,normal,statewide,0.1431049406528473,1,73,65,80,Maharashtra,Sentinel-2 NDVI
2019-12-10,2019-12-17,50.0,2019,P109,19.212081479782103,76.47396209018636,Parbhani,normal,statewide,0.3839925229549408,1,73,65,80,Maharashtra,Sentinel-2 NDVI
2019-12-10,2019-12-17,50.0,2019,P110,18.133442771357757,75.04679558432363,Pune,normal,statewide,0.4052160382270813,1,73,65,80,Maharashtra,Sentinel-2 NDVI
2019-12-10,2019-12-17,50.0,2019,P111,18.584645829652782,74.47919215212944,Pune,normal,statewide,0.40045395493507385,1,73,65,80,Maharashtra,Sentinel-2 NDVI
2019-12-10,2019-12-17,50.0,2019,P112,18.132979024848197,74.57507620208169,Pune,normal,statewide,0.450859934091568,1,73,65,80,Maharashtra,Sentinel-2 NDVI
2019-12-10,2019-12-17,50.0,2019,P113,18.314072036830744,74.76389683618987,Pune,normal,statewide,0.3941163122653961,1,73,65,80,Maharashtra,Sentinel-2 NDVI
2019-12-10,2019-12-17,50.0,2019,P114,18.48503397121986,73.0589238755964,Raigarh,normal,statewide,0.3686176836490631,1,73,65,80,Maharashtra,Sentinel-2 NDVI
2019-12-10,2019-12-17,50.0,2019,P115,18.665689991299164,73.05687714821288,Raigarh,normal,statewide,-0.04730831831693649,1,73,65,80,Maharashtra,Sentinel-2 NDVI
2019-12-10,2019-12-17,50.0,2019,P116,18.306197264370358,73.25009891506079,Raigarh,normal,statewide,0.6320000290870667,1,73,65,80,Maharashtra,Sentinel-2 NDVI
2019-12-10,2019-12-17,50.0,2019,P117,18.21404102289879,73.06194714611064,Raigarh,normal,statewide,0.24834193289279938,1,73,65,80,Maharashtra,Sentinel-2 NDVI
2019-12-10,2019-12-17,50.0,2019,P118,17.138719885658215,75.42259970290594,Sangli,normal,statewide,0.45915135741233826,1,73,65,80,Maharashtra,Sentinel-2 NDVI
2019-12-10,2019-12-17,50.0,2019,P119,17.048761981005992,74.95348443567921,Sangli,normal,statewide,0.20092113316059113,1,73,65,80,Maharashtra,Sentinel-2 NDVI
2019-12-10,2019-12-17,50.0,2019,P120,16.86707144948229,74.39025538161847,Sangli,normal,statewide,0.4958803057670593,1,73,65,80,Maharashtra,Sentinel-2 NDVI
2019-12-10,2019-12-17,50.0,2019,P121,17.048503353144895,74.67157114887826,Sangli,normal,statewide,0.22985859215259552,1,73,65,80,Maharashtra,Sentinel-2 NDVI
2019-12-10,2019-12-17,50.0,2019,P149,18.223365003201543,75.4251413905064,Solapur,normal,statewide,0.7578116655349731,1,73,65,80,Maharashtra,Sentinel-2 NDVI
2019-12-10,2019-12-17,50.0,2019,P150,17.952532582518405,75.23562067753285,Solapur,normal,statewide,0.42729711532592773,1,73,65,80,Maharashtra,Sentinel-2 NDVI
2019-12-10,2019-12-17,50.0,2019,P151,18.223690517578447,75.23598186471818,Solapur,normal,statewide,0.518684446811676,1,73,65,80,Maharashtra,Sentinel-2 NDVI
2019-12-10,2019-12-17,50.0,2019,P152,19.658178867370932,72.94986318203122,Thane,normal,statewide,0.44689181447029114,1,73,65,80,Maharashtra,Sentinel-2 NDVI
2019-12-10,2019-12-17,50.0,2019,P153,19.65706409210757,72.8545320606096,Thane,normal,statewide,0.47130605578422546,1,73,65,80,Maharashtra,Sentinel-2 NDVI
2019-12-10,2019-12-17,50.0,2019,P154,19.477549601897948,72.95214624177059,Thane,normal,statewide,0.23467998206615448,1,73,65,80,Maharashtra,Sentinel-2 NDVI
2019-12-10,2019-12-17,50.0,2019,P155,19.83987385799569,73.0429959666335,Thane,normal,statewide,0.31316590309143066,1,73,65,80,Maharashtra,Sentinel-2 NDVI
2019-12-10,2019-12-17,50.0,2019,P156,20.806749657616468,78.60135461177485,Wardha,normal,statewide,0.523902177810669,1,73,65,80,Maharashtra,Sentinel-2 NDVI
2019-12-10,2019-12-17,50.0,2019,P157,20.71031267913359,78.88671032458906,Wardha,normal,statewide,0.5342279076576233,1,73,65,80,Maharashtra,Sentinel-2 NDVI
2019-12-10,2019-12-17,50.0,2019,P159,20.439854822938944,78.87986114537097,Wardha,normal,statewide,0.573087751865387,1,73,65,80,Maharashtra,Sentinel-2 NDVI
2019-12-10,2019-12-17,50.0,2019,P160,20.289186257444058,77.15404188735265,Washim,normal,statewide,0.4753451645374298,1,73,65,80,Maharashtra,Sentinel-2 NDVI
2019-12-10,2019-12-17,50.0,2019,P161,20.464607292886615,77.53975858757677,Washim,normal,statewide,0.3757142722606659,1,73,65,80,Maharashtra,Sentinel-2 NDVI
2019-12-10,2019-12-17,50.0,2019,P162,20.107393166596125,77.2471479173486,Washim,normal,statewide,0.36580201983451843,1,73,65,80,Maharashtra,Sentinel-2 NDVI
2019-12-10,2019-12-17,50.0,2019,P163,20.198885002010726,77.1527933390577,Washim,normal,statewide,0.27586206793785095,1,73,65,80,Maharashtra,Sentinel-2 NDVI
2019-12-10,2019-12-17,50.0,2019,P164,20.182854533723592,78.20447678161395,Yavatmal,normal,statewide,0.24144409596920013,1,73,65,80,Maharashtra,Sentinel-2 NDVI
2019-12-10,2019-12-17,50.0,2019,P165,19.894658373538324,79.05709703494229,Yavatmal,normal,statewide,0.6252854466438293,1,73,65,80,Maharashtra,Sentinel-2 NDVI
2019-12-10,2019-12-17,50.0,2019,P166,19.468787468327925,77.71426550730338,Yavatmal,normal,statewide,0.5782003998756409,1,73,65,80,Maharashtra,Sentinel-2 NDVI
2019-12-10,2019-12-17,50.0,2019,P167,19.559057510053886,77.71577268345945,Yavatmal,normal,statewide,0.3101736903190613,1,73,65,80,Maharashtra,Sentinel-2 NDVI
2019-12-17,2019-12-24,51.0,2019,P147,17.927231643141155,73.94769852026607,Satara,case_study,case_study,0.621004581451416,1,64,65,80,Maharashtra,Sentinel-2 NDVI
2019-12-17,2019-12-24,51.0,2019,P062,18.422405896924207,76.3487594508077,Latur,high,priority,0.2268839031457901,1,64,65,80,Maharashtra,Sentinel-2 NDVI
2019-12-17,2019-12-24,51.0,2019,P063,18.235391198742693,77.05646783810116,Latur,high,priority,0.5131353735923767,1,64,65,80,Maharashtra,Sentinel-2 NDVI
2019-12-17,2019-12-24,51.0,2019,P064,18.193056493341274,76.77240080549139,Latur,high,priority,0.4698113203048706,1,64,65,80,Maharashtra,Sentinel-2 NDVI
2019-12-17,2019-12-24,51.0,2019,P065,18.331355512513895,76.44266811899327,Latur,high,priority,0.34433284401893616,1,64,65,80,Maharashtra,Sentinel-2 NDVI
2019-12-17,2019-12-24,51.0,2019,P067,18.280552974211986,77.0569984711265,Latur,high,priority,0.45309826731681824,1,64,65,80,Maharashtra,Sentinel-2 NDVI
2019-12-17,2019-12-24,51.0,2019,P068,18.101823285787773,76.86595720469373,Latur,high,priority,0.5226658582687378,1,64,65,80,Maharashtra,Sentinel-2 NDVI
2019-12-17,2019-12-24,51.0,2019,P069,18.595075667016793,77.20284228928156,Latur,high,priority,0.5224816799163818,1,64,65,80,Maharashtra,Sentinel-2 NDVI
2019-12-17,2019-12-24,51.0,2019,P070,18.41499041187233,77.15322587185987,Latur,high,priority,0.27618205547332764,1,64,65,80,Maharashtra,Sentinel-2 NDVI
2019-12-17,2019-12-24,51.0,2019,P071,18.149138807065885,76.63019561379593,Latur,high,priority,0.7765567898750305,1,64,65,80,Maharashtra,Sentinel-2 NDVI
2019-12-17,2019-12-24,51.0,2019,P072,18.283393421583035,76.77331492120734,Latur,high,priority,0.23997969925403595,1,64,65,80,Maharashtra,Sentinel-2 NDVI
2019-12-17,2019-12-24,51.0,2019,P073,17.966315663874607,76.86453029235662,Latur,high,priority,0.29054883122444153,1,64,65,80,Maharashtra,Sentinel-2 NDVI
2019-12-17,2019-12-24,51.0,2019,P074,18.50832831512306,76.870318205524,Latur,high,priority,0.36927852034568787,1,64,65,80,Maharashtra,Sentinel-2 NDVI
2019-12-17,2019-12-24,51.0,2019,P075,18.41444640154381,77.20053247493588,Latur,high,priority,0.3955296277999878,1,64,65,80,Maharashtra,Sentinel-2 NDVI
2019-12-17,2019-12-24,51.0,2019,P076,18.377877313804504,76.25376722106614,Latur,high,priority,0.2914389669895172,1,64,65,80,Maharashtra,Sentinel-2 NDVI
2019-12-17,2019-12-24,51.0,2019,P077,18.059564385104267,76.5349046242838,Latur,high,priority,0.4255940020084381,1,64,65,80,Maharashtra,Sentinel-2 NDVI
2019-12-17,2019-12-24,51.0,2019,P078,18.1008824154655,76.96042326051098,Latur,high,priority,0.6436170339584351,1,64,65,80,Maharashtra,Sentinel-2 NDVI
2019-12-17,2019-12-24,51.0,2019,P079,18.73508698099394,76.77797468180819,Latur,high,priority,0.49091991782188416,1,64,65,80,Maharashtra,Sentinel-2 NDVI
2019-12-17,2019-12-24,51.0,2019,P080,18.46791548227568,76.3017694439065,Latur,high,priority,0.12043435126543045,1,64,65,80,Maharashtra,Sentinel-2 NDVI
2019-12-17,2019-12-24,51.0,2019,P081,18.10355787609756,76.67701617485712,Latur,high,priority,0.40973421931266785,1,64,65,80,Maharashtra,Sentinel-2 NDVI
2019-12-17,2019-12-24,51.0,2019,P082,18.23907887531389,76.67830931416262,Latur,high,priority,0.3092063367366791,1,64,65,80,Maharashtra,Sentinel-2 NDVI
2019-12-17,2019-12-24,51.0,2019,P083,18.369289085175563,77.19996171000103,Latur,high,priority,0.2941727638244629,1,64,65,80,Maharashtra,Sentinel-2 NDVI
2019-12-17,2019-12-24,51.0,2019,P084,18.46362582706226,76.82249880582684,Latur,high,priority,0.35040083527565,1,64,65,80,Maharashtra,Sentinel-2 NDVI
2019-12-17,2019-12-24,51.0,2019,P085,18.14788579966987,76.77194597718393,Latur,high,priority,0.3086419701576233,1,64,65,80,Maharashtra,Sentinel-2 NDVI
2019-12-17,2019-12-24,51.0,2019,P122,17.88145897082753,73.8441448165019,Satara,high,priority,0.43377482891082764,1,64,65,80,Maharashtra,Sentinel-2 NDVI
2019-12-17,2019-12-24,51.0,2019,P123,17.386414030975025,74.27088970551878,Satara,high,priority,0.34225621819496155,1,64,65,80,Maharashtra,Sentinel-2 NDVI
2019-12-17,2019-12-24,51.0,2019,P124,17.43262815429294,74.647353771057,Satara,high,priority,0.1606191247701645,1,64,65,80,Maharashtra,Sentinel-2 NDVI
2019-12-17,2019-12-24,51.0,2019,P125,17.56734651531964,74.31728219287884,Satara,high,priority,0.3637921214103699,1,64,65,80,Maharashtra,Sentinel-2 NDVI
2019-12-17,2019-12-24,51.0,2019,P126,17.205080227535593,74.13053949986157,Satara,high,priority,0.6261508464813232,1,64,65,80,Maharashtra,Sentinel-2 NDVI
2019-12-17,2019-12-24,51.0,2019,P127,17.65773249367299,74.31694330119876,Satara,high,priority,0.44208696484565735,1,64,65,80,Maharashtra,Sentinel-2 NDVI
2019-12-17,2019-12-24,51.0,2019,P128,18.019949731345452,74.5517328080669,Satara,high,priority,0.2427973449230194,1,64,65,80,Maharashtra,Sentinel-2 NDVI
2019-12-17,2019-12-24,51.0,2019,P129,18.063234225271252,74.03192648006461,Satara,high,priority,0.21802514791488647,1,64,65,80,Maharashtra,Sentinel-2 NDVI
2019-12-17,2019-12-24,51.0,2019,P131,17.612539504496315,74.3171127470388,Satara,high,priority,0.6728231906890869,1,64,65,80,Maharashtra,Sentinel-2 NDVI
2019-12-17,2019-12-24,51.0,2019,P132,17.702176353872684,74.12817617630324,Satara,high,priority,0.19769631326198578,1,64,65,80,Maharashtra,Sentinel-2 NDVI
2019-12-17,2019-12-24,51.0,2019,P133,17.25006363896275,74.08329532420031,Satara,high,priority,0.5881859660148621,1,64,65,80,Maharashtra,Sentinel-2 NDVI
2019-12-17,2019-12-24,51.0,2019,P134,17.476429903940936,74.17634784498362,Satara,high,priority,0.6937256455421448,1,64,65,80,Maharashtra,Sentinel-2 NDVI
2019-12-17,2019-12-24,51.0,2019,P135,17.882716437324603,74.0801070669471,Satara,high,priority,0.6902689337730408,1,64,65,80,Maharashtra,Sentinel-2 NDVI
2019-12-17,2019-12-24,51.0,2019,P136,17.928520323345598,74.22149178404871,Satara,high,priority,0.4134643077850342,1,64,65,80,Maharashtra,Sentinel-2 NDVI
2019-12-17,2019-12-24,51.0,2019,P137,17.746687100588183,73.98648378122894,Satara,high,priority,0.3861544728279114,1,64,65,80,Maharashtra,Sentinel-2 NDVI
2019-12-17,2019-12-24,51.0,2019,P138,17.61269557303319,74.36423652697161,Satara,high,priority,0.29216694831848145,1,64,65,80,Maharashtra,Sentinel-2 NDVI
2019-12-17,2019-12-24,51.0,2019,P139,17.656773786946495,74.08126197411994,Satara,high,priority,0.5371891260147095,1,64,65,80,Maharashtra,Sentinel-2 NDVI
2019-12-17,2019-12-24,51.0,2019,P141,17.430826677467348,74.08239904488856,Satara,high,priority,0.6041236519813538,1,64,65,80,Maharashtra,Sentinel-2 NDVI
2019-12-17,2019-12-24,51.0,2019,P142,18.064447100757786,74.31538707493111,Satara,high,priority,0.6321420073509216,1,64,65,80,Maharashtra,Sentinel-2 NDVI
2019-12-17,2019-12-24,51.0,2019,P143,17.70379500755509,74.6468275971327,Satara,high,priority,0.47690218687057495,1,64,65,80,Maharashtra,Sentinel-2 NDVI
2019-12-17,2019-12-24,51.0,2019,P145,17.47773196144854,74.60017202281048,Satara,high,priority,0.6608841419219971,1,64,65,80,Maharashtra,Sentinel-2 NDVI
2019-12-17,2019-12-24,51.0,2019,P146,17.839182233739812,74.55218763637436,Satara,high,priority,0.47080662846565247,1,64,65,80,Maharashtra,Sentinel-2 NDVI
2019-12-17,2019-12-24,51.0,2019,P002,18.946729294293643,74.76302285238339,Ahmednagar,normal,statewide,0.29204320907592773,1,64,65,80,Maharashtra,Sentinel-2 NDVI
2019-12-17,2019-12-24,51.0,2019,P003,18.49469238410162,74.66892244285252,Ahmednagar,normal,statewide,0.169040247797966,1,64,65,80,Maharashtra,Sentinel-2 NDVI
2019-12-17,2019-12-24,51.0,2019,P004,19.03720445466806,75.1420731965326,Ahmednagar,normal,statewide,0.31268012523651123,1,64,65,80,Maharashtra,Sentinel-2 NDVI
2019-12-17,2019-12-24,51.0,2019,P005,20.832153156317954,77.06560453615967,Akola,normal,statewide,0.4738430678844452,1,64,65,80,Maharashtra,Sentinel-2 NDVI
2019-12-17,2019-12-24,51.0,2019,P006,20.834360411339407,76.87349308547405,Akola,normal,statewide,0.3560013473033905,1,64,65,80,Maharashtra,Sentinel-2 NDVI
2019-12-17,2019-12-24,51.0,2019,P007,21.014976299509232,76.87574047240498,Akola,normal,statewide,0.4261821508407593,1,64,65,80,Maharashtra,Sentinel-2 NDVI
2019-12-17,2019-12-24,51.0,2019,P008,20.828434266039377,77.35372489162701,Akola,normal,statewide,0.3949838876724243,1,64,65,80,Maharashtra,Sentinel-2 NDVI
2019-12-17,2019-12-24,51.0,2019,P009,21.360971327549258,77.94039543992572,Amravati,normal,statewide,0.35142844915390015,1,64,65,80,Maharashtra,Sentinel-2 NDVI
2019-12-17,2019-12-24,51.0,2019,P010,21.178803672212837,78.03301542790685,Amravati,normal,statewide,0.3013671040534973,1,64,65,80,Maharashtra,Sentinel-2 NDVI
2019-12-17,2019-12-24,51.0,2019,P011,20.814388097721018,78.21764450702477,Amravati,normal,statewide,0.5329065918922424,1,64,65,80,Maharashtra,Sentinel-2 NDVI
2019-12-17,2019-12-24,51.0,2019,P012,21.180502589714195,77.93681032267875,Amravati,normal,statewide,0.20571428537368774,1,64,65,80,Maharashtra,Sentinel-2 NDVI
2019-12-17,2019-12-24,51.0,2019,P013,20.031289688916964,74.8570519162974,Aurangabad,normal,statewide,0.47167325019836426,1,64,65,80,Maharashtra,Sentinel-2 NDVI
2019-12-17,2019-12-24,51.0,2019,P015,19.9408189876436,74.76157364454102,Aurangabad,normal,statewide,0.4906574487686157,1,64,65,80,Maharashtra,Sentinel-2 NDVI
2019-12-17,2019-12-24,51.0,2019,P017,21.04613203856966,79.85576216552393,Bhandara,normal,statewide,0.3457705080509186,1,64,65,80,Maharashtra,Sentinel-2 NDVI
2019-12-17,2019-12-24,51.0,2019,P018,21.31897105472685,79.76852877161537,Bhandara,normal,statewide,0.2796841859817505,1,64,65,80,Maharashtra,Sentinel-2 NDVI
2019-12-17,2019-12-24,51.0,2019,P019,21.40900922319803,79.77144948280537,Bhandara,normal,statewide,0.35079050064086914,1,64,65,80,Maharashtra,Sentinel-2 NDVI
2019-12-17,2019-12-24,51.0,2019,P020,21.144196588937042,79.57074980349083,Bhandara,normal,statewide,0.36712750792503357,1,64,65,80,Maharashtra,Sentinel-2 NDVI
2019-12-17,2019-12-24,51.0,2019,P022,18.856499384477168,75.04699178476999,Bid,normal,statewide,0.30246368050575256,1,64,65,80,Maharashtra,Sentinel-2 NDVI
2019-12-17,2019-12-24,51.0,2019,P023,19.126596053486494,75.6175605191647,Bid,normal,statewide,0.565514862537384,1,64,65,80,Maharashtra,Sentinel-2 NDVI
2019-12-17,2019-12-24,51.0,2019,P024,18.763955201213946,75.90084720909012,Bid,normal,statewide,0.3259986937046051,1,64,65,80,Maharashtra,Sentinel-2 NDVI
2019-12-17,2019-12-24,51.0,2019,P025,20.93073496240753,76.20164478885242,Buldana,normal,statewide,0.561861515045166,1,64,65,80,Maharashtra,Sentinel-2 NDVI
2019-12-17,2019-12-24,51.0,2019,P026,20.838939908121294,76.39311412898633,Buldana,normal,statewide,0.37134504318237305,1,64,65,80,Maharashtra,Sentinel-2 NDVI
2019-12-17,2019-12-24,51.0,2019,P028,20.47967013624516,76.10222021266374,Buldana,normal,statewide,0.27487561106681824,1,64,65,80,Maharashtra,Sentinel-2 NDVI
2019-12-17,2019-12-24,51.0,2019,P029,20.32317798477448,79.92829390325927,Chandrapur,normal,statewide,0.5834748148918152,1,64,65,80,Maharashtra,Sentinel-2 NDVI
2019-12-17,2019-12-24,51.0,2019,P030,20.60872097983294,79.36304041732026,Chandrapur,normal,statewide,0.30747750401496887,1,64,65,80,Maharashtra,Sentinel-2 NDVI
2019-12-17,2019-12-24,51.0,2019,P031,20.511160307884595,79.64732594588165,Chandrapur,normal,statewide,0.3173617124557495,1,64,65,80,Maharashtra,Sentinel-2 NDVI
2019-12-17,2019-12-24,51.0,2019,P032,20.598621115946884,79.74569817422172,Chandrapur,normal,statewide,0.4691063463687897,1,64,65,80,Maharashtra,Sentinel-2 NDVI
2019-12-17,2019-12-24,51.0,2019,P037,19.963056524597132,79.91698116388667,Garhchiroli,normal,statewide,0.5888800024986267,1,64,65,80,Maharashtra,Sentinel-2 NDVI
2019-12-17,2019-12-24,51.0,2019,P038,19.062661462582188,79.88977172925856,Garhchiroli,normal,statewide,0.5990279316902161,1,64,65,80,Maharashtra,Sentinel-2 NDVI
2019-12-17,2019-12-24,51.0,2019,P039,19.510270485428137,79.9981368030594,Garhchiroli,normal,statewide,0.511936366558075,1,64,65,80,Maharashtra,Sentinel-2 NDVI
2019-12-17,2019-12-24,51.0,2019,P040,19.870365190999156,80.00935144220881,Garhchiroli,normal,statewide,0.4571980834007263,1,64,65,80,Maharashtra,Sentinel-2 NDVI
2019-12-17,2019-12-24,51.0,2019,P041,21.127639946725598,80.1465044724107,Gondiya,normal,statewide,0.2603406310081482,1,64,65,80,Maharashtra,Sentinel-2 NDVI
2019-12-17,2019-12-24,51.0,2019,P042,21.397598383602258,80.15591763473452,Gondiya,normal,statewide,0.5972482562065125,1,64,65,80,Maharashtra,Sentinel-2 NDVI
2019-12-17,2019-12-24,51.0,2019,P043,21.574548890706154,80.25847249986273,Gondiya,normal,statewide,0.40134528279304504,1,64,65,80,Maharashtra,Sentinel-2 NDVI
2019-12-17,2019-12-24,51.0,2019,P044,21.211649410572516,80.34153217518526,Gondiya,normal,statewide,0.41922563314437866,1,64,65,80,Maharashtra,Sentinel-2 NDVI
2019-12-17,2019-12-24,51.0,2019,P045,19.655900266732623,77.2407892392464,Hingoli,normal,statewide,0.7289448380470276,1,64,65,80,Maharashtra,Sentinel-2 NDVI
2019-12-17,2019-12-24,51.0,2019,P046,19.566758377573187,77.1442675378435,Hingoli,normal,statewide,0.5048966407775879,1,64,65,80,Maharashtra,Sentinel-2 NDVI
2019-12-17,2019-12-24,51.0,2019,P047,19.47860194974656,76.9526242927685,Hingoli,normal,statewide,0.3734177350997925,1,64,65,80,Maharashtra,Sentinel-2 NDVI
2019-12-17,2019-12-24,51.0,2019,P048,19.927981235710728,77.14910120338544,Hingoli,normal,statewide,0.33859983086586,1,64,65,80,Maharashtra,Sentinel-2 NDVI
2019-12-17,2019-12-24,51.0,2019,P049,21.292738163229433,76.10816865346904,Jalgaon,normal,statewide,0.5174150466918945,1,64,65,80,Maharashtra,Sentinel-2 NDVI
2019-12-17,2019-12-24,51.0,2019,P053,19.486369703781666,76.00005328932718,Jalna,normal,statewide,0.4246014654636383,1,64,65,80,Maharashtra,Sentinel-2 NDVI
2019-12-17,2019-12-24,51.0,2019,P054,20.028502750758555,76.00343774702675,Jalna,normal,statewide,0.25147947669029236,1,64,65,80,Maharashtra,Sentinel-2 NDVI
2019-12-17,2019-12-24,51.0,2019,P055,19.75743845682064,76.00172991132328,Jalna,normal,statewide,0.5090709328651428,1,64,65,80,Maharashtra,Sentinel-2 NDVI
2019-12-17,2019-12-24,51.0,2019,P056,19.57768317515413,75.80993951591351,Jalna,normal,statewide,0.4244527518749237,1,64,65,80,Maharashtra,Sentinel-2 NDVI
2019-12-17,2019-12-24,51.0,2019,P057,16.776377793156257,74.29671235971928,Kolhapur,normal,statewide,0.33361029624938965,1,64,65,80,Maharashtra,Sentinel-2 NDVI
2019-12-17,2019-12-24,51.0,2019,P058,16.324416687682138,74.29834884980589,Kolhapur,normal,statewide,0.8013544082641602,1,64,65,80,Maharashtra,Sentinel-2 NDVI
2019-12-17,2019-12-24,51.0,2019,P059,16.595891218916975,74.39111598812178,Kolhapur,normal,statewide,0.7303902506828308,1,64,65,80,Maharashtra,Sentinel-2 NDVI
2019-12-17,2019-12-24,51.0,2019,P060,16.414811584237594,74.29802779453004,Kolhapur,normal,statewide,0.3583032488822937,1,64,65,80,Maharashtra,Sentinel-2 NDVI
2019-12-17,2019-12-24,51.0,2019,P086,21.054127206758487,79.56798961993874,Nagpur,normal,statewide,0.22305528819561005,1,64,65,80,Maharashtra,Sentinel-2 NDVI
2019-12-17,2019-12-24,51.0,2019,P087,21.146765031143822,79.47473643960802,Nagpur,normal,statewide,0.6611841917037964,1,64,65,80,Maharashtra,Sentinel-2 NDVI
2019-12-17,2019-12-24,51.0,2019,P088,21.347803602138427,78.61442869606356,Nagpur,normal,statewide,0.727308452129364,1,64,65,80,Maharashtra,Sentinel-2 NDVI
2019-12-17,2019-12-24,51.0,2019,P089,21.165377318940912,78.70615240473293,Nagpur,normal,statewide,0.3489196002483368,1,64,65,80,Maharashtra,Sentinel-2 NDVI
2019-12-17,2019-12-24,51.0,2019,P090,19.201968238592887,77.42470040309472,Nanded,normal,statewide,0.43608713150024414,1,64,65,80,Maharashtra,Sentinel-2 NDVI
2019-12-17,2019-12-24,51.0,2019,P091,18.566038000956755,77.69963965584807,Nanded,normal,statewide,0.33736711740493774,1,64,65,80,Maharashtra,Sentinel-2 NDVI
2019-12-17,2019-12-24,51.0,2019,P092,19.736596618496833,77.90946265591798,Nanded,normal,statewide,0.5385655164718628,1,64,65,80,Maharashtra,Sentinel-2 NDVI
2019-12-17,2019-12-24,51.0,2019,P094,21.564917232430716,74.08292967791392,Nandurbar,normal,statewide,0.5556994676589966,1,64,65,80,Maharashtra,Sentinel-2 NDVI
2019-12-17,2019-12-24,51.0,2019,P101,20.029015547379707,74.09216447619562,Nashik,normal,statewide,0.15662814676761627,1,64,65,80,Maharashtra,Sentinel-2 NDVI
2019-12-17,2019-12-24,51.0,2019,P102,17.85749130266526,76.36802722645965,Osmanabad,normal,statewide,0.20511339604854584,1,64,65,80,Maharashtra,Sentinel-2 NDVI
2019-12-17,2019-12-24,51.0,2019,P103,17.76644983645705,76.46164605307673,Osmanabad,normal,statewide,0.516165018081665,1,64,65,80,Maharashtra,Sentinel-2 NDVI
2019-12-17,2019-12-24,51.0,2019,P104,17.949094615606196,76.17989775301476,Osmanabad,normal,statewide,0.20530638098716736,1,64,65,80,Maharashtra,Sentinel-2 NDVI
2019-12-17,2019-12-24,51.0,2019,P105,18.584360447185368,75.61558067829696,Osmanabad,normal,statewide,0.2895170748233795,1,64,65,80,Maharashtra,Sentinel-2 NDVI
2019-12-17,2019-12-24,51.0,2019,P106,19.031389786894366,76.47235681380711,Parbhani,normal,statewide,0.5843712091445923,1,64,65,80,Maharashtra,Sentinel-2 NDVI
2019-12-17,2019-12-24,51.0,2019,P107,19.120950831552832,76.56820519095093,Parbhani,normal,statewide,0.3818589150905609,1,64,65,80,Maharashtra,Sentinel-2 NDVI
2019-12-17,2019-12-24,51.0,2019,P108,19.208625676465683,76.85432786914635,Parbhani,normal,statewide,0.1297968327999115,1,64,65,80,Maharashtra,Sentinel-2 NDVI
2019-12-17,2019-12-24,51.0,2019,P110,18.133442771357757,75.04679558432363,Pune,normal,statewide,0.39845195412635803,1,64,65,80,Maharashtra,Sentinel-2 NDVI
2019-12-17,2019-12-24,51.0,2019,P111,18.584645829652782,74.47919215212944,Pune,normal,statewide,0.2175675630569458,1,64,65,80,Maharashtra,Sentinel-2 NDVI
2019-12-17,2019-12-24,51.0,2019,P112,18.132979024848197,74.57507620208169,Pune,normal,statewide,0.37753424048423767,1,64,65,80,Maharashtra,Sentinel-2 NDVI
2019-12-17,2019-12-24,51.0,2019,P113,18.314072036830744,74.76389683618987,Pune,normal,statewide,0.24662402272224426,1,64,65,80,Maharashtra,Sentinel-2 NDVI
2019-12-17,2019-12-24,51.0,2019,P114,18.48503397121986,73.0589238755964,Raigarh,normal,statewide,0.3691997230052948,1,64,65,80,Maharashtra,Sentinel-2 NDVI
2019-12-17,2019-12-24,51.0,2019,P115,18.665689991299164,73.05687714821288,Raigarh,normal,statewide,0.19278466701507568,1,64,65,80,Maharashtra,Sentinel-2 NDVI
2019-12-17,2019-12-24,51.0,2019,P116,18.306197264370358,73.25009891506079,Raigarh,normal,statewide,0.4784305989742279,1,64,65,80,Maharashtra,Sentinel-2 NDVI
2019-12-17,2019-12-24,51.0,2019,P117,18.21404102289879,73.06194714611064,Raigarh,normal,statewide,0.2415730357170105,1,64,65,80,Maharashtra,Sentinel-2 NDVI
2019-12-17,2019-12-24,51.0,2019,P118,17.138719885658215,75.42259970290594,Sangli,normal,statewide,0.38836249709129333,1,64,65,80,Maharashtra,Sentinel-2 NDVI
2019-12-17,2019-12-24,51.0,2019,P119,17.048761981005992,74.95348443567921,Sangli,normal,statewide,0.22039134800434113,1,64,65,80,Maharashtra,Sentinel-2 NDVI
2019-12-17,2019-12-24,51.0,2019,P120,16.86707144948229,74.39025538161847,Sangli,normal,statewide,0.2521166503429413,1,64,65,80,Maharashtra,Sentinel-2 NDVI
2019-12-17,2019-12-24,51.0,2019,P121,17.048503353144895,74.67157114887826,Sangli,normal,statewide,0.2127983719110489,1,64,65,80,Maharashtra,Sentinel-2 NDVI
2019-12-17,2019-12-24,51.0,2019,P148,17.67852974098626,76.08383979812143,Solapur,normal,statewide,0.33508041501045227,1,64,65,80,Maharashtra,Sentinel-2 NDVI
2019-12-17,2019-12-24,51.0,2019,P149,18.223365003201543,75.4251413905064,Solapur,normal,statewide,0.6692537069320679,1,64,65,80,Maharashtra,Sentinel-2 NDVI
2019-12-17,2019-12-24,51.0,2019,P150,17.952532582518405,75.23562067753285,Solapur,normal,statewide,0.3819116950035095,1,64,65,80,Maharashtra,Sentinel-2 NDVI
2019-12-17,2019-12-24,51.0,2019,P151,18.223690517578447,75.23598186471818,Solapur,normal,statewide,0.3849793076515198,1,64,65,80,Maharashtra,Sentinel-2 NDVI
2019-12-17,2019-12-24,51.0,2019,P152,19.658178867370932,72.94986318203122,Thane,normal,statewide,0.5344129800796509,1,64,65,80,Maharashtra,Sentinel-2 NDVI
2019-12-17,2019-12-24,51.0,2019,P153,19.65706409210757,72.8545320606096,Thane,normal,statewide,0.4958460032939911,1,64,65,80,Maharashtra,Sentinel-2 NDVI
2019-12-17,2019-12-24,51.0,2019,P154,19.477549601897948,72.95214624177059,Thane,normal,statewide,0.28953132033348083,1,64,65,80,Maharashtra,Sentinel-2 NDVI
2019-12-17,2019-12-24,51.0,2019,P155,19.83987385799569,73.0429959666335,Thane,normal,statewide,0.31349682807922363,1,64,65,80,Maharashtra,Sentinel-2 NDVI
2019-12-17,2019-12-24,51.0,2019,P156,20.806749657616468,78.60135461177485,Wardha,normal,statewide,0.522864818572998,1,64,65,80,Maharashtra,Sentinel-2 NDVI
2019-12-17,2019-12-24,51.0,2019,P157,20.71031267913359,78.88671032458906,Wardha,normal,statewide,0.5928342342376709,1,64,65,80,Maharashtra,Sentinel-2 NDVI
2019-12-17,2019-12-24,51.0,2019,P158,21.081265295769754,78.41565980750515,Wardha,normal,statewide,0.4894108176231384,1,64,65,80,Maharashtra,Sentinel-2 NDVI
2019-12-17,2019-12-24,51.0,2019,P159,20.439854822938944,78.87986114537097,Wardha,normal,statewide,0.5340346097946167,1,64,65,80,Maharashtra,Sentinel-2 NDVI
2019-12-17,2019-12-24,51.0,2019,P160,20.289186257444058,77.15404188735265,Washim,normal,statewide,0.34305834770202637,1,64,65,80,Maharashtra,Sentinel-2 NDVI
2019-12-17,2019-12-24,51.0,2019,P161,20.464607292886615,77.53975858757677,Washim,normal,statewide,0.41276857256889343,1,64,65,80,Maharashtra,Sentinel-2 NDVI
2019-12-17,2019-12-24,51.0,2019,P162,20.107393166596125,77.2471479173486,Washim,normal,statewide,0.35558590292930603,1,64,65,80,Maharashtra,Sentinel-2 NDVI
2019-12-17,2019-12-24,51.0,2019,P163,20.198885002010726,77.1527933390577,Washim,normal,statewide,0.24653437733650208,1,64,65,80,Maharashtra,Sentinel-2 NDVI
2019-12-17,2019-12-24,51.0,2019,P164,20.182854533723592,78.20447678161395,Yavatmal,normal,statewide,0.36465322971343994,1,64,65,80,Maharashtra,Sentinel-2 NDVI
2019-12-17,2019-12-24,51.0,2019,P165,19.894658373538324,79.05709703494229,Yavatmal,normal,statewide,0.5754691958427429,1,64,65,80,Maharashtra,Sentinel-2 NDVI
2019-12-17,2019-12-24,51.0,2019,P166,19.468787468327925,77.71426550730338,Yavatmal,normal,statewide,0.660524845123291,1,64,65,80,Maharashtra,Sentinel-2 NDVI
2019-12-17,2019-12-24,51.0,2019,P167,19.559057510053886,77.71577268345945,Yavatmal,normal,statewide,0.2784569263458252,1,64,65,80,Maharashtra,Sentinel-2 NDVI
2019-12-24,2019-12-31,52.0,2019,P005,20.832153156317954,77.06560453615967,Akola,normal,statewide,0.6832181215286255,1,49,65,80,Maharashtra,Sentinel-2 NDVI
2019-12-24,2019-12-31,52.0,2019,P006,20.834360411339407,76.87349308547405,Akola,normal,statewide,0.5669823884963989,1,49,65,80,Maharashtra,Sentinel-2 NDVI
2019-12-24,2019-12-31,52.0,2019,P007,21.014976299509232,76.87574047240498,Akola,normal,statewide,0.45420560240745544,1,49,65,80,Maharashtra,Sentinel-2 NDVI
2019-12-24,2019-12-31,52.0,2019,P008,20.828434266039377,77.35372489162701,Akola,normal,statewide,0.6382429003715515,1,49,65,80,Maharashtra,Sentinel-2 NDVI
2019-12-24,2019-12-31,52.0,2019,P009,21.360971327549258,77.94039543992572,Amravati,normal,statewide,0.4019099473953247,1,49,65,80,Maharashtra,Sentinel-2 NDVI
2019-12-24,2019-12-31,52.0,2019,P010,21.178803672212837,78.03301542790685,Amravati,normal,statewide,0.2968944013118744,1,49,65,80,Maharashtra,Sentinel-2 NDVI
2019-12-24,2019-12-31,52.0,2019,P011,20.814388097721018,78.21764450702477,Amravati,normal,statewide,0.6040956377983093,1,49,65,80,Maharashtra,Sentinel-2 NDVI
2019-12-24,2019-12-31,52.0,2019,P012,21.180502589714195,77.93681032267875,Amravati,normal,statewide,0.1855236142873764,1,49,65,80,Maharashtra,Sentinel-2 NDVI
2019-12-24,2019-12-31,52.0,2019,P017,21.04613203856966,79.85576216552393,Bhandara,normal,statewide,0.36583253741264343,1,49,65,80,Maharashtra,Sentinel-2 NDVI
2019-12-24,2019-12-31,52.0,2019,P018,21.31897105472685,79.76852877161537,Bhandara,normal,statewide,0.3263492286205292,1,49,65,80,Maharashtra,Sentinel-2 NDVI
2019-12-24,2019-12-31,52.0,2019,P019,21.40900922319803,79.77144948280537,Bhandara,normal,statewide,0.47674307227134705,1,49,65,80,Maharashtra,Sentinel-2 NDVI
2019-12-24,2019-12-31,52.0,2019,P020,21.144196588937042,79.57074980349083,Bhandara,normal,statewide,0.4441568851470947,1,49,65,80,Maharashtra,Sentinel-2 NDVI
2019-12-24,2019-12-31,52.0,2019,P021,18.67502288980403,75.52108340877234,Bid,normal,statewide,0.368044912815094,1,49,65,80,Maharashtra,Sentinel-2 NDVI
2019-12-24,2019-12-31,52.0,2019,P025,20.93073496240753,76.20164478885242,Buldana,normal,statewide,0.6813778281211853,1,49,65,80,Maharashtra,Sentinel-2 NDVI
2019-12-24,2019-12-31,52.0,2019,P026,20.838939908121294,76.39311412898633,Buldana,normal,statewide,0.4315403401851654,1,49,65,80,Maharashtra,Sentinel-2 NDVI
2019-12-24,2019-12-31,52.0,2019,P027,20.657476790751314,76.48742857536776,Buldana,normal,statewide,0.495169073343277,1,49,65,80,Maharashtra,Sentinel-2 NDVI
2019-12-24,2019-12-31,52.0,2019,P028,20.47967013624516,76.10222021266374,Buldana,normal,statewide,0.7005208134651184,1,49,65,80,Maharashtra,Sentinel-2 NDVI
2019-12-24,2019-12-31,52.0,2019,P029,20.32317798477448,79.92829390325927,Chandrapur,normal,statewide,0.5745999217033386,1,49,65,80,Maharashtra,Sentinel-2 NDVI
2019-12-24,2019-12-31,52.0,2019,P030,20.60872097983294,79.36304041732026,Chandrapur,normal,statewide,0.2731330990791321,1,49,65,80,Maharashtra,Sentinel-2 NDVI
2019-12-24,2019-12-31,52.0,2019,P031,20.511160307884595,79.64732594588165,Chandrapur,normal,statewide,0.2846015691757202,1,49,65,80,Maharashtra,Sentinel-2 NDVI
2019-12-24,2019-12-31,52.0,2019,P032,20.598621115946884,79.74569817422172,Chandrapur,normal,statewide,0.48593226075172424,1,49,65,80,Maharashtra,Sentinel-2 NDVI
2019-12-24,2019-12-31,52.0,2019,P033,21.38667804512237,75.14422248324037,Dhule,normal,statewide,0.1801566630601883,1,49,65,80,Maharashtra,Sentinel-2 NDVI
2019-12-24,2019-12-31,52.0,2019,P037,19.963056524597132,79.91698116388667,Garhchiroli,normal,statewide,0.5195622444152832,1,49,65,80,Maharashtra,Sentinel-2 NDVI
2019-12-24,2019-12-31,52.0,2019,P038,19.062661462582188,79.88977172925856,Garhchiroli,normal,statewide,0.4900963306427002,1,49,65,80,Maharashtra,Sentinel-2 NDVI
2019-12-24,2019-12-31,52.0,2019,P039,19.510270485428137,79.9981368030594,Garhchiroli,normal,statewide,0.3653530478477478,1,49,65,80,Maharashtra,Sentinel-2 NDVI
2019-12-24,2019-12-31,52.0,2019,P040,19.870365190999156,80.00935144220881,Garhchiroli,normal,statewide,0.41615912318229675,1,49,65,80,Maharashtra,Sentinel-2 NDVI
2019-12-24,2019-12-31,52.0,2019,P041,21.127639946725598,80.1465044724107,Gondiya,normal,statewide,0.32559671998023987,1,49,65,80,Maharashtra,Sentinel-2 NDVI
2019-12-24,2019-12-31,52.0,2019,P042,21.397598383602258,80.15591763473452,Gondiya,normal,statewide,0.6087077260017395,1,49,65,80,Maharashtra,Sentinel-2 NDVI
2019-12-24,2019-12-31,52.0,2019,P043,21.574548890706154,80.25847249986273,Gondiya,normal,statewide,0.3809492886066437,1,49,65,80,Maharashtra,Sentinel-2 NDVI
2019-12-24,2019-12-31,52.0,2019,P044,21.211649410572516,80.34153217518526,Gondiya,normal,statewide,0.45443350076675415,1,49,65,80,Maharashtra,Sentinel-2 NDVI
2019-12-24,2019-12-31,52.0,2019,P046,19.566758377573187,77.1442675378435,Hingoli,normal,statewide,0.48267897963523865,1,49,65,80,Maharashtra,Sentinel-2 NDVI
2019-12-24,2019-12-31,52.0,2019,P048,19.927981235710728,77.14910120338544,Hingoli,normal,statewide,0.37834224104881287,1,49,65,80,Maharashtra,Sentinel-2 NDVI
2019-12-24,2019-12-31,52.0,2019,P053,19.486369703781666,76.00005328932718,Jalna,normal,statewide,0.2073141634464264,1,49,65,80,Maharashtra,Sentinel-2 NDVI
2019-12-24,2019-12-31,52.0,2019,P054,20.028502750758555,76.00343774702675,Jalna,normal,statewide,0.3658043444156647,1,49,65,80,Maharashtra,Sentinel-2 NDVI
2019-12-24,2019-12-31,52.0,2019,P055,19.75743845682064,76.00172991132328,Jalna,normal,statewide,0.4989582598209381,1,49,65,80,Maharashtra,Sentinel-2 NDVI
2019-12-24,2019-12-31,52.0,2019,P056,19.57768317515413,75.80993951591351,Jalna,normal,statewide,0.40674155950546265,1,49,65,80,Maharashtra,Sentinel-2 NDVI
2019-12-24,2019-12-31,52.0,2019,P086,21.054127206758487,79.56798961993874,Nagpur,normal,statewide,0.22499050199985504,1,49,65,80,Maharashtra,Sentinel-2 NDVI
2019-12-24,2019-12-31,52.0,2019,P087,21.146765031143822,79.47473643960802,Nagpur,normal,statewide,0.7494345903396606,1,49,65,80,Maharashtra,Sentinel-2 NDVI
2019-12-24,2019-12-31,52.0,2019,P088,21.347803602138427,78.61442869606356,Nagpur,normal,statewide,0.7948048710823059,1,49,65,80,Maharashtra,Sentinel-2 NDVI
2019-12-24,2019-12-31,52.0,2019,P089,21.165377318940912,78.70615240473293,Nagpur,normal,statewide,0.28802359104156494,1,49,65,80,Maharashtra,Sentinel-2 NDVI
2019-12-24,2019-12-31,52.0,2019,P092,19.736596618496833,77.90946265591798,Nanded,normal,statewide,0.47120410203933716,1,49,65,80,Maharashtra,Sentinel-2 NDVI
2019-12-24,2019-12-31,52.0,2019,P094,21.564917232430716,74.08292967791392,Nandurbar,normal,statewide,0.35628047585487366,1,49,65,80,Maharashtra,Sentinel-2 NDVI
2019-12-24,2019-12-31,52.0,2019,P096,21.385179787168415,74.27697637845674,Nandurbar,normal,statewide,0.19420289993286133,1,49,65,80,Maharashtra,Sentinel-2 NDVI
2019-12-24,2019-12-31,52.0,2019,P098,20.299553667393326,73.99482675929994,Nashik,normal,statewide,0.25584256649017334,1,49,65,80,Maharashtra,Sentinel-2 NDVI
2019-12-24,2019-12-31,52.0,2019,P099,20.120253214034264,74.28296495117151,Nashik,normal,statewide,0.25196555256843567,1,49,65,80,Maharashtra,Sentinel-2 NDVI
2019-12-24,2019-12-31,52.0,2019,P100,20.389903972938242,73.99424261706194,Nashik,normal,statewide,0.17517241835594177,1,49,65,80,Maharashtra,Sentinel-2 NDVI
2019-12-24,2019-12-31,52.0,2019,P107,19.120950831552832,76.56820519095093,Parbhani,normal,statewide,0.36836516857147217,1,49,65,80,Maharashtra,Sentinel-2 NDVI
2019-12-24,2019-12-31,52.0,2019,P109,19.212081479782103,76.47396209018636,Parbhani,normal,statewide,0.3702588677406311,1,49,65,80,Maharashtra,Sentinel-2 NDVI
2019-12-24,2019-12-31,52.0,2019,P115,18.665689991299164,73.05687714821288,Raigarh,normal,statewide,0.020134227350354195,1,49,65,80,Maharashtra,Sentinel-2 NDVI
2019-12-24,2019-12-31,52.0,2019,P116,18.306197264370358,73.25009891506079,Raigarh,normal,statewide,0.42500001192092896,1,49,65,80,Maharashtra,Sentinel-2 NDVI
2019-12-24,2019-12-31,52.0,2019,P117,18.21404102289879,73.06194714611064,Raigarh,normal,statewide,0.17139001190662384,1,49,65,80,Maharashtra,Sentinel-2 NDVI
2019-12-24,2019-12-31,52.0,2019,P156,20.806749657616468,78.60135461177485,Wardha,normal,statewide,0.44975659251213074,1,49,65,80,Maharashtra,Sentinel-2 NDVI
2019-12-24,2019-12-31,52.0,2019,P157,20.71031267913359,78.88671032458906,Wardha,normal,statewide,0.4604346752166748,1,49,65,80,Maharashtra,Sentinel-2 NDVI
2019-12-24,2019-12-31,52.0,2019,P158,21.081265295769754,78.41565980750515,Wardha,normal,statewide,0.5625611543655396,1,49,65,80,Maharashtra,Sentinel-2 NDVI
2019-12-24,2019-12-31,52.0,2019,P159,20.439854822938944,78.87986114537097,Wardha,normal,statewide,0.315614253282547,1,49,65,80,Maharashtra,Sentinel-2 NDVI
2019-12-24,2019-12-31,52.0,2019,P160,20.289186257444058,77.15404188735265,Washim,normal,statewide,0.48575130105018616,1,49,65,80,Maharashtra,Sentinel-2 NDVI
2019-12-24,2019-12-31,52.0,2019,P161,20.464607292886615,77.53975858757677,Washim,normal,statewide,0.5646349787712097,1,49,65,80,Maharashtra,Sentinel-2 NDVI
2019-12-24,2019-12-31,52.0,2019,P162,20.107393166596125,77.2471479173486,Washim,normal,statewide,0.3875083923339844,1,49,65,80,Maharashtra,Sentinel-2 NDVI
2019-12-24,2019-12-31,52.0,2019,P163,20.198885002010726,77.1527933390577,Washim,normal,statewide,0.28716418147087097,1,49,65,80,Maharashtra,Sentinel-2 NDVI
2019-12-24,2019-12-31,52.0,2019,P164,20.182854533723592,78.20447678161395,Yavatmal,normal,statewide,0.3586563467979431,1,49,65,80,Maharashtra,Sentinel-2 NDVI
2019-12-24,2019-12-31,52.0,2019,P165,19.894658373538324,79.05709703494229,Yavatmal,normal,statewide,0.4080338180065155,1,49,65,80,Maharashtra,Sentinel-2 NDVI
2019-12-24,2019-12-31,52.0,2019,P166,19.468787468327925,77.71426550730338,Yavatmal,normal,statewide,0.6190752983093262,1,49,65,80,Maharashtra,Sentinel-2 NDVI
2019-12-24,2019-12-31,52.0,2019,P167,19.559057510053886,77.71577268345945,Yavatmal,normal,statewide,0.3253493010997772,1,49,65,80,Maharashtra,Sentinel-2 NDVI
